<?xml version="1.0" encoding="UTF-8"?>
<gpx xmlns:xsi="http://www.w3.org/2001/XMLSchema-instance" version="1.1" creator="The Outbound Collective, Inc. 1.1.1 -- https://www.theoutbound.com" xsi:schemaLocation="http://www.topografix.com/GPX/1/1 http://www.topografix.com/GPX/1/1/gpx.xsd">
  <metadata>
    <name/>
    <time>2026-02-19T21:53:04+00:00</time>
    <bound minlat="37.74354" minlon="-119.533156384552" maxlat="37.82582" maxlon="-119.45775"/>
  </metadata>
  <trk>
    <name/>
    <trkseg>
      <trkpt lat="37.8256668690951" lon="-119.469923973084">
        <ele>2484.0</ele>
      </trkpt>
      <trkpt lat="37.8257" lon="-119.46988">
        <ele>2487.0</ele>
      </trkpt>
      <trkpt lat="37.8257" lon="-119.46988">
        <ele>2487.0</ele>
      </trkpt>
      <trkpt lat="37.82582" lon="-119.46937">
        <ele>2486.0</ele>
      </trkpt>
      <trkpt lat="37.8258066188324" lon="-119.469280792216">
        <ele>2486.0</ele>
      </trkpt>
      <trkpt lat="37.8258066188324" lon="-119.469280792216">
        <ele>2486.0</ele>
      </trkpt>
      <trkpt lat="37.82579" lon="-119.46917">
        <ele>2486.0</ele>
      </trkpt>
      <trkpt lat="37.82569" lon="-119.46894">
        <ele>2485.0</ele>
      </trkpt>
      <trkpt lat="37.82569" lon="-119.46894">
        <ele>2485.0</ele>
      </trkpt>
      <trkpt lat="37.82572" lon="-119.46868">
        <ele>2484.0</ele>
      </trkpt>
      <trkpt lat="37.8256196969826" lon="-119.468404166702">
        <ele>2481.0</ele>
      </trkpt>
      <trkpt lat="37.8256196969826" lon="-119.468404166702">
        <ele>2481.0</ele>
      </trkpt>
      <trkpt lat="37.8254" lon="-119.4678">
        <ele>2485.0</ele>
      </trkpt>
      <trkpt lat="37.8254" lon="-119.4678">
        <ele>2485.0</ele>
      </trkpt>
      <trkpt lat="37.8254" lon="-119.4678">
        <ele>2485.0</ele>
      </trkpt>
      <trkpt lat="37.82525" lon="-119.46782">
        <ele>2485.0</ele>
      </trkpt>
      <trkpt lat="37.82502" lon="-119.46784">
        <ele>2492.0</ele>
      </trkpt>
      <trkpt lat="37.82476" lon="-119.46796">
        <ele>2494.0</ele>
      </trkpt>
      <trkpt lat="37.8244193995883" lon="-119.468006027083">
        <ele>2493.0</ele>
      </trkpt>
      <trkpt lat="37.8244193995883" lon="-119.468006027083">
        <ele>2493.0</ele>
      </trkpt>
      <trkpt lat="37.82439" lon="-119.46801">
        <ele>2493.0</ele>
      </trkpt>
      <trkpt lat="37.82439" lon="-119.46801">
        <ele>2493.0</ele>
      </trkpt>
      <trkpt lat="37.82439" lon="-119.46801">
        <ele>2493.0</ele>
      </trkpt>
      <trkpt lat="37.82403" lon="-119.46823">
        <ele>2492.0</ele>
      </trkpt>
      <trkpt lat="37.82384" lon="-119.4684">
        <ele>2491.0</ele>
      </trkpt>
      <trkpt lat="37.82371" lon="-119.46864">
        <ele>2487.0</ele>
      </trkpt>
      <trkpt lat="37.82343" lon="-119.46887">
        <ele>2487.0</ele>
      </trkpt>
      <trkpt lat="37.82321" lon="-119.46911">
        <ele>2486.0</ele>
      </trkpt>
      <trkpt lat="37.82305" lon="-119.46921">
        <ele>2486.0</ele>
      </trkpt>
      <trkpt lat="37.8228" lon="-119.46928">
        <ele>2491.0</ele>
      </trkpt>
      <trkpt lat="37.8228" lon="-119.46928">
        <ele>2491.0</ele>
      </trkpt>
      <trkpt lat="37.8226" lon="-119.46941">
        <ele>2492.0</ele>
      </trkpt>
      <trkpt lat="37.82238" lon="-119.46972">
        <ele>2490.0</ele>
      </trkpt>
      <trkpt lat="37.82209" lon="-119.46996">
        <ele>2488.0</ele>
      </trkpt>
      <trkpt lat="37.82178" lon="-119.4701">
        <ele>2491.0</ele>
      </trkpt>
      <trkpt lat="37.82149" lon="-119.47007">
        <ele>2491.0</ele>
      </trkpt>
      <trkpt lat="37.82099" lon="-119.47015">
        <ele>2482.0</ele>
      </trkpt>
      <trkpt lat="37.82075" lon="-119.47015">
        <ele>2483.0</ele>
      </trkpt>
      <trkpt lat="37.82052" lon="-119.46999">
        <ele>2483.0</ele>
      </trkpt>
      <trkpt lat="37.82042" lon="-119.46972">
        <ele>2485.0</ele>
      </trkpt>
      <trkpt lat="37.82015" lon="-119.46948">
        <ele>2489.0</ele>
      </trkpt>
      <trkpt lat="37.81979" lon="-119.46922">
        <ele>2485.0</ele>
      </trkpt>
      <trkpt lat="37.81953" lon="-119.46885">
        <ele>2486.0</ele>
      </trkpt>
      <trkpt lat="37.81917" lon="-119.46859">
        <ele>2493.0</ele>
      </trkpt>
      <trkpt lat="37.81883" lon="-119.46844">
        <ele>2500.0</ele>
      </trkpt>
      <trkpt lat="37.81852" lon="-119.46837">
        <ele>2498.0</ele>
      </trkpt>
      <trkpt lat="37.81784" lon="-119.46802">
        <ele>2503.0</ele>
      </trkpt>
      <trkpt lat="37.81757" lon="-119.46794">
        <ele>2498.0</ele>
      </trkpt>
      <trkpt lat="37.81733" lon="-119.46774">
        <ele>2497.0</ele>
      </trkpt>
      <trkpt lat="37.81708" lon="-119.46739">
        <ele>2496.0</ele>
      </trkpt>
      <trkpt lat="37.81697" lon="-119.46734">
        <ele>2495.0</ele>
      </trkpt>
      <trkpt lat="37.81692" lon="-119.46725">
        <ele>2495.0</ele>
      </trkpt>
      <trkpt lat="37.81691" lon="-119.4671">
        <ele>2495.0</ele>
      </trkpt>
      <trkpt lat="37.81694" lon="-119.46698">
        <ele>2489.0</ele>
      </trkpt>
      <trkpt lat="37.81693" lon="-119.46681">
        <ele>2489.0</ele>
      </trkpt>
      <trkpt lat="37.8167" lon="-119.46654">
        <ele>2483.0</ele>
      </trkpt>
      <trkpt lat="37.81641" lon="-119.46602">
        <ele>2482.0</ele>
      </trkpt>
      <trkpt lat="37.81621" lon="-119.46587">
        <ele>2488.0</ele>
      </trkpt>
      <trkpt lat="37.81571" lon="-119.46576">
        <ele>2490.0</ele>
      </trkpt>
      <trkpt lat="37.81539" lon="-119.46584">
        <ele>2491.0</ele>
      </trkpt>
      <trkpt lat="37.81522" lon="-119.46584">
        <ele>2491.0</ele>
      </trkpt>
      <trkpt lat="37.81509" lon="-119.46578">
        <ele>2497.0</ele>
      </trkpt>
      <trkpt lat="37.81506" lon="-119.46569">
        <ele>2498.0</ele>
      </trkpt>
      <trkpt lat="37.8151" lon="-119.46559">
        <ele>2498.0</ele>
      </trkpt>
      <trkpt lat="37.81508" lon="-119.46547">
        <ele>2498.0</ele>
      </trkpt>
      <trkpt lat="37.81493" lon="-119.46533">
        <ele>2502.0</ele>
      </trkpt>
      <trkpt lat="37.81493" lon="-119.46533">
        <ele>2502.0</ele>
      </trkpt>
      <trkpt lat="37.81465" lon="-119.46521">
        <ele>2501.0</ele>
      </trkpt>
      <trkpt lat="37.81421" lon="-119.4652">
        <ele>2501.0</ele>
      </trkpt>
      <trkpt lat="37.81398" lon="-119.46507">
        <ele>2499.0</ele>
      </trkpt>
      <trkpt lat="37.81386" lon="-119.46491">
        <ele>2499.0</ele>
      </trkpt>
      <trkpt lat="37.81364" lon="-119.4647">
        <ele>2498.0</ele>
      </trkpt>
      <trkpt lat="37.8135285673525" lon="-119.464629088315">
        <ele>2498.0</ele>
      </trkpt>
      <trkpt lat="37.8135285673525" lon="-119.464629088315">
        <ele>2498.0</ele>
      </trkpt>
      <trkpt lat="37.81342" lon="-119.46456">
        <ele>2498.0</ele>
      </trkpt>
      <trkpt lat="37.81314" lon="-119.46452">
        <ele>2501.0</ele>
      </trkpt>
      <trkpt lat="37.81293" lon="-119.46443">
        <ele>2501.0</ele>
      </trkpt>
      <trkpt lat="37.8128" lon="-119.46425">
        <ele>2500.0</ele>
      </trkpt>
      <trkpt lat="37.81257" lon="-119.46409">
        <ele>2496.0</ele>
      </trkpt>
      <trkpt lat="37.81209" lon="-119.46385">
        <ele>2496.0</ele>
      </trkpt>
      <trkpt lat="37.81168" lon="-119.46339">
        <ele>2499.0</ele>
      </trkpt>
      <trkpt lat="37.81145" lon="-119.46318">
        <ele>2501.0</ele>
      </trkpt>
      <trkpt lat="37.8113" lon="-119.46296">
        <ele>2501.0</ele>
      </trkpt>
      <trkpt lat="37.81104" lon="-119.46286">
        <ele>2500.0</ele>
      </trkpt>
      <trkpt lat="37.81058" lon="-119.46257">
        <ele>2505.0</ele>
      </trkpt>
      <trkpt lat="37.81005" lon="-119.46246">
        <ele>2511.0</ele>
      </trkpt>
      <trkpt lat="37.80927" lon="-119.46209">
        <ele>2528.0</ele>
      </trkpt>
      <trkpt lat="37.80898" lon="-119.46211">
        <ele>2529.0</ele>
      </trkpt>
      <trkpt lat="37.8083" lon="-119.46199">
        <ele>2546.0</ele>
      </trkpt>
      <trkpt lat="37.80811" lon="-119.46213">
        <ele>2544.0</ele>
      </trkpt>
      <trkpt lat="37.80785" lon="-119.46204">
        <ele>2549.0</ele>
      </trkpt>
      <trkpt lat="37.80743" lon="-119.46208">
        <ele>2547.0</ele>
      </trkpt>
      <trkpt lat="37.80731" lon="-119.46197">
        <ele>2548.0</ele>
      </trkpt>
      <trkpt lat="37.80723" lon="-119.46186">
        <ele>2548.0</ele>
      </trkpt>
      <trkpt lat="37.80715" lon="-119.46183">
        <ele>2548.0</ele>
      </trkpt>
      <trkpt lat="37.80681" lon="-119.46198">
        <ele>2553.0</ele>
      </trkpt>
      <trkpt lat="37.8065" lon="-119.46207">
        <ele>2564.0</ele>
      </trkpt>
      <trkpt lat="37.80633" lon="-119.46207">
        <ele>2564.0</ele>
      </trkpt>
      <trkpt lat="37.80614" lon="-119.46173">
        <ele>2574.0</ele>
      </trkpt>
      <trkpt lat="37.80611" lon="-119.46159">
        <ele>2574.0</ele>
      </trkpt>
      <trkpt lat="37.80594" lon="-119.46157">
        <ele>2582.0</ele>
      </trkpt>
      <trkpt lat="37.80586" lon="-119.46153">
        <ele>2582.0</ele>
      </trkpt>
      <trkpt lat="37.80592" lon="-119.46137">
        <ele>2588.0</ele>
      </trkpt>
      <trkpt lat="37.80588" lon="-119.46127">
        <ele>2588.0</ele>
      </trkpt>
      <trkpt lat="37.80595" lon="-119.46112">
        <ele>2596.0</ele>
      </trkpt>
      <trkpt lat="37.80593" lon="-119.46102">
        <ele>2596.0</ele>
      </trkpt>
      <trkpt lat="37.80582" lon="-119.46099">
        <ele>2596.0</ele>
      </trkpt>
      <trkpt lat="37.8058" lon="-119.46095">
        <ele>2605.0</ele>
      </trkpt>
      <trkpt lat="37.80584" lon="-119.46082">
        <ele>2605.0</ele>
      </trkpt>
      <trkpt lat="37.80581" lon="-119.46076">
        <ele>2605.0</ele>
      </trkpt>
      <trkpt lat="37.80571" lon="-119.46074">
        <ele>2605.0</ele>
      </trkpt>
      <trkpt lat="37.80567" lon="-119.46064">
        <ele>2627.0</ele>
      </trkpt>
      <trkpt lat="37.80572" lon="-119.46048">
        <ele>2613.0</ele>
      </trkpt>
      <trkpt lat="37.80585" lon="-119.46026">
        <ele>2621.0</ele>
      </trkpt>
      <trkpt lat="37.80587" lon="-119.46013">
        <ele>2630.0</ele>
      </trkpt>
      <trkpt lat="37.80585" lon="-119.45997">
        <ele>2630.0</ele>
      </trkpt>
      <trkpt lat="37.80595" lon="-119.45964">
        <ele>2638.0</ele>
      </trkpt>
      <trkpt lat="37.80592" lon="-119.45955">
        <ele>2649.0</ele>
      </trkpt>
      <trkpt lat="37.80576" lon="-119.45953">
        <ele>2649.0</ele>
      </trkpt>
      <trkpt lat="37.80544" lon="-119.45969">
        <ele>2650.0</ele>
      </trkpt>
      <trkpt lat="37.80544" lon="-119.45969">
        <ele>2650.0</ele>
      </trkpt>
      <trkpt lat="37.80525" lon="-119.4599">
        <ele>2657.0</ele>
      </trkpt>
      <trkpt lat="37.80485" lon="-119.46023">
        <ele>2666.0</ele>
      </trkpt>
      <trkpt lat="37.80465" lon="-119.46034">
        <ele>2666.0</ele>
      </trkpt>
      <trkpt lat="37.80444" lon="-119.46037">
        <ele>2678.0</ele>
      </trkpt>
      <trkpt lat="37.80439" lon="-119.46033">
        <ele>2678.0</ele>
      </trkpt>
      <trkpt lat="37.80435" lon="-119.46022">
        <ele>2678.0</ele>
      </trkpt>
      <trkpt lat="37.80434" lon="-119.45995">
        <ele>2685.0</ele>
      </trkpt>
      <trkpt lat="37.80429" lon="-119.45983">
        <ele>2702.0</ele>
      </trkpt>
      <trkpt lat="37.80423" lon="-119.4598">
        <ele>2702.0</ele>
      </trkpt>
      <trkpt lat="37.80397" lon="-119.4598">
        <ele>2714.0</ele>
      </trkpt>
      <trkpt lat="37.8039" lon="-119.45976">
        <ele>2714.0</ele>
      </trkpt>
      <trkpt lat="37.80382" lon="-119.45952">
        <ele>2719.0</ele>
      </trkpt>
      <trkpt lat="37.8037" lon="-119.45937">
        <ele>2734.0</ele>
      </trkpt>
      <trkpt lat="37.80364" lon="-119.45935">
        <ele>2734.0</ele>
      </trkpt>
      <trkpt lat="37.80356" lon="-119.45936">
        <ele>2734.0</ele>
      </trkpt>
      <trkpt lat="37.80335" lon="-119.45944">
        <ele>2749.0</ele>
      </trkpt>
      <trkpt lat="37.80325" lon="-119.45941">
        <ele>2749.0</ele>
      </trkpt>
      <trkpt lat="37.80305" lon="-119.45929">
        <ele>2758.0</ele>
      </trkpt>
      <trkpt lat="37.80288" lon="-119.45934">
        <ele>2766.0</ele>
      </trkpt>
      <trkpt lat="37.80248" lon="-119.45909">
        <ele>2774.0</ele>
      </trkpt>
      <trkpt lat="37.80224" lon="-119.45908">
        <ele>2783.0</ele>
      </trkpt>
      <trkpt lat="37.80213" lon="-119.45904">
        <ele>2783.0</ele>
      </trkpt>
      <trkpt lat="37.80209" lon="-119.45894">
        <ele>2783.0</ele>
      </trkpt>
      <trkpt lat="37.80213" lon="-119.45862">
        <ele>2787.0</ele>
      </trkpt>
      <trkpt lat="37.80209" lon="-119.45849">
        <ele>2787.0</ele>
      </trkpt>
      <trkpt lat="37.80202" lon="-119.45847">
        <ele>2794.0</ele>
      </trkpt>
      <trkpt lat="37.80169" lon="-119.45855">
        <ele>2799.0</ele>
      </trkpt>
      <trkpt lat="37.80141" lon="-119.45858">
        <ele>2808.0</ele>
      </trkpt>
      <trkpt lat="37.80126" lon="-119.45848">
        <ele>2808.0</ele>
      </trkpt>
      <trkpt lat="37.80075" lon="-119.45854">
        <ele>2807.0</ele>
      </trkpt>
      <trkpt lat="37.80075" lon="-119.45854">
        <ele>2807.0</ele>
      </trkpt>
      <trkpt lat="37.8006" lon="-119.45842">
        <ele>2801.0</ele>
      </trkpt>
      <trkpt lat="37.80052" lon="-119.45831">
        <ele>2801.0</ele>
      </trkpt>
      <trkpt lat="37.80042" lon="-119.45823">
        <ele>2801.0</ele>
      </trkpt>
      <trkpt lat="37.80036" lon="-119.45808">
        <ele>2797.0</ele>
      </trkpt>
      <trkpt lat="37.80037" lon="-119.45775">
        <ele>2795.0</ele>
      </trkpt>
      <trkpt lat="37.80025" lon="-119.45775">
        <ele>2795.0</ele>
      </trkpt>
      <trkpt lat="37.79991" lon="-119.45812">
        <ele>2790.0</ele>
      </trkpt>
      <trkpt lat="37.79959" lon="-119.4582">
        <ele>2783.0</ele>
      </trkpt>
      <trkpt lat="37.7994739916919" lon="-119.45818877339">
        <ele>2773.0</ele>
      </trkpt>
      <trkpt lat="37.7994739916919" lon="-119.45818877339">
        <ele>2773.0</ele>
      </trkpt>
      <trkpt lat="37.79928" lon="-119.45817">
        <ele>2769.0</ele>
      </trkpt>
      <trkpt lat="37.79868" lon="-119.45802">
        <ele>2759.0</ele>
      </trkpt>
      <trkpt lat="37.7982" lon="-119.45802">
        <ele>2750.0</ele>
      </trkpt>
      <trkpt lat="37.79796" lon="-119.45792">
        <ele>2743.0</ele>
      </trkpt>
      <trkpt lat="37.79763" lon="-119.45796">
        <ele>2733.0</ele>
      </trkpt>
      <trkpt lat="37.79748" lon="-119.45794">
        <ele>2733.0</ele>
      </trkpt>
      <trkpt lat="37.79729" lon="-119.45821">
        <ele>2724.0</ele>
      </trkpt>
      <trkpt lat="37.79721" lon="-119.45825">
        <ele>2724.0</ele>
      </trkpt>
      <trkpt lat="37.79717" lon="-119.45822">
        <ele>2724.0</ele>
      </trkpt>
      <trkpt lat="37.797" lon="-119.45824">
        <ele>2720.0</ele>
      </trkpt>
      <trkpt lat="37.79618" lon="-119.45864">
        <ele>2712.0</ele>
      </trkpt>
      <trkpt lat="37.79588" lon="-119.45884">
        <ele>2710.0</ele>
      </trkpt>
      <trkpt lat="37.79563" lon="-119.45893">
        <ele>2707.0</ele>
      </trkpt>
      <trkpt lat="37.79533" lon="-119.45889">
        <ele>2706.0</ele>
      </trkpt>
      <trkpt lat="37.7952" lon="-119.45901">
        <ele>2706.0</ele>
      </trkpt>
      <trkpt lat="37.79505" lon="-119.45919">
        <ele>2703.0</ele>
      </trkpt>
      <trkpt lat="37.7949" lon="-119.45925">
        <ele>2703.0</ele>
      </trkpt>
      <trkpt lat="37.79451" lon="-119.45897">
        <ele>2714.0</ele>
      </trkpt>
      <trkpt lat="37.79441" lon="-119.45886">
        <ele>2714.0</ele>
      </trkpt>
      <trkpt lat="37.79437" lon="-119.45874">
        <ele>2713.0</ele>
      </trkpt>
      <trkpt lat="37.7943" lon="-119.45864">
        <ele>2717.0</ele>
      </trkpt>
      <trkpt lat="37.79411" lon="-119.45849">
        <ele>2717.0</ele>
      </trkpt>
      <trkpt lat="37.794" lon="-119.45828">
        <ele>2718.0</ele>
      </trkpt>
      <trkpt lat="37.79374" lon="-119.45832">
        <ele>2725.0</ele>
      </trkpt>
      <trkpt lat="37.79364" lon="-119.45822">
        <ele>2725.0</ele>
      </trkpt>
      <trkpt lat="37.79344" lon="-119.45814">
        <ele>2734.0</ele>
      </trkpt>
      <trkpt lat="37.79339" lon="-119.45818">
        <ele>2734.0</ele>
      </trkpt>
      <trkpt lat="37.79321" lon="-119.45843">
        <ele>2734.0</ele>
      </trkpt>
      <trkpt lat="37.79302" lon="-119.4586">
        <ele>2733.0</ele>
      </trkpt>
      <trkpt lat="37.79288" lon="-119.45866">
        <ele>2735.0</ele>
      </trkpt>
      <trkpt lat="37.79256" lon="-119.45863">
        <ele>2739.0</ele>
      </trkpt>
      <trkpt lat="37.79227" lon="-119.4588">
        <ele>2736.0</ele>
      </trkpt>
      <trkpt lat="37.79202" lon="-119.45902">
        <ele>2739.0</ele>
      </trkpt>
      <trkpt lat="37.79155" lon="-119.45962">
        <ele>2730.0</ele>
      </trkpt>
      <trkpt lat="37.79143" lon="-119.45973">
        <ele>2729.0</ele>
      </trkpt>
      <trkpt lat="37.79098" lon="-119.45996">
        <ele>2724.0</ele>
      </trkpt>
      <trkpt lat="37.79085" lon="-119.4601">
        <ele>2727.0</ele>
      </trkpt>
      <trkpt lat="37.79063" lon="-119.46044">
        <ele>2714.0</ele>
      </trkpt>
      <trkpt lat="37.79052" lon="-119.46052">
        <ele>2714.0</ele>
      </trkpt>
      <trkpt lat="37.78987" lon="-119.46082">
        <ele>2715.0</ele>
      </trkpt>
      <trkpt lat="37.7895" lon="-119.46095">
        <ele>2724.0</ele>
      </trkpt>
      <trkpt lat="37.78921" lon="-119.46111">
        <ele>2721.0</ele>
      </trkpt>
      <trkpt lat="37.78854" lon="-119.4613">
        <ele>2724.0</ele>
      </trkpt>
      <trkpt lat="37.7883" lon="-119.46141">
        <ele>2726.0</ele>
      </trkpt>
      <trkpt lat="37.78808" lon="-119.46155">
        <ele>2724.0</ele>
      </trkpt>
      <trkpt lat="37.78808" lon="-119.46155">
        <ele>2724.0</ele>
      </trkpt>
      <trkpt lat="37.78742" lon="-119.46193">
        <ele>2724.0</ele>
      </trkpt>
      <trkpt lat="37.78722" lon="-119.46211">
        <ele>2722.0</ele>
      </trkpt>
      <trkpt lat="37.78681" lon="-119.46236">
        <ele>2720.0</ele>
      </trkpt>
      <trkpt lat="37.78666" lon="-119.46238">
        <ele>2720.0</ele>
      </trkpt>
      <trkpt lat="37.78642" lon="-119.46235">
        <ele>2723.0</ele>
      </trkpt>
      <trkpt lat="37.7863" lon="-119.46236">
        <ele>2723.0</ele>
      </trkpt>
      <trkpt lat="37.78502" lon="-119.46259">
        <ele>2710.0</ele>
      </trkpt>
      <trkpt lat="37.7847" lon="-119.4625">
        <ele>2708.0</ele>
      </trkpt>
      <trkpt lat="37.78455" lon="-119.46252">
        <ele>2707.0</ele>
      </trkpt>
      <trkpt lat="37.78409" lon="-119.46291">
        <ele>2701.0</ele>
      </trkpt>
      <trkpt lat="37.78369" lon="-119.46335">
        <ele>2701.0</ele>
      </trkpt>
      <trkpt lat="37.78353" lon="-119.46366">
        <ele>2701.0</ele>
      </trkpt>
      <trkpt lat="37.78355" lon="-119.46409">
        <ele>2699.0</ele>
      </trkpt>
      <trkpt lat="37.78329" lon="-119.46441">
        <ele>2699.0</ele>
      </trkpt>
      <trkpt lat="37.78292" lon="-119.46474">
        <ele>2699.0</ele>
      </trkpt>
      <trkpt lat="37.78275" lon="-119.46483">
        <ele>2702.0</ele>
      </trkpt>
      <trkpt lat="37.78245" lon="-119.46507">
        <ele>2709.0</ele>
      </trkpt>
      <trkpt lat="37.78225" lon="-119.46515">
        <ele>2724.0</ele>
      </trkpt>
      <trkpt lat="37.78211" lon="-119.46513">
        <ele>2718.0</ele>
      </trkpt>
      <trkpt lat="37.782" lon="-119.46516">
        <ele>2730.0</ele>
      </trkpt>
      <trkpt lat="37.78188" lon="-119.46525">
        <ele>2730.0</ele>
      </trkpt>
      <trkpt lat="37.78163" lon="-119.46533">
        <ele>2732.0</ele>
      </trkpt>
      <trkpt lat="37.78163" lon="-119.46533">
        <ele>2732.0</ele>
      </trkpt>
      <trkpt lat="37.78152" lon="-119.46541">
        <ele>2733.0</ele>
      </trkpt>
      <trkpt lat="37.78142" lon="-119.46551">
        <ele>2738.0</ele>
      </trkpt>
      <trkpt lat="37.7812" lon="-119.46584">
        <ele>2743.0</ele>
      </trkpt>
      <trkpt lat="37.78083" lon="-119.46608">
        <ele>2744.0</ele>
      </trkpt>
      <trkpt lat="37.78048" lon="-119.4662">
        <ele>2742.0</ele>
      </trkpt>
      <trkpt lat="37.78016" lon="-119.46645">
        <ele>2748.0</ele>
      </trkpt>
      <trkpt lat="37.77952" lon="-119.46702">
        <ele>2753.0</ele>
      </trkpt>
      <trkpt lat="37.77901" lon="-119.46762">
        <ele>2763.0</ele>
      </trkpt>
      <trkpt lat="37.77868" lon="-119.46811">
        <ele>2768.0</ele>
      </trkpt>
      <trkpt lat="37.77849" lon="-119.46834">
        <ele>2771.0</ele>
      </trkpt>
      <trkpt lat="37.77831" lon="-119.4685">
        <ele>2772.0</ele>
      </trkpt>
      <trkpt lat="37.77806" lon="-119.46868">
        <ele>2772.0</ele>
      </trkpt>
      <trkpt lat="37.77783" lon="-119.4689">
        <ele>2774.0</ele>
      </trkpt>
      <trkpt lat="37.77725" lon="-119.46922">
        <ele>2778.0</ele>
      </trkpt>
      <trkpt lat="37.77725" lon="-119.46922">
        <ele>2778.0</ele>
      </trkpt>
      <trkpt lat="37.77703" lon="-119.46953">
        <ele>2786.0</ele>
      </trkpt>
      <trkpt lat="37.77668" lon="-119.46982">
        <ele>2790.0</ele>
      </trkpt>
      <trkpt lat="37.77663" lon="-119.46989">
        <ele>2791.0</ele>
      </trkpt>
      <trkpt lat="37.77638" lon="-119.47034">
        <ele>2792.0</ele>
      </trkpt>
      <trkpt lat="37.77616" lon="-119.47083">
        <ele>2800.0</ele>
      </trkpt>
      <trkpt lat="37.77604" lon="-119.47119">
        <ele>2803.0</ele>
      </trkpt>
      <trkpt lat="37.776" lon="-119.47172">
        <ele>2801.0</ele>
      </trkpt>
      <trkpt lat="37.77595" lon="-119.47203">
        <ele>2809.0</ele>
      </trkpt>
      <trkpt lat="37.7758" lon="-119.4724">
        <ele>2815.0</ele>
      </trkpt>
      <trkpt lat="37.77569" lon="-119.47286">
        <ele>2811.0</ele>
      </trkpt>
      <trkpt lat="37.77552" lon="-119.47331">
        <ele>2818.0</ele>
      </trkpt>
      <trkpt lat="37.77548" lon="-119.47349">
        <ele>2822.0</ele>
      </trkpt>
      <trkpt lat="37.77544" lon="-119.47403">
        <ele>2826.0</ele>
      </trkpt>
      <trkpt lat="37.77549" lon="-119.47432">
        <ele>2826.0</ele>
      </trkpt>
      <trkpt lat="37.77568" lon="-119.47478">
        <ele>2829.0</ele>
      </trkpt>
      <trkpt lat="37.77575" lon="-119.47483">
        <ele>2832.0</ele>
      </trkpt>
      <trkpt lat="37.776" lon="-119.47484">
        <ele>2838.0</ele>
      </trkpt>
      <trkpt lat="37.77607" lon="-119.47491">
        <ele>2840.0</ele>
      </trkpt>
      <trkpt lat="37.77616" lon="-119.47503">
        <ele>2840.0</ele>
      </trkpt>
      <trkpt lat="37.77627" lon="-119.47529">
        <ele>2851.0</ele>
      </trkpt>
      <trkpt lat="37.7765" lon="-119.47564">
        <ele>2852.0</ele>
      </trkpt>
      <trkpt lat="37.77661" lon="-119.47585">
        <ele>2861.0</ele>
      </trkpt>
      <trkpt lat="37.77709" lon="-119.4765">
        <ele>2872.0</ele>
      </trkpt>
      <trkpt lat="37.7772470081631" lon="-119.476831461678">
        <ele>2864.0</ele>
      </trkpt>
      <trkpt lat="37.7772470081631" lon="-119.476831461678">
        <ele>2864.0</ele>
      </trkpt>
      <trkpt lat="37.77727" lon="-119.47688">
        <ele>2864.0</ele>
      </trkpt>
      <trkpt lat="37.77731" lon="-119.477">
        <ele>2864.0</ele>
      </trkpt>
      <trkpt lat="37.77732" lon="-119.47718">
        <ele>2862.0</ele>
      </trkpt>
      <trkpt lat="37.77728" lon="-119.4773">
        <ele>2862.0</ele>
      </trkpt>
      <trkpt lat="37.77707" lon="-119.47758">
        <ele>2860.0</ele>
      </trkpt>
      <trkpt lat="37.77685" lon="-119.47772">
        <ele>2861.0</ele>
      </trkpt>
      <trkpt lat="37.77662" lon="-119.47792">
        <ele>2861.0</ele>
      </trkpt>
      <trkpt lat="37.77627" lon="-119.47816">
        <ele>2861.0</ele>
      </trkpt>
      <trkpt lat="37.7759467077391" lon="-119.478446554504">
        <ele>2864.0</ele>
      </trkpt>
      <trkpt lat="37.7759467077391" lon="-119.478446554504">
        <ele>2864.0</ele>
      </trkpt>
      <trkpt lat="37.77583" lon="-119.47855">
        <ele>2869.0</ele>
      </trkpt>
      <trkpt lat="37.77568" lon="-119.47872">
        <ele>2868.0</ele>
      </trkpt>
      <trkpt lat="37.77489" lon="-119.4793">
        <ele>2875.0</ele>
      </trkpt>
      <trkpt lat="37.77453" lon="-119.47961">
        <ele>2875.0</ele>
      </trkpt>
      <trkpt lat="37.77441" lon="-119.47974">
        <ele>2875.0</ele>
      </trkpt>
      <trkpt lat="37.77432" lon="-119.47992">
        <ele>2876.0</ele>
      </trkpt>
      <trkpt lat="37.77422" lon="-119.48022">
        <ele>2875.0</ele>
      </trkpt>
      <trkpt lat="37.77384" lon="-119.48095">
        <ele>2872.0</ele>
      </trkpt>
      <trkpt lat="37.77354" lon="-119.48125">
        <ele>2869.0</ele>
      </trkpt>
      <trkpt lat="37.77322" lon="-119.48151">
        <ele>2866.0</ele>
      </trkpt>
      <trkpt lat="37.77293" lon="-119.48193">
        <ele>2859.0</ele>
      </trkpt>
      <trkpt lat="37.77294" lon="-119.48259">
        <ele>2856.0</ele>
      </trkpt>
      <trkpt lat="37.77305" lon="-119.48292">
        <ele>2859.0</ele>
      </trkpt>
      <trkpt lat="37.77331" lon="-119.4834">
        <ele>2864.0</ele>
      </trkpt>
      <trkpt lat="37.7733" lon="-119.48423">
        <ele>2877.0</ele>
      </trkpt>
      <trkpt lat="37.77322" lon="-119.48455">
        <ele>2880.0</ele>
      </trkpt>
      <trkpt lat="37.77292" lon="-119.4847">
        <ele>2887.0</ele>
      </trkpt>
      <trkpt lat="37.77258" lon="-119.48473">
        <ele>2893.0</ele>
      </trkpt>
      <trkpt lat="37.77247" lon="-119.48493">
        <ele>2902.0</ele>
      </trkpt>
      <trkpt lat="37.77236" lon="-119.48551">
        <ele>2912.0</ele>
      </trkpt>
      <trkpt lat="37.77218" lon="-119.48566">
        <ele>2912.0</ele>
      </trkpt>
      <trkpt lat="37.77175" lon="-119.48566">
        <ele>2917.0</ele>
      </trkpt>
      <trkpt lat="37.7715" lon="-119.48578">
        <ele>2928.0</ele>
      </trkpt>
      <trkpt lat="37.77145" lon="-119.48588">
        <ele>2928.0</ele>
      </trkpt>
      <trkpt lat="37.77152" lon="-119.48615">
        <ele>2938.0</ele>
      </trkpt>
      <trkpt lat="37.7715" lon="-119.48624">
        <ele>2938.0</ele>
      </trkpt>
      <trkpt lat="37.77132" lon="-119.48636">
        <ele>2945.0</ele>
      </trkpt>
      <trkpt lat="37.77086" lon="-119.4868">
        <ele>2944.0</ele>
      </trkpt>
      <trkpt lat="37.77079" lon="-119.48691">
        <ele>2951.0</ele>
      </trkpt>
      <trkpt lat="37.77071" lon="-119.4871">
        <ele>2957.0</ele>
      </trkpt>
      <trkpt lat="37.77071" lon="-119.4871">
        <ele>2957.0</ele>
      </trkpt>
      <trkpt lat="37.7706" lon="-119.48725">
        <ele>2959.0</ele>
      </trkpt>
      <trkpt lat="37.77052" lon="-119.4873">
        <ele>2959.0</ele>
      </trkpt>
      <trkpt lat="37.77052" lon="-119.4873">
        <ele>2959.0</ele>
      </trkpt>
      <trkpt lat="37.77031" lon="-119.48742">
        <ele>2967.0</ele>
      </trkpt>
      <trkpt lat="37.77024" lon="-119.48764">
        <ele>2977.0</ele>
      </trkpt>
      <trkpt lat="37.76989" lon="-119.48797">
        <ele>2977.0</ele>
      </trkpt>
      <trkpt lat="37.76989" lon="-119.48797">
        <ele>2977.0</ele>
      </trkpt>
      <trkpt lat="37.76989" lon="-119.48797">
        <ele>2977.0</ele>
      </trkpt>
      <trkpt lat="37.76982" lon="-119.48808">
        <ele>2970.0</ele>
      </trkpt>
      <trkpt lat="37.76944" lon="-119.48835">
        <ele>2972.0</ele>
      </trkpt>
      <trkpt lat="37.76911" lon="-119.48852">
        <ele>2978.0</ele>
      </trkpt>
      <trkpt lat="37.7689" lon="-119.48859">
        <ele>2980.0</ele>
      </trkpt>
      <trkpt lat="37.76856" lon="-119.48878">
        <ele>2983.0</ele>
      </trkpt>
      <trkpt lat="37.76825" lon="-119.489">
        <ele>2983.0</ele>
      </trkpt>
      <trkpt lat="37.768" lon="-119.48914">
        <ele>2996.0</ele>
      </trkpt>
      <trkpt lat="37.76789" lon="-119.48924">
        <ele>2993.0</ele>
      </trkpt>
      <trkpt lat="37.7678479043338" lon="-119.489256190641">
        <ele>2993.0</ele>
      </trkpt>
      <trkpt lat="37.7678479043338" lon="-119.489256190641">
        <ele>2993.0</ele>
      </trkpt>
      <trkpt lat="37.76776" lon="-119.48929">
        <ele>2993.0</ele>
      </trkpt>
      <trkpt lat="37.7677" lon="-119.48939">
        <ele>2991.0</ele>
      </trkpt>
      <trkpt lat="37.76761" lon="-119.48939">
        <ele>2993.0</ele>
      </trkpt>
      <trkpt lat="37.76729" lon="-119.48962">
        <ele>2982.0</ele>
      </trkpt>
      <trkpt lat="37.7671" lon="-119.48966">
        <ele>2982.0</ele>
      </trkpt>
      <trkpt lat="37.76705" lon="-119.48982">
        <ele>2973.0</ele>
      </trkpt>
      <trkpt lat="37.7669" lon="-119.48976">
        <ele>2973.0</ele>
      </trkpt>
      <trkpt lat="37.76685" lon="-119.48978">
        <ele>2973.0</ele>
      </trkpt>
      <trkpt lat="37.76661" lon="-119.4903">
        <ele>2964.0</ele>
      </trkpt>
      <trkpt lat="37.76652" lon="-119.49037">
        <ele>2949.0</ele>
      </trkpt>
      <trkpt lat="37.76648" lon="-119.49047">
        <ele>2952.0</ele>
      </trkpt>
      <trkpt lat="37.76641" lon="-119.49053">
        <ele>2952.0</ele>
      </trkpt>
      <trkpt lat="37.76639" lon="-119.49069">
        <ele>2952.0</ele>
      </trkpt>
      <trkpt lat="37.76629" lon="-119.49087">
        <ele>2953.0</ele>
      </trkpt>
      <trkpt lat="37.76629" lon="-119.49101">
        <ele>2953.0</ele>
      </trkpt>
      <trkpt lat="37.76607" lon="-119.49131">
        <ele>2944.0</ele>
      </trkpt>
      <trkpt lat="37.76596" lon="-119.49144">
        <ele>2927.0</ele>
      </trkpt>
      <trkpt lat="37.76584" lon="-119.49152">
        <ele>2927.0</ele>
      </trkpt>
      <trkpt lat="37.76565" lon="-119.49151">
        <ele>2913.0</ele>
      </trkpt>
      <trkpt lat="37.76561" lon="-119.49141">
        <ele>2913.0</ele>
      </trkpt>
      <trkpt lat="37.76558" lon="-119.49125">
        <ele>2912.0</ele>
      </trkpt>
      <trkpt lat="37.76555" lon="-119.49078">
        <ele>2911.0</ele>
      </trkpt>
      <trkpt lat="37.7655" lon="-119.4906">
        <ele>2908.0</ele>
      </trkpt>
      <trkpt lat="37.7655" lon="-119.49037">
        <ele>2907.0</ele>
      </trkpt>
      <trkpt lat="37.76544" lon="-119.4902">
        <ele>2907.0</ele>
      </trkpt>
      <trkpt lat="37.76529" lon="-119.48926">
        <ele>2890.0</ele>
      </trkpt>
      <trkpt lat="37.76521" lon="-119.48923">
        <ele>2890.0</ele>
      </trkpt>
      <trkpt lat="37.76506" lon="-119.48981">
        <ele>2880.0</ele>
      </trkpt>
      <trkpt lat="37.76493" lon="-119.49008">
        <ele>2878.0</ele>
      </trkpt>
      <trkpt lat="37.76487" lon="-119.49005">
        <ele>2878.0</ele>
      </trkpt>
      <trkpt lat="37.76469" lon="-119.48965">
        <ele>2867.0</ele>
      </trkpt>
      <trkpt lat="37.76443" lon="-119.48919">
        <ele>2861.0</ele>
      </trkpt>
      <trkpt lat="37.76434" lon="-119.48936">
        <ele>2861.0</ele>
      </trkpt>
      <trkpt lat="37.76427" lon="-119.48956">
        <ele>2853.0</ele>
      </trkpt>
      <trkpt lat="37.7642423665198" lon="-119.489688955318">
        <ele>2852.0</ele>
      </trkpt>
      <trkpt lat="37.7642423665198" lon="-119.489688955318">
        <ele>2852.0</ele>
      </trkpt>
      <trkpt lat="37.7642211862505" lon="-119.489787795868">
        <ele>2852.0</ele>
      </trkpt>
      <trkpt lat="37.7642182906751" lon="-119.489801308975">
        <ele>2852.0</ele>
      </trkpt>
      <trkpt lat="37.76421" lon="-119.48984">
        <ele>2852.0</ele>
      </trkpt>
      <trkpt lat="37.76418" lon="-119.49017">
        <ele>2847.0</ele>
      </trkpt>
      <trkpt lat="37.76406" lon="-119.49066">
        <ele>2845.0</ele>
      </trkpt>
      <trkpt lat="37.76391" lon="-119.49096">
        <ele>2835.0</ele>
      </trkpt>
      <trkpt lat="37.76361" lon="-119.49136">
        <ele>2829.0</ele>
      </trkpt>
      <trkpt lat="37.76312" lon="-119.4919">
        <ele>2815.0</ele>
      </trkpt>
      <trkpt lat="37.7629" lon="-119.49207">
        <ele>2804.0</ele>
      </trkpt>
      <trkpt lat="37.76249" lon="-119.49226">
        <ele>2801.0</ele>
      </trkpt>
      <trkpt lat="37.76226" lon="-119.49242">
        <ele>2801.0</ele>
      </trkpt>
      <trkpt lat="37.7619" lon="-119.49255">
        <ele>2794.0</ele>
      </trkpt>
      <trkpt lat="37.76161" lon="-119.49271">
        <ele>2793.0</ele>
      </trkpt>
      <trkpt lat="37.76123" lon="-119.49285">
        <ele>2784.0</ele>
      </trkpt>
      <trkpt lat="37.76051" lon="-119.49335">
        <ele>2769.0</ele>
      </trkpt>
      <trkpt lat="37.76034" lon="-119.49353">
        <ele>2759.0</ele>
      </trkpt>
      <trkpt lat="37.76013" lon="-119.49383">
        <ele>2755.0</ele>
      </trkpt>
      <trkpt lat="37.75987" lon="-119.49424">
        <ele>2758.0</ele>
      </trkpt>
      <trkpt lat="37.75976" lon="-119.4945">
        <ele>2750.0</ele>
      </trkpt>
      <trkpt lat="37.75952" lon="-119.49481">
        <ele>2745.0</ele>
      </trkpt>
      <trkpt lat="37.75942" lon="-119.49478">
        <ele>2745.0</ele>
      </trkpt>
      <trkpt lat="37.75924" lon="-119.49455">
        <ele>2738.0</ele>
      </trkpt>
      <trkpt lat="37.75911" lon="-119.49449">
        <ele>2738.0</ele>
      </trkpt>
      <trkpt lat="37.75871" lon="-119.49465">
        <ele>2727.0</ele>
      </trkpt>
      <trkpt lat="37.75829" lon="-119.49471">
        <ele>2721.0</ele>
      </trkpt>
      <trkpt lat="37.75811" lon="-119.49485">
        <ele>2717.0</ele>
      </trkpt>
      <trkpt lat="37.75816" lon="-119.49509">
        <ele>2717.0</ele>
      </trkpt>
      <trkpt lat="37.75834" lon="-119.49529">
        <ele>2719.0</ele>
      </trkpt>
      <trkpt lat="37.75847" lon="-119.49559">
        <ele>2712.0</ele>
      </trkpt>
      <trkpt lat="37.75863" lon="-119.49589">
        <ele>2713.0</ele>
      </trkpt>
      <trkpt lat="37.75877" lon="-119.49726">
        <ele>2694.0</ele>
      </trkpt>
      <trkpt lat="37.75878" lon="-119.49759">
        <ele>2690.0</ele>
      </trkpt>
      <trkpt lat="37.75882" lon="-119.49786">
        <ele>2684.0</ele>
      </trkpt>
      <trkpt lat="37.75882" lon="-119.49816">
        <ele>2679.0</ele>
      </trkpt>
      <trkpt lat="37.7592" lon="-119.50002">
        <ele>2645.0</ele>
      </trkpt>
      <trkpt lat="37.75939" lon="-119.50063">
        <ele>2650.0</ele>
      </trkpt>
      <trkpt lat="37.75939" lon="-119.50092">
        <ele>2646.0</ele>
      </trkpt>
      <trkpt lat="37.75936" lon="-119.50102">
        <ele>2641.0</ele>
      </trkpt>
      <trkpt lat="37.75924" lon="-119.50077">
        <ele>2631.0</ele>
      </trkpt>
      <trkpt lat="37.75883" lon="-119.50006">
        <ele>2630.0</ele>
      </trkpt>
      <trkpt lat="37.75884" lon="-119.50077">
        <ele>2619.0</ele>
      </trkpt>
      <trkpt lat="37.7588" lon="-119.50105">
        <ele>2620.0</ele>
      </trkpt>
      <trkpt lat="37.75876" lon="-119.50112">
        <ele>2620.0</ele>
      </trkpt>
      <trkpt lat="37.75872" lon="-119.50109">
        <ele>2603.0</ele>
      </trkpt>
      <trkpt lat="37.75846" lon="-119.50031">
        <ele>2594.0</ele>
      </trkpt>
      <trkpt lat="37.75829" lon="-119.49992">
        <ele>2598.0</ele>
      </trkpt>
      <trkpt lat="37.75825" lon="-119.49992">
        <ele>2598.0</ele>
      </trkpt>
      <trkpt lat="37.75819" lon="-119.50071">
        <ele>2577.0</ele>
      </trkpt>
      <trkpt lat="37.75813" lon="-119.5009">
        <ele>2577.0</ele>
      </trkpt>
      <trkpt lat="37.75772" lon="-119.49982">
        <ele>2573.0</ele>
      </trkpt>
      <trkpt lat="37.75748" lon="-119.49938">
        <ele>2561.0</ele>
      </trkpt>
      <trkpt lat="37.75748" lon="-119.49982">
        <ele>2563.0</ele>
      </trkpt>
      <trkpt lat="37.75751" lon="-119.50007">
        <ele>2563.0</ele>
      </trkpt>
      <trkpt lat="37.75747" lon="-119.50056">
        <ele>2558.0</ele>
      </trkpt>
      <trkpt lat="37.75739" lon="-119.5005">
        <ele>2558.0</ele>
      </trkpt>
      <trkpt lat="37.75733" lon="-119.50022">
        <ele>2545.0</ele>
      </trkpt>
      <trkpt lat="37.75716" lon="-119.4998">
        <ele>2552.0</ele>
      </trkpt>
      <trkpt lat="37.75707" lon="-119.5">
        <ele>2533.0</ele>
      </trkpt>
      <trkpt lat="37.75707" lon="-119.5001">
        <ele>2533.0</ele>
      </trkpt>
      <trkpt lat="37.75704" lon="-119.50024">
        <ele>2526.0</ele>
      </trkpt>
      <trkpt lat="37.75704" lon="-119.50048">
        <ele>2520.0</ele>
      </trkpt>
      <trkpt lat="37.75709" lon="-119.50069">
        <ele>2538.0</ele>
      </trkpt>
      <trkpt lat="37.75698" lon="-119.50059">
        <ele>2520.0</ele>
      </trkpt>
      <trkpt lat="37.75684" lon="-119.50029">
        <ele>2526.0</ele>
      </trkpt>
      <trkpt lat="37.75675" lon="-119.50001">
        <ele>2514.0</ele>
      </trkpt>
      <trkpt lat="37.75645" lon="-119.49932">
        <ele>2506.0</ele>
      </trkpt>
      <trkpt lat="37.75643" lon="-119.49958">
        <ele>2506.0</ele>
      </trkpt>
      <trkpt lat="37.75626" lon="-119.49928">
        <ele>2508.0</ele>
      </trkpt>
      <trkpt lat="37.75619" lon="-119.49925">
        <ele>2499.0</ele>
      </trkpt>
      <trkpt lat="37.75617" lon="-119.49986">
        <ele>2491.0</ele>
      </trkpt>
      <trkpt lat="37.75611" lon="-119.50049">
        <ele>2491.0</ele>
      </trkpt>
      <trkpt lat="37.75611" lon="-119.5009">
        <ele>2489.0</ele>
      </trkpt>
      <trkpt lat="37.75608" lon="-119.5012">
        <ele>2485.0</ele>
      </trkpt>
      <trkpt lat="37.75599" lon="-119.5015">
        <ele>2479.0</ele>
      </trkpt>
      <trkpt lat="37.75595" lon="-119.50199">
        <ele>2446.0</ele>
      </trkpt>
      <trkpt lat="37.75584" lon="-119.50247">
        <ele>2443.0</ele>
      </trkpt>
      <trkpt lat="37.7557" lon="-119.5029">
        <ele>2442.0</ele>
      </trkpt>
      <trkpt lat="37.75569" lon="-119.50323">
        <ele>2435.0</ele>
      </trkpt>
      <trkpt lat="37.75544" lon="-119.50399">
        <ele>2435.0</ele>
      </trkpt>
      <trkpt lat="37.75528" lon="-119.5042">
        <ele>2429.0</ele>
      </trkpt>
      <trkpt lat="37.75515" lon="-119.50416">
        <ele>2429.0</ele>
      </trkpt>
      <trkpt lat="37.75496" lon="-119.50389">
        <ele>2421.0</ele>
      </trkpt>
      <trkpt lat="37.75454" lon="-119.50312">
        <ele>2409.0</ele>
      </trkpt>
      <trkpt lat="37.75445" lon="-119.50313">
        <ele>2409.0</ele>
      </trkpt>
      <trkpt lat="37.75441" lon="-119.50326">
        <ele>2411.0</ele>
      </trkpt>
      <trkpt lat="37.75409" lon="-119.50353">
        <ele>2400.0</ele>
      </trkpt>
      <trkpt lat="37.75384" lon="-119.50367">
        <ele>2391.0</ele>
      </trkpt>
      <trkpt lat="37.75369" lon="-119.50382">
        <ele>2383.0</ele>
      </trkpt>
      <trkpt lat="37.75366" lon="-119.50389">
        <ele>2383.0</ele>
      </trkpt>
      <trkpt lat="37.75343" lon="-119.50411">
        <ele>2373.0</ele>
      </trkpt>
      <trkpt lat="37.75334" lon="-119.50411">
        <ele>2373.0</ele>
      </trkpt>
      <trkpt lat="37.75334" lon="-119.50411">
        <ele>2373.0</ele>
      </trkpt>
      <trkpt lat="37.75321" lon="-119.50411">
        <ele>2373.0</ele>
      </trkpt>
      <trkpt lat="37.75308" lon="-119.50433">
        <ele>2363.0</ele>
      </trkpt>
      <trkpt lat="37.75188" lon="-119.50523">
        <ele>2345.0</ele>
      </trkpt>
      <trkpt lat="37.7516305347087" lon="-119.505245119109">
        <ele>2336.0</ele>
      </trkpt>
      <trkpt lat="37.7516305347087" lon="-119.505245119109">
        <ele>2336.0</ele>
      </trkpt>
      <trkpt lat="37.75089" lon="-119.50529">
        <ele>2308.0</ele>
      </trkpt>
      <trkpt lat="37.75023" lon="-119.50558">
        <ele>2297.0</ele>
      </trkpt>
      <trkpt lat="37.74987" lon="-119.5057">
        <ele>2299.0</ele>
      </trkpt>
      <trkpt lat="37.74972" lon="-119.50582">
        <ele>2294.0</ele>
      </trkpt>
      <trkpt lat="37.74946" lon="-119.50588">
        <ele>2289.0</ele>
      </trkpt>
      <trkpt lat="37.74936" lon="-119.50584">
        <ele>2289.0</ele>
      </trkpt>
      <trkpt lat="37.74928" lon="-119.50578">
        <ele>2285.0</ele>
      </trkpt>
      <trkpt lat="37.74907" lon="-119.50568">
        <ele>2285.0</ele>
      </trkpt>
      <trkpt lat="37.74888" lon="-119.50543">
        <ele>2281.0</ele>
      </trkpt>
      <trkpt lat="37.74863" lon="-119.5052">
        <ele>2277.0</ele>
      </trkpt>
      <trkpt lat="37.74852" lon="-119.50515">
        <ele>2277.0</ele>
      </trkpt>
      <trkpt lat="37.74817" lon="-119.50506">
        <ele>2269.0</ele>
      </trkpt>
      <trkpt lat="37.74769" lon="-119.50466">
        <ele>2255.0</ele>
      </trkpt>
      <trkpt lat="37.74738" lon="-119.50424">
        <ele>2249.0</ele>
      </trkpt>
      <trkpt lat="37.74709" lon="-119.50368">
        <ele>2247.0</ele>
      </trkpt>
      <trkpt lat="37.74703" lon="-119.50321">
        <ele>2247.0</ele>
      </trkpt>
      <trkpt lat="37.74689" lon="-119.50274">
        <ele>2243.0</ele>
      </trkpt>
      <trkpt lat="37.74685" lon="-119.50267">
        <ele>2243.0</ele>
      </trkpt>
      <trkpt lat="37.74677" lon="-119.50265">
        <ele>2237.0</ele>
      </trkpt>
      <trkpt lat="37.74669" lon="-119.50269">
        <ele>2237.0</ele>
      </trkpt>
      <trkpt lat="37.74657" lon="-119.50281">
        <ele>2237.0</ele>
      </trkpt>
      <trkpt lat="37.74626" lon="-119.50301">
        <ele>2234.0</ele>
      </trkpt>
      <trkpt lat="37.74601" lon="-119.50323">
        <ele>2232.0</ele>
      </trkpt>
      <trkpt lat="37.74562" lon="-119.50348">
        <ele>2215.0</ele>
      </trkpt>
      <trkpt lat="37.74504" lon="-119.50375">
        <ele>2202.0</ele>
      </trkpt>
      <trkpt lat="37.74486" lon="-119.50376">
        <ele>2195.0</ele>
      </trkpt>
      <trkpt lat="37.74448" lon="-119.50362">
        <ele>2188.0</ele>
      </trkpt>
      <trkpt lat="37.7443437106931" lon="-119.503660382017">
        <ele>2188.0</ele>
      </trkpt>
      <trkpt lat="37.7443437106931" lon="-119.503660382017">
        <ele>2188.0</ele>
      </trkpt>
      <trkpt lat="37.74421" lon="-119.5037">
        <ele>2182.0</ele>
      </trkpt>
      <trkpt lat="37.74421" lon="-119.5037">
        <ele>2182.0</ele>
      </trkpt>
      <trkpt lat="37.74409" lon="-119.50379">
        <ele>2187.0</ele>
      </trkpt>
      <trkpt lat="37.74402" lon="-119.50396">
        <ele>2188.0</ele>
      </trkpt>
      <trkpt lat="37.74397" lon="-119.50416">
        <ele>2190.0</ele>
      </trkpt>
      <trkpt lat="37.74401" lon="-119.50436">
        <ele>2189.0</ele>
      </trkpt>
      <trkpt lat="37.744" lon="-119.50459">
        <ele>2185.0</ele>
      </trkpt>
      <trkpt lat="37.74392" lon="-119.50507">
        <ele>2178.0</ele>
      </trkpt>
      <trkpt lat="37.74374" lon="-119.50541">
        <ele>2169.0</ele>
      </trkpt>
      <trkpt lat="37.74367" lon="-119.50562">
        <ele>2166.0</ele>
      </trkpt>
      <trkpt lat="37.74371" lon="-119.50585">
        <ele>2165.0</ele>
      </trkpt>
      <trkpt lat="37.74378" lon="-119.50604">
        <ele>2164.0</ele>
      </trkpt>
      <trkpt lat="37.74372" lon="-119.50657">
        <ele>2158.0</ele>
      </trkpt>
      <trkpt lat="37.74392" lon="-119.50697">
        <ele>2158.0</ele>
      </trkpt>
      <trkpt lat="37.74429" lon="-119.50758">
        <ele>2158.0</ele>
      </trkpt>
      <trkpt lat="37.74429" lon="-119.50769">
        <ele>2155.0</ele>
      </trkpt>
      <trkpt lat="37.74424" lon="-119.50782">
        <ele>2155.0</ele>
      </trkpt>
      <trkpt lat="37.74429" lon="-119.5079">
        <ele>2155.0</ele>
      </trkpt>
      <trkpt lat="37.7443" lon="-119.50809">
        <ele>2149.0</ele>
      </trkpt>
      <trkpt lat="37.74442" lon="-119.50849">
        <ele>2146.0</ele>
      </trkpt>
      <trkpt lat="37.74439" lon="-119.50852">
        <ele>2146.0</ele>
      </trkpt>
      <trkpt lat="37.74431" lon="-119.50844">
        <ele>2150.0</ele>
      </trkpt>
      <trkpt lat="37.74427" lon="-119.50845">
        <ele>2144.0</ele>
      </trkpt>
      <trkpt lat="37.74425" lon="-119.50871">
        <ele>2141.0</ele>
      </trkpt>
      <trkpt lat="37.7443" lon="-119.50905">
        <ele>2134.0</ele>
      </trkpt>
      <trkpt lat="37.74444" lon="-119.50928">
        <ele>2137.0</ele>
      </trkpt>
      <trkpt lat="37.74444" lon="-119.50928">
        <ele>2137.0</ele>
      </trkpt>
      <trkpt lat="37.74451" lon="-119.5094">
        <ele>2133.0</ele>
      </trkpt>
      <trkpt lat="37.7445" lon="-119.50962">
        <ele>2129.0</ele>
      </trkpt>
      <trkpt lat="37.74457" lon="-119.50978">
        <ele>2129.0</ele>
      </trkpt>
      <trkpt lat="37.74458" lon="-119.50991">
        <ele>2126.0</ele>
      </trkpt>
      <trkpt lat="37.74478" lon="-119.51069">
        <ele>2127.0</ele>
      </trkpt>
      <trkpt lat="37.74489" lon="-119.51151">
        <ele>2129.0</ele>
      </trkpt>
      <trkpt lat="37.745" lon="-119.51188">
        <ele>2130.0</ele>
      </trkpt>
      <trkpt lat="37.74499" lon="-119.51209">
        <ele>2135.0</ele>
      </trkpt>
      <trkpt lat="37.74506" lon="-119.51243">
        <ele>2134.0</ele>
      </trkpt>
      <trkpt lat="37.74506" lon="-119.51272">
        <ele>2136.0</ele>
      </trkpt>
      <trkpt lat="37.74506" lon="-119.51272">
        <ele>2136.0</ele>
      </trkpt>
      <trkpt lat="37.74506" lon="-119.51272">
        <ele>2136.0</ele>
      </trkpt>
      <trkpt lat="37.74506" lon="-119.51272">
        <ele>2136.0</ele>
      </trkpt>
      <trkpt lat="37.74506" lon="-119.51272">
        <ele>2136.0</ele>
      </trkpt>
      <trkpt lat="37.74521" lon="-119.51282">
        <ele>2141.0</ele>
      </trkpt>
      <trkpt lat="37.74537" lon="-119.51288">
        <ele>2141.0</ele>
      </trkpt>
      <trkpt lat="37.7456" lon="-119.51304">
        <ele>2142.0</ele>
      </trkpt>
      <trkpt lat="37.74568" lon="-119.51317">
        <ele>2142.0</ele>
      </trkpt>
      <trkpt lat="37.74579" lon="-119.51313">
        <ele>2143.0</ele>
      </trkpt>
      <trkpt lat="37.7461" lon="-119.51337">
        <ele>2152.0</ele>
      </trkpt>
      <trkpt lat="37.74619" lon="-119.5133">
        <ele>2152.0</ele>
      </trkpt>
      <trkpt lat="37.74623" lon="-119.51317">
        <ele>2152.0</ele>
      </trkpt>
      <trkpt lat="37.74639" lon="-119.51325">
        <ele>2161.0</ele>
      </trkpt>
      <trkpt lat="37.74654" lon="-119.5136">
        <ele>2166.0</ele>
      </trkpt>
      <trkpt lat="37.74682" lon="-119.51375">
        <ele>2170.0</ele>
      </trkpt>
      <trkpt lat="37.74706" lon="-119.51379">
        <ele>2170.0</ele>
      </trkpt>
      <trkpt lat="37.74715" lon="-119.51365">
        <ele>2170.0</ele>
      </trkpt>
      <trkpt lat="37.74743" lon="-119.51378">
        <ele>2177.0</ele>
      </trkpt>
      <trkpt lat="37.74769" lon="-119.51397">
        <ele>2186.0</ele>
      </trkpt>
      <trkpt lat="37.74782" lon="-119.51395">
        <ele>2186.0</ele>
      </trkpt>
      <trkpt lat="37.74803" lon="-119.51401">
        <ele>2198.0</ele>
      </trkpt>
      <trkpt lat="37.74809" lon="-119.51412">
        <ele>2201.0</ele>
      </trkpt>
      <trkpt lat="37.74809" lon="-119.5143">
        <ele>2201.0</ele>
      </trkpt>
      <trkpt lat="37.74803" lon="-119.51482">
        <ele>2199.0</ele>
      </trkpt>
      <trkpt lat="37.74814" lon="-119.51503">
        <ele>2199.0</ele>
      </trkpt>
      <trkpt lat="37.7483" lon="-119.51498">
        <ele>2207.0</ele>
      </trkpt>
      <trkpt lat="37.74848" lon="-119.51471">
        <ele>2212.0</ele>
      </trkpt>
      <trkpt lat="37.74873" lon="-119.51449">
        <ele>2211.0</ele>
      </trkpt>
      <trkpt lat="37.74881" lon="-119.51453">
        <ele>2219.0</ele>
      </trkpt>
      <trkpt lat="37.7489" lon="-119.51469">
        <ele>2217.0</ele>
      </trkpt>
      <trkpt lat="37.74899" lon="-119.51496">
        <ele>2219.0</ele>
      </trkpt>
      <trkpt lat="37.74902" lon="-119.5152">
        <ele>2220.0</ele>
      </trkpt>
      <trkpt lat="37.74921" lon="-119.51574">
        <ele>2235.0</ele>
      </trkpt>
      <trkpt lat="37.74942" lon="-119.51608">
        <ele>2240.0</ele>
      </trkpt>
      <trkpt lat="37.74969" lon="-119.51606">
        <ele>2246.0</ele>
      </trkpt>
      <trkpt lat="37.75016" lon="-119.51582">
        <ele>2258.0</ele>
      </trkpt>
      <trkpt lat="37.75028" lon="-119.51579">
        <ele>2258.0</ele>
      </trkpt>
      <trkpt lat="37.75046" lon="-119.51581">
        <ele>2262.0</ele>
      </trkpt>
      <trkpt lat="37.75066" lon="-119.51577">
        <ele>2262.0</ele>
      </trkpt>
      <trkpt lat="37.75083" lon="-119.5158">
        <ele>2267.0</ele>
      </trkpt>
      <trkpt lat="37.75113" lon="-119.51604">
        <ele>2273.0</ele>
      </trkpt>
      <trkpt lat="37.7514" lon="-119.51629">
        <ele>2281.0</ele>
      </trkpt>
      <trkpt lat="37.7515" lon="-119.51644">
        <ele>2281.0</ele>
      </trkpt>
      <trkpt lat="37.75153" lon="-119.51653">
        <ele>2282.0</ele>
      </trkpt>
      <trkpt lat="37.75154" lon="-119.51686">
        <ele>2284.0</ele>
      </trkpt>
      <trkpt lat="37.75159" lon="-119.51729">
        <ele>2286.0</ele>
      </trkpt>
      <trkpt lat="37.75171" lon="-119.51777">
        <ele>2289.0</ele>
      </trkpt>
      <trkpt lat="37.75188" lon="-119.51795">
        <ele>2299.0</ele>
      </trkpt>
      <trkpt lat="37.75219" lon="-119.51848">
        <ele>2302.0</ele>
      </trkpt>
      <trkpt lat="37.75221" lon="-119.51882">
        <ele>2302.0</ele>
      </trkpt>
      <trkpt lat="37.75225" lon="-119.51904">
        <ele>2304.0</ele>
      </trkpt>
      <trkpt lat="37.7522" lon="-119.51924">
        <ele>2304.0</ele>
      </trkpt>
      <trkpt lat="37.75226" lon="-119.51952">
        <ele>2308.0</ele>
      </trkpt>
      <trkpt lat="37.75226" lon="-119.51983">
        <ele>2313.0</ele>
      </trkpt>
      <trkpt lat="37.75209" lon="-119.52117">
        <ele>2322.0</ele>
      </trkpt>
      <trkpt lat="37.75195" lon="-119.52167">
        <ele>2332.0</ele>
      </trkpt>
      <trkpt lat="37.75175" lon="-119.52182">
        <ele>2338.0</ele>
      </trkpt>
      <trkpt lat="37.75157" lon="-119.52187">
        <ele>2338.0</ele>
      </trkpt>
      <trkpt lat="37.75144" lon="-119.52156">
        <ele>2355.0</ele>
      </trkpt>
      <trkpt lat="37.75119" lon="-119.52178">
        <ele>2373.0</ele>
      </trkpt>
      <trkpt lat="37.75113" lon="-119.52179">
        <ele>2373.0</ele>
      </trkpt>
      <trkpt lat="37.75111" lon="-119.52174">
        <ele>2373.0</ele>
      </trkpt>
      <trkpt lat="37.75113" lon="-119.52132">
        <ele>2370.0</ele>
      </trkpt>
      <trkpt lat="37.75105" lon="-119.52125">
        <ele>2363.0</ele>
      </trkpt>
      <trkpt lat="37.75066" lon="-119.52147">
        <ele>2375.0</ele>
      </trkpt>
      <trkpt lat="37.75059" lon="-119.52161">
        <ele>2385.0</ele>
      </trkpt>
      <trkpt lat="37.75059" lon="-119.52178">
        <ele>2385.0</ele>
      </trkpt>
      <trkpt lat="37.75056" lon="-119.52187">
        <ele>2391.0</ele>
      </trkpt>
      <trkpt lat="37.75041" lon="-119.52206">
        <ele>2386.0</ele>
      </trkpt>
      <trkpt lat="37.75025" lon="-119.52244">
        <ele>2395.0</ele>
      </trkpt>
      <trkpt lat="37.75011" lon="-119.52265">
        <ele>2391.0</ele>
      </trkpt>
      <trkpt lat="37.75015" lon="-119.52286">
        <ele>2397.0</ele>
      </trkpt>
      <trkpt lat="37.75014" lon="-119.523">
        <ele>2397.0</ele>
      </trkpt>
      <trkpt lat="37.74998" lon="-119.52317">
        <ele>2392.0</ele>
      </trkpt>
      <trkpt lat="37.75005" lon="-119.52345">
        <ele>2393.0</ele>
      </trkpt>
      <trkpt lat="37.75005" lon="-119.52367">
        <ele>2395.0</ele>
      </trkpt>
      <trkpt lat="37.75001" lon="-119.52387">
        <ele>2395.0</ele>
      </trkpt>
      <trkpt lat="37.74972" lon="-119.52407">
        <ele>2395.0</ele>
      </trkpt>
      <trkpt lat="37.74957" lon="-119.52422">
        <ele>2389.0</ele>
      </trkpt>
      <trkpt lat="37.74953" lon="-119.52431">
        <ele>2391.0</ele>
      </trkpt>
      <trkpt lat="37.74951" lon="-119.52442">
        <ele>2391.0</ele>
      </trkpt>
      <trkpt lat="37.74951" lon="-119.52465">
        <ele>2391.0</ele>
      </trkpt>
      <trkpt lat="37.74959" lon="-119.52481">
        <ele>2396.0</ele>
      </trkpt>
      <trkpt lat="37.74958" lon="-119.52491">
        <ele>2393.0</ele>
      </trkpt>
      <trkpt lat="37.74967" lon="-119.52517">
        <ele>2396.0</ele>
      </trkpt>
      <trkpt lat="37.74966" lon="-119.52551">
        <ele>2396.0</ele>
      </trkpt>
      <trkpt lat="37.7496539050772" lon="-119.525638818741">
        <ele>2396.0</ele>
      </trkpt>
      <trkpt lat="37.7496358380205" lon="-119.525634836894">
        <ele>2396.0</ele>
      </trkpt>
      <trkpt lat="37.74954" lon="-119.52613">
        <ele>2398.0</ele>
      </trkpt>
      <trkpt lat="37.74913" lon="-119.52664">
        <ele>2401.0</ele>
      </trkpt>
      <trkpt lat="37.74896" lon="-119.52675">
        <ele>2401.0</ele>
      </trkpt>
      <trkpt lat="37.74891" lon="-119.52689">
        <ele>2405.0</ele>
      </trkpt>
      <trkpt lat="37.74887" lon="-119.52708">
        <ele>2405.0</ele>
      </trkpt>
      <trkpt lat="37.7488" lon="-119.52718">
        <ele>2409.0</ele>
      </trkpt>
      <trkpt lat="37.74844" lon="-119.52711">
        <ele>2423.0</ele>
      </trkpt>
      <trkpt lat="37.7485" lon="-119.52724">
        <ele>2416.0</ele>
      </trkpt>
      <trkpt lat="37.74827" lon="-119.52721">
        <ele>2423.0</ele>
      </trkpt>
      <trkpt lat="37.74837" lon="-119.52734">
        <ele>2423.0</ele>
      </trkpt>
      <trkpt lat="37.74807" lon="-119.52733">
        <ele>2417.0</ele>
      </trkpt>
      <trkpt lat="37.74825" lon="-119.52747">
        <ele>2440.0</ele>
      </trkpt>
      <trkpt lat="37.74814" lon="-119.52751">
        <ele>2439.0</ele>
      </trkpt>
      <trkpt lat="37.74822" lon="-119.52757">
        <ele>2440.0</ele>
      </trkpt>
      <trkpt lat="37.74811" lon="-119.52762">
        <ele>2439.0</ele>
      </trkpt>
      <trkpt lat="37.74818" lon="-119.52773">
        <ele>2459.0</ele>
      </trkpt>
      <trkpt lat="37.74802" lon="-119.52771">
        <ele>2459.0</ele>
      </trkpt>
      <trkpt lat="37.74812" lon="-119.5279">
        <ele>2459.0</ele>
      </trkpt>
      <trkpt lat="37.74805" lon="-119.52795">
        <ele>2466.0</ele>
      </trkpt>
      <trkpt lat="37.74797" lon="-119.52795">
        <ele>2466.0</ele>
      </trkpt>
      <trkpt lat="37.74802" lon="-119.52809">
        <ele>2466.0</ele>
      </trkpt>
      <trkpt lat="37.748" lon="-119.52821">
        <ele>2480.0</ele>
      </trkpt>
      <trkpt lat="37.74791" lon="-119.52826">
        <ele>2471.0</ele>
      </trkpt>
      <trkpt lat="37.74792" lon="-119.52833">
        <ele>2480.0</ele>
      </trkpt>
      <trkpt lat="37.74784" lon="-119.52834">
        <ele>2471.0</ele>
      </trkpt>
      <trkpt lat="37.74784" lon="-119.52848">
        <ele>2480.0</ele>
      </trkpt>
      <trkpt lat="37.74756" lon="-119.52884">
        <ele>2476.0</ele>
      </trkpt>
      <trkpt lat="37.74755" lon="-119.52899">
        <ele>2476.0</ele>
      </trkpt>
      <trkpt lat="37.7475219914072" lon="-119.529012916121">
        <ele>2476.0</ele>
      </trkpt>
      <trkpt lat="37.7475219914072" lon="-119.529012916121">
        <ele>2476.0</ele>
      </trkpt>
      <trkpt lat="37.74744" lon="-119.52908">
        <ele>2481.0</ele>
      </trkpt>
      <trkpt lat="37.7474" lon="-119.52932">
        <ele>2493.0</ele>
      </trkpt>
      <trkpt lat="37.74692" lon="-119.52954">
        <ele>2500.0</ele>
      </trkpt>
      <trkpt lat="37.7467" lon="-119.52989">
        <ele>2473.0</ele>
      </trkpt>
      <trkpt lat="37.74643" lon="-119.53062">
        <ele>2452.0</ele>
      </trkpt>
      <trkpt lat="37.74643" lon="-119.53062">
        <ele>2452.0</ele>
      </trkpt>
      <trkpt lat="37.7462" lon="-119.53125">
        <ele>2447.0</ele>
      </trkpt>
      <trkpt lat="37.7462" lon="-119.53125">
        <ele>2447.0</ele>
      </trkpt>
      <trkpt lat="37.74596" lon="-119.53182">
        <ele>2603.0</ele>
      </trkpt>
      <trkpt lat="37.7456392289948" lon="-119.532695618149">
        <ele>2651.0</ele>
      </trkpt>
      <trkpt lat="37.7456392289948" lon="-119.532695618149">
        <ele>2651.0</ele>
      </trkpt>
      <trkpt lat="37.74559" lon="-119.53283">
        <ele>2651.0</ele>
      </trkpt>
      <trkpt lat="37.74559" lon="-119.53283">
        <ele>2651.0</ele>
      </trkpt>
      <trkpt lat="37.74559" lon="-119.5331">
        <ele>2625.0</ele>
      </trkpt>
      <trkpt lat="37.7459471021611" lon="-119.533156384552">
        <ele>2657.0</ele>
      </trkpt>
      <trkpt lat="37.7459471021611" lon="-119.533156384552">
        <ele>2657.0</ele>
      </trkpt>
      <trkpt lat="37.74559" lon="-119.5331">
        <ele>2625.0</ele>
      </trkpt>
      <trkpt lat="37.74559" lon="-119.53283">
        <ele>2651.0</ele>
      </trkpt>
      <trkpt lat="37.74559" lon="-119.53283">
        <ele>2651.0</ele>
      </trkpt>
      <trkpt lat="37.7456015941893" lon="-119.532798350997">
        <ele>2651.0</ele>
      </trkpt>
      <trkpt lat="37.7456015941893" lon="-119.532798350997">
        <ele>2651.0</ele>
      </trkpt>
      <trkpt lat="37.74596" lon="-119.53182">
        <ele>2603.0</ele>
      </trkpt>
      <trkpt lat="37.7462" lon="-119.53125">
        <ele>2447.0</ele>
      </trkpt>
      <trkpt lat="37.7462" lon="-119.53125">
        <ele>2447.0</ele>
      </trkpt>
      <trkpt lat="37.74643" lon="-119.53062">
        <ele>2452.0</ele>
      </trkpt>
      <trkpt lat="37.74643" lon="-119.53062">
        <ele>2452.0</ele>
      </trkpt>
      <trkpt lat="37.7467" lon="-119.52989">
        <ele>2473.0</ele>
      </trkpt>
      <trkpt lat="37.74692" lon="-119.52954">
        <ele>2500.0</ele>
      </trkpt>
      <trkpt lat="37.7474" lon="-119.52932">
        <ele>2493.0</ele>
      </trkpt>
      <trkpt lat="37.74744" lon="-119.52908">
        <ele>2481.0</ele>
      </trkpt>
      <trkpt lat="37.74755" lon="-119.52899">
        <ele>2476.0</ele>
      </trkpt>
      <trkpt lat="37.74756" lon="-119.52884">
        <ele>2476.0</ele>
      </trkpt>
      <trkpt lat="37.74784" lon="-119.52848">
        <ele>2480.0</ele>
      </trkpt>
      <trkpt lat="37.74784" lon="-119.52834">
        <ele>2471.0</ele>
      </trkpt>
      <trkpt lat="37.74792" lon="-119.52833">
        <ele>2480.0</ele>
      </trkpt>
      <trkpt lat="37.74791" lon="-119.52826">
        <ele>2471.0</ele>
      </trkpt>
      <trkpt lat="37.748" lon="-119.52821">
        <ele>2480.0</ele>
      </trkpt>
      <trkpt lat="37.74802" lon="-119.52809">
        <ele>2466.0</ele>
      </trkpt>
      <trkpt lat="37.74797" lon="-119.52795">
        <ele>2466.0</ele>
      </trkpt>
      <trkpt lat="37.74805" lon="-119.52795">
        <ele>2466.0</ele>
      </trkpt>
      <trkpt lat="37.74812" lon="-119.5279">
        <ele>2459.0</ele>
      </trkpt>
      <trkpt lat="37.74802" lon="-119.52771">
        <ele>2459.0</ele>
      </trkpt>
      <trkpt lat="37.74818" lon="-119.52773">
        <ele>2459.0</ele>
      </trkpt>
      <trkpt lat="37.74811" lon="-119.52762">
        <ele>2439.0</ele>
      </trkpt>
      <trkpt lat="37.74822" lon="-119.52757">
        <ele>2440.0</ele>
      </trkpt>
      <trkpt lat="37.74814" lon="-119.52751">
        <ele>2439.0</ele>
      </trkpt>
      <trkpt lat="37.74825" lon="-119.52747">
        <ele>2440.0</ele>
      </trkpt>
      <trkpt lat="37.74807" lon="-119.52733">
        <ele>2417.0</ele>
      </trkpt>
      <trkpt lat="37.74837" lon="-119.52734">
        <ele>2423.0</ele>
      </trkpt>
      <trkpt lat="37.74827" lon="-119.52721">
        <ele>2423.0</ele>
      </trkpt>
      <trkpt lat="37.7485" lon="-119.52724">
        <ele>2416.0</ele>
      </trkpt>
      <trkpt lat="37.74844" lon="-119.52711">
        <ele>2423.0</ele>
      </trkpt>
      <trkpt lat="37.7488" lon="-119.52718">
        <ele>2409.0</ele>
      </trkpt>
      <trkpt lat="37.74887" lon="-119.52708">
        <ele>2405.0</ele>
      </trkpt>
      <trkpt lat="37.74891" lon="-119.52689">
        <ele>2405.0</ele>
      </trkpt>
      <trkpt lat="37.74896" lon="-119.52675">
        <ele>2401.0</ele>
      </trkpt>
      <trkpt lat="37.74913" lon="-119.52664">
        <ele>2401.0</ele>
      </trkpt>
      <trkpt lat="37.74954" lon="-119.52613">
        <ele>2398.0</ele>
      </trkpt>
      <trkpt lat="37.74966" lon="-119.52551">
        <ele>2396.0</ele>
      </trkpt>
      <trkpt lat="37.74967" lon="-119.52517">
        <ele>2396.0</ele>
      </trkpt>
      <trkpt lat="37.7496556161773" lon="-119.525128446734">
        <ele>2396.0</ele>
      </trkpt>
      <trkpt lat="37.7496556161773" lon="-119.525128446734">
        <ele>2396.0</ele>
      </trkpt>
      <trkpt lat="37.74958" lon="-119.52491">
        <ele>2393.0</ele>
      </trkpt>
      <trkpt lat="37.74959" lon="-119.52481">
        <ele>2396.0</ele>
      </trkpt>
      <trkpt lat="37.74951" lon="-119.52465">
        <ele>2391.0</ele>
      </trkpt>
      <trkpt lat="37.74951" lon="-119.52442">
        <ele>2391.0</ele>
      </trkpt>
      <trkpt lat="37.74953" lon="-119.52431">
        <ele>2391.0</ele>
      </trkpt>
      <trkpt lat="37.74957" lon="-119.52422">
        <ele>2389.0</ele>
      </trkpt>
      <trkpt lat="37.74972" lon="-119.52407">
        <ele>2395.0</ele>
      </trkpt>
      <trkpt lat="37.75001" lon="-119.52387">
        <ele>2395.0</ele>
      </trkpt>
      <trkpt lat="37.75005" lon="-119.52367">
        <ele>2395.0</ele>
      </trkpt>
      <trkpt lat="37.75005" lon="-119.52345">
        <ele>2393.0</ele>
      </trkpt>
      <trkpt lat="37.74998" lon="-119.52317">
        <ele>2392.0</ele>
      </trkpt>
      <trkpt lat="37.75014" lon="-119.523">
        <ele>2397.0</ele>
      </trkpt>
      <trkpt lat="37.75015" lon="-119.52286">
        <ele>2397.0</ele>
      </trkpt>
      <trkpt lat="37.75011" lon="-119.52265">
        <ele>2391.0</ele>
      </trkpt>
      <trkpt lat="37.75025" lon="-119.52244">
        <ele>2395.0</ele>
      </trkpt>
      <trkpt lat="37.75041" lon="-119.52206">
        <ele>2386.0</ele>
      </trkpt>
      <trkpt lat="37.75056" lon="-119.52187">
        <ele>2391.0</ele>
      </trkpt>
      <trkpt lat="37.75059" lon="-119.52178">
        <ele>2385.0</ele>
      </trkpt>
      <trkpt lat="37.75059" lon="-119.52161">
        <ele>2385.0</ele>
      </trkpt>
      <trkpt lat="37.75066" lon="-119.52147">
        <ele>2375.0</ele>
      </trkpt>
      <trkpt lat="37.75105" lon="-119.52125">
        <ele>2363.0</ele>
      </trkpt>
      <trkpt lat="37.75113" lon="-119.52132">
        <ele>2370.0</ele>
      </trkpt>
      <trkpt lat="37.75111" lon="-119.52174">
        <ele>2373.0</ele>
      </trkpt>
      <trkpt lat="37.75113" lon="-119.52179">
        <ele>2373.0</ele>
      </trkpt>
      <trkpt lat="37.75119" lon="-119.52178">
        <ele>2373.0</ele>
      </trkpt>
      <trkpt lat="37.75144" lon="-119.52156">
        <ele>2355.0</ele>
      </trkpt>
      <trkpt lat="37.75157" lon="-119.52187">
        <ele>2338.0</ele>
      </trkpt>
      <trkpt lat="37.75175" lon="-119.52182">
        <ele>2338.0</ele>
      </trkpt>
      <trkpt lat="37.75195" lon="-119.52167">
        <ele>2332.0</ele>
      </trkpt>
      <trkpt lat="37.75209" lon="-119.52117">
        <ele>2322.0</ele>
      </trkpt>
      <trkpt lat="37.75226" lon="-119.51983">
        <ele>2313.0</ele>
      </trkpt>
      <trkpt lat="37.75226" lon="-119.51952">
        <ele>2308.0</ele>
      </trkpt>
      <trkpt lat="37.7522" lon="-119.51924">
        <ele>2304.0</ele>
      </trkpt>
      <trkpt lat="37.75225" lon="-119.51904">
        <ele>2304.0</ele>
      </trkpt>
      <trkpt lat="37.75221" lon="-119.51882">
        <ele>2302.0</ele>
      </trkpt>
      <trkpt lat="37.75219" lon="-119.51848">
        <ele>2302.0</ele>
      </trkpt>
      <trkpt lat="37.75188" lon="-119.51795">
        <ele>2299.0</ele>
      </trkpt>
      <trkpt lat="37.75171" lon="-119.51777">
        <ele>2289.0</ele>
      </trkpt>
      <trkpt lat="37.75159" lon="-119.51729">
        <ele>2286.0</ele>
      </trkpt>
      <trkpt lat="37.75154" lon="-119.51686">
        <ele>2284.0</ele>
      </trkpt>
      <trkpt lat="37.75153" lon="-119.51653">
        <ele>2282.0</ele>
      </trkpt>
      <trkpt lat="37.7515" lon="-119.51644">
        <ele>2281.0</ele>
      </trkpt>
      <trkpt lat="37.7514" lon="-119.51629">
        <ele>2281.0</ele>
      </trkpt>
      <trkpt lat="37.75113" lon="-119.51604">
        <ele>2273.0</ele>
      </trkpt>
      <trkpt lat="37.75083" lon="-119.5158">
        <ele>2267.0</ele>
      </trkpt>
      <trkpt lat="37.75066" lon="-119.51577">
        <ele>2262.0</ele>
      </trkpt>
      <trkpt lat="37.75046" lon="-119.51581">
        <ele>2262.0</ele>
      </trkpt>
      <trkpt lat="37.75028" lon="-119.51579">
        <ele>2258.0</ele>
      </trkpt>
      <trkpt lat="37.75016" lon="-119.51582">
        <ele>2258.0</ele>
      </trkpt>
      <trkpt lat="37.74969" lon="-119.51606">
        <ele>2246.0</ele>
      </trkpt>
      <trkpt lat="37.74942" lon="-119.51608">
        <ele>2240.0</ele>
      </trkpt>
      <trkpt lat="37.74921" lon="-119.51574">
        <ele>2235.0</ele>
      </trkpt>
      <trkpt lat="37.7491305114845" lon="-119.515514085272">
        <ele>2232.0</ele>
      </trkpt>
      <trkpt lat="37.7491305114845" lon="-119.515514085272">
        <ele>2232.0</ele>
      </trkpt>
      <trkpt lat="37.74902" lon="-119.5152">
        <ele>2220.0</ele>
      </trkpt>
      <trkpt lat="37.74899" lon="-119.51496">
        <ele>2219.0</ele>
      </trkpt>
      <trkpt lat="37.7489" lon="-119.51469">
        <ele>2217.0</ele>
      </trkpt>
      <trkpt lat="37.74881" lon="-119.51453">
        <ele>2219.0</ele>
      </trkpt>
      <trkpt lat="37.74873" lon="-119.51449">
        <ele>2211.0</ele>
      </trkpt>
      <trkpt lat="37.74848" lon="-119.51471">
        <ele>2212.0</ele>
      </trkpt>
      <trkpt lat="37.7483" lon="-119.51498">
        <ele>2207.0</ele>
      </trkpt>
      <trkpt lat="37.74814" lon="-119.51503">
        <ele>2199.0</ele>
      </trkpt>
      <trkpt lat="37.74803" lon="-119.51482">
        <ele>2199.0</ele>
      </trkpt>
      <trkpt lat="37.74809" lon="-119.5143">
        <ele>2201.0</ele>
      </trkpt>
      <trkpt lat="37.74809" lon="-119.51412">
        <ele>2201.0</ele>
      </trkpt>
      <trkpt lat="37.74803" lon="-119.51401">
        <ele>2198.0</ele>
      </trkpt>
      <trkpt lat="37.74782" lon="-119.51395">
        <ele>2186.0</ele>
      </trkpt>
      <trkpt lat="37.74769" lon="-119.51397">
        <ele>2186.0</ele>
      </trkpt>
      <trkpt lat="37.74743" lon="-119.51378">
        <ele>2177.0</ele>
      </trkpt>
      <trkpt lat="37.74715" lon="-119.51365">
        <ele>2170.0</ele>
      </trkpt>
      <trkpt lat="37.74706" lon="-119.51379">
        <ele>2170.0</ele>
      </trkpt>
      <trkpt lat="37.74682" lon="-119.51375">
        <ele>2170.0</ele>
      </trkpt>
      <trkpt lat="37.74654" lon="-119.5136">
        <ele>2166.0</ele>
      </trkpt>
      <trkpt lat="37.74639" lon="-119.51325">
        <ele>2161.0</ele>
      </trkpt>
      <trkpt lat="37.74623" lon="-119.51317">
        <ele>2152.0</ele>
      </trkpt>
      <trkpt lat="37.74619" lon="-119.5133">
        <ele>2152.0</ele>
      </trkpt>
      <trkpt lat="37.7461" lon="-119.51337">
        <ele>2152.0</ele>
      </trkpt>
      <trkpt lat="37.7458732113623" lon="-119.5131944217">
        <ele>2143.0</ele>
      </trkpt>
      <trkpt lat="37.7458732113623" lon="-119.5131944217">
        <ele>2143.0</ele>
      </trkpt>
      <trkpt lat="37.74579" lon="-119.51313">
        <ele>2143.0</ele>
      </trkpt>
      <trkpt lat="37.74568" lon="-119.51317">
        <ele>2142.0</ele>
      </trkpt>
      <trkpt lat="37.7456" lon="-119.51304">
        <ele>2142.0</ele>
      </trkpt>
      <trkpt lat="37.74537" lon="-119.51288">
        <ele>2141.0</ele>
      </trkpt>
      <trkpt lat="37.74521" lon="-119.51282">
        <ele>2141.0</ele>
      </trkpt>
      <trkpt lat="37.74506" lon="-119.51272">
        <ele>2136.0</ele>
      </trkpt>
      <trkpt lat="37.74506" lon="-119.51272">
        <ele>2136.0</ele>
      </trkpt>
      <trkpt lat="37.74506" lon="-119.51272">
        <ele>2136.0</ele>
      </trkpt>
      <trkpt lat="37.74506" lon="-119.51272">
        <ele>2136.0</ele>
      </trkpt>
      <trkpt lat="37.74506" lon="-119.51272">
        <ele>2136.0</ele>
      </trkpt>
      <trkpt lat="37.74506" lon="-119.51243">
        <ele>2134.0</ele>
      </trkpt>
      <trkpt lat="37.74499" lon="-119.51209">
        <ele>2135.0</ele>
      </trkpt>
      <trkpt lat="37.745" lon="-119.51188">
        <ele>2130.0</ele>
      </trkpt>
      <trkpt lat="37.74489" lon="-119.51151">
        <ele>2129.0</ele>
      </trkpt>
      <trkpt lat="37.74478" lon="-119.51069">
        <ele>2127.0</ele>
      </trkpt>
      <trkpt lat="37.74458" lon="-119.50991">
        <ele>2126.0</ele>
      </trkpt>
      <trkpt lat="37.74457" lon="-119.50978">
        <ele>2129.0</ele>
      </trkpt>
      <trkpt lat="37.7445" lon="-119.50962">
        <ele>2129.0</ele>
      </trkpt>
      <trkpt lat="37.74451" lon="-119.5094">
        <ele>2133.0</ele>
      </trkpt>
      <trkpt lat="37.74444" lon="-119.50928">
        <ele>2137.0</ele>
      </trkpt>
      <trkpt lat="37.74444" lon="-119.50928">
        <ele>2137.0</ele>
      </trkpt>
      <trkpt lat="37.7443" lon="-119.50905">
        <ele>2134.0</ele>
      </trkpt>
      <trkpt lat="37.74425" lon="-119.50871">
        <ele>2141.0</ele>
      </trkpt>
      <trkpt lat="37.74427" lon="-119.50845">
        <ele>2144.0</ele>
      </trkpt>
      <trkpt lat="37.74431" lon="-119.50844">
        <ele>2150.0</ele>
      </trkpt>
      <trkpt lat="37.74439" lon="-119.50852">
        <ele>2146.0</ele>
      </trkpt>
      <trkpt lat="37.74442" lon="-119.50849">
        <ele>2146.0</ele>
      </trkpt>
      <trkpt lat="37.7443" lon="-119.50809">
        <ele>2149.0</ele>
      </trkpt>
      <trkpt lat="37.74429" lon="-119.5079">
        <ele>2155.0</ele>
      </trkpt>
      <trkpt lat="37.74424" lon="-119.50782">
        <ele>2155.0</ele>
      </trkpt>
      <trkpt lat="37.74429" lon="-119.50769">
        <ele>2155.0</ele>
      </trkpt>
      <trkpt lat="37.74429" lon="-119.50758">
        <ele>2158.0</ele>
      </trkpt>
      <trkpt lat="37.74392" lon="-119.50697">
        <ele>2158.0</ele>
      </trkpt>
      <trkpt lat="37.74372" lon="-119.50657">
        <ele>2158.0</ele>
      </trkpt>
      <trkpt lat="37.74378" lon="-119.50604">
        <ele>2164.0</ele>
      </trkpt>
      <trkpt lat="37.74371" lon="-119.50585">
        <ele>2165.0</ele>
      </trkpt>
      <trkpt lat="37.74367" lon="-119.50562">
        <ele>2166.0</ele>
      </trkpt>
      <trkpt lat="37.74374" lon="-119.50541">
        <ele>2169.0</ele>
      </trkpt>
      <trkpt lat="37.74392" lon="-119.50507">
        <ele>2178.0</ele>
      </trkpt>
      <trkpt lat="37.744" lon="-119.50459">
        <ele>2185.0</ele>
      </trkpt>
      <trkpt lat="37.74401" lon="-119.50436">
        <ele>2189.0</ele>
      </trkpt>
      <trkpt lat="37.74397" lon="-119.50416">
        <ele>2190.0</ele>
      </trkpt>
      <trkpt lat="37.74402" lon="-119.50396">
        <ele>2188.0</ele>
      </trkpt>
      <trkpt lat="37.74409" lon="-119.50379">
        <ele>2187.0</ele>
      </trkpt>
      <trkpt lat="37.74421" lon="-119.5037">
        <ele>2182.0</ele>
      </trkpt>
      <trkpt lat="37.74421" lon="-119.5037">
        <ele>2182.0</ele>
      </trkpt>
      <trkpt lat="37.74421" lon="-119.5037">
        <ele>2182.0</ele>
      </trkpt>
      <trkpt lat="37.74434" lon="-119.50338">
        <ele>2187.0</ele>
      </trkpt>
      <trkpt lat="37.74442" lon="-119.5033">
        <ele>2187.0</ele>
      </trkpt>
      <trkpt lat="37.74439" lon="-119.5032">
        <ele>2187.0</ele>
      </trkpt>
      <trkpt lat="37.744" lon="-119.50315">
        <ele>2184.0</ele>
      </trkpt>
      <trkpt lat="37.74379" lon="-119.50303">
        <ele>2184.0</ele>
      </trkpt>
      <trkpt lat="37.74365" lon="-119.50298">
        <ele>2186.0</ele>
      </trkpt>
      <trkpt lat="37.74354" lon="-119.50274">
        <ele>2190.0</ele>
      </trkpt>
      <trkpt lat="37.74362" lon="-119.50265">
        <ele>2190.0</ele>
      </trkpt>
      <trkpt lat="37.74357" lon="-119.50252">
        <ele>2193.0</ele>
      </trkpt>
      <trkpt lat="37.74375" lon="-119.50223">
        <ele>2195.0</ele>
      </trkpt>
      <trkpt lat="37.7442" lon="-119.50186">
        <ele>2207.0</ele>
      </trkpt>
      <trkpt lat="37.74436" lon="-119.50166">
        <ele>2213.0</ele>
      </trkpt>
      <trkpt lat="37.74458" lon="-119.50073">
        <ele>2215.0</ele>
      </trkpt>
      <trkpt lat="37.74433" lon="-119.50033">
        <ele>2221.0</ele>
      </trkpt>
      <trkpt lat="37.74433" lon="-119.50019">
        <ele>2221.0</ele>
      </trkpt>
      <trkpt lat="37.74427" lon="-119.49997">
        <ele>2229.0</ele>
      </trkpt>
      <trkpt lat="37.74427" lon="-119.49976">
        <ele>2233.0</ele>
      </trkpt>
      <trkpt lat="37.74415" lon="-119.49942">
        <ele>2239.0</ele>
      </trkpt>
      <trkpt lat="37.74392" lon="-119.49905">
        <ele>2241.0</ele>
      </trkpt>
      <trkpt lat="37.74377" lon="-119.49845">
        <ele>2237.0</ele>
      </trkpt>
      <trkpt lat="37.74384" lon="-119.49809">
        <ele>2237.0</ele>
      </trkpt>
      <trkpt lat="37.74387" lon="-119.49781">
        <ele>2237.0</ele>
      </trkpt>
      <trkpt lat="37.74382" lon="-119.49762">
        <ele>2242.0</ele>
      </trkpt>
      <trkpt lat="37.74375" lon="-119.49753">
        <ele>2244.0</ele>
      </trkpt>
      <trkpt lat="37.74368" lon="-119.49731">
        <ele>2251.0</ele>
      </trkpt>
      <trkpt lat="37.74372" lon="-119.49707">
        <ele>2254.0</ele>
      </trkpt>
      <trkpt lat="37.743741230982" lon="-119.497046999769">
        <ele>2254.0</ele>
      </trkpt>
      <trkpt lat="37.743741230982" lon="-119.497046999769">
        <ele>2254.0</ele>
      </trkpt>
      <trkpt lat="37.7442" lon="-119.49655">
        <ele>2256.0</ele>
      </trkpt>
      <trkpt lat="37.74439" lon="-119.49619">
        <ele>2261.0</ele>
      </trkpt>
      <trkpt lat="37.74477" lon="-119.49562">
        <ele>2262.0</ele>
      </trkpt>
      <trkpt lat="37.74507" lon="-119.49534">
        <ele>2263.0</ele>
      </trkpt>
      <trkpt lat="37.74516" lon="-119.49519">
        <ele>2266.0</ele>
      </trkpt>
      <trkpt lat="37.74537" lon="-119.49466">
        <ele>2273.0</ele>
      </trkpt>
      <trkpt lat="37.74561" lon="-119.49431">
        <ele>2276.0</ele>
      </trkpt>
      <trkpt lat="37.74569" lon="-119.49427">
        <ele>2281.0</ele>
      </trkpt>
      <trkpt lat="37.74597" lon="-119.494">
        <ele>2281.0</ele>
      </trkpt>
      <trkpt lat="37.74602" lon="-119.49386">
        <ele>2281.0</ele>
      </trkpt>
      <trkpt lat="37.74603" lon="-119.49372">
        <ele>2283.0</ele>
      </trkpt>
      <trkpt lat="37.74613" lon="-119.49349">
        <ele>2283.0</ele>
      </trkpt>
      <trkpt lat="37.74619" lon="-119.49343">
        <ele>2285.0</ele>
      </trkpt>
      <trkpt lat="37.74619" lon="-119.49325">
        <ele>2285.0</ele>
      </trkpt>
      <trkpt lat="37.74629" lon="-119.49317">
        <ele>2295.0</ele>
      </trkpt>
      <trkpt lat="37.74642" lon="-119.49301">
        <ele>2295.0</ele>
      </trkpt>
      <trkpt lat="37.74686" lon="-119.49275">
        <ele>2297.0</ele>
      </trkpt>
      <trkpt lat="37.74696" lon="-119.49265">
        <ele>2297.0</ele>
      </trkpt>
      <trkpt lat="37.74731" lon="-119.49237">
        <ele>2299.0</ele>
      </trkpt>
      <trkpt lat="37.74737" lon="-119.49217">
        <ele>2300.0</ele>
      </trkpt>
      <trkpt lat="37.74738" lon="-119.49166">
        <ele>2304.0</ele>
      </trkpt>
      <trkpt lat="37.74748" lon="-119.49147">
        <ele>2307.0</ele>
      </trkpt>
      <trkpt lat="37.74765" lon="-119.49132">
        <ele>2313.0</ele>
      </trkpt>
      <trkpt lat="37.74792" lon="-119.49093">
        <ele>2311.0</ele>
      </trkpt>
      <trkpt lat="37.74803" lon="-119.49053">
        <ele>2313.0</ele>
      </trkpt>
      <trkpt lat="37.74805" lon="-119.4903">
        <ele>2316.0</ele>
      </trkpt>
      <trkpt lat="37.74814" lon="-119.48986">
        <ele>2324.0</ele>
      </trkpt>
      <trkpt lat="37.74828" lon="-119.48968">
        <ele>2318.0</ele>
      </trkpt>
      <trkpt lat="37.74849" lon="-119.48927">
        <ele>2327.0</ele>
      </trkpt>
      <trkpt lat="37.74863" lon="-119.48909">
        <ele>2327.0</ele>
      </trkpt>
      <trkpt lat="37.74867" lon="-119.48892">
        <ele>2328.0</ele>
      </trkpt>
      <trkpt lat="37.74877" lon="-119.48871">
        <ele>2334.0</ele>
      </trkpt>
      <trkpt lat="37.74878" lon="-119.48832">
        <ele>2335.0</ele>
      </trkpt>
      <trkpt lat="37.74884" lon="-119.488">
        <ele>2336.0</ele>
      </trkpt>
      <trkpt lat="37.74883" lon="-119.48785">
        <ele>2338.0</ele>
      </trkpt>
      <trkpt lat="37.74887" lon="-119.4877">
        <ele>2338.0</ele>
      </trkpt>
      <trkpt lat="37.74883" lon="-119.4873">
        <ele>2344.0</ele>
      </trkpt>
      <trkpt lat="37.74883" lon="-119.4873">
        <ele>2344.0</ele>
      </trkpt>
      <trkpt lat="37.74881" lon="-119.48709">
        <ele>2344.0</ele>
      </trkpt>
      <trkpt lat="37.74882" lon="-119.48688">
        <ele>2345.0</ele>
      </trkpt>
      <trkpt lat="37.74896" lon="-119.48647">
        <ele>2351.0</ele>
      </trkpt>
      <trkpt lat="37.74916" lon="-119.48549">
        <ele>2362.0</ele>
      </trkpt>
      <trkpt lat="37.74924" lon="-119.48536">
        <ele>2367.0</ele>
      </trkpt>
      <trkpt lat="37.74929" lon="-119.48516">
        <ele>2367.0</ele>
      </trkpt>
      <trkpt lat="37.74942" lon="-119.48492">
        <ele>2371.0</ele>
      </trkpt>
      <trkpt lat="37.74961" lon="-119.48474">
        <ele>2375.0</ele>
      </trkpt>
      <trkpt lat="37.7497" lon="-119.48428">
        <ele>2383.0</ele>
      </trkpt>
      <trkpt lat="37.74975" lon="-119.48414">
        <ele>2383.0</ele>
      </trkpt>
      <trkpt lat="37.75011" lon="-119.48371">
        <ele>2383.0</ele>
      </trkpt>
      <trkpt lat="37.75043" lon="-119.48313">
        <ele>2386.0</ele>
      </trkpt>
      <trkpt lat="37.75063" lon="-119.48288">
        <ele>2384.0</ele>
      </trkpt>
      <trkpt lat="37.75095" lon="-119.48268">
        <ele>2390.0</ele>
      </trkpt>
      <trkpt lat="37.7511" lon="-119.48264">
        <ele>2392.0</ele>
      </trkpt>
      <trkpt lat="37.75133" lon="-119.48277">
        <ele>2393.0</ele>
      </trkpt>
      <trkpt lat="37.75143" lon="-119.48277">
        <ele>2393.0</ele>
      </trkpt>
      <trkpt lat="37.75167" lon="-119.48252">
        <ele>2396.0</ele>
      </trkpt>
      <trkpt lat="37.75184" lon="-119.48252">
        <ele>2394.0</ele>
      </trkpt>
      <trkpt lat="37.75195" lon="-119.48257">
        <ele>2394.0</ele>
      </trkpt>
      <trkpt lat="37.75225" lon="-119.48257">
        <ele>2391.0</ele>
      </trkpt>
      <trkpt lat="37.75242" lon="-119.48273">
        <ele>2396.0</ele>
      </trkpt>
      <trkpt lat="37.75253" lon="-119.48291">
        <ele>2396.0</ele>
      </trkpt>
      <trkpt lat="37.75261" lon="-119.48298">
        <ele>2399.0</ele>
      </trkpt>
      <trkpt lat="37.7527" lon="-119.483">
        <ele>2401.0</ele>
      </trkpt>
      <trkpt lat="37.75302" lon="-119.48288">
        <ele>2405.0</ele>
      </trkpt>
      <trkpt lat="37.75334" lon="-119.48264">
        <ele>2407.0</ele>
      </trkpt>
      <trkpt lat="37.75334" lon="-119.48264">
        <ele>2407.0</ele>
      </trkpt>
      <trkpt lat="37.75343" lon="-119.48258">
        <ele>2404.0</ele>
      </trkpt>
      <trkpt lat="37.75357" lon="-119.48255">
        <ele>2406.0</ele>
      </trkpt>
      <trkpt lat="37.75384" lon="-119.4823">
        <ele>2412.0</ele>
      </trkpt>
      <trkpt lat="37.75406" lon="-119.48189">
        <ele>2409.0</ele>
      </trkpt>
      <trkpt lat="37.75487" lon="-119.48081">
        <ele>2411.0</ele>
      </trkpt>
      <trkpt lat="37.75514" lon="-119.4806">
        <ele>2418.0</ele>
      </trkpt>
      <trkpt lat="37.75521" lon="-119.48048">
        <ele>2418.0</ele>
      </trkpt>
      <trkpt lat="37.75538" lon="-119.48036">
        <ele>2421.0</ele>
      </trkpt>
      <trkpt lat="37.75555" lon="-119.48015">
        <ele>2422.0</ele>
      </trkpt>
      <trkpt lat="37.75596" lon="-119.48012">
        <ele>2420.0</ele>
      </trkpt>
      <trkpt lat="37.75623" lon="-119.47988">
        <ele>2420.0</ele>
      </trkpt>
      <trkpt lat="37.75637" lon="-119.4796">
        <ele>2419.0</ele>
      </trkpt>
      <trkpt lat="37.7563930691149" lon="-119.479501132365">
        <ele>2419.0</ele>
      </trkpt>
      <trkpt lat="37.7563930691149" lon="-119.479501132365">
        <ele>2419.0</ele>
      </trkpt>
      <trkpt lat="37.75644" lon="-119.4793">
        <ele>2422.0</ele>
      </trkpt>
      <trkpt lat="37.75634" lon="-119.47912">
        <ele>2422.0</ele>
      </trkpt>
      <trkpt lat="37.75634" lon="-119.479">
        <ele>2424.0</ele>
      </trkpt>
      <trkpt lat="37.75634" lon="-119.479">
        <ele>2424.0</ele>
      </trkpt>
      <trkpt lat="37.75634" lon="-119.479">
        <ele>2424.0</ele>
      </trkpt>
      <trkpt lat="37.75647" lon="-119.47902">
        <ele>2424.0</ele>
      </trkpt>
      <trkpt lat="37.75664" lon="-119.47921">
        <ele>2425.0</ele>
      </trkpt>
      <trkpt lat="37.75675" lon="-119.47922">
        <ele>2425.0</ele>
      </trkpt>
      <trkpt lat="37.75693" lon="-119.47898">
        <ele>2434.0</ele>
      </trkpt>
      <trkpt lat="37.7571" lon="-119.47886">
        <ele>2436.0</ele>
      </trkpt>
      <trkpt lat="37.7573" lon="-119.4788">
        <ele>2436.0</ele>
      </trkpt>
      <trkpt lat="37.75739" lon="-119.4787">
        <ele>2442.0</ele>
      </trkpt>
      <trkpt lat="37.7573900060169" lon="-119.478699996412">
        <ele>2442.0</ele>
      </trkpt>
      <trkpt lat="37.75739" lon="-119.4787">
        <ele>2442.0</ele>
      </trkpt>
      <trkpt lat="37.75769" lon="-119.47846">
        <ele>2445.0</ele>
      </trkpt>
      <trkpt lat="37.7579" lon="-119.47822">
        <ele>2445.0</ele>
      </trkpt>
      <trkpt lat="37.75803" lon="-119.47812">
        <ele>2447.0</ele>
      </trkpt>
      <trkpt lat="37.75819" lon="-119.47813">
        <ele>2447.0</ele>
      </trkpt>
      <trkpt lat="37.75843" lon="-119.4783">
        <ele>2443.0</ele>
      </trkpt>
      <trkpt lat="37.75856" lon="-119.47843">
        <ele>2445.0</ele>
      </trkpt>
      <trkpt lat="37.75861" lon="-119.47853">
        <ele>2443.0</ele>
      </trkpt>
      <trkpt lat="37.75875" lon="-119.47858">
        <ele>2443.0</ele>
      </trkpt>
      <trkpt lat="37.75881" lon="-119.47851">
        <ele>2445.0</ele>
      </trkpt>
      <trkpt lat="37.75889" lon="-119.47834">
        <ele>2447.0</ele>
      </trkpt>
      <trkpt lat="37.75908" lon="-119.47776">
        <ele>2446.0</ele>
      </trkpt>
      <trkpt lat="37.75921" lon="-119.47753">
        <ele>2449.0</ele>
      </trkpt>
      <trkpt lat="37.7594" lon="-119.47729">
        <ele>2451.0</ele>
      </trkpt>
      <trkpt lat="37.7595" lon="-119.47722">
        <ele>2451.0</ele>
      </trkpt>
      <trkpt lat="37.75958" lon="-119.47709">
        <ele>2451.0</ele>
      </trkpt>
      <trkpt lat="37.759685586658" lon="-119.476995527727">
        <ele>2451.0</ele>
      </trkpt>
      <trkpt lat="37.759685586658" lon="-119.476995527727">
        <ele>2451.0</ele>
      </trkpt>
      <trkpt lat="37.75977" lon="-119.47692">
        <ele>2451.0</ele>
      </trkpt>
      <trkpt lat="37.75996" lon="-119.4769">
        <ele>2451.0</ele>
      </trkpt>
      <trkpt lat="37.76007" lon="-119.47684">
        <ele>2451.0</ele>
      </trkpt>
      <trkpt lat="37.76031" lon="-119.47676">
        <ele>2451.0</ele>
      </trkpt>
      <trkpt lat="37.76052" lon="-119.47643">
        <ele>2450.0</ele>
      </trkpt>
      <trkpt lat="37.76052" lon="-119.47608">
        <ele>2454.0</ele>
      </trkpt>
      <trkpt lat="37.76065" lon="-119.47574">
        <ele>2458.0</ele>
      </trkpt>
      <trkpt lat="37.76069" lon="-119.47544">
        <ele>2460.0</ele>
      </trkpt>
      <trkpt lat="37.76054" lon="-119.47436">
        <ele>2458.0</ele>
      </trkpt>
      <trkpt lat="37.76054" lon="-119.47383">
        <ele>2459.0</ele>
      </trkpt>
      <trkpt lat="37.76051" lon="-119.47327">
        <ele>2459.0</ele>
      </trkpt>
      <trkpt lat="37.76061" lon="-119.47292">
        <ele>2460.0</ele>
      </trkpt>
      <trkpt lat="37.76058" lon="-119.4723">
        <ele>2467.0</ele>
      </trkpt>
      <trkpt lat="37.76061" lon="-119.47157">
        <ele>2461.0</ele>
      </trkpt>
      <trkpt lat="37.7608" lon="-119.47132">
        <ele>2466.0</ele>
      </trkpt>
      <trkpt lat="37.76095" lon="-119.47123">
        <ele>2468.0</ele>
      </trkpt>
      <trkpt lat="37.76102" lon="-119.47109">
        <ele>2469.0</ele>
      </trkpt>
      <trkpt lat="37.76144" lon="-119.47098">
        <ele>2473.0</ele>
      </trkpt>
      <trkpt lat="37.76163" lon="-119.47101">
        <ele>2477.0</ele>
      </trkpt>
      <trkpt lat="37.76172" lon="-119.47091">
        <ele>2472.0</ele>
      </trkpt>
      <trkpt lat="37.76194" lon="-119.47057">
        <ele>2476.0</ele>
      </trkpt>
      <trkpt lat="37.76198" lon="-119.47045">
        <ele>2476.0</ele>
      </trkpt>
      <trkpt lat="37.76207" lon="-119.47038">
        <ele>2474.0</ele>
      </trkpt>
      <trkpt lat="37.76213" lon="-119.47027">
        <ele>2481.0</ele>
      </trkpt>
      <trkpt lat="37.76211" lon="-119.4702">
        <ele>2481.0</ele>
      </trkpt>
      <trkpt lat="37.76218" lon="-119.47005">
        <ele>2484.0</ele>
      </trkpt>
      <trkpt lat="37.76235" lon="-119.46996">
        <ele>2484.0</ele>
      </trkpt>
      <trkpt lat="37.76236" lon="-119.46981">
        <ele>2491.0</ele>
      </trkpt>
      <trkpt lat="37.76227" lon="-119.46969">
        <ele>2491.0</ele>
      </trkpt>
      <trkpt lat="37.76221" lon="-119.46941">
        <ele>2492.0</ele>
      </trkpt>
      <trkpt lat="37.76224" lon="-119.46924">
        <ele>2494.0</ele>
      </trkpt>
      <trkpt lat="37.76235" lon="-119.46899">
        <ele>2497.0</ele>
      </trkpt>
      <trkpt lat="37.76243" lon="-119.46895">
        <ele>2505.0</ele>
      </trkpt>
      <trkpt lat="37.76255" lon="-119.46902">
        <ele>2505.0</ele>
      </trkpt>
      <trkpt lat="37.76259" lon="-119.46896">
        <ele>2505.0</ele>
      </trkpt>
      <trkpt lat="37.76259" lon="-119.46878">
        <ele>2505.0</ele>
      </trkpt>
      <trkpt lat="37.76272" lon="-119.46857">
        <ele>2518.0</ele>
      </trkpt>
      <trkpt lat="37.76308" lon="-119.46864">
        <ele>2523.0</ele>
      </trkpt>
      <trkpt lat="37.76313" lon="-119.46854">
        <ele>2523.0</ele>
      </trkpt>
      <trkpt lat="37.76313" lon="-119.46845">
        <ele>2523.0</ele>
      </trkpt>
      <trkpt lat="37.76328" lon="-119.46818">
        <ele>2526.0</ele>
      </trkpt>
      <trkpt lat="37.7634" lon="-119.46818">
        <ele>2526.0</ele>
      </trkpt>
      <trkpt lat="37.7635" lon="-119.46809">
        <ele>2532.0</ele>
      </trkpt>
      <trkpt lat="37.76356" lon="-119.46812">
        <ele>2532.0</ele>
      </trkpt>
      <trkpt lat="37.76361" lon="-119.46809">
        <ele>2532.0</ele>
      </trkpt>
      <trkpt lat="37.76374" lon="-119.46814">
        <ele>2532.0</ele>
      </trkpt>
      <trkpt lat="37.76389" lon="-119.4681">
        <ele>2538.0</ele>
      </trkpt>
      <trkpt lat="37.76414" lon="-119.46816">
        <ele>2547.0</ele>
      </trkpt>
      <trkpt lat="37.76428" lon="-119.46816">
        <ele>2547.0</ele>
      </trkpt>
      <trkpt lat="37.76463" lon="-119.46826">
        <ele>2554.0</ele>
      </trkpt>
      <trkpt lat="37.7648" lon="-119.46825">
        <ele>2554.0</ele>
      </trkpt>
      <trkpt lat="37.76497" lon="-119.46829">
        <ele>2559.0</ele>
      </trkpt>
      <trkpt lat="37.7651" lon="-119.46827">
        <ele>2559.0</ele>
      </trkpt>
      <trkpt lat="37.76526" lon="-119.46829">
        <ele>2565.0</ele>
      </trkpt>
      <trkpt lat="37.76536" lon="-119.46831">
        <ele>2565.0</ele>
      </trkpt>
      <trkpt lat="37.76559" lon="-119.46848">
        <ele>2571.0</ele>
      </trkpt>
      <trkpt lat="37.76605" lon="-119.4685">
        <ele>2582.0</ele>
      </trkpt>
      <trkpt lat="37.76619" lon="-119.46848">
        <ele>2582.0</ele>
      </trkpt>
      <trkpt lat="37.76626" lon="-119.4684">
        <ele>2590.0</ele>
      </trkpt>
      <trkpt lat="37.76621" lon="-119.4683">
        <ele>2582.0</ele>
      </trkpt>
      <trkpt lat="37.76608" lon="-119.4679">
        <ele>2591.0</ele>
      </trkpt>
      <trkpt lat="37.76607" lon="-119.46777">
        <ele>2591.0</ele>
      </trkpt>
      <trkpt lat="37.76592" lon="-119.4675">
        <ele>2589.0</ele>
      </trkpt>
      <trkpt lat="37.76591" lon="-119.46739">
        <ele>2589.0</ele>
      </trkpt>
      <trkpt lat="37.76578" lon="-119.46716">
        <ele>2595.0</ele>
      </trkpt>
      <trkpt lat="37.76577" lon="-119.46694">
        <ele>2601.0</ele>
      </trkpt>
      <trkpt lat="37.76579" lon="-119.4668">
        <ele>2607.0</ele>
      </trkpt>
      <trkpt lat="37.7658351956091" lon="-119.466670869688">
        <ele>2607.0</ele>
      </trkpt>
      <trkpt lat="37.7658351956091" lon="-119.466670869688">
        <ele>2607.0</ele>
      </trkpt>
      <trkpt lat="37.76593" lon="-119.4664">
        <ele>2610.0</ele>
      </trkpt>
      <trkpt lat="37.76592" lon="-119.46632">
        <ele>2610.0</ele>
      </trkpt>
      <trkpt lat="37.76607" lon="-119.46588">
        <ele>2617.0</ele>
      </trkpt>
      <trkpt lat="37.7661" lon="-119.46566">
        <ele>2618.0</ele>
      </trkpt>
      <trkpt lat="37.7662" lon="-119.46533">
        <ele>2620.0</ele>
      </trkpt>
      <trkpt lat="37.7662" lon="-119.46533">
        <ele>2620.0</ele>
      </trkpt>
      <trkpt lat="37.76627" lon="-119.46512">
        <ele>2629.0</ele>
      </trkpt>
      <trkpt lat="37.76639" lon="-119.46511">
        <ele>2629.0</ele>
      </trkpt>
      <trkpt lat="37.76652" lon="-119.46533">
        <ele>2626.0</ele>
      </trkpt>
      <trkpt lat="37.76652" lon="-119.46533">
        <ele>2626.0</ele>
      </trkpt>
      <trkpt lat="37.76661" lon="-119.46544">
        <ele>2637.0</ele>
      </trkpt>
      <trkpt lat="37.76661" lon="-119.46554">
        <ele>2637.0</ele>
      </trkpt>
      <trkpt lat="37.7667" lon="-119.46563">
        <ele>2637.0</ele>
      </trkpt>
      <trkpt lat="37.76683" lon="-119.46587">
        <ele>2647.0</ele>
      </trkpt>
      <trkpt lat="37.76696" lon="-119.46602">
        <ele>2644.0</ele>
      </trkpt>
      <trkpt lat="37.76699" lon="-119.46611">
        <ele>2644.0</ele>
      </trkpt>
      <trkpt lat="37.76706" lon="-119.46624">
        <ele>2644.0</ele>
      </trkpt>
      <trkpt lat="37.76712" lon="-119.46623">
        <ele>2657.0</ele>
      </trkpt>
      <trkpt lat="37.76719" lon="-119.46628">
        <ele>2654.0</ele>
      </trkpt>
      <trkpt lat="37.76723" lon="-119.46636">
        <ele>2654.0</ele>
      </trkpt>
      <trkpt lat="37.76748" lon="-119.46638">
        <ele>2665.0</ele>
      </trkpt>
      <trkpt lat="37.76795" lon="-119.46652">
        <ele>2672.0</ele>
      </trkpt>
      <trkpt lat="37.7680519576726" lon="-119.466525366193">
        <ele>2672.0</ele>
      </trkpt>
      <trkpt lat="37.7680519576726" lon="-119.466525366193">
        <ele>2672.0</ele>
      </trkpt>
      <trkpt lat="37.76814" lon="-119.46653">
        <ele>2664.0</ele>
      </trkpt>
      <trkpt lat="37.7688" lon="-119.46648">
        <ele>2685.0</ele>
      </trkpt>
      <trkpt lat="37.76888" lon="-119.46643">
        <ele>2685.0</ele>
      </trkpt>
      <trkpt lat="37.76933" lon="-119.46601">
        <ele>2705.0</ele>
      </trkpt>
      <trkpt lat="37.76947" lon="-119.46593">
        <ele>2708.0</ele>
      </trkpt>
      <trkpt lat="37.76959" lon="-119.46576">
        <ele>2708.0</ele>
      </trkpt>
      <trkpt lat="37.76966" lon="-119.46554">
        <ele>2712.0</ele>
      </trkpt>
      <trkpt lat="37.7698" lon="-119.46551">
        <ele>2712.0</ele>
      </trkpt>
      <trkpt lat="37.76985" lon="-119.46535">
        <ele>2717.0</ele>
      </trkpt>
      <trkpt lat="37.76989" lon="-119.46533">
        <ele>2722.0</ele>
      </trkpt>
      <trkpt lat="37.76989" lon="-119.46533">
        <ele>2722.0</ele>
      </trkpt>
      <trkpt lat="37.76995" lon="-119.46531">
        <ele>2722.0</ele>
      </trkpt>
      <trkpt lat="37.77002" lon="-119.46524">
        <ele>2722.0</ele>
      </trkpt>
      <trkpt lat="37.77003" lon="-119.46512">
        <ele>2726.0</ele>
      </trkpt>
      <trkpt lat="37.77008" lon="-119.46506">
        <ele>2726.0</ele>
      </trkpt>
      <trkpt lat="37.77029" lon="-119.465">
        <ele>2732.0</ele>
      </trkpt>
      <trkpt lat="37.77045" lon="-119.46499">
        <ele>2736.0</ele>
      </trkpt>
      <trkpt lat="37.77058" lon="-119.4648">
        <ele>2738.0</ele>
      </trkpt>
      <trkpt lat="37.77065" lon="-119.46462">
        <ele>2738.0</ele>
      </trkpt>
      <trkpt lat="37.77071" lon="-119.46455">
        <ele>2736.0</ele>
      </trkpt>
      <trkpt lat="37.77071" lon="-119.46455">
        <ele>2736.0</ele>
      </trkpt>
      <trkpt lat="37.77083" lon="-119.46436">
        <ele>2736.0</ele>
      </trkpt>
      <trkpt lat="37.77109" lon="-119.46419">
        <ele>2740.0</ele>
      </trkpt>
      <trkpt lat="37.77131" lon="-119.46392">
        <ele>2739.0</ele>
      </trkpt>
      <trkpt lat="37.7715" lon="-119.46386">
        <ele>2739.0</ele>
      </trkpt>
      <trkpt lat="37.77175" lon="-119.46373">
        <ele>2745.0</ele>
      </trkpt>
      <trkpt lat="37.77191" lon="-119.46371">
        <ele>2753.0</ele>
      </trkpt>
      <trkpt lat="37.77201" lon="-119.46363">
        <ele>2753.0</ele>
      </trkpt>
      <trkpt lat="37.7721" lon="-119.4636">
        <ele>2756.0</ele>
      </trkpt>
      <trkpt lat="37.77243" lon="-119.4636">
        <ele>2760.0</ele>
      </trkpt>
      <trkpt lat="37.77252" lon="-119.46353">
        <ele>2760.0</ele>
      </trkpt>
      <trkpt lat="37.77262" lon="-119.46349">
        <ele>2760.0</ele>
      </trkpt>
      <trkpt lat="37.77281" lon="-119.4635">
        <ele>2770.0</ele>
      </trkpt>
      <trkpt lat="37.77291" lon="-119.46354">
        <ele>2770.0</ele>
      </trkpt>
      <trkpt lat="37.77296" lon="-119.4636">
        <ele>2776.0</ele>
      </trkpt>
      <trkpt lat="37.77297" lon="-119.46376">
        <ele>2776.0</ele>
      </trkpt>
      <trkpt lat="37.77303" lon="-119.46385">
        <ele>2776.0</ele>
      </trkpt>
      <trkpt lat="37.77312" lon="-119.46394">
        <ele>2776.0</ele>
      </trkpt>
      <trkpt lat="37.77329" lon="-119.46399">
        <ele>2775.0</ele>
      </trkpt>
      <trkpt lat="37.77333" lon="-119.46404">
        <ele>2775.0</ele>
      </trkpt>
      <trkpt lat="37.77388" lon="-119.4637">
        <ele>2774.0</ele>
      </trkpt>
      <trkpt lat="37.77415" lon="-119.46373">
        <ele>2778.0</ele>
      </trkpt>
      <trkpt lat="37.77422" lon="-119.46369">
        <ele>2778.0</ele>
      </trkpt>
      <trkpt lat="37.7742690459462" lon="-119.463702794595">
        <ele>2778.0</ele>
      </trkpt>
      <trkpt lat="37.7742690459462" lon="-119.463702794595">
        <ele>2778.0</ele>
      </trkpt>
      <trkpt lat="37.77445" lon="-119.46375">
        <ele>2778.0</ele>
      </trkpt>
      <trkpt lat="37.77469" lon="-119.46376">
        <ele>2774.0</ele>
      </trkpt>
      <trkpt lat="37.77491" lon="-119.46387">
        <ele>2773.0</ele>
      </trkpt>
      <trkpt lat="37.77495" lon="-119.46395">
        <ele>2773.0</ele>
      </trkpt>
      <trkpt lat="37.77506" lon="-119.46408">
        <ele>2773.0</ele>
      </trkpt>
      <trkpt lat="37.77515" lon="-119.46413">
        <ele>2774.0</ele>
      </trkpt>
      <trkpt lat="37.77517" lon="-119.46418">
        <ele>2774.0</ele>
      </trkpt>
      <trkpt lat="37.77516" lon="-119.46427">
        <ele>2774.0</ele>
      </trkpt>
      <trkpt lat="37.77522" lon="-119.46438">
        <ele>2773.0</ele>
      </trkpt>
      <trkpt lat="37.77533" lon="-119.46455">
        <ele>2773.0</ele>
      </trkpt>
      <trkpt lat="37.77546" lon="-119.46467">
        <ele>2774.0</ele>
      </trkpt>
      <trkpt lat="37.77557" lon="-119.46484">
        <ele>2774.0</ele>
      </trkpt>
      <trkpt lat="37.7756" lon="-119.46501">
        <ele>2777.0</ele>
      </trkpt>
      <trkpt lat="37.77566" lon="-119.46505">
        <ele>2777.0</ele>
      </trkpt>
      <trkpt lat="37.77575" lon="-119.46533">
        <ele>2773.0</ele>
      </trkpt>
      <trkpt lat="37.77575" lon="-119.46533">
        <ele>2773.0</ele>
      </trkpt>
      <trkpt lat="37.77578" lon="-119.4654">
        <ele>2773.0</ele>
      </trkpt>
      <trkpt lat="37.77579" lon="-119.46552">
        <ele>2772.0</ele>
      </trkpt>
      <trkpt lat="37.77591" lon="-119.46576">
        <ele>2773.0</ele>
      </trkpt>
      <trkpt lat="37.77592" lon="-119.46613">
        <ele>2775.0</ele>
      </trkpt>
      <trkpt lat="37.77583" lon="-119.46651">
        <ele>2776.0</ele>
      </trkpt>
      <trkpt lat="37.77584" lon="-119.46685">
        <ele>2775.0</ele>
      </trkpt>
      <trkpt lat="37.77611" lon="-119.46699">
        <ele>2775.0</ele>
      </trkpt>
      <trkpt lat="37.77623" lon="-119.46725">
        <ele>2773.0</ele>
      </trkpt>
      <trkpt lat="37.77642" lon="-119.46746">
        <ele>2772.0</ele>
      </trkpt>
      <trkpt lat="37.77649" lon="-119.46763">
        <ele>2772.0</ele>
      </trkpt>
      <trkpt lat="37.77658" lon="-119.46797">
        <ele>2769.0</ele>
      </trkpt>
      <trkpt lat="37.77698" lon="-119.46867">
        <ele>2773.0</ele>
      </trkpt>
      <trkpt lat="37.7771" lon="-119.46881">
        <ele>2776.0</ele>
      </trkpt>
      <trkpt lat="37.77725" lon="-119.46922">
        <ele>2778.0</ele>
      </trkpt>
      <trkpt lat="37.77725" lon="-119.46922">
        <ele>2778.0</ele>
      </trkpt>
      <trkpt lat="37.7773140246971" lon="-119.469184676029">
        <ele>2778.0</ele>
      </trkpt>
      <trkpt lat="37.7773140246971" lon="-119.469184676029">
        <ele>2778.0</ele>
      </trkpt>
      <trkpt lat="37.77783" lon="-119.4689">
        <ele>2774.0</ele>
      </trkpt>
      <trkpt lat="37.77806" lon="-119.46868">
        <ele>2772.0</ele>
      </trkpt>
      <trkpt lat="37.77831" lon="-119.4685">
        <ele>2772.0</ele>
      </trkpt>
      <trkpt lat="37.77849" lon="-119.46834">
        <ele>2771.0</ele>
      </trkpt>
      <trkpt lat="37.77868" lon="-119.46811">
        <ele>2768.0</ele>
      </trkpt>
      <trkpt lat="37.77901" lon="-119.46762">
        <ele>2763.0</ele>
      </trkpt>
      <trkpt lat="37.77952" lon="-119.46702">
        <ele>2753.0</ele>
      </trkpt>
      <trkpt lat="37.78016" lon="-119.46645">
        <ele>2748.0</ele>
      </trkpt>
      <trkpt lat="37.78048" lon="-119.4662">
        <ele>2742.0</ele>
      </trkpt>
      <trkpt lat="37.78083" lon="-119.46608">
        <ele>2744.0</ele>
      </trkpt>
      <trkpt lat="37.7812" lon="-119.46584">
        <ele>2743.0</ele>
      </trkpt>
      <trkpt lat="37.78142" lon="-119.46551">
        <ele>2738.0</ele>
      </trkpt>
      <trkpt lat="37.78152" lon="-119.46541">
        <ele>2733.0</ele>
      </trkpt>
      <trkpt lat="37.78163" lon="-119.46533">
        <ele>2732.0</ele>
      </trkpt>
      <trkpt lat="37.78163" lon="-119.46533">
        <ele>2732.0</ele>
      </trkpt>
      <trkpt lat="37.78188" lon="-119.46525">
        <ele>2730.0</ele>
      </trkpt>
      <trkpt lat="37.782" lon="-119.46516">
        <ele>2730.0</ele>
      </trkpt>
      <trkpt lat="37.78211" lon="-119.46513">
        <ele>2718.0</ele>
      </trkpt>
      <trkpt lat="37.78225" lon="-119.46515">
        <ele>2724.0</ele>
      </trkpt>
      <trkpt lat="37.78245" lon="-119.46507">
        <ele>2709.0</ele>
      </trkpt>
      <trkpt lat="37.78275" lon="-119.46483">
        <ele>2702.0</ele>
      </trkpt>
      <trkpt lat="37.78292" lon="-119.46474">
        <ele>2699.0</ele>
      </trkpt>
      <trkpt lat="37.78329" lon="-119.46441">
        <ele>2699.0</ele>
      </trkpt>
      <trkpt lat="37.78355" lon="-119.46409">
        <ele>2699.0</ele>
      </trkpt>
      <trkpt lat="37.78353" lon="-119.46366">
        <ele>2701.0</ele>
      </trkpt>
      <trkpt lat="37.78369" lon="-119.46335">
        <ele>2701.0</ele>
      </trkpt>
      <trkpt lat="37.7837616831387" lon="-119.463271148547">
        <ele>2700.0</ele>
      </trkpt>
      <trkpt lat="37.7837616831387" lon="-119.463271148547">
        <ele>2700.0</ele>
      </trkpt>
      <trkpt lat="37.78409" lon="-119.46291">
        <ele>2701.0</ele>
      </trkpt>
      <trkpt lat="37.78455" lon="-119.46252">
        <ele>2707.0</ele>
      </trkpt>
      <trkpt lat="37.7847" lon="-119.4625">
        <ele>2708.0</ele>
      </trkpt>
      <trkpt lat="37.78502" lon="-119.46259">
        <ele>2710.0</ele>
      </trkpt>
      <trkpt lat="37.7863" lon="-119.46236">
        <ele>2723.0</ele>
      </trkpt>
      <trkpt lat="37.78642" lon="-119.46235">
        <ele>2723.0</ele>
      </trkpt>
      <trkpt lat="37.78666" lon="-119.46238">
        <ele>2720.0</ele>
      </trkpt>
      <trkpt lat="37.78681" lon="-119.46236">
        <ele>2720.0</ele>
      </trkpt>
      <trkpt lat="37.78722" lon="-119.46211">
        <ele>2722.0</ele>
      </trkpt>
      <trkpt lat="37.78742" lon="-119.46193">
        <ele>2724.0</ele>
      </trkpt>
      <trkpt lat="37.78808" lon="-119.46155">
        <ele>2724.0</ele>
      </trkpt>
      <trkpt lat="37.78808" lon="-119.46155">
        <ele>2724.0</ele>
      </trkpt>
      <trkpt lat="37.7883" lon="-119.46141">
        <ele>2726.0</ele>
      </trkpt>
      <trkpt lat="37.78854" lon="-119.4613">
        <ele>2724.0</ele>
      </trkpt>
      <trkpt lat="37.78921" lon="-119.46111">
        <ele>2721.0</ele>
      </trkpt>
      <trkpt lat="37.7895" lon="-119.46095">
        <ele>2724.0</ele>
      </trkpt>
      <trkpt lat="37.78987" lon="-119.46082">
        <ele>2715.0</ele>
      </trkpt>
      <trkpt lat="37.79052" lon="-119.46052">
        <ele>2714.0</ele>
      </trkpt>
      <trkpt lat="37.79063" lon="-119.46044">
        <ele>2714.0</ele>
      </trkpt>
      <trkpt lat="37.79085" lon="-119.4601">
        <ele>2727.0</ele>
      </trkpt>
      <trkpt lat="37.79098" lon="-119.45996">
        <ele>2724.0</ele>
      </trkpt>
      <trkpt lat="37.79143" lon="-119.45973">
        <ele>2729.0</ele>
      </trkpt>
      <trkpt lat="37.79155" lon="-119.45962">
        <ele>2730.0</ele>
      </trkpt>
      <trkpt lat="37.79202" lon="-119.45902">
        <ele>2739.0</ele>
      </trkpt>
      <trkpt lat="37.79227" lon="-119.4588">
        <ele>2736.0</ele>
      </trkpt>
      <trkpt lat="37.79256" lon="-119.45863">
        <ele>2739.0</ele>
      </trkpt>
      <trkpt lat="37.79288" lon="-119.45866">
        <ele>2735.0</ele>
      </trkpt>
      <trkpt lat="37.79302" lon="-119.4586">
        <ele>2733.0</ele>
      </trkpt>
      <trkpt lat="37.79321" lon="-119.45843">
        <ele>2734.0</ele>
      </trkpt>
      <trkpt lat="37.79339" lon="-119.45818">
        <ele>2734.0</ele>
      </trkpt>
      <trkpt lat="37.79344" lon="-119.45814">
        <ele>2734.0</ele>
      </trkpt>
      <trkpt lat="37.79364" lon="-119.45822">
        <ele>2725.0</ele>
      </trkpt>
      <trkpt lat="37.79374" lon="-119.45832">
        <ele>2725.0</ele>
      </trkpt>
      <trkpt lat="37.794" lon="-119.45828">
        <ele>2718.0</ele>
      </trkpt>
      <trkpt lat="37.7940615114201" lon="-119.458397430893">
        <ele>2717.0</ele>
      </trkpt>
      <trkpt lat="37.7940615114201" lon="-119.458397430893">
        <ele>2717.0</ele>
      </trkpt>
      <trkpt lat="37.79411" lon="-119.45849">
        <ele>2717.0</ele>
      </trkpt>
      <trkpt lat="37.7943" lon="-119.45864">
        <ele>2717.0</ele>
      </trkpt>
      <trkpt lat="37.79437" lon="-119.45874">
        <ele>2713.0</ele>
      </trkpt>
      <trkpt lat="37.79441" lon="-119.45886">
        <ele>2714.0</ele>
      </trkpt>
      <trkpt lat="37.79451" lon="-119.45897">
        <ele>2714.0</ele>
      </trkpt>
      <trkpt lat="37.7949" lon="-119.45925">
        <ele>2703.0</ele>
      </trkpt>
      <trkpt lat="37.79505" lon="-119.45919">
        <ele>2703.0</ele>
      </trkpt>
      <trkpt lat="37.7952" lon="-119.45901">
        <ele>2706.0</ele>
      </trkpt>
      <trkpt lat="37.79533" lon="-119.45889">
        <ele>2706.0</ele>
      </trkpt>
      <trkpt lat="37.79563" lon="-119.45893">
        <ele>2707.0</ele>
      </trkpt>
      <trkpt lat="37.79588" lon="-119.45884">
        <ele>2710.0</ele>
      </trkpt>
      <trkpt lat="37.79618" lon="-119.45864">
        <ele>2712.0</ele>
      </trkpt>
      <trkpt lat="37.797" lon="-119.45824">
        <ele>2720.0</ele>
      </trkpt>
      <trkpt lat="37.79717" lon="-119.45822">
        <ele>2724.0</ele>
      </trkpt>
      <trkpt lat="37.79721" lon="-119.45825">
        <ele>2724.0</ele>
      </trkpt>
      <trkpt lat="37.79729" lon="-119.45821">
        <ele>2724.0</ele>
      </trkpt>
      <trkpt lat="37.79748" lon="-119.45794">
        <ele>2733.0</ele>
      </trkpt>
      <trkpt lat="37.79763" lon="-119.45796">
        <ele>2733.0</ele>
      </trkpt>
      <trkpt lat="37.79796" lon="-119.45792">
        <ele>2743.0</ele>
      </trkpt>
      <trkpt lat="37.7982" lon="-119.45802">
        <ele>2750.0</ele>
      </trkpt>
      <trkpt lat="37.79868" lon="-119.45802">
        <ele>2759.0</ele>
      </trkpt>
      <trkpt lat="37.79928" lon="-119.45817">
        <ele>2769.0</ele>
      </trkpt>
      <trkpt lat="37.79959" lon="-119.4582">
        <ele>2783.0</ele>
      </trkpt>
      <trkpt lat="37.79991" lon="-119.45812">
        <ele>2790.0</ele>
      </trkpt>
      <trkpt lat="37.80025" lon="-119.45775">
        <ele>2795.0</ele>
      </trkpt>
      <trkpt lat="37.80037" lon="-119.45775">
        <ele>2795.0</ele>
      </trkpt>
      <trkpt lat="37.80036" lon="-119.45808">
        <ele>2797.0</ele>
      </trkpt>
      <trkpt lat="37.80042" lon="-119.45823">
        <ele>2801.0</ele>
      </trkpt>
      <trkpt lat="37.80052" lon="-119.45831">
        <ele>2801.0</ele>
      </trkpt>
      <trkpt lat="37.8006" lon="-119.45842">
        <ele>2801.0</ele>
      </trkpt>
      <trkpt lat="37.80075" lon="-119.45854">
        <ele>2807.0</ele>
      </trkpt>
      <trkpt lat="37.80075" lon="-119.45854">
        <ele>2807.0</ele>
      </trkpt>
      <trkpt lat="37.80126" lon="-119.45848">
        <ele>2808.0</ele>
      </trkpt>
      <trkpt lat="37.80141" lon="-119.45858">
        <ele>2808.0</ele>
      </trkpt>
      <trkpt lat="37.80169" lon="-119.45855">
        <ele>2799.0</ele>
      </trkpt>
      <trkpt lat="37.80202" lon="-119.45847">
        <ele>2794.0</ele>
      </trkpt>
      <trkpt lat="37.80209" lon="-119.45849">
        <ele>2787.0</ele>
      </trkpt>
      <trkpt lat="37.80213" lon="-119.45862">
        <ele>2787.0</ele>
      </trkpt>
      <trkpt lat="37.80209" lon="-119.45894">
        <ele>2783.0</ele>
      </trkpt>
      <trkpt lat="37.80213" lon="-119.45904">
        <ele>2783.0</ele>
      </trkpt>
      <trkpt lat="37.80224" lon="-119.45908">
        <ele>2783.0</ele>
      </trkpt>
      <trkpt lat="37.80248" lon="-119.45909">
        <ele>2774.0</ele>
      </trkpt>
      <trkpt lat="37.80288" lon="-119.45934">
        <ele>2766.0</ele>
      </trkpt>
      <trkpt lat="37.80305" lon="-119.45929">
        <ele>2758.0</ele>
      </trkpt>
      <trkpt lat="37.80325" lon="-119.45941">
        <ele>2749.0</ele>
      </trkpt>
      <trkpt lat="37.80335" lon="-119.45944">
        <ele>2749.0</ele>
      </trkpt>
      <trkpt lat="37.80356" lon="-119.45936">
        <ele>2734.0</ele>
      </trkpt>
      <trkpt lat="37.8035999029637" lon="-119.45935501213">
        <ele>2734.0</ele>
      </trkpt>
      <trkpt lat="37.8035999029637" lon="-119.45935501213">
        <ele>2734.0</ele>
      </trkpt>
      <trkpt lat="37.80364" lon="-119.45935">
        <ele>2734.0</ele>
      </trkpt>
      <trkpt lat="37.8037" lon="-119.45937">
        <ele>2734.0</ele>
      </trkpt>
      <trkpt lat="37.80382" lon="-119.45952">
        <ele>2719.0</ele>
      </trkpt>
      <trkpt lat="37.8039" lon="-119.45976">
        <ele>2714.0</ele>
      </trkpt>
      <trkpt lat="37.80397" lon="-119.4598">
        <ele>2714.0</ele>
      </trkpt>
      <trkpt lat="37.80423" lon="-119.4598">
        <ele>2702.0</ele>
      </trkpt>
      <trkpt lat="37.80429" lon="-119.45983">
        <ele>2702.0</ele>
      </trkpt>
      <trkpt lat="37.80434" lon="-119.45995">
        <ele>2685.0</ele>
      </trkpt>
      <trkpt lat="37.80435" lon="-119.46022">
        <ele>2678.0</ele>
      </trkpt>
      <trkpt lat="37.80439" lon="-119.46033">
        <ele>2678.0</ele>
      </trkpt>
      <trkpt lat="37.80444" lon="-119.46037">
        <ele>2678.0</ele>
      </trkpt>
      <trkpt lat="37.80465" lon="-119.46034">
        <ele>2666.0</ele>
      </trkpt>
      <trkpt lat="37.80485" lon="-119.46023">
        <ele>2666.0</ele>
      </trkpt>
      <trkpt lat="37.80525" lon="-119.4599">
        <ele>2657.0</ele>
      </trkpt>
      <trkpt lat="37.80544" lon="-119.45969">
        <ele>2650.0</ele>
      </trkpt>
      <trkpt lat="37.80544" lon="-119.45969">
        <ele>2650.0</ele>
      </trkpt>
      <trkpt lat="37.80576" lon="-119.45953">
        <ele>2649.0</ele>
      </trkpt>
      <trkpt lat="37.80592" lon="-119.45955">
        <ele>2649.0</ele>
      </trkpt>
      <trkpt lat="37.80595" lon="-119.45964">
        <ele>2638.0</ele>
      </trkpt>
      <trkpt lat="37.80585" lon="-119.45997">
        <ele>2630.0</ele>
      </trkpt>
      <trkpt lat="37.80587" lon="-119.46013">
        <ele>2630.0</ele>
      </trkpt>
      <trkpt lat="37.80585" lon="-119.46026">
        <ele>2621.0</ele>
      </trkpt>
      <trkpt lat="37.80572" lon="-119.46048">
        <ele>2613.0</ele>
      </trkpt>
      <trkpt lat="37.80567" lon="-119.46064">
        <ele>2627.0</ele>
      </trkpt>
      <trkpt lat="37.80571" lon="-119.46074">
        <ele>2605.0</ele>
      </trkpt>
      <trkpt lat="37.80581" lon="-119.46076">
        <ele>2605.0</ele>
      </trkpt>
      <trkpt lat="37.80584" lon="-119.46082">
        <ele>2605.0</ele>
      </trkpt>
      <trkpt lat="37.8058" lon="-119.46095">
        <ele>2605.0</ele>
      </trkpt>
      <trkpt lat="37.80582" lon="-119.46099">
        <ele>2596.0</ele>
      </trkpt>
      <trkpt lat="37.80593" lon="-119.46102">
        <ele>2596.0</ele>
      </trkpt>
      <trkpt lat="37.80595" lon="-119.46112">
        <ele>2596.0</ele>
      </trkpt>
      <trkpt lat="37.80588" lon="-119.46127">
        <ele>2588.0</ele>
      </trkpt>
      <trkpt lat="37.80592" lon="-119.46137">
        <ele>2588.0</ele>
      </trkpt>
      <trkpt lat="37.80586" lon="-119.46153">
        <ele>2582.0</ele>
      </trkpt>
      <trkpt lat="37.80594" lon="-119.46157">
        <ele>2582.0</ele>
      </trkpt>
      <trkpt lat="37.80611" lon="-119.46159">
        <ele>2574.0</ele>
      </trkpt>
      <trkpt lat="37.80614" lon="-119.46173">
        <ele>2574.0</ele>
      </trkpt>
      <trkpt lat="37.80633" lon="-119.46207">
        <ele>2564.0</ele>
      </trkpt>
      <trkpt lat="37.8065" lon="-119.46207">
        <ele>2564.0</ele>
      </trkpt>
      <trkpt lat="37.80681" lon="-119.46198">
        <ele>2553.0</ele>
      </trkpt>
      <trkpt lat="37.80715" lon="-119.46183">
        <ele>2548.0</ele>
      </trkpt>
      <trkpt lat="37.80723" lon="-119.46186">
        <ele>2548.0</ele>
      </trkpt>
      <trkpt lat="37.80731" lon="-119.46197">
        <ele>2548.0</ele>
      </trkpt>
      <trkpt lat="37.80743" lon="-119.46208">
        <ele>2547.0</ele>
      </trkpt>
      <trkpt lat="37.80785" lon="-119.46204">
        <ele>2549.0</ele>
      </trkpt>
      <trkpt lat="37.80811" lon="-119.46213">
        <ele>2544.0</ele>
      </trkpt>
      <trkpt lat="37.8083" lon="-119.46199">
        <ele>2546.0</ele>
      </trkpt>
      <trkpt lat="37.80898" lon="-119.46211">
        <ele>2529.0</ele>
      </trkpt>
      <trkpt lat="37.80927" lon="-119.46209">
        <ele>2528.0</ele>
      </trkpt>
      <trkpt lat="37.81005" lon="-119.46246">
        <ele>2511.0</ele>
      </trkpt>
      <trkpt lat="37.81058" lon="-119.46257">
        <ele>2505.0</ele>
      </trkpt>
      <trkpt lat="37.81104" lon="-119.46286">
        <ele>2500.0</ele>
      </trkpt>
      <trkpt lat="37.8113" lon="-119.46296">
        <ele>2501.0</ele>
      </trkpt>
      <trkpt lat="37.81145" lon="-119.46318">
        <ele>2501.0</ele>
      </trkpt>
      <trkpt lat="37.81168" lon="-119.46339">
        <ele>2499.0</ele>
      </trkpt>
      <trkpt lat="37.81209" lon="-119.46385">
        <ele>2496.0</ele>
      </trkpt>
      <trkpt lat="37.81257" lon="-119.46409">
        <ele>2496.0</ele>
      </trkpt>
      <trkpt lat="37.8128" lon="-119.46425">
        <ele>2500.0</ele>
      </trkpt>
      <trkpt lat="37.81293" lon="-119.46443">
        <ele>2501.0</ele>
      </trkpt>
      <trkpt lat="37.81314" lon="-119.46452">
        <ele>2501.0</ele>
      </trkpt>
      <trkpt lat="37.81342" lon="-119.46456">
        <ele>2498.0</ele>
      </trkpt>
      <trkpt lat="37.81364" lon="-119.4647">
        <ele>2498.0</ele>
      </trkpt>
      <trkpt lat="37.81386" lon="-119.46491">
        <ele>2499.0</ele>
      </trkpt>
      <trkpt lat="37.81398" lon="-119.46507">
        <ele>2499.0</ele>
      </trkpt>
      <trkpt lat="37.81421" lon="-119.4652">
        <ele>2501.0</ele>
      </trkpt>
      <trkpt lat="37.81465" lon="-119.46521">
        <ele>2501.0</ele>
      </trkpt>
      <trkpt lat="37.81493" lon="-119.46533">
        <ele>2502.0</ele>
      </trkpt>
      <trkpt lat="37.81493" lon="-119.46533">
        <ele>2502.0</ele>
      </trkpt>
      <trkpt lat="37.81508" lon="-119.46547">
        <ele>2498.0</ele>
      </trkpt>
      <trkpt lat="37.8151" lon="-119.46559">
        <ele>2498.0</ele>
      </trkpt>
      <trkpt lat="37.81506" lon="-119.46569">
        <ele>2498.0</ele>
      </trkpt>
      <trkpt lat="37.81509" lon="-119.46578">
        <ele>2497.0</ele>
      </trkpt>
      <trkpt lat="37.81522" lon="-119.46584">
        <ele>2491.0</ele>
      </trkpt>
      <trkpt lat="37.81539" lon="-119.46584">
        <ele>2491.0</ele>
      </trkpt>
      <trkpt lat="37.81571" lon="-119.46576">
        <ele>2490.0</ele>
      </trkpt>
      <trkpt lat="37.81621" lon="-119.46587">
        <ele>2488.0</ele>
      </trkpt>
      <trkpt lat="37.81641" lon="-119.46602">
        <ele>2482.0</ele>
      </trkpt>
      <trkpt lat="37.8167" lon="-119.46654">
        <ele>2483.0</ele>
      </trkpt>
      <trkpt lat="37.81693" lon="-119.46681">
        <ele>2489.0</ele>
      </trkpt>
      <trkpt lat="37.81694" lon="-119.46698">
        <ele>2489.0</ele>
      </trkpt>
      <trkpt lat="37.81691" lon="-119.4671">
        <ele>2495.0</ele>
      </trkpt>
      <trkpt lat="37.81692" lon="-119.46725">
        <ele>2495.0</ele>
      </trkpt>
      <trkpt lat="37.81697" lon="-119.46734">
        <ele>2495.0</ele>
      </trkpt>
      <trkpt lat="37.81708" lon="-119.46739">
        <ele>2496.0</ele>
      </trkpt>
      <trkpt lat="37.81733" lon="-119.46774">
        <ele>2497.0</ele>
      </trkpt>
      <trkpt lat="37.81757" lon="-119.46794">
        <ele>2498.0</ele>
      </trkpt>
      <trkpt lat="37.81784" lon="-119.46802">
        <ele>2503.0</ele>
      </trkpt>
      <trkpt lat="37.81852" lon="-119.46837">
        <ele>2498.0</ele>
      </trkpt>
      <trkpt lat="37.81883" lon="-119.46844">
        <ele>2500.0</ele>
      </trkpt>
      <trkpt lat="37.81917" lon="-119.46859">
        <ele>2493.0</ele>
      </trkpt>
      <trkpt lat="37.81953" lon="-119.46885">
        <ele>2486.0</ele>
      </trkpt>
      <trkpt lat="37.81979" lon="-119.46922">
        <ele>2485.0</ele>
      </trkpt>
      <trkpt lat="37.82015" lon="-119.46948">
        <ele>2489.0</ele>
      </trkpt>
      <trkpt lat="37.82042" lon="-119.46972">
        <ele>2485.0</ele>
      </trkpt>
      <trkpt lat="37.82052" lon="-119.46999">
        <ele>2483.0</ele>
      </trkpt>
      <trkpt lat="37.82075" lon="-119.47015">
        <ele>2483.0</ele>
      </trkpt>
      <trkpt lat="37.82099" lon="-119.47015">
        <ele>2482.0</ele>
      </trkpt>
      <trkpt lat="37.82149" lon="-119.47007">
        <ele>2491.0</ele>
      </trkpt>
      <trkpt lat="37.82178" lon="-119.4701">
        <ele>2491.0</ele>
      </trkpt>
      <trkpt lat="37.82209" lon="-119.46996">
        <ele>2488.0</ele>
      </trkpt>
      <trkpt lat="37.82238" lon="-119.46972">
        <ele>2490.0</ele>
      </trkpt>
      <trkpt lat="37.8226" lon="-119.46941">
        <ele>2492.0</ele>
      </trkpt>
      <trkpt lat="37.8228" lon="-119.46928">
        <ele>2491.0</ele>
      </trkpt>
      <trkpt lat="37.8228" lon="-119.46928">
        <ele>2491.0</ele>
      </trkpt>
      <trkpt lat="37.82305" lon="-119.46921">
        <ele>2486.0</ele>
      </trkpt>
      <trkpt lat="37.82321" lon="-119.46911">
        <ele>2486.0</ele>
      </trkpt>
      <trkpt lat="37.82343" lon="-119.46887">
        <ele>2487.0</ele>
      </trkpt>
      <trkpt lat="37.82371" lon="-119.46864">
        <ele>2487.0</ele>
      </trkpt>
      <trkpt lat="37.82384" lon="-119.4684">
        <ele>2491.0</ele>
      </trkpt>
      <trkpt lat="37.82403" lon="-119.46823">
        <ele>2492.0</ele>
      </trkpt>
      <trkpt lat="37.82439" lon="-119.46801">
        <ele>2493.0</ele>
      </trkpt>
      <trkpt lat="37.82439" lon="-119.46801">
        <ele>2493.0</ele>
      </trkpt>
      <trkpt lat="37.82439" lon="-119.46801">
        <ele>2493.0</ele>
      </trkpt>
      <trkpt lat="37.82476" lon="-119.46796">
        <ele>2494.0</ele>
      </trkpt>
      <trkpt lat="37.82502" lon="-119.46784">
        <ele>2492.0</ele>
      </trkpt>
      <trkpt lat="37.82525" lon="-119.46782">
        <ele>2485.0</ele>
      </trkpt>
      <trkpt lat="37.8254" lon="-119.4678">
        <ele>2485.0</ele>
      </trkpt>
      <trkpt lat="37.8254" lon="-119.4678">
        <ele>2485.0</ele>
      </trkpt>
      <trkpt lat="37.8254" lon="-119.4678">
        <ele>2485.0</ele>
      </trkpt>
      <trkpt lat="37.8256196969826" lon="-119.468404166702">
        <ele>2481.0</ele>
      </trkpt>
      <trkpt lat="37.8256196969826" lon="-119.468404166702">
        <ele>2481.0</ele>
      </trkpt>
      <trkpt lat="37.82572" lon="-119.46868">
        <ele>2484.0</ele>
      </trkpt>
      <trkpt lat="37.82569" lon="-119.46894">
        <ele>2485.0</ele>
      </trkpt>
      <trkpt lat="37.82569" lon="-119.46894">
        <ele>2485.0</ele>
      </trkpt>
      <trkpt lat="37.82579" lon="-119.46917">
        <ele>2486.0</ele>
      </trkpt>
      <trkpt lat="37.8258066188324" lon="-119.469280792216">
        <ele>2486.0</ele>
      </trkpt>
      <trkpt lat="37.8258066188324" lon="-119.469280792216">
        <ele>2486.0</ele>
      </trkpt>
      <trkpt lat="37.82582" lon="-119.46937">
        <ele>2486.0</ele>
      </trkpt>
      <trkpt lat="37.8257" lon="-119.46988">
        <ele>2487.0</ele>
      </trkpt>
    </trkseg>
  </trk>
</gpx>
