<?xml version="1.0" encoding="UTF-8"?>
<gpx xmlns:xsi="http://www.w3.org/2001/XMLSchema-instance" version="1.1" creator="The Outbound Collective, Inc. 1.1.1 -- https://www.theoutbound.com" xsi:schemaLocation="http://www.topografix.com/GPX/1/1 http://www.topografix.com/GPX/1/1/gpx.xsd">
  <metadata>
    <name/>
    <time>2026-02-19T21:52:46+00:00</time>
    <bound minlat="37.70998" minlon="-119.57381" maxlat="37.7327064055538" maxlon="-119.53036"/>
  </metadata>
  <trk>
    <name/>
    <trkseg>
      <trkpt lat="37.7326940083514" lon="-119.557857513428">
        <ele>1236.0</ele>
      </trkpt>
      <trkpt lat="37.7326906537288" lon="-119.557838809741">
        <ele>1236.0</ele>
      </trkpt>
      <trkpt lat="37.7324" lon="-119.5579">
        <ele>1243.0</ele>
      </trkpt>
      <trkpt lat="37.73218" lon="-119.55798">
        <ele>1246.0</ele>
      </trkpt>
      <trkpt lat="37.73207" lon="-119.55805">
        <ele>1250.0</ele>
      </trkpt>
      <trkpt lat="37.73207" lon="-119.55805">
        <ele>1250.0</ele>
      </trkpt>
      <trkpt lat="37.73166" lon="-119.55828">
        <ele>1247.0</ele>
      </trkpt>
      <trkpt lat="37.73117" lon="-119.55838">
        <ele>1246.0</ele>
      </trkpt>
      <trkpt lat="37.73094" lon="-119.55829">
        <ele>1243.0</ele>
      </trkpt>
      <trkpt lat="37.73067" lon="-119.55806">
        <ele>1251.0</ele>
      </trkpt>
      <trkpt lat="37.73006" lon="-119.5579">
        <ele>1271.0</ele>
      </trkpt>
      <trkpt lat="37.72977" lon="-119.55787">
        <ele>1273.0</ele>
      </trkpt>
      <trkpt lat="37.72939" lon="-119.55791">
        <ele>1275.0</ele>
      </trkpt>
      <trkpt lat="37.72898" lon="-119.558">
        <ele>1276.0</ele>
      </trkpt>
      <trkpt lat="37.72795" lon="-119.55835">
        <ele>1291.0</ele>
      </trkpt>
      <trkpt lat="37.72709" lon="-119.55848">
        <ele>1287.0</ele>
      </trkpt>
      <trkpt lat="37.72697" lon="-119.55847">
        <ele>1302.0</ele>
      </trkpt>
      <trkpt lat="37.72684" lon="-119.55852">
        <ele>1288.0</ele>
      </trkpt>
      <trkpt lat="37.72676" lon="-119.55852">
        <ele>1289.0</ele>
      </trkpt>
      <trkpt lat="37.72671" lon="-119.5583">
        <ele>1293.0</ele>
      </trkpt>
      <trkpt lat="37.72658" lon="-119.55817">
        <ele>1303.0</ele>
      </trkpt>
      <trkpt lat="37.72655" lon="-119.55808">
        <ele>1303.0</ele>
      </trkpt>
      <trkpt lat="37.7265457647539" lon="-119.558017883058">
        <ele>1303.0</ele>
      </trkpt>
      <trkpt lat="37.7265457647539" lon="-119.558017883058">
        <ele>1303.0</ele>
      </trkpt>
      <trkpt lat="37.72652" lon="-119.55764">
        <ele>1298.0</ele>
      </trkpt>
      <trkpt lat="37.72646" lon="-119.55745">
        <ele>1301.0</ele>
      </trkpt>
      <trkpt lat="37.72631" lon="-119.55714">
        <ele>1304.0</ele>
      </trkpt>
      <trkpt lat="37.72624" lon="-119.55695">
        <ele>1295.0</ele>
      </trkpt>
      <trkpt lat="37.72619" lon="-119.55667">
        <ele>1298.0</ele>
      </trkpt>
      <trkpt lat="37.72624" lon="-119.5564">
        <ele>1302.0</ele>
      </trkpt>
      <trkpt lat="37.72623" lon="-119.55618">
        <ele>1309.0</ele>
      </trkpt>
      <trkpt lat="37.72606" lon="-119.55582">
        <ele>1313.0</ele>
      </trkpt>
      <trkpt lat="37.72601" lon="-119.55554">
        <ele>1316.0</ele>
      </trkpt>
      <trkpt lat="37.72607" lon="-119.55521">
        <ele>1317.0</ele>
      </trkpt>
      <trkpt lat="37.72621" lon="-119.55495">
        <ele>1318.0</ele>
      </trkpt>
      <trkpt lat="37.7263" lon="-119.55485">
        <ele>1333.0</ele>
      </trkpt>
      <trkpt lat="37.72645" lon="-119.55426">
        <ele>1340.0</ele>
      </trkpt>
      <trkpt lat="37.72639" lon="-119.55396">
        <ele>1348.0</ele>
      </trkpt>
      <trkpt lat="37.72624" lon="-119.55354">
        <ele>1343.0</ele>
      </trkpt>
      <trkpt lat="37.72621" lon="-119.55322">
        <ele>1350.0</ele>
      </trkpt>
      <trkpt lat="37.72621" lon="-119.55322">
        <ele>1350.0</ele>
      </trkpt>
      <trkpt lat="37.72622" lon="-119.55293">
        <ele>1357.0</ele>
      </trkpt>
      <trkpt lat="37.72625" lon="-119.55278">
        <ele>1360.0</ele>
      </trkpt>
      <trkpt lat="37.72632" lon="-119.55212">
        <ele>1375.0</ele>
      </trkpt>
      <trkpt lat="37.72631" lon="-119.55196">
        <ele>1372.0</ele>
      </trkpt>
      <trkpt lat="37.72626" lon="-119.55173">
        <ele>1371.0</ele>
      </trkpt>
      <trkpt lat="37.72615" lon="-119.55164">
        <ele>1364.0</ele>
      </trkpt>
      <trkpt lat="37.72615" lon="-119.55164">
        <ele>1364.0</ele>
      </trkpt>
      <trkpt lat="37.72589" lon="-119.55151">
        <ele>1367.0</ele>
      </trkpt>
      <trkpt lat="37.72589" lon="-119.55151">
        <ele>1367.0</ele>
      </trkpt>
      <trkpt lat="37.72573" lon="-119.55134">
        <ele>1367.0</ele>
      </trkpt>
      <trkpt lat="37.72594" lon="-119.55117">
        <ele>1373.0</ele>
      </trkpt>
      <trkpt lat="37.72602" lon="-119.55101">
        <ele>1370.0</ele>
      </trkpt>
      <trkpt lat="37.72606" lon="-119.5506">
        <ele>1381.0</ele>
      </trkpt>
      <trkpt lat="37.72601" lon="-119.54998">
        <ele>1391.0</ele>
      </trkpt>
      <trkpt lat="37.72603" lon="-119.54981">
        <ele>1398.0</ele>
      </trkpt>
      <trkpt lat="37.7260409075718" lon="-119.549772505222">
        <ele>1398.0</ele>
      </trkpt>
      <trkpt lat="37.7260409075718" lon="-119.549772505222">
        <ele>1398.0</ele>
      </trkpt>
      <trkpt lat="37.72619" lon="-119.54926">
        <ele>1420.0</ele>
      </trkpt>
      <trkpt lat="37.72623" lon="-119.54879">
        <ele>1432.0</ele>
      </trkpt>
      <trkpt lat="37.72623" lon="-119.54879">
        <ele>1432.0</ele>
      </trkpt>
      <trkpt lat="37.72625" lon="-119.5479">
        <ele>1453.0</ele>
      </trkpt>
      <trkpt lat="37.7263" lon="-119.54764">
        <ele>1430.0</ele>
      </trkpt>
      <trkpt lat="37.72622" lon="-119.54702">
        <ele>1485.0</ele>
      </trkpt>
      <trkpt lat="37.72624" lon="-119.54673">
        <ele>1502.0</ele>
      </trkpt>
      <trkpt lat="37.7264" lon="-119.5463">
        <ele>1489.0</ele>
      </trkpt>
      <trkpt lat="37.7264" lon="-119.5463">
        <ele>1489.0</ele>
      </trkpt>
      <trkpt lat="37.72651" lon="-119.54611">
        <ele>1515.0</ele>
      </trkpt>
      <trkpt lat="37.72674" lon="-119.54587">
        <ele>1507.0</ele>
      </trkpt>
      <trkpt lat="37.72677" lon="-119.54565">
        <ele>1522.0</ele>
      </trkpt>
      <trkpt lat="37.72685" lon="-119.54561">
        <ele>1498.0</ele>
      </trkpt>
      <trkpt lat="37.72682" lon="-119.54555">
        <ele>1498.0</ele>
      </trkpt>
      <trkpt lat="37.72674" lon="-119.54557">
        <ele>1522.0</ele>
      </trkpt>
      <trkpt lat="37.72686" lon="-119.5454">
        <ele>1511.0</ele>
      </trkpt>
      <trkpt lat="37.72682" lon="-119.54532">
        <ele>1511.0</ele>
      </trkpt>
      <trkpt lat="37.72686" lon="-119.54525">
        <ele>1511.0</ele>
      </trkpt>
      <trkpt lat="37.72681" lon="-119.54523">
        <ele>1511.0</ele>
      </trkpt>
      <trkpt lat="37.72686" lon="-119.54509">
        <ele>1520.0</ele>
      </trkpt>
      <trkpt lat="37.72682" lon="-119.54494">
        <ele>1520.0</ele>
      </trkpt>
      <trkpt lat="37.72675" lon="-119.54484">
        <ele>1554.0</ele>
      </trkpt>
      <trkpt lat="37.72675" lon="-119.544785168292">
        <ele>1554.0</ele>
      </trkpt>
      <trkpt lat="37.72675" lon="-119.544785168292">
        <ele>1554.0</ele>
      </trkpt>
      <trkpt lat="37.72675" lon="-119.5447">
        <ele>1554.0</ele>
      </trkpt>
      <trkpt lat="37.72664" lon="-119.54466">
        <ele>1554.0</ele>
      </trkpt>
      <trkpt lat="37.72669" lon="-119.54455">
        <ele>1561.0</ele>
      </trkpt>
      <trkpt lat="37.7267" lon="-119.54445">
        <ele>1561.0</ele>
      </trkpt>
      <trkpt lat="37.72664" lon="-119.54433">
        <ele>1561.0</ele>
      </trkpt>
      <trkpt lat="37.72658" lon="-119.54387">
        <ele>1571.0</ele>
      </trkpt>
      <trkpt lat="37.72663" lon="-119.54342">
        <ele>1575.0</ele>
      </trkpt>
      <trkpt lat="37.7266" lon="-119.54334">
        <ele>1575.0</ele>
      </trkpt>
      <trkpt lat="37.72661" lon="-119.54304">
        <ele>1577.0</ele>
      </trkpt>
      <trkpt lat="37.72677" lon="-119.54291">
        <ele>1577.0</ele>
      </trkpt>
      <trkpt lat="37.72677" lon="-119.54291">
        <ele>1577.0</ele>
      </trkpt>
      <trkpt lat="37.72688" lon="-119.54291">
        <ele>1562.0</ele>
      </trkpt>
      <trkpt lat="37.72699" lon="-119.54302">
        <ele>1562.0</ele>
      </trkpt>
      <trkpt lat="37.7272" lon="-119.54334">
        <ele>1545.0</ele>
      </trkpt>
      <trkpt lat="37.72725" lon="-119.54337">
        <ele>1545.0</ele>
      </trkpt>
      <trkpt lat="37.72729" lon="-119.54334">
        <ele>1545.0</ele>
      </trkpt>
      <trkpt lat="37.72729" lon="-119.54322">
        <ele>1545.0</ele>
      </trkpt>
      <trkpt lat="37.72723" lon="-119.54305">
        <ele>1549.0</ele>
      </trkpt>
      <trkpt lat="37.7273" lon="-119.54283">
        <ele>1552.0</ele>
      </trkpt>
      <trkpt lat="37.72714" lon="-119.54212">
        <ele>1551.0</ele>
      </trkpt>
      <trkpt lat="37.72714" lon="-119.54212">
        <ele>1551.0</ele>
      </trkpt>
      <trkpt lat="37.72714" lon="-119.54212">
        <ele>1551.0</ele>
      </trkpt>
      <trkpt lat="37.72698" lon="-119.54184">
        <ele>1558.0</ele>
      </trkpt>
      <trkpt lat="37.72687" lon="-119.54173">
        <ele>1561.0</ele>
      </trkpt>
      <trkpt lat="37.72672" lon="-119.54164">
        <ele>1567.0</ele>
      </trkpt>
      <trkpt lat="37.72661" lon="-119.54163">
        <ele>1567.0</ele>
      </trkpt>
      <trkpt lat="37.72653" lon="-119.54167">
        <ele>1567.0</ele>
      </trkpt>
      <trkpt lat="37.72648" lon="-119.54182">
        <ele>1583.0</ele>
      </trkpt>
      <trkpt lat="37.72644" lon="-119.54183">
        <ele>1583.0</ele>
      </trkpt>
      <trkpt lat="37.72627" lon="-119.54152">
        <ele>1576.0</ele>
      </trkpt>
      <trkpt lat="37.7262600000037" lon="-119.541480000015">
        <ele>1576.0</ele>
      </trkpt>
      <trkpt lat="37.7262600000037" lon="-119.541480000015">
        <ele>1576.0</ele>
      </trkpt>
      <trkpt lat="37.7262" lon="-119.54124">
        <ele>1587.0</ele>
      </trkpt>
      <trkpt lat="37.72621" lon="-119.54108">
        <ele>1587.0</ele>
      </trkpt>
      <trkpt lat="37.72616" lon="-119.54094">
        <ele>1586.0</ele>
      </trkpt>
      <trkpt lat="37.72625" lon="-119.54082">
        <ele>1586.0</ele>
      </trkpt>
      <trkpt lat="37.7263" lon="-119.5407">
        <ele>1580.0</ele>
      </trkpt>
      <trkpt lat="37.72629" lon="-119.54056">
        <ele>1586.0</ele>
      </trkpt>
      <trkpt lat="37.72635" lon="-119.54042">
        <ele>1586.0</ele>
      </trkpt>
      <trkpt lat="37.72635" lon="-119.54042">
        <ele>1586.0</ele>
      </trkpt>
      <trkpt lat="37.72652" lon="-119.54025">
        <ele>1592.0</ele>
      </trkpt>
      <trkpt lat="37.72652" lon="-119.54025">
        <ele>1592.0</ele>
      </trkpt>
      <trkpt lat="37.72661" lon="-119.54">
        <ele>1589.0</ele>
      </trkpt>
      <trkpt lat="37.72656" lon="-119.53953">
        <ele>1601.0</ele>
      </trkpt>
      <trkpt lat="37.72662" lon="-119.53939">
        <ele>1601.0</ele>
      </trkpt>
      <trkpt lat="37.7267178062066" lon="-119.539281326437">
        <ele>1607.0</ele>
      </trkpt>
      <trkpt lat="37.7267178062066" lon="-119.539281326437">
        <ele>1607.0</ele>
      </trkpt>
      <trkpt lat="37.7268" lon="-119.53919">
        <ele>1607.0</ele>
      </trkpt>
      <trkpt lat="37.72701" lon="-119.53898">
        <ele>1609.0</ele>
      </trkpt>
      <trkpt lat="37.72733" lon="-119.53856">
        <ele>1611.0</ele>
      </trkpt>
      <trkpt lat="37.72748" lon="-119.53842">
        <ele>1621.0</ele>
      </trkpt>
      <trkpt lat="37.72764" lon="-119.53837">
        <ele>1624.0</ele>
      </trkpt>
      <trkpt lat="37.72773" lon="-119.53824">
        <ele>1624.0</ele>
      </trkpt>
      <trkpt lat="37.72776" lon="-119.53813">
        <ele>1624.0</ele>
      </trkpt>
      <trkpt lat="37.72772" lon="-119.53799">
        <ele>1624.0</ele>
      </trkpt>
      <trkpt lat="37.72767" lon="-119.53795">
        <ele>1624.0</ele>
      </trkpt>
      <trkpt lat="37.72744" lon="-119.53794">
        <ele>1623.0</ele>
      </trkpt>
      <trkpt lat="37.72708" lon="-119.5378">
        <ele>1624.0</ele>
      </trkpt>
      <trkpt lat="37.72656" lon="-119.53747">
        <ele>1628.0</ele>
      </trkpt>
      <trkpt lat="37.72644" lon="-119.53732">
        <ele>1627.0</ele>
      </trkpt>
      <trkpt lat="37.72659" lon="-119.5371">
        <ele>1632.0</ele>
      </trkpt>
      <trkpt lat="37.72665" lon="-119.5368">
        <ele>1642.0</ele>
      </trkpt>
      <trkpt lat="37.72663" lon="-119.53658">
        <ele>1642.0</ele>
      </trkpt>
      <trkpt lat="37.72667" lon="-119.53639">
        <ele>1643.0</ele>
      </trkpt>
      <trkpt lat="37.72667" lon="-119.53625">
        <ele>1645.0</ele>
      </trkpt>
      <trkpt lat="37.72653" lon="-119.53611">
        <ele>1645.0</ele>
      </trkpt>
      <trkpt lat="37.72652" lon="-119.53579">
        <ele>1642.0</ele>
      </trkpt>
      <trkpt lat="37.72642" lon="-119.53566">
        <ele>1651.0</ele>
      </trkpt>
      <trkpt lat="37.72619" lon="-119.53564">
        <ele>1641.0</ele>
      </trkpt>
      <trkpt lat="37.72611" lon="-119.53557">
        <ele>1641.0</ele>
      </trkpt>
      <trkpt lat="37.72605" lon="-119.53539">
        <ele>1651.0</ele>
      </trkpt>
      <trkpt lat="37.72611" lon="-119.53532">
        <ele>1651.0</ele>
      </trkpt>
      <trkpt lat="37.72626" lon="-119.53532">
        <ele>1657.0</ele>
      </trkpt>
      <trkpt lat="37.72619" lon="-119.53517">
        <ele>1651.0</ele>
      </trkpt>
      <trkpt lat="37.7263" lon="-119.53513">
        <ele>1664.0</ele>
      </trkpt>
      <trkpt lat="37.72621" lon="-119.53498">
        <ele>1663.0</ele>
      </trkpt>
      <trkpt lat="37.72632" lon="-119.53495">
        <ele>1664.0</ele>
      </trkpt>
      <trkpt lat="37.72642" lon="-119.535">
        <ele>1664.0</ele>
      </trkpt>
      <trkpt lat="37.72654" lon="-119.53502">
        <ele>1669.0</ele>
      </trkpt>
      <trkpt lat="37.72675" lon="-119.53485">
        <ele>1675.0</ele>
      </trkpt>
      <trkpt lat="37.72673" lon="-119.53468">
        <ele>1675.0</ele>
      </trkpt>
      <trkpt lat="37.72656" lon="-119.53441">
        <ele>1684.0</ele>
      </trkpt>
      <trkpt lat="37.72653" lon="-119.53418">
        <ele>1695.0</ele>
      </trkpt>
      <trkpt lat="37.72649" lon="-119.53404">
        <ele>1690.0</ele>
      </trkpt>
      <trkpt lat="37.72637" lon="-119.53397">
        <ele>1703.0</ele>
      </trkpt>
      <trkpt lat="37.72634" lon="-119.53392">
        <ele>1703.0</ele>
      </trkpt>
      <trkpt lat="37.72624" lon="-119.53396">
        <ele>1706.0</ele>
      </trkpt>
      <trkpt lat="37.72614" lon="-119.53384">
        <ele>1706.0</ele>
      </trkpt>
      <trkpt lat="37.72626" lon="-119.53375">
        <ele>1723.0</ele>
      </trkpt>
      <trkpt lat="37.72616" lon="-119.53363">
        <ele>1729.0</ele>
      </trkpt>
      <trkpt lat="37.72625" lon="-119.53364">
        <ele>1729.0</ele>
      </trkpt>
      <trkpt lat="37.7262" lon="-119.53353">
        <ele>1729.0</ele>
      </trkpt>
      <trkpt lat="37.72634" lon="-119.53347">
        <ele>1760.0</ele>
      </trkpt>
      <trkpt lat="37.72627" lon="-119.53336">
        <ele>1760.0</ele>
      </trkpt>
      <trkpt lat="37.72637" lon="-119.53333">
        <ele>1760.0</ele>
      </trkpt>
      <trkpt lat="37.72643" lon="-119.53327">
        <ele>1760.0</ele>
      </trkpt>
      <trkpt lat="37.72635" lon="-119.53318">
        <ele>1791.0</ele>
      </trkpt>
      <trkpt lat="37.72645" lon="-119.53313">
        <ele>1791.0</ele>
      </trkpt>
      <trkpt lat="37.72635" lon="-119.53305">
        <ele>1791.0</ele>
      </trkpt>
      <trkpt lat="37.72645" lon="-119.533">
        <ele>1791.0</ele>
      </trkpt>
      <trkpt lat="37.72639" lon="-119.53293">
        <ele>1791.0</ele>
      </trkpt>
      <trkpt lat="37.72643" lon="-119.53278">
        <ele>1820.0</ele>
      </trkpt>
      <trkpt lat="37.72638" lon="-119.53272">
        <ele>1820.0</ele>
      </trkpt>
      <trkpt lat="37.72649" lon="-119.53264">
        <ele>1820.0</ele>
      </trkpt>
      <trkpt lat="37.72634" lon="-119.5325">
        <ele>1840.0</ele>
      </trkpt>
      <trkpt lat="37.72644" lon="-119.53242">
        <ele>1840.0</ele>
      </trkpt>
      <trkpt lat="37.72633" lon="-119.53234">
        <ele>1853.0</ele>
      </trkpt>
      <trkpt lat="37.72636" lon="-119.53211">
        <ele>1853.0</ele>
      </trkpt>
      <trkpt lat="37.7262" lon="-119.53194">
        <ele>1841.0</ele>
      </trkpt>
      <trkpt lat="37.72615" lon="-119.53181">
        <ele>1841.0</ele>
      </trkpt>
      <trkpt lat="37.72624" lon="-119.53174">
        <ele>1840.0</ele>
      </trkpt>
      <trkpt lat="37.72626" lon="-119.53156">
        <ele>1854.0</ele>
      </trkpt>
      <trkpt lat="37.72622" lon="-119.53125">
        <ele>1830.0</ele>
      </trkpt>
      <trkpt lat="37.72622" lon="-119.53125">
        <ele>1830.0</ele>
      </trkpt>
      <trkpt lat="37.72621" lon="-119.53121">
        <ele>1830.0</ele>
      </trkpt>
      <trkpt lat="37.72615" lon="-119.53116">
        <ele>1830.0</ele>
      </trkpt>
      <trkpt lat="37.72622" lon="-119.53105">
        <ele>1830.0</ele>
      </trkpt>
      <trkpt lat="37.72614" lon="-119.53084">
        <ele>1831.0</ele>
      </trkpt>
      <trkpt lat="37.72626" lon="-119.53081">
        <ele>1834.0</ele>
      </trkpt>
      <trkpt lat="37.72621" lon="-119.53072">
        <ele>1831.0</ele>
      </trkpt>
      <trkpt lat="37.72635" lon="-119.53068">
        <ele>1832.0</ele>
      </trkpt>
      <trkpt lat="37.72625" lon="-119.53051">
        <ele>1832.0</ele>
      </trkpt>
      <trkpt lat="37.72614" lon="-119.53045">
        <ele>1832.0</ele>
      </trkpt>
      <trkpt lat="37.72614" lon="-119.53036">
        <ele>1834.0</ele>
      </trkpt>
      <trkpt lat="37.72614" lon="-119.53036">
        <ele>1834.0</ele>
      </trkpt>
      <trkpt lat="37.72594" lon="-119.53045">
        <ele>1832.0</ele>
      </trkpt>
      <trkpt lat="37.72586" lon="-119.53074">
        <ele>1829.0</ele>
      </trkpt>
      <trkpt lat="37.72574" lon="-119.53101">
        <ele>1827.0</ele>
      </trkpt>
      <trkpt lat="37.72571" lon="-119.53125">
        <ele>1827.0</ele>
      </trkpt>
      <trkpt lat="37.72571" lon="-119.53125">
        <ele>1827.0</ele>
      </trkpt>
      <trkpt lat="37.72562" lon="-119.53157">
        <ele>1823.0</ele>
      </trkpt>
      <trkpt lat="37.72549" lon="-119.5318">
        <ele>1823.0</ele>
      </trkpt>
      <trkpt lat="37.72529" lon="-119.53233">
        <ele>1817.0</ele>
      </trkpt>
      <trkpt lat="37.72486" lon="-119.533">
        <ele>1815.0</ele>
      </trkpt>
      <trkpt lat="37.72486" lon="-119.533">
        <ele>1815.0</ele>
      </trkpt>
      <trkpt lat="37.72486" lon="-119.533">
        <ele>1815.0</ele>
      </trkpt>
      <trkpt lat="37.72482" lon="-119.53301">
        <ele>1815.0</ele>
      </trkpt>
      <trkpt lat="37.72482" lon="-119.53301">
        <ele>1815.0</ele>
      </trkpt>
      <trkpt lat="37.72462" lon="-119.53306">
        <ele>1815.0</ele>
      </trkpt>
      <trkpt lat="37.72462" lon="-119.53306">
        <ele>1815.0</ele>
      </trkpt>
      <trkpt lat="37.72421" lon="-119.53346">
        <ele>1824.0</ele>
      </trkpt>
      <trkpt lat="37.72383" lon="-119.5336">
        <ele>1827.0</ele>
      </trkpt>
      <trkpt lat="37.72374" lon="-119.53369">
        <ele>1835.0</ele>
      </trkpt>
      <trkpt lat="37.72361" lon="-119.53396">
        <ele>1830.0</ele>
      </trkpt>
      <trkpt lat="37.72347" lon="-119.53414">
        <ele>1825.0</ele>
      </trkpt>
      <trkpt lat="37.72323" lon="-119.53432">
        <ele>1820.0</ele>
      </trkpt>
      <trkpt lat="37.72304" lon="-119.53453">
        <ele>1823.0</ele>
      </trkpt>
      <trkpt lat="37.72285" lon="-119.5346">
        <ele>1825.0</ele>
      </trkpt>
      <trkpt lat="37.72261" lon="-119.53477">
        <ele>1836.0</ele>
      </trkpt>
      <trkpt lat="37.72259" lon="-119.53488">
        <ele>1838.0</ele>
      </trkpt>
      <trkpt lat="37.72246" lon="-119.53506">
        <ele>1838.0</ele>
      </trkpt>
      <trkpt lat="37.7224" lon="-119.53521">
        <ele>1838.0</ele>
      </trkpt>
      <trkpt lat="37.7224" lon="-119.53521">
        <ele>1838.0</ele>
      </trkpt>
      <trkpt lat="37.72224" lon="-119.53503">
        <ele>1846.0</ele>
      </trkpt>
      <trkpt lat="37.72225" lon="-119.53494">
        <ele>1846.0</ele>
      </trkpt>
      <trkpt lat="37.72222" lon="-119.53488">
        <ele>1846.0</ele>
      </trkpt>
      <trkpt lat="37.72217" lon="-119.53489">
        <ele>1846.0</ele>
      </trkpt>
      <trkpt lat="37.72202" lon="-119.53506">
        <ele>1855.0</ele>
      </trkpt>
      <trkpt lat="37.72201" lon="-119.53521">
        <ele>1858.0</ele>
      </trkpt>
      <trkpt lat="37.72206" lon="-119.5353">
        <ele>1858.0</ele>
      </trkpt>
      <trkpt lat="37.72213" lon="-119.53534">
        <ele>1847.0</ele>
      </trkpt>
      <trkpt lat="37.72218" lon="-119.53546">
        <ele>1849.0</ele>
      </trkpt>
      <trkpt lat="37.72216" lon="-119.53561">
        <ele>1849.0</ele>
      </trkpt>
      <trkpt lat="37.72209" lon="-119.53571">
        <ele>1853.0</ele>
      </trkpt>
      <trkpt lat="37.72202" lon="-119.53573">
        <ele>1863.0</ele>
      </trkpt>
      <trkpt lat="37.72188" lon="-119.53561">
        <ele>1861.0</ele>
      </trkpt>
      <trkpt lat="37.72181" lon="-119.53565">
        <ele>1861.0</ele>
      </trkpt>
      <trkpt lat="37.72179" lon="-119.53573">
        <ele>1873.0</ele>
      </trkpt>
      <trkpt lat="37.72186" lon="-119.53619">
        <ele>1863.0</ele>
      </trkpt>
      <trkpt lat="37.72185" lon="-119.53632">
        <ele>1860.0</ele>
      </trkpt>
      <trkpt lat="37.72181" lon="-119.53645">
        <ele>1860.0</ele>
      </trkpt>
      <trkpt lat="37.72149" lon="-119.5361">
        <ele>1883.0</ele>
      </trkpt>
      <trkpt lat="37.72127" lon="-119.53578">
        <ele>1885.0</ele>
      </trkpt>
      <trkpt lat="37.72113" lon="-119.5355">
        <ele>1894.0</ele>
      </trkpt>
      <trkpt lat="37.72111" lon="-119.53562">
        <ele>1894.0</ele>
      </trkpt>
      <trkpt lat="37.72116" lon="-119.5361">
        <ele>1891.0</ele>
      </trkpt>
      <trkpt lat="37.72113" lon="-119.53622">
        <ele>1891.0</ele>
      </trkpt>
      <trkpt lat="37.72101" lon="-119.53627">
        <ele>1893.0</ele>
      </trkpt>
      <trkpt lat="37.72094" lon="-119.53637">
        <ele>1906.0</ele>
      </trkpt>
      <trkpt lat="37.72092" lon="-119.53653">
        <ele>1910.0</ele>
      </trkpt>
      <trkpt lat="37.72093" lon="-119.53668">
        <ele>1910.0</ele>
      </trkpt>
      <trkpt lat="37.72085" lon="-119.53661">
        <ele>1910.0</ele>
      </trkpt>
      <trkpt lat="37.72067" lon="-119.53625">
        <ele>1919.0</ele>
      </trkpt>
      <trkpt lat="37.7206" lon="-119.53624">
        <ele>1919.0</ele>
      </trkpt>
      <trkpt lat="37.72055" lon="-119.53633">
        <ele>1921.0</ele>
      </trkpt>
      <trkpt lat="37.72054" lon="-119.53654">
        <ele>1926.0</ele>
      </trkpt>
      <trkpt lat="37.72061" lon="-119.53669">
        <ele>1926.0</ele>
      </trkpt>
      <trkpt lat="37.72068" lon="-119.537">
        <ele>1932.0</ele>
      </trkpt>
      <trkpt lat="37.72045" lon="-119.53668">
        <ele>1926.0</ele>
      </trkpt>
      <trkpt lat="37.72025" lon="-119.53649">
        <ele>1938.0</ele>
      </trkpt>
      <trkpt lat="37.7203" lon="-119.53676">
        <ele>1943.0</ele>
      </trkpt>
      <trkpt lat="37.72044" lon="-119.53715">
        <ele>1930.0</ele>
      </trkpt>
      <trkpt lat="37.72043" lon="-119.53723">
        <ele>1930.0</ele>
      </trkpt>
      <trkpt lat="37.72018" lon="-119.5371">
        <ele>1952.0</ele>
      </trkpt>
      <trkpt lat="37.72003" lon="-119.53708">
        <ele>1960.0</ele>
      </trkpt>
      <trkpt lat="37.71982" lon="-119.53663">
        <ele>1965.0</ele>
      </trkpt>
      <trkpt lat="37.71979" lon="-119.53662">
        <ele>1965.0</ele>
      </trkpt>
      <trkpt lat="37.71977" lon="-119.53747">
        <ele>1975.0</ele>
      </trkpt>
      <trkpt lat="37.71973" lon="-119.53746">
        <ele>1975.0</ele>
      </trkpt>
      <trkpt lat="37.71945" lon="-119.53675">
        <ele>1980.0</ele>
      </trkpt>
      <trkpt lat="37.71943" lon="-119.53651">
        <ele>1978.0</ele>
      </trkpt>
      <trkpt lat="37.71938" lon="-119.53645">
        <ele>1978.0</ele>
      </trkpt>
      <trkpt lat="37.71928" lon="-119.53687">
        <ele>1989.0</ele>
      </trkpt>
      <trkpt lat="37.71924" lon="-119.53711">
        <ele>1990.0</ele>
      </trkpt>
      <trkpt lat="37.71923" lon="-119.5375">
        <ele>1994.0</ele>
      </trkpt>
      <trkpt lat="37.71925" lon="-119.53778">
        <ele>1998.0</ele>
      </trkpt>
      <trkpt lat="37.7193" lon="-119.538">
        <ele>2000.0</ele>
      </trkpt>
      <trkpt lat="37.71937" lon="-119.53818">
        <ele>1994.0</ele>
      </trkpt>
      <trkpt lat="37.71946" lon="-119.53836">
        <ele>1996.0</ele>
      </trkpt>
      <trkpt lat="37.71961" lon="-119.53857">
        <ele>1990.0</ele>
      </trkpt>
      <trkpt lat="37.7197" lon="-119.53864">
        <ele>1990.0</ele>
      </trkpt>
      <trkpt lat="37.71983" lon="-119.53894">
        <ele>1996.0</ele>
      </trkpt>
      <trkpt lat="37.71986" lon="-119.53915">
        <ele>1999.0</ele>
      </trkpt>
      <trkpt lat="37.71971" lon="-119.53906">
        <ele>1999.0</ele>
      </trkpt>
      <trkpt lat="37.7198" lon="-119.53945">
        <ele>2002.0</ele>
      </trkpt>
      <trkpt lat="37.71985" lon="-119.53997">
        <ele>2010.0</ele>
      </trkpt>
      <trkpt lat="37.71985" lon="-119.53997">
        <ele>2010.0</ele>
      </trkpt>
      <trkpt lat="37.71989" lon="-119.54032">
        <ele>2005.0</ele>
      </trkpt>
      <trkpt lat="37.71989" lon="-119.54059">
        <ele>2006.0</ele>
      </trkpt>
      <trkpt lat="37.71999" lon="-119.54124">
        <ele>2006.0</ele>
      </trkpt>
      <trkpt lat="37.71998" lon="-119.54149">
        <ele>2007.0</ele>
      </trkpt>
      <trkpt lat="37.71991" lon="-119.54167">
        <ele>2008.0</ele>
      </trkpt>
      <trkpt lat="37.71989" lon="-119.54185">
        <ele>2007.0</ele>
      </trkpt>
      <trkpt lat="37.71994" lon="-119.5422">
        <ele>2008.0</ele>
      </trkpt>
      <trkpt lat="37.7199049054089" lon="-119.542395527008">
        <ele>2009.0</ele>
      </trkpt>
      <trkpt lat="37.7199049054089" lon="-119.542395527008">
        <ele>2009.0</ele>
      </trkpt>
      <trkpt lat="37.71987" lon="-119.54259">
        <ele>2009.0</ele>
      </trkpt>
      <trkpt lat="37.71991" lon="-119.54323">
        <ele>2012.0</ele>
      </trkpt>
      <trkpt lat="37.71997" lon="-119.54363">
        <ele>2011.0</ele>
      </trkpt>
      <trkpt lat="37.72023" lon="-119.54466">
        <ele>2016.0</ele>
      </trkpt>
      <trkpt lat="37.72067" lon="-119.54611">
        <ele>2021.0</ele>
      </trkpt>
      <trkpt lat="37.72104" lon="-119.54709">
        <ele>2018.0</ele>
      </trkpt>
      <trkpt lat="37.7211" lon="-119.54735">
        <ele>2018.0</ele>
      </trkpt>
      <trkpt lat="37.72112" lon="-119.54761">
        <ele>2018.0</ele>
      </trkpt>
      <trkpt lat="37.72102" lon="-119.54863">
        <ele>2012.0</ele>
      </trkpt>
      <trkpt lat="37.72083" lon="-119.54947">
        <ele>2022.0</ele>
      </trkpt>
      <trkpt lat="37.72065" lon="-119.54983">
        <ele>2028.0</ele>
      </trkpt>
      <trkpt lat="37.72041" lon="-119.55019">
        <ele>2019.0</ele>
      </trkpt>
      <trkpt lat="37.72005" lon="-119.55055">
        <ele>2030.0</ele>
      </trkpt>
      <trkpt lat="37.71972" lon="-119.55099">
        <ele>2030.0</ele>
      </trkpt>
      <trkpt lat="37.71934" lon="-119.55175">
        <ele>2035.0</ele>
      </trkpt>
      <trkpt lat="37.71906" lon="-119.55261">
        <ele>2031.0</ele>
      </trkpt>
      <trkpt lat="37.71891" lon="-119.55295">
        <ele>2020.0</ele>
      </trkpt>
      <trkpt lat="37.71899" lon="-119.55296">
        <ele>2020.0</ele>
      </trkpt>
      <trkpt lat="37.7194" lon="-119.55268">
        <ele>1999.0</ele>
      </trkpt>
      <trkpt lat="37.71957" lon="-119.55249">
        <ele>2014.0</ele>
      </trkpt>
      <trkpt lat="37.7198" lon="-119.55231">
        <ele>2011.0</ele>
      </trkpt>
      <trkpt lat="37.72009" lon="-119.55217">
        <ele>1996.0</ele>
      </trkpt>
      <trkpt lat="37.71987" lon="-119.55322">
        <ele>1966.0</ele>
      </trkpt>
      <trkpt lat="37.71987" lon="-119.55322">
        <ele>1966.0</ele>
      </trkpt>
      <trkpt lat="37.71969" lon="-119.55354">
        <ele>1963.0</ele>
      </trkpt>
      <trkpt lat="37.71963" lon="-119.55373">
        <ele>1963.0</ele>
      </trkpt>
      <trkpt lat="37.71949" lon="-119.5539">
        <ele>1961.0</ele>
      </trkpt>
      <trkpt lat="37.71924" lon="-119.55402">
        <ele>1967.0</ele>
      </trkpt>
      <trkpt lat="37.71907" lon="-119.5542">
        <ele>1959.0</ele>
      </trkpt>
      <trkpt lat="37.71888" lon="-119.55436">
        <ele>1958.0</ele>
      </trkpt>
      <trkpt lat="37.71887" lon="-119.55441">
        <ele>1958.0</ele>
      </trkpt>
      <trkpt lat="37.7189" lon="-119.55443">
        <ele>1958.0</ele>
      </trkpt>
      <trkpt lat="37.71915" lon="-119.55445">
        <ele>1951.0</ele>
      </trkpt>
      <trkpt lat="37.71919" lon="-119.55449">
        <ele>1951.0</ele>
      </trkpt>
      <trkpt lat="37.71915" lon="-119.55456">
        <ele>1951.0</ele>
      </trkpt>
      <trkpt lat="37.71859" lon="-119.55506">
        <ele>1942.0</ele>
      </trkpt>
      <trkpt lat="37.71859" lon="-119.55506">
        <ele>1942.0</ele>
      </trkpt>
      <trkpt lat="37.71828" lon="-119.55539">
        <ele>1937.0</ele>
      </trkpt>
      <trkpt lat="37.71736" lon="-119.55622">
        <ele>1925.0</ele>
      </trkpt>
      <trkpt lat="37.71719" lon="-119.55642">
        <ele>1916.0</ele>
      </trkpt>
      <trkpt lat="37.71666" lon="-119.55683">
        <ele>1909.0</ele>
      </trkpt>
      <trkpt lat="37.71652" lon="-119.55691">
        <ele>1911.0</ele>
      </trkpt>
      <trkpt lat="37.71635" lon="-119.55721">
        <ele>1902.0</ele>
      </trkpt>
      <trkpt lat="37.71618" lon="-119.55743">
        <ele>1888.0</ele>
      </trkpt>
      <trkpt lat="37.71606" lon="-119.55746">
        <ele>1888.0</ele>
      </trkpt>
      <trkpt lat="37.71606" lon="-119.55746">
        <ele>1888.0</ele>
      </trkpt>
      <trkpt lat="37.71606" lon="-119.55746">
        <ele>1888.0</ele>
      </trkpt>
      <trkpt lat="37.7159" lon="-119.55732">
        <ele>1896.0</ele>
      </trkpt>
      <trkpt lat="37.71569" lon="-119.55705">
        <ele>1907.0</ele>
      </trkpt>
      <trkpt lat="37.71559" lon="-119.557">
        <ele>1907.0</ele>
      </trkpt>
      <trkpt lat="37.71543" lon="-119.55702">
        <ele>1907.0</ele>
      </trkpt>
      <trkpt lat="37.7153" lon="-119.55707">
        <ele>1905.0</ele>
      </trkpt>
      <trkpt lat="37.71494" lon="-119.5571">
        <ele>1896.0</ele>
      </trkpt>
      <trkpt lat="37.71476" lon="-119.5572">
        <ele>1891.0</ele>
      </trkpt>
      <trkpt lat="37.71452" lon="-119.5574">
        <ele>1876.0</ele>
      </trkpt>
      <trkpt lat="37.71448" lon="-119.55746">
        <ele>1876.0</ele>
      </trkpt>
      <trkpt lat="37.71446" lon="-119.55755">
        <ele>1876.0</ele>
      </trkpt>
      <trkpt lat="37.71449" lon="-119.55762">
        <ele>1876.0</ele>
      </trkpt>
      <trkpt lat="37.71457" lon="-119.55765">
        <ele>1868.0</ele>
      </trkpt>
      <trkpt lat="37.71472" lon="-119.55766">
        <ele>1868.0</ele>
      </trkpt>
      <trkpt lat="37.71489" lon="-119.55771">
        <ele>1874.0</ele>
      </trkpt>
      <trkpt lat="37.71547" lon="-119.55807">
        <ele>1872.0</ele>
      </trkpt>
      <trkpt lat="37.71522" lon="-119.55816">
        <ele>1866.0</ele>
      </trkpt>
      <trkpt lat="37.71511" lon="-119.55826">
        <ele>1849.0</ele>
      </trkpt>
      <trkpt lat="37.71515" lon="-119.55835">
        <ele>1854.0</ele>
      </trkpt>
      <trkpt lat="37.71568" lon="-119.55866">
        <ele>1853.0</ele>
      </trkpt>
      <trkpt lat="37.71521" lon="-119.55878">
        <ele>1837.0</ele>
      </trkpt>
      <trkpt lat="37.71521" lon="-119.55882">
        <ele>1837.0</ele>
      </trkpt>
      <trkpt lat="37.7155" lon="-119.55898">
        <ele>1845.0</ele>
      </trkpt>
      <trkpt lat="37.71553" lon="-119.55902">
        <ele>1845.0</ele>
      </trkpt>
      <trkpt lat="37.7154" lon="-119.55915">
        <ele>1831.0</ele>
      </trkpt>
      <trkpt lat="37.71507" lon="-119.55934">
        <ele>1826.0</ele>
      </trkpt>
      <trkpt lat="37.71505" lon="-119.55938">
        <ele>1826.0</ele>
      </trkpt>
      <trkpt lat="37.71506" lon="-119.55941">
        <ele>1826.0</ele>
      </trkpt>
      <trkpt lat="37.71519" lon="-119.55944">
        <ele>1826.0</ele>
      </trkpt>
      <trkpt lat="37.71523" lon="-119.55947">
        <ele>1826.0</ele>
      </trkpt>
      <trkpt lat="37.71524" lon="-119.5595">
        <ele>1826.0</ele>
      </trkpt>
      <trkpt lat="37.71484" lon="-119.55992">
        <ele>1818.0</ele>
      </trkpt>
      <trkpt lat="37.71452" lon="-119.56047">
        <ele>1806.0</ele>
      </trkpt>
      <trkpt lat="37.71439" lon="-119.56059">
        <ele>1806.0</ele>
      </trkpt>
      <trkpt lat="37.71419" lon="-119.56069">
        <ele>1804.0</ele>
      </trkpt>
      <trkpt lat="37.71396" lon="-119.56074">
        <ele>1794.0</ele>
      </trkpt>
      <trkpt lat="37.71384" lon="-119.56073">
        <ele>1794.0</ele>
      </trkpt>
      <trkpt lat="37.71349" lon="-119.56048">
        <ele>1798.0</ele>
      </trkpt>
      <trkpt lat="37.71332" lon="-119.56043">
        <ele>1799.0</ele>
      </trkpt>
      <trkpt lat="37.71304" lon="-119.56042">
        <ele>1796.0</ele>
      </trkpt>
      <trkpt lat="37.71242" lon="-119.56055">
        <ele>1801.0</ele>
      </trkpt>
      <trkpt lat="37.71227" lon="-119.56054">
        <ele>1801.0</ele>
      </trkpt>
      <trkpt lat="37.71221" lon="-119.56051">
        <ele>1801.0</ele>
      </trkpt>
      <trkpt lat="37.71219" lon="-119.56055">
        <ele>1801.0</ele>
      </trkpt>
      <trkpt lat="37.71219" lon="-119.56055">
        <ele>1801.0</ele>
      </trkpt>
      <trkpt lat="37.71208" lon="-119.56085">
        <ele>1799.0</ele>
      </trkpt>
      <trkpt lat="37.71208" lon="-119.56085">
        <ele>1799.0</ele>
      </trkpt>
      <trkpt lat="37.71198" lon="-119.56102">
        <ele>1798.0</ele>
      </trkpt>
      <trkpt lat="37.71182" lon="-119.56108">
        <ele>1798.0</ele>
      </trkpt>
      <trkpt lat="37.71152" lon="-119.5609">
        <ele>1813.0</ele>
      </trkpt>
      <trkpt lat="37.7113" lon="-119.56085">
        <ele>1813.0</ele>
      </trkpt>
      <trkpt lat="37.71109" lon="-119.56096">
        <ele>1813.0</ele>
      </trkpt>
      <trkpt lat="37.711" lon="-119.56106">
        <ele>1826.0</ele>
      </trkpt>
      <trkpt lat="37.71086" lon="-119.56099">
        <ele>1823.0</ele>
      </trkpt>
      <trkpt lat="37.71094" lon="-119.56122">
        <ele>1823.0</ele>
      </trkpt>
      <trkpt lat="37.71109" lon="-119.56135">
        <ele>1833.0</ele>
      </trkpt>
      <trkpt lat="37.71135" lon="-119.56146">
        <ele>1831.0</ele>
      </trkpt>
      <trkpt lat="37.7116" lon="-119.56163">
        <ele>1830.0</ele>
      </trkpt>
      <trkpt lat="37.71258" lon="-119.56244">
        <ele>1838.0</ele>
      </trkpt>
      <trkpt lat="37.71272" lon="-119.56277">
        <ele>1835.0</ele>
      </trkpt>
      <trkpt lat="37.71288" lon="-119.5629">
        <ele>1835.0</ele>
      </trkpt>
      <trkpt lat="37.71294" lon="-119.56302">
        <ele>1831.0</ele>
      </trkpt>
      <trkpt lat="37.71298" lon="-119.56321">
        <ele>1841.0</ele>
      </trkpt>
      <trkpt lat="37.71296" lon="-119.56332">
        <ele>1841.0</ele>
      </trkpt>
      <trkpt lat="37.71274" lon="-119.56329">
        <ele>1849.0</ele>
      </trkpt>
      <trkpt lat="37.71254" lon="-119.56308">
        <ele>1852.0</ele>
      </trkpt>
      <trkpt lat="37.71193" lon="-119.56311">
        <ele>1861.0</ele>
      </trkpt>
      <trkpt lat="37.71142" lon="-119.56332">
        <ele>1870.0</ele>
      </trkpt>
      <trkpt lat="37.71053" lon="-119.56343">
        <ele>1882.0</ele>
      </trkpt>
      <trkpt lat="37.71044" lon="-119.5635">
        <ele>1887.0</ele>
      </trkpt>
      <trkpt lat="37.71059" lon="-119.56363">
        <ele>1887.0</ele>
      </trkpt>
      <trkpt lat="37.71091" lon="-119.56384">
        <ele>1895.0</ele>
      </trkpt>
      <trkpt lat="37.71117" lon="-119.56406">
        <ele>1899.0</ele>
      </trkpt>
      <trkpt lat="37.71122" lon="-119.56413">
        <ele>1899.0</ele>
      </trkpt>
      <trkpt lat="37.71134" lon="-119.5644">
        <ele>1907.0</ele>
      </trkpt>
      <trkpt lat="37.71142" lon="-119.56454">
        <ele>1907.0</ele>
      </trkpt>
      <trkpt lat="37.71151" lon="-119.56459">
        <ele>1918.0</ele>
      </trkpt>
      <trkpt lat="37.71151" lon="-119.56465">
        <ele>1918.0</ele>
      </trkpt>
      <trkpt lat="37.71138" lon="-119.56468">
        <ele>1918.0</ele>
      </trkpt>
      <trkpt lat="37.71093" lon="-119.56441">
        <ele>1917.0</ele>
      </trkpt>
      <trkpt lat="37.71069" lon="-119.56437">
        <ele>1923.0</ele>
      </trkpt>
      <trkpt lat="37.7105" lon="-119.56438">
        <ele>1923.0</ele>
      </trkpt>
      <trkpt lat="37.71083" lon="-119.56468">
        <ele>1929.0</ele>
      </trkpt>
      <trkpt lat="37.71101" lon="-119.56492">
        <ele>1930.0</ele>
      </trkpt>
      <trkpt lat="37.71115" lon="-119.56517">
        <ele>1937.0</ele>
      </trkpt>
      <trkpt lat="37.71111" lon="-119.5652">
        <ele>1937.0</ele>
      </trkpt>
      <trkpt lat="37.71098" lon="-119.56507">
        <ele>1930.0</ele>
      </trkpt>
      <trkpt lat="37.71078" lon="-119.56497">
        <ele>1941.0</ele>
      </trkpt>
      <trkpt lat="37.71042" lon="-119.56498">
        <ele>1947.0</ele>
      </trkpt>
      <trkpt lat="37.71002" lon="-119.56516">
        <ele>1958.0</ele>
      </trkpt>
      <trkpt lat="37.71002" lon="-119.56516">
        <ele>1958.0</ele>
      </trkpt>
      <trkpt lat="37.70998" lon="-119.56521">
        <ele>1958.0</ele>
      </trkpt>
      <trkpt lat="37.70999" lon="-119.56525">
        <ele>1958.0</ele>
      </trkpt>
      <trkpt lat="37.71039" lon="-119.56539">
        <ele>1959.0</ele>
      </trkpt>
      <trkpt lat="37.71057" lon="-119.5655">
        <ele>1963.0</ele>
      </trkpt>
      <trkpt lat="37.71069" lon="-119.5656">
        <ele>1963.0</ele>
      </trkpt>
      <trkpt lat="37.71079" lon="-119.56593">
        <ele>1963.0</ele>
      </trkpt>
      <trkpt lat="37.71094" lon="-119.56626">
        <ele>1983.0</ele>
      </trkpt>
      <trkpt lat="37.711" lon="-119.5663">
        <ele>1980.0</ele>
      </trkpt>
      <trkpt lat="37.7111" lon="-119.5665">
        <ele>1980.0</ele>
      </trkpt>
      <trkpt lat="37.71119" lon="-119.56655">
        <ele>1993.0</ele>
      </trkpt>
      <trkpt lat="37.71133" lon="-119.56671">
        <ele>1988.0</ele>
      </trkpt>
      <trkpt lat="37.7117" lon="-119.56687">
        <ele>1992.0</ele>
      </trkpt>
      <trkpt lat="37.71195" lon="-119.56703">
        <ele>1984.0</ele>
      </trkpt>
      <trkpt lat="37.71234" lon="-119.56722">
        <ele>1990.0</ele>
      </trkpt>
      <trkpt lat="37.71244" lon="-119.56732">
        <ele>1988.0</ele>
      </trkpt>
      <trkpt lat="37.71254" lon="-119.56734">
        <ele>1988.0</ele>
      </trkpt>
      <trkpt lat="37.71289" lon="-119.56752">
        <ele>2001.0</ele>
      </trkpt>
      <trkpt lat="37.71304" lon="-119.56764">
        <ele>2016.0</ele>
      </trkpt>
      <trkpt lat="37.71325" lon="-119.56774">
        <ele>2015.0</ele>
      </trkpt>
      <trkpt lat="37.71338" lon="-119.56792">
        <ele>2030.0</ele>
      </trkpt>
      <trkpt lat="37.71411" lon="-119.56805">
        <ele>2019.0</ele>
      </trkpt>
      <trkpt lat="37.71429" lon="-119.56822">
        <ele>2035.0</ele>
      </trkpt>
      <trkpt lat="37.71455" lon="-119.5683">
        <ele>2033.0</ele>
      </trkpt>
      <trkpt lat="37.71492" lon="-119.56852">
        <ele>2041.0</ele>
      </trkpt>
      <trkpt lat="37.71519" lon="-119.56858">
        <ele>2042.0</ele>
      </trkpt>
      <trkpt lat="37.71623" lon="-119.56898">
        <ele>2054.0</ele>
      </trkpt>
      <trkpt lat="37.71657" lon="-119.56896">
        <ele>2056.0</ele>
      </trkpt>
      <trkpt lat="37.7168" lon="-119.56903">
        <ele>2071.0</ele>
      </trkpt>
      <trkpt lat="37.71711" lon="-119.56919">
        <ele>2072.0</ele>
      </trkpt>
      <trkpt lat="37.71736" lon="-119.56912">
        <ele>2072.0</ele>
      </trkpt>
      <trkpt lat="37.71773" lon="-119.5692">
        <ele>2069.0</ele>
      </trkpt>
      <trkpt lat="37.71803" lon="-119.56921">
        <ele>2063.0</ele>
      </trkpt>
      <trkpt lat="37.71819" lon="-119.56926">
        <ele>2063.0</ele>
      </trkpt>
      <trkpt lat="37.71843" lon="-119.56938">
        <ele>2075.0</ele>
      </trkpt>
      <trkpt lat="37.71849" lon="-119.56944">
        <ele>2078.0</ele>
      </trkpt>
      <trkpt lat="37.71859" lon="-119.56961">
        <ele>2092.0</ele>
      </trkpt>
      <trkpt lat="37.71859" lon="-119.56961">
        <ele>2092.0</ele>
      </trkpt>
      <trkpt lat="37.71867" lon="-119.56969">
        <ele>2092.0</ele>
      </trkpt>
      <trkpt lat="37.71892" lon="-119.56971">
        <ele>2088.0</ele>
      </trkpt>
      <trkpt lat="37.71898" lon="-119.56974">
        <ele>2088.0</ele>
      </trkpt>
      <trkpt lat="37.71907" lon="-119.5698">
        <ele>2083.0</ele>
      </trkpt>
      <trkpt lat="37.71916" lon="-119.56996">
        <ele>2096.0</ele>
      </trkpt>
      <trkpt lat="37.71968" lon="-119.57003">
        <ele>2095.0</ele>
      </trkpt>
      <trkpt lat="37.72002" lon="-119.57033">
        <ele>2104.0</ele>
      </trkpt>
      <trkpt lat="37.72049" lon="-119.57045">
        <ele>2126.0</ele>
      </trkpt>
      <trkpt lat="37.72062" lon="-119.57043">
        <ele>2126.0</ele>
      </trkpt>
      <trkpt lat="37.72088" lon="-119.57034">
        <ele>2107.0</ele>
      </trkpt>
      <trkpt lat="37.72101" lon="-119.57025">
        <ele>2118.0</ele>
      </trkpt>
      <trkpt lat="37.72116" lon="-119.5702">
        <ele>2118.0</ele>
      </trkpt>
      <trkpt lat="37.72143" lon="-119.56984">
        <ele>2096.0</ele>
      </trkpt>
      <trkpt lat="37.72149" lon="-119.5698">
        <ele>2096.0</ele>
      </trkpt>
      <trkpt lat="37.72196" lon="-119.56991">
        <ele>2133.0</ele>
      </trkpt>
      <trkpt lat="37.72211" lon="-119.57">
        <ele>2130.0</ele>
      </trkpt>
      <trkpt lat="37.72257" lon="-119.57043">
        <ele>2142.0</ele>
      </trkpt>
      <trkpt lat="37.72283" lon="-119.57058">
        <ele>2134.0</ele>
      </trkpt>
      <trkpt lat="37.7232" lon="-119.571">
        <ele>2148.0</ele>
      </trkpt>
      <trkpt lat="37.72335" lon="-119.57124">
        <ele>2148.0</ele>
      </trkpt>
      <trkpt lat="37.72337" lon="-119.57134">
        <ele>2154.0</ele>
      </trkpt>
      <trkpt lat="37.72345" lon="-119.5714">
        <ele>2154.0</ele>
      </trkpt>
      <trkpt lat="37.72351" lon="-119.57142">
        <ele>2151.0</ele>
      </trkpt>
      <trkpt lat="37.72455" lon="-119.57129">
        <ele>2149.0</ele>
      </trkpt>
      <trkpt lat="37.72511" lon="-119.57152">
        <ele>2144.0</ele>
      </trkpt>
      <trkpt lat="37.72521" lon="-119.57162">
        <ele>2152.0</ele>
      </trkpt>
      <trkpt lat="37.72547" lon="-119.57177">
        <ele>2152.0</ele>
      </trkpt>
      <trkpt lat="37.7255989513009" lon="-119.571858654019">
        <ele>2162.0</ele>
      </trkpt>
      <trkpt lat="37.7255989513009" lon="-119.571858654019">
        <ele>2162.0</ele>
      </trkpt>
      <trkpt lat="37.72611" lon="-119.57221">
        <ele>2170.0</ele>
      </trkpt>
      <trkpt lat="37.72611" lon="-119.57225">
        <ele>2170.0</ele>
      </trkpt>
      <trkpt lat="37.72586" lon="-119.57231">
        <ele>2166.0</ele>
      </trkpt>
      <trkpt lat="37.72574" lon="-119.5723">
        <ele>2166.0</ele>
      </trkpt>
      <trkpt lat="37.72533" lon="-119.57248">
        <ele>2178.0</ele>
      </trkpt>
      <trkpt lat="37.72509" lon="-119.57241">
        <ele>2181.0</ele>
      </trkpt>
      <trkpt lat="37.72482" lon="-119.57242">
        <ele>2184.0</ele>
      </trkpt>
      <trkpt lat="37.72452" lon="-119.57253">
        <ele>2186.0</ele>
      </trkpt>
      <trkpt lat="37.72443" lon="-119.57259">
        <ele>2186.0</ele>
      </trkpt>
      <trkpt lat="37.72449" lon="-119.57265">
        <ele>2194.0</ele>
      </trkpt>
      <trkpt lat="37.72537" lon="-119.5731">
        <ele>2202.0</ele>
      </trkpt>
      <trkpt lat="37.72572" lon="-119.57324">
        <ele>2208.0</ele>
      </trkpt>
      <trkpt lat="37.72617" lon="-119.57317">
        <ele>2195.0</ele>
      </trkpt>
      <trkpt lat="37.72625" lon="-119.57311">
        <ele>2195.0</ele>
      </trkpt>
      <trkpt lat="37.7266" lon="-119.5734">
        <ele>2202.0</ele>
      </trkpt>
      <trkpt lat="37.72665" lon="-119.57347">
        <ele>2202.0</ele>
      </trkpt>
      <trkpt lat="37.72674" lon="-119.57366">
        <ele>2210.0</ele>
      </trkpt>
      <trkpt lat="37.72683" lon="-119.57376">
        <ele>2213.0</ele>
      </trkpt>
      <trkpt lat="37.72693" lon="-119.57381">
        <ele>2213.0</ele>
      </trkpt>
      <trkpt lat="37.72693" lon="-119.57381">
        <ele>2213.0</ele>
      </trkpt>
      <trkpt lat="37.72711" lon="-119.57367">
        <ele>2209.0</ele>
      </trkpt>
      <trkpt lat="37.72724" lon="-119.57374">
        <ele>2209.0</ele>
      </trkpt>
      <trkpt lat="37.72729" lon="-119.57373">
        <ele>2209.0</ele>
      </trkpt>
      <trkpt lat="37.72743" lon="-119.57356">
        <ele>2201.0</ele>
      </trkpt>
      <trkpt lat="37.72752" lon="-119.57353">
        <ele>2201.0</ele>
      </trkpt>
      <trkpt lat="37.72763" lon="-119.57345">
        <ele>2197.0</ele>
      </trkpt>
      <trkpt lat="37.7278" lon="-119.57328">
        <ele>2188.0</ele>
      </trkpt>
      <trkpt lat="37.7278" lon="-119.57328">
        <ele>2188.0</ele>
      </trkpt>
      <trkpt lat="37.72789" lon="-119.57326">
        <ele>2188.0</ele>
      </trkpt>
      <trkpt lat="37.72789" lon="-119.57326">
        <ele>2188.0</ele>
      </trkpt>
      <trkpt lat="37.72792" lon="-119.57326">
        <ele>2185.0</ele>
      </trkpt>
      <trkpt lat="37.72792" lon="-119.57326">
        <ele>2185.0</ele>
      </trkpt>
      <trkpt lat="37.72801" lon="-119.57326">
        <ele>2185.0</ele>
      </trkpt>
      <trkpt lat="37.72801" lon="-119.57326">
        <ele>2185.0</ele>
      </trkpt>
      <trkpt lat="37.72815" lon="-119.57322">
        <ele>2185.0</ele>
      </trkpt>
      <trkpt lat="37.72815" lon="-119.57322">
        <ele>2185.0</ele>
      </trkpt>
      <trkpt lat="37.72815" lon="-119.57322">
        <ele>2185.0</ele>
      </trkpt>
      <trkpt lat="37.72824" lon="-119.57322">
        <ele>2188.0</ele>
      </trkpt>
      <trkpt lat="37.72836" lon="-119.57328">
        <ele>2188.0</ele>
      </trkpt>
      <trkpt lat="37.72836" lon="-119.57328">
        <ele>2188.0</ele>
      </trkpt>
      <trkpt lat="37.7284204222589" lon="-119.573262228747">
        <ele>2188.0</ele>
      </trkpt>
      <trkpt lat="37.7284204222589" lon="-119.573262228747">
        <ele>2188.0</ele>
      </trkpt>
      <trkpt lat="37.72853" lon="-119.57323">
        <ele>2185.0</ele>
      </trkpt>
      <trkpt lat="37.72861" lon="-119.57324">
        <ele>2185.0</ele>
      </trkpt>
      <trkpt lat="37.72871" lon="-119.5733">
        <ele>2185.0</ele>
      </trkpt>
      <trkpt lat="37.72871" lon="-119.5733">
        <ele>2185.0</ele>
      </trkpt>
      <trkpt lat="37.72871" lon="-119.5733">
        <ele>2185.0</ele>
      </trkpt>
      <trkpt lat="37.72872" lon="-119.57337">
        <ele>2185.0</ele>
      </trkpt>
      <trkpt lat="37.72872" lon="-119.57337">
        <ele>2185.0</ele>
      </trkpt>
      <trkpt lat="37.72898" lon="-119.57353">
        <ele>2187.0</ele>
      </trkpt>
      <trkpt lat="37.72918" lon="-119.57354">
        <ele>2186.0</ele>
      </trkpt>
      <trkpt lat="37.72933" lon="-119.57342">
        <ele>2186.0</ele>
      </trkpt>
      <trkpt lat="37.72933" lon="-119.57342">
        <ele>2186.0</ele>
      </trkpt>
      <trkpt lat="37.729364226961" lon="-119.573439252666">
        <ele>2186.0</ele>
      </trkpt>
      <trkpt lat="37.729364226961" lon="-119.573439252666">
        <ele>2186.0</ele>
      </trkpt>
      <trkpt lat="37.72949" lon="-119.57351">
        <ele>2189.0</ele>
      </trkpt>
      <trkpt lat="37.72997" lon="-119.57354">
        <ele>2194.0</ele>
      </trkpt>
      <trkpt lat="37.73028" lon="-119.57373">
        <ele>2190.0</ele>
      </trkpt>
      <trkpt lat="37.73028" lon="-119.57373">
        <ele>2190.0</ele>
      </trkpt>
      <trkpt lat="37.73028" lon="-119.57373">
        <ele>2190.0</ele>
      </trkpt>
      <trkpt lat="37.73043" lon="-119.57372">
        <ele>2190.0</ele>
      </trkpt>
      <trkpt lat="37.7306" lon="-119.5738">
        <ele>2190.0</ele>
      </trkpt>
      <trkpt lat="37.7306179458847" lon="-119.573759621759">
        <ele>2190.0</ele>
      </trkpt>
      <trkpt lat="37.7306179458847" lon="-119.573759621759">
        <ele>2190.0</ele>
      </trkpt>
      <trkpt lat="37.73064" lon="-119.57371">
        <ele>2190.0</ele>
      </trkpt>
      <trkpt lat="37.7306490965958" lon="-119.573509874892">
        <ele>2190.0</ele>
      </trkpt>
      <trkpt lat="37.7306490965958" lon="-119.573509874892">
        <ele>2190.0</ele>
      </trkpt>
      <trkpt lat="37.73064" lon="-119.57371">
        <ele>2190.0</ele>
      </trkpt>
      <trkpt lat="37.7306" lon="-119.5738">
        <ele>2190.0</ele>
      </trkpt>
      <trkpt lat="37.73043" lon="-119.57372">
        <ele>2190.0</ele>
      </trkpt>
      <trkpt lat="37.73028" lon="-119.57373">
        <ele>2190.0</ele>
      </trkpt>
      <trkpt lat="37.73028" lon="-119.57373">
        <ele>2190.0</ele>
      </trkpt>
      <trkpt lat="37.73028" lon="-119.57373">
        <ele>2190.0</ele>
      </trkpt>
      <trkpt lat="37.72997" lon="-119.57354">
        <ele>2194.0</ele>
      </trkpt>
      <trkpt lat="37.72949" lon="-119.57351">
        <ele>2189.0</ele>
      </trkpt>
      <trkpt lat="37.72933" lon="-119.57342">
        <ele>2186.0</ele>
      </trkpt>
      <trkpt lat="37.72933" lon="-119.57342">
        <ele>2186.0</ele>
      </trkpt>
      <trkpt lat="37.72918" lon="-119.57354">
        <ele>2186.0</ele>
      </trkpt>
      <trkpt lat="37.72898" lon="-119.57353">
        <ele>2187.0</ele>
      </trkpt>
      <trkpt lat="37.72872" lon="-119.57337">
        <ele>2185.0</ele>
      </trkpt>
      <trkpt lat="37.72872" lon="-119.57337">
        <ele>2185.0</ele>
      </trkpt>
      <trkpt lat="37.72871" lon="-119.5733">
        <ele>2185.0</ele>
      </trkpt>
      <trkpt lat="37.72871" lon="-119.5733">
        <ele>2185.0</ele>
      </trkpt>
      <trkpt lat="37.72871" lon="-119.5733">
        <ele>2185.0</ele>
      </trkpt>
      <trkpt lat="37.72861" lon="-119.57324">
        <ele>2185.0</ele>
      </trkpt>
      <trkpt lat="37.72853" lon="-119.57323">
        <ele>2185.0</ele>
      </trkpt>
      <trkpt lat="37.7284204222589" lon="-119.573262228747">
        <ele>2188.0</ele>
      </trkpt>
      <trkpt lat="37.7284204222589" lon="-119.573262228747">
        <ele>2188.0</ele>
      </trkpt>
      <trkpt lat="37.72836" lon="-119.57328">
        <ele>2188.0</ele>
      </trkpt>
      <trkpt lat="37.72836" lon="-119.57328">
        <ele>2188.0</ele>
      </trkpt>
      <trkpt lat="37.72824" lon="-119.57322">
        <ele>2188.0</ele>
      </trkpt>
      <trkpt lat="37.72815" lon="-119.57322">
        <ele>2185.0</ele>
      </trkpt>
      <trkpt lat="37.72815" lon="-119.57322">
        <ele>2185.0</ele>
      </trkpt>
      <trkpt lat="37.72815" lon="-119.57322">
        <ele>2185.0</ele>
      </trkpt>
      <trkpt lat="37.72801" lon="-119.57326">
        <ele>2185.0</ele>
      </trkpt>
      <trkpt lat="37.72801" lon="-119.57326">
        <ele>2185.0</ele>
      </trkpt>
      <trkpt lat="37.72792" lon="-119.57326">
        <ele>2185.0</ele>
      </trkpt>
      <trkpt lat="37.72792" lon="-119.57326">
        <ele>2185.0</ele>
      </trkpt>
      <trkpt lat="37.72789" lon="-119.57326">
        <ele>2188.0</ele>
      </trkpt>
      <trkpt lat="37.72789" lon="-119.57326">
        <ele>2188.0</ele>
      </trkpt>
      <trkpt lat="37.7278" lon="-119.57328">
        <ele>2188.0</ele>
      </trkpt>
      <trkpt lat="37.7278" lon="-119.57328">
        <ele>2188.0</ele>
      </trkpt>
      <trkpt lat="37.72763" lon="-119.57345">
        <ele>2197.0</ele>
      </trkpt>
      <trkpt lat="37.72752" lon="-119.57353">
        <ele>2201.0</ele>
      </trkpt>
      <trkpt lat="37.72743" lon="-119.57356">
        <ele>2201.0</ele>
      </trkpt>
      <trkpt lat="37.72729" lon="-119.57373">
        <ele>2209.0</ele>
      </trkpt>
      <trkpt lat="37.72724" lon="-119.57374">
        <ele>2209.0</ele>
      </trkpt>
      <trkpt lat="37.72711" lon="-119.57367">
        <ele>2209.0</ele>
      </trkpt>
      <trkpt lat="37.72693" lon="-119.57381">
        <ele>2213.0</ele>
      </trkpt>
      <trkpt lat="37.72693" lon="-119.57381">
        <ele>2213.0</ele>
      </trkpt>
      <trkpt lat="37.72683" lon="-119.57376">
        <ele>2213.0</ele>
      </trkpt>
      <trkpt lat="37.72674" lon="-119.57366">
        <ele>2210.0</ele>
      </trkpt>
      <trkpt lat="37.72665" lon="-119.57347">
        <ele>2202.0</ele>
      </trkpt>
      <trkpt lat="37.7266" lon="-119.5734">
        <ele>2202.0</ele>
      </trkpt>
      <trkpt lat="37.7263877541264" lon="-119.573224139133">
        <ele>2201.0</ele>
      </trkpt>
      <trkpt lat="37.7263877541264" lon="-119.573224139133">
        <ele>2201.0</ele>
      </trkpt>
      <trkpt lat="37.72625" lon="-119.57311">
        <ele>2195.0</ele>
      </trkpt>
      <trkpt lat="37.72617" lon="-119.57317">
        <ele>2195.0</ele>
      </trkpt>
      <trkpt lat="37.72572" lon="-119.57324">
        <ele>2208.0</ele>
      </trkpt>
      <trkpt lat="37.72537" lon="-119.5731">
        <ele>2202.0</ele>
      </trkpt>
      <trkpt lat="37.72449" lon="-119.57265">
        <ele>2194.0</ele>
      </trkpt>
      <trkpt lat="37.72443" lon="-119.57259">
        <ele>2186.0</ele>
      </trkpt>
      <trkpt lat="37.72452" lon="-119.57253">
        <ele>2186.0</ele>
      </trkpt>
      <trkpt lat="37.72482" lon="-119.57242">
        <ele>2184.0</ele>
      </trkpt>
      <trkpt lat="37.72509" lon="-119.57241">
        <ele>2181.0</ele>
      </trkpt>
      <trkpt lat="37.72533" lon="-119.57248">
        <ele>2178.0</ele>
      </trkpt>
      <trkpt lat="37.72574" lon="-119.5723">
        <ele>2166.0</ele>
      </trkpt>
      <trkpt lat="37.72586" lon="-119.57231">
        <ele>2166.0</ele>
      </trkpt>
      <trkpt lat="37.72611" lon="-119.57225">
        <ele>2170.0</ele>
      </trkpt>
      <trkpt lat="37.72611" lon="-119.57221">
        <ele>2170.0</ele>
      </trkpt>
      <trkpt lat="37.72547" lon="-119.57177">
        <ele>2152.0</ele>
      </trkpt>
      <trkpt lat="37.7253696166483" lon="-119.571712086528">
        <ele>2152.0</ele>
      </trkpt>
      <trkpt lat="37.7253696166483" lon="-119.571712086528">
        <ele>2152.0</ele>
      </trkpt>
      <trkpt lat="37.72521" lon="-119.57162">
        <ele>2152.0</ele>
      </trkpt>
      <trkpt lat="37.72511" lon="-119.57152">
        <ele>2144.0</ele>
      </trkpt>
      <trkpt lat="37.72455" lon="-119.57129">
        <ele>2149.0</ele>
      </trkpt>
      <trkpt lat="37.72351" lon="-119.57142">
        <ele>2151.0</ele>
      </trkpt>
      <trkpt lat="37.72345" lon="-119.5714">
        <ele>2154.0</ele>
      </trkpt>
      <trkpt lat="37.72337" lon="-119.57134">
        <ele>2154.0</ele>
      </trkpt>
      <trkpt lat="37.72335" lon="-119.57124">
        <ele>2148.0</ele>
      </trkpt>
      <trkpt lat="37.7232" lon="-119.571">
        <ele>2148.0</ele>
      </trkpt>
      <trkpt lat="37.72283" lon="-119.57058">
        <ele>2134.0</ele>
      </trkpt>
      <trkpt lat="37.72257" lon="-119.57043">
        <ele>2142.0</ele>
      </trkpt>
      <trkpt lat="37.72211" lon="-119.57">
        <ele>2130.0</ele>
      </trkpt>
      <trkpt lat="37.72196" lon="-119.56991">
        <ele>2133.0</ele>
      </trkpt>
      <trkpt lat="37.7219011737645" lon="-119.569896232158">
        <ele>2133.0</ele>
      </trkpt>
      <trkpt lat="37.7219011737645" lon="-119.569896232158">
        <ele>2133.0</ele>
      </trkpt>
      <trkpt lat="37.72149" lon="-119.5698">
        <ele>2096.0</ele>
      </trkpt>
      <trkpt lat="37.72143" lon="-119.56984">
        <ele>2096.0</ele>
      </trkpt>
      <trkpt lat="37.72116" lon="-119.5702">
        <ele>2118.0</ele>
      </trkpt>
      <trkpt lat="37.72101" lon="-119.57025">
        <ele>2118.0</ele>
      </trkpt>
      <trkpt lat="37.72088" lon="-119.57034">
        <ele>2107.0</ele>
      </trkpt>
      <trkpt lat="37.72062" lon="-119.57043">
        <ele>2126.0</ele>
      </trkpt>
      <trkpt lat="37.72049" lon="-119.57045">
        <ele>2126.0</ele>
      </trkpt>
      <trkpt lat="37.72002" lon="-119.57033">
        <ele>2104.0</ele>
      </trkpt>
      <trkpt lat="37.71968" lon="-119.57003">
        <ele>2095.0</ele>
      </trkpt>
      <trkpt lat="37.71916" lon="-119.56996">
        <ele>2096.0</ele>
      </trkpt>
      <trkpt lat="37.71907" lon="-119.5698">
        <ele>2083.0</ele>
      </trkpt>
      <trkpt lat="37.71898" lon="-119.56974">
        <ele>2088.0</ele>
      </trkpt>
      <trkpt lat="37.71892" lon="-119.56971">
        <ele>2088.0</ele>
      </trkpt>
      <trkpt lat="37.7188344213402" lon="-119.569703153707">
        <ele>2088.0</ele>
      </trkpt>
      <trkpt lat="37.7188344213402" lon="-119.569703153707">
        <ele>2088.0</ele>
      </trkpt>
      <trkpt lat="37.71867" lon="-119.56969">
        <ele>2092.0</ele>
      </trkpt>
      <trkpt lat="37.71859" lon="-119.56961">
        <ele>2092.0</ele>
      </trkpt>
      <trkpt lat="37.71859" lon="-119.56961">
        <ele>2092.0</ele>
      </trkpt>
      <trkpt lat="37.71849" lon="-119.56944">
        <ele>2078.0</ele>
      </trkpt>
      <trkpt lat="37.71843" lon="-119.56938">
        <ele>2075.0</ele>
      </trkpt>
      <trkpt lat="37.71819" lon="-119.56926">
        <ele>2063.0</ele>
      </trkpt>
      <trkpt lat="37.71803" lon="-119.56921">
        <ele>2063.0</ele>
      </trkpt>
      <trkpt lat="37.71773" lon="-119.5692">
        <ele>2069.0</ele>
      </trkpt>
      <trkpt lat="37.71736" lon="-119.56912">
        <ele>2072.0</ele>
      </trkpt>
      <trkpt lat="37.71711" lon="-119.56919">
        <ele>2072.0</ele>
      </trkpt>
      <trkpt lat="37.7168" lon="-119.56903">
        <ele>2071.0</ele>
      </trkpt>
      <trkpt lat="37.71657" lon="-119.56896">
        <ele>2056.0</ele>
      </trkpt>
      <trkpt lat="37.71623" lon="-119.56898">
        <ele>2054.0</ele>
      </trkpt>
      <trkpt lat="37.71519" lon="-119.56858">
        <ele>2042.0</ele>
      </trkpt>
      <trkpt lat="37.71492" lon="-119.56852">
        <ele>2041.0</ele>
      </trkpt>
      <trkpt lat="37.71455" lon="-119.5683">
        <ele>2033.0</ele>
      </trkpt>
      <trkpt lat="37.71429" lon="-119.56822">
        <ele>2035.0</ele>
      </trkpt>
      <trkpt lat="37.71411" lon="-119.56805">
        <ele>2019.0</ele>
      </trkpt>
      <trkpt lat="37.71338" lon="-119.56792">
        <ele>2030.0</ele>
      </trkpt>
      <trkpt lat="37.71325" lon="-119.56774">
        <ele>2015.0</ele>
      </trkpt>
      <trkpt lat="37.71304" lon="-119.56764">
        <ele>2016.0</ele>
      </trkpt>
      <trkpt lat="37.71289" lon="-119.56752">
        <ele>2001.0</ele>
      </trkpt>
      <trkpt lat="37.71254" lon="-119.56734">
        <ele>1988.0</ele>
      </trkpt>
      <trkpt lat="37.71244" lon="-119.56732">
        <ele>1988.0</ele>
      </trkpt>
      <trkpt lat="37.71234" lon="-119.56722">
        <ele>1990.0</ele>
      </trkpt>
      <trkpt lat="37.71195" lon="-119.56703">
        <ele>1984.0</ele>
      </trkpt>
      <trkpt lat="37.7117" lon="-119.56687">
        <ele>1992.0</ele>
      </trkpt>
      <trkpt lat="37.71133" lon="-119.56671">
        <ele>1988.0</ele>
      </trkpt>
      <trkpt lat="37.71119" lon="-119.56655">
        <ele>1993.0</ele>
      </trkpt>
      <trkpt lat="37.7111" lon="-119.5665">
        <ele>1980.0</ele>
      </trkpt>
      <trkpt lat="37.711" lon="-119.5663">
        <ele>1980.0</ele>
      </trkpt>
      <trkpt lat="37.71094" lon="-119.56626">
        <ele>1983.0</ele>
      </trkpt>
      <trkpt lat="37.71079" lon="-119.56593">
        <ele>1963.0</ele>
      </trkpt>
      <trkpt lat="37.71069" lon="-119.5656">
        <ele>1963.0</ele>
      </trkpt>
      <trkpt lat="37.71057" lon="-119.5655">
        <ele>1963.0</ele>
      </trkpt>
      <trkpt lat="37.71039" lon="-119.56539">
        <ele>1959.0</ele>
      </trkpt>
      <trkpt lat="37.70999" lon="-119.56525">
        <ele>1958.0</ele>
      </trkpt>
      <trkpt lat="37.70998" lon="-119.56521">
        <ele>1958.0</ele>
      </trkpt>
      <trkpt lat="37.71002" lon="-119.56516">
        <ele>1958.0</ele>
      </trkpt>
      <trkpt lat="37.71002" lon="-119.56516">
        <ele>1958.0</ele>
      </trkpt>
      <trkpt lat="37.71042" lon="-119.56498">
        <ele>1947.0</ele>
      </trkpt>
      <trkpt lat="37.71078" lon="-119.56497">
        <ele>1941.0</ele>
      </trkpt>
      <trkpt lat="37.71098" lon="-119.56507">
        <ele>1930.0</ele>
      </trkpt>
      <trkpt lat="37.71111" lon="-119.5652">
        <ele>1937.0</ele>
      </trkpt>
      <trkpt lat="37.71115" lon="-119.56517">
        <ele>1937.0</ele>
      </trkpt>
      <trkpt lat="37.71101" lon="-119.56492">
        <ele>1930.0</ele>
      </trkpt>
      <trkpt lat="37.71083" lon="-119.56468">
        <ele>1929.0</ele>
      </trkpt>
      <trkpt lat="37.7105" lon="-119.56438">
        <ele>1923.0</ele>
      </trkpt>
      <trkpt lat="37.71069" lon="-119.56437">
        <ele>1923.0</ele>
      </trkpt>
      <trkpt lat="37.71093" lon="-119.56441">
        <ele>1917.0</ele>
      </trkpt>
      <trkpt lat="37.71138" lon="-119.56468">
        <ele>1918.0</ele>
      </trkpt>
      <trkpt lat="37.71151" lon="-119.56465">
        <ele>1918.0</ele>
      </trkpt>
      <trkpt lat="37.71151" lon="-119.56459">
        <ele>1918.0</ele>
      </trkpt>
      <trkpt lat="37.71142" lon="-119.56454">
        <ele>1907.0</ele>
      </trkpt>
      <trkpt lat="37.71134" lon="-119.5644">
        <ele>1907.0</ele>
      </trkpt>
      <trkpt lat="37.71122" lon="-119.56413">
        <ele>1899.0</ele>
      </trkpt>
      <trkpt lat="37.71117" lon="-119.56406">
        <ele>1899.0</ele>
      </trkpt>
      <trkpt lat="37.71091" lon="-119.56384">
        <ele>1895.0</ele>
      </trkpt>
      <trkpt lat="37.71059" lon="-119.56363">
        <ele>1887.0</ele>
      </trkpt>
      <trkpt lat="37.71044" lon="-119.5635">
        <ele>1887.0</ele>
      </trkpt>
      <trkpt lat="37.71053" lon="-119.56343">
        <ele>1882.0</ele>
      </trkpt>
      <trkpt lat="37.71142" lon="-119.56332">
        <ele>1870.0</ele>
      </trkpt>
      <trkpt lat="37.71193" lon="-119.56311">
        <ele>1861.0</ele>
      </trkpt>
      <trkpt lat="37.71254" lon="-119.56308">
        <ele>1852.0</ele>
      </trkpt>
      <trkpt lat="37.71274" lon="-119.56329">
        <ele>1849.0</ele>
      </trkpt>
      <trkpt lat="37.71296" lon="-119.56332">
        <ele>1841.0</ele>
      </trkpt>
      <trkpt lat="37.71298" lon="-119.56321">
        <ele>1841.0</ele>
      </trkpt>
      <trkpt lat="37.7129753917436" lon="-119.563188110782">
        <ele>1831.0</ele>
      </trkpt>
      <trkpt lat="37.7129753917436" lon="-119.563188110782">
        <ele>1831.0</ele>
      </trkpt>
      <trkpt lat="37.71294" lon="-119.56302">
        <ele>1831.0</ele>
      </trkpt>
      <trkpt lat="37.71288" lon="-119.5629">
        <ele>1835.0</ele>
      </trkpt>
      <trkpt lat="37.71272" lon="-119.56277">
        <ele>1835.0</ele>
      </trkpt>
      <trkpt lat="37.71258" lon="-119.56244">
        <ele>1838.0</ele>
      </trkpt>
      <trkpt lat="37.7116" lon="-119.56163">
        <ele>1830.0</ele>
      </trkpt>
      <trkpt lat="37.71135" lon="-119.56146">
        <ele>1831.0</ele>
      </trkpt>
      <trkpt lat="37.71109" lon="-119.56135">
        <ele>1833.0</ele>
      </trkpt>
      <trkpt lat="37.71094" lon="-119.56122">
        <ele>1823.0</ele>
      </trkpt>
      <trkpt lat="37.71086" lon="-119.56099">
        <ele>1823.0</ele>
      </trkpt>
      <trkpt lat="37.711" lon="-119.56106">
        <ele>1826.0</ele>
      </trkpt>
      <trkpt lat="37.71109" lon="-119.56096">
        <ele>1813.0</ele>
      </trkpt>
      <trkpt lat="37.7113" lon="-119.56085">
        <ele>1813.0</ele>
      </trkpt>
      <trkpt lat="37.71152" lon="-119.5609">
        <ele>1813.0</ele>
      </trkpt>
      <trkpt lat="37.71182" lon="-119.56108">
        <ele>1798.0</ele>
      </trkpt>
      <trkpt lat="37.71198" lon="-119.56102">
        <ele>1798.0</ele>
      </trkpt>
      <trkpt lat="37.71208" lon="-119.56085">
        <ele>1799.0</ele>
      </trkpt>
      <trkpt lat="37.71208" lon="-119.56085">
        <ele>1799.0</ele>
      </trkpt>
      <trkpt lat="37.71219" lon="-119.56055">
        <ele>1801.0</ele>
      </trkpt>
      <trkpt lat="37.71219" lon="-119.56055">
        <ele>1801.0</ele>
      </trkpt>
      <trkpt lat="37.71221" lon="-119.56051">
        <ele>1801.0</ele>
      </trkpt>
      <trkpt lat="37.71227" lon="-119.56054">
        <ele>1801.0</ele>
      </trkpt>
      <trkpt lat="37.71242" lon="-119.56055">
        <ele>1801.0</ele>
      </trkpt>
      <trkpt lat="37.71304" lon="-119.56042">
        <ele>1796.0</ele>
      </trkpt>
      <trkpt lat="37.71332" lon="-119.56043">
        <ele>1799.0</ele>
      </trkpt>
      <trkpt lat="37.71349" lon="-119.56048">
        <ele>1798.0</ele>
      </trkpt>
      <trkpt lat="37.71384" lon="-119.56073">
        <ele>1794.0</ele>
      </trkpt>
      <trkpt lat="37.71396" lon="-119.56074">
        <ele>1794.0</ele>
      </trkpt>
      <trkpt lat="37.71419" lon="-119.56069">
        <ele>1804.0</ele>
      </trkpt>
      <trkpt lat="37.71439" lon="-119.56059">
        <ele>1806.0</ele>
      </trkpt>
      <trkpt lat="37.71452" lon="-119.56047">
        <ele>1806.0</ele>
      </trkpt>
      <trkpt lat="37.71484" lon="-119.55992">
        <ele>1818.0</ele>
      </trkpt>
      <trkpt lat="37.71524" lon="-119.5595">
        <ele>1826.0</ele>
      </trkpt>
      <trkpt lat="37.71523" lon="-119.55947">
        <ele>1826.0</ele>
      </trkpt>
      <trkpt lat="37.71519" lon="-119.55944">
        <ele>1826.0</ele>
      </trkpt>
      <trkpt lat="37.71506" lon="-119.55941">
        <ele>1826.0</ele>
      </trkpt>
      <trkpt lat="37.71505" lon="-119.55938">
        <ele>1826.0</ele>
      </trkpt>
      <trkpt lat="37.71507" lon="-119.55934">
        <ele>1826.0</ele>
      </trkpt>
      <trkpt lat="37.7154" lon="-119.55915">
        <ele>1831.0</ele>
      </trkpt>
      <trkpt lat="37.71553" lon="-119.55902">
        <ele>1845.0</ele>
      </trkpt>
      <trkpt lat="37.7155" lon="-119.55898">
        <ele>1845.0</ele>
      </trkpt>
      <trkpt lat="37.71521" lon="-119.55882">
        <ele>1837.0</ele>
      </trkpt>
      <trkpt lat="37.71521" lon="-119.55878">
        <ele>1837.0</ele>
      </trkpt>
      <trkpt lat="37.71568" lon="-119.55866">
        <ele>1853.0</ele>
      </trkpt>
      <trkpt lat="37.71515" lon="-119.55835">
        <ele>1854.0</ele>
      </trkpt>
      <trkpt lat="37.71511" lon="-119.55826">
        <ele>1849.0</ele>
      </trkpt>
      <trkpt lat="37.7151309877283" lon="-119.558240920247">
        <ele>1849.0</ele>
      </trkpt>
      <trkpt lat="37.7151309877283" lon="-119.558240920247">
        <ele>1849.0</ele>
      </trkpt>
      <trkpt lat="37.71522" lon="-119.55816">
        <ele>1866.0</ele>
      </trkpt>
      <trkpt lat="37.71547" lon="-119.55807">
        <ele>1872.0</ele>
      </trkpt>
      <trkpt lat="37.71489" lon="-119.55771">
        <ele>1874.0</ele>
      </trkpt>
      <trkpt lat="37.71472" lon="-119.55766">
        <ele>1868.0</ele>
      </trkpt>
      <trkpt lat="37.71457" lon="-119.55765">
        <ele>1868.0</ele>
      </trkpt>
      <trkpt lat="37.71449" lon="-119.55762">
        <ele>1876.0</ele>
      </trkpt>
      <trkpt lat="37.71446" lon="-119.55755">
        <ele>1876.0</ele>
      </trkpt>
      <trkpt lat="37.71448" lon="-119.55746">
        <ele>1876.0</ele>
      </trkpt>
      <trkpt lat="37.71452" lon="-119.5574">
        <ele>1876.0</ele>
      </trkpt>
      <trkpt lat="37.71476" lon="-119.5572">
        <ele>1891.0</ele>
      </trkpt>
      <trkpt lat="37.71494" lon="-119.5571">
        <ele>1896.0</ele>
      </trkpt>
      <trkpt lat="37.7153" lon="-119.55707">
        <ele>1905.0</ele>
      </trkpt>
      <trkpt lat="37.71543" lon="-119.55702">
        <ele>1907.0</ele>
      </trkpt>
      <trkpt lat="37.71559" lon="-119.557">
        <ele>1907.0</ele>
      </trkpt>
      <trkpt lat="37.71569" lon="-119.55705">
        <ele>1907.0</ele>
      </trkpt>
      <trkpt lat="37.7159" lon="-119.55732">
        <ele>1896.0</ele>
      </trkpt>
      <trkpt lat="37.71606" lon="-119.55746">
        <ele>1888.0</ele>
      </trkpt>
      <trkpt lat="37.71606" lon="-119.55746">
        <ele>1888.0</ele>
      </trkpt>
      <trkpt lat="37.71606" lon="-119.55746">
        <ele>1888.0</ele>
      </trkpt>
      <trkpt lat="37.71618" lon="-119.55743">
        <ele>1888.0</ele>
      </trkpt>
      <trkpt lat="37.71635" lon="-119.55721">
        <ele>1902.0</ele>
      </trkpt>
      <trkpt lat="37.71652" lon="-119.55691">
        <ele>1911.0</ele>
      </trkpt>
      <trkpt lat="37.71666" lon="-119.55683">
        <ele>1909.0</ele>
      </trkpt>
      <trkpt lat="37.71719" lon="-119.55642">
        <ele>1916.0</ele>
      </trkpt>
      <trkpt lat="37.71736" lon="-119.55622">
        <ele>1925.0</ele>
      </trkpt>
      <trkpt lat="37.7176352083208" lon="-119.555971714232">
        <ele>1928.0</ele>
      </trkpt>
      <trkpt lat="37.7176352083208" lon="-119.555971714232">
        <ele>1928.0</ele>
      </trkpt>
      <trkpt lat="37.71828" lon="-119.55539">
        <ele>1937.0</ele>
      </trkpt>
      <trkpt lat="37.71859" lon="-119.55506">
        <ele>1942.0</ele>
      </trkpt>
      <trkpt lat="37.71859" lon="-119.55506">
        <ele>1942.0</ele>
      </trkpt>
      <trkpt lat="37.71915" lon="-119.55456">
        <ele>1951.0</ele>
      </trkpt>
      <trkpt lat="37.71919" lon="-119.55449">
        <ele>1951.0</ele>
      </trkpt>
      <trkpt lat="37.71915" lon="-119.55445">
        <ele>1951.0</ele>
      </trkpt>
      <trkpt lat="37.7189" lon="-119.55443">
        <ele>1958.0</ele>
      </trkpt>
      <trkpt lat="37.71887" lon="-119.55441">
        <ele>1958.0</ele>
      </trkpt>
      <trkpt lat="37.71888" lon="-119.55436">
        <ele>1958.0</ele>
      </trkpt>
      <trkpt lat="37.71907" lon="-119.5542">
        <ele>1959.0</ele>
      </trkpt>
      <trkpt lat="37.71924" lon="-119.55402">
        <ele>1967.0</ele>
      </trkpt>
      <trkpt lat="37.71949" lon="-119.5539">
        <ele>1961.0</ele>
      </trkpt>
      <trkpt lat="37.71963" lon="-119.55373">
        <ele>1963.0</ele>
      </trkpt>
      <trkpt lat="37.71969" lon="-119.55354">
        <ele>1963.0</ele>
      </trkpt>
      <trkpt lat="37.71987" lon="-119.55322">
        <ele>1966.0</ele>
      </trkpt>
      <trkpt lat="37.71987" lon="-119.55322">
        <ele>1966.0</ele>
      </trkpt>
      <trkpt lat="37.72009" lon="-119.55217">
        <ele>1996.0</ele>
      </trkpt>
      <trkpt lat="37.7200667764758" lon="-119.552181211356">
        <ele>1996.0</ele>
      </trkpt>
      <trkpt lat="37.7200667764758" lon="-119.552181211356">
        <ele>1996.0</ele>
      </trkpt>
      <trkpt lat="37.7198" lon="-119.55231">
        <ele>2011.0</ele>
      </trkpt>
      <trkpt lat="37.71957" lon="-119.55249">
        <ele>2014.0</ele>
      </trkpt>
      <trkpt lat="37.7194" lon="-119.55268">
        <ele>1999.0</ele>
      </trkpt>
      <trkpt lat="37.71899" lon="-119.55296">
        <ele>2020.0</ele>
      </trkpt>
      <trkpt lat="37.71891" lon="-119.55295">
        <ele>2020.0</ele>
      </trkpt>
      <trkpt lat="37.71906" lon="-119.55261">
        <ele>2031.0</ele>
      </trkpt>
      <trkpt lat="37.71934" lon="-119.55175">
        <ele>2035.0</ele>
      </trkpt>
      <trkpt lat="37.71972" lon="-119.55099">
        <ele>2030.0</ele>
      </trkpt>
      <trkpt lat="37.72005" lon="-119.55055">
        <ele>2030.0</ele>
      </trkpt>
      <trkpt lat="37.72041" lon="-119.55019">
        <ele>2019.0</ele>
      </trkpt>
      <trkpt lat="37.72065" lon="-119.54983">
        <ele>2028.0</ele>
      </trkpt>
      <trkpt lat="37.72083" lon="-119.54947">
        <ele>2022.0</ele>
      </trkpt>
      <trkpt lat="37.72102" lon="-119.54863">
        <ele>2012.0</ele>
      </trkpt>
      <trkpt lat="37.72112" lon="-119.54761">
        <ele>2018.0</ele>
      </trkpt>
      <trkpt lat="37.7211" lon="-119.54735">
        <ele>2018.0</ele>
      </trkpt>
      <trkpt lat="37.72104" lon="-119.54709">
        <ele>2018.0</ele>
      </trkpt>
      <trkpt lat="37.72067" lon="-119.54611">
        <ele>2021.0</ele>
      </trkpt>
      <trkpt lat="37.7206485060545" lon="-119.54603916768">
        <ele>2021.0</ele>
      </trkpt>
      <trkpt lat="37.7206485060545" lon="-119.54603916768">
        <ele>2021.0</ele>
      </trkpt>
      <trkpt lat="37.72023" lon="-119.54466">
        <ele>2016.0</ele>
      </trkpt>
      <trkpt lat="37.71997" lon="-119.54363">
        <ele>2011.0</ele>
      </trkpt>
      <trkpt lat="37.71991" lon="-119.54323">
        <ele>2012.0</ele>
      </trkpt>
      <trkpt lat="37.71987" lon="-119.54259">
        <ele>2009.0</ele>
      </trkpt>
      <trkpt lat="37.71994" lon="-119.5422">
        <ele>2008.0</ele>
      </trkpt>
      <trkpt lat="37.71989" lon="-119.54185">
        <ele>2007.0</ele>
      </trkpt>
      <trkpt lat="37.71991" lon="-119.54167">
        <ele>2008.0</ele>
      </trkpt>
      <trkpt lat="37.71998" lon="-119.54149">
        <ele>2007.0</ele>
      </trkpt>
      <trkpt lat="37.71999" lon="-119.54124">
        <ele>2006.0</ele>
      </trkpt>
      <trkpt lat="37.71989" lon="-119.54059">
        <ele>2006.0</ele>
      </trkpt>
      <trkpt lat="37.71989" lon="-119.54032">
        <ele>2005.0</ele>
      </trkpt>
      <trkpt lat="37.71985" lon="-119.53997">
        <ele>2010.0</ele>
      </trkpt>
      <trkpt lat="37.71985" lon="-119.53997">
        <ele>2010.0</ele>
      </trkpt>
      <trkpt lat="37.7198" lon="-119.53945">
        <ele>2002.0</ele>
      </trkpt>
      <trkpt lat="37.71971" lon="-119.53906">
        <ele>1999.0</ele>
      </trkpt>
      <trkpt lat="37.71986" lon="-119.53915">
        <ele>1999.0</ele>
      </trkpt>
      <trkpt lat="37.71983" lon="-119.53894">
        <ele>1996.0</ele>
      </trkpt>
      <trkpt lat="37.7197" lon="-119.53864">
        <ele>1990.0</ele>
      </trkpt>
      <trkpt lat="37.71961" lon="-119.53857">
        <ele>1990.0</ele>
      </trkpt>
      <trkpt lat="37.71946" lon="-119.53836">
        <ele>1996.0</ele>
      </trkpt>
      <trkpt lat="37.71937" lon="-119.53818">
        <ele>1994.0</ele>
      </trkpt>
      <trkpt lat="37.7193" lon="-119.538">
        <ele>2000.0</ele>
      </trkpt>
      <trkpt lat="37.71925" lon="-119.53778">
        <ele>1998.0</ele>
      </trkpt>
      <trkpt lat="37.71923" lon="-119.5375">
        <ele>1994.0</ele>
      </trkpt>
      <trkpt lat="37.71924" lon="-119.53711">
        <ele>1990.0</ele>
      </trkpt>
      <trkpt lat="37.71928" lon="-119.53687">
        <ele>1989.0</ele>
      </trkpt>
      <trkpt lat="37.71938" lon="-119.53645">
        <ele>1978.0</ele>
      </trkpt>
      <trkpt lat="37.71943" lon="-119.53651">
        <ele>1978.0</ele>
      </trkpt>
      <trkpt lat="37.71945" lon="-119.53675">
        <ele>1980.0</ele>
      </trkpt>
      <trkpt lat="37.71973" lon="-119.53746">
        <ele>1975.0</ele>
      </trkpt>
      <trkpt lat="37.71977" lon="-119.53747">
        <ele>1975.0</ele>
      </trkpt>
      <trkpt lat="37.71979" lon="-119.53662">
        <ele>1965.0</ele>
      </trkpt>
      <trkpt lat="37.71982" lon="-119.53663">
        <ele>1965.0</ele>
      </trkpt>
      <trkpt lat="37.72003" lon="-119.53708">
        <ele>1960.0</ele>
      </trkpt>
      <trkpt lat="37.72018" lon="-119.5371">
        <ele>1952.0</ele>
      </trkpt>
      <trkpt lat="37.72043" lon="-119.53723">
        <ele>1930.0</ele>
      </trkpt>
      <trkpt lat="37.72044" lon="-119.53715">
        <ele>1930.0</ele>
      </trkpt>
      <trkpt lat="37.7203" lon="-119.53676">
        <ele>1943.0</ele>
      </trkpt>
      <trkpt lat="37.72025" lon="-119.53649">
        <ele>1938.0</ele>
      </trkpt>
      <trkpt lat="37.72045" lon="-119.53668">
        <ele>1926.0</ele>
      </trkpt>
      <trkpt lat="37.72068" lon="-119.537">
        <ele>1932.0</ele>
      </trkpt>
      <trkpt lat="37.7206613374571" lon="-119.536917351596">
        <ele>1932.0</ele>
      </trkpt>
      <trkpt lat="37.7206387148256" lon="-119.536817165656">
        <ele>1932.0</ele>
      </trkpt>
      <trkpt lat="37.7206387148256" lon="-119.536817165656">
        <ele>1932.0</ele>
      </trkpt>
      <trkpt lat="37.72061" lon="-119.53669">
        <ele>1926.0</ele>
      </trkpt>
      <trkpt lat="37.72054" lon="-119.53654">
        <ele>1926.0</ele>
      </trkpt>
      <trkpt lat="37.72055" lon="-119.53633">
        <ele>1921.0</ele>
      </trkpt>
      <trkpt lat="37.7206" lon="-119.53624">
        <ele>1919.0</ele>
      </trkpt>
      <trkpt lat="37.72067" lon="-119.53625">
        <ele>1919.0</ele>
      </trkpt>
      <trkpt lat="37.72085" lon="-119.53661">
        <ele>1910.0</ele>
      </trkpt>
      <trkpt lat="37.72093" lon="-119.53668">
        <ele>1910.0</ele>
      </trkpt>
      <trkpt lat="37.72092" lon="-119.53653">
        <ele>1910.0</ele>
      </trkpt>
      <trkpt lat="37.72094" lon="-119.53637">
        <ele>1906.0</ele>
      </trkpt>
      <trkpt lat="37.72101" lon="-119.53627">
        <ele>1893.0</ele>
      </trkpt>
      <trkpt lat="37.72113" lon="-119.53622">
        <ele>1891.0</ele>
      </trkpt>
      <trkpt lat="37.72116" lon="-119.5361">
        <ele>1891.0</ele>
      </trkpt>
      <trkpt lat="37.72111" lon="-119.53562">
        <ele>1894.0</ele>
      </trkpt>
      <trkpt lat="37.72113" lon="-119.5355">
        <ele>1894.0</ele>
      </trkpt>
      <trkpt lat="37.72127" lon="-119.53578">
        <ele>1885.0</ele>
      </trkpt>
      <trkpt lat="37.72149" lon="-119.5361">
        <ele>1883.0</ele>
      </trkpt>
      <trkpt lat="37.72181" lon="-119.53645">
        <ele>1860.0</ele>
      </trkpt>
      <trkpt lat="37.72185" lon="-119.53632">
        <ele>1860.0</ele>
      </trkpt>
      <trkpt lat="37.72186" lon="-119.53619">
        <ele>1863.0</ele>
      </trkpt>
      <trkpt lat="37.72179" lon="-119.53573">
        <ele>1873.0</ele>
      </trkpt>
      <trkpt lat="37.72181" lon="-119.53565">
        <ele>1861.0</ele>
      </trkpt>
      <trkpt lat="37.72188" lon="-119.53561">
        <ele>1861.0</ele>
      </trkpt>
      <trkpt lat="37.72202" lon="-119.53573">
        <ele>1863.0</ele>
      </trkpt>
      <trkpt lat="37.72209" lon="-119.53571">
        <ele>1853.0</ele>
      </trkpt>
      <trkpt lat="37.72216" lon="-119.53561">
        <ele>1849.0</ele>
      </trkpt>
      <trkpt lat="37.72218" lon="-119.53546">
        <ele>1849.0</ele>
      </trkpt>
      <trkpt lat="37.72213" lon="-119.53534">
        <ele>1847.0</ele>
      </trkpt>
      <trkpt lat="37.72206" lon="-119.5353">
        <ele>1858.0</ele>
      </trkpt>
      <trkpt lat="37.72201" lon="-119.53521">
        <ele>1858.0</ele>
      </trkpt>
      <trkpt lat="37.72202" lon="-119.53506">
        <ele>1855.0</ele>
      </trkpt>
      <trkpt lat="37.72217" lon="-119.53489">
        <ele>1846.0</ele>
      </trkpt>
      <trkpt lat="37.72222" lon="-119.53488">
        <ele>1846.0</ele>
      </trkpt>
      <trkpt lat="37.72225" lon="-119.53494">
        <ele>1846.0</ele>
      </trkpt>
      <trkpt lat="37.72224" lon="-119.53503">
        <ele>1846.0</ele>
      </trkpt>
      <trkpt lat="37.7224" lon="-119.53521">
        <ele>1838.0</ele>
      </trkpt>
      <trkpt lat="37.7224" lon="-119.53521">
        <ele>1838.0</ele>
      </trkpt>
      <trkpt lat="37.72246" lon="-119.53506">
        <ele>1838.0</ele>
      </trkpt>
      <trkpt lat="37.72259" lon="-119.53488">
        <ele>1838.0</ele>
      </trkpt>
      <trkpt lat="37.72261" lon="-119.53477">
        <ele>1836.0</ele>
      </trkpt>
      <trkpt lat="37.72285" lon="-119.5346">
        <ele>1825.0</ele>
      </trkpt>
      <trkpt lat="37.7228843039656" lon="-119.534587361697">
        <ele>1825.0</ele>
      </trkpt>
      <trkpt lat="37.7228843039656" lon="-119.534587361697">
        <ele>1825.0</ele>
      </trkpt>
      <trkpt lat="37.72304" lon="-119.53453">
        <ele>1823.0</ele>
      </trkpt>
      <trkpt lat="37.72323" lon="-119.53432">
        <ele>1820.0</ele>
      </trkpt>
      <trkpt lat="37.72347" lon="-119.53414">
        <ele>1825.0</ele>
      </trkpt>
      <trkpt lat="37.72361" lon="-119.53396">
        <ele>1830.0</ele>
      </trkpt>
      <trkpt lat="37.72374" lon="-119.53369">
        <ele>1835.0</ele>
      </trkpt>
      <trkpt lat="37.72383" lon="-119.5336">
        <ele>1827.0</ele>
      </trkpt>
      <trkpt lat="37.72421" lon="-119.53346">
        <ele>1824.0</ele>
      </trkpt>
      <trkpt lat="37.72462" lon="-119.53306">
        <ele>1815.0</ele>
      </trkpt>
      <trkpt lat="37.72462" lon="-119.53306">
        <ele>1815.0</ele>
      </trkpt>
      <trkpt lat="37.72482" lon="-119.53301">
        <ele>1815.0</ele>
      </trkpt>
      <trkpt lat="37.72482" lon="-119.53301">
        <ele>1815.0</ele>
      </trkpt>
      <trkpt lat="37.72486" lon="-119.533">
        <ele>1815.0</ele>
      </trkpt>
      <trkpt lat="37.72486" lon="-119.533">
        <ele>1815.0</ele>
      </trkpt>
      <trkpt lat="37.72486" lon="-119.533">
        <ele>1815.0</ele>
      </trkpt>
      <trkpt lat="37.72529" lon="-119.53233">
        <ele>1817.0</ele>
      </trkpt>
      <trkpt lat="37.72549" lon="-119.5318">
        <ele>1823.0</ele>
      </trkpt>
      <trkpt lat="37.72562" lon="-119.53157">
        <ele>1823.0</ele>
      </trkpt>
      <trkpt lat="37.72571" lon="-119.53125">
        <ele>1827.0</ele>
      </trkpt>
      <trkpt lat="37.72571" lon="-119.53125">
        <ele>1827.0</ele>
      </trkpt>
      <trkpt lat="37.72574" lon="-119.53101">
        <ele>1827.0</ele>
      </trkpt>
      <trkpt lat="37.72586" lon="-119.53074">
        <ele>1829.0</ele>
      </trkpt>
      <trkpt lat="37.72594" lon="-119.53045">
        <ele>1832.0</ele>
      </trkpt>
      <trkpt lat="37.72614" lon="-119.53036">
        <ele>1834.0</ele>
      </trkpt>
      <trkpt lat="37.72614" lon="-119.53036">
        <ele>1834.0</ele>
      </trkpt>
      <trkpt lat="37.72614" lon="-119.53045">
        <ele>1832.0</ele>
      </trkpt>
      <trkpt lat="37.72625" lon="-119.53051">
        <ele>1832.0</ele>
      </trkpt>
      <trkpt lat="37.72635" lon="-119.53068">
        <ele>1832.0</ele>
      </trkpt>
      <trkpt lat="37.72621" lon="-119.53072">
        <ele>1831.0</ele>
      </trkpt>
      <trkpt lat="37.72626" lon="-119.53081">
        <ele>1834.0</ele>
      </trkpt>
      <trkpt lat="37.72614" lon="-119.53084">
        <ele>1831.0</ele>
      </trkpt>
      <trkpt lat="37.72622" lon="-119.53105">
        <ele>1830.0</ele>
      </trkpt>
      <trkpt lat="37.72615" lon="-119.53116">
        <ele>1830.0</ele>
      </trkpt>
      <trkpt lat="37.72621" lon="-119.53121">
        <ele>1830.0</ele>
      </trkpt>
      <trkpt lat="37.72622" lon="-119.53125">
        <ele>1830.0</ele>
      </trkpt>
      <trkpt lat="37.72622" lon="-119.53125">
        <ele>1830.0</ele>
      </trkpt>
      <trkpt lat="37.72626" lon="-119.53156">
        <ele>1854.0</ele>
      </trkpt>
      <trkpt lat="37.72624" lon="-119.53174">
        <ele>1840.0</ele>
      </trkpt>
      <trkpt lat="37.72615" lon="-119.53181">
        <ele>1841.0</ele>
      </trkpt>
      <trkpt lat="37.7262" lon="-119.53194">
        <ele>1841.0</ele>
      </trkpt>
      <trkpt lat="37.72636" lon="-119.53211">
        <ele>1853.0</ele>
      </trkpt>
      <trkpt lat="37.72633" lon="-119.53234">
        <ele>1853.0</ele>
      </trkpt>
      <trkpt lat="37.72644" lon="-119.53242">
        <ele>1840.0</ele>
      </trkpt>
      <trkpt lat="37.72634" lon="-119.5325">
        <ele>1840.0</ele>
      </trkpt>
      <trkpt lat="37.72649" lon="-119.53264">
        <ele>1820.0</ele>
      </trkpt>
      <trkpt lat="37.72638" lon="-119.53272">
        <ele>1820.0</ele>
      </trkpt>
      <trkpt lat="37.72643" lon="-119.53278">
        <ele>1820.0</ele>
      </trkpt>
      <trkpt lat="37.72639" lon="-119.53293">
        <ele>1791.0</ele>
      </trkpt>
      <trkpt lat="37.72645" lon="-119.533">
        <ele>1791.0</ele>
      </trkpt>
      <trkpt lat="37.72635" lon="-119.53305">
        <ele>1791.0</ele>
      </trkpt>
      <trkpt lat="37.72645" lon="-119.53313">
        <ele>1791.0</ele>
      </trkpt>
      <trkpt lat="37.72635" lon="-119.53318">
        <ele>1791.0</ele>
      </trkpt>
      <trkpt lat="37.72643" lon="-119.53327">
        <ele>1760.0</ele>
      </trkpt>
      <trkpt lat="37.72637" lon="-119.53333">
        <ele>1760.0</ele>
      </trkpt>
      <trkpt lat="37.72627" lon="-119.53336">
        <ele>1760.0</ele>
      </trkpt>
      <trkpt lat="37.72634" lon="-119.53347">
        <ele>1760.0</ele>
      </trkpt>
      <trkpt lat="37.7262" lon="-119.53353">
        <ele>1729.0</ele>
      </trkpt>
      <trkpt lat="37.72625" lon="-119.53364">
        <ele>1729.0</ele>
      </trkpt>
      <trkpt lat="37.72616" lon="-119.53363">
        <ele>1729.0</ele>
      </trkpt>
      <trkpt lat="37.72626" lon="-119.53375">
        <ele>1723.0</ele>
      </trkpt>
      <trkpt lat="37.72614" lon="-119.53384">
        <ele>1706.0</ele>
      </trkpt>
      <trkpt lat="37.72624" lon="-119.53396">
        <ele>1706.0</ele>
      </trkpt>
      <trkpt lat="37.72634" lon="-119.53392">
        <ele>1703.0</ele>
      </trkpt>
      <trkpt lat="37.72637" lon="-119.53397">
        <ele>1703.0</ele>
      </trkpt>
      <trkpt lat="37.72649" lon="-119.53404">
        <ele>1690.0</ele>
      </trkpt>
      <trkpt lat="37.72653" lon="-119.53418">
        <ele>1695.0</ele>
      </trkpt>
      <trkpt lat="37.72656" lon="-119.53441">
        <ele>1684.0</ele>
      </trkpt>
      <trkpt lat="37.72673" lon="-119.53468">
        <ele>1675.0</ele>
      </trkpt>
      <trkpt lat="37.72675" lon="-119.53485">
        <ele>1675.0</ele>
      </trkpt>
      <trkpt lat="37.72654" lon="-119.53502">
        <ele>1669.0</ele>
      </trkpt>
      <trkpt lat="37.72642" lon="-119.535">
        <ele>1664.0</ele>
      </trkpt>
      <trkpt lat="37.72632" lon="-119.53495">
        <ele>1664.0</ele>
      </trkpt>
      <trkpt lat="37.72621" lon="-119.53498">
        <ele>1663.0</ele>
      </trkpt>
      <trkpt lat="37.7263" lon="-119.53513">
        <ele>1664.0</ele>
      </trkpt>
      <trkpt lat="37.72619" lon="-119.53517">
        <ele>1651.0</ele>
      </trkpt>
      <trkpt lat="37.72626" lon="-119.53532">
        <ele>1657.0</ele>
      </trkpt>
      <trkpt lat="37.72611" lon="-119.53532">
        <ele>1651.0</ele>
      </trkpt>
      <trkpt lat="37.72605" lon="-119.53539">
        <ele>1651.0</ele>
      </trkpt>
      <trkpt lat="37.72611" lon="-119.53557">
        <ele>1641.0</ele>
      </trkpt>
      <trkpt lat="37.72619" lon="-119.53564">
        <ele>1641.0</ele>
      </trkpt>
      <trkpt lat="37.7262288139547" lon="-119.535643375126">
        <ele>1641.0</ele>
      </trkpt>
      <trkpt lat="37.7262288139547" lon="-119.535643375126">
        <ele>1641.0</ele>
      </trkpt>
      <trkpt lat="37.72642" lon="-119.53566">
        <ele>1651.0</ele>
      </trkpt>
      <trkpt lat="37.72652" lon="-119.53579">
        <ele>1642.0</ele>
      </trkpt>
      <trkpt lat="37.72653" lon="-119.53611">
        <ele>1645.0</ele>
      </trkpt>
      <trkpt lat="37.72667" lon="-119.53625">
        <ele>1645.0</ele>
      </trkpt>
      <trkpt lat="37.72667" lon="-119.53639">
        <ele>1643.0</ele>
      </trkpt>
      <trkpt lat="37.72663" lon="-119.53658">
        <ele>1642.0</ele>
      </trkpt>
      <trkpt lat="37.72665" lon="-119.5368">
        <ele>1642.0</ele>
      </trkpt>
      <trkpt lat="37.72659" lon="-119.5371">
        <ele>1632.0</ele>
      </trkpt>
      <trkpt lat="37.72644" lon="-119.53732">
        <ele>1627.0</ele>
      </trkpt>
      <trkpt lat="37.72656" lon="-119.53747">
        <ele>1628.0</ele>
      </trkpt>
      <trkpt lat="37.72708" lon="-119.5378">
        <ele>1624.0</ele>
      </trkpt>
      <trkpt lat="37.72744" lon="-119.53794">
        <ele>1623.0</ele>
      </trkpt>
      <trkpt lat="37.72767" lon="-119.53795">
        <ele>1624.0</ele>
      </trkpt>
      <trkpt lat="37.72772" lon="-119.53799">
        <ele>1624.0</ele>
      </trkpt>
      <trkpt lat="37.72776" lon="-119.53813">
        <ele>1624.0</ele>
      </trkpt>
      <trkpt lat="37.72773" lon="-119.53824">
        <ele>1624.0</ele>
      </trkpt>
      <trkpt lat="37.72764" lon="-119.53837">
        <ele>1624.0</ele>
      </trkpt>
      <trkpt lat="37.72748" lon="-119.53842">
        <ele>1621.0</ele>
      </trkpt>
      <trkpt lat="37.72733" lon="-119.53856">
        <ele>1611.0</ele>
      </trkpt>
      <trkpt lat="37.72701" lon="-119.53898">
        <ele>1609.0</ele>
      </trkpt>
      <trkpt lat="37.7268" lon="-119.53919">
        <ele>1607.0</ele>
      </trkpt>
      <trkpt lat="37.72662" lon="-119.53939">
        <ele>1601.0</ele>
      </trkpt>
      <trkpt lat="37.72656" lon="-119.53953">
        <ele>1601.0</ele>
      </trkpt>
      <trkpt lat="37.72661" lon="-119.54">
        <ele>1589.0</ele>
      </trkpt>
      <trkpt lat="37.72652" lon="-119.54025">
        <ele>1592.0</ele>
      </trkpt>
      <trkpt lat="37.72652" lon="-119.54025">
        <ele>1592.0</ele>
      </trkpt>
      <trkpt lat="37.7264168473082" lon="-119.540353152692">
        <ele>1592.0</ele>
      </trkpt>
      <trkpt lat="37.7264168473082" lon="-119.540353152692">
        <ele>1592.0</ele>
      </trkpt>
      <trkpt lat="37.72635" lon="-119.54042">
        <ele>1586.0</ele>
      </trkpt>
      <trkpt lat="37.72635" lon="-119.54042">
        <ele>1586.0</ele>
      </trkpt>
      <trkpt lat="37.72629" lon="-119.54056">
        <ele>1586.0</ele>
      </trkpt>
      <trkpt lat="37.7263" lon="-119.5407">
        <ele>1580.0</ele>
      </trkpt>
      <trkpt lat="37.72625" lon="-119.54082">
        <ele>1586.0</ele>
      </trkpt>
      <trkpt lat="37.72616" lon="-119.54094">
        <ele>1586.0</ele>
      </trkpt>
      <trkpt lat="37.72621" lon="-119.54108">
        <ele>1587.0</ele>
      </trkpt>
      <trkpt lat="37.7262" lon="-119.54124">
        <ele>1587.0</ele>
      </trkpt>
      <trkpt lat="37.7262600000037" lon="-119.541480000015">
        <ele>1576.0</ele>
      </trkpt>
      <trkpt lat="37.7262600000037" lon="-119.541480000015">
        <ele>1576.0</ele>
      </trkpt>
      <trkpt lat="37.72627" lon="-119.54152">
        <ele>1576.0</ele>
      </trkpt>
      <trkpt lat="37.72644" lon="-119.54183">
        <ele>1583.0</ele>
      </trkpt>
      <trkpt lat="37.72648" lon="-119.54182">
        <ele>1583.0</ele>
      </trkpt>
      <trkpt lat="37.72653" lon="-119.54167">
        <ele>1567.0</ele>
      </trkpt>
      <trkpt lat="37.72661" lon="-119.54163">
        <ele>1567.0</ele>
      </trkpt>
      <trkpt lat="37.72672" lon="-119.54164">
        <ele>1567.0</ele>
      </trkpt>
      <trkpt lat="37.72687" lon="-119.54173">
        <ele>1561.0</ele>
      </trkpt>
      <trkpt lat="37.72698" lon="-119.54184">
        <ele>1558.0</ele>
      </trkpt>
      <trkpt lat="37.72714" lon="-119.54212">
        <ele>1551.0</ele>
      </trkpt>
      <trkpt lat="37.72714" lon="-119.54212">
        <ele>1551.0</ele>
      </trkpt>
      <trkpt lat="37.72714" lon="-119.54212">
        <ele>1551.0</ele>
      </trkpt>
      <trkpt lat="37.7273" lon="-119.54283">
        <ele>1552.0</ele>
      </trkpt>
      <trkpt lat="37.72723" lon="-119.54305">
        <ele>1549.0</ele>
      </trkpt>
      <trkpt lat="37.72729" lon="-119.54322">
        <ele>1545.0</ele>
      </trkpt>
      <trkpt lat="37.72729" lon="-119.54334">
        <ele>1545.0</ele>
      </trkpt>
      <trkpt lat="37.72725" lon="-119.54337">
        <ele>1545.0</ele>
      </trkpt>
      <trkpt lat="37.7272" lon="-119.54334">
        <ele>1545.0</ele>
      </trkpt>
      <trkpt lat="37.72699" lon="-119.54302">
        <ele>1562.0</ele>
      </trkpt>
      <trkpt lat="37.72688" lon="-119.54291">
        <ele>1562.0</ele>
      </trkpt>
      <trkpt lat="37.72677" lon="-119.54291">
        <ele>1577.0</ele>
      </trkpt>
      <trkpt lat="37.72677" lon="-119.54291">
        <ele>1577.0</ele>
      </trkpt>
      <trkpt lat="37.72661" lon="-119.54304">
        <ele>1577.0</ele>
      </trkpt>
      <trkpt lat="37.7266" lon="-119.54334">
        <ele>1575.0</ele>
      </trkpt>
      <trkpt lat="37.72663" lon="-119.54342">
        <ele>1575.0</ele>
      </trkpt>
      <trkpt lat="37.72658" lon="-119.54387">
        <ele>1571.0</ele>
      </trkpt>
      <trkpt lat="37.72664" lon="-119.54433">
        <ele>1561.0</ele>
      </trkpt>
      <trkpt lat="37.7267" lon="-119.54445">
        <ele>1561.0</ele>
      </trkpt>
      <trkpt lat="37.72669" lon="-119.54455">
        <ele>1561.0</ele>
      </trkpt>
      <trkpt lat="37.72664" lon="-119.54466">
        <ele>1554.0</ele>
      </trkpt>
      <trkpt lat="37.72675" lon="-119.5447">
        <ele>1554.0</ele>
      </trkpt>
      <trkpt lat="37.72675" lon="-119.54484">
        <ele>1554.0</ele>
      </trkpt>
      <trkpt lat="37.72682" lon="-119.54494">
        <ele>1520.0</ele>
      </trkpt>
      <trkpt lat="37.72686" lon="-119.54509">
        <ele>1520.0</ele>
      </trkpt>
      <trkpt lat="37.72681" lon="-119.54523">
        <ele>1511.0</ele>
      </trkpt>
      <trkpt lat="37.72686" lon="-119.54525">
        <ele>1511.0</ele>
      </trkpt>
      <trkpt lat="37.72682" lon="-119.54532">
        <ele>1511.0</ele>
      </trkpt>
      <trkpt lat="37.72686" lon="-119.5454">
        <ele>1511.0</ele>
      </trkpt>
      <trkpt lat="37.72674" lon="-119.54557">
        <ele>1522.0</ele>
      </trkpt>
      <trkpt lat="37.72682" lon="-119.54555">
        <ele>1498.0</ele>
      </trkpt>
      <trkpt lat="37.72685" lon="-119.54561">
        <ele>1498.0</ele>
      </trkpt>
      <trkpt lat="37.72677" lon="-119.54565">
        <ele>1522.0</ele>
      </trkpt>
      <trkpt lat="37.72674" lon="-119.54587">
        <ele>1507.0</ele>
      </trkpt>
      <trkpt lat="37.72651" lon="-119.54611">
        <ele>1515.0</ele>
      </trkpt>
      <trkpt lat="37.7264" lon="-119.5463">
        <ele>1489.0</ele>
      </trkpt>
      <trkpt lat="37.7264" lon="-119.5463">
        <ele>1489.0</ele>
      </trkpt>
      <trkpt lat="37.72624" lon="-119.54673">
        <ele>1502.0</ele>
      </trkpt>
      <trkpt lat="37.72622" lon="-119.54702">
        <ele>1485.0</ele>
      </trkpt>
      <trkpt lat="37.7263" lon="-119.54764">
        <ele>1430.0</ele>
      </trkpt>
      <trkpt lat="37.72625" lon="-119.5479">
        <ele>1453.0</ele>
      </trkpt>
      <trkpt lat="37.72623" lon="-119.54879">
        <ele>1432.0</ele>
      </trkpt>
      <trkpt lat="37.72623" lon="-119.54879">
        <ele>1432.0</ele>
      </trkpt>
      <trkpt lat="37.72619" lon="-119.54926">
        <ele>1420.0</ele>
      </trkpt>
      <trkpt lat="37.72603" lon="-119.54981">
        <ele>1398.0</ele>
      </trkpt>
      <trkpt lat="37.72601" lon="-119.54998">
        <ele>1391.0</ele>
      </trkpt>
      <trkpt lat="37.72606" lon="-119.5506">
        <ele>1381.0</ele>
      </trkpt>
      <trkpt lat="37.72602" lon="-119.55101">
        <ele>1370.0</ele>
      </trkpt>
      <trkpt lat="37.72594" lon="-119.55117">
        <ele>1373.0</ele>
      </trkpt>
      <trkpt lat="37.72573" lon="-119.55134">
        <ele>1367.0</ele>
      </trkpt>
      <trkpt lat="37.72589" lon="-119.55151">
        <ele>1367.0</ele>
      </trkpt>
      <trkpt lat="37.72589" lon="-119.55151">
        <ele>1367.0</ele>
      </trkpt>
      <trkpt lat="37.72615" lon="-119.55164">
        <ele>1364.0</ele>
      </trkpt>
      <trkpt lat="37.72615" lon="-119.55164">
        <ele>1364.0</ele>
      </trkpt>
      <trkpt lat="37.72626" lon="-119.55173">
        <ele>1371.0</ele>
      </trkpt>
      <trkpt lat="37.72631" lon="-119.55196">
        <ele>1372.0</ele>
      </trkpt>
      <trkpt lat="37.72632" lon="-119.55212">
        <ele>1375.0</ele>
      </trkpt>
      <trkpt lat="37.72625" lon="-119.55278">
        <ele>1360.0</ele>
      </trkpt>
      <trkpt lat="37.72622" lon="-119.55293">
        <ele>1357.0</ele>
      </trkpt>
      <trkpt lat="37.72621" lon="-119.55322">
        <ele>1350.0</ele>
      </trkpt>
      <trkpt lat="37.72621" lon="-119.55322">
        <ele>1350.0</ele>
      </trkpt>
      <trkpt lat="37.72624" lon="-119.55354">
        <ele>1343.0</ele>
      </trkpt>
      <trkpt lat="37.72639" lon="-119.55396">
        <ele>1348.0</ele>
      </trkpt>
      <trkpt lat="37.72645" lon="-119.55426">
        <ele>1340.0</ele>
      </trkpt>
      <trkpt lat="37.7263" lon="-119.55485">
        <ele>1333.0</ele>
      </trkpt>
      <trkpt lat="37.72621" lon="-119.55495">
        <ele>1318.0</ele>
      </trkpt>
      <trkpt lat="37.72607" lon="-119.55521">
        <ele>1317.0</ele>
      </trkpt>
      <trkpt lat="37.72601" lon="-119.55554">
        <ele>1316.0</ele>
      </trkpt>
      <trkpt lat="37.72606" lon="-119.55582">
        <ele>1313.0</ele>
      </trkpt>
      <trkpt lat="37.72623" lon="-119.55618">
        <ele>1309.0</ele>
      </trkpt>
      <trkpt lat="37.72624" lon="-119.5564">
        <ele>1302.0</ele>
      </trkpt>
      <trkpt lat="37.72619" lon="-119.55667">
        <ele>1298.0</ele>
      </trkpt>
      <trkpt lat="37.72624" lon="-119.55695">
        <ele>1295.0</ele>
      </trkpt>
      <trkpt lat="37.72631" lon="-119.55714">
        <ele>1304.0</ele>
      </trkpt>
      <trkpt lat="37.72646" lon="-119.55745">
        <ele>1301.0</ele>
      </trkpt>
      <trkpt lat="37.72652" lon="-119.55764">
        <ele>1298.0</ele>
      </trkpt>
      <trkpt lat="37.72655" lon="-119.55808">
        <ele>1303.0</ele>
      </trkpt>
      <trkpt lat="37.72658" lon="-119.55817">
        <ele>1303.0</ele>
      </trkpt>
      <trkpt lat="37.72671" lon="-119.5583">
        <ele>1293.0</ele>
      </trkpt>
      <trkpt lat="37.72676" lon="-119.55852">
        <ele>1289.0</ele>
      </trkpt>
      <trkpt lat="37.72684" lon="-119.55852">
        <ele>1288.0</ele>
      </trkpt>
      <trkpt lat="37.72697" lon="-119.55847">
        <ele>1302.0</ele>
      </trkpt>
      <trkpt lat="37.72709" lon="-119.55848">
        <ele>1287.0</ele>
      </trkpt>
      <trkpt lat="37.72795" lon="-119.55835">
        <ele>1291.0</ele>
      </trkpt>
      <trkpt lat="37.72898" lon="-119.558">
        <ele>1276.0</ele>
      </trkpt>
      <trkpt lat="37.72939" lon="-119.55791">
        <ele>1275.0</ele>
      </trkpt>
      <trkpt lat="37.72977" lon="-119.55787">
        <ele>1273.0</ele>
      </trkpt>
      <trkpt lat="37.73006" lon="-119.5579">
        <ele>1271.0</ele>
      </trkpt>
      <trkpt lat="37.730540666046" lon="-119.55802607634">
        <ele>1251.0</ele>
      </trkpt>
      <trkpt lat="37.730540666046" lon="-119.55802607634">
        <ele>1251.0</ele>
      </trkpt>
      <trkpt lat="37.73067" lon="-119.55806">
        <ele>1251.0</ele>
      </trkpt>
      <trkpt lat="37.73094" lon="-119.55829">
        <ele>1243.0</ele>
      </trkpt>
      <trkpt lat="37.73117" lon="-119.55838">
        <ele>1246.0</ele>
      </trkpt>
      <trkpt lat="37.73166" lon="-119.55828">
        <ele>1247.0</ele>
      </trkpt>
      <trkpt lat="37.73207" lon="-119.55805">
        <ele>1250.0</ele>
      </trkpt>
      <trkpt lat="37.73207" lon="-119.55805">
        <ele>1250.0</ele>
      </trkpt>
      <trkpt lat="37.73218" lon="-119.55798">
        <ele>1246.0</ele>
      </trkpt>
      <trkpt lat="37.7324" lon="-119.5579">
        <ele>1243.0</ele>
      </trkpt>
      <trkpt lat="37.7327064055538" lon="-119.557835493568">
        <ele>1236.0</ele>
      </trkpt>
    </trkseg>
  </trk>
</gpx>
