<?xml version="1.0" encoding="UTF-8"?>
<gpx xmlns:xsi="http://www.w3.org/2001/XMLSchema-instance" version="1.1" creator="The Outbound Collective, Inc. 1.1.1 -- https://www.theoutbound.com" xsi:schemaLocation="http://www.topografix.com/GPX/1/1 http://www.topografix.com/GPX/1/1/gpx.xsd">
  <metadata>
    <name/>
    <time>2026-02-19T21:55:54+00:00</time>
    <bound minlat="40.04496" minlon="-124.18004" maxlat="40.16809" maxlon="-124.07839"/>
  </metadata>
  <trk>
    <name/>
    <trkseg>
      <trkpt lat="40.045193214516" lon="-124.078774452209">
        <ele>20.0</ele>
      </trkpt>
      <trkpt lat="40.04516" lon="-124.07873">
        <ele>24.0</ele>
      </trkpt>
      <trkpt lat="40.04511" lon="-124.07876">
        <ele>19.0</ele>
      </trkpt>
      <trkpt lat="40.04506" lon="-124.07874">
        <ele>18.0</ele>
      </trkpt>
      <trkpt lat="40.04504" lon="-124.07867">
        <ele>18.0</ele>
      </trkpt>
      <trkpt lat="40.04502" lon="-124.0784">
        <ele>20.0</ele>
      </trkpt>
      <trkpt lat="40.045" lon="-124.07839">
        <ele>20.0</ele>
      </trkpt>
      <trkpt lat="40.04496" lon="-124.07864">
        <ele>18.0</ele>
      </trkpt>
      <trkpt lat="40.04504" lon="-124.07885">
        <ele>19.0</ele>
      </trkpt>
      <trkpt lat="40.04542" lon="-124.07898">
        <ele>18.0</ele>
      </trkpt>
      <trkpt lat="40.04743" lon="-124.07941">
        <ele>14.0</ele>
      </trkpt>
      <trkpt lat="40.04782" lon="-124.07959">
        <ele>12.0</ele>
      </trkpt>
      <trkpt lat="40.04782" lon="-124.07959">
        <ele>12.0</ele>
      </trkpt>
      <trkpt lat="40.04799" lon="-124.07967">
        <ele>14.0</ele>
      </trkpt>
      <trkpt lat="40.0481238587332" lon="-124.079673522598">
        <ele>14.0</ele>
      </trkpt>
      <trkpt lat="40.0481238587332" lon="-124.079673522598">
        <ele>14.0</ele>
      </trkpt>
      <trkpt lat="40.04913" lon="-124.0797">
        <ele>9.0</ele>
      </trkpt>
      <trkpt lat="40.04994" lon="-124.0797">
        <ele>11.0</ele>
      </trkpt>
      <trkpt lat="40.0509" lon="-124.07959">
        <ele>12.0</ele>
      </trkpt>
      <trkpt lat="40.0509" lon="-124.07959">
        <ele>12.0</ele>
      </trkpt>
      <trkpt lat="40.05261" lon="-124.07946">
        <ele>10.0</ele>
      </trkpt>
      <trkpt lat="40.05309" lon="-124.07946">
        <ele>17.0</ele>
      </trkpt>
      <trkpt lat="40.0537" lon="-124.07952">
        <ele>17.0</ele>
      </trkpt>
      <trkpt lat="40.05475" lon="-124.07945">
        <ele>14.0</ele>
      </trkpt>
      <trkpt lat="40.06126" lon="-124.07952">
        <ele>11.0</ele>
      </trkpt>
      <trkpt lat="40.06126" lon="-124.07952">
        <ele>11.0</ele>
      </trkpt>
      <trkpt lat="40.06207" lon="-124.07953">
        <ele>11.0</ele>
      </trkpt>
      <trkpt lat="40.06297" lon="-124.07959">
        <ele>9.0</ele>
      </trkpt>
      <trkpt lat="40.06297" lon="-124.07959">
        <ele>9.0</ele>
      </trkpt>
      <trkpt lat="40.06393" lon="-124.07965">
        <ele>19.0</ele>
      </trkpt>
      <trkpt lat="40.06503" lon="-124.07983">
        <ele>14.0</ele>
      </trkpt>
      <trkpt lat="40.0653197845699" lon="-124.079939474171">
        <ele>14.0</ele>
      </trkpt>
      <trkpt lat="40.0653197845699" lon="-124.079939474171">
        <ele>14.0</ele>
      </trkpt>
      <trkpt lat="40.06593" lon="-124.08017">
        <ele>12.0</ele>
      </trkpt>
      <trkpt lat="40.06701" lon="-124.08065">
        <ele>14.0</ele>
      </trkpt>
      <trkpt lat="40.06751" lon="-124.08103">
        <ele>8.0</ele>
      </trkpt>
      <trkpt lat="40.06858" lon="-124.08173">
        <ele>9.0</ele>
      </trkpt>
      <trkpt lat="40.06907" lon="-124.08212">
        <ele>9.0</ele>
      </trkpt>
      <trkpt lat="40.07091" lon="-124.08328">
        <ele>13.0</ele>
      </trkpt>
      <trkpt lat="40.07292" lon="-124.08377">
        <ele>10.0</ele>
      </trkpt>
      <trkpt lat="40.0736710679937" lon="-124.084181785584">
        <ele>12.0</ele>
      </trkpt>
      <trkpt lat="40.0736856643498" lon="-124.084119818187">
        <ele>12.0</ele>
      </trkpt>
      <trkpt lat="40.07409" lon="-124.08427">
        <ele>12.0</ele>
      </trkpt>
      <trkpt lat="40.07409" lon="-124.08427">
        <ele>12.0</ele>
      </trkpt>
      <trkpt lat="40.07409" lon="-124.08427">
        <ele>12.0</ele>
      </trkpt>
      <trkpt lat="40.07511" lon="-124.08471">
        <ele>10.0</ele>
      </trkpt>
      <trkpt lat="40.07611" lon="-124.08554">
        <ele>8.0</ele>
      </trkpt>
      <trkpt lat="40.07648" lon="-124.08567">
        <ele>13.0</ele>
      </trkpt>
      <trkpt lat="40.07689" lon="-124.08572">
        <ele>14.0</ele>
      </trkpt>
      <trkpt lat="40.07783" lon="-124.0861">
        <ele>19.0</ele>
      </trkpt>
      <trkpt lat="40.07807" lon="-124.08629">
        <ele>17.0</ele>
      </trkpt>
      <trkpt lat="40.07807" lon="-124.08629">
        <ele>17.0</ele>
      </trkpt>
      <trkpt lat="40.07843" lon="-124.08658">
        <ele>12.0</ele>
      </trkpt>
      <trkpt lat="40.07887" lon="-124.08705">
        <ele>9.0</ele>
      </trkpt>
      <trkpt lat="40.07934" lon="-124.08789">
        <ele>8.0</ele>
      </trkpt>
      <trkpt lat="40.07965" lon="-124.08831">
        <ele>10.0</ele>
      </trkpt>
      <trkpt lat="40.08102" lon="-124.08979">
        <ele>9.0</ele>
      </trkpt>
      <trkpt lat="40.08148" lon="-124.0904">
        <ele>6.0</ele>
      </trkpt>
      <trkpt lat="40.08164" lon="-124.09081">
        <ele>0.0</ele>
      </trkpt>
      <trkpt lat="40.08234" lon="-124.09222">
        <ele>6.0</ele>
      </trkpt>
      <trkpt lat="40.0825700084549" lon="-124.092400074005">
        <ele>7.0</ele>
      </trkpt>
      <trkpt lat="40.0825856155171" lon="-124.092356798516">
        <ele>7.0</ele>
      </trkpt>
      <trkpt lat="40.08313" lon="-124.09266">
        <ele>11.0</ele>
      </trkpt>
      <trkpt lat="40.08688" lon="-124.09511">
        <ele>15.0</ele>
      </trkpt>
      <trkpt lat="40.08786" lon="-124.09568">
        <ele>12.0</ele>
      </trkpt>
      <trkpt lat="40.08865" lon="-124.09633">
        <ele>9.0</ele>
      </trkpt>
      <trkpt lat="40.09043" lon="-124.09825">
        <ele>7.0</ele>
      </trkpt>
      <trkpt lat="40.09092" lon="-124.09896">
        <ele>4.0</ele>
      </trkpt>
      <trkpt lat="40.09127" lon="-124.09966">
        <ele>7.0</ele>
      </trkpt>
      <trkpt lat="40.09206" lon="-124.10059">
        <ele>11.0</ele>
      </trkpt>
      <trkpt lat="40.09306" lon="-124.10156">
        <ele>8.0</ele>
      </trkpt>
      <trkpt lat="40.09306" lon="-124.10156">
        <ele>8.0</ele>
      </trkpt>
      <trkpt lat="40.0936690006629" lon="-124.10216054232">
        <ele>6.0</ele>
      </trkpt>
      <trkpt lat="40.0936690006629" lon="-124.10216054232">
        <ele>6.0</ele>
      </trkpt>
      <trkpt lat="40.09378" lon="-124.10227">
        <ele>7.0</ele>
      </trkpt>
      <trkpt lat="40.09429" lon="-124.10302">
        <ele>3.0</ele>
      </trkpt>
      <trkpt lat="40.0943211541161" lon="-124.103058445505">
        <ele>5.0</ele>
      </trkpt>
      <trkpt lat="40.0943211541161" lon="-124.103058445505">
        <ele>5.0</ele>
      </trkpt>
      <trkpt lat="40.09476" lon="-124.1036">
        <ele>8.0</ele>
      </trkpt>
      <trkpt lat="40.09488" lon="-124.10367">
        <ele>9.0</ele>
      </trkpt>
      <trkpt lat="40.09488" lon="-124.10367">
        <ele>9.0</ele>
      </trkpt>
      <trkpt lat="40.09528" lon="-124.1039">
        <ele>11.0</ele>
      </trkpt>
      <trkpt lat="40.09589" lon="-124.10442">
        <ele>9.0</ele>
      </trkpt>
      <trkpt lat="40.09653" lon="-124.10512">
        <ele>10.0</ele>
      </trkpt>
      <trkpt lat="40.09722" lon="-124.1057">
        <ele>7.0</ele>
      </trkpt>
      <trkpt lat="40.09751" lon="-124.1059">
        <ele>7.0</ele>
      </trkpt>
      <trkpt lat="40.097842492579" lon="-124.106006397625">
        <ele>7.0</ele>
      </trkpt>
      <trkpt lat="40.097842492579" lon="-124.106006397625">
        <ele>7.0</ele>
      </trkpt>
      <trkpt lat="40.09826" lon="-124.10614">
        <ele>10.0</ele>
      </trkpt>
      <trkpt lat="40.09894" lon="-124.10641">
        <ele>11.0</ele>
      </trkpt>
      <trkpt lat="40.0996499675946" lon="-124.106952157072">
        <ele>11.0</ele>
      </trkpt>
      <trkpt lat="40.0996499675946" lon="-124.106952157072">
        <ele>11.0</ele>
      </trkpt>
      <trkpt lat="40.10004" lon="-124.10725">
        <ele>9.0</ele>
      </trkpt>
      <trkpt lat="40.10058" lon="-124.10771">
        <ele>10.0</ele>
      </trkpt>
      <trkpt lat="40.10209" lon="-124.10879">
        <ele>13.0</ele>
      </trkpt>
      <trkpt lat="40.10251" lon="-124.10898">
        <ele>19.0</ele>
      </trkpt>
      <trkpt lat="40.10303" lon="-124.10939">
        <ele>13.0</ele>
      </trkpt>
      <trkpt lat="40.10342" lon="-124.10988">
        <ele>4.0</ele>
      </trkpt>
      <trkpt lat="40.10394" lon="-124.11047">
        <ele>0.0</ele>
      </trkpt>
      <trkpt lat="40.10473" lon="-124.11189">
        <ele>0.0</ele>
      </trkpt>
      <trkpt lat="40.10513" lon="-124.1131">
        <ele>0.0</ele>
      </trkpt>
      <trkpt lat="40.10526" lon="-124.11377">
        <ele>8.0</ele>
      </trkpt>
      <trkpt lat="40.1058" lon="-124.1154">
        <ele>10.0</ele>
      </trkpt>
      <trkpt lat="40.10641" lon="-124.11807">
        <ele>6.0</ele>
      </trkpt>
      <trkpt lat="40.10668" lon="-124.11878">
        <ele>5.0</ele>
      </trkpt>
      <trkpt lat="40.10722" lon="-124.11956">
        <ele>20.0</ele>
      </trkpt>
      <trkpt lat="40.10787" lon="-124.1203">
        <ele>15.0</ele>
      </trkpt>
      <trkpt lat="40.108157954565" lon="-124.120745369727">
        <ele>5.0</ele>
      </trkpt>
      <trkpt lat="40.108157954565" lon="-124.120745369727">
        <ele>5.0</ele>
      </trkpt>
      <trkpt lat="40.1085526755097" lon="-124.121355871455">
        <ele>8.0</ele>
      </trkpt>
      <trkpt lat="40.1085526755097" lon="-124.121355871455">
        <ele>8.0</ele>
      </trkpt>
      <trkpt lat="40.10862" lon="-124.12146">
        <ele>8.0</ele>
      </trkpt>
      <trkpt lat="40.10862" lon="-124.12146">
        <ele>8.0</ele>
      </trkpt>
      <trkpt lat="40.10862" lon="-124.12146">
        <ele>8.0</ele>
      </trkpt>
      <trkpt lat="40.10868" lon="-124.12152">
        <ele>8.0</ele>
      </trkpt>
      <trkpt lat="40.10988" lon="-124.12354">
        <ele>10.0</ele>
      </trkpt>
      <trkpt lat="40.10988" lon="-124.12354">
        <ele>10.0</ele>
      </trkpt>
      <trkpt lat="40.11061" lon="-124.12477">
        <ele>14.0</ele>
      </trkpt>
      <trkpt lat="40.11126" lon="-124.1261">
        <ele>20.0</ele>
      </trkpt>
      <trkpt lat="40.11169" lon="-124.12708">
        <ele>9.0</ele>
      </trkpt>
      <trkpt lat="40.11169" lon="-124.12708">
        <ele>9.0</ele>
      </trkpt>
      <trkpt lat="40.11181" lon="-124.12735">
        <ele>15.0</ele>
      </trkpt>
      <trkpt lat="40.11239" lon="-124.12847">
        <ele>12.0</ele>
      </trkpt>
      <trkpt lat="40.11296" lon="-124.12942">
        <ele>12.0</ele>
      </trkpt>
      <trkpt lat="40.1133" lon="-124.13051">
        <ele>0.0</ele>
      </trkpt>
      <trkpt lat="40.11353" lon="-124.13159">
        <ele>6.0</ele>
      </trkpt>
      <trkpt lat="40.11361" lon="-124.13241">
        <ele>5.0</ele>
      </trkpt>
      <trkpt lat="40.11366" lon="-124.13334">
        <ele>0.0</ele>
      </trkpt>
      <trkpt lat="40.11389" lon="-124.13412">
        <ele>4.0</ele>
      </trkpt>
      <trkpt lat="40.11458" lon="-124.13519">
        <ele>8.0</ele>
      </trkpt>
      <trkpt lat="40.11543" lon="-124.13694">
        <ele>14.0</ele>
      </trkpt>
      <trkpt lat="40.1164" lon="-124.13877">
        <ele>15.0</ele>
      </trkpt>
      <trkpt lat="40.11765" lon="-124.14296">
        <ele>14.0</ele>
      </trkpt>
      <trkpt lat="40.1176673898388" lon="-124.143320218089">
        <ele>14.0</ele>
      </trkpt>
      <trkpt lat="40.1176673898388" lon="-124.143320218089">
        <ele>14.0</ele>
      </trkpt>
      <trkpt lat="40.11772" lon="-124.14441">
        <ele>6.0</ele>
      </trkpt>
      <trkpt lat="40.11764" lon="-124.14551">
        <ele>7.0</ele>
      </trkpt>
      <trkpt lat="40.11764" lon="-124.14551">
        <ele>7.0</ele>
      </trkpt>
      <trkpt lat="40.1176" lon="-124.14614">
        <ele>6.0</ele>
      </trkpt>
      <trkpt lat="40.11779" lon="-124.14809">
        <ele>18.0</ele>
      </trkpt>
      <trkpt lat="40.11867" lon="-124.15102">
        <ele>9.0</ele>
      </trkpt>
      <trkpt lat="40.11994" lon="-124.15257">
        <ele>23.0</ele>
      </trkpt>
      <trkpt lat="40.12029" lon="-124.15316">
        <ele>16.0</ele>
      </trkpt>
      <trkpt lat="40.1205939861568" lon="-124.153877095549">
        <ele>12.0</ele>
      </trkpt>
      <trkpt lat="40.1205939861568" lon="-124.153877095549">
        <ele>12.0</ele>
      </trkpt>
      <trkpt lat="40.12068" lon="-124.15408">
        <ele>7.0</ele>
      </trkpt>
      <trkpt lat="40.12104" lon="-124.15532">
        <ele>17.0</ele>
      </trkpt>
      <trkpt lat="40.12132" lon="-124.15656">
        <ele>25.0</ele>
      </trkpt>
      <trkpt lat="40.1214" lon="-124.15756">
        <ele>16.0</ele>
      </trkpt>
      <trkpt lat="40.12158" lon="-124.15837">
        <ele>25.0</ele>
      </trkpt>
      <trkpt lat="40.12173" lon="-124.15884">
        <ele>15.0</ele>
      </trkpt>
      <trkpt lat="40.12191" lon="-124.15963">
        <ele>20.0</ele>
      </trkpt>
      <trkpt lat="40.12194" lon="-124.16053">
        <ele>9.0</ele>
      </trkpt>
      <trkpt lat="40.12219" lon="-124.1614">
        <ele>9.0</ele>
      </trkpt>
      <trkpt lat="40.12228" lon="-124.16187">
        <ele>6.0</ele>
      </trkpt>
      <trkpt lat="40.12265" lon="-124.16283">
        <ele>14.0</ele>
      </trkpt>
      <trkpt lat="40.1228" lon="-124.16282">
        <ele>14.0</ele>
      </trkpt>
      <trkpt lat="40.12297" lon="-124.16327">
        <ele>16.0</ele>
      </trkpt>
      <trkpt lat="40.12344" lon="-124.1639">
        <ele>16.0</ele>
      </trkpt>
      <trkpt lat="40.12356" lon="-124.16416">
        <ele>20.0</ele>
      </trkpt>
      <trkpt lat="40.12357" lon="-124.16494">
        <ele>20.0</ele>
      </trkpt>
      <trkpt lat="40.12367" lon="-124.16566">
        <ele>16.0</ele>
      </trkpt>
      <trkpt lat="40.1241" lon="-124.167">
        <ele>20.0</ele>
      </trkpt>
      <trkpt lat="40.12414" lon="-124.16748">
        <ele>16.0</ele>
      </trkpt>
      <trkpt lat="40.12414" lon="-124.16748">
        <ele>16.0</ele>
      </trkpt>
      <trkpt lat="40.12434" lon="-124.16854">
        <ele>10.0</ele>
      </trkpt>
      <trkpt lat="40.12475" lon="-124.16986">
        <ele>12.0</ele>
      </trkpt>
      <trkpt lat="40.12545" lon="-124.17057">
        <ele>14.0</ele>
      </trkpt>
      <trkpt lat="40.12577" lon="-124.17105">
        <ele>10.0</ele>
      </trkpt>
      <trkpt lat="40.12578" lon="-124.1714">
        <ele>9.0</ele>
      </trkpt>
      <trkpt lat="40.12588" lon="-124.1717">
        <ele>9.0</ele>
      </trkpt>
      <trkpt lat="40.12586" lon="-124.17206">
        <ele>11.0</ele>
      </trkpt>
      <trkpt lat="40.12622" lon="-124.17296">
        <ele>10.0</ele>
      </trkpt>
      <trkpt lat="40.1271" lon="-124.17382">
        <ele>12.0</ele>
      </trkpt>
      <trkpt lat="40.12735" lon="-124.17423">
        <ele>13.0</ele>
      </trkpt>
      <trkpt lat="40.1275592173186" lon="-124.174680621917">
        <ele>11.0</ele>
      </trkpt>
      <trkpt lat="40.1275592173186" lon="-124.174680621917">
        <ele>11.0</ele>
      </trkpt>
      <trkpt lat="40.12774" lon="-124.17507">
        <ele>10.0</ele>
      </trkpt>
      <trkpt lat="40.12777" lon="-124.17551">
        <ele>9.0</ele>
      </trkpt>
      <trkpt lat="40.12783" lon="-124.17582">
        <ele>9.0</ele>
      </trkpt>
      <trkpt lat="40.1279" lon="-124.17595">
        <ele>9.0</ele>
      </trkpt>
      <trkpt lat="40.12817" lon="-124.17617">
        <ele>7.0</ele>
      </trkpt>
      <trkpt lat="40.12824" lon="-124.17629">
        <ele>8.0</ele>
      </trkpt>
      <trkpt lat="40.12834" lon="-124.17659">
        <ele>6.0</ele>
      </trkpt>
      <trkpt lat="40.128361817721" lon="-124.176703452149">
        <ele>6.0</ele>
      </trkpt>
      <trkpt lat="40.128361817721" lon="-124.176703452149">
        <ele>6.0</ele>
      </trkpt>
      <trkpt lat="40.12849" lon="-124.17737">
        <ele>7.0</ele>
      </trkpt>
      <trkpt lat="40.12849" lon="-124.17737">
        <ele>7.0</ele>
      </trkpt>
      <trkpt lat="40.12858" lon="-124.1776">
        <ele>7.0</ele>
      </trkpt>
      <trkpt lat="40.12863" lon="-124.17795">
        <ele>8.0</ele>
      </trkpt>
      <trkpt lat="40.12871" lon="-124.1782">
        <ele>9.0</ele>
      </trkpt>
      <trkpt lat="40.12886" lon="-124.17847">
        <ele>8.0</ele>
      </trkpt>
      <trkpt lat="40.12917" lon="-124.17893">
        <ele>9.0</ele>
      </trkpt>
      <trkpt lat="40.12938" lon="-124.17919">
        <ele>8.0</ele>
      </trkpt>
      <trkpt lat="40.12953" lon="-124.1793">
        <ele>8.0</ele>
      </trkpt>
      <trkpt lat="40.12953" lon="-124.1793">
        <ele>8.0</ele>
      </trkpt>
      <trkpt lat="40.12953" lon="-124.1793">
        <ele>8.0</ele>
      </trkpt>
      <trkpt lat="40.1297130706932" lon="-124.179488976199">
        <ele>7.0</ele>
      </trkpt>
      <trkpt lat="40.1297130706932" lon="-124.179488976199">
        <ele>7.0</ele>
      </trkpt>
      <trkpt lat="40.12984" lon="-124.17962">
        <ele>9.0</ele>
      </trkpt>
      <trkpt lat="40.12997" lon="-124.17989">
        <ele>8.0</ele>
      </trkpt>
      <trkpt lat="40.13009" lon="-124.18002">
        <ele>8.0</ele>
      </trkpt>
      <trkpt lat="40.13016" lon="-124.18004">
        <ele>8.0</ele>
      </trkpt>
      <trkpt lat="40.13048" lon="-124.17985">
        <ele>10.0</ele>
      </trkpt>
      <trkpt lat="40.13141" lon="-124.17958">
        <ele>12.0</ele>
      </trkpt>
      <trkpt lat="40.1315" lon="-124.17958">
        <ele>12.0</ele>
      </trkpt>
      <trkpt lat="40.1315" lon="-124.17958">
        <ele>12.0</ele>
      </trkpt>
      <trkpt lat="40.13188" lon="-124.17872">
        <ele>14.0</ele>
      </trkpt>
      <trkpt lat="40.13233" lon="-124.17846">
        <ele>13.0</ele>
      </trkpt>
      <trkpt lat="40.13247" lon="-124.17772">
        <ele>15.0</ele>
      </trkpt>
      <trkpt lat="40.13244" lon="-124.1772">
        <ele>20.0</ele>
      </trkpt>
      <trkpt lat="40.13235" lon="-124.17655">
        <ele>19.0</ele>
      </trkpt>
      <trkpt lat="40.13227" lon="-124.17615">
        <ele>18.0</ele>
      </trkpt>
      <trkpt lat="40.13209" lon="-124.17565">
        <ele>18.0</ele>
      </trkpt>
      <trkpt lat="40.13208" lon="-124.17557">
        <ele>18.0</ele>
      </trkpt>
      <trkpt lat="40.1321" lon="-124.17551">
        <ele>18.0</ele>
      </trkpt>
      <trkpt lat="40.13221" lon="-124.17543">
        <ele>18.0</ele>
      </trkpt>
      <trkpt lat="40.13247" lon="-124.17534">
        <ele>20.0</ele>
      </trkpt>
      <trkpt lat="40.13281" lon="-124.17497">
        <ele>21.0</ele>
      </trkpt>
      <trkpt lat="40.13298" lon="-124.17491">
        <ele>22.0</ele>
      </trkpt>
      <trkpt lat="40.13339" lon="-124.17486">
        <ele>24.0</ele>
      </trkpt>
      <trkpt lat="40.13349" lon="-124.1748">
        <ele>24.0</ele>
      </trkpt>
      <trkpt lat="40.13383" lon="-124.17474">
        <ele>24.0</ele>
      </trkpt>
      <trkpt lat="40.13455" lon="-124.17428">
        <ele>19.0</ele>
      </trkpt>
      <trkpt lat="40.13489" lon="-124.17396">
        <ele>26.0</ele>
      </trkpt>
      <trkpt lat="40.135164507349" lon="-124.173603140446">
        <ele>26.0</ele>
      </trkpt>
      <trkpt lat="40.135164507349" lon="-124.173603140446">
        <ele>26.0</ele>
      </trkpt>
      <trkpt lat="40.13519" lon="-124.17357">
        <ele>26.0</ele>
      </trkpt>
      <trkpt lat="40.13538" lon="-124.17347">
        <ele>26.0</ele>
      </trkpt>
      <trkpt lat="40.1357" lon="-124.17339">
        <ele>30.0</ele>
      </trkpt>
      <trkpt lat="40.13585" lon="-124.17327">
        <ele>30.0</ele>
      </trkpt>
      <trkpt lat="40.13607" lon="-124.17296">
        <ele>34.0</ele>
      </trkpt>
      <trkpt lat="40.13616" lon="-124.17294">
        <ele>34.0</ele>
      </trkpt>
      <trkpt lat="40.13624" lon="-124.17285">
        <ele>34.0</ele>
      </trkpt>
      <trkpt lat="40.1363" lon="-124.17283">
        <ele>36.0</ele>
      </trkpt>
      <trkpt lat="40.13648" lon="-124.17252">
        <ele>37.0</ele>
      </trkpt>
      <trkpt lat="40.13655" lon="-124.17251">
        <ele>39.0</ele>
      </trkpt>
      <trkpt lat="40.13661" lon="-124.1724">
        <ele>39.0</ele>
      </trkpt>
      <trkpt lat="40.13665" lon="-124.17237">
        <ele>39.0</ele>
      </trkpt>
      <trkpt lat="40.13683" lon="-124.17234">
        <ele>37.0</ele>
      </trkpt>
      <trkpt lat="40.13693" lon="-124.17221">
        <ele>37.0</ele>
      </trkpt>
      <trkpt lat="40.137" lon="-124.1722">
        <ele>37.0</ele>
      </trkpt>
      <trkpt lat="40.13732" lon="-124.17183">
        <ele>38.0</ele>
      </trkpt>
      <trkpt lat="40.13737" lon="-124.17173">
        <ele>35.0</ele>
      </trkpt>
      <trkpt lat="40.13752" lon="-124.17117">
        <ele>34.0</ele>
      </trkpt>
      <trkpt lat="40.1377" lon="-124.17074">
        <ele>37.0</ele>
      </trkpt>
      <trkpt lat="40.13825" lon="-124.17034">
        <ele>52.0</ele>
      </trkpt>
      <trkpt lat="40.13822" lon="-124.16988">
        <ele>46.0</ele>
      </trkpt>
      <trkpt lat="40.13849" lon="-124.16942">
        <ele>43.0</ele>
      </trkpt>
      <trkpt lat="40.1392" lon="-124.16901">
        <ele>44.0</ele>
      </trkpt>
      <trkpt lat="40.13945" lon="-124.16865">
        <ele>51.0</ele>
      </trkpt>
      <trkpt lat="40.13963" lon="-124.16777">
        <ele>53.0</ele>
      </trkpt>
      <trkpt lat="40.1394" lon="-124.16748">
        <ele>49.0</ele>
      </trkpt>
      <trkpt lat="40.1394" lon="-124.16748">
        <ele>49.0</ele>
      </trkpt>
      <trkpt lat="40.13937" lon="-124.16745">
        <ele>49.0</ele>
      </trkpt>
      <trkpt lat="40.13946" lon="-124.16664">
        <ele>53.0</ele>
      </trkpt>
      <trkpt lat="40.13986" lon="-124.16569">
        <ele>71.0</ele>
      </trkpt>
      <trkpt lat="40.14019" lon="-124.16545">
        <ele>71.0</ele>
      </trkpt>
      <trkpt lat="40.14047" lon="-124.16533">
        <ele>66.0</ele>
      </trkpt>
      <trkpt lat="40.1413" lon="-124.16543">
        <ele>62.0</ele>
      </trkpt>
      <trkpt lat="40.14185" lon="-124.16524">
        <ele>64.0</ele>
      </trkpt>
      <trkpt lat="40.14208" lon="-124.16499">
        <ele>68.0</ele>
      </trkpt>
      <trkpt lat="40.142" lon="-124.16477">
        <ele>68.0</ele>
      </trkpt>
      <trkpt lat="40.14207" lon="-124.16458">
        <ele>74.0</ele>
      </trkpt>
      <trkpt lat="40.14224" lon="-124.16427">
        <ele>65.0</ele>
      </trkpt>
      <trkpt lat="40.14223" lon="-124.16397">
        <ele>78.0</ele>
      </trkpt>
      <trkpt lat="40.14216" lon="-124.16379">
        <ele>78.0</ele>
      </trkpt>
      <trkpt lat="40.14224" lon="-124.16359">
        <ele>86.0</ele>
      </trkpt>
      <trkpt lat="40.14198" lon="-124.16287">
        <ele>124.0</ele>
      </trkpt>
      <trkpt lat="40.14229" lon="-124.1621">
        <ele>120.0</ele>
      </trkpt>
      <trkpt lat="40.1423468205368" lon="-124.161984583285">
        <ele>129.0</ele>
      </trkpt>
      <trkpt lat="40.1423468205368" lon="-124.161984583285">
        <ele>129.0</ele>
      </trkpt>
      <trkpt lat="40.14261" lon="-124.16145">
        <ele>127.0</ele>
      </trkpt>
      <trkpt lat="40.14234" lon="-124.16156">
        <ele>141.0</ele>
      </trkpt>
      <trkpt lat="40.14283" lon="-124.16053">
        <ele>116.0</ele>
      </trkpt>
      <trkpt lat="40.14346" lon="-124.15903">
        <ele>111.0</ele>
      </trkpt>
      <trkpt lat="40.14364" lon="-124.15806">
        <ele>125.0</ele>
      </trkpt>
      <trkpt lat="40.14401" lon="-124.15761">
        <ele>131.0</ele>
      </trkpt>
      <trkpt lat="40.14425" lon="-124.15741">
        <ele>128.0</ele>
      </trkpt>
      <trkpt lat="40.14449" lon="-124.15691">
        <ele>124.0</ele>
      </trkpt>
      <trkpt lat="40.14477" lon="-124.1565">
        <ele>122.0</ele>
      </trkpt>
      <trkpt lat="40.14527" lon="-124.15566">
        <ele>141.0</ele>
      </trkpt>
      <trkpt lat="40.14529" lon="-124.15567">
        <ele>141.0</ele>
      </trkpt>
      <trkpt lat="40.14529" lon="-124.15567">
        <ele>141.0</ele>
      </trkpt>
      <trkpt lat="40.14545" lon="-124.15575">
        <ele>141.0</ele>
      </trkpt>
      <trkpt lat="40.14561" lon="-124.15562">
        <ele>143.0</ele>
      </trkpt>
      <trkpt lat="40.1456186392529" lon="-124.155455854195">
        <ele>143.0</ele>
      </trkpt>
      <trkpt lat="40.1456186392529" lon="-124.155455854195">
        <ele>143.0</ele>
      </trkpt>
      <trkpt lat="40.14562" lon="-124.15543">
        <ele>143.0</ele>
      </trkpt>
      <trkpt lat="40.1457" lon="-124.15506">
        <ele>146.0</ele>
      </trkpt>
      <trkpt lat="40.1458" lon="-124.15475">
        <ele>145.0</ele>
      </trkpt>
      <trkpt lat="40.14583" lon="-124.15441">
        <ele>153.0</ele>
      </trkpt>
      <trkpt lat="40.14595" lon="-124.15413">
        <ele>161.0</ele>
      </trkpt>
      <trkpt lat="40.14614" lon="-124.15407">
        <ele>158.0</ele>
      </trkpt>
      <trkpt lat="40.14648" lon="-124.15442">
        <ele>155.0</ele>
      </trkpt>
      <trkpt lat="40.1464" lon="-124.15473">
        <ele>159.0</ele>
      </trkpt>
      <trkpt lat="40.14657" lon="-124.15512">
        <ele>178.0</ele>
      </trkpt>
      <trkpt lat="40.14698" lon="-124.15556">
        <ele>214.0</ele>
      </trkpt>
      <trkpt lat="40.14724" lon="-124.15564">
        <ele>227.0</ele>
      </trkpt>
      <trkpt lat="40.14732" lon="-124.15574">
        <ele>249.0</ele>
      </trkpt>
      <trkpt lat="40.14707" lon="-124.15587">
        <ele>234.0</ele>
      </trkpt>
      <trkpt lat="40.14749" lon="-124.156">
        <ele>278.0</ele>
      </trkpt>
      <trkpt lat="40.14751" lon="-124.15615">
        <ele>278.0</ele>
      </trkpt>
      <trkpt lat="40.14721" lon="-124.15624">
        <ele>263.0</ele>
      </trkpt>
      <trkpt lat="40.14759" lon="-124.15639">
        <ele>294.0</ele>
      </trkpt>
      <trkpt lat="40.14737" lon="-124.15652">
        <ele>294.0</ele>
      </trkpt>
      <trkpt lat="40.14742" lon="-124.15664">
        <ele>304.0</ele>
      </trkpt>
      <trkpt lat="40.14781" lon="-124.15664">
        <ele>310.0</ele>
      </trkpt>
      <trkpt lat="40.14782" lon="-124.15673">
        <ele>310.0</ele>
      </trkpt>
      <trkpt lat="40.14743" lon="-124.15683">
        <ele>314.0</ele>
      </trkpt>
      <trkpt lat="40.14821" lon="-124.15715">
        <ele>353.0</ele>
      </trkpt>
      <trkpt lat="40.1476" lon="-124.15735">
        <ele>325.0</ele>
      </trkpt>
      <trkpt lat="40.14879" lon="-124.15788">
        <ele>398.0</ele>
      </trkpt>
      <trkpt lat="40.14791" lon="-124.15845">
        <ele>380.0</ele>
      </trkpt>
      <trkpt lat="40.14834" lon="-124.15885">
        <ele>426.0</ele>
      </trkpt>
      <trkpt lat="40.14881" lon="-124.15883">
        <ele>442.0</ele>
      </trkpt>
      <trkpt lat="40.1493" lon="-124.15899">
        <ele>450.0</ele>
      </trkpt>
      <trkpt lat="40.14904" lon="-124.15914">
        <ele>461.0</ele>
      </trkpt>
      <trkpt lat="40.14869" lon="-124.15958">
        <ele>456.0</ele>
      </trkpt>
      <trkpt lat="40.14844" lon="-124.15977">
        <ele>459.0</ele>
      </trkpt>
      <trkpt lat="40.14802" lon="-124.15977">
        <ele>449.0</ele>
      </trkpt>
      <trkpt lat="40.14783" lon="-124.15996">
        <ele>449.0</ele>
      </trkpt>
      <trkpt lat="40.14805" lon="-124.15993">
        <ele>461.0</ele>
      </trkpt>
      <trkpt lat="40.14908" lon="-124.16028">
        <ele>499.0</ele>
      </trkpt>
      <trkpt lat="40.14958" lon="-124.16032">
        <ele>505.0</ele>
      </trkpt>
      <trkpt lat="40.14879" lon="-124.16108">
        <ele>503.0</ele>
      </trkpt>
      <trkpt lat="40.14912" lon="-124.1612">
        <ele>515.0</ele>
      </trkpt>
      <trkpt lat="40.14977" lon="-124.16105">
        <ele>545.0</ele>
      </trkpt>
      <trkpt lat="40.1502" lon="-124.16113">
        <ele>564.0</ele>
      </trkpt>
      <trkpt lat="40.1496" lon="-124.16137">
        <ele>555.0</ele>
      </trkpt>
      <trkpt lat="40.15049" lon="-124.1615">
        <ele>579.0</ele>
      </trkpt>
      <trkpt lat="40.15004" lon="-124.16189">
        <ele>566.0</ele>
      </trkpt>
      <trkpt lat="40.15105" lon="-124.16177">
        <ele>602.0</ele>
      </trkpt>
      <trkpt lat="40.15206" lon="-124.16138">
        <ele>609.0</ele>
      </trkpt>
      <trkpt lat="40.15203" lon="-124.16157">
        <ele>613.0</ele>
      </trkpt>
      <trkpt lat="40.15253" lon="-124.16171">
        <ele>630.0</ele>
      </trkpt>
      <trkpt lat="40.15262" lon="-124.16123">
        <ele>638.0</ele>
      </trkpt>
      <trkpt lat="40.15284" lon="-124.1608">
        <ele>648.0</ele>
      </trkpt>
      <trkpt lat="40.15275" lon="-124.16073">
        <ele>648.0</ele>
      </trkpt>
      <trkpt lat="40.15291" lon="-124.16063">
        <ele>656.0</ele>
      </trkpt>
      <trkpt lat="40.15277" lon="-124.1606">
        <ele>656.0</ele>
      </trkpt>
      <trkpt lat="40.15314" lon="-124.16012">
        <ele>678.0</ele>
      </trkpt>
      <trkpt lat="40.15315" lon="-124.16002">
        <ele>678.0</ele>
      </trkpt>
      <trkpt lat="40.15372" lon="-124.1598">
        <ele>703.0</ele>
      </trkpt>
      <trkpt lat="40.15388" lon="-124.15982">
        <ele>711.0</ele>
      </trkpt>
      <trkpt lat="40.15365" lon="-124.15959">
        <ele>703.0</ele>
      </trkpt>
      <trkpt lat="40.15338" lon="-124.1594">
        <ele>708.0</ele>
      </trkpt>
      <trkpt lat="40.1538" lon="-124.15935">
        <ele>723.0</ele>
      </trkpt>
      <trkpt lat="40.15334" lon="-124.15894">
        <ele>720.0</ele>
      </trkpt>
      <trkpt lat="40.15375" lon="-124.15876">
        <ele>729.0</ele>
      </trkpt>
      <trkpt lat="40.1537185090855" lon="-124.15867279439">
        <ele>732.0</ele>
      </trkpt>
      <trkpt lat="40.1537275723032" lon="-124.158697892532">
        <ele>732.0</ele>
      </trkpt>
      <trkpt lat="40.1537275723032" lon="-124.158697892532">
        <ele>732.0</ele>
      </trkpt>
      <trkpt lat="40.15362" lon="-124.1584">
        <ele>729.0</ele>
      </trkpt>
      <trkpt lat="40.1539670382324" lon="-124.158193429624">
        <ele>734.0</ele>
      </trkpt>
      <trkpt lat="40.1539670382324" lon="-124.158193429624">
        <ele>734.0</ele>
      </trkpt>
      <trkpt lat="40.15404" lon="-124.15815">
        <ele>743.0</ele>
      </trkpt>
      <trkpt lat="40.15402" lon="-124.15841">
        <ele>740.0</ele>
      </trkpt>
      <trkpt lat="40.15442" lon="-124.15805">
        <ele>758.0</ele>
      </trkpt>
      <trkpt lat="40.15441" lon="-124.15834">
        <ele>764.0</ele>
      </trkpt>
      <trkpt lat="40.15481" lon="-124.15794">
        <ele>765.0</ele>
      </trkpt>
      <trkpt lat="40.15543" lon="-124.15761">
        <ele>779.0</ele>
      </trkpt>
      <trkpt lat="40.15577" lon="-124.15739">
        <ele>781.0</ele>
      </trkpt>
      <trkpt lat="40.15593" lon="-124.15743">
        <ele>781.0</ele>
      </trkpt>
      <trkpt lat="40.15609" lon="-124.15733">
        <ele>786.0</ele>
      </trkpt>
      <trkpt lat="40.15627" lon="-124.15678">
        <ele>792.0</ele>
      </trkpt>
      <trkpt lat="40.15647" lon="-124.15709">
        <ele>797.0</ele>
      </trkpt>
      <trkpt lat="40.15662" lon="-124.15697">
        <ele>808.0</ele>
      </trkpt>
      <trkpt lat="40.15662" lon="-124.15675">
        <ele>806.0</ele>
      </trkpt>
      <trkpt lat="40.15684" lon="-124.15678">
        <ele>813.0</ele>
      </trkpt>
      <trkpt lat="40.15675" lon="-124.15664">
        <ele>806.0</ele>
      </trkpt>
      <trkpt lat="40.15723" lon="-124.15663">
        <ele>823.0</ele>
      </trkpt>
      <trkpt lat="40.1573" lon="-124.15657">
        <ele>823.0</ele>
      </trkpt>
      <trkpt lat="40.15728" lon="-124.15646">
        <ele>827.0</ele>
      </trkpt>
      <trkpt lat="40.1573401733267" lon="-124.156414870005">
        <ele>827.0</ele>
      </trkpt>
      <trkpt lat="40.1573401733267" lon="-124.156414870005">
        <ele>827.0</ele>
      </trkpt>
      <trkpt lat="40.15736" lon="-124.1564">
        <ele>827.0</ele>
      </trkpt>
      <trkpt lat="40.15744" lon="-124.15654">
        <ele>830.0</ele>
      </trkpt>
      <trkpt lat="40.15752" lon="-124.15653">
        <ele>830.0</ele>
      </trkpt>
      <trkpt lat="40.15769" lon="-124.1564">
        <ele>836.0</ele>
      </trkpt>
      <trkpt lat="40.15822" lon="-124.15617">
        <ele>843.0</ele>
      </trkpt>
      <trkpt lat="40.15846" lon="-124.15632">
        <ele>841.0</ele>
      </trkpt>
      <trkpt lat="40.15875" lon="-124.15624">
        <ele>844.0</ele>
      </trkpt>
      <trkpt lat="40.15886" lon="-124.15609">
        <ele>846.0</ele>
      </trkpt>
      <trkpt lat="40.1588631096469" lon="-124.156064345664">
        <ele>846.0</ele>
      </trkpt>
      <trkpt lat="40.1588631096469" lon="-124.156064345664">
        <ele>846.0</ele>
      </trkpt>
      <trkpt lat="40.1588940060691" lon="-124.155809452669">
        <ele>844.0</ele>
      </trkpt>
      <trkpt lat="40.1588940060691" lon="-124.155809452669">
        <ele>844.0</ele>
      </trkpt>
      <trkpt lat="40.1589" lon="-124.15576">
        <ele>844.0</ele>
      </trkpt>
      <trkpt lat="40.159" lon="-124.15565">
        <ele>843.0</ele>
      </trkpt>
      <trkpt lat="40.15915" lon="-124.15565">
        <ele>846.0</ele>
      </trkpt>
      <trkpt lat="40.15929" lon="-124.15559">
        <ele>846.0</ele>
      </trkpt>
      <trkpt lat="40.15946" lon="-124.15534">
        <ele>849.0</ele>
      </trkpt>
      <trkpt lat="40.15959" lon="-124.15534">
        <ele>855.0</ele>
      </trkpt>
      <trkpt lat="40.15964" lon="-124.15526">
        <ele>855.0</ele>
      </trkpt>
      <trkpt lat="40.15978" lon="-124.15521">
        <ele>855.0</ele>
      </trkpt>
      <trkpt lat="40.15974" lon="-124.15509">
        <ele>854.0</ele>
      </trkpt>
      <trkpt lat="40.15998" lon="-124.15516">
        <ele>865.0</ele>
      </trkpt>
      <trkpt lat="40.16" lon="-124.15502">
        <ele>865.0</ele>
      </trkpt>
      <trkpt lat="40.1599" lon="-124.15488">
        <ele>865.0</ele>
      </trkpt>
      <trkpt lat="40.15995" lon="-124.1547">
        <ele>864.0</ele>
      </trkpt>
      <trkpt lat="40.16009" lon="-124.15468">
        <ele>864.0</ele>
      </trkpt>
      <trkpt lat="40.16018" lon="-124.15421">
        <ele>879.0</ele>
      </trkpt>
      <trkpt lat="40.1601" lon="-124.15397">
        <ele>868.0</ele>
      </trkpt>
      <trkpt lat="40.16025" lon="-124.15407">
        <ele>879.0</ele>
      </trkpt>
      <trkpt lat="40.16022" lon="-124.15383">
        <ele>881.0</ele>
      </trkpt>
      <trkpt lat="40.16038" lon="-124.15381">
        <ele>881.0</ele>
      </trkpt>
      <trkpt lat="40.16061" lon="-124.15442">
        <ele>890.0</ele>
      </trkpt>
      <trkpt lat="40.16073" lon="-124.15435">
        <ele>900.0</ele>
      </trkpt>
      <trkpt lat="40.16087" lon="-124.15343">
        <ele>913.0</ele>
      </trkpt>
      <trkpt lat="40.16101" lon="-124.1539">
        <ele>912.0</ele>
      </trkpt>
      <trkpt lat="40.16113" lon="-124.15354">
        <ele>916.0</ele>
      </trkpt>
      <trkpt lat="40.16119" lon="-124.15344">
        <ele>924.0</ele>
      </trkpt>
      <trkpt lat="40.16122" lon="-124.15369">
        <ele>916.0</ele>
      </trkpt>
      <trkpt lat="40.16134" lon="-124.15331">
        <ele>929.0</ele>
      </trkpt>
      <trkpt lat="40.1612" lon="-124.153">
        <ele>932.0</ele>
      </trkpt>
      <trkpt lat="40.16154" lon="-124.15315">
        <ele>942.0</ele>
      </trkpt>
      <trkpt lat="40.16147" lon="-124.15295">
        <ele>939.0</ele>
      </trkpt>
      <trkpt lat="40.1617" lon="-124.15316">
        <ele>942.0</ele>
      </trkpt>
      <trkpt lat="40.16208" lon="-124.15273">
        <ele>953.0</ele>
      </trkpt>
      <trkpt lat="40.16208" lon="-124.15273">
        <ele>953.0</ele>
      </trkpt>
      <trkpt lat="40.16226" lon="-124.15231">
        <ele>967.0</ele>
      </trkpt>
      <trkpt lat="40.16257" lon="-124.15213">
        <ele>972.0</ele>
      </trkpt>
      <trkpt lat="40.16305" lon="-124.1514">
        <ele>971.0</ele>
      </trkpt>
      <trkpt lat="40.16332" lon="-124.15106">
        <ele>969.0</ele>
      </trkpt>
      <trkpt lat="40.16345" lon="-124.15074">
        <ele>965.0</ele>
      </trkpt>
      <trkpt lat="40.16359" lon="-124.15059">
        <ele>978.0</ele>
      </trkpt>
      <trkpt lat="40.16383" lon="-124.1505">
        <ele>991.0</ele>
      </trkpt>
      <trkpt lat="40.16392" lon="-124.15041">
        <ele>994.0</ele>
      </trkpt>
      <trkpt lat="40.16392" lon="-124.15024">
        <ele>994.0</ele>
      </trkpt>
      <trkpt lat="40.16386" lon="-124.15011">
        <ele>993.0</ele>
      </trkpt>
      <trkpt lat="40.16404" lon="-124.14997">
        <ele>1001.0</ele>
      </trkpt>
      <trkpt lat="40.16433" lon="-124.14991">
        <ele>1008.0</ele>
      </trkpt>
      <trkpt lat="40.16451" lon="-124.14975">
        <ele>1015.0</ele>
      </trkpt>
      <trkpt lat="40.1644529158399" lon="-124.149649143219">
        <ele>1015.0</ele>
      </trkpt>
      <trkpt lat="40.1644449181668" lon="-124.149640163666">
        <ele>1015.0</ele>
      </trkpt>
      <trkpt lat="40.16449" lon="-124.14955">
        <ele>1024.0</ele>
      </trkpt>
      <trkpt lat="40.16481" lon="-124.14945">
        <ele>1033.0</ele>
      </trkpt>
      <trkpt lat="40.16497" lon="-124.14956">
        <ele>1046.0</ele>
      </trkpt>
      <trkpt lat="40.16514" lon="-124.14972">
        <ele>1045.0</ele>
      </trkpt>
      <trkpt lat="40.1652" lon="-124.14986">
        <ele>1045.0</ele>
      </trkpt>
      <trkpt lat="40.16531" lon="-124.14973">
        <ele>1045.0</ele>
      </trkpt>
      <trkpt lat="40.16559" lon="-124.14967">
        <ele>1050.0</ele>
      </trkpt>
      <trkpt lat="40.16592" lon="-124.14972">
        <ele>1050.0</ele>
      </trkpt>
      <trkpt lat="40.16603" lon="-124.14968">
        <ele>1043.0</ele>
      </trkpt>
      <trkpt lat="40.16603" lon="-124.14968">
        <ele>1043.0</ele>
      </trkpt>
      <trkpt lat="40.16563" lon="-124.14946">
        <ele>1064.0</ele>
      </trkpt>
      <trkpt lat="40.16532" lon="-124.14949">
        <ele>1059.0</ele>
      </trkpt>
      <trkpt lat="40.16563" lon="-124.14932">
        <ele>1064.0</ele>
      </trkpt>
      <trkpt lat="40.16549" lon="-124.14903">
        <ele>1068.0</ele>
      </trkpt>
      <trkpt lat="40.16551" lon="-124.14888">
        <ele>1080.0</ele>
      </trkpt>
      <trkpt lat="40.16544" lon="-124.14895">
        <ele>1080.0</ele>
      </trkpt>
      <trkpt lat="40.1654" lon="-124.14886">
        <ele>1087.0</ele>
      </trkpt>
      <trkpt lat="40.16539" lon="-124.14864">
        <ele>1088.0</ele>
      </trkpt>
      <trkpt lat="40.16527" lon="-124.14877">
        <ele>1087.0</ele>
      </trkpt>
      <trkpt lat="40.16529" lon="-124.14858">
        <ele>1088.0</ele>
      </trkpt>
      <trkpt lat="40.16517" lon="-124.14866">
        <ele>1088.0</ele>
      </trkpt>
      <trkpt lat="40.16515" lon="-124.14834">
        <ele>1092.0</ele>
      </trkpt>
      <trkpt lat="40.1651700434146" lon="-124.148287887122">
        <ele>1092.0</ele>
      </trkpt>
      <trkpt lat="40.1651700434146" lon="-124.148287887122">
        <ele>1092.0</ele>
      </trkpt>
      <trkpt lat="40.1652" lon="-124.14821">
        <ele>1092.0</ele>
      </trkpt>
      <trkpt lat="40.16509" lon="-124.14794">
        <ele>1100.0</ele>
      </trkpt>
      <trkpt lat="40.16506" lon="-124.14772">
        <ele>1101.0</ele>
      </trkpt>
      <trkpt lat="40.16508" lon="-124.14752">
        <ele>1101.0</ele>
      </trkpt>
      <trkpt lat="40.16524" lon="-124.14726">
        <ele>1103.0</ele>
      </trkpt>
      <trkpt lat="40.16518" lon="-124.1468">
        <ele>1103.0</ele>
      </trkpt>
      <trkpt lat="40.16525" lon="-124.14636">
        <ele>1098.0</ele>
      </trkpt>
      <trkpt lat="40.16538" lon="-124.14598">
        <ele>1092.0</ele>
      </trkpt>
      <trkpt lat="40.16549" lon="-124.14584">
        <ele>1087.0</ele>
      </trkpt>
      <trkpt lat="40.1657" lon="-124.14567">
        <ele>1078.0</ele>
      </trkpt>
      <trkpt lat="40.16551" lon="-124.1456">
        <ele>1076.0</ele>
      </trkpt>
      <trkpt lat="40.16566" lon="-124.14551">
        <ele>1076.0</ele>
      </trkpt>
      <trkpt lat="40.16566" lon="-124.14551">
        <ele>1076.0</ele>
      </trkpt>
      <trkpt lat="40.16643" lon="-124.14494">
        <ele>1061.0</ele>
      </trkpt>
      <trkpt lat="40.16667" lon="-124.14492">
        <ele>1059.0</ele>
      </trkpt>
      <trkpt lat="40.16674" lon="-124.14506">
        <ele>1059.0</ele>
      </trkpt>
      <trkpt lat="40.16677" lon="-124.14463">
        <ele>1056.0</ele>
      </trkpt>
      <trkpt lat="40.16675" lon="-124.14433">
        <ele>1048.0</ele>
      </trkpt>
      <trkpt lat="40.16695" lon="-124.14424">
        <ele>1040.0</ele>
      </trkpt>
      <trkpt lat="40.16704" lon="-124.14388">
        <ele>1032.0</ele>
      </trkpt>
      <trkpt lat="40.16734" lon="-124.14348">
        <ele>1035.0</ele>
      </trkpt>
      <trkpt lat="40.16728" lon="-124.14302">
        <ele>1033.0</ele>
      </trkpt>
      <trkpt lat="40.16765" lon="-124.14239">
        <ele>1044.0</ele>
      </trkpt>
      <trkpt lat="40.16767" lon="-124.14216">
        <ele>1043.0</ele>
      </trkpt>
      <trkpt lat="40.16786" lon="-124.14177">
        <ele>1040.0</ele>
      </trkpt>
      <trkpt lat="40.16783" lon="-124.14148">
        <ele>1039.0</ele>
      </trkpt>
      <trkpt lat="40.168" lon="-124.14135">
        <ele>1047.0</ele>
      </trkpt>
      <trkpt lat="40.16809" lon="-124.14104">
        <ele>1051.0</ele>
      </trkpt>
      <trkpt lat="40.16807" lon="-124.14009">
        <ele>1057.0</ele>
      </trkpt>
      <trkpt lat="40.16789" lon="-124.1396">
        <ele>1044.0</ele>
      </trkpt>
      <trkpt lat="40.168" lon="-124.1392">
        <ele>1045.0</ele>
      </trkpt>
      <trkpt lat="40.16793" lon="-124.13839">
        <ele>1041.0</ele>
      </trkpt>
      <trkpt lat="40.16782" lon="-124.13786">
        <ele>1047.0</ele>
      </trkpt>
      <trkpt lat="40.16775" lon="-124.13735">
        <ele>1056.0</ele>
      </trkpt>
      <trkpt lat="40.16777" lon="-124.13703">
        <ele>1059.0</ele>
      </trkpt>
      <trkpt lat="40.1677" lon="-124.13682">
        <ele>1059.0</ele>
      </trkpt>
      <trkpt lat="40.16768" lon="-124.13665">
        <ele>1061.0</ele>
      </trkpt>
      <trkpt lat="40.16687" lon="-124.13538">
        <ele>1095.0</ele>
      </trkpt>
      <trkpt lat="40.16672" lon="-124.13491">
        <ele>1109.0</ele>
      </trkpt>
      <trkpt lat="40.1666" lon="-124.13464">
        <ele>1110.0</ele>
      </trkpt>
      <trkpt lat="40.16691" lon="-124.13422">
        <ele>1104.0</ele>
      </trkpt>
      <trkpt lat="40.16695" lon="-124.13409">
        <ele>1104.0</ele>
      </trkpt>
      <trkpt lat="40.16695" lon="-124.134">
        <ele>1105.0</ele>
      </trkpt>
      <trkpt lat="40.16681" lon="-124.13366">
        <ele>1101.0</ele>
      </trkpt>
      <trkpt lat="40.16658" lon="-124.13323">
        <ele>1110.0</ele>
      </trkpt>
      <trkpt lat="40.16623" lon="-124.1332">
        <ele>1133.0</ele>
      </trkpt>
      <trkpt lat="40.16604" lon="-124.13309">
        <ele>1131.0</ele>
      </trkpt>
      <trkpt lat="40.16589" lon="-124.13284">
        <ele>1146.0</ele>
      </trkpt>
      <trkpt lat="40.16585" lon="-124.13193">
        <ele>1154.0</ele>
      </trkpt>
      <trkpt lat="40.16599" lon="-124.13033">
        <ele>1108.0</ele>
      </trkpt>
      <trkpt lat="40.16628" lon="-124.13006">
        <ele>1078.0</ele>
      </trkpt>
      <trkpt lat="40.16614" lon="-124.1301">
        <ele>1100.0</ele>
      </trkpt>
      <trkpt lat="40.16618" lon="-124.12988">
        <ele>1100.0</ele>
      </trkpt>
      <trkpt lat="40.16602" lon="-124.12957">
        <ele>1079.0</ele>
      </trkpt>
      <trkpt lat="40.16581" lon="-124.12909">
        <ele>1082.0</ele>
      </trkpt>
      <trkpt lat="40.16549" lon="-124.12885">
        <ele>1086.0</ele>
      </trkpt>
      <trkpt lat="40.16504" lon="-124.12888">
        <ele>1104.0</ele>
      </trkpt>
      <trkpt lat="40.16486" lon="-124.12859">
        <ele>1110.0</ele>
      </trkpt>
      <trkpt lat="40.16474" lon="-124.12827">
        <ele>1095.0</ele>
      </trkpt>
      <trkpt lat="40.16452" lon="-124.12805">
        <ele>1093.0</ele>
      </trkpt>
      <trkpt lat="40.16472" lon="-124.12806">
        <ele>1082.0</ele>
      </trkpt>
      <trkpt lat="40.16429" lon="-124.1275">
        <ele>1073.0</ele>
      </trkpt>
      <trkpt lat="40.16395" lon="-124.12743">
        <ele>1080.0</ele>
      </trkpt>
      <trkpt lat="40.16309" lon="-124.12757">
        <ele>1078.0</ele>
      </trkpt>
      <trkpt lat="40.16275" lon="-124.12735">
        <ele>1075.0</ele>
      </trkpt>
      <trkpt lat="40.16269" lon="-124.12697">
        <ele>1075.0</ele>
      </trkpt>
      <trkpt lat="40.1626543727361" lon="-124.126875842231">
        <ele>1075.0</ele>
      </trkpt>
      <trkpt lat="40.1626543727361" lon="-124.126875842231">
        <ele>1075.0</ele>
      </trkpt>
      <trkpt lat="40.16255" lon="-124.1266">
        <ele>1084.0</ele>
      </trkpt>
      <trkpt lat="40.16208" lon="-124.12618">
        <ele>1107.0</ele>
      </trkpt>
      <trkpt lat="40.16208" lon="-124.12618">
        <ele>1107.0</ele>
      </trkpt>
      <trkpt lat="40.16175" lon="-124.12592">
        <ele>1118.0</ele>
      </trkpt>
      <trkpt lat="40.16171" lon="-124.12573">
        <ele>1118.0</ele>
      </trkpt>
      <trkpt lat="40.16168" lon="-124.12526">
        <ele>1126.0</ele>
      </trkpt>
      <trkpt lat="40.16151" lon="-124.12481">
        <ele>1150.0</ele>
      </trkpt>
      <trkpt lat="40.16171" lon="-124.12416">
        <ele>1130.0</ele>
      </trkpt>
      <trkpt lat="40.16155" lon="-124.12373">
        <ele>1129.0</ele>
      </trkpt>
      <trkpt lat="40.16143" lon="-124.12354">
        <ele>1144.0</ele>
      </trkpt>
      <trkpt lat="40.16143" lon="-124.12354">
        <ele>1144.0</ele>
      </trkpt>
      <trkpt lat="40.16129" lon="-124.12332">
        <ele>1139.0</ele>
      </trkpt>
      <trkpt lat="40.16124" lon="-124.12292">
        <ele>1148.0</ele>
      </trkpt>
      <trkpt lat="40.1614" lon="-124.12257">
        <ele>1125.0</ele>
      </trkpt>
      <trkpt lat="40.16159" lon="-124.1223">
        <ele>1113.0</ele>
      </trkpt>
      <trkpt lat="40.16122" lon="-124.12223">
        <ele>1148.0</ele>
      </trkpt>
      <trkpt lat="40.1612" lon="-124.12214">
        <ele>1148.0</ele>
      </trkpt>
      <trkpt lat="40.16156" lon="-124.12142">
        <ele>1138.0</ele>
      </trkpt>
      <trkpt lat="40.16156" lon="-124.12142">
        <ele>1138.0</ele>
      </trkpt>
      <trkpt lat="40.16156" lon="-124.12142">
        <ele>1138.0</ele>
      </trkpt>
      <trkpt lat="40.16203" lon="-124.12104">
        <ele>1134.0</ele>
      </trkpt>
      <trkpt lat="40.16208" lon="-124.1209">
        <ele>1137.0</ele>
      </trkpt>
      <trkpt lat="40.16208" lon="-124.1209">
        <ele>1137.0</ele>
      </trkpt>
      <trkpt lat="40.16213" lon="-124.12079">
        <ele>1129.0</ele>
      </trkpt>
      <trkpt lat="40.1621" lon="-124.12057">
        <ele>1122.0</ele>
      </trkpt>
      <trkpt lat="40.1623" lon="-124.12065">
        <ele>1122.0</ele>
      </trkpt>
      <trkpt lat="40.16218" lon="-124.1202">
        <ele>1115.0</ele>
      </trkpt>
      <trkpt lat="40.16208" lon="-124.11997">
        <ele>1113.0</ele>
      </trkpt>
      <trkpt lat="40.16208" lon="-124.11997">
        <ele>1113.0</ele>
      </trkpt>
      <trkpt lat="40.16179" lon="-124.1197">
        <ele>1104.0</ele>
      </trkpt>
      <trkpt lat="40.16208" lon="-124.1195">
        <ele>1095.0</ele>
      </trkpt>
      <trkpt lat="40.16208" lon="-124.1195">
        <ele>1095.0</ele>
      </trkpt>
      <trkpt lat="40.16212" lon="-124.11947">
        <ele>1096.0</ele>
      </trkpt>
      <trkpt lat="40.16214" lon="-124.11863">
        <ele>1084.0</ele>
      </trkpt>
      <trkpt lat="40.16208" lon="-124.11859">
        <ele>1076.0</ele>
      </trkpt>
      <trkpt lat="40.16208" lon="-124.11859">
        <ele>1076.0</ele>
      </trkpt>
      <trkpt lat="40.16203" lon="-124.11855">
        <ele>1076.0</ele>
      </trkpt>
      <trkpt lat="40.16186" lon="-124.11862">
        <ele>1076.0</ele>
      </trkpt>
      <trkpt lat="40.16188" lon="-124.11846">
        <ele>1069.0</ele>
      </trkpt>
      <trkpt lat="40.16202" lon="-124.11807">
        <ele>1064.0</ele>
      </trkpt>
      <trkpt lat="40.16208" lon="-124.11802">
        <ele>1064.0</ele>
      </trkpt>
      <trkpt lat="40.16208" lon="-124.11802">
        <ele>1064.0</ele>
      </trkpt>
      <trkpt lat="40.16227" lon="-124.11796">
        <ele>1072.0</ele>
      </trkpt>
      <trkpt lat="40.1623394741478" lon="-124.117908454665">
        <ele>1064.0</ele>
      </trkpt>
      <trkpt lat="40.162315006975" lon="-124.117886401674">
        <ele>1064.0</ele>
      </trkpt>
      <trkpt lat="40.16208" lon="-124.11783">
        <ele>1057.0</ele>
      </trkpt>
      <trkpt lat="40.16208" lon="-124.11783">
        <ele>1057.0</ele>
      </trkpt>
      <trkpt lat="40.16204" lon="-124.11782">
        <ele>1057.0</ele>
      </trkpt>
      <trkpt lat="40.16171" lon="-124.11807">
        <ele>1058.0</ele>
      </trkpt>
      <trkpt lat="40.16164" lon="-124.11818">
        <ele>1058.0</ele>
      </trkpt>
      <trkpt lat="40.16153" lon="-124.11814">
        <ele>1058.0</ele>
      </trkpt>
      <trkpt lat="40.16138" lon="-124.11771">
        <ele>1046.0</ele>
      </trkpt>
      <trkpt lat="40.16134" lon="-124.11747">
        <ele>1040.0</ele>
      </trkpt>
      <trkpt lat="40.16134" lon="-124.11722">
        <ele>1036.0</ele>
      </trkpt>
      <trkpt lat="40.16126" lon="-124.11723">
        <ele>1036.0</ele>
      </trkpt>
      <trkpt lat="40.1611" lon="-124.11769">
        <ele>1043.0</ele>
      </trkpt>
      <trkpt lat="40.16085" lon="-124.11773">
        <ele>1044.0</ele>
      </trkpt>
      <trkpt lat="40.16044" lon="-124.11841">
        <ele>1054.0</ele>
      </trkpt>
      <trkpt lat="40.16011" lon="-124.1187">
        <ele>1064.0</ele>
      </trkpt>
      <trkpt lat="40.1599774797811" lon="-124.118910950552">
        <ele>1065.0</ele>
      </trkpt>
      <trkpt lat="40.1599774797811" lon="-124.118910950552">
        <ele>1065.0</ele>
      </trkpt>
      <trkpt lat="40.15962" lon="-124.11948">
        <ele>1072.0</ele>
      </trkpt>
      <trkpt lat="40.15943" lon="-124.1197">
        <ele>1077.0</ele>
      </trkpt>
      <trkpt lat="40.15922" lon="-124.11969">
        <ele>1091.0</ele>
      </trkpt>
      <trkpt lat="40.15917" lon="-124.11946">
        <ele>1092.0</ele>
      </trkpt>
      <trkpt lat="40.15937" lon="-124.11919">
        <ele>1083.0</ele>
      </trkpt>
      <trkpt lat="40.1592" lon="-124.11915">
        <ele>1095.0</ele>
      </trkpt>
      <trkpt lat="40.1592" lon="-124.11891">
        <ele>1098.0</ele>
      </trkpt>
      <trkpt lat="40.1591" lon="-124.11883">
        <ele>1098.0</ele>
      </trkpt>
      <trkpt lat="40.15906" lon="-124.11804">
        <ele>1104.0</ele>
      </trkpt>
      <trkpt lat="40.15891" lon="-124.11762">
        <ele>1097.0</ele>
      </trkpt>
      <trkpt lat="40.15862" lon="-124.11763">
        <ele>1098.0</ele>
      </trkpt>
      <trkpt lat="40.15846" lon="-124.11735">
        <ele>1091.0</ele>
      </trkpt>
      <trkpt lat="40.15812" lon="-124.11733">
        <ele>1089.0</ele>
      </trkpt>
      <trkpt lat="40.15824" lon="-124.11801">
        <ele>1114.0</ele>
      </trkpt>
      <trkpt lat="40.15814" lon="-124.11792">
        <ele>1111.0</ele>
      </trkpt>
      <trkpt lat="40.15803" lon="-124.11853">
        <ele>1128.0</ele>
      </trkpt>
      <trkpt lat="40.15814" lon="-124.11866">
        <ele>1128.0</ele>
      </trkpt>
      <trkpt lat="40.15765" lon="-124.11894">
        <ele>1136.0</ele>
      </trkpt>
      <trkpt lat="40.15753" lon="-124.11915">
        <ele>1144.0</ele>
      </trkpt>
      <trkpt lat="40.15746" lon="-124.11934">
        <ele>1151.0</ele>
      </trkpt>
      <trkpt lat="40.1576" lon="-124.11928">
        <ele>1144.0</ele>
      </trkpt>
      <trkpt lat="40.15753" lon="-124.11948">
        <ele>1151.0</ele>
      </trkpt>
      <trkpt lat="40.15742" lon="-124.11963">
        <ele>1154.0</ele>
      </trkpt>
      <trkpt lat="40.1573" lon="-124.11968">
        <ele>1152.0</ele>
      </trkpt>
      <trkpt lat="40.15705" lon="-124.1197">
        <ele>1154.0</ele>
      </trkpt>
      <trkpt lat="40.15688" lon="-124.11998">
        <ele>1160.0</ele>
      </trkpt>
      <trkpt lat="40.15688" lon="-124.11998">
        <ele>1160.0</ele>
      </trkpt>
      <trkpt lat="40.15688" lon="-124.11998">
        <ele>1160.0</ele>
      </trkpt>
      <trkpt lat="40.15681" lon="-124.12006">
        <ele>1160.0</ele>
      </trkpt>
      <trkpt lat="40.15663" lon="-124.12018">
        <ele>1169.0</ele>
      </trkpt>
      <trkpt lat="40.15652" lon="-124.1204">
        <ele>1170.0</ele>
      </trkpt>
      <trkpt lat="40.15652" lon="-124.12054">
        <ele>1174.0</ele>
      </trkpt>
      <trkpt lat="40.15657" lon="-124.12071">
        <ele>1175.0</ele>
      </trkpt>
      <trkpt lat="40.15676" lon="-124.12122">
        <ele>1175.0</ele>
      </trkpt>
      <trkpt lat="40.15678" lon="-124.12141">
        <ele>1177.0</ele>
      </trkpt>
      <trkpt lat="40.15665" lon="-124.12158">
        <ele>1184.0</ele>
      </trkpt>
      <trkpt lat="40.15655" lon="-124.12177">
        <ele>1184.0</ele>
      </trkpt>
      <trkpt lat="40.15656" lon="-124.12185">
        <ele>1189.0</ele>
      </trkpt>
      <trkpt lat="40.15666" lon="-124.12207">
        <ele>1189.0</ele>
      </trkpt>
      <trkpt lat="40.15666" lon="-124.12226">
        <ele>1194.0</ele>
      </trkpt>
      <trkpt lat="40.15658" lon="-124.12242">
        <ele>1197.0</ele>
      </trkpt>
      <trkpt lat="40.15647" lon="-124.12249">
        <ele>1201.0</ele>
      </trkpt>
      <trkpt lat="40.15638" lon="-124.12236">
        <ele>1197.0</ele>
      </trkpt>
      <trkpt lat="40.15632" lon="-124.12254">
        <ele>1201.0</ele>
      </trkpt>
      <trkpt lat="40.15633" lon="-124.12262">
        <ele>1201.0</ele>
      </trkpt>
      <trkpt lat="40.15632" lon="-124.1227">
        <ele>1205.0</ele>
      </trkpt>
      <trkpt lat="40.15622" lon="-124.12281">
        <ele>1205.0</ele>
      </trkpt>
      <trkpt lat="40.15616" lon="-124.1228">
        <ele>1205.0</ele>
      </trkpt>
      <trkpt lat="40.15622" lon="-124.12293">
        <ele>1210.0</ele>
      </trkpt>
      <trkpt lat="40.1563" lon="-124.12302">
        <ele>1210.0</ele>
      </trkpt>
      <trkpt lat="40.15642" lon="-124.12302">
        <ele>1210.0</ele>
      </trkpt>
      <trkpt lat="40.15637" lon="-124.12325">
        <ele>1215.0</ele>
      </trkpt>
      <trkpt lat="40.15627" lon="-124.1233">
        <ele>1215.0</ele>
      </trkpt>
      <trkpt lat="40.15624" lon="-124.12335">
        <ele>1214.0</ele>
      </trkpt>
      <trkpt lat="40.15622" lon="-124.12354">
        <ele>1217.0</ele>
      </trkpt>
      <trkpt lat="40.15622" lon="-124.12354">
        <ele>1217.0</ele>
      </trkpt>
      <trkpt lat="40.15626" lon="-124.12391">
        <ele>1226.0</ele>
      </trkpt>
      <trkpt lat="40.15633" lon="-124.12403">
        <ele>1227.0</ele>
      </trkpt>
      <trkpt lat="40.15637" lon="-124.12402">
        <ele>1226.0</ele>
      </trkpt>
      <trkpt lat="40.15641" lon="-124.12388">
        <ele>1226.0</ele>
      </trkpt>
      <trkpt lat="40.15659" lon="-124.12382">
        <ele>1226.0</ele>
      </trkpt>
      <trkpt lat="40.15666" lon="-124.12385">
        <ele>1226.0</ele>
      </trkpt>
      <trkpt lat="40.15672" lon="-124.12394">
        <ele>1226.0</ele>
      </trkpt>
      <trkpt lat="40.15663" lon="-124.12401">
        <ele>1226.0</ele>
      </trkpt>
      <trkpt lat="40.15662" lon="-124.12406">
        <ele>1230.0</ele>
      </trkpt>
      <trkpt lat="40.15669" lon="-124.1241">
        <ele>1230.0</ele>
      </trkpt>
      <trkpt lat="40.15669" lon="-124.1241">
        <ele>1230.0</ele>
      </trkpt>
      <trkpt lat="40.15669" lon="-124.1241">
        <ele>1230.0</ele>
      </trkpt>
      <trkpt lat="40.1568686951599" lon="-124.124106743214">
        <ele>1225.0</ele>
      </trkpt>
      <trkpt lat="40.1568686951599" lon="-124.124106743214">
        <ele>1225.0</ele>
      </trkpt>
      <trkpt lat="40.15669" lon="-124.1241">
        <ele>1230.0</ele>
      </trkpt>
      <trkpt lat="40.15669" lon="-124.1241">
        <ele>1230.0</ele>
      </trkpt>
      <trkpt lat="40.15669" lon="-124.1241">
        <ele>1230.0</ele>
      </trkpt>
      <trkpt lat="40.15662" lon="-124.12406">
        <ele>1230.0</ele>
      </trkpt>
      <trkpt lat="40.15663" lon="-124.12401">
        <ele>1226.0</ele>
      </trkpt>
      <trkpt lat="40.15672" lon="-124.12394">
        <ele>1226.0</ele>
      </trkpt>
      <trkpt lat="40.15666" lon="-124.12385">
        <ele>1226.0</ele>
      </trkpt>
      <trkpt lat="40.15659" lon="-124.12382">
        <ele>1226.0</ele>
      </trkpt>
      <trkpt lat="40.15641" lon="-124.12388">
        <ele>1226.0</ele>
      </trkpt>
      <trkpt lat="40.15637" lon="-124.12402">
        <ele>1226.0</ele>
      </trkpt>
      <trkpt lat="40.15633" lon="-124.12403">
        <ele>1227.0</ele>
      </trkpt>
      <trkpt lat="40.15626" lon="-124.12391">
        <ele>1226.0</ele>
      </trkpt>
      <trkpt lat="40.15622" lon="-124.12354">
        <ele>1217.0</ele>
      </trkpt>
      <trkpt lat="40.15622" lon="-124.12354">
        <ele>1217.0</ele>
      </trkpt>
      <trkpt lat="40.15624" lon="-124.12335">
        <ele>1214.0</ele>
      </trkpt>
      <trkpt lat="40.15627" lon="-124.1233">
        <ele>1215.0</ele>
      </trkpt>
      <trkpt lat="40.15637" lon="-124.12325">
        <ele>1215.0</ele>
      </trkpt>
      <trkpt lat="40.15642" lon="-124.12302">
        <ele>1210.0</ele>
      </trkpt>
      <trkpt lat="40.1563" lon="-124.12302">
        <ele>1210.0</ele>
      </trkpt>
      <trkpt lat="40.15622" lon="-124.12293">
        <ele>1210.0</ele>
      </trkpt>
      <trkpt lat="40.15616" lon="-124.1228">
        <ele>1205.0</ele>
      </trkpt>
      <trkpt lat="40.15622" lon="-124.12281">
        <ele>1205.0</ele>
      </trkpt>
      <trkpt lat="40.15632" lon="-124.1227">
        <ele>1205.0</ele>
      </trkpt>
      <trkpt lat="40.15633" lon="-124.12262">
        <ele>1201.0</ele>
      </trkpt>
      <trkpt lat="40.15632" lon="-124.12254">
        <ele>1201.0</ele>
      </trkpt>
      <trkpt lat="40.15638" lon="-124.12236">
        <ele>1197.0</ele>
      </trkpt>
      <trkpt lat="40.15647" lon="-124.12249">
        <ele>1201.0</ele>
      </trkpt>
      <trkpt lat="40.15658" lon="-124.12242">
        <ele>1197.0</ele>
      </trkpt>
      <trkpt lat="40.15666" lon="-124.12226">
        <ele>1194.0</ele>
      </trkpt>
      <trkpt lat="40.15666" lon="-124.12207">
        <ele>1189.0</ele>
      </trkpt>
      <trkpt lat="40.15656" lon="-124.12185">
        <ele>1189.0</ele>
      </trkpt>
      <trkpt lat="40.15655" lon="-124.12177">
        <ele>1184.0</ele>
      </trkpt>
      <trkpt lat="40.15665" lon="-124.12158">
        <ele>1184.0</ele>
      </trkpt>
      <trkpt lat="40.15678" lon="-124.12141">
        <ele>1177.0</ele>
      </trkpt>
      <trkpt lat="40.15676" lon="-124.12122">
        <ele>1175.0</ele>
      </trkpt>
      <trkpt lat="40.15657" lon="-124.12071">
        <ele>1175.0</ele>
      </trkpt>
      <trkpt lat="40.15652" lon="-124.12054">
        <ele>1174.0</ele>
      </trkpt>
      <trkpt lat="40.15652" lon="-124.1204">
        <ele>1170.0</ele>
      </trkpt>
      <trkpt lat="40.15663" lon="-124.12018">
        <ele>1169.0</ele>
      </trkpt>
      <trkpt lat="40.15681" lon="-124.12006">
        <ele>1160.0</ele>
      </trkpt>
      <trkpt lat="40.15688" lon="-124.11998">
        <ele>1160.0</ele>
      </trkpt>
      <trkpt lat="40.15688" lon="-124.11998">
        <ele>1160.0</ele>
      </trkpt>
      <trkpt lat="40.15688" lon="-124.11998">
        <ele>1160.0</ele>
      </trkpt>
      <trkpt lat="40.15652" lon="-124.12005">
        <ele>1163.0</ele>
      </trkpt>
      <trkpt lat="40.15632" lon="-124.12005">
        <ele>1163.0</ele>
      </trkpt>
      <trkpt lat="40.1562364747562" lon="-124.120031438835">
        <ele>1165.0</ele>
      </trkpt>
      <trkpt lat="40.1562364747562" lon="-124.120031438835">
        <ele>1165.0</ele>
      </trkpt>
      <trkpt lat="40.15614" lon="-124.12001">
        <ele>1165.0</ele>
      </trkpt>
      <trkpt lat="40.15607" lon="-124.11996">
        <ele>1165.0</ele>
      </trkpt>
      <trkpt lat="40.15599" lon="-124.1198">
        <ele>1162.0</ele>
      </trkpt>
      <trkpt lat="40.15594" lon="-124.11964">
        <ele>1157.0</ele>
      </trkpt>
      <trkpt lat="40.15598" lon="-124.11927">
        <ele>1150.0</ele>
      </trkpt>
      <trkpt lat="40.15587" lon="-124.11903">
        <ele>1152.0</ele>
      </trkpt>
      <trkpt lat="40.1558" lon="-124.11898">
        <ele>1146.0</ele>
      </trkpt>
      <trkpt lat="40.15568" lon="-124.11898">
        <ele>1140.0</ele>
      </trkpt>
      <trkpt lat="40.15563" lon="-124.11889">
        <ele>1140.0</ele>
      </trkpt>
      <trkpt lat="40.15535" lon="-124.11853">
        <ele>1131.0</ele>
      </trkpt>
      <trkpt lat="40.15529" lon="-124.11837">
        <ele>1129.0</ele>
      </trkpt>
      <trkpt lat="40.15515" lon="-124.11816">
        <ele>1123.0</ele>
      </trkpt>
      <trkpt lat="40.15505" lon="-124.11808">
        <ele>1122.0</ele>
      </trkpt>
      <trkpt lat="40.15492" lon="-124.11784">
        <ele>1118.0</ele>
      </trkpt>
      <trkpt lat="40.15484" lon="-124.11783">
        <ele>1118.0</ele>
      </trkpt>
      <trkpt lat="40.15472" lon="-124.11767">
        <ele>1118.0</ele>
      </trkpt>
      <trkpt lat="40.1546" lon="-124.11766">
        <ele>1118.0</ele>
      </trkpt>
      <trkpt lat="40.15455" lon="-124.11758">
        <ele>1120.0</ele>
      </trkpt>
      <trkpt lat="40.15447" lon="-124.11703">
        <ele>1120.0</ele>
      </trkpt>
      <trkpt lat="40.15434" lon="-124.11651">
        <ele>1106.0</ele>
      </trkpt>
      <trkpt lat="40.15446" lon="-124.11657">
        <ele>1114.0</ele>
      </trkpt>
      <trkpt lat="40.15439" lon="-124.11617">
        <ele>1098.0</ele>
      </trkpt>
      <trkpt lat="40.15429" lon="-124.11592">
        <ele>1088.0</ele>
      </trkpt>
      <trkpt lat="40.15421" lon="-124.11587">
        <ele>1088.0</ele>
      </trkpt>
      <trkpt lat="40.15403" lon="-124.11583">
        <ele>1088.0</ele>
      </trkpt>
      <trkpt lat="40.15369" lon="-124.11581">
        <ele>1077.0</ele>
      </trkpt>
      <trkpt lat="40.15347" lon="-124.1159">
        <ele>1082.0</ele>
      </trkpt>
      <trkpt lat="40.15324" lon="-124.11586">
        <ele>1082.0</ele>
      </trkpt>
      <trkpt lat="40.15268" lon="-124.11562">
        <ele>1070.0</ele>
      </trkpt>
      <trkpt lat="40.15248" lon="-124.11562">
        <ele>1069.0</ele>
      </trkpt>
      <trkpt lat="40.15218" lon="-124.11582">
        <ele>1070.0</ele>
      </trkpt>
      <trkpt lat="40.15197" lon="-124.11585">
        <ele>1063.0</ele>
      </trkpt>
      <trkpt lat="40.15147" lon="-124.11626">
        <ele>1052.0</ele>
      </trkpt>
      <trkpt lat="40.15117" lon="-124.11635">
        <ele>1048.0</ele>
      </trkpt>
      <trkpt lat="40.15095" lon="-124.11637">
        <ele>1049.0</ele>
      </trkpt>
      <trkpt lat="40.15085" lon="-124.11628">
        <ele>1049.0</ele>
      </trkpt>
      <trkpt lat="40.15071" lon="-124.11603">
        <ele>1055.0</ele>
      </trkpt>
      <trkpt lat="40.15038" lon="-124.1156">
        <ele>1062.0</ele>
      </trkpt>
      <trkpt lat="40.15034" lon="-124.11532">
        <ele>1056.0</ele>
      </trkpt>
      <trkpt lat="40.15017" lon="-124.11505">
        <ele>1050.0</ele>
      </trkpt>
      <trkpt lat="40.15006" lon="-124.11475">
        <ele>1054.0</ele>
      </trkpt>
      <trkpt lat="40.14984" lon="-124.11449">
        <ele>1050.0</ele>
      </trkpt>
      <trkpt lat="40.14962" lon="-124.11396">
        <ele>1044.0</ele>
      </trkpt>
      <trkpt lat="40.14921" lon="-124.1132">
        <ele>1028.0</ele>
      </trkpt>
      <trkpt lat="40.14914" lon="-124.11311">
        <ele>1025.0</ele>
      </trkpt>
      <trkpt lat="40.14872" lon="-124.1131">
        <ele>1013.0</ele>
      </trkpt>
      <trkpt lat="40.14856" lon="-124.11316">
        <ele>1013.0</ele>
      </trkpt>
      <trkpt lat="40.14847" lon="-124.11325">
        <ele>1005.0</ele>
      </trkpt>
      <trkpt lat="40.1484" lon="-124.11327">
        <ele>1005.0</ele>
      </trkpt>
      <trkpt lat="40.14837" lon="-124.11325">
        <ele>1005.0</ele>
      </trkpt>
      <trkpt lat="40.14842" lon="-124.1129">
        <ele>1000.0</ele>
      </trkpt>
      <trkpt lat="40.1485" lon="-124.11277">
        <ele>1006.0</ele>
      </trkpt>
      <trkpt lat="40.14858" lon="-124.11257">
        <ele>997.0</ele>
      </trkpt>
      <trkpt lat="40.1486" lon="-124.11242">
        <ele>997.0</ele>
      </trkpt>
      <trkpt lat="40.14836" lon="-124.11246">
        <ele>992.0</ele>
      </trkpt>
      <trkpt lat="40.14825" lon="-124.11251">
        <ele>992.0</ele>
      </trkpt>
      <trkpt lat="40.14809" lon="-124.11263">
        <ele>986.0</ele>
      </trkpt>
      <trkpt lat="40.14796" lon="-124.11293">
        <ele>996.0</ele>
      </trkpt>
      <trkpt lat="40.14783" lon="-124.11299">
        <ele>987.0</ele>
      </trkpt>
      <trkpt lat="40.14725" lon="-124.11289">
        <ele>967.0</ele>
      </trkpt>
      <trkpt lat="40.14736" lon="-124.11273">
        <ele>967.0</ele>
      </trkpt>
      <trkpt lat="40.1473" lon="-124.11268">
        <ele>967.0</ele>
      </trkpt>
      <trkpt lat="40.14716" lon="-124.11264">
        <ele>967.0</ele>
      </trkpt>
      <trkpt lat="40.147" lon="-124.1127">
        <ele>961.0</ele>
      </trkpt>
      <trkpt lat="40.14676" lon="-124.11288">
        <ele>950.0</ele>
      </trkpt>
      <trkpt lat="40.14676" lon="-124.11297">
        <ele>951.0</ele>
      </trkpt>
      <trkpt lat="40.14656" lon="-124.11286">
        <ele>950.0</ele>
      </trkpt>
      <trkpt lat="40.14644" lon="-124.11286">
        <ele>939.0</ele>
      </trkpt>
      <trkpt lat="40.14646" lon="-124.11272">
        <ele>939.0</ele>
      </trkpt>
      <trkpt lat="40.14634" lon="-124.11283">
        <ele>939.0</ele>
      </trkpt>
      <trkpt lat="40.14625" lon="-124.113">
        <ele>931.0</ele>
      </trkpt>
      <trkpt lat="40.14624" lon="-124.11313">
        <ele>931.0</ele>
      </trkpt>
      <trkpt lat="40.14619" lon="-124.11315">
        <ele>931.0</ele>
      </trkpt>
      <trkpt lat="40.14611" lon="-124.11313">
        <ele>931.0</ele>
      </trkpt>
      <trkpt lat="40.14602" lon="-124.11306">
        <ele>931.0</ele>
      </trkpt>
      <trkpt lat="40.14594" lon="-124.11307">
        <ele>924.0</ele>
      </trkpt>
      <trkpt lat="40.14587" lon="-124.11313">
        <ele>924.0</ele>
      </trkpt>
      <trkpt lat="40.14579" lon="-124.11329">
        <ele>925.0</ele>
      </trkpt>
      <trkpt lat="40.14543" lon="-124.11355">
        <ele>915.0</ele>
      </trkpt>
      <trkpt lat="40.14529" lon="-124.11351">
        <ele>912.0</ele>
      </trkpt>
      <trkpt lat="40.14529" lon="-124.11351">
        <ele>912.0</ele>
      </trkpt>
      <trkpt lat="40.14516" lon="-124.11354">
        <ele>912.0</ele>
      </trkpt>
      <trkpt lat="40.14506" lon="-124.11349">
        <ele>912.0</ele>
      </trkpt>
      <trkpt lat="40.14498" lon="-124.11337">
        <ele>910.0</ele>
      </trkpt>
      <trkpt lat="40.1445" lon="-124.11337">
        <ele>902.0</ele>
      </trkpt>
      <trkpt lat="40.14439" lon="-124.11346">
        <ele>902.0</ele>
      </trkpt>
      <trkpt lat="40.14434" lon="-124.1137">
        <ele>907.0</ele>
      </trkpt>
      <trkpt lat="40.14421" lon="-124.11391">
        <ele>905.0</ele>
      </trkpt>
      <trkpt lat="40.14404" lon="-124.11407">
        <ele>904.0</ele>
      </trkpt>
      <trkpt lat="40.14389" lon="-124.11431">
        <ele>904.0</ele>
      </trkpt>
      <trkpt lat="40.14339" lon="-124.11448">
        <ele>914.0</ele>
      </trkpt>
      <trkpt lat="40.14326" lon="-124.11463">
        <ele>915.0</ele>
      </trkpt>
      <trkpt lat="40.14323" lon="-124.11485">
        <ele>915.0</ele>
      </trkpt>
      <trkpt lat="40.14315" lon="-124.11496">
        <ele>919.0</ele>
      </trkpt>
      <trkpt lat="40.14299" lon="-124.11506">
        <ele>919.0</ele>
      </trkpt>
      <trkpt lat="40.14277" lon="-124.11504">
        <ele>920.0</ele>
      </trkpt>
      <trkpt lat="40.14246" lon="-124.11507">
        <ele>930.0</ele>
      </trkpt>
      <trkpt lat="40.14238" lon="-124.11497">
        <ele>930.0</ele>
      </trkpt>
      <trkpt lat="40.14231" lon="-124.11478">
        <ele>937.0</ele>
      </trkpt>
      <trkpt lat="40.1423" lon="-124.11449">
        <ele>932.0</ele>
      </trkpt>
      <trkpt lat="40.14216" lon="-124.11415">
        <ele>927.0</ele>
      </trkpt>
      <trkpt lat="40.14205" lon="-124.114">
        <ele>931.0</ele>
      </trkpt>
      <trkpt lat="40.14193" lon="-124.11399">
        <ele>931.0</ele>
      </trkpt>
      <trkpt lat="40.14174" lon="-124.11419">
        <ele>936.0</ele>
      </trkpt>
      <trkpt lat="40.14158" lon="-124.11444">
        <ele>944.0</ele>
      </trkpt>
      <trkpt lat="40.14138" lon="-124.11463">
        <ele>938.0</ele>
      </trkpt>
      <trkpt lat="40.14059" lon="-124.11521">
        <ele>950.0</ele>
      </trkpt>
      <trkpt lat="40.14053" lon="-124.11514">
        <ele>950.0</ele>
      </trkpt>
      <trkpt lat="40.14047" lon="-124.11491">
        <ele>951.0</ele>
      </trkpt>
      <trkpt lat="40.14049" lon="-124.11455">
        <ele>952.0</ele>
      </trkpt>
      <trkpt lat="40.14045" lon="-124.11438">
        <ele>952.0</ele>
      </trkpt>
      <trkpt lat="40.14047" lon="-124.11404">
        <ele>949.0</ele>
      </trkpt>
      <trkpt lat="40.14042" lon="-124.11366">
        <ele>939.0</ele>
      </trkpt>
      <trkpt lat="40.14034" lon="-124.11358">
        <ele>950.0</ele>
      </trkpt>
      <trkpt lat="40.14012" lon="-124.11355">
        <ele>965.0</ele>
      </trkpt>
      <trkpt lat="40.13989" lon="-124.11335">
        <ele>958.0</ele>
      </trkpt>
      <trkpt lat="40.13937" lon="-124.11327">
        <ele>974.0</ele>
      </trkpt>
      <trkpt lat="40.13903" lon="-124.11308">
        <ele>970.0</ele>
      </trkpt>
      <trkpt lat="40.1388921300619" lon="-124.113088616871">
        <ele>977.0</ele>
      </trkpt>
      <trkpt lat="40.1388921300619" lon="-124.113088616871">
        <ele>977.0</ele>
      </trkpt>
      <trkpt lat="40.13871" lon="-124.1131">
        <ele>977.0</ele>
      </trkpt>
      <trkpt lat="40.13839" lon="-124.11308">
        <ele>974.0</ele>
      </trkpt>
      <trkpt lat="40.13832" lon="-124.11296">
        <ele>974.0</ele>
      </trkpt>
      <trkpt lat="40.13837" lon="-124.11258">
        <ele>988.0</ele>
      </trkpt>
      <trkpt lat="40.13837" lon="-124.11229">
        <ele>993.0</ele>
      </trkpt>
      <trkpt lat="40.13847" lon="-124.11188">
        <ele>996.0</ele>
      </trkpt>
      <trkpt lat="40.13861" lon="-124.11163">
        <ele>988.0</ele>
      </trkpt>
      <trkpt lat="40.13868" lon="-124.11114">
        <ele>985.0</ele>
      </trkpt>
      <trkpt lat="40.13867" lon="-124.11107">
        <ele>985.0</ele>
      </trkpt>
      <trkpt lat="40.13863" lon="-124.11102">
        <ele>985.0</ele>
      </trkpt>
      <trkpt lat="40.13858" lon="-124.11101">
        <ele>985.0</ele>
      </trkpt>
      <trkpt lat="40.13819" lon="-124.11112">
        <ele>983.0</ele>
      </trkpt>
      <trkpt lat="40.13776" lon="-124.11111">
        <ele>975.0</ele>
      </trkpt>
      <trkpt lat="40.13708" lon="-124.11118">
        <ele>966.0</ele>
      </trkpt>
      <trkpt lat="40.13702" lon="-124.11122">
        <ele>966.0</ele>
      </trkpt>
      <trkpt lat="40.13697" lon="-124.11137">
        <ele>966.0</ele>
      </trkpt>
      <trkpt lat="40.13702" lon="-124.11151">
        <ele>966.0</ele>
      </trkpt>
      <trkpt lat="40.13744" lon="-124.11189">
        <ele>970.0</ele>
      </trkpt>
      <trkpt lat="40.13754" lon="-124.11206">
        <ele>970.0</ele>
      </trkpt>
      <trkpt lat="40.13754" lon="-124.11212">
        <ele>964.0</ele>
      </trkpt>
      <trkpt lat="40.13738" lon="-124.11204">
        <ele>970.0</ele>
      </trkpt>
      <trkpt lat="40.13706" lon="-124.11179">
        <ele>964.0</ele>
      </trkpt>
      <trkpt lat="40.13699" lon="-124.11176">
        <ele>964.0</ele>
      </trkpt>
      <trkpt lat="40.13684" lon="-124.11176">
        <ele>964.0</ele>
      </trkpt>
      <trkpt lat="40.13647" lon="-124.11156">
        <ele>946.0</ele>
      </trkpt>
      <trkpt lat="40.1362" lon="-124.11128">
        <ele>952.0</ele>
      </trkpt>
      <trkpt lat="40.13596" lon="-124.11116">
        <ele>957.0</ele>
      </trkpt>
      <trkpt lat="40.13534" lon="-124.11119">
        <ele>946.0</ele>
      </trkpt>
      <trkpt lat="40.13513" lon="-124.11113">
        <ele>941.0</ele>
      </trkpt>
      <trkpt lat="40.13497" lon="-124.11118">
        <ele>941.0</ele>
      </trkpt>
      <trkpt lat="40.13457" lon="-124.11115">
        <ele>930.0</ele>
      </trkpt>
      <trkpt lat="40.13418" lon="-124.11132">
        <ele>919.0</ele>
      </trkpt>
      <trkpt lat="40.13378" lon="-124.11134">
        <ele>916.0</ele>
      </trkpt>
      <trkpt lat="40.13361" lon="-124.11143">
        <ele>917.0</ele>
      </trkpt>
      <trkpt lat="40.13337" lon="-124.11149">
        <ele>919.0</ele>
      </trkpt>
      <trkpt lat="40.13324" lon="-124.11148">
        <ele>919.0</ele>
      </trkpt>
      <trkpt lat="40.13301" lon="-124.11129">
        <ele>925.0</ele>
      </trkpt>
      <trkpt lat="40.13283" lon="-124.11107">
        <ele>917.0</ele>
      </trkpt>
      <trkpt lat="40.13254" lon="-124.11086">
        <ele>904.0</ele>
      </trkpt>
      <trkpt lat="40.13239" lon="-124.11083">
        <ele>904.0</ele>
      </trkpt>
      <trkpt lat="40.1321" lon="-124.11102">
        <ele>907.0</ele>
      </trkpt>
      <trkpt lat="40.13199" lon="-124.11106">
        <ele>895.0</ele>
      </trkpt>
      <trkpt lat="40.13195" lon="-124.11111">
        <ele>895.0</ele>
      </trkpt>
      <trkpt lat="40.13192" lon="-124.11119">
        <ele>895.0</ele>
      </trkpt>
      <trkpt lat="40.13191" lon="-124.11128">
        <ele>901.0</ele>
      </trkpt>
      <trkpt lat="40.132" lon="-124.11161">
        <ele>904.0</ele>
      </trkpt>
      <trkpt lat="40.13199" lon="-124.11169">
        <ele>904.0</ele>
      </trkpt>
      <trkpt lat="40.13193" lon="-124.11179">
        <ele>904.0</ele>
      </trkpt>
      <trkpt lat="40.13179" lon="-124.11187">
        <ele>896.0</ele>
      </trkpt>
      <trkpt lat="40.13146" lon="-124.11187">
        <ele>886.0</ele>
      </trkpt>
      <trkpt lat="40.13135" lon="-124.11194">
        <ele>886.0</ele>
      </trkpt>
      <trkpt lat="40.13131" lon="-124.11202">
        <ele>886.0</ele>
      </trkpt>
      <trkpt lat="40.13127" lon="-124.11237">
        <ele>896.0</ele>
      </trkpt>
      <trkpt lat="40.13118" lon="-124.11262">
        <ele>887.0</ele>
      </trkpt>
      <trkpt lat="40.13103" lon="-124.11285">
        <ele>894.0</ele>
      </trkpt>
      <trkpt lat="40.13052" lon="-124.11318">
        <ele>868.0</ele>
      </trkpt>
      <trkpt lat="40.13037" lon="-124.11324">
        <ele>873.0</ele>
      </trkpt>
      <trkpt lat="40.13019" lon="-124.11341">
        <ele>873.0</ele>
      </trkpt>
      <trkpt lat="40.13003" lon="-124.1135">
        <ele>879.0</ele>
      </trkpt>
      <trkpt lat="40.12993" lon="-124.11361">
        <ele>879.0</ele>
      </trkpt>
      <trkpt lat="40.12986" lon="-124.11374">
        <ele>866.0</ele>
      </trkpt>
      <trkpt lat="40.12978" lon="-124.11379">
        <ele>874.0</ele>
      </trkpt>
      <trkpt lat="40.12971" lon="-124.1138">
        <ele>874.0</ele>
      </trkpt>
      <trkpt lat="40.12943" lon="-124.11371">
        <ele>853.0</ele>
      </trkpt>
      <trkpt lat="40.1291" lon="-124.11376">
        <ele>860.0</ele>
      </trkpt>
      <trkpt lat="40.12896" lon="-124.11382">
        <ele>855.0</ele>
      </trkpt>
      <trkpt lat="40.12873" lon="-124.11399">
        <ele>850.0</ele>
      </trkpt>
      <trkpt lat="40.12868" lon="-124.11399">
        <ele>850.0</ele>
      </trkpt>
      <trkpt lat="40.12865" lon="-124.11391">
        <ele>850.0</ele>
      </trkpt>
      <trkpt lat="40.12885" lon="-124.11371">
        <ele>843.0</ele>
      </trkpt>
      <trkpt lat="40.1297" lon="-124.11321">
        <ele>856.0</ele>
      </trkpt>
      <trkpt lat="40.12997" lon="-124.11293">
        <ele>851.0</ele>
      </trkpt>
      <trkpt lat="40.13036" lon="-124.11257">
        <ele>840.0</ele>
      </trkpt>
      <trkpt lat="40.13044" lon="-124.11246">
        <ele>849.0</ele>
      </trkpt>
      <trkpt lat="40.13055" lon="-124.11214">
        <ele>843.0</ele>
      </trkpt>
      <trkpt lat="40.1306" lon="-124.11141">
        <ele>831.0</ele>
      </trkpt>
      <trkpt lat="40.13055" lon="-124.11125">
        <ele>830.0</ele>
      </trkpt>
      <trkpt lat="40.13018" lon="-124.11083">
        <ele>823.0</ele>
      </trkpt>
      <trkpt lat="40.13006" lon="-124.11059">
        <ele>827.0</ele>
      </trkpt>
      <trkpt lat="40.12997" lon="-124.11027">
        <ele>829.0</ele>
      </trkpt>
      <trkpt lat="40.12992" lon="-124.1102">
        <ele>829.0</ele>
      </trkpt>
      <trkpt lat="40.12971" lon="-124.11005">
        <ele>833.0</ele>
      </trkpt>
      <trkpt lat="40.1295" lon="-124.10995">
        <ele>835.0</ele>
      </trkpt>
      <trkpt lat="40.12945" lon="-124.10997">
        <ele>835.0</ele>
      </trkpt>
      <trkpt lat="40.12931" lon="-124.11014">
        <ele>833.0</ele>
      </trkpt>
      <trkpt lat="40.12925" lon="-124.11017">
        <ele>828.0</ele>
      </trkpt>
      <trkpt lat="40.12917" lon="-124.11015">
        <ele>828.0</ele>
      </trkpt>
      <trkpt lat="40.12914" lon="-124.11011">
        <ele>833.0</ele>
      </trkpt>
      <trkpt lat="40.12911" lon="-124.1099">
        <ele>833.0</ele>
      </trkpt>
      <trkpt lat="40.12915" lon="-124.10963">
        <ele>836.0</ele>
      </trkpt>
      <trkpt lat="40.12914" lon="-124.1094">
        <ele>837.0</ele>
      </trkpt>
      <trkpt lat="40.12932" lon="-124.10904">
        <ele>839.0</ele>
      </trkpt>
      <trkpt lat="40.12938" lon="-124.10887">
        <ele>843.0</ele>
      </trkpt>
      <trkpt lat="40.1295" lon="-124.10882">
        <ele>843.0</ele>
      </trkpt>
      <trkpt lat="40.12955" lon="-124.10877">
        <ele>843.0</ele>
      </trkpt>
      <trkpt lat="40.12959" lon="-124.10868">
        <ele>835.0</ele>
      </trkpt>
      <trkpt lat="40.12969" lon="-124.10802">
        <ele>834.0</ele>
      </trkpt>
      <trkpt lat="40.12964" lon="-124.10788">
        <ele>833.0</ele>
      </trkpt>
      <trkpt lat="40.12889" lon="-124.10714">
        <ele>863.0</ele>
      </trkpt>
      <trkpt lat="40.12881" lon="-124.10686">
        <ele>860.0</ele>
      </trkpt>
      <trkpt lat="40.12873" lon="-124.10671">
        <ele>870.0</ele>
      </trkpt>
      <trkpt lat="40.12854" lon="-124.10659">
        <ele>870.0</ele>
      </trkpt>
      <trkpt lat="40.12849" lon="-124.10651">
        <ele>870.0</ele>
      </trkpt>
      <trkpt lat="40.12849" lon="-124.10651">
        <ele>870.0</ele>
      </trkpt>
      <trkpt lat="40.12834" lon="-124.10621">
        <ele>876.0</ele>
      </trkpt>
      <trkpt lat="40.12826" lon="-124.10614">
        <ele>876.0</ele>
      </trkpt>
      <trkpt lat="40.12803" lon="-124.10611">
        <ele>877.0</ele>
      </trkpt>
      <trkpt lat="40.12771" lon="-124.10618">
        <ele>880.0</ele>
      </trkpt>
      <trkpt lat="40.12752" lon="-124.10618">
        <ele>886.0</ele>
      </trkpt>
      <trkpt lat="40.12737" lon="-124.10611">
        <ele>886.0</ele>
      </trkpt>
      <trkpt lat="40.12711" lon="-124.1061">
        <ele>885.0</ele>
      </trkpt>
      <trkpt lat="40.12722" lon="-124.10559">
        <ele>902.0</ele>
      </trkpt>
      <trkpt lat="40.12727" lon="-124.10551">
        <ele>902.0</ele>
      </trkpt>
      <trkpt lat="40.12752" lon="-124.10547">
        <ele>897.0</ele>
      </trkpt>
      <trkpt lat="40.12759" lon="-124.10541">
        <ele>909.0</ele>
      </trkpt>
      <trkpt lat="40.12782" lon="-124.10511">
        <ele>916.0</ele>
      </trkpt>
      <trkpt lat="40.12784" lon="-124.10501">
        <ele>916.0</ele>
      </trkpt>
      <trkpt lat="40.12766" lon="-124.10368">
        <ele>926.0</ele>
      </trkpt>
      <trkpt lat="40.12768" lon="-124.1035">
        <ele>926.0</ele>
      </trkpt>
      <trkpt lat="40.12773" lon="-124.10328">
        <ele>925.0</ele>
      </trkpt>
      <trkpt lat="40.12772" lon="-124.10314">
        <ele>922.0</ele>
      </trkpt>
      <trkpt lat="40.1275037427645" lon="-124.102765154125">
        <ele>935.0</ele>
      </trkpt>
      <trkpt lat="40.1275037427645" lon="-124.102765154125">
        <ele>935.0</ele>
      </trkpt>
      <trkpt lat="40.12742" lon="-124.10262">
        <ele>933.0</ele>
      </trkpt>
      <trkpt lat="40.1273" lon="-124.10233">
        <ele>946.0</ele>
      </trkpt>
      <trkpt lat="40.127" lon="-124.10204">
        <ele>953.0</ele>
      </trkpt>
      <trkpt lat="40.12674" lon="-124.10187">
        <ele>961.0</ele>
      </trkpt>
      <trkpt lat="40.12671" lon="-124.1018">
        <ele>965.0</ele>
      </trkpt>
      <trkpt lat="40.1267" lon="-124.10168">
        <ele>965.0</ele>
      </trkpt>
      <trkpt lat="40.12672" lon="-124.10156">
        <ele>965.0</ele>
      </trkpt>
      <trkpt lat="40.12672" lon="-124.10156">
        <ele>965.0</ele>
      </trkpt>
      <trkpt lat="40.12682" lon="-124.10145">
        <ele>960.0</ele>
      </trkpt>
      <trkpt lat="40.12708" lon="-124.10137">
        <ele>960.0</ele>
      </trkpt>
      <trkpt lat="40.1274" lon="-124.1008">
        <ele>952.0</ele>
      </trkpt>
      <trkpt lat="40.12751" lon="-124.10052">
        <ele>958.0</ele>
      </trkpt>
      <trkpt lat="40.12753" lon="-124.10041">
        <ele>960.0</ele>
      </trkpt>
      <trkpt lat="40.12746" lon="-124.09957">
        <ele>962.0</ele>
      </trkpt>
      <trkpt lat="40.12748" lon="-124.09916">
        <ele>967.0</ele>
      </trkpt>
      <trkpt lat="40.12755" lon="-124.09834">
        <ele>972.0</ele>
      </trkpt>
      <trkpt lat="40.12758" lon="-124.09824">
        <ele>972.0</ele>
      </trkpt>
      <trkpt lat="40.1277024963132" lon="-124.098038754754">
        <ele>975.0</ele>
      </trkpt>
      <trkpt lat="40.1277024963132" lon="-124.098038754754">
        <ele>975.0</ele>
      </trkpt>
      <trkpt lat="40.1275" lon="-124.09814">
        <ele>971.0</ele>
      </trkpt>
      <trkpt lat="40.12723" lon="-124.0984">
        <ele>969.0</ele>
      </trkpt>
      <trkpt lat="40.12698" lon="-124.09859">
        <ele>974.0</ele>
      </trkpt>
      <trkpt lat="40.12652" lon="-124.0987">
        <ele>958.0</ele>
      </trkpt>
      <trkpt lat="40.12612" lon="-124.09907">
        <ele>972.0</ele>
      </trkpt>
      <trkpt lat="40.12588" lon="-124.09914">
        <ele>967.0</ele>
      </trkpt>
      <trkpt lat="40.12561" lon="-124.09911">
        <ele>959.0</ele>
      </trkpt>
      <trkpt lat="40.12545" lon="-124.09918">
        <ele>959.0</ele>
      </trkpt>
      <trkpt lat="40.12531" lon="-124.09935">
        <ele>952.0</ele>
      </trkpt>
      <trkpt lat="40.12501" lon="-124.09939">
        <ele>939.0</ele>
      </trkpt>
      <trkpt lat="40.12473" lon="-124.0996">
        <ele>941.0</ele>
      </trkpt>
      <trkpt lat="40.1246" lon="-124.09981">
        <ele>941.0</ele>
      </trkpt>
      <trkpt lat="40.12445" lon="-124.10014">
        <ele>952.0</ele>
      </trkpt>
      <trkpt lat="40.12423" lon="-124.10027">
        <ele>940.0</ele>
      </trkpt>
      <trkpt lat="40.1239" lon="-124.10035">
        <ele>925.0</ele>
      </trkpt>
      <trkpt lat="40.12347" lon="-124.10037">
        <ele>904.0</ele>
      </trkpt>
      <trkpt lat="40.12304" lon="-124.10088">
        <ele>911.0</ele>
      </trkpt>
      <trkpt lat="40.1228334019221" lon="-124.101022481433">
        <ele>902.0</ele>
      </trkpt>
      <trkpt lat="40.1228334019221" lon="-124.101022481433">
        <ele>902.0</ele>
      </trkpt>
      <trkpt lat="40.12246" lon="-124.10128">
        <ele>891.0</ele>
      </trkpt>
      <trkpt lat="40.12225" lon="-124.10136">
        <ele>882.0</ele>
      </trkpt>
      <trkpt lat="40.12209" lon="-124.10134">
        <ele>882.0</ele>
      </trkpt>
      <trkpt lat="40.12166" lon="-124.10106">
        <ele>864.0</ele>
      </trkpt>
      <trkpt lat="40.12138" lon="-124.10106">
        <ele>860.0</ele>
      </trkpt>
      <trkpt lat="40.12121" lon="-124.10094">
        <ele>862.0</ele>
      </trkpt>
      <trkpt lat="40.12102" lon="-124.10091">
        <ele>862.0</ele>
      </trkpt>
      <trkpt lat="40.12003" lon="-124.10059">
        <ele>845.0</ele>
      </trkpt>
      <trkpt lat="40.11946" lon="-124.10093">
        <ele>829.0</ele>
      </trkpt>
      <trkpt lat="40.11926" lon="-124.10097">
        <ele>816.0</ele>
      </trkpt>
      <trkpt lat="40.11907" lon="-124.10093">
        <ele>816.0</ele>
      </trkpt>
      <trkpt lat="40.119" lon="-124.10074">
        <ele>797.0</ele>
      </trkpt>
      <trkpt lat="40.11887" lon="-124.10014">
        <ele>796.0</ele>
      </trkpt>
      <trkpt lat="40.11881" lon="-124.10014">
        <ele>796.0</ele>
      </trkpt>
      <trkpt lat="40.1187" lon="-124.10051">
        <ele>779.0</ele>
      </trkpt>
      <trkpt lat="40.1186" lon="-124.10066">
        <ele>779.0</ele>
      </trkpt>
      <trkpt lat="40.11848" lon="-124.10097">
        <ele>781.0</ele>
      </trkpt>
      <trkpt lat="40.11842" lon="-124.10124">
        <ele>768.0</ele>
      </trkpt>
      <trkpt lat="40.11814" lon="-124.1013">
        <ele>757.0</ele>
      </trkpt>
      <trkpt lat="40.11797" lon="-124.10156">
        <ele>757.0</ele>
      </trkpt>
      <trkpt lat="40.11797" lon="-124.10156">
        <ele>757.0</ele>
      </trkpt>
      <trkpt lat="40.11772" lon="-124.10195">
        <ele>746.0</ele>
      </trkpt>
      <trkpt lat="40.11761" lon="-124.10253">
        <ele>731.0</ele>
      </trkpt>
      <trkpt lat="40.11767" lon="-124.10296">
        <ele>740.0</ele>
      </trkpt>
      <trkpt lat="40.11763" lon="-124.10325">
        <ele>722.0</ele>
      </trkpt>
      <trkpt lat="40.11759" lon="-124.10333">
        <ele>722.0</ele>
      </trkpt>
      <trkpt lat="40.11752" lon="-124.10328">
        <ele>722.0</ele>
      </trkpt>
      <trkpt lat="40.11752" lon="-124.10315">
        <ele>723.0</ele>
      </trkpt>
      <trkpt lat="40.11749" lon="-124.10294">
        <ele>723.0</ele>
      </trkpt>
      <trkpt lat="40.11732" lon="-124.10273">
        <ele>710.0</ele>
      </trkpt>
      <trkpt lat="40.11698" lon="-124.1024">
        <ele>695.0</ele>
      </trkpt>
      <trkpt lat="40.1171" lon="-124.10187">
        <ele>714.0</ele>
      </trkpt>
      <trkpt lat="40.11707" lon="-124.10182">
        <ele>694.0</ele>
      </trkpt>
      <trkpt lat="40.11679" lon="-124.10204">
        <ele>678.0</ele>
      </trkpt>
      <trkpt lat="40.1167022784549" lon="-124.102088734192">
        <ele>682.0</ele>
      </trkpt>
      <trkpt lat="40.1167022784549" lon="-124.102088734192">
        <ele>682.0</ele>
      </trkpt>
      <trkpt lat="40.11652" lon="-124.10219">
        <ele>668.0</ele>
      </trkpt>
      <trkpt lat="40.11599" lon="-124.10238">
        <ele>661.0</ele>
      </trkpt>
      <trkpt lat="40.11595" lon="-124.10253">
        <ele>644.0</ele>
      </trkpt>
      <trkpt lat="40.11598" lon="-124.10274">
        <ele>663.0</ele>
      </trkpt>
      <trkpt lat="40.11635" lon="-124.1031">
        <ele>670.0</ele>
      </trkpt>
      <trkpt lat="40.11651" lon="-124.10338">
        <ele>664.0</ele>
      </trkpt>
      <trkpt lat="40.1164" lon="-124.10381">
        <ele>643.0</ele>
      </trkpt>
      <trkpt lat="40.11637" lon="-124.10438">
        <ele>627.0</ele>
      </trkpt>
      <trkpt lat="40.11618" lon="-124.10403">
        <ele>614.0</ele>
      </trkpt>
      <trkpt lat="40.11604" lon="-124.10356">
        <ele>635.0</ele>
      </trkpt>
      <trkpt lat="40.11571" lon="-124.10344">
        <ele>636.0</ele>
      </trkpt>
      <trkpt lat="40.11545" lon="-124.10308">
        <ele>631.0</ele>
      </trkpt>
      <trkpt lat="40.11526" lon="-124.10272">
        <ele>617.0</ele>
      </trkpt>
      <trkpt lat="40.11525" lon="-124.10286">
        <ele>617.0</ele>
      </trkpt>
      <trkpt lat="40.11549" lon="-124.10377">
        <ele>597.0</ele>
      </trkpt>
      <trkpt lat="40.11556" lon="-124.10415">
        <ele>591.0</ele>
      </trkpt>
      <trkpt lat="40.11552" lon="-124.10437">
        <ele>589.0</ele>
      </trkpt>
      <trkpt lat="40.11536" lon="-124.10448">
        <ele>583.0</ele>
      </trkpt>
      <trkpt lat="40.11514" lon="-124.1044">
        <ele>583.0</ele>
      </trkpt>
      <trkpt lat="40.11482" lon="-124.10422">
        <ele>567.0</ele>
      </trkpt>
      <trkpt lat="40.11458" lon="-124.10418">
        <ele>558.0</ele>
      </trkpt>
      <trkpt lat="40.1142" lon="-124.10447">
        <ele>560.0</ele>
      </trkpt>
      <trkpt lat="40.11382" lon="-124.10466">
        <ele>567.0</ele>
      </trkpt>
      <trkpt lat="40.11357" lon="-124.10462">
        <ele>566.0</ele>
      </trkpt>
      <trkpt lat="40.11276" lon="-124.10424">
        <ele>541.0</ele>
      </trkpt>
      <trkpt lat="40.11238" lon="-124.1044">
        <ele>551.0</ele>
      </trkpt>
      <trkpt lat="40.11201" lon="-124.10432">
        <ele>559.0</ele>
      </trkpt>
      <trkpt lat="40.11169" lon="-124.10431">
        <ele>561.0</ele>
      </trkpt>
      <trkpt lat="40.11169" lon="-124.10431">
        <ele>561.0</ele>
      </trkpt>
      <trkpt lat="40.11122" lon="-124.10424">
        <ele>556.0</ele>
      </trkpt>
      <trkpt lat="40.11098" lon="-124.10408">
        <ele>556.0</ele>
      </trkpt>
      <trkpt lat="40.11084" lon="-124.10381">
        <ele>551.0</ele>
      </trkpt>
      <trkpt lat="40.11071" lon="-124.10337">
        <ele>535.0</ele>
      </trkpt>
      <trkpt lat="40.11048" lon="-124.10325">
        <ele>543.0</ele>
      </trkpt>
      <trkpt lat="40.11019" lon="-124.10324">
        <ele>546.0</ele>
      </trkpt>
      <trkpt lat="40.10965" lon="-124.10358">
        <ele>539.0</ele>
      </trkpt>
      <trkpt lat="40.10935" lon="-124.10357">
        <ele>526.0</ele>
      </trkpt>
      <trkpt lat="40.10924" lon="-124.10362">
        <ele>512.0</ele>
      </trkpt>
      <trkpt lat="40.10882" lon="-124.10422">
        <ele>518.0</ele>
      </trkpt>
      <trkpt lat="40.10872" lon="-124.10471">
        <ele>500.0</ele>
      </trkpt>
      <trkpt lat="40.10873" lon="-124.10516">
        <ele>488.0</ele>
      </trkpt>
      <trkpt lat="40.10926" lon="-124.10553">
        <ele>515.0</ele>
      </trkpt>
      <trkpt lat="40.10991" lon="-124.10587">
        <ele>501.0</ele>
      </trkpt>
      <trkpt lat="40.11031" lon="-124.10635">
        <ele>477.0</ele>
      </trkpt>
      <trkpt lat="40.11074" lon="-124.10721">
        <ele>472.0</ele>
      </trkpt>
      <trkpt lat="40.11103" lon="-124.10792">
        <ele>452.0</ele>
      </trkpt>
      <trkpt lat="40.11106" lon="-124.1082">
        <ele>447.0</ele>
      </trkpt>
      <trkpt lat="40.11101" lon="-124.10867">
        <ele>442.0</ele>
      </trkpt>
      <trkpt lat="40.11111" lon="-124.10932">
        <ele>421.0</ele>
      </trkpt>
      <trkpt lat="40.11085" lon="-124.11043">
        <ele>396.0</ele>
      </trkpt>
      <trkpt lat="40.11049" lon="-124.1115">
        <ele>375.0</ele>
      </trkpt>
      <trkpt lat="40.1101" lon="-124.11159">
        <ele>347.0</ele>
      </trkpt>
      <trkpt lat="40.10977" lon="-124.11244">
        <ele>332.0</ele>
      </trkpt>
      <trkpt lat="40.10941" lon="-124.11305">
        <ele>319.0</ele>
      </trkpt>
      <trkpt lat="40.10954" lon="-124.1136">
        <ele>319.0</ele>
      </trkpt>
      <trkpt lat="40.10924" lon="-124.11466">
        <ele>281.0</ele>
      </trkpt>
      <trkpt lat="40.10926" lon="-124.11492">
        <ele>279.0</ele>
      </trkpt>
      <trkpt lat="40.10943" lon="-124.11495">
        <ele>292.0</ele>
      </trkpt>
      <trkpt lat="40.11007" lon="-124.11461">
        <ele>301.0</ele>
      </trkpt>
      <trkpt lat="40.11097" lon="-124.11451">
        <ele>291.0</ele>
      </trkpt>
      <trkpt lat="40.11169" lon="-124.11469">
        <ele>235.0</ele>
      </trkpt>
      <trkpt lat="40.11169" lon="-124.11469">
        <ele>235.0</ele>
      </trkpt>
      <trkpt lat="40.11186" lon="-124.11474">
        <ele>232.0</ele>
      </trkpt>
      <trkpt lat="40.11203" lon="-124.11496">
        <ele>216.0</ele>
      </trkpt>
      <trkpt lat="40.11208" lon="-124.11519">
        <ele>204.0</ele>
      </trkpt>
      <trkpt lat="40.11184" lon="-124.11512">
        <ele>216.0</ele>
      </trkpt>
      <trkpt lat="40.11169" lon="-124.11515">
        <ele>206.0</ele>
      </trkpt>
      <trkpt lat="40.11169" lon="-124.11515">
        <ele>206.0</ele>
      </trkpt>
      <trkpt lat="40.11162" lon="-124.11516">
        <ele>206.0</ele>
      </trkpt>
      <trkpt lat="40.11133" lon="-124.11533">
        <ele>208.0</ele>
      </trkpt>
      <trkpt lat="40.11096" lon="-124.1158">
        <ele>210.0</ele>
      </trkpt>
      <trkpt lat="40.11113" lon="-124.11582">
        <ele>200.0</ele>
      </trkpt>
      <trkpt lat="40.11128" lon="-124.11594">
        <ele>186.0</ele>
      </trkpt>
      <trkpt lat="40.11139" lon="-124.11616">
        <ele>175.0</ele>
      </trkpt>
      <trkpt lat="40.1115" lon="-124.117">
        <ele>148.0</ele>
      </trkpt>
      <trkpt lat="40.11143" lon="-124.11719">
        <ele>141.0</ele>
      </trkpt>
      <trkpt lat="40.11122" lon="-124.11731">
        <ele>141.0</ele>
      </trkpt>
      <trkpt lat="40.1105" lon="-124.11739">
        <ele>126.0</ele>
      </trkpt>
      <trkpt lat="40.11024" lon="-124.11769">
        <ele>112.0</ele>
      </trkpt>
      <trkpt lat="40.10965" lon="-124.11876">
        <ele>86.0</ele>
      </trkpt>
      <trkpt lat="40.10912" lon="-124.11927">
        <ele>99.0</ele>
      </trkpt>
      <trkpt lat="40.1090128963518" lon="-124.119457431384">
        <ele>98.0</ele>
      </trkpt>
      <trkpt lat="40.1090128963518" lon="-124.119457431384">
        <ele>98.0</ele>
      </trkpt>
      <trkpt lat="40.10884" lon="-124.11976">
        <ele>84.0</ele>
      </trkpt>
      <trkpt lat="40.10872" lon="-124.12051">
        <ele>32.0</ele>
      </trkpt>
      <trkpt lat="40.10863" lon="-124.12085">
        <ele>22.0</ele>
      </trkpt>
      <trkpt lat="40.10864" lon="-124.1209">
        <ele>22.0</ele>
      </trkpt>
      <trkpt lat="40.10869" lon="-124.12092">
        <ele>22.0</ele>
      </trkpt>
      <trkpt lat="40.10883" lon="-124.12082">
        <ele>21.0</ele>
      </trkpt>
      <trkpt lat="40.1089" lon="-124.12082">
        <ele>21.0</ele>
      </trkpt>
      <trkpt lat="40.10893" lon="-124.1209">
        <ele>21.0</ele>
      </trkpt>
      <trkpt lat="40.10884" lon="-124.12127">
        <ele>13.0</ele>
      </trkpt>
      <trkpt lat="40.10862" lon="-124.12146">
        <ele>8.0</ele>
      </trkpt>
      <trkpt lat="40.10862" lon="-124.12146">
        <ele>8.0</ele>
      </trkpt>
      <trkpt lat="40.1083528937805" lon="-124.121046875714">
        <ele>11.0</ele>
      </trkpt>
      <trkpt lat="40.1083528937805" lon="-124.121046875714">
        <ele>11.0</ele>
      </trkpt>
      <trkpt lat="40.10787" lon="-124.1203">
        <ele>15.0</ele>
      </trkpt>
      <trkpt lat="40.10722" lon="-124.11956">
        <ele>20.0</ele>
      </trkpt>
      <trkpt lat="40.10668" lon="-124.11878">
        <ele>5.0</ele>
      </trkpt>
      <trkpt lat="40.10641" lon="-124.11807">
        <ele>6.0</ele>
      </trkpt>
      <trkpt lat="40.1058" lon="-124.1154">
        <ele>10.0</ele>
      </trkpt>
      <trkpt lat="40.10526" lon="-124.11377">
        <ele>8.0</ele>
      </trkpt>
      <trkpt lat="40.10513" lon="-124.1131">
        <ele>0.0</ele>
      </trkpt>
      <trkpt lat="40.10473" lon="-124.11189">
        <ele>0.0</ele>
      </trkpt>
      <trkpt lat="40.10394" lon="-124.11047">
        <ele>0.0</ele>
      </trkpt>
      <trkpt lat="40.10342" lon="-124.10988">
        <ele>4.0</ele>
      </trkpt>
      <trkpt lat="40.10303" lon="-124.10939">
        <ele>13.0</ele>
      </trkpt>
      <trkpt lat="40.10251" lon="-124.10898">
        <ele>19.0</ele>
      </trkpt>
      <trkpt lat="40.10209" lon="-124.10879">
        <ele>13.0</ele>
      </trkpt>
      <trkpt lat="40.10058" lon="-124.10771">
        <ele>10.0</ele>
      </trkpt>
      <trkpt lat="40.10004" lon="-124.10725">
        <ele>9.0</ele>
      </trkpt>
      <trkpt lat="40.0990504449643" lon="-124.106494339791">
        <ele>13.0</ele>
      </trkpt>
      <trkpt lat="40.0990504449643" lon="-124.106494339791">
        <ele>13.0</ele>
      </trkpt>
      <trkpt lat="40.09894" lon="-124.10641">
        <ele>11.0</ele>
      </trkpt>
      <trkpt lat="40.09826" lon="-124.10614">
        <ele>10.0</ele>
      </trkpt>
      <trkpt lat="40.09751" lon="-124.1059">
        <ele>7.0</ele>
      </trkpt>
      <trkpt lat="40.09722" lon="-124.1057">
        <ele>7.0</ele>
      </trkpt>
      <trkpt lat="40.09653" lon="-124.10512">
        <ele>10.0</ele>
      </trkpt>
      <trkpt lat="40.09589" lon="-124.10442">
        <ele>9.0</ele>
      </trkpt>
      <trkpt lat="40.09528" lon="-124.1039">
        <ele>11.0</ele>
      </trkpt>
      <trkpt lat="40.09488" lon="-124.10367">
        <ele>9.0</ele>
      </trkpt>
      <trkpt lat="40.09488" lon="-124.10367">
        <ele>9.0</ele>
      </trkpt>
      <trkpt lat="40.09476" lon="-124.1036">
        <ele>8.0</ele>
      </trkpt>
      <trkpt lat="40.09429" lon="-124.10302">
        <ele>3.0</ele>
      </trkpt>
      <trkpt lat="40.09378" lon="-124.10227">
        <ele>7.0</ele>
      </trkpt>
      <trkpt lat="40.09306" lon="-124.10156">
        <ele>8.0</ele>
      </trkpt>
      <trkpt lat="40.09306" lon="-124.10156">
        <ele>8.0</ele>
      </trkpt>
      <trkpt lat="40.09206" lon="-124.10059">
        <ele>11.0</ele>
      </trkpt>
      <trkpt lat="40.09127" lon="-124.09966">
        <ele>7.0</ele>
      </trkpt>
      <trkpt lat="40.09092" lon="-124.09896">
        <ele>4.0</ele>
      </trkpt>
      <trkpt lat="40.09043" lon="-124.09825">
        <ele>7.0</ele>
      </trkpt>
      <trkpt lat="40.08865" lon="-124.09633">
        <ele>9.0</ele>
      </trkpt>
      <trkpt lat="40.08786" lon="-124.09568">
        <ele>12.0</ele>
      </trkpt>
      <trkpt lat="40.08688" lon="-124.09511">
        <ele>15.0</ele>
      </trkpt>
      <trkpt lat="40.0867449058499" lon="-124.095021738489">
        <ele>10.0</ele>
      </trkpt>
      <trkpt lat="40.0867449058499" lon="-124.095021738489">
        <ele>10.0</ele>
      </trkpt>
      <trkpt lat="40.08313" lon="-124.09266">
        <ele>11.0</ele>
      </trkpt>
      <trkpt lat="40.08234" lon="-124.09222">
        <ele>6.0</ele>
      </trkpt>
      <trkpt lat="40.08164" lon="-124.09081">
        <ele>0.0</ele>
      </trkpt>
      <trkpt lat="40.08148" lon="-124.0904">
        <ele>6.0</ele>
      </trkpt>
      <trkpt lat="40.08102" lon="-124.08979">
        <ele>9.0</ele>
      </trkpt>
      <trkpt lat="40.07965" lon="-124.08831">
        <ele>10.0</ele>
      </trkpt>
      <trkpt lat="40.07934" lon="-124.08789">
        <ele>8.0</ele>
      </trkpt>
      <trkpt lat="40.07887" lon="-124.08705">
        <ele>9.0</ele>
      </trkpt>
      <trkpt lat="40.07843" lon="-124.08658">
        <ele>12.0</ele>
      </trkpt>
      <trkpt lat="40.07807" lon="-124.08629">
        <ele>17.0</ele>
      </trkpt>
      <trkpt lat="40.07807" lon="-124.08629">
        <ele>17.0</ele>
      </trkpt>
      <trkpt lat="40.07783" lon="-124.0861">
        <ele>19.0</ele>
      </trkpt>
      <trkpt lat="40.07689" lon="-124.08572">
        <ele>14.0</ele>
      </trkpt>
      <trkpt lat="40.07648" lon="-124.08567">
        <ele>13.0</ele>
      </trkpt>
      <trkpt lat="40.07611" lon="-124.08554">
        <ele>8.0</ele>
      </trkpt>
      <trkpt lat="40.0757249351229" lon="-124.085220396152">
        <ele>9.0</ele>
      </trkpt>
      <trkpt lat="40.0757249351229" lon="-124.085220396152">
        <ele>9.0</ele>
      </trkpt>
      <trkpt lat="40.07511" lon="-124.08471">
        <ele>10.0</ele>
      </trkpt>
      <trkpt lat="40.07409" lon="-124.08427">
        <ele>12.0</ele>
      </trkpt>
      <trkpt lat="40.07409" lon="-124.08427">
        <ele>12.0</ele>
      </trkpt>
      <trkpt lat="40.07409" lon="-124.08427">
        <ele>12.0</ele>
      </trkpt>
      <trkpt lat="40.07339" lon="-124.08401">
        <ele>12.0</ele>
      </trkpt>
      <trkpt lat="40.07292" lon="-124.08377">
        <ele>10.0</ele>
      </trkpt>
      <trkpt lat="40.07091" lon="-124.08328">
        <ele>13.0</ele>
      </trkpt>
      <trkpt lat="40.06907" lon="-124.08212">
        <ele>9.0</ele>
      </trkpt>
      <trkpt lat="40.06858" lon="-124.08173">
        <ele>9.0</ele>
      </trkpt>
      <trkpt lat="40.0682275239761" lon="-124.081499408209">
        <ele>8.0</ele>
      </trkpt>
      <trkpt lat="40.0682275239761" lon="-124.081499408209">
        <ele>8.0</ele>
      </trkpt>
      <trkpt lat="40.06751" lon="-124.08103">
        <ele>8.0</ele>
      </trkpt>
      <trkpt lat="40.06701" lon="-124.08065">
        <ele>14.0</ele>
      </trkpt>
      <trkpt lat="40.06593" lon="-124.08017">
        <ele>12.0</ele>
      </trkpt>
      <trkpt lat="40.06503" lon="-124.07983">
        <ele>14.0</ele>
      </trkpt>
      <trkpt lat="40.06393" lon="-124.07965">
        <ele>19.0</ele>
      </trkpt>
      <trkpt lat="40.06297" lon="-124.07959">
        <ele>9.0</ele>
      </trkpt>
      <trkpt lat="40.06297" lon="-124.07959">
        <ele>9.0</ele>
      </trkpt>
      <trkpt lat="40.06207" lon="-124.07953">
        <ele>11.0</ele>
      </trkpt>
      <trkpt lat="40.06126" lon="-124.07952">
        <ele>11.0</ele>
      </trkpt>
      <trkpt lat="40.06126" lon="-124.07952">
        <ele>11.0</ele>
      </trkpt>
      <trkpt lat="40.0584316066381" lon="-124.079489587168">
        <ele>23.0</ele>
      </trkpt>
      <trkpt lat="40.0584316066381" lon="-124.079489587168">
        <ele>23.0</ele>
      </trkpt>
      <trkpt lat="40.05475" lon="-124.07945">
        <ele>14.0</ele>
      </trkpt>
      <trkpt lat="40.0537" lon="-124.07952">
        <ele>17.0</ele>
      </trkpt>
      <trkpt lat="40.05309" lon="-124.07946">
        <ele>17.0</ele>
      </trkpt>
      <trkpt lat="40.05261" lon="-124.07946">
        <ele>10.0</ele>
      </trkpt>
      <trkpt lat="40.0509" lon="-124.07959">
        <ele>12.0</ele>
      </trkpt>
      <trkpt lat="40.0509" lon="-124.07959">
        <ele>12.0</ele>
      </trkpt>
      <trkpt lat="40.04994" lon="-124.0797">
        <ele>11.0</ele>
      </trkpt>
      <trkpt lat="40.04913" lon="-124.0797">
        <ele>9.0</ele>
      </trkpt>
      <trkpt lat="40.04799" lon="-124.07967">
        <ele>14.0</ele>
      </trkpt>
      <trkpt lat="40.04782" lon="-124.07959">
        <ele>12.0</ele>
      </trkpt>
      <trkpt lat="40.04782" lon="-124.07959">
        <ele>12.0</ele>
      </trkpt>
      <trkpt lat="40.04743" lon="-124.07941">
        <ele>14.0</ele>
      </trkpt>
      <trkpt lat="40.04542" lon="-124.07898">
        <ele>18.0</ele>
      </trkpt>
      <trkpt lat="40.0450828987609" lon="-124.078864675892">
        <ele>19.0</ele>
      </trkpt>
      <trkpt lat="40.0450828987609" lon="-124.078864675892">
        <ele>19.0</ele>
      </trkpt>
      <trkpt lat="40.04504" lon="-124.07885">
        <ele>19.0</ele>
      </trkpt>
      <trkpt lat="40.044963386019" lon="-124.0786488883">
        <ele>18.0</ele>
      </trkpt>
      <trkpt lat="40.044963386019" lon="-124.0786488883">
        <ele>18.0</ele>
      </trkpt>
      <trkpt lat="40.04496" lon="-124.07864">
        <ele>18.0</ele>
      </trkpt>
      <trkpt lat="40.045" lon="-124.07839">
        <ele>20.0</ele>
      </trkpt>
      <trkpt lat="40.04502" lon="-124.0784">
        <ele>20.0</ele>
      </trkpt>
      <trkpt lat="40.04504" lon="-124.07867">
        <ele>18.0</ele>
      </trkpt>
      <trkpt lat="40.04506" lon="-124.07874">
        <ele>18.0</ele>
      </trkpt>
      <trkpt lat="40.04511" lon="-124.07876">
        <ele>19.0</ele>
      </trkpt>
      <trkpt lat="40.04516" lon="-124.07873">
        <ele>24.0</ele>
      </trkpt>
    </trkseg>
  </trk>
</gpx>
