<?xml version="1.0" encoding="UTF-8"?>
<gpx xmlns:xsi="http://www.w3.org/2001/XMLSchema-instance" version="1.1" creator="The Outbound Collective, Inc. 1.1.1 -- https://www.theoutbound.com" xsi:schemaLocation="http://www.topografix.com/GPX/1/1 http://www.topografix.com/GPX/1/1/gpx.xsd">
  <metadata>
    <name/>
    <time>2026-02-19T21:53:36+00:00</time>
    <bound minlat="37.72573" minlon="-119.559458947958" maxlat="37.8733628616408" maxlon="-119.382572899287"/>
  </metadata>
  <trk>
    <name/>
    <trkseg>
      <trkpt lat="37.8733628616408" lon="-119.382612705231">
        <ele>2610.0</ele>
      </trkpt>
      <trkpt lat="37.8733196090056" lon="-119.382572899287">
        <ele>2610.0</ele>
      </trkpt>
      <trkpt lat="37.87326" lon="-119.38271">
        <ele>2610.0</ele>
      </trkpt>
      <trkpt lat="37.87313" lon="-119.38285">
        <ele>2612.0</ele>
      </trkpt>
      <trkpt lat="37.8731300178313" lon="-119.382849986404">
        <ele>2612.0</ele>
      </trkpt>
      <trkpt lat="37.87313" lon="-119.38285">
        <ele>2612.0</ele>
      </trkpt>
      <trkpt lat="37.87308" lon="-119.38293">
        <ele>2608.0</ele>
      </trkpt>
      <trkpt lat="37.87271" lon="-119.38318">
        <ele>2606.0</ele>
      </trkpt>
      <trkpt lat="37.87227" lon="-119.38367">
        <ele>2614.0</ele>
      </trkpt>
      <trkpt lat="37.87205" lon="-119.38382">
        <ele>2617.0</ele>
      </trkpt>
      <trkpt lat="37.87205" lon="-119.38382">
        <ele>2617.0</ele>
      </trkpt>
      <trkpt lat="37.87181" lon="-119.38415">
        <ele>2618.0</ele>
      </trkpt>
      <trkpt lat="37.8715" lon="-119.38439">
        <ele>2629.0</ele>
      </trkpt>
      <trkpt lat="37.87098" lon="-119.3846">
        <ele>2638.0</ele>
      </trkpt>
      <trkpt lat="37.87085" lon="-119.38503">
        <ele>2649.0</ele>
      </trkpt>
      <trkpt lat="37.87075" lon="-119.38505">
        <ele>2649.0</ele>
      </trkpt>
      <trkpt lat="37.87062" lon="-119.38518">
        <ele>2660.0</ele>
      </trkpt>
      <trkpt lat="37.87043" lon="-119.38542">
        <ele>2677.0</ele>
      </trkpt>
      <trkpt lat="37.87032" lon="-119.38545">
        <ele>2675.0</ele>
      </trkpt>
      <trkpt lat="37.87017" lon="-119.38557">
        <ele>2675.0</ele>
      </trkpt>
      <trkpt lat="37.87007" lon="-119.3857">
        <ele>2682.0</ele>
      </trkpt>
      <trkpt lat="37.86998" lon="-119.38572">
        <ele>2682.0</ele>
      </trkpt>
      <trkpt lat="37.8699" lon="-119.38581">
        <ele>2682.0</ele>
      </trkpt>
      <trkpt lat="37.86983" lon="-119.38596">
        <ele>2679.0</ele>
      </trkpt>
      <trkpt lat="37.86982" lon="-119.3861">
        <ele>2687.0</ele>
      </trkpt>
      <trkpt lat="37.86982" lon="-119.38622">
        <ele>2687.0</ele>
      </trkpt>
      <trkpt lat="37.86991" lon="-119.38648">
        <ele>2693.0</ele>
      </trkpt>
      <trkpt lat="37.86991" lon="-119.38648">
        <ele>2693.0</ele>
      </trkpt>
      <trkpt lat="37.8699" lon="-119.38661">
        <ele>2694.0</ele>
      </trkpt>
      <trkpt lat="37.86984" lon="-119.38672">
        <ele>2699.0</ele>
      </trkpt>
      <trkpt lat="37.86976" lon="-119.38673">
        <ele>2699.0</ele>
      </trkpt>
      <trkpt lat="37.86976" lon="-119.38673">
        <ele>2699.0</ele>
      </trkpt>
      <trkpt lat="37.86967" lon="-119.38671">
        <ele>2699.0</ele>
      </trkpt>
      <trkpt lat="37.86959" lon="-119.38672">
        <ele>2699.0</ele>
      </trkpt>
      <trkpt lat="37.86953" lon="-119.38676">
        <ele>2701.0</ele>
      </trkpt>
      <trkpt lat="37.86941" lon="-119.38678">
        <ele>2701.0</ele>
      </trkpt>
      <trkpt lat="37.8693199086135" lon="-119.386760694703">
        <ele>2701.0</ele>
      </trkpt>
      <trkpt lat="37.8693199086135" lon="-119.386760694703">
        <ele>2701.0</ele>
      </trkpt>
      <trkpt lat="37.86927" lon="-119.38675">
        <ele>2706.0</ele>
      </trkpt>
      <trkpt lat="37.86916" lon="-119.38679">
        <ele>2706.0</ele>
      </trkpt>
      <trkpt lat="37.86907" lon="-119.38696">
        <ele>2706.0</ele>
      </trkpt>
      <trkpt lat="37.86897" lon="-119.38732">
        <ele>2713.0</ele>
      </trkpt>
      <trkpt lat="37.86897" lon="-119.38745">
        <ele>2720.0</ele>
      </trkpt>
      <trkpt lat="37.86901" lon="-119.38755">
        <ele>2720.0</ele>
      </trkpt>
      <trkpt lat="37.869" lon="-119.38763">
        <ele>2720.0</ele>
      </trkpt>
      <trkpt lat="37.86884" lon="-119.38795">
        <ele>2733.0</ele>
      </trkpt>
      <trkpt lat="37.86869" lon="-119.38809">
        <ele>2736.0</ele>
      </trkpt>
      <trkpt lat="37.86863" lon="-119.38822">
        <ele>2742.0</ele>
      </trkpt>
      <trkpt lat="37.86859" lon="-119.38868">
        <ele>2747.0</ele>
      </trkpt>
      <trkpt lat="37.86843" lon="-119.38892">
        <ele>2746.0</ele>
      </trkpt>
      <trkpt lat="37.86826" lon="-119.3893">
        <ele>2746.0</ele>
      </trkpt>
      <trkpt lat="37.86805" lon="-119.3896">
        <ele>2757.0</ele>
      </trkpt>
      <trkpt lat="37.86798" lon="-119.38978">
        <ele>2757.0</ele>
      </trkpt>
      <trkpt lat="37.86797" lon="-119.39006">
        <ele>2763.0</ele>
      </trkpt>
      <trkpt lat="37.86781" lon="-119.39033">
        <ele>2776.0</ele>
      </trkpt>
      <trkpt lat="37.86778" lon="-119.3905">
        <ele>2779.0</ele>
      </trkpt>
      <trkpt lat="37.8677" lon="-119.39077">
        <ele>2780.0</ele>
      </trkpt>
      <trkpt lat="37.86771" lon="-119.39139">
        <ele>2782.0</ele>
      </trkpt>
      <trkpt lat="37.8676" lon="-119.39174">
        <ele>2784.0</ele>
      </trkpt>
      <trkpt lat="37.86765" lon="-119.39203">
        <ele>2787.0</ele>
      </trkpt>
      <trkpt lat="37.86763" lon="-119.39214">
        <ele>2789.0</ele>
      </trkpt>
      <trkpt lat="37.86744" lon="-119.3926">
        <ele>2792.0</ele>
      </trkpt>
      <trkpt lat="37.8674" lon="-119.39305">
        <ele>2794.0</ele>
      </trkpt>
      <trkpt lat="37.8673" lon="-119.39341">
        <ele>2794.0</ele>
      </trkpt>
      <trkpt lat="37.86714" lon="-119.39429">
        <ele>2791.0</ele>
      </trkpt>
      <trkpt lat="37.86688" lon="-119.39476">
        <ele>2785.0</ele>
      </trkpt>
      <trkpt lat="37.86686" lon="-119.39493">
        <ele>2784.0</ele>
      </trkpt>
      <trkpt lat="37.86704" lon="-119.39545">
        <ele>2781.0</ele>
      </trkpt>
      <trkpt lat="37.86709" lon="-119.39582">
        <ele>2786.0</ele>
      </trkpt>
      <trkpt lat="37.86703" lon="-119.39623">
        <ele>2779.0</ele>
      </trkpt>
      <trkpt lat="37.86697" lon="-119.39641">
        <ele>2777.0</ele>
      </trkpt>
      <trkpt lat="37.8666" lon="-119.39686">
        <ele>2772.0</ele>
      </trkpt>
      <trkpt lat="37.8663" lon="-119.39713">
        <ele>2769.0</ele>
      </trkpt>
      <trkpt lat="37.86615" lon="-119.3973">
        <ele>2769.0</ele>
      </trkpt>
      <trkpt lat="37.86601" lon="-119.39751">
        <ele>2771.0</ele>
      </trkpt>
      <trkpt lat="37.86578" lon="-119.39765">
        <ele>2775.0</ele>
      </trkpt>
      <trkpt lat="37.86561" lon="-119.39788">
        <ele>2775.0</ele>
      </trkpt>
      <trkpt lat="37.86535" lon="-119.39803">
        <ele>2781.0</ele>
      </trkpt>
      <trkpt lat="37.86522" lon="-119.39824">
        <ele>2781.0</ele>
      </trkpt>
      <trkpt lat="37.86511" lon="-119.39824">
        <ele>2782.0</ele>
      </trkpt>
      <trkpt lat="37.86486" lon="-119.39842">
        <ele>2783.0</ele>
      </trkpt>
      <trkpt lat="37.86468" lon="-119.39853">
        <ele>2782.0</ele>
      </trkpt>
      <trkpt lat="37.86455" lon="-119.39871">
        <ele>2786.0</ele>
      </trkpt>
      <trkpt lat="37.86438" lon="-119.39884">
        <ele>2788.0</ele>
      </trkpt>
      <trkpt lat="37.86424" lon="-119.39884">
        <ele>2792.0</ele>
      </trkpt>
      <trkpt lat="37.86411" lon="-119.39894">
        <ele>2792.0</ele>
      </trkpt>
      <trkpt lat="37.86402" lon="-119.39916">
        <ele>2796.0</ele>
      </trkpt>
      <trkpt lat="37.86391" lon="-119.39934">
        <ele>2795.0</ele>
      </trkpt>
      <trkpt lat="37.8639" lon="-119.39941">
        <ele>2795.0</ele>
      </trkpt>
      <trkpt lat="37.8639" lon="-119.39941">
        <ele>2795.0</ele>
      </trkpt>
      <trkpt lat="37.86388" lon="-119.39956">
        <ele>2795.0</ele>
      </trkpt>
      <trkpt lat="37.86378" lon="-119.39966">
        <ele>2793.0</ele>
      </trkpt>
      <trkpt lat="37.86366" lon="-119.39969">
        <ele>2791.0</ele>
      </trkpt>
      <trkpt lat="37.86358" lon="-119.39975">
        <ele>2791.0</ele>
      </trkpt>
      <trkpt lat="37.86348" lon="-119.39999">
        <ele>2788.0</ele>
      </trkpt>
      <trkpt lat="37.86337" lon="-119.40013">
        <ele>2790.0</ele>
      </trkpt>
      <trkpt lat="37.86325" lon="-119.40014">
        <ele>2788.0</ele>
      </trkpt>
      <trkpt lat="37.86314" lon="-119.40034">
        <ele>2791.0</ele>
      </trkpt>
      <trkpt lat="37.86292" lon="-119.40039">
        <ele>2791.0</ele>
      </trkpt>
      <trkpt lat="37.86284" lon="-119.40046">
        <ele>2797.0</ele>
      </trkpt>
      <trkpt lat="37.86278" lon="-119.4008">
        <ele>2797.0</ele>
      </trkpt>
      <trkpt lat="37.8627545335737" lon="-119.401049570978">
        <ele>2796.0</ele>
      </trkpt>
      <trkpt lat="37.8627545335737" lon="-119.401049570978">
        <ele>2796.0</ele>
      </trkpt>
      <trkpt lat="37.86273" lon="-119.40129">
        <ele>2795.0</ele>
      </trkpt>
      <trkpt lat="37.86268" lon="-119.40144">
        <ele>2795.0</ele>
      </trkpt>
      <trkpt lat="37.86254" lon="-119.40169">
        <ele>2798.0</ele>
      </trkpt>
      <trkpt lat="37.86246" lon="-119.40203">
        <ele>2792.0</ele>
      </trkpt>
      <trkpt lat="37.86245" lon="-119.40222">
        <ele>2787.0</ele>
      </trkpt>
      <trkpt lat="37.86259" lon="-119.40279">
        <ele>2786.0</ele>
      </trkpt>
      <trkpt lat="37.86257" lon="-119.40331">
        <ele>2786.0</ele>
      </trkpt>
      <trkpt lat="37.86263" lon="-119.40359">
        <ele>2786.0</ele>
      </trkpt>
      <trkpt lat="37.86263" lon="-119.40381">
        <ele>2787.0</ele>
      </trkpt>
      <trkpt lat="37.86248" lon="-119.40408">
        <ele>2788.0</ele>
      </trkpt>
      <trkpt lat="37.8624" lon="-119.40427">
        <ele>2788.0</ele>
      </trkpt>
      <trkpt lat="37.86226" lon="-119.40448">
        <ele>2794.0</ele>
      </trkpt>
      <trkpt lat="37.86206" lon="-119.40457">
        <ele>2797.0</ele>
      </trkpt>
      <trkpt lat="37.86192" lon="-119.40505">
        <ele>2806.0</ele>
      </trkpt>
      <trkpt lat="37.86183" lon="-119.40524">
        <ele>2805.0</ele>
      </trkpt>
      <trkpt lat="37.86182" lon="-119.40555">
        <ele>2805.0</ele>
      </trkpt>
      <trkpt lat="37.86176" lon="-119.40578">
        <ele>2812.0</ele>
      </trkpt>
      <trkpt lat="37.86167" lon="-119.40597">
        <ele>2812.0</ele>
      </trkpt>
      <trkpt lat="37.86145" lon="-119.40616">
        <ele>2823.0</ele>
      </trkpt>
      <trkpt lat="37.8612" lon="-119.40622">
        <ele>2834.0</ele>
      </trkpt>
      <trkpt lat="37.86112" lon="-119.40629">
        <ele>2835.0</ele>
      </trkpt>
      <trkpt lat="37.86089" lon="-119.40637">
        <ele>2837.0</ele>
      </trkpt>
      <trkpt lat="37.86079" lon="-119.40657">
        <ele>2840.0</ele>
      </trkpt>
      <trkpt lat="37.8607" lon="-119.40663">
        <ele>2840.0</ele>
      </trkpt>
      <trkpt lat="37.86061" lon="-119.40659">
        <ele>2849.0</ele>
      </trkpt>
      <trkpt lat="37.86036" lon="-119.40641">
        <ele>2856.0</ele>
      </trkpt>
      <trkpt lat="37.86008" lon="-119.40584">
        <ele>2861.0</ele>
      </trkpt>
      <trkpt lat="37.85995" lon="-119.40572">
        <ele>2861.0</ele>
      </trkpt>
      <trkpt lat="37.85979" lon="-119.40573">
        <ele>2866.0</ele>
      </trkpt>
      <trkpt lat="37.85971" lon="-119.40595">
        <ele>2866.0</ele>
      </trkpt>
      <trkpt lat="37.85969" lon="-119.40608">
        <ele>2869.0</ele>
      </trkpt>
      <trkpt lat="37.85967" lon="-119.40611">
        <ele>2869.0</ele>
      </trkpt>
      <trkpt lat="37.85948" lon="-119.40589">
        <ele>2873.0</ele>
      </trkpt>
      <trkpt lat="37.85929" lon="-119.40603">
        <ele>2882.0</ele>
      </trkpt>
      <trkpt lat="37.85905" lon="-119.40647">
        <ele>2884.0</ele>
      </trkpt>
      <trkpt lat="37.85894" lon="-119.40653">
        <ele>2889.0</ele>
      </trkpt>
      <trkpt lat="37.85888" lon="-119.40649">
        <ele>2889.0</ele>
      </trkpt>
      <trkpt lat="37.85879" lon="-119.40662">
        <ele>2889.0</ele>
      </trkpt>
      <trkpt lat="37.85867" lon="-119.40673">
        <ele>2898.0</ele>
      </trkpt>
      <trkpt lat="37.85852" lon="-119.40677">
        <ele>2898.0</ele>
      </trkpt>
      <trkpt lat="37.85847" lon="-119.40687">
        <ele>2902.0</ele>
      </trkpt>
      <trkpt lat="37.85807" lon="-119.40737">
        <ele>2906.0</ele>
      </trkpt>
      <trkpt lat="37.85797" lon="-119.40763">
        <ele>2906.0</ele>
      </trkpt>
      <trkpt lat="37.85751" lon="-119.40819">
        <ele>2915.0</ele>
      </trkpt>
      <trkpt lat="37.85751" lon="-119.40819">
        <ele>2915.0</ele>
      </trkpt>
      <trkpt lat="37.85739" lon="-119.40848">
        <ele>2910.0</ele>
      </trkpt>
      <trkpt lat="37.857" lon="-119.40905">
        <ele>2914.0</ele>
      </trkpt>
      <trkpt lat="37.85663" lon="-119.40938">
        <ele>2918.0</ele>
      </trkpt>
      <trkpt lat="37.85656" lon="-119.40953">
        <ele>2918.0</ele>
      </trkpt>
      <trkpt lat="37.8564979699558" lon="-119.409729874587">
        <ele>2920.0</ele>
      </trkpt>
      <trkpt lat="37.8564979699558" lon="-119.409729874587">
        <ele>2920.0</ele>
      </trkpt>
      <trkpt lat="37.85647" lon="-119.40982">
        <ele>2920.0</ele>
      </trkpt>
      <trkpt lat="37.85629" lon="-119.40999">
        <ele>2920.0</ele>
      </trkpt>
      <trkpt lat="37.8562" lon="-119.41025">
        <ele>2918.0</ele>
      </trkpt>
      <trkpt lat="37.85596" lon="-119.41049">
        <ele>2920.0</ele>
      </trkpt>
      <trkpt lat="37.85576" lon="-119.41079">
        <ele>2917.0</ele>
      </trkpt>
      <trkpt lat="37.8554" lon="-119.41114">
        <ele>2917.0</ele>
      </trkpt>
      <trkpt lat="37.85529" lon="-119.4112">
        <ele>2917.0</ele>
      </trkpt>
      <trkpt lat="37.85529" lon="-119.41134">
        <ele>2918.0</ele>
      </trkpt>
      <trkpt lat="37.85525" lon="-119.41145">
        <ele>2918.0</ele>
      </trkpt>
      <trkpt lat="37.85481" lon="-119.41221">
        <ele>2913.0</ele>
      </trkpt>
      <trkpt lat="37.85461" lon="-119.41235">
        <ele>2913.0</ele>
      </trkpt>
      <trkpt lat="37.85446" lon="-119.41253">
        <ele>2914.0</ele>
      </trkpt>
      <trkpt lat="37.85405" lon="-119.41286">
        <ele>2916.0</ele>
      </trkpt>
      <trkpt lat="37.85346" lon="-119.41312">
        <ele>2918.0</ele>
      </trkpt>
      <trkpt lat="37.85322" lon="-119.41326">
        <ele>2915.0</ele>
      </trkpt>
      <trkpt lat="37.85247" lon="-119.41384">
        <ele>2908.0</ele>
      </trkpt>
      <trkpt lat="37.85224" lon="-119.41386">
        <ele>2906.0</ele>
      </trkpt>
      <trkpt lat="37.85213" lon="-119.41394">
        <ele>2906.0</ele>
      </trkpt>
      <trkpt lat="37.85172" lon="-119.41456">
        <ele>2897.0</ele>
      </trkpt>
      <trkpt lat="37.85153" lon="-119.41492">
        <ele>2896.0</ele>
      </trkpt>
      <trkpt lat="37.85145" lon="-119.41496">
        <ele>2892.0</ele>
      </trkpt>
      <trkpt lat="37.85122" lon="-119.415">
        <ele>2891.0</ele>
      </trkpt>
      <trkpt lat="37.85108" lon="-119.41498">
        <ele>2891.0</ele>
      </trkpt>
      <trkpt lat="37.85091" lon="-119.41485">
        <ele>2887.0</ele>
      </trkpt>
      <trkpt lat="37.85084" lon="-119.41487">
        <ele>2887.0</ele>
      </trkpt>
      <trkpt lat="37.85073" lon="-119.41482">
        <ele>2887.0</ele>
      </trkpt>
      <trkpt lat="37.85062" lon="-119.41482">
        <ele>2884.0</ele>
      </trkpt>
      <trkpt lat="37.85025" lon="-119.41489">
        <ele>2882.0</ele>
      </trkpt>
      <trkpt lat="37.84992" lon="-119.41505">
        <ele>2879.0</ele>
      </trkpt>
      <trkpt lat="37.84982" lon="-119.41515">
        <ele>2875.0</ele>
      </trkpt>
      <trkpt lat="37.84949" lon="-119.41523">
        <ele>2874.0</ele>
      </trkpt>
      <trkpt lat="37.84923" lon="-119.41522">
        <ele>2875.0</ele>
      </trkpt>
      <trkpt lat="37.8488" lon="-119.41531">
        <ele>2873.0</ele>
      </trkpt>
      <trkpt lat="37.84873" lon="-119.4153">
        <ele>2868.0</ele>
      </trkpt>
      <trkpt lat="37.84851" lon="-119.4151">
        <ele>2873.0</ele>
      </trkpt>
      <trkpt lat="37.84843" lon="-119.41495">
        <ele>2869.0</ele>
      </trkpt>
      <trkpt lat="37.84829" lon="-119.41485">
        <ele>2873.0</ele>
      </trkpt>
      <trkpt lat="37.84829" lon="-119.41485">
        <ele>2873.0</ele>
      </trkpt>
      <trkpt lat="37.84829" lon="-119.41485">
        <ele>2873.0</ele>
      </trkpt>
      <trkpt lat="37.84811" lon="-119.41492">
        <ele>2868.0</ele>
      </trkpt>
      <trkpt lat="37.84775" lon="-119.41466">
        <ele>2868.0</ele>
      </trkpt>
      <trkpt lat="37.84754" lon="-119.41458">
        <ele>2868.0</ele>
      </trkpt>
      <trkpt lat="37.84742" lon="-119.41464">
        <ele>2866.0</ele>
      </trkpt>
      <trkpt lat="37.84732" lon="-119.41475">
        <ele>2867.0</ele>
      </trkpt>
      <trkpt lat="37.84703" lon="-119.41477">
        <ele>2871.0</ele>
      </trkpt>
      <trkpt lat="37.84693" lon="-119.41492">
        <ele>2869.0</ele>
      </trkpt>
      <trkpt lat="37.84698" lon="-119.41511">
        <ele>2869.0</ele>
      </trkpt>
      <trkpt lat="37.84697" lon="-119.41523">
        <ele>2865.0</ele>
      </trkpt>
      <trkpt lat="37.84699" lon="-119.41537">
        <ele>2865.0</ele>
      </trkpt>
      <trkpt lat="37.84689" lon="-119.41546">
        <ele>2860.0</ele>
      </trkpt>
      <trkpt lat="37.8468850061721" lon="-119.415639777805">
        <ele>2860.0</ele>
      </trkpt>
      <trkpt lat="37.8468850061721" lon="-119.415639777805">
        <ele>2860.0</ele>
      </trkpt>
      <trkpt lat="37.84688" lon="-119.41582">
        <ele>2853.0</ele>
      </trkpt>
      <trkpt lat="37.84679" lon="-119.41602">
        <ele>2850.0</ele>
      </trkpt>
      <trkpt lat="37.84667" lon="-119.41612">
        <ele>2850.0</ele>
      </trkpt>
      <trkpt lat="37.8465683739826" lon="-119.416389010046">
        <ele>2848.0</ele>
      </trkpt>
      <trkpt lat="37.8465683739826" lon="-119.416389010046">
        <ele>2848.0</ele>
      </trkpt>
      <trkpt lat="37.8465" lon="-119.41657">
        <ele>2849.0</ele>
      </trkpt>
      <trkpt lat="37.84614" lon="-119.41721">
        <ele>2843.0</ele>
      </trkpt>
      <trkpt lat="37.84598" lon="-119.41758">
        <ele>2842.0</ele>
      </trkpt>
      <trkpt lat="37.8458" lon="-119.4178">
        <ele>2840.0</ele>
      </trkpt>
      <trkpt lat="37.84569" lon="-119.41813">
        <ele>2843.0</ele>
      </trkpt>
      <trkpt lat="37.84548" lon="-119.41905">
        <ele>2839.0</ele>
      </trkpt>
      <trkpt lat="37.84539" lon="-119.41927">
        <ele>2838.0</ele>
      </trkpt>
      <trkpt lat="37.84522" lon="-119.41934">
        <ele>2836.0</ele>
      </trkpt>
      <trkpt lat="37.84512" lon="-119.41963">
        <ele>2833.0</ele>
      </trkpt>
      <trkpt lat="37.8449" lon="-119.41991">
        <ele>2830.0</ele>
      </trkpt>
      <trkpt lat="37.84481" lon="-119.42011">
        <ele>2829.0</ele>
      </trkpt>
      <trkpt lat="37.84481" lon="-119.42011">
        <ele>2829.0</ele>
      </trkpt>
      <trkpt lat="37.84481" lon="-119.42011">
        <ele>2829.0</ele>
      </trkpt>
      <trkpt lat="37.84469" lon="-119.42081">
        <ele>2829.0</ele>
      </trkpt>
      <trkpt lat="37.84479" lon="-119.42139">
        <ele>2827.0</ele>
      </trkpt>
      <trkpt lat="37.84479" lon="-119.42139">
        <ele>2827.0</ele>
      </trkpt>
      <trkpt lat="37.8448399970785" lon="-119.421729996839">
        <ele>2828.0</ele>
      </trkpt>
      <trkpt lat="37.8448399970785" lon="-119.421729996839">
        <ele>2828.0</ele>
      </trkpt>
      <trkpt lat="37.84484" lon="-119.42173">
        <ele>2828.0</ele>
      </trkpt>
      <trkpt lat="37.84491" lon="-119.42191">
        <ele>2829.0</ele>
      </trkpt>
      <trkpt lat="37.8449630348481" lon="-119.421941616929">
        <ele>2829.0</ele>
      </trkpt>
      <trkpt lat="37.8449630348481" lon="-119.421941616929">
        <ele>2829.0</ele>
      </trkpt>
      <trkpt lat="37.84543" lon="-119.42222">
        <ele>2829.0</ele>
      </trkpt>
      <trkpt lat="37.84543" lon="-119.42222">
        <ele>2829.0</ele>
      </trkpt>
      <trkpt lat="37.84379" lon="-119.42214">
        <ele>2833.0</ele>
      </trkpt>
      <trkpt lat="37.84366" lon="-119.42217">
        <ele>2836.0</ele>
      </trkpt>
      <trkpt lat="37.84343" lon="-119.42229">
        <ele>2834.0</ele>
      </trkpt>
      <trkpt lat="37.84327" lon="-119.42251">
        <ele>2833.0</ele>
      </trkpt>
      <trkpt lat="37.8431930475306" lon="-119.422566431811">
        <ele>2836.0</ele>
      </trkpt>
      <trkpt lat="37.8431930475306" lon="-119.422566431811">
        <ele>2836.0</ele>
      </trkpt>
      <trkpt lat="37.84327" lon="-119.42251">
        <ele>2833.0</ele>
      </trkpt>
      <trkpt lat="37.84343" lon="-119.42229">
        <ele>2834.0</ele>
      </trkpt>
      <trkpt lat="37.84366" lon="-119.42217">
        <ele>2836.0</ele>
      </trkpt>
      <trkpt lat="37.84379" lon="-119.42214">
        <ele>2833.0</ele>
      </trkpt>
      <trkpt lat="37.84543" lon="-119.42222">
        <ele>2829.0</ele>
      </trkpt>
      <trkpt lat="37.84543" lon="-119.42222">
        <ele>2829.0</ele>
      </trkpt>
      <trkpt lat="37.84491" lon="-119.42191">
        <ele>2829.0</ele>
      </trkpt>
      <trkpt lat="37.84484" lon="-119.42173">
        <ele>2828.0</ele>
      </trkpt>
      <trkpt lat="37.8448399970785" lon="-119.421729996839">
        <ele>2828.0</ele>
      </trkpt>
      <trkpt lat="37.8448399970785" lon="-119.421729996839">
        <ele>2828.0</ele>
      </trkpt>
      <trkpt lat="37.84479" lon="-119.42139">
        <ele>2827.0</ele>
      </trkpt>
      <trkpt lat="37.84479" lon="-119.42139">
        <ele>2827.0</ele>
      </trkpt>
      <trkpt lat="37.84469" lon="-119.42081">
        <ele>2829.0</ele>
      </trkpt>
      <trkpt lat="37.8447239668764" lon="-119.420611859888">
        <ele>2829.0</ele>
      </trkpt>
      <trkpt lat="37.8447239668764" lon="-119.420611859888">
        <ele>2829.0</ele>
      </trkpt>
      <trkpt lat="37.84481" lon="-119.42011">
        <ele>2829.0</ele>
      </trkpt>
      <trkpt lat="37.84481" lon="-119.42011">
        <ele>2829.0</ele>
      </trkpt>
      <trkpt lat="37.84481" lon="-119.42011">
        <ele>2829.0</ele>
      </trkpt>
      <trkpt lat="37.8449" lon="-119.41991">
        <ele>2830.0</ele>
      </trkpt>
      <trkpt lat="37.84512" lon="-119.41963">
        <ele>2833.0</ele>
      </trkpt>
      <trkpt lat="37.84522" lon="-119.41934">
        <ele>2836.0</ele>
      </trkpt>
      <trkpt lat="37.84539" lon="-119.41927">
        <ele>2838.0</ele>
      </trkpt>
      <trkpt lat="37.84548" lon="-119.41905">
        <ele>2839.0</ele>
      </trkpt>
      <trkpt lat="37.84569" lon="-119.41813">
        <ele>2843.0</ele>
      </trkpt>
      <trkpt lat="37.8458" lon="-119.4178">
        <ele>2840.0</ele>
      </trkpt>
      <trkpt lat="37.84598" lon="-119.41758">
        <ele>2842.0</ele>
      </trkpt>
      <trkpt lat="37.84614" lon="-119.41721">
        <ele>2843.0</ele>
      </trkpt>
      <trkpt lat="37.8465" lon="-119.41657">
        <ele>2849.0</ele>
      </trkpt>
      <trkpt lat="37.8465683739826" lon="-119.416389010046">
        <ele>2848.0</ele>
      </trkpt>
      <trkpt lat="37.8465683739826" lon="-119.416389010046">
        <ele>2848.0</ele>
      </trkpt>
      <trkpt lat="37.84667" lon="-119.41612">
        <ele>2850.0</ele>
      </trkpt>
      <trkpt lat="37.84679" lon="-119.41602">
        <ele>2850.0</ele>
      </trkpt>
      <trkpt lat="37.84688" lon="-119.41582">
        <ele>2853.0</ele>
      </trkpt>
      <trkpt lat="37.8468850061721" lon="-119.415639777805">
        <ele>2860.0</ele>
      </trkpt>
      <trkpt lat="37.8468850061721" lon="-119.415639777805">
        <ele>2860.0</ele>
      </trkpt>
      <trkpt lat="37.84689" lon="-119.41546">
        <ele>2860.0</ele>
      </trkpt>
      <trkpt lat="37.84699" lon="-119.41537">
        <ele>2865.0</ele>
      </trkpt>
      <trkpt lat="37.84697" lon="-119.41523">
        <ele>2865.0</ele>
      </trkpt>
      <trkpt lat="37.84698" lon="-119.41511">
        <ele>2869.0</ele>
      </trkpt>
      <trkpt lat="37.84693" lon="-119.41492">
        <ele>2869.0</ele>
      </trkpt>
      <trkpt lat="37.84703" lon="-119.41477">
        <ele>2871.0</ele>
      </trkpt>
      <trkpt lat="37.84732" lon="-119.41475">
        <ele>2867.0</ele>
      </trkpt>
      <trkpt lat="37.84742" lon="-119.41464">
        <ele>2866.0</ele>
      </trkpt>
      <trkpt lat="37.84754" lon="-119.41458">
        <ele>2868.0</ele>
      </trkpt>
      <trkpt lat="37.84775" lon="-119.41466">
        <ele>2868.0</ele>
      </trkpt>
      <trkpt lat="37.84811" lon="-119.41492">
        <ele>2868.0</ele>
      </trkpt>
      <trkpt lat="37.84829" lon="-119.41485">
        <ele>2873.0</ele>
      </trkpt>
      <trkpt lat="37.84829" lon="-119.41485">
        <ele>2873.0</ele>
      </trkpt>
      <trkpt lat="37.84821" lon="-119.41473">
        <ele>2873.0</ele>
      </trkpt>
      <trkpt lat="37.84801" lon="-119.41453">
        <ele>2876.0</ele>
      </trkpt>
      <trkpt lat="37.8479710814337" lon="-119.41447879136">
        <ele>2876.0</ele>
      </trkpt>
      <trkpt lat="37.8479710814337" lon="-119.41447879136">
        <ele>2876.0</ele>
      </trkpt>
      <trkpt lat="37.84782" lon="-119.41428">
        <ele>2873.0</ele>
      </trkpt>
      <trkpt lat="37.84772" lon="-119.41426">
        <ele>2873.0</ele>
      </trkpt>
      <trkpt lat="37.84766" lon="-119.41417">
        <ele>2873.0</ele>
      </trkpt>
      <trkpt lat="37.84756" lon="-119.41384">
        <ele>2875.0</ele>
      </trkpt>
      <trkpt lat="37.84757" lon="-119.41371">
        <ele>2878.0</ele>
      </trkpt>
      <trkpt lat="37.8475" lon="-119.41359">
        <ele>2878.0</ele>
      </trkpt>
      <trkpt lat="37.84738" lon="-119.4135">
        <ele>2878.0</ele>
      </trkpt>
      <trkpt lat="37.84703" lon="-119.41348">
        <ele>2877.0</ele>
      </trkpt>
      <trkpt lat="37.84638" lon="-119.41319">
        <ele>2885.0</ele>
      </trkpt>
      <trkpt lat="37.84624" lon="-119.4131">
        <ele>2884.0</ele>
      </trkpt>
      <trkpt lat="37.84603" lon="-119.41303">
        <ele>2884.0</ele>
      </trkpt>
      <trkpt lat="37.84595" lon="-119.41296">
        <ele>2888.0</ele>
      </trkpt>
      <trkpt lat="37.84566" lon="-119.41292">
        <ele>2891.0</ele>
      </trkpt>
      <trkpt lat="37.8453" lon="-119.41304">
        <ele>2892.0</ele>
      </trkpt>
      <trkpt lat="37.84501" lon="-119.41321">
        <ele>2893.0</ele>
      </trkpt>
      <trkpt lat="37.84486" lon="-119.41322">
        <ele>2896.0</ele>
      </trkpt>
      <trkpt lat="37.8447" lon="-119.4133">
        <ele>2896.0</ele>
      </trkpt>
      <trkpt lat="37.84454" lon="-119.41346">
        <ele>2899.0</ele>
      </trkpt>
      <trkpt lat="37.8445" lon="-119.41348">
        <ele>2897.0</ele>
      </trkpt>
      <trkpt lat="37.84416" lon="-119.41348">
        <ele>2902.0</ele>
      </trkpt>
      <trkpt lat="37.84383" lon="-119.4137">
        <ele>2907.0</ele>
      </trkpt>
      <trkpt lat="37.84363" lon="-119.41374">
        <ele>2915.0</ele>
      </trkpt>
      <trkpt lat="37.8435" lon="-119.41373">
        <ele>2915.0</ele>
      </trkpt>
      <trkpt lat="37.84324" lon="-119.41389">
        <ele>2917.0</ele>
      </trkpt>
      <trkpt lat="37.8431" lon="-119.41386">
        <ele>2917.0</ele>
      </trkpt>
      <trkpt lat="37.84293" lon="-119.41386">
        <ele>2917.0</ele>
      </trkpt>
      <trkpt lat="37.84283" lon="-119.41376">
        <ele>2916.0</ele>
      </trkpt>
      <trkpt lat="37.84255" lon="-119.41368">
        <ele>2919.0</ele>
      </trkpt>
      <trkpt lat="37.84243" lon="-119.41361">
        <ele>2919.0</ele>
      </trkpt>
      <trkpt lat="37.84223" lon="-119.41358">
        <ele>2920.0</ele>
      </trkpt>
      <trkpt lat="37.84205" lon="-119.41348">
        <ele>2918.0</ele>
      </trkpt>
      <trkpt lat="37.84185" lon="-119.41347">
        <ele>2922.0</ele>
      </trkpt>
      <trkpt lat="37.84185" lon="-119.41347">
        <ele>2922.0</ele>
      </trkpt>
      <trkpt lat="37.84185" lon="-119.41347">
        <ele>2922.0</ele>
      </trkpt>
      <trkpt lat="37.84158" lon="-119.41342">
        <ele>2923.0</ele>
      </trkpt>
      <trkpt lat="37.84116" lon="-119.41324">
        <ele>2927.0</ele>
      </trkpt>
      <trkpt lat="37.8410517478573" lon="-119.413156729121">
        <ele>2929.0</ele>
      </trkpt>
      <trkpt lat="37.8410517478573" lon="-119.413156729121">
        <ele>2929.0</ele>
      </trkpt>
      <trkpt lat="37.84103" lon="-119.41314">
        <ele>2929.0</ele>
      </trkpt>
      <trkpt lat="37.8408683620177" lon="-119.412929494721">
        <ele>2928.0</ele>
      </trkpt>
      <trkpt lat="37.8408683620177" lon="-119.412929494721">
        <ele>2928.0</ele>
      </trkpt>
      <trkpt lat="37.8406" lon="-119.41258">
        <ele>2927.0</ele>
      </trkpt>
      <trkpt lat="37.8405" lon="-119.41223">
        <ele>2929.0</ele>
      </trkpt>
      <trkpt lat="37.84039" lon="-119.41203">
        <ele>2928.0</ele>
      </trkpt>
      <trkpt lat="37.84016" lon="-119.41191">
        <ele>2928.0</ele>
      </trkpt>
      <trkpt lat="37.84016" lon="-119.41191">
        <ele>2928.0</ele>
      </trkpt>
      <trkpt lat="37.84012" lon="-119.41189">
        <ele>2929.0</ele>
      </trkpt>
      <trkpt lat="37.83978" lon="-119.41193">
        <ele>2929.0</ele>
      </trkpt>
      <trkpt lat="37.8396112399655" lon="-119.411911755672">
        <ele>2929.0</ele>
      </trkpt>
      <trkpt lat="37.8396112399655" lon="-119.411911755672">
        <ele>2929.0</ele>
      </trkpt>
      <trkpt lat="37.83904" lon="-119.41185">
        <ele>2928.0</ele>
      </trkpt>
      <trkpt lat="37.83893" lon="-119.41193">
        <ele>2930.0</ele>
      </trkpt>
      <trkpt lat="37.83876" lon="-119.41213">
        <ele>2927.0</ele>
      </trkpt>
      <trkpt lat="37.8386" lon="-119.41218">
        <ele>2935.0</ele>
      </trkpt>
      <trkpt lat="37.83845" lon="-119.41226">
        <ele>2939.0</ele>
      </trkpt>
      <trkpt lat="37.83836" lon="-119.41245">
        <ele>2937.0</ele>
      </trkpt>
      <trkpt lat="37.83817" lon="-119.41263">
        <ele>2938.0</ele>
      </trkpt>
      <trkpt lat="37.83811" lon="-119.41279">
        <ele>2935.0</ele>
      </trkpt>
      <trkpt lat="37.83793" lon="-119.41295">
        <ele>2934.0</ele>
      </trkpt>
      <trkpt lat="37.83777" lon="-119.4132">
        <ele>2934.0</ele>
      </trkpt>
      <trkpt lat="37.83729" lon="-119.41342">
        <ele>2942.0</ele>
      </trkpt>
      <trkpt lat="37.8371298833304" lon="-119.413509665335">
        <ele>2938.0</ele>
      </trkpt>
      <trkpt lat="37.8371298833304" lon="-119.413509665335">
        <ele>2938.0</ele>
      </trkpt>
      <trkpt lat="37.83704" lon="-119.41356">
        <ele>2940.0</ele>
      </trkpt>
      <trkpt lat="37.83661" lon="-119.41369">
        <ele>2942.0</ele>
      </trkpt>
      <trkpt lat="37.83641" lon="-119.41385">
        <ele>2942.0</ele>
      </trkpt>
      <trkpt lat="37.836321222721" lon="-119.41399123658">
        <ele>2942.0</ele>
      </trkpt>
      <trkpt lat="37.836321222721" lon="-119.41399123658">
        <ele>2942.0</ele>
      </trkpt>
      <trkpt lat="37.83619" lon="-119.4142">
        <ele>2947.0</ele>
      </trkpt>
      <trkpt lat="37.83615" lon="-119.41433">
        <ele>2950.0</ele>
      </trkpt>
      <trkpt lat="37.83603" lon="-119.41455">
        <ele>2950.0</ele>
      </trkpt>
      <trkpt lat="37.83575" lon="-119.41487">
        <ele>2953.0</ele>
      </trkpt>
      <trkpt lat="37.83561" lon="-119.41489">
        <ele>2955.0</ele>
      </trkpt>
      <trkpt lat="37.83524" lon="-119.41515">
        <ele>2957.0</ele>
      </trkpt>
      <trkpt lat="37.8350654572458" lon="-119.415255870195">
        <ele>2956.0</ele>
      </trkpt>
      <trkpt lat="37.8350654573419" lon="-119.415255870137">
        <ele>2956.0</ele>
      </trkpt>
      <trkpt lat="37.83463" lon="-119.41552">
        <ele>2956.0</ele>
      </trkpt>
      <trkpt lat="37.83402" lon="-119.41577">
        <ele>2956.0</ele>
      </trkpt>
      <trkpt lat="37.83364" lon="-119.41588">
        <ele>2956.0</ele>
      </trkpt>
      <trkpt lat="37.83329" lon="-119.41608">
        <ele>2957.0</ele>
      </trkpt>
      <trkpt lat="37.83312" lon="-119.4162">
        <ele>2955.0</ele>
      </trkpt>
      <trkpt lat="37.83299" lon="-119.41618">
        <ele>2955.0</ele>
      </trkpt>
      <trkpt lat="37.8327" lon="-119.41633">
        <ele>2957.0</ele>
      </trkpt>
      <trkpt lat="37.83242" lon="-119.41638">
        <ele>2960.0</ele>
      </trkpt>
      <trkpt lat="37.83161" lon="-119.41677">
        <ele>2963.0</ele>
      </trkpt>
      <trkpt lat="37.83132" lon="-119.41683">
        <ele>2968.0</ele>
      </trkpt>
      <trkpt lat="37.8310191385657" lon="-119.416953568089">
        <ele>2967.0</ele>
      </trkpt>
      <trkpt lat="37.8310191385657" lon="-119.416953568089">
        <ele>2967.0</ele>
      </trkpt>
      <trkpt lat="37.8302" lon="-119.41729">
        <ele>2961.0</ele>
      </trkpt>
      <trkpt lat="37.82919" lon="-119.41751">
        <ele>2969.0</ele>
      </trkpt>
      <trkpt lat="37.82764" lon="-119.41758">
        <ele>2984.0</ele>
      </trkpt>
      <trkpt lat="37.82749" lon="-119.41752">
        <ele>2990.0</ele>
      </trkpt>
      <trkpt lat="37.82693" lon="-119.41753">
        <ele>2997.0</ele>
      </trkpt>
      <trkpt lat="37.82671" lon="-119.4175">
        <ele>2999.0</ele>
      </trkpt>
      <trkpt lat="37.82629" lon="-119.41725">
        <ele>2995.0</ele>
      </trkpt>
      <trkpt lat="37.8255" lon="-119.41719">
        <ele>3008.0</ele>
      </trkpt>
      <trkpt lat="37.8253" lon="-119.41712">
        <ele>3012.0</ele>
      </trkpt>
      <trkpt lat="37.82448" lon="-119.41714">
        <ele>3020.0</ele>
      </trkpt>
      <trkpt lat="37.82402" lon="-119.41726">
        <ele>3028.0</ele>
      </trkpt>
      <trkpt lat="37.82336" lon="-119.4173">
        <ele>3028.0</ele>
      </trkpt>
      <trkpt lat="37.8228" lon="-119.41765">
        <ele>3027.0</ele>
      </trkpt>
      <trkpt lat="37.8228" lon="-119.41765">
        <ele>3027.0</ele>
      </trkpt>
      <trkpt lat="37.82256" lon="-119.41778">
        <ele>3025.0</ele>
      </trkpt>
      <trkpt lat="37.8224" lon="-119.41782">
        <ele>3025.0</ele>
      </trkpt>
      <trkpt lat="37.82197" lon="-119.41808">
        <ele>3018.0</ele>
      </trkpt>
      <trkpt lat="37.82151" lon="-119.41844">
        <ele>3008.0</ele>
      </trkpt>
      <trkpt lat="37.8213" lon="-119.41873">
        <ele>3011.0</ele>
      </trkpt>
      <trkpt lat="37.82082" lon="-119.41917">
        <ele>3006.0</ele>
      </trkpt>
      <trkpt lat="37.82061" lon="-119.41932">
        <ele>3006.0</ele>
      </trkpt>
      <trkpt lat="37.81994" lon="-119.41961">
        <ele>3005.0</ele>
      </trkpt>
      <trkpt lat="37.81931" lon="-119.42003">
        <ele>2996.0</ele>
      </trkpt>
      <trkpt lat="37.81921" lon="-119.42012">
        <ele>2995.0</ele>
      </trkpt>
      <trkpt lat="37.81909" lon="-119.42031">
        <ele>3000.0</ele>
      </trkpt>
      <trkpt lat="37.81869" lon="-119.4206">
        <ele>2990.0</ele>
      </trkpt>
      <trkpt lat="37.81824" lon="-119.42086">
        <ele>2989.0</ele>
      </trkpt>
      <trkpt lat="37.81793" lon="-119.42109">
        <ele>2991.0</ele>
      </trkpt>
      <trkpt lat="37.81768" lon="-119.42121">
        <ele>2979.0</ele>
      </trkpt>
      <trkpt lat="37.81753" lon="-119.42139">
        <ele>2980.0</ele>
      </trkpt>
      <trkpt lat="37.81753" lon="-119.42139">
        <ele>2980.0</ele>
      </trkpt>
      <trkpt lat="37.81702" lon="-119.42196">
        <ele>2991.0</ele>
      </trkpt>
      <trkpt lat="37.81688" lon="-119.42223">
        <ele>2994.0</ele>
      </trkpt>
      <trkpt lat="37.81673" lon="-119.42245">
        <ele>2991.0</ele>
      </trkpt>
      <trkpt lat="37.81663" lon="-119.42279">
        <ele>2988.0</ele>
      </trkpt>
      <trkpt lat="37.81648" lon="-119.42289">
        <ele>2980.0</ele>
      </trkpt>
      <trkpt lat="37.81646" lon="-119.423">
        <ele>2978.0</ele>
      </trkpt>
      <trkpt lat="37.81648" lon="-119.42314">
        <ele>2978.0</ele>
      </trkpt>
      <trkpt lat="37.8164" lon="-119.42322">
        <ele>2976.0</ele>
      </trkpt>
      <trkpt lat="37.81613" lon="-119.42322">
        <ele>2969.0</ele>
      </trkpt>
      <trkpt lat="37.81608" lon="-119.42329">
        <ele>2969.0</ele>
      </trkpt>
      <trkpt lat="37.81613" lon="-119.42341">
        <ele>2969.0</ele>
      </trkpt>
      <trkpt lat="37.81638" lon="-119.42374">
        <ele>2970.0</ele>
      </trkpt>
      <trkpt lat="37.81646" lon="-119.42404">
        <ele>2958.0</ele>
      </trkpt>
      <trkpt lat="37.81644" lon="-119.42425">
        <ele>2958.0</ele>
      </trkpt>
      <trkpt lat="37.81634" lon="-119.42451">
        <ele>2953.0</ele>
      </trkpt>
      <trkpt lat="37.81618" lon="-119.42464">
        <ele>2946.0</ele>
      </trkpt>
      <trkpt lat="37.81586" lon="-119.42483">
        <ele>2942.0</ele>
      </trkpt>
      <trkpt lat="37.81565" lon="-119.42491">
        <ele>2938.0</ele>
      </trkpt>
      <trkpt lat="37.81509" lon="-119.42558">
        <ele>2926.0</ele>
      </trkpt>
      <trkpt lat="37.81457" lon="-119.42607">
        <ele>2921.0</ele>
      </trkpt>
      <trkpt lat="37.81434" lon="-119.42609">
        <ele>2921.0</ele>
      </trkpt>
      <trkpt lat="37.81412" lon="-119.42635">
        <ele>2919.0</ele>
      </trkpt>
      <trkpt lat="37.81393" lon="-119.42645">
        <ele>2916.0</ele>
      </trkpt>
      <trkpt lat="37.81385" lon="-119.42656">
        <ele>2915.0</ele>
      </trkpt>
      <trkpt lat="37.81364" lon="-119.42669">
        <ele>2913.0</ele>
      </trkpt>
      <trkpt lat="37.81354" lon="-119.42693">
        <ele>2909.0</ele>
      </trkpt>
      <trkpt lat="37.81352" lon="-119.42708">
        <ele>2909.0</ele>
      </trkpt>
      <trkpt lat="37.81347" lon="-119.4272">
        <ele>2908.0</ele>
      </trkpt>
      <trkpt lat="37.81342" lon="-119.42759">
        <ele>2905.0</ele>
      </trkpt>
      <trkpt lat="37.81268" lon="-119.4287">
        <ele>2900.0</ele>
      </trkpt>
      <trkpt lat="37.81258" lon="-119.42876">
        <ele>2902.0</ele>
      </trkpt>
      <trkpt lat="37.81248" lon="-119.42878">
        <ele>2902.0</ele>
      </trkpt>
      <trkpt lat="37.81221" lon="-119.42889">
        <ele>2902.0</ele>
      </trkpt>
      <trkpt lat="37.81198" lon="-119.42902">
        <ele>2903.0</ele>
      </trkpt>
      <trkpt lat="37.811048329827" lon="-119.429422884399">
        <ele>2898.0</ele>
      </trkpt>
      <trkpt lat="37.811048329827" lon="-119.429422884399">
        <ele>2898.0</ele>
      </trkpt>
      <trkpt lat="37.81087" lon="-119.4295">
        <ele>2896.0</ele>
      </trkpt>
      <trkpt lat="37.81048" lon="-119.42957">
        <ele>2891.0</ele>
      </trkpt>
      <trkpt lat="37.81027" lon="-119.42955">
        <ele>2888.0</ele>
      </trkpt>
      <trkpt lat="37.80994" lon="-119.42971">
        <ele>2884.0</ele>
      </trkpt>
      <trkpt lat="37.80948" lon="-119.42984">
        <ele>2880.0</ele>
      </trkpt>
      <trkpt lat="37.80915" lon="-119.42983">
        <ele>2877.0</ele>
      </trkpt>
      <trkpt lat="37.80869" lon="-119.42967">
        <ele>2873.0</ele>
      </trkpt>
      <trkpt lat="37.80853" lon="-119.42968">
        <ele>2873.0</ele>
      </trkpt>
      <trkpt lat="37.80833" lon="-119.42975">
        <ele>2872.0</ele>
      </trkpt>
      <trkpt lat="37.80713" lon="-119.42974">
        <ele>2861.0</ele>
      </trkpt>
      <trkpt lat="37.80685" lon="-119.42985">
        <ele>2858.0</ele>
      </trkpt>
      <trkpt lat="37.80544" lon="-119.42991">
        <ele>2850.0</ele>
      </trkpt>
      <trkpt lat="37.80544" lon="-119.42991">
        <ele>2850.0</ele>
      </trkpt>
      <trkpt lat="37.80504" lon="-119.42993">
        <ele>2847.0</ele>
      </trkpt>
      <trkpt lat="37.80486" lon="-119.43006">
        <ele>2845.0</ele>
      </trkpt>
      <trkpt lat="37.8030499641587" lon="-119.430209281307">
        <ele>2837.0</ele>
      </trkpt>
      <trkpt lat="37.8030499641587" lon="-119.430209281307">
        <ele>2837.0</ele>
      </trkpt>
      <trkpt lat="37.80292" lon="-119.43022">
        <ele>2837.0</ele>
      </trkpt>
      <trkpt lat="37.80281" lon="-119.43027">
        <ele>2837.0</ele>
      </trkpt>
      <trkpt lat="37.80242" lon="-119.43032">
        <ele>2838.0</ele>
      </trkpt>
      <trkpt lat="37.80223" lon="-119.43041">
        <ele>2838.0</ele>
      </trkpt>
      <trkpt lat="37.80198" lon="-119.43043">
        <ele>2838.0</ele>
      </trkpt>
      <trkpt lat="37.80167" lon="-119.43034">
        <ele>2836.0</ele>
      </trkpt>
      <trkpt lat="37.80124" lon="-119.4303">
        <ele>2835.0</ele>
      </trkpt>
      <trkpt lat="37.80102" lon="-119.43024">
        <ele>2835.0</ele>
      </trkpt>
      <trkpt lat="37.8006142961289" lon="-119.43020754369">
        <ele>2840.0</ele>
      </trkpt>
      <trkpt lat="37.80027" lon="-119.43018">
        <ele>2842.0</ele>
      </trkpt>
      <trkpt lat="37.79948" lon="-119.42984">
        <ele>2837.0</ele>
      </trkpt>
      <trkpt lat="37.79917" lon="-119.42977">
        <ele>2838.0</ele>
      </trkpt>
      <trkpt lat="37.79901" lon="-119.42967">
        <ele>2838.0</ele>
      </trkpt>
      <trkpt lat="37.79873" lon="-119.42939">
        <ele>2839.0</ele>
      </trkpt>
      <trkpt lat="37.79843" lon="-119.42919">
        <ele>2837.0</ele>
      </trkpt>
      <trkpt lat="37.79813" lon="-119.42909">
        <ele>2839.0</ele>
      </trkpt>
      <trkpt lat="37.79768" lon="-119.42911">
        <ele>2841.0</ele>
      </trkpt>
      <trkpt lat="37.79719" lon="-119.42903">
        <ele>2844.0</ele>
      </trkpt>
      <trkpt lat="37.79698" lon="-119.42887">
        <ele>2839.0</ele>
      </trkpt>
      <trkpt lat="37.79666" lon="-119.4288">
        <ele>2840.0</ele>
      </trkpt>
      <trkpt lat="37.79618" lon="-119.42898">
        <ele>2840.0</ele>
      </trkpt>
      <trkpt lat="37.79586" lon="-119.42913">
        <ele>2840.0</ele>
      </trkpt>
      <trkpt lat="37.79573" lon="-119.42929">
        <ele>2840.0</ele>
      </trkpt>
      <trkpt lat="37.79547" lon="-119.42986">
        <ele>2836.0</ele>
      </trkpt>
      <trkpt lat="37.7954" lon="-119.43015">
        <ele>2835.0</ele>
      </trkpt>
      <trkpt lat="37.7953558788652" lon="-119.430278352392">
        <ele>2835.0</ele>
      </trkpt>
      <trkpt lat="37.7953558788652" lon="-119.430278352392">
        <ele>2835.0</ele>
      </trkpt>
      <trkpt lat="37.79529" lon="-119.43047">
        <ele>2835.0</ele>
      </trkpt>
      <trkpt lat="37.79513" lon="-119.43119">
        <ele>2835.0</ele>
      </trkpt>
      <trkpt lat="37.79505" lon="-119.43139">
        <ele>2834.0</ele>
      </trkpt>
      <trkpt lat="37.79486" lon="-119.43176">
        <ele>2837.0</ele>
      </trkpt>
      <trkpt lat="37.7947547580744" lon="-119.43235317543">
        <ele>2835.0</ele>
      </trkpt>
      <trkpt lat="37.79475" lon="-119.43235">
        <ele>2835.0</ele>
      </trkpt>
      <trkpt lat="37.79493" lon="-119.43247">
        <ele>2839.0</ele>
      </trkpt>
      <trkpt lat="37.79497" lon="-119.43254">
        <ele>2839.0</ele>
      </trkpt>
      <trkpt lat="37.79514" lon="-119.43257">
        <ele>2841.0</ele>
      </trkpt>
      <trkpt lat="37.79522" lon="-119.43256">
        <ele>2841.0</ele>
      </trkpt>
      <trkpt lat="37.79524" lon="-119.43261">
        <ele>2841.0</ele>
      </trkpt>
      <trkpt lat="37.79531" lon="-119.43266">
        <ele>2842.0</ele>
      </trkpt>
      <trkpt lat="37.7953" lon="-119.43272">
        <ele>2842.0</ele>
      </trkpt>
      <trkpt lat="37.79525" lon="-119.43281">
        <ele>2842.0</ele>
      </trkpt>
      <trkpt lat="37.79525" lon="-119.43281">
        <ele>2842.0</ele>
      </trkpt>
      <trkpt lat="37.79525" lon="-119.43281">
        <ele>2842.0</ele>
      </trkpt>
      <trkpt lat="37.79518" lon="-119.43291">
        <ele>2842.0</ele>
      </trkpt>
      <trkpt lat="37.79512" lon="-119.43306">
        <ele>2843.0</ele>
      </trkpt>
      <trkpt lat="37.79491" lon="-119.43337">
        <ele>2846.0</ele>
      </trkpt>
      <trkpt lat="37.7948" lon="-119.43339">
        <ele>2843.0</ele>
      </trkpt>
      <trkpt lat="37.7946" lon="-119.43336">
        <ele>2843.0</ele>
      </trkpt>
      <trkpt lat="37.79446" lon="-119.43348">
        <ele>2848.0</ele>
      </trkpt>
      <trkpt lat="37.79437" lon="-119.4335">
        <ele>2848.0</ele>
      </trkpt>
      <trkpt lat="37.79434" lon="-119.43355">
        <ele>2848.0</ele>
      </trkpt>
      <trkpt lat="37.79419" lon="-119.43393">
        <ele>2853.0</ele>
      </trkpt>
      <trkpt lat="37.79419" lon="-119.43393">
        <ele>2853.0</ele>
      </trkpt>
      <trkpt lat="37.79433" lon="-119.43436">
        <ele>2860.0</ele>
      </trkpt>
      <trkpt lat="37.79433" lon="-119.43436">
        <ele>2860.0</ele>
      </trkpt>
      <trkpt lat="37.79443" lon="-119.43432">
        <ele>2860.0</ele>
      </trkpt>
      <trkpt lat="37.79456" lon="-119.43436">
        <ele>2860.0</ele>
      </trkpt>
      <trkpt lat="37.79461" lon="-119.43444">
        <ele>2860.0</ele>
      </trkpt>
      <trkpt lat="37.79462" lon="-119.43458">
        <ele>2860.0</ele>
      </trkpt>
      <trkpt lat="37.79493" lon="-119.43487">
        <ele>2872.0</ele>
      </trkpt>
      <trkpt lat="37.79495" lon="-119.43496">
        <ele>2872.0</ele>
      </trkpt>
      <trkpt lat="37.79471" lon="-119.43499">
        <ele>2869.0</ele>
      </trkpt>
      <trkpt lat="37.7947" lon="-119.43507">
        <ele>2869.0</ele>
      </trkpt>
      <trkpt lat="37.79483" lon="-119.43521">
        <ele>2875.0</ele>
      </trkpt>
      <trkpt lat="37.79483" lon="-119.43527">
        <ele>2875.0</ele>
      </trkpt>
      <trkpt lat="37.79473" lon="-119.43522">
        <ele>2875.0</ele>
      </trkpt>
      <trkpt lat="37.7947" lon="-119.43524">
        <ele>2875.0</ele>
      </trkpt>
      <trkpt lat="37.79474" lon="-119.43537">
        <ele>2875.0</ele>
      </trkpt>
      <trkpt lat="37.79471" lon="-119.4354">
        <ele>2875.0</ele>
      </trkpt>
      <trkpt lat="37.79446" lon="-119.43537">
        <ele>2877.0</ele>
      </trkpt>
      <trkpt lat="37.79413" lon="-119.43552">
        <ele>2885.0</ele>
      </trkpt>
      <trkpt lat="37.79398" lon="-119.43588">
        <ele>2890.0</ele>
      </trkpt>
      <trkpt lat="37.79404" lon="-119.43609">
        <ele>2898.0</ele>
      </trkpt>
      <trkpt lat="37.79402" lon="-119.43623">
        <ele>2896.0</ele>
      </trkpt>
      <trkpt lat="37.79397" lon="-119.43636">
        <ele>2900.0</ele>
      </trkpt>
      <trkpt lat="37.79386" lon="-119.4365">
        <ele>2900.0</ele>
      </trkpt>
      <trkpt lat="37.79369" lon="-119.43649">
        <ele>2901.0</ele>
      </trkpt>
      <trkpt lat="37.79353" lon="-119.4367">
        <ele>2907.0</ele>
      </trkpt>
      <trkpt lat="37.79312" lon="-119.43706">
        <ele>2908.0</ele>
      </trkpt>
      <trkpt lat="37.79311" lon="-119.4374">
        <ele>2911.0</ele>
      </trkpt>
      <trkpt lat="37.79308" lon="-119.43759">
        <ele>2911.0</ele>
      </trkpt>
      <trkpt lat="37.79314" lon="-119.43781">
        <ele>2912.0</ele>
      </trkpt>
      <trkpt lat="37.79312" lon="-119.43803">
        <ele>2914.0</ele>
      </trkpt>
      <trkpt lat="37.79324" lon="-119.43837">
        <ele>2922.0</ele>
      </trkpt>
      <trkpt lat="37.7936" lon="-119.43891">
        <ele>2929.0</ele>
      </trkpt>
      <trkpt lat="37.79379" lon="-119.43897">
        <ele>2934.0</ele>
      </trkpt>
      <trkpt lat="37.7939" lon="-119.43904">
        <ele>2932.0</ele>
      </trkpt>
      <trkpt lat="37.794" lon="-119.43906">
        <ele>2932.0</ele>
      </trkpt>
      <trkpt lat="37.79412" lon="-119.43914">
        <ele>2938.0</ele>
      </trkpt>
      <trkpt lat="37.79455" lon="-119.43918">
        <ele>2942.0</ele>
      </trkpt>
      <trkpt lat="37.79466" lon="-119.43924">
        <ele>2948.0</ele>
      </trkpt>
      <trkpt lat="37.79486" lon="-119.43925">
        <ele>2948.0</ele>
      </trkpt>
      <trkpt lat="37.79494" lon="-119.43929">
        <ele>2953.0</ele>
      </trkpt>
      <trkpt lat="37.79506" lon="-119.43927">
        <ele>2953.0</ele>
      </trkpt>
      <trkpt lat="37.79514" lon="-119.4393">
        <ele>2958.0</ele>
      </trkpt>
      <trkpt lat="37.79531" lon="-119.43946">
        <ele>2955.0</ele>
      </trkpt>
      <trkpt lat="37.79611" lon="-119.43984">
        <ele>2956.0</ele>
      </trkpt>
      <trkpt lat="37.79647" lon="-119.43988">
        <ele>2954.0</ele>
      </trkpt>
      <trkpt lat="37.79744" lon="-119.44015">
        <ele>2966.0</ele>
      </trkpt>
      <trkpt lat="37.79755" lon="-119.44024">
        <ele>2966.0</ele>
      </trkpt>
      <trkpt lat="37.79787" lon="-119.44036">
        <ele>2971.0</ele>
      </trkpt>
      <trkpt lat="37.7986" lon="-119.44057">
        <ele>2980.0</ele>
      </trkpt>
      <trkpt lat="37.79903" lon="-119.44048">
        <ele>2980.0</ele>
      </trkpt>
      <trkpt lat="37.79943" lon="-119.44047">
        <ele>2974.0</ele>
      </trkpt>
      <trkpt lat="37.79969" lon="-119.44039">
        <ele>2974.0</ele>
      </trkpt>
      <trkpt lat="37.79989" lon="-119.44038">
        <ele>2972.0</ele>
      </trkpt>
      <trkpt lat="37.8002" lon="-119.44041">
        <ele>2971.0</ele>
      </trkpt>
      <trkpt lat="37.80034" lon="-119.44046">
        <ele>2969.0</ele>
      </trkpt>
      <trkpt lat="37.80049" lon="-119.44055">
        <ele>2965.0</ele>
      </trkpt>
      <trkpt lat="37.80076" lon="-119.44058">
        <ele>2957.0</ele>
      </trkpt>
      <trkpt lat="37.80085" lon="-119.4405">
        <ele>2957.0</ele>
      </trkpt>
      <trkpt lat="37.80133" lon="-119.44048">
        <ele>2946.0</ele>
      </trkpt>
      <trkpt lat="37.80147" lon="-119.44033">
        <ele>2953.0</ele>
      </trkpt>
      <trkpt lat="37.80155" lon="-119.44031">
        <ele>2947.0</ele>
      </trkpt>
      <trkpt lat="37.80171" lon="-119.44046">
        <ele>2942.0</ele>
      </trkpt>
      <trkpt lat="37.80184" lon="-119.44053">
        <ele>2938.0</ele>
      </trkpt>
      <trkpt lat="37.80208" lon="-119.44087">
        <ele>2935.0</ele>
      </trkpt>
      <trkpt lat="37.80252" lon="-119.44116">
        <ele>2928.0</ele>
      </trkpt>
      <trkpt lat="37.80267" lon="-119.44133">
        <ele>2928.0</ele>
      </trkpt>
      <trkpt lat="37.80272" lon="-119.4415">
        <ele>2928.0</ele>
      </trkpt>
      <trkpt lat="37.80271" lon="-119.44162">
        <ele>2925.0</ele>
      </trkpt>
      <trkpt lat="37.80278" lon="-119.44174">
        <ele>2925.0</ele>
      </trkpt>
      <trkpt lat="37.8028" lon="-119.44193">
        <ele>2924.0</ele>
      </trkpt>
      <trkpt lat="37.80286" lon="-119.44205">
        <ele>2924.0</ele>
      </trkpt>
      <trkpt lat="37.80279" lon="-119.44226">
        <ele>2919.0</ele>
      </trkpt>
      <trkpt lat="37.80293" lon="-119.44246">
        <ele>2911.0</ele>
      </trkpt>
      <trkpt lat="37.80318" lon="-119.44272">
        <ele>2909.0</ele>
      </trkpt>
      <trkpt lat="37.80323" lon="-119.44288">
        <ele>2909.0</ele>
      </trkpt>
      <trkpt lat="37.8032256847478" lon="-119.442946886409">
        <ele>2907.0</ele>
      </trkpt>
      <trkpt lat="37.8032256847478" lon="-119.442946886409">
        <ele>2907.0</ele>
      </trkpt>
      <trkpt lat="37.80321" lon="-119.44319">
        <ele>2907.0</ele>
      </trkpt>
      <trkpt lat="37.80326" lon="-119.4433">
        <ele>2906.0</ele>
      </trkpt>
      <trkpt lat="37.80324" lon="-119.44336">
        <ele>2906.0</ele>
      </trkpt>
      <trkpt lat="37.80324" lon="-119.44336">
        <ele>2906.0</ele>
      </trkpt>
      <trkpt lat="37.80321" lon="-119.44345">
        <ele>2906.0</ele>
      </trkpt>
      <trkpt lat="37.80315" lon="-119.44349">
        <ele>2906.0</ele>
      </trkpt>
      <trkpt lat="37.80307" lon="-119.44358">
        <ele>2906.0</ele>
      </trkpt>
      <trkpt lat="37.80322" lon="-119.44368">
        <ele>2905.0</ele>
      </trkpt>
      <trkpt lat="37.80333" lon="-119.44367">
        <ele>2905.0</ele>
      </trkpt>
      <trkpt lat="37.80342" lon="-119.44362">
        <ele>2905.0</ele>
      </trkpt>
      <trkpt lat="37.80375" lon="-119.44363">
        <ele>2901.0</ele>
      </trkpt>
      <trkpt lat="37.80406" lon="-119.44373">
        <ele>2890.0</ele>
      </trkpt>
      <trkpt lat="37.80432" lon="-119.44376">
        <ele>2886.0</ele>
      </trkpt>
      <trkpt lat="37.80444" lon="-119.44386">
        <ele>2886.0</ele>
      </trkpt>
      <trkpt lat="37.80462" lon="-119.44391">
        <ele>2881.0</ele>
      </trkpt>
      <trkpt lat="37.80483" lon="-119.44402">
        <ele>2881.0</ele>
      </trkpt>
      <trkpt lat="37.80516" lon="-119.44404">
        <ele>2878.0</ele>
      </trkpt>
      <trkpt lat="37.80544" lon="-119.44425">
        <ele>2877.0</ele>
      </trkpt>
      <trkpt lat="37.80544" lon="-119.44425">
        <ele>2877.0</ele>
      </trkpt>
      <trkpt lat="37.80555" lon="-119.44432">
        <ele>2877.0</ele>
      </trkpt>
      <trkpt lat="37.80569" lon="-119.44447">
        <ele>2877.0</ele>
      </trkpt>
      <trkpt lat="37.80576" lon="-119.4446">
        <ele>2877.0</ele>
      </trkpt>
      <trkpt lat="37.80591" lon="-119.44467">
        <ele>2877.0</ele>
      </trkpt>
      <trkpt lat="37.80616" lon="-119.44489">
        <ele>2877.0</ele>
      </trkpt>
      <trkpt lat="37.80624" lon="-119.44505">
        <ele>2877.0</ele>
      </trkpt>
      <trkpt lat="37.80644" lon="-119.44519">
        <ele>2876.0</ele>
      </trkpt>
      <trkpt lat="37.8065" lon="-119.4454">
        <ele>2876.0</ele>
      </trkpt>
      <trkpt lat="37.8066" lon="-119.44559">
        <ele>2874.0</ele>
      </trkpt>
      <trkpt lat="37.80664" lon="-119.44571">
        <ele>2874.0</ele>
      </trkpt>
      <trkpt lat="37.80664" lon="-119.44595">
        <ele>2874.0</ele>
      </trkpt>
      <trkpt lat="37.80655" lon="-119.44608">
        <ele>2875.0</ele>
      </trkpt>
      <trkpt lat="37.80657" lon="-119.44641">
        <ele>2873.0</ele>
      </trkpt>
      <trkpt lat="37.80683" lon="-119.44658">
        <ele>2865.0</ele>
      </trkpt>
      <trkpt lat="37.80691" lon="-119.44661">
        <ele>2865.0</ele>
      </trkpt>
      <trkpt lat="37.80698" lon="-119.44671">
        <ele>2865.0</ele>
      </trkpt>
      <trkpt lat="37.80696" lon="-119.44684">
        <ele>2862.0</ele>
      </trkpt>
      <trkpt lat="37.80699" lon="-119.44713">
        <ele>2859.0</ele>
      </trkpt>
      <trkpt lat="37.80698" lon="-119.4474">
        <ele>2857.0</ele>
      </trkpt>
      <trkpt lat="37.80688" lon="-119.44763">
        <ele>2857.0</ele>
      </trkpt>
      <trkpt lat="37.80693" lon="-119.44774">
        <ele>2854.0</ele>
      </trkpt>
      <trkpt lat="37.80685" lon="-119.44839">
        <ele>2846.0</ele>
      </trkpt>
      <trkpt lat="37.80682" lon="-119.4489">
        <ele>2836.0</ele>
      </trkpt>
      <trkpt lat="37.80678" lon="-119.44898">
        <ele>2836.0</ele>
      </trkpt>
      <trkpt lat="37.80676" lon="-119.44913">
        <ele>2833.0</ele>
      </trkpt>
      <trkpt lat="37.80669" lon="-119.44921">
        <ele>2833.0</ele>
      </trkpt>
      <trkpt lat="37.80665" lon="-119.44987">
        <ele>2826.0</ele>
      </trkpt>
      <trkpt lat="37.80649" lon="-119.45008">
        <ele>2825.0</ele>
      </trkpt>
      <trkpt lat="37.8064" lon="-119.45011">
        <ele>2825.0</ele>
      </trkpt>
      <trkpt lat="37.80625" lon="-119.45033">
        <ele>2821.0</ele>
      </trkpt>
      <trkpt lat="37.80625" lon="-119.45039">
        <ele>2821.0</ele>
      </trkpt>
      <trkpt lat="37.80618" lon="-119.45051">
        <ele>2819.0</ele>
      </trkpt>
      <trkpt lat="37.8062" lon="-119.45059">
        <ele>2819.0</ele>
      </trkpt>
      <trkpt lat="37.80617" lon="-119.45084">
        <ele>2819.0</ele>
      </trkpt>
      <trkpt lat="37.80611" lon="-119.45088">
        <ele>2819.0</ele>
      </trkpt>
      <trkpt lat="37.8059511733979" lon="-119.450836683654">
        <ele>2815.0</ele>
      </trkpt>
      <trkpt lat="37.8059511733979" lon="-119.450836683654">
        <ele>2815.0</ele>
      </trkpt>
      <trkpt lat="37.80589" lon="-119.45082">
        <ele>2815.0</ele>
      </trkpt>
      <trkpt lat="37.80584" lon="-119.45088">
        <ele>2815.0</ele>
      </trkpt>
      <trkpt lat="37.80576" lon="-119.45105">
        <ele>2812.0</ele>
      </trkpt>
      <trkpt lat="37.80576" lon="-119.45116">
        <ele>2812.0</ele>
      </trkpt>
      <trkpt lat="37.8057" lon="-119.45143">
        <ele>2810.0</ele>
      </trkpt>
      <trkpt lat="37.8055" lon="-119.45154">
        <ele>2804.0</ele>
      </trkpt>
      <trkpt lat="37.80544" lon="-119.45161">
        <ele>2804.0</ele>
      </trkpt>
      <trkpt lat="37.80544" lon="-119.45161">
        <ele>2804.0</ele>
      </trkpt>
      <trkpt lat="37.80532" lon="-119.45176">
        <ele>2797.0</ele>
      </trkpt>
      <trkpt lat="37.80522" lon="-119.45198">
        <ele>2796.0</ele>
      </trkpt>
      <trkpt lat="37.80505" lon="-119.45255">
        <ele>2792.0</ele>
      </trkpt>
      <trkpt lat="37.80504" lon="-119.45266">
        <ele>2793.0</ele>
      </trkpt>
      <trkpt lat="37.80485" lon="-119.45324">
        <ele>2791.0</ele>
      </trkpt>
      <trkpt lat="37.80471" lon="-119.4533">
        <ele>2791.0</ele>
      </trkpt>
      <trkpt lat="37.80439" lon="-119.45357">
        <ele>2795.0</ele>
      </trkpt>
      <trkpt lat="37.80421" lon="-119.45356">
        <ele>2799.0</ele>
      </trkpt>
      <trkpt lat="37.80412" lon="-119.4537">
        <ele>2799.0</ele>
      </trkpt>
      <trkpt lat="37.80396" lon="-119.45378">
        <ele>2800.0</ele>
      </trkpt>
      <trkpt lat="37.80364" lon="-119.45382">
        <ele>2804.0</ele>
      </trkpt>
      <trkpt lat="37.80339" lon="-119.4537">
        <ele>2804.0</ele>
      </trkpt>
      <trkpt lat="37.80309" lon="-119.45372">
        <ele>2810.0</ele>
      </trkpt>
      <trkpt lat="37.80309" lon="-119.45372">
        <ele>2810.0</ele>
      </trkpt>
      <trkpt lat="37.80309" lon="-119.45372">
        <ele>2810.0</ele>
      </trkpt>
      <trkpt lat="37.80313" lon="-119.45362">
        <ele>2810.0</ele>
      </trkpt>
      <trkpt lat="37.8032" lon="-119.45351">
        <ele>2804.0</ele>
      </trkpt>
      <trkpt lat="37.80348" lon="-119.4533">
        <ele>2799.0</ele>
      </trkpt>
      <trkpt lat="37.8035133759021" lon="-119.453179846752">
        <ele>2798.0</ele>
      </trkpt>
      <trkpt lat="37.8035133759021" lon="-119.453179846752">
        <ele>2798.0</ele>
      </trkpt>
      <trkpt lat="37.80348" lon="-119.4533">
        <ele>2799.0</ele>
      </trkpt>
      <trkpt lat="37.8032" lon="-119.45351">
        <ele>2804.0</ele>
      </trkpt>
      <trkpt lat="37.80313" lon="-119.45362">
        <ele>2810.0</ele>
      </trkpt>
      <trkpt lat="37.80309" lon="-119.45372">
        <ele>2810.0</ele>
      </trkpt>
      <trkpt lat="37.80309" lon="-119.45372">
        <ele>2810.0</ele>
      </trkpt>
      <trkpt lat="37.8026" lon="-119.45384">
        <ele>2815.0</ele>
      </trkpt>
      <trkpt lat="37.80248" lon="-119.45384">
        <ele>2815.0</ele>
      </trkpt>
      <trkpt lat="37.80242" lon="-119.45389">
        <ele>2815.0</ele>
      </trkpt>
      <trkpt lat="37.80212" lon="-119.45398">
        <ele>2817.0</ele>
      </trkpt>
      <trkpt lat="37.8020307611254" lon="-119.454108503979">
        <ele>2815.0</ele>
      </trkpt>
      <trkpt lat="37.8020307611254" lon="-119.454108503979">
        <ele>2815.0</ele>
      </trkpt>
      <trkpt lat="37.80187" lon="-119.45434">
        <ele>2818.0</ele>
      </trkpt>
      <trkpt lat="37.80163" lon="-119.45463">
        <ele>2813.0</ele>
      </trkpt>
      <trkpt lat="37.80145" lon="-119.45508">
        <ele>2811.0</ele>
      </trkpt>
      <trkpt lat="37.80118" lon="-119.45556">
        <ele>2806.0</ele>
      </trkpt>
      <trkpt lat="37.80094" lon="-119.45609">
        <ele>2801.0</ele>
      </trkpt>
      <trkpt lat="37.80082" lon="-119.45639">
        <ele>2804.0</ele>
      </trkpt>
      <trkpt lat="37.80077" lon="-119.45657">
        <ele>2807.0</ele>
      </trkpt>
      <trkpt lat="37.80073" lon="-119.45678">
        <ele>2807.0</ele>
      </trkpt>
      <trkpt lat="37.80079" lon="-119.45714">
        <ele>2806.0</ele>
      </trkpt>
      <trkpt lat="37.80075" lon="-119.4579">
        <ele>2807.0</ele>
      </trkpt>
      <trkpt lat="37.80077" lon="-119.45829">
        <ele>2805.0</ele>
      </trkpt>
      <trkpt lat="37.80075" lon="-119.45854">
        <ele>2807.0</ele>
      </trkpt>
      <trkpt lat="37.80075" lon="-119.45854">
        <ele>2807.0</ele>
      </trkpt>
      <trkpt lat="37.8006" lon="-119.45842">
        <ele>2801.0</ele>
      </trkpt>
      <trkpt lat="37.80052" lon="-119.45831">
        <ele>2801.0</ele>
      </trkpt>
      <trkpt lat="37.80042" lon="-119.45823">
        <ele>2801.0</ele>
      </trkpt>
      <trkpt lat="37.80036" lon="-119.45808">
        <ele>2797.0</ele>
      </trkpt>
      <trkpt lat="37.80037" lon="-119.45775">
        <ele>2795.0</ele>
      </trkpt>
      <trkpt lat="37.80025" lon="-119.45775">
        <ele>2795.0</ele>
      </trkpt>
      <trkpt lat="37.79991" lon="-119.45812">
        <ele>2790.0</ele>
      </trkpt>
      <trkpt lat="37.79959" lon="-119.4582">
        <ele>2783.0</ele>
      </trkpt>
      <trkpt lat="37.79928" lon="-119.45817">
        <ele>2769.0</ele>
      </trkpt>
      <trkpt lat="37.7987002006672" lon="-119.458025050167">
        <ele>2759.0</ele>
      </trkpt>
      <trkpt lat="37.7987002006672" lon="-119.458025050167">
        <ele>2759.0</ele>
      </trkpt>
      <trkpt lat="37.79868" lon="-119.45802">
        <ele>2759.0</ele>
      </trkpt>
      <trkpt lat="37.7982" lon="-119.45802">
        <ele>2750.0</ele>
      </trkpt>
      <trkpt lat="37.79796" lon="-119.45792">
        <ele>2743.0</ele>
      </trkpt>
      <trkpt lat="37.79763" lon="-119.45796">
        <ele>2733.0</ele>
      </trkpt>
      <trkpt lat="37.79748" lon="-119.45794">
        <ele>2733.0</ele>
      </trkpt>
      <trkpt lat="37.79729" lon="-119.45821">
        <ele>2724.0</ele>
      </trkpt>
      <trkpt lat="37.79721" lon="-119.45825">
        <ele>2724.0</ele>
      </trkpt>
      <trkpt lat="37.79717" lon="-119.45822">
        <ele>2724.0</ele>
      </trkpt>
      <trkpt lat="37.797" lon="-119.45824">
        <ele>2720.0</ele>
      </trkpt>
      <trkpt lat="37.79618" lon="-119.45864">
        <ele>2712.0</ele>
      </trkpt>
      <trkpt lat="37.79588" lon="-119.45884">
        <ele>2710.0</ele>
      </trkpt>
      <trkpt lat="37.79563" lon="-119.45893">
        <ele>2707.0</ele>
      </trkpt>
      <trkpt lat="37.79533" lon="-119.45889">
        <ele>2706.0</ele>
      </trkpt>
      <trkpt lat="37.7952" lon="-119.45901">
        <ele>2706.0</ele>
      </trkpt>
      <trkpt lat="37.79505" lon="-119.45919">
        <ele>2703.0</ele>
      </trkpt>
      <trkpt lat="37.7949" lon="-119.45925">
        <ele>2703.0</ele>
      </trkpt>
      <trkpt lat="37.79451" lon="-119.45897">
        <ele>2714.0</ele>
      </trkpt>
      <trkpt lat="37.79441" lon="-119.45886">
        <ele>2714.0</ele>
      </trkpt>
      <trkpt lat="37.79437" lon="-119.45874">
        <ele>2713.0</ele>
      </trkpt>
      <trkpt lat="37.7943" lon="-119.45864">
        <ele>2717.0</ele>
      </trkpt>
      <trkpt lat="37.79411" lon="-119.45849">
        <ele>2717.0</ele>
      </trkpt>
      <trkpt lat="37.794" lon="-119.45828">
        <ele>2718.0</ele>
      </trkpt>
      <trkpt lat="37.79374" lon="-119.45832">
        <ele>2725.0</ele>
      </trkpt>
      <trkpt lat="37.79364" lon="-119.45822">
        <ele>2725.0</ele>
      </trkpt>
      <trkpt lat="37.79344" lon="-119.45814">
        <ele>2734.0</ele>
      </trkpt>
      <trkpt lat="37.79339" lon="-119.45818">
        <ele>2734.0</ele>
      </trkpt>
      <trkpt lat="37.79321" lon="-119.45843">
        <ele>2734.0</ele>
      </trkpt>
      <trkpt lat="37.79302" lon="-119.4586">
        <ele>2733.0</ele>
      </trkpt>
      <trkpt lat="37.79288" lon="-119.45866">
        <ele>2735.0</ele>
      </trkpt>
      <trkpt lat="37.79256" lon="-119.45863">
        <ele>2739.0</ele>
      </trkpt>
      <trkpt lat="37.79227" lon="-119.4588">
        <ele>2736.0</ele>
      </trkpt>
      <trkpt lat="37.79202" lon="-119.45902">
        <ele>2739.0</ele>
      </trkpt>
      <trkpt lat="37.79155" lon="-119.45962">
        <ele>2730.0</ele>
      </trkpt>
      <trkpt lat="37.79143" lon="-119.45973">
        <ele>2729.0</ele>
      </trkpt>
      <trkpt lat="37.79098" lon="-119.45996">
        <ele>2724.0</ele>
      </trkpt>
      <trkpt lat="37.79085" lon="-119.4601">
        <ele>2727.0</ele>
      </trkpt>
      <trkpt lat="37.79063" lon="-119.46044">
        <ele>2714.0</ele>
      </trkpt>
      <trkpt lat="37.79052" lon="-119.46052">
        <ele>2714.0</ele>
      </trkpt>
      <trkpt lat="37.78987" lon="-119.46082">
        <ele>2715.0</ele>
      </trkpt>
      <trkpt lat="37.7895" lon="-119.46095">
        <ele>2724.0</ele>
      </trkpt>
      <trkpt lat="37.78921" lon="-119.46111">
        <ele>2721.0</ele>
      </trkpt>
      <trkpt lat="37.78854" lon="-119.4613">
        <ele>2724.0</ele>
      </trkpt>
      <trkpt lat="37.7883" lon="-119.46141">
        <ele>2726.0</ele>
      </trkpt>
      <trkpt lat="37.78808" lon="-119.46155">
        <ele>2724.0</ele>
      </trkpt>
      <trkpt lat="37.78808" lon="-119.46155">
        <ele>2724.0</ele>
      </trkpt>
      <trkpt lat="37.78742" lon="-119.46193">
        <ele>2724.0</ele>
      </trkpt>
      <trkpt lat="37.78722" lon="-119.46211">
        <ele>2722.0</ele>
      </trkpt>
      <trkpt lat="37.78681" lon="-119.46236">
        <ele>2720.0</ele>
      </trkpt>
      <trkpt lat="37.78666" lon="-119.46238">
        <ele>2720.0</ele>
      </trkpt>
      <trkpt lat="37.78642" lon="-119.46235">
        <ele>2723.0</ele>
      </trkpt>
      <trkpt lat="37.7863" lon="-119.46236">
        <ele>2723.0</ele>
      </trkpt>
      <trkpt lat="37.78502" lon="-119.46259">
        <ele>2710.0</ele>
      </trkpt>
      <trkpt lat="37.7847" lon="-119.4625">
        <ele>2708.0</ele>
      </trkpt>
      <trkpt lat="37.78455" lon="-119.46252">
        <ele>2707.0</ele>
      </trkpt>
      <trkpt lat="37.78409" lon="-119.46291">
        <ele>2701.0</ele>
      </trkpt>
      <trkpt lat="37.78369" lon="-119.46335">
        <ele>2701.0</ele>
      </trkpt>
      <trkpt lat="37.78353" lon="-119.46366">
        <ele>2701.0</ele>
      </trkpt>
      <trkpt lat="37.78355" lon="-119.46409">
        <ele>2699.0</ele>
      </trkpt>
      <trkpt lat="37.78329" lon="-119.46441">
        <ele>2699.0</ele>
      </trkpt>
      <trkpt lat="37.7831686079815" lon="-119.464518268557">
        <ele>2701.0</ele>
      </trkpt>
      <trkpt lat="37.7831686079815" lon="-119.464518268557">
        <ele>2701.0</ele>
      </trkpt>
      <trkpt lat="37.78292" lon="-119.46474">
        <ele>2699.0</ele>
      </trkpt>
      <trkpt lat="37.78275" lon="-119.46483">
        <ele>2702.0</ele>
      </trkpt>
      <trkpt lat="37.78245" lon="-119.46507">
        <ele>2709.0</ele>
      </trkpt>
      <trkpt lat="37.78225" lon="-119.46515">
        <ele>2724.0</ele>
      </trkpt>
      <trkpt lat="37.78211" lon="-119.46513">
        <ele>2718.0</ele>
      </trkpt>
      <trkpt lat="37.782" lon="-119.46516">
        <ele>2730.0</ele>
      </trkpt>
      <trkpt lat="37.78188" lon="-119.46525">
        <ele>2730.0</ele>
      </trkpt>
      <trkpt lat="37.78163" lon="-119.46533">
        <ele>2732.0</ele>
      </trkpt>
      <trkpt lat="37.78163" lon="-119.46533">
        <ele>2732.0</ele>
      </trkpt>
      <trkpt lat="37.78152" lon="-119.46541">
        <ele>2733.0</ele>
      </trkpt>
      <trkpt lat="37.78142" lon="-119.46551">
        <ele>2738.0</ele>
      </trkpt>
      <trkpt lat="37.7812" lon="-119.46584">
        <ele>2743.0</ele>
      </trkpt>
      <trkpt lat="37.78083" lon="-119.46608">
        <ele>2744.0</ele>
      </trkpt>
      <trkpt lat="37.78048" lon="-119.4662">
        <ele>2742.0</ele>
      </trkpt>
      <trkpt lat="37.78016" lon="-119.46645">
        <ele>2748.0</ele>
      </trkpt>
      <trkpt lat="37.77952" lon="-119.46702">
        <ele>2753.0</ele>
      </trkpt>
      <trkpt lat="37.77901" lon="-119.46762">
        <ele>2763.0</ele>
      </trkpt>
      <trkpt lat="37.7787257053061" lon="-119.468042134545">
        <ele>2768.0</ele>
      </trkpt>
      <trkpt lat="37.7787257053061" lon="-119.468042134545">
        <ele>2768.0</ele>
      </trkpt>
      <trkpt lat="37.77868" lon="-119.46811">
        <ele>2768.0</ele>
      </trkpt>
      <trkpt lat="37.77849" lon="-119.46834">
        <ele>2771.0</ele>
      </trkpt>
      <trkpt lat="37.77831" lon="-119.4685">
        <ele>2772.0</ele>
      </trkpt>
      <trkpt lat="37.77806" lon="-119.46868">
        <ele>2772.0</ele>
      </trkpt>
      <trkpt lat="37.77783" lon="-119.4689">
        <ele>2774.0</ele>
      </trkpt>
      <trkpt lat="37.77725" lon="-119.46922">
        <ele>2778.0</ele>
      </trkpt>
      <trkpt lat="37.77725" lon="-119.46922">
        <ele>2778.0</ele>
      </trkpt>
      <trkpt lat="37.77703" lon="-119.46953">
        <ele>2786.0</ele>
      </trkpt>
      <trkpt lat="37.77668" lon="-119.46982">
        <ele>2790.0</ele>
      </trkpt>
      <trkpt lat="37.77663" lon="-119.46989">
        <ele>2791.0</ele>
      </trkpt>
      <trkpt lat="37.77638" lon="-119.47034">
        <ele>2792.0</ele>
      </trkpt>
      <trkpt lat="37.77616" lon="-119.47083">
        <ele>2800.0</ele>
      </trkpt>
      <trkpt lat="37.77604" lon="-119.47119">
        <ele>2803.0</ele>
      </trkpt>
      <trkpt lat="37.776" lon="-119.47172">
        <ele>2801.0</ele>
      </trkpt>
      <trkpt lat="37.77595" lon="-119.47203">
        <ele>2809.0</ele>
      </trkpt>
      <trkpt lat="37.7758" lon="-119.4724">
        <ele>2815.0</ele>
      </trkpt>
      <trkpt lat="37.77569" lon="-119.47286">
        <ele>2811.0</ele>
      </trkpt>
      <trkpt lat="37.77552" lon="-119.47331">
        <ele>2818.0</ele>
      </trkpt>
      <trkpt lat="37.77548" lon="-119.47349">
        <ele>2822.0</ele>
      </trkpt>
      <trkpt lat="37.77544" lon="-119.47403">
        <ele>2826.0</ele>
      </trkpt>
      <trkpt lat="37.77549" lon="-119.47432">
        <ele>2826.0</ele>
      </trkpt>
      <trkpt lat="37.77568" lon="-119.47478">
        <ele>2829.0</ele>
      </trkpt>
      <trkpt lat="37.77575" lon="-119.47483">
        <ele>2832.0</ele>
      </trkpt>
      <trkpt lat="37.776" lon="-119.47484">
        <ele>2838.0</ele>
      </trkpt>
      <trkpt lat="37.77607" lon="-119.47491">
        <ele>2840.0</ele>
      </trkpt>
      <trkpt lat="37.77616" lon="-119.47503">
        <ele>2840.0</ele>
      </trkpt>
      <trkpt lat="37.7762262080698" lon="-119.475186491801">
        <ele>2845.0</ele>
      </trkpt>
      <trkpt lat="37.7762262080698" lon="-119.475186491801">
        <ele>2845.0</ele>
      </trkpt>
      <trkpt lat="37.77627" lon="-119.47529">
        <ele>2851.0</ele>
      </trkpt>
      <trkpt lat="37.7765" lon="-119.47564">
        <ele>2852.0</ele>
      </trkpt>
      <trkpt lat="37.77661" lon="-119.47585">
        <ele>2861.0</ele>
      </trkpt>
      <trkpt lat="37.77709" lon="-119.4765">
        <ele>2872.0</ele>
      </trkpt>
      <trkpt lat="37.77727" lon="-119.47688">
        <ele>2864.0</ele>
      </trkpt>
      <trkpt lat="37.77731" lon="-119.477">
        <ele>2864.0</ele>
      </trkpt>
      <trkpt lat="37.77732" lon="-119.47718">
        <ele>2862.0</ele>
      </trkpt>
      <trkpt lat="37.77728" lon="-119.4773">
        <ele>2862.0</ele>
      </trkpt>
      <trkpt lat="37.77707" lon="-119.47758">
        <ele>2860.0</ele>
      </trkpt>
      <trkpt lat="37.77685" lon="-119.47772">
        <ele>2861.0</ele>
      </trkpt>
      <trkpt lat="37.77662" lon="-119.47792">
        <ele>2861.0</ele>
      </trkpt>
      <trkpt lat="37.77627" lon="-119.47816">
        <ele>2861.0</ele>
      </trkpt>
      <trkpt lat="37.77583" lon="-119.47855">
        <ele>2869.0</ele>
      </trkpt>
      <trkpt lat="37.77568" lon="-119.47872">
        <ele>2868.0</ele>
      </trkpt>
      <trkpt lat="37.77489" lon="-119.4793">
        <ele>2875.0</ele>
      </trkpt>
      <trkpt lat="37.77453" lon="-119.47961">
        <ele>2875.0</ele>
      </trkpt>
      <trkpt lat="37.77441" lon="-119.47974">
        <ele>2875.0</ele>
      </trkpt>
      <trkpt lat="37.77432" lon="-119.47992">
        <ele>2876.0</ele>
      </trkpt>
      <trkpt lat="37.77422" lon="-119.48022">
        <ele>2875.0</ele>
      </trkpt>
      <trkpt lat="37.77384" lon="-119.48095">
        <ele>2872.0</ele>
      </trkpt>
      <trkpt lat="37.77354" lon="-119.48125">
        <ele>2869.0</ele>
      </trkpt>
      <trkpt lat="37.77322" lon="-119.48151">
        <ele>2866.0</ele>
      </trkpt>
      <trkpt lat="37.77293" lon="-119.48193">
        <ele>2859.0</ele>
      </trkpt>
      <trkpt lat="37.77294" lon="-119.48259">
        <ele>2856.0</ele>
      </trkpt>
      <trkpt lat="37.77305" lon="-119.48292">
        <ele>2859.0</ele>
      </trkpt>
      <trkpt lat="37.77331" lon="-119.4834">
        <ele>2864.0</ele>
      </trkpt>
      <trkpt lat="37.7733" lon="-119.48423">
        <ele>2877.0</ele>
      </trkpt>
      <trkpt lat="37.77322" lon="-119.48455">
        <ele>2880.0</ele>
      </trkpt>
      <trkpt lat="37.77292" lon="-119.4847">
        <ele>2887.0</ele>
      </trkpt>
      <trkpt lat="37.77258" lon="-119.48473">
        <ele>2893.0</ele>
      </trkpt>
      <trkpt lat="37.77247" lon="-119.48493">
        <ele>2902.0</ele>
      </trkpt>
      <trkpt lat="37.77236" lon="-119.48551">
        <ele>2912.0</ele>
      </trkpt>
      <trkpt lat="37.77218" lon="-119.48566">
        <ele>2912.0</ele>
      </trkpt>
      <trkpt lat="37.77175" lon="-119.48566">
        <ele>2917.0</ele>
      </trkpt>
      <trkpt lat="37.7715" lon="-119.48578">
        <ele>2928.0</ele>
      </trkpt>
      <trkpt lat="37.77145" lon="-119.48588">
        <ele>2928.0</ele>
      </trkpt>
      <trkpt lat="37.7714772784274" lon="-119.485985216791">
        <ele>2938.0</ele>
      </trkpt>
      <trkpt lat="37.7714772784274" lon="-119.485985216791">
        <ele>2938.0</ele>
      </trkpt>
      <trkpt lat="37.77152" lon="-119.48615">
        <ele>2938.0</ele>
      </trkpt>
      <trkpt lat="37.7715" lon="-119.48624">
        <ele>2938.0</ele>
      </trkpt>
      <trkpt lat="37.77132" lon="-119.48636">
        <ele>2945.0</ele>
      </trkpt>
      <trkpt lat="37.77086" lon="-119.4868">
        <ele>2944.0</ele>
      </trkpt>
      <trkpt lat="37.77079" lon="-119.48691">
        <ele>2951.0</ele>
      </trkpt>
      <trkpt lat="37.77071" lon="-119.4871">
        <ele>2957.0</ele>
      </trkpt>
      <trkpt lat="37.77071" lon="-119.4871">
        <ele>2957.0</ele>
      </trkpt>
      <trkpt lat="37.7706" lon="-119.48725">
        <ele>2959.0</ele>
      </trkpt>
      <trkpt lat="37.77052" lon="-119.4873">
        <ele>2959.0</ele>
      </trkpt>
      <trkpt lat="37.77052" lon="-119.4873">
        <ele>2959.0</ele>
      </trkpt>
      <trkpt lat="37.77031" lon="-119.48742">
        <ele>2967.0</ele>
      </trkpt>
      <trkpt lat="37.77024" lon="-119.48764">
        <ele>2977.0</ele>
      </trkpt>
      <trkpt lat="37.76989" lon="-119.48797">
        <ele>2977.0</ele>
      </trkpt>
      <trkpt lat="37.76989" lon="-119.48797">
        <ele>2977.0</ele>
      </trkpt>
      <trkpt lat="37.76989" lon="-119.48797">
        <ele>2977.0</ele>
      </trkpt>
      <trkpt lat="37.76982" lon="-119.48808">
        <ele>2970.0</ele>
      </trkpt>
      <trkpt lat="37.76944" lon="-119.48835">
        <ele>2972.0</ele>
      </trkpt>
      <trkpt lat="37.76911" lon="-119.48852">
        <ele>2978.0</ele>
      </trkpt>
      <trkpt lat="37.7689" lon="-119.48859">
        <ele>2980.0</ele>
      </trkpt>
      <trkpt lat="37.7686282591136" lon="-119.488741855201">
        <ele>2975.0</ele>
      </trkpt>
      <trkpt lat="37.7686282591136" lon="-119.488741855201">
        <ele>2975.0</ele>
      </trkpt>
      <trkpt lat="37.76856" lon="-119.48878">
        <ele>2983.0</ele>
      </trkpt>
      <trkpt lat="37.76825" lon="-119.489">
        <ele>2983.0</ele>
      </trkpt>
      <trkpt lat="37.768" lon="-119.48914">
        <ele>2996.0</ele>
      </trkpt>
      <trkpt lat="37.76789" lon="-119.48924">
        <ele>2993.0</ele>
      </trkpt>
      <trkpt lat="37.76776" lon="-119.48929">
        <ele>2993.0</ele>
      </trkpt>
      <trkpt lat="37.7677" lon="-119.48939">
        <ele>2991.0</ele>
      </trkpt>
      <trkpt lat="37.76761" lon="-119.48939">
        <ele>2993.0</ele>
      </trkpt>
      <trkpt lat="37.76729" lon="-119.48962">
        <ele>2982.0</ele>
      </trkpt>
      <trkpt lat="37.7671" lon="-119.48966">
        <ele>2982.0</ele>
      </trkpt>
      <trkpt lat="37.76705" lon="-119.48982">
        <ele>2973.0</ele>
      </trkpt>
      <trkpt lat="37.7669" lon="-119.48976">
        <ele>2973.0</ele>
      </trkpt>
      <trkpt lat="37.76685" lon="-119.48978">
        <ele>2973.0</ele>
      </trkpt>
      <trkpt lat="37.76661" lon="-119.4903">
        <ele>2964.0</ele>
      </trkpt>
      <trkpt lat="37.76652" lon="-119.49037">
        <ele>2949.0</ele>
      </trkpt>
      <trkpt lat="37.76648" lon="-119.49047">
        <ele>2952.0</ele>
      </trkpt>
      <trkpt lat="37.76641" lon="-119.49053">
        <ele>2952.0</ele>
      </trkpt>
      <trkpt lat="37.76639" lon="-119.49069">
        <ele>2952.0</ele>
      </trkpt>
      <trkpt lat="37.76629" lon="-119.49087">
        <ele>2953.0</ele>
      </trkpt>
      <trkpt lat="37.76629" lon="-119.49101">
        <ele>2953.0</ele>
      </trkpt>
      <trkpt lat="37.7662552580916" lon="-119.49105737533">
        <ele>2953.0</ele>
      </trkpt>
      <trkpt lat="37.7662552580916" lon="-119.49105737533">
        <ele>2953.0</ele>
      </trkpt>
      <trkpt lat="37.76607" lon="-119.49131">
        <ele>2944.0</ele>
      </trkpt>
      <trkpt lat="37.76596" lon="-119.49144">
        <ele>2927.0</ele>
      </trkpt>
      <trkpt lat="37.76584" lon="-119.49152">
        <ele>2927.0</ele>
      </trkpt>
      <trkpt lat="37.76565" lon="-119.49151">
        <ele>2913.0</ele>
      </trkpt>
      <trkpt lat="37.76561" lon="-119.49141">
        <ele>2913.0</ele>
      </trkpt>
      <trkpt lat="37.76558" lon="-119.49125">
        <ele>2912.0</ele>
      </trkpt>
      <trkpt lat="37.76555" lon="-119.49078">
        <ele>2911.0</ele>
      </trkpt>
      <trkpt lat="37.7655" lon="-119.4906">
        <ele>2908.0</ele>
      </trkpt>
      <trkpt lat="37.7655" lon="-119.49037">
        <ele>2907.0</ele>
      </trkpt>
      <trkpt lat="37.76544" lon="-119.4902">
        <ele>2907.0</ele>
      </trkpt>
      <trkpt lat="37.76529" lon="-119.48926">
        <ele>2890.0</ele>
      </trkpt>
      <trkpt lat="37.76521" lon="-119.48923">
        <ele>2890.0</ele>
      </trkpt>
      <trkpt lat="37.76506" lon="-119.48981">
        <ele>2880.0</ele>
      </trkpt>
      <trkpt lat="37.76493" lon="-119.49008">
        <ele>2878.0</ele>
      </trkpt>
      <trkpt lat="37.76487" lon="-119.49005">
        <ele>2878.0</ele>
      </trkpt>
      <trkpt lat="37.76469" lon="-119.48965">
        <ele>2867.0</ele>
      </trkpt>
      <trkpt lat="37.76443" lon="-119.48919">
        <ele>2861.0</ele>
      </trkpt>
      <trkpt lat="37.76434" lon="-119.48936">
        <ele>2861.0</ele>
      </trkpt>
      <trkpt lat="37.76427" lon="-119.48956">
        <ele>2853.0</ele>
      </trkpt>
      <trkpt lat="37.7642211862505" lon="-119.489787795868">
        <ele>2852.0</ele>
      </trkpt>
      <trkpt lat="37.7642182906751" lon="-119.489801308975">
        <ele>2852.0</ele>
      </trkpt>
      <trkpt lat="37.76421" lon="-119.48984">
        <ele>2852.0</ele>
      </trkpt>
      <trkpt lat="37.76418" lon="-119.49017">
        <ele>2847.0</ele>
      </trkpt>
      <trkpt lat="37.76406" lon="-119.49066">
        <ele>2845.0</ele>
      </trkpt>
      <trkpt lat="37.76391" lon="-119.49096">
        <ele>2835.0</ele>
      </trkpt>
      <trkpt lat="37.76361" lon="-119.49136">
        <ele>2829.0</ele>
      </trkpt>
      <trkpt lat="37.76312" lon="-119.4919">
        <ele>2815.0</ele>
      </trkpt>
      <trkpt lat="37.7629" lon="-119.49207">
        <ele>2804.0</ele>
      </trkpt>
      <trkpt lat="37.76249" lon="-119.49226">
        <ele>2801.0</ele>
      </trkpt>
      <trkpt lat="37.76226" lon="-119.49242">
        <ele>2801.0</ele>
      </trkpt>
      <trkpt lat="37.7619" lon="-119.49255">
        <ele>2794.0</ele>
      </trkpt>
      <trkpt lat="37.76161" lon="-119.49271">
        <ele>2793.0</ele>
      </trkpt>
      <trkpt lat="37.76123" lon="-119.49285">
        <ele>2784.0</ele>
      </trkpt>
      <trkpt lat="37.76051" lon="-119.49335">
        <ele>2769.0</ele>
      </trkpt>
      <trkpt lat="37.76034" lon="-119.49353">
        <ele>2759.0</ele>
      </trkpt>
      <trkpt lat="37.76013" lon="-119.49383">
        <ele>2755.0</ele>
      </trkpt>
      <trkpt lat="37.75987" lon="-119.49424">
        <ele>2758.0</ele>
      </trkpt>
      <trkpt lat="37.75976" lon="-119.4945">
        <ele>2750.0</ele>
      </trkpt>
      <trkpt lat="37.75952" lon="-119.49481">
        <ele>2745.0</ele>
      </trkpt>
      <trkpt lat="37.75942" lon="-119.49478">
        <ele>2745.0</ele>
      </trkpt>
      <trkpt lat="37.75924" lon="-119.49455">
        <ele>2738.0</ele>
      </trkpt>
      <trkpt lat="37.75911" lon="-119.49449">
        <ele>2738.0</ele>
      </trkpt>
      <trkpt lat="37.75871" lon="-119.49465">
        <ele>2727.0</ele>
      </trkpt>
      <trkpt lat="37.75829" lon="-119.49471">
        <ele>2721.0</ele>
      </trkpt>
      <trkpt lat="37.75811" lon="-119.49485">
        <ele>2717.0</ele>
      </trkpt>
      <trkpt lat="37.75816" lon="-119.49509">
        <ele>2717.0</ele>
      </trkpt>
      <trkpt lat="37.75834" lon="-119.49529">
        <ele>2719.0</ele>
      </trkpt>
      <trkpt lat="37.75847" lon="-119.49559">
        <ele>2712.0</ele>
      </trkpt>
      <trkpt lat="37.75863" lon="-119.49589">
        <ele>2713.0</ele>
      </trkpt>
      <trkpt lat="37.75877" lon="-119.49726">
        <ele>2694.0</ele>
      </trkpt>
      <trkpt lat="37.7587787330433" lon="-119.497548190429">
        <ele>2690.0</ele>
      </trkpt>
      <trkpt lat="37.7587787330433" lon="-119.497548190429">
        <ele>2690.0</ele>
      </trkpt>
      <trkpt lat="37.75878" lon="-119.49759">
        <ele>2690.0</ele>
      </trkpt>
      <trkpt lat="37.75882" lon="-119.49786">
        <ele>2684.0</ele>
      </trkpt>
      <trkpt lat="37.75882" lon="-119.49816">
        <ele>2679.0</ele>
      </trkpt>
      <trkpt lat="37.7592" lon="-119.50002">
        <ele>2645.0</ele>
      </trkpt>
      <trkpt lat="37.75939" lon="-119.50063">
        <ele>2650.0</ele>
      </trkpt>
      <trkpt lat="37.75939" lon="-119.50092">
        <ele>2646.0</ele>
      </trkpt>
      <trkpt lat="37.75936" lon="-119.50102">
        <ele>2641.0</ele>
      </trkpt>
      <trkpt lat="37.75924" lon="-119.50077">
        <ele>2631.0</ele>
      </trkpt>
      <trkpt lat="37.75883" lon="-119.50006">
        <ele>2630.0</ele>
      </trkpt>
      <trkpt lat="37.75884" lon="-119.50077">
        <ele>2619.0</ele>
      </trkpt>
      <trkpt lat="37.7588" lon="-119.50105">
        <ele>2620.0</ele>
      </trkpt>
      <trkpt lat="37.75876" lon="-119.50112">
        <ele>2620.0</ele>
      </trkpt>
      <trkpt lat="37.75872" lon="-119.50109">
        <ele>2603.0</ele>
      </trkpt>
      <trkpt lat="37.75846" lon="-119.50031">
        <ele>2594.0</ele>
      </trkpt>
      <trkpt lat="37.75829" lon="-119.49992">
        <ele>2598.0</ele>
      </trkpt>
      <trkpt lat="37.75825" lon="-119.49992">
        <ele>2598.0</ele>
      </trkpt>
      <trkpt lat="37.75819" lon="-119.50071">
        <ele>2577.0</ele>
      </trkpt>
      <trkpt lat="37.75813" lon="-119.5009">
        <ele>2577.0</ele>
      </trkpt>
      <trkpt lat="37.75772" lon="-119.49982">
        <ele>2573.0</ele>
      </trkpt>
      <trkpt lat="37.75748" lon="-119.49938">
        <ele>2561.0</ele>
      </trkpt>
      <trkpt lat="37.75748" lon="-119.49982">
        <ele>2563.0</ele>
      </trkpt>
      <trkpt lat="37.75751" lon="-119.50007">
        <ele>2563.0</ele>
      </trkpt>
      <trkpt lat="37.75747" lon="-119.50056">
        <ele>2558.0</ele>
      </trkpt>
      <trkpt lat="37.75739" lon="-119.5005">
        <ele>2558.0</ele>
      </trkpt>
      <trkpt lat="37.75733" lon="-119.50022">
        <ele>2545.0</ele>
      </trkpt>
      <trkpt lat="37.75716" lon="-119.4998">
        <ele>2552.0</ele>
      </trkpt>
      <trkpt lat="37.75707" lon="-119.5">
        <ele>2533.0</ele>
      </trkpt>
      <trkpt lat="37.75707" lon="-119.5001">
        <ele>2533.0</ele>
      </trkpt>
      <trkpt lat="37.75704" lon="-119.50024">
        <ele>2526.0</ele>
      </trkpt>
      <trkpt lat="37.75704" lon="-119.50048">
        <ele>2520.0</ele>
      </trkpt>
      <trkpt lat="37.75709" lon="-119.50069">
        <ele>2538.0</ele>
      </trkpt>
      <trkpt lat="37.75698" lon="-119.50059">
        <ele>2520.0</ele>
      </trkpt>
      <trkpt lat="37.75684" lon="-119.50029">
        <ele>2526.0</ele>
      </trkpt>
      <trkpt lat="37.75675" lon="-119.50001">
        <ele>2514.0</ele>
      </trkpt>
      <trkpt lat="37.75645" lon="-119.49932">
        <ele>2506.0</ele>
      </trkpt>
      <trkpt lat="37.75643" lon="-119.49958">
        <ele>2506.0</ele>
      </trkpt>
      <trkpt lat="37.75626" lon="-119.49928">
        <ele>2508.0</ele>
      </trkpt>
      <trkpt lat="37.75619" lon="-119.49925">
        <ele>2499.0</ele>
      </trkpt>
      <trkpt lat="37.7561882991779" lon="-119.499301875074">
        <ele>2499.0</ele>
      </trkpt>
      <trkpt lat="37.7561882991779" lon="-119.499301875074">
        <ele>2499.0</ele>
      </trkpt>
      <trkpt lat="37.75617" lon="-119.49986">
        <ele>2491.0</ele>
      </trkpt>
      <trkpt lat="37.75611" lon="-119.50049">
        <ele>2491.0</ele>
      </trkpt>
      <trkpt lat="37.75611" lon="-119.5009">
        <ele>2489.0</ele>
      </trkpt>
      <trkpt lat="37.75608" lon="-119.5012">
        <ele>2485.0</ele>
      </trkpt>
      <trkpt lat="37.75599" lon="-119.5015">
        <ele>2479.0</ele>
      </trkpt>
      <trkpt lat="37.75595" lon="-119.50199">
        <ele>2446.0</ele>
      </trkpt>
      <trkpt lat="37.75584" lon="-119.50247">
        <ele>2443.0</ele>
      </trkpt>
      <trkpt lat="37.7557" lon="-119.5029">
        <ele>2442.0</ele>
      </trkpt>
      <trkpt lat="37.75569" lon="-119.50323">
        <ele>2435.0</ele>
      </trkpt>
      <trkpt lat="37.75544" lon="-119.50399">
        <ele>2435.0</ele>
      </trkpt>
      <trkpt lat="37.75528" lon="-119.5042">
        <ele>2429.0</ele>
      </trkpt>
      <trkpt lat="37.75515" lon="-119.50416">
        <ele>2429.0</ele>
      </trkpt>
      <trkpt lat="37.75496" lon="-119.50389">
        <ele>2421.0</ele>
      </trkpt>
      <trkpt lat="37.75454" lon="-119.50312">
        <ele>2409.0</ele>
      </trkpt>
      <trkpt lat="37.75445" lon="-119.50313">
        <ele>2409.0</ele>
      </trkpt>
      <trkpt lat="37.75441" lon="-119.50326">
        <ele>2411.0</ele>
      </trkpt>
      <trkpt lat="37.75409" lon="-119.50353">
        <ele>2400.0</ele>
      </trkpt>
      <trkpt lat="37.75384" lon="-119.50367">
        <ele>2391.0</ele>
      </trkpt>
      <trkpt lat="37.75369" lon="-119.50382">
        <ele>2383.0</ele>
      </trkpt>
      <trkpt lat="37.75366" lon="-119.50389">
        <ele>2383.0</ele>
      </trkpt>
      <trkpt lat="37.7535445090598" lon="-119.504000469595">
        <ele>2383.0</ele>
      </trkpt>
      <trkpt lat="37.7535445090598" lon="-119.504000469595">
        <ele>2383.0</ele>
      </trkpt>
      <trkpt lat="37.75343" lon="-119.50411">
        <ele>2373.0</ele>
      </trkpt>
      <trkpt lat="37.75334" lon="-119.50411">
        <ele>2373.0</ele>
      </trkpt>
      <trkpt lat="37.75334" lon="-119.50411">
        <ele>2373.0</ele>
      </trkpt>
      <trkpt lat="37.75321" lon="-119.50411">
        <ele>2373.0</ele>
      </trkpt>
      <trkpt lat="37.75308" lon="-119.50433">
        <ele>2363.0</ele>
      </trkpt>
      <trkpt lat="37.75188" lon="-119.50523">
        <ele>2345.0</ele>
      </trkpt>
      <trkpt lat="37.75089" lon="-119.50529">
        <ele>2308.0</ele>
      </trkpt>
      <trkpt lat="37.75023" lon="-119.50558">
        <ele>2297.0</ele>
      </trkpt>
      <trkpt lat="37.74987" lon="-119.5057">
        <ele>2299.0</ele>
      </trkpt>
      <trkpt lat="37.74972" lon="-119.50582">
        <ele>2294.0</ele>
      </trkpt>
      <trkpt lat="37.74946" lon="-119.50588">
        <ele>2289.0</ele>
      </trkpt>
      <trkpt lat="37.74936" lon="-119.50584">
        <ele>2289.0</ele>
      </trkpt>
      <trkpt lat="37.74928" lon="-119.50578">
        <ele>2285.0</ele>
      </trkpt>
      <trkpt lat="37.74907" lon="-119.50568">
        <ele>2285.0</ele>
      </trkpt>
      <trkpt lat="37.74888" lon="-119.50543">
        <ele>2281.0</ele>
      </trkpt>
      <trkpt lat="37.74863" lon="-119.5052">
        <ele>2277.0</ele>
      </trkpt>
      <trkpt lat="37.74852" lon="-119.50515">
        <ele>2277.0</ele>
      </trkpt>
      <trkpt lat="37.74817" lon="-119.50506">
        <ele>2269.0</ele>
      </trkpt>
      <trkpt lat="37.74769" lon="-119.50466">
        <ele>2255.0</ele>
      </trkpt>
      <trkpt lat="37.74738" lon="-119.50424">
        <ele>2249.0</ele>
      </trkpt>
      <trkpt lat="37.74709" lon="-119.50368">
        <ele>2247.0</ele>
      </trkpt>
      <trkpt lat="37.74703" lon="-119.50321">
        <ele>2247.0</ele>
      </trkpt>
      <trkpt lat="37.74689" lon="-119.50274">
        <ele>2243.0</ele>
      </trkpt>
      <trkpt lat="37.74685" lon="-119.50267">
        <ele>2243.0</ele>
      </trkpt>
      <trkpt lat="37.74677" lon="-119.50265">
        <ele>2237.0</ele>
      </trkpt>
      <trkpt lat="37.74669" lon="-119.50269">
        <ele>2237.0</ele>
      </trkpt>
      <trkpt lat="37.74657" lon="-119.50281">
        <ele>2237.0</ele>
      </trkpt>
      <trkpt lat="37.74626" lon="-119.50301">
        <ele>2234.0</ele>
      </trkpt>
      <trkpt lat="37.746014422982" lon="-119.503226107776">
        <ele>2232.0</ele>
      </trkpt>
      <trkpt lat="37.746014422982" lon="-119.503226107776">
        <ele>2232.0</ele>
      </trkpt>
      <trkpt lat="37.74601" lon="-119.50323">
        <ele>2232.0</ele>
      </trkpt>
      <trkpt lat="37.74562" lon="-119.50348">
        <ele>2215.0</ele>
      </trkpt>
      <trkpt lat="37.74504" lon="-119.50375">
        <ele>2202.0</ele>
      </trkpt>
      <trkpt lat="37.74486" lon="-119.50376">
        <ele>2195.0</ele>
      </trkpt>
      <trkpt lat="37.74448" lon="-119.50362">
        <ele>2188.0</ele>
      </trkpt>
      <trkpt lat="37.74421" lon="-119.5037">
        <ele>2182.0</ele>
      </trkpt>
      <trkpt lat="37.74421" lon="-119.5037">
        <ele>2182.0</ele>
      </trkpt>
      <trkpt lat="37.74409" lon="-119.50379">
        <ele>2187.0</ele>
      </trkpt>
      <trkpt lat="37.74402" lon="-119.50396">
        <ele>2188.0</ele>
      </trkpt>
      <trkpt lat="37.74397" lon="-119.50416">
        <ele>2190.0</ele>
      </trkpt>
      <trkpt lat="37.74401" lon="-119.50436">
        <ele>2189.0</ele>
      </trkpt>
      <trkpt lat="37.744" lon="-119.50459">
        <ele>2185.0</ele>
      </trkpt>
      <trkpt lat="37.74392" lon="-119.50507">
        <ele>2178.0</ele>
      </trkpt>
      <trkpt lat="37.74374" lon="-119.50541">
        <ele>2169.0</ele>
      </trkpt>
      <trkpt lat="37.74367" lon="-119.50562">
        <ele>2166.0</ele>
      </trkpt>
      <trkpt lat="37.74371" lon="-119.50585">
        <ele>2165.0</ele>
      </trkpt>
      <trkpt lat="37.74378" lon="-119.50604">
        <ele>2164.0</ele>
      </trkpt>
      <trkpt lat="37.74372" lon="-119.50657">
        <ele>2158.0</ele>
      </trkpt>
      <trkpt lat="37.74392" lon="-119.50697">
        <ele>2158.0</ele>
      </trkpt>
      <trkpt lat="37.74429" lon="-119.50758">
        <ele>2158.0</ele>
      </trkpt>
      <trkpt lat="37.74429" lon="-119.50769">
        <ele>2155.0</ele>
      </trkpt>
      <trkpt lat="37.74424" lon="-119.50782">
        <ele>2155.0</ele>
      </trkpt>
      <trkpt lat="37.74429" lon="-119.5079">
        <ele>2155.0</ele>
      </trkpt>
      <trkpt lat="37.7443" lon="-119.50809">
        <ele>2149.0</ele>
      </trkpt>
      <trkpt lat="37.74442" lon="-119.50849">
        <ele>2146.0</ele>
      </trkpt>
      <trkpt lat="37.74439" lon="-119.50852">
        <ele>2146.0</ele>
      </trkpt>
      <trkpt lat="37.74431" lon="-119.50844">
        <ele>2150.0</ele>
      </trkpt>
      <trkpt lat="37.74427" lon="-119.50845">
        <ele>2144.0</ele>
      </trkpt>
      <trkpt lat="37.74425" lon="-119.50871">
        <ele>2141.0</ele>
      </trkpt>
      <trkpt lat="37.7443" lon="-119.50905">
        <ele>2134.0</ele>
      </trkpt>
      <trkpt lat="37.74444" lon="-119.50928">
        <ele>2137.0</ele>
      </trkpt>
      <trkpt lat="37.74444" lon="-119.50928">
        <ele>2137.0</ele>
      </trkpt>
      <trkpt lat="37.74451" lon="-119.5094">
        <ele>2133.0</ele>
      </trkpt>
      <trkpt lat="37.7445" lon="-119.50962">
        <ele>2129.0</ele>
      </trkpt>
      <trkpt lat="37.74457" lon="-119.50978">
        <ele>2129.0</ele>
      </trkpt>
      <trkpt lat="37.74458" lon="-119.50991">
        <ele>2126.0</ele>
      </trkpt>
      <trkpt lat="37.74478" lon="-119.51069">
        <ele>2127.0</ele>
      </trkpt>
      <trkpt lat="37.74489" lon="-119.51151">
        <ele>2129.0</ele>
      </trkpt>
      <trkpt lat="37.745" lon="-119.51188">
        <ele>2130.0</ele>
      </trkpt>
      <trkpt lat="37.74499" lon="-119.51209">
        <ele>2135.0</ele>
      </trkpt>
      <trkpt lat="37.74506" lon="-119.51243">
        <ele>2134.0</ele>
      </trkpt>
      <trkpt lat="37.74506" lon="-119.51272">
        <ele>2136.0</ele>
      </trkpt>
      <trkpt lat="37.74506" lon="-119.51272">
        <ele>2136.0</ele>
      </trkpt>
      <trkpt lat="37.74506" lon="-119.51272">
        <ele>2136.0</ele>
      </trkpt>
      <trkpt lat="37.745" lon="-119.51279">
        <ele>2136.0</ele>
      </trkpt>
      <trkpt lat="37.7449" lon="-119.51284">
        <ele>2136.0</ele>
      </trkpt>
      <trkpt lat="37.74462" lon="-119.51281">
        <ele>2137.0</ele>
      </trkpt>
      <trkpt lat="37.74439" lon="-119.51262">
        <ele>2127.0</ele>
      </trkpt>
      <trkpt lat="37.74414" lon="-119.51226">
        <ele>2116.0</ele>
      </trkpt>
      <trkpt lat="37.744" lon="-119.51234">
        <ele>2107.0</ele>
      </trkpt>
      <trkpt lat="37.74375" lon="-119.51207">
        <ele>2089.0</ele>
      </trkpt>
      <trkpt lat="37.74369" lon="-119.51226">
        <ele>2087.0</ele>
      </trkpt>
      <trkpt lat="37.74362" lon="-119.51283">
        <ele>2100.0</ele>
      </trkpt>
      <trkpt lat="37.74354" lon="-119.51286">
        <ele>2100.0</ele>
      </trkpt>
      <trkpt lat="37.74349" lon="-119.51293">
        <ele>2101.0</ele>
      </trkpt>
      <trkpt lat="37.74338" lon="-119.51284">
        <ele>2087.0</ele>
      </trkpt>
      <trkpt lat="37.74327" lon="-119.5125">
        <ele>2083.0</ele>
      </trkpt>
      <trkpt lat="37.7431" lon="-119.51216">
        <ele>2074.0</ele>
      </trkpt>
      <trkpt lat="37.74291" lon="-119.51212">
        <ele>2071.0</ele>
      </trkpt>
      <trkpt lat="37.7426" lon="-119.51178">
        <ele>2064.0</ele>
      </trkpt>
      <trkpt lat="37.74254" lon="-119.51185">
        <ele>2065.0</ele>
      </trkpt>
      <trkpt lat="37.74261" lon="-119.51241">
        <ele>2064.0</ele>
      </trkpt>
      <trkpt lat="37.74261" lon="-119.51263">
        <ele>2064.0</ele>
      </trkpt>
      <trkpt lat="37.74238" lon="-119.51274">
        <ele>2061.0</ele>
      </trkpt>
      <trkpt lat="37.74232" lon="-119.51262">
        <ele>2051.0</ele>
      </trkpt>
      <trkpt lat="37.74219" lon="-119.51249">
        <ele>2051.0</ele>
      </trkpt>
      <trkpt lat="37.74215" lon="-119.51225">
        <ele>2053.0</ele>
      </trkpt>
      <trkpt lat="37.74195" lon="-119.51181">
        <ele>2042.0</ele>
      </trkpt>
      <trkpt lat="37.74154" lon="-119.5112">
        <ele>2036.0</ele>
      </trkpt>
      <trkpt lat="37.74143" lon="-119.51118">
        <ele>2027.0</ele>
      </trkpt>
      <trkpt lat="37.74127" lon="-119.51154">
        <ele>2022.0</ele>
      </trkpt>
      <trkpt lat="37.74123" lon="-119.5119">
        <ele>2013.0</ele>
      </trkpt>
      <trkpt lat="37.7411" lon="-119.51206">
        <ele>2013.0</ele>
      </trkpt>
      <trkpt lat="37.74106" lon="-119.51243">
        <ele>2009.0</ele>
      </trkpt>
      <trkpt lat="37.74096" lon="-119.51246">
        <ele>2005.0</ele>
      </trkpt>
      <trkpt lat="37.74078" lon="-119.51219">
        <ele>2010.0</ele>
      </trkpt>
      <trkpt lat="37.74071" lon="-119.51234">
        <ele>2010.0</ele>
      </trkpt>
      <trkpt lat="37.7406" lon="-119.5127">
        <ele>1999.0</ele>
      </trkpt>
      <trkpt lat="37.74057" lon="-119.51297">
        <ele>1994.0</ele>
      </trkpt>
      <trkpt lat="37.74072" lon="-119.51323">
        <ele>1994.0</ele>
      </trkpt>
      <trkpt lat="37.74078" lon="-119.51377">
        <ele>1995.0</ele>
      </trkpt>
      <trkpt lat="37.74085" lon="-119.51408">
        <ele>1991.0</ele>
      </trkpt>
      <trkpt lat="37.74083" lon="-119.51446">
        <ele>1986.0</ele>
      </trkpt>
      <trkpt lat="37.74057" lon="-119.51482">
        <ele>1996.0</ele>
      </trkpt>
      <trkpt lat="37.74037" lon="-119.51488">
        <ele>1992.0</ele>
      </trkpt>
      <trkpt lat="37.74024" lon="-119.51522">
        <ele>1979.0</ele>
      </trkpt>
      <trkpt lat="37.74002" lon="-119.51543">
        <ele>1978.0</ele>
      </trkpt>
      <trkpt lat="37.73987" lon="-119.51544">
        <ele>1978.0</ele>
      </trkpt>
      <trkpt lat="37.73977" lon="-119.51532">
        <ele>1977.0</ele>
      </trkpt>
      <trkpt lat="37.7397" lon="-119.51517">
        <ele>1977.0</ele>
      </trkpt>
      <trkpt lat="37.739" lon="-119.51512">
        <ele>1963.0</ele>
      </trkpt>
      <trkpt lat="37.7387" lon="-119.51487">
        <ele>1960.0</ele>
      </trkpt>
      <trkpt lat="37.73835" lon="-119.51452">
        <ele>1963.0</ele>
      </trkpt>
      <trkpt lat="37.7381" lon="-119.51438">
        <ele>1960.0</ele>
      </trkpt>
      <trkpt lat="37.73795" lon="-119.51444">
        <ele>1960.0</ele>
      </trkpt>
      <trkpt lat="37.73771" lon="-119.51465">
        <ele>1952.0</ele>
      </trkpt>
      <trkpt lat="37.73749" lon="-119.51493">
        <ele>1947.0</ele>
      </trkpt>
      <trkpt lat="37.7370721065275" lon="-119.514954581969">
        <ele>1937.0</ele>
      </trkpt>
      <trkpt lat="37.7370721065275" lon="-119.514954581969">
        <ele>1937.0</ele>
      </trkpt>
      <trkpt lat="37.73698" lon="-119.51496">
        <ele>1937.0</ele>
      </trkpt>
      <trkpt lat="37.73671" lon="-119.51494">
        <ele>1928.0</ele>
      </trkpt>
      <trkpt lat="37.7365" lon="-119.51487">
        <ele>1922.0</ele>
      </trkpt>
      <trkpt lat="37.73622" lon="-119.51496">
        <ele>1917.0</ele>
      </trkpt>
      <trkpt lat="37.73618" lon="-119.51467">
        <ele>1911.0</ele>
      </trkpt>
      <trkpt lat="37.73597" lon="-119.51478">
        <ele>1906.0</ele>
      </trkpt>
      <trkpt lat="37.73597" lon="-119.51478">
        <ele>1906.0</ele>
      </trkpt>
      <trkpt lat="37.73582" lon="-119.51486">
        <ele>1906.0</ele>
      </trkpt>
      <trkpt lat="37.73576" lon="-119.51483">
        <ele>1906.0</ele>
      </trkpt>
      <trkpt lat="37.73579" lon="-119.51441">
        <ele>1903.0</ele>
      </trkpt>
      <trkpt lat="37.73565" lon="-119.51441">
        <ele>1899.0</ele>
      </trkpt>
      <trkpt lat="37.73541" lon="-119.51455">
        <ele>1877.0</ele>
      </trkpt>
      <trkpt lat="37.73536" lon="-119.5145">
        <ele>1877.0</ele>
      </trkpt>
      <trkpt lat="37.73543" lon="-119.51412">
        <ele>1891.0</ele>
      </trkpt>
      <trkpt lat="37.73531" lon="-119.51413">
        <ele>1877.0</ele>
      </trkpt>
      <trkpt lat="37.73494" lon="-119.51457">
        <ele>1869.0</ele>
      </trkpt>
      <trkpt lat="37.73494" lon="-119.51457">
        <ele>1869.0</ele>
      </trkpt>
      <trkpt lat="37.73494" lon="-119.51457">
        <ele>1869.0</ele>
      </trkpt>
      <trkpt lat="37.7346200043788" lon="-119.514410003451">
        <ele>1867.0</ele>
      </trkpt>
      <trkpt lat="37.7346200043788" lon="-119.514410003451">
        <ele>1867.0</ele>
      </trkpt>
      <trkpt lat="37.73462" lon="-119.51441">
        <ele>1867.0</ele>
      </trkpt>
      <trkpt lat="37.73455" lon="-119.51429">
        <ele>1876.0</ele>
      </trkpt>
      <trkpt lat="37.73455" lon="-119.51429">
        <ele>1876.0</ele>
      </trkpt>
      <trkpt lat="37.73448" lon="-119.51433">
        <ele>1873.0</ele>
      </trkpt>
      <trkpt lat="37.73424" lon="-119.51461">
        <ele>1876.0</ele>
      </trkpt>
      <trkpt lat="37.7340568495917" lon="-119.514904348871">
        <ele>1870.0</ele>
      </trkpt>
      <trkpt lat="37.7340568495917" lon="-119.514904348871">
        <ele>1870.0</ele>
      </trkpt>
      <trkpt lat="37.73396" lon="-119.51506">
        <ele>1877.0</ele>
      </trkpt>
      <trkpt lat="37.7336" lon="-119.51537">
        <ele>1872.0</ele>
      </trkpt>
      <trkpt lat="37.7336" lon="-119.51537">
        <ele>1872.0</ele>
      </trkpt>
      <trkpt lat="37.7336" lon="-119.51537">
        <ele>1872.0</ele>
      </trkpt>
      <trkpt lat="37.73211" lon="-119.51533">
        <ele>1861.0</ele>
      </trkpt>
      <trkpt lat="37.7320522124258" lon="-119.515343597076">
        <ele>1865.0</ele>
      </trkpt>
      <trkpt lat="37.7320522124258" lon="-119.515343597076">
        <ele>1865.0</ele>
      </trkpt>
      <trkpt lat="37.731967868702" lon="-119.515363442658">
        <ele>1865.0</ele>
      </trkpt>
      <trkpt lat="37.731967868702" lon="-119.515363442658">
        <ele>1865.0</ele>
      </trkpt>
      <trkpt lat="37.731955057616" lon="-119.515366457032">
        <ele>1865.0</ele>
      </trkpt>
      <trkpt lat="37.7319508052067" lon="-119.51538446723">
        <ele>1865.0</ele>
      </trkpt>
      <trkpt lat="37.73194" lon="-119.51566">
        <ele>1867.0</ele>
      </trkpt>
      <trkpt lat="37.73194" lon="-119.51566">
        <ele>1867.0</ele>
      </trkpt>
      <trkpt lat="37.73194" lon="-119.51566">
        <ele>1867.0</ele>
      </trkpt>
      <trkpt lat="37.73236" lon="-119.5156">
        <ele>1862.0</ele>
      </trkpt>
      <trkpt lat="37.7324227946558" lon="-119.515627703525">
        <ele>1859.0</ele>
      </trkpt>
      <trkpt lat="37.7324227946558" lon="-119.515627703525">
        <ele>1859.0</ele>
      </trkpt>
      <trkpt lat="37.7327" lon="-119.51575">
        <ele>1862.0</ele>
      </trkpt>
      <trkpt lat="37.73302" lon="-119.5158">
        <ele>1861.0</ele>
      </trkpt>
      <trkpt lat="37.73364" lon="-119.5156">
        <ele>1866.0</ele>
      </trkpt>
      <trkpt lat="37.7337552357988" lon="-119.515534947533">
        <ele>1867.0</ele>
      </trkpt>
      <trkpt lat="37.7337552357988" lon="-119.515534947533">
        <ele>1867.0</ele>
      </trkpt>
      <trkpt lat="37.7338868561073" lon="-119.515460645746">
        <ele>1867.0</ele>
      </trkpt>
      <trkpt lat="37.7338868561073" lon="-119.515460645746">
        <ele>1867.0</ele>
      </trkpt>
      <trkpt lat="37.733973357635" lon="-119.515411814238">
        <ele>1871.0</ele>
      </trkpt>
      <trkpt lat="37.733973357635" lon="-119.515411814238">
        <ele>1871.0</ele>
      </trkpt>
      <trkpt lat="37.73426" lon="-119.51525">
        <ele>1867.0</ele>
      </trkpt>
      <trkpt lat="37.7345299974522" lon="-119.51499000077">
        <ele>1866.0</ele>
      </trkpt>
      <trkpt lat="37.7345299974522" lon="-119.51499000077">
        <ele>1866.0</ele>
      </trkpt>
      <trkpt lat="37.73453" lon="-119.51499">
        <ele>1866.0</ele>
      </trkpt>
      <trkpt lat="37.7345433932327" lon="-119.514942007583">
        <ele>1866.0</ele>
      </trkpt>
      <trkpt lat="37.7345433932327" lon="-119.514942007583">
        <ele>1866.0</ele>
      </trkpt>
      <trkpt lat="37.73453" lon="-119.51499">
        <ele>1866.0</ele>
      </trkpt>
      <trkpt lat="37.7345299974522" lon="-119.51499000077">
        <ele>1866.0</ele>
      </trkpt>
      <trkpt lat="37.7345299974522" lon="-119.51499000077">
        <ele>1866.0</ele>
      </trkpt>
      <trkpt lat="37.73453" lon="-119.51499">
        <ele>1866.0</ele>
      </trkpt>
      <trkpt lat="37.73494" lon="-119.51457">
        <ele>1869.0</ele>
      </trkpt>
      <trkpt lat="37.73494" lon="-119.51457">
        <ele>1869.0</ele>
      </trkpt>
      <trkpt lat="37.73494" lon="-119.51457">
        <ele>1869.0</ele>
      </trkpt>
      <trkpt lat="37.73531" lon="-119.51413">
        <ele>1877.0</ele>
      </trkpt>
      <trkpt lat="37.73543" lon="-119.51412">
        <ele>1891.0</ele>
      </trkpt>
      <trkpt lat="37.73536" lon="-119.5145">
        <ele>1877.0</ele>
      </trkpt>
      <trkpt lat="37.73541" lon="-119.51455">
        <ele>1877.0</ele>
      </trkpt>
      <trkpt lat="37.73565" lon="-119.51441">
        <ele>1899.0</ele>
      </trkpt>
      <trkpt lat="37.73579" lon="-119.51441">
        <ele>1903.0</ele>
      </trkpt>
      <trkpt lat="37.73576" lon="-119.51483">
        <ele>1906.0</ele>
      </trkpt>
      <trkpt lat="37.73582" lon="-119.51486">
        <ele>1906.0</ele>
      </trkpt>
      <trkpt lat="37.73597" lon="-119.51478">
        <ele>1906.0</ele>
      </trkpt>
      <trkpt lat="37.73597" lon="-119.51478">
        <ele>1906.0</ele>
      </trkpt>
      <trkpt lat="37.73618" lon="-119.51467">
        <ele>1911.0</ele>
      </trkpt>
      <trkpt lat="37.73622" lon="-119.51496">
        <ele>1917.0</ele>
      </trkpt>
      <trkpt lat="37.7365" lon="-119.51487">
        <ele>1922.0</ele>
      </trkpt>
      <trkpt lat="37.73671" lon="-119.51494">
        <ele>1928.0</ele>
      </trkpt>
      <trkpt lat="37.73698" lon="-119.51496">
        <ele>1937.0</ele>
      </trkpt>
      <trkpt lat="37.73749" lon="-119.51493">
        <ele>1947.0</ele>
      </trkpt>
      <trkpt lat="37.73771" lon="-119.51465">
        <ele>1952.0</ele>
      </trkpt>
      <trkpt lat="37.73795" lon="-119.51444">
        <ele>1960.0</ele>
      </trkpt>
      <trkpt lat="37.7381" lon="-119.51438">
        <ele>1960.0</ele>
      </trkpt>
      <trkpt lat="37.73835" lon="-119.51452">
        <ele>1963.0</ele>
      </trkpt>
      <trkpt lat="37.7387" lon="-119.51487">
        <ele>1960.0</ele>
      </trkpt>
      <trkpt lat="37.739" lon="-119.51512">
        <ele>1963.0</ele>
      </trkpt>
      <trkpt lat="37.7397" lon="-119.51517">
        <ele>1977.0</ele>
      </trkpt>
      <trkpt lat="37.73977" lon="-119.51532">
        <ele>1977.0</ele>
      </trkpt>
      <trkpt lat="37.73987" lon="-119.51544">
        <ele>1978.0</ele>
      </trkpt>
      <trkpt lat="37.74002" lon="-119.51543">
        <ele>1978.0</ele>
      </trkpt>
      <trkpt lat="37.74024" lon="-119.51522">
        <ele>1979.0</ele>
      </trkpt>
      <trkpt lat="37.74037" lon="-119.51488">
        <ele>1992.0</ele>
      </trkpt>
      <trkpt lat="37.74057" lon="-119.51482">
        <ele>1996.0</ele>
      </trkpt>
      <trkpt lat="37.74083" lon="-119.51446">
        <ele>1986.0</ele>
      </trkpt>
      <trkpt lat="37.74085" lon="-119.51408">
        <ele>1991.0</ele>
      </trkpt>
      <trkpt lat="37.74078" lon="-119.51377">
        <ele>1995.0</ele>
      </trkpt>
      <trkpt lat="37.74072" lon="-119.51323">
        <ele>1994.0</ele>
      </trkpt>
      <trkpt lat="37.74057" lon="-119.51297">
        <ele>1994.0</ele>
      </trkpt>
      <trkpt lat="37.7406" lon="-119.5127">
        <ele>1999.0</ele>
      </trkpt>
      <trkpt lat="37.74071" lon="-119.51234">
        <ele>2010.0</ele>
      </trkpt>
      <trkpt lat="37.74078" lon="-119.51219">
        <ele>2010.0</ele>
      </trkpt>
      <trkpt lat="37.74096" lon="-119.51246">
        <ele>2005.0</ele>
      </trkpt>
      <trkpt lat="37.74106" lon="-119.51243">
        <ele>2009.0</ele>
      </trkpt>
      <trkpt lat="37.7411" lon="-119.51206">
        <ele>2013.0</ele>
      </trkpt>
      <trkpt lat="37.74123" lon="-119.5119">
        <ele>2013.0</ele>
      </trkpt>
      <trkpt lat="37.74127" lon="-119.51154">
        <ele>2022.0</ele>
      </trkpt>
      <trkpt lat="37.74143" lon="-119.51118">
        <ele>2027.0</ele>
      </trkpt>
      <trkpt lat="37.74154" lon="-119.5112">
        <ele>2036.0</ele>
      </trkpt>
      <trkpt lat="37.74195" lon="-119.51181">
        <ele>2042.0</ele>
      </trkpt>
      <trkpt lat="37.74215" lon="-119.51225">
        <ele>2053.0</ele>
      </trkpt>
      <trkpt lat="37.74219" lon="-119.51249">
        <ele>2051.0</ele>
      </trkpt>
      <trkpt lat="37.74232" lon="-119.51262">
        <ele>2051.0</ele>
      </trkpt>
      <trkpt lat="37.74238" lon="-119.51274">
        <ele>2061.0</ele>
      </trkpt>
      <trkpt lat="37.74261" lon="-119.51263">
        <ele>2064.0</ele>
      </trkpt>
      <trkpt lat="37.74261" lon="-119.51241">
        <ele>2064.0</ele>
      </trkpt>
      <trkpt lat="37.74254" lon="-119.51185">
        <ele>2065.0</ele>
      </trkpt>
      <trkpt lat="37.7426" lon="-119.51178">
        <ele>2064.0</ele>
      </trkpt>
      <trkpt lat="37.74291" lon="-119.51212">
        <ele>2071.0</ele>
      </trkpt>
      <trkpt lat="37.7431" lon="-119.51216">
        <ele>2074.0</ele>
      </trkpt>
      <trkpt lat="37.74327" lon="-119.5125">
        <ele>2083.0</ele>
      </trkpt>
      <trkpt lat="37.74338" lon="-119.51284">
        <ele>2087.0</ele>
      </trkpt>
      <trkpt lat="37.74349" lon="-119.51293">
        <ele>2101.0</ele>
      </trkpt>
      <trkpt lat="37.74354" lon="-119.51286">
        <ele>2100.0</ele>
      </trkpt>
      <trkpt lat="37.74362" lon="-119.51283">
        <ele>2100.0</ele>
      </trkpt>
      <trkpt lat="37.74369" lon="-119.51226">
        <ele>2087.0</ele>
      </trkpt>
      <trkpt lat="37.74375" lon="-119.51207">
        <ele>2089.0</ele>
      </trkpt>
      <trkpt lat="37.744" lon="-119.51234">
        <ele>2107.0</ele>
      </trkpt>
      <trkpt lat="37.74414" lon="-119.51226">
        <ele>2116.0</ele>
      </trkpt>
      <trkpt lat="37.74439" lon="-119.51262">
        <ele>2127.0</ele>
      </trkpt>
      <trkpt lat="37.74462" lon="-119.51281">
        <ele>2137.0</ele>
      </trkpt>
      <trkpt lat="37.7449" lon="-119.51284">
        <ele>2136.0</ele>
      </trkpt>
      <trkpt lat="37.745" lon="-119.51279">
        <ele>2136.0</ele>
      </trkpt>
      <trkpt lat="37.74506" lon="-119.51272">
        <ele>2136.0</ele>
      </trkpt>
      <trkpt lat="37.74506" lon="-119.51272">
        <ele>2136.0</ele>
      </trkpt>
      <trkpt lat="37.74521" lon="-119.51282">
        <ele>2141.0</ele>
      </trkpt>
      <trkpt lat="37.74537" lon="-119.51288">
        <ele>2141.0</ele>
      </trkpt>
      <trkpt lat="37.7456" lon="-119.51304">
        <ele>2142.0</ele>
      </trkpt>
      <trkpt lat="37.74568" lon="-119.51317">
        <ele>2142.0</ele>
      </trkpt>
      <trkpt lat="37.74579" lon="-119.51313">
        <ele>2143.0</ele>
      </trkpt>
      <trkpt lat="37.7461" lon="-119.51337">
        <ele>2152.0</ele>
      </trkpt>
      <trkpt lat="37.74619" lon="-119.5133">
        <ele>2152.0</ele>
      </trkpt>
      <trkpt lat="37.74623" lon="-119.51317">
        <ele>2152.0</ele>
      </trkpt>
      <trkpt lat="37.74639" lon="-119.51325">
        <ele>2161.0</ele>
      </trkpt>
      <trkpt lat="37.74654" lon="-119.5136">
        <ele>2166.0</ele>
      </trkpt>
      <trkpt lat="37.74682" lon="-119.51375">
        <ele>2170.0</ele>
      </trkpt>
      <trkpt lat="37.74706" lon="-119.51379">
        <ele>2170.0</ele>
      </trkpt>
      <trkpt lat="37.74715" lon="-119.51365">
        <ele>2170.0</ele>
      </trkpt>
      <trkpt lat="37.74743" lon="-119.51378">
        <ele>2177.0</ele>
      </trkpt>
      <trkpt lat="37.74769" lon="-119.51397">
        <ele>2186.0</ele>
      </trkpt>
      <trkpt lat="37.74782" lon="-119.51395">
        <ele>2186.0</ele>
      </trkpt>
      <trkpt lat="37.74803" lon="-119.51401">
        <ele>2198.0</ele>
      </trkpt>
      <trkpt lat="37.74809" lon="-119.51412">
        <ele>2201.0</ele>
      </trkpt>
      <trkpt lat="37.74809" lon="-119.5143">
        <ele>2201.0</ele>
      </trkpt>
      <trkpt lat="37.74803" lon="-119.51482">
        <ele>2199.0</ele>
      </trkpt>
      <trkpt lat="37.74814" lon="-119.51503">
        <ele>2199.0</ele>
      </trkpt>
      <trkpt lat="37.7483" lon="-119.51498">
        <ele>2207.0</ele>
      </trkpt>
      <trkpt lat="37.74848" lon="-119.51471">
        <ele>2212.0</ele>
      </trkpt>
      <trkpt lat="37.74873" lon="-119.51449">
        <ele>2211.0</ele>
      </trkpt>
      <trkpt lat="37.74881" lon="-119.51453">
        <ele>2219.0</ele>
      </trkpt>
      <trkpt lat="37.7489" lon="-119.51469">
        <ele>2217.0</ele>
      </trkpt>
      <trkpt lat="37.74899" lon="-119.51496">
        <ele>2219.0</ele>
      </trkpt>
      <trkpt lat="37.74902" lon="-119.5152">
        <ele>2220.0</ele>
      </trkpt>
      <trkpt lat="37.74921" lon="-119.51574">
        <ele>2235.0</ele>
      </trkpt>
      <trkpt lat="37.74942" lon="-119.51608">
        <ele>2240.0</ele>
      </trkpt>
      <trkpt lat="37.74969" lon="-119.51606">
        <ele>2246.0</ele>
      </trkpt>
      <trkpt lat="37.75016" lon="-119.51582">
        <ele>2258.0</ele>
      </trkpt>
      <trkpt lat="37.75028" lon="-119.51579">
        <ele>2258.0</ele>
      </trkpt>
      <trkpt lat="37.75046" lon="-119.51581">
        <ele>2262.0</ele>
      </trkpt>
      <trkpt lat="37.75066" lon="-119.51577">
        <ele>2262.0</ele>
      </trkpt>
      <trkpt lat="37.75083" lon="-119.5158">
        <ele>2267.0</ele>
      </trkpt>
      <trkpt lat="37.75113" lon="-119.51604">
        <ele>2273.0</ele>
      </trkpt>
      <trkpt lat="37.7514" lon="-119.51629">
        <ele>2281.0</ele>
      </trkpt>
      <trkpt lat="37.7515" lon="-119.51644">
        <ele>2281.0</ele>
      </trkpt>
      <trkpt lat="37.75153" lon="-119.51653">
        <ele>2282.0</ele>
      </trkpt>
      <trkpt lat="37.75154" lon="-119.51686">
        <ele>2284.0</ele>
      </trkpt>
      <trkpt lat="37.75159" lon="-119.51729">
        <ele>2286.0</ele>
      </trkpt>
      <trkpt lat="37.75171" lon="-119.51777">
        <ele>2289.0</ele>
      </trkpt>
      <trkpt lat="37.75188" lon="-119.51795">
        <ele>2299.0</ele>
      </trkpt>
      <trkpt lat="37.75219" lon="-119.51848">
        <ele>2302.0</ele>
      </trkpt>
      <trkpt lat="37.75221" lon="-119.51882">
        <ele>2302.0</ele>
      </trkpt>
      <trkpt lat="37.75225" lon="-119.51904">
        <ele>2304.0</ele>
      </trkpt>
      <trkpt lat="37.7522" lon="-119.51924">
        <ele>2304.0</ele>
      </trkpt>
      <trkpt lat="37.75226" lon="-119.51952">
        <ele>2308.0</ele>
      </trkpt>
      <trkpt lat="37.75226" lon="-119.51983">
        <ele>2313.0</ele>
      </trkpt>
      <trkpt lat="37.75209" lon="-119.52117">
        <ele>2322.0</ele>
      </trkpt>
      <trkpt lat="37.75195" lon="-119.52167">
        <ele>2332.0</ele>
      </trkpt>
      <trkpt lat="37.75175" lon="-119.52182">
        <ele>2338.0</ele>
      </trkpt>
      <trkpt lat="37.75157" lon="-119.52187">
        <ele>2338.0</ele>
      </trkpt>
      <trkpt lat="37.75144" lon="-119.52156">
        <ele>2355.0</ele>
      </trkpt>
      <trkpt lat="37.75119" lon="-119.52178">
        <ele>2373.0</ele>
      </trkpt>
      <trkpt lat="37.75113" lon="-119.52179">
        <ele>2373.0</ele>
      </trkpt>
      <trkpt lat="37.75111" lon="-119.52174">
        <ele>2373.0</ele>
      </trkpt>
      <trkpt lat="37.75113" lon="-119.52132">
        <ele>2370.0</ele>
      </trkpt>
      <trkpt lat="37.75105" lon="-119.52125">
        <ele>2363.0</ele>
      </trkpt>
      <trkpt lat="37.75066" lon="-119.52147">
        <ele>2375.0</ele>
      </trkpt>
      <trkpt lat="37.75059" lon="-119.52161">
        <ele>2385.0</ele>
      </trkpt>
      <trkpt lat="37.75059" lon="-119.52178">
        <ele>2385.0</ele>
      </trkpt>
      <trkpt lat="37.75056" lon="-119.52187">
        <ele>2391.0</ele>
      </trkpt>
      <trkpt lat="37.75041" lon="-119.52206">
        <ele>2386.0</ele>
      </trkpt>
      <trkpt lat="37.75025" lon="-119.52244">
        <ele>2395.0</ele>
      </trkpt>
      <trkpt lat="37.75011" lon="-119.52265">
        <ele>2391.0</ele>
      </trkpt>
      <trkpt lat="37.75015" lon="-119.52286">
        <ele>2397.0</ele>
      </trkpt>
      <trkpt lat="37.75014" lon="-119.523">
        <ele>2397.0</ele>
      </trkpt>
      <trkpt lat="37.74998" lon="-119.52317">
        <ele>2392.0</ele>
      </trkpt>
      <trkpt lat="37.75005" lon="-119.52345">
        <ele>2393.0</ele>
      </trkpt>
      <trkpt lat="37.75005" lon="-119.52367">
        <ele>2395.0</ele>
      </trkpt>
      <trkpt lat="37.75001" lon="-119.52387">
        <ele>2395.0</ele>
      </trkpt>
      <trkpt lat="37.74972" lon="-119.52407">
        <ele>2395.0</ele>
      </trkpt>
      <trkpt lat="37.74957" lon="-119.52422">
        <ele>2389.0</ele>
      </trkpt>
      <trkpt lat="37.74953" lon="-119.52431">
        <ele>2391.0</ele>
      </trkpt>
      <trkpt lat="37.74951" lon="-119.52442">
        <ele>2391.0</ele>
      </trkpt>
      <trkpt lat="37.74951" lon="-119.52465">
        <ele>2391.0</ele>
      </trkpt>
      <trkpt lat="37.74959" lon="-119.52481">
        <ele>2396.0</ele>
      </trkpt>
      <trkpt lat="37.74958" lon="-119.52491">
        <ele>2393.0</ele>
      </trkpt>
      <trkpt lat="37.74967" lon="-119.52517">
        <ele>2396.0</ele>
      </trkpt>
      <trkpt lat="37.74966" lon="-119.52551">
        <ele>2396.0</ele>
      </trkpt>
      <trkpt lat="37.74954" lon="-119.52613">
        <ele>2398.0</ele>
      </trkpt>
      <trkpt lat="37.74913" lon="-119.52664">
        <ele>2401.0</ele>
      </trkpt>
      <trkpt lat="37.74896" lon="-119.52675">
        <ele>2401.0</ele>
      </trkpt>
      <trkpt lat="37.74891" lon="-119.52689">
        <ele>2405.0</ele>
      </trkpt>
      <trkpt lat="37.74887" lon="-119.52708">
        <ele>2405.0</ele>
      </trkpt>
      <trkpt lat="37.7488" lon="-119.52718">
        <ele>2409.0</ele>
      </trkpt>
      <trkpt lat="37.74844" lon="-119.52711">
        <ele>2423.0</ele>
      </trkpt>
      <trkpt lat="37.7485" lon="-119.52724">
        <ele>2416.0</ele>
      </trkpt>
      <trkpt lat="37.74827" lon="-119.52721">
        <ele>2423.0</ele>
      </trkpt>
      <trkpt lat="37.74837" lon="-119.52734">
        <ele>2423.0</ele>
      </trkpt>
      <trkpt lat="37.74807" lon="-119.52733">
        <ele>2417.0</ele>
      </trkpt>
      <trkpt lat="37.74825" lon="-119.52747">
        <ele>2440.0</ele>
      </trkpt>
      <trkpt lat="37.74814" lon="-119.52751">
        <ele>2439.0</ele>
      </trkpt>
      <trkpt lat="37.74822" lon="-119.52757">
        <ele>2440.0</ele>
      </trkpt>
      <trkpt lat="37.74811" lon="-119.52762">
        <ele>2439.0</ele>
      </trkpt>
      <trkpt lat="37.74818" lon="-119.52773">
        <ele>2459.0</ele>
      </trkpt>
      <trkpt lat="37.74802" lon="-119.52771">
        <ele>2459.0</ele>
      </trkpt>
      <trkpt lat="37.74812" lon="-119.5279">
        <ele>2459.0</ele>
      </trkpt>
      <trkpt lat="37.74805" lon="-119.52795">
        <ele>2466.0</ele>
      </trkpt>
      <trkpt lat="37.74797" lon="-119.52795">
        <ele>2466.0</ele>
      </trkpt>
      <trkpt lat="37.74802" lon="-119.52809">
        <ele>2466.0</ele>
      </trkpt>
      <trkpt lat="37.748" lon="-119.52821">
        <ele>2480.0</ele>
      </trkpt>
      <trkpt lat="37.74791" lon="-119.52826">
        <ele>2471.0</ele>
      </trkpt>
      <trkpt lat="37.74792" lon="-119.52833">
        <ele>2480.0</ele>
      </trkpt>
      <trkpt lat="37.74784" lon="-119.52834">
        <ele>2471.0</ele>
      </trkpt>
      <trkpt lat="37.74784" lon="-119.52848">
        <ele>2480.0</ele>
      </trkpt>
      <trkpt lat="37.74756" lon="-119.52884">
        <ele>2476.0</ele>
      </trkpt>
      <trkpt lat="37.74755" lon="-119.52899">
        <ele>2476.0</ele>
      </trkpt>
      <trkpt lat="37.74744" lon="-119.52908">
        <ele>2481.0</ele>
      </trkpt>
      <trkpt lat="37.7474" lon="-119.52932">
        <ele>2493.0</ele>
      </trkpt>
      <trkpt lat="37.74692" lon="-119.52954">
        <ele>2500.0</ele>
      </trkpt>
      <trkpt lat="37.7467" lon="-119.52989">
        <ele>2473.0</ele>
      </trkpt>
      <trkpt lat="37.74643" lon="-119.53062">
        <ele>2452.0</ele>
      </trkpt>
      <trkpt lat="37.74643" lon="-119.53062">
        <ele>2452.0</ele>
      </trkpt>
      <trkpt lat="37.7463809370469" lon="-119.530754389828">
        <ele>2469.0</ele>
      </trkpt>
      <trkpt lat="37.7463809370469" lon="-119.530754389828">
        <ele>2469.0</ele>
      </trkpt>
      <trkpt lat="37.7462" lon="-119.53125">
        <ele>2447.0</ele>
      </trkpt>
      <trkpt lat="37.7462" lon="-119.53125">
        <ele>2447.0</ele>
      </trkpt>
      <trkpt lat="37.74596" lon="-119.53182">
        <ele>2603.0</ele>
      </trkpt>
      <trkpt lat="37.74559" lon="-119.53283">
        <ele>2651.0</ele>
      </trkpt>
      <trkpt lat="37.74559" lon="-119.53283">
        <ele>2651.0</ele>
      </trkpt>
      <trkpt lat="37.74559" lon="-119.5331">
        <ele>2625.0</ele>
      </trkpt>
      <trkpt lat="37.7458005211002" lon="-119.533133240174">
        <ele>2657.0</ele>
      </trkpt>
      <trkpt lat="37.7458005211002" lon="-119.533133240174">
        <ele>2657.0</ele>
      </trkpt>
      <trkpt lat="37.7459546055546" lon="-119.533157569298">
        <ele>2657.0</ele>
      </trkpt>
      <trkpt lat="37.7459546055546" lon="-119.533157569298">
        <ele>2657.0</ele>
      </trkpt>
      <trkpt lat="37.7456557268802" lon="-119.533110377928">
        <ele>2625.0</ele>
      </trkpt>
      <trkpt lat="37.7456557268802" lon="-119.533110377928">
        <ele>2625.0</ele>
      </trkpt>
      <trkpt lat="37.74559" lon="-119.5331">
        <ele>2625.0</ele>
      </trkpt>
      <trkpt lat="37.74559" lon="-119.53283">
        <ele>2651.0</ele>
      </trkpt>
      <trkpt lat="37.74559" lon="-119.53283">
        <ele>2651.0</ele>
      </trkpt>
      <trkpt lat="37.7457081762046" lon="-119.532507410901">
        <ele>2631.0</ele>
      </trkpt>
      <trkpt lat="37.7457081762046" lon="-119.532507410901">
        <ele>2631.0</ele>
      </trkpt>
      <trkpt lat="37.74596" lon="-119.53182">
        <ele>2603.0</ele>
      </trkpt>
      <trkpt lat="37.7462" lon="-119.53125">
        <ele>2447.0</ele>
      </trkpt>
      <trkpt lat="37.7462" lon="-119.53125">
        <ele>2447.0</ele>
      </trkpt>
      <trkpt lat="37.74643" lon="-119.53062">
        <ele>2452.0</ele>
      </trkpt>
      <trkpt lat="37.74643" lon="-119.53062">
        <ele>2452.0</ele>
      </trkpt>
      <trkpt lat="37.7467" lon="-119.52989">
        <ele>2473.0</ele>
      </trkpt>
      <trkpt lat="37.74692" lon="-119.52954">
        <ele>2500.0</ele>
      </trkpt>
      <trkpt lat="37.7474" lon="-119.52932">
        <ele>2493.0</ele>
      </trkpt>
      <trkpt lat="37.74744" lon="-119.52908">
        <ele>2481.0</ele>
      </trkpt>
      <trkpt lat="37.74755" lon="-119.52899">
        <ele>2476.0</ele>
      </trkpt>
      <trkpt lat="37.74756" lon="-119.52884">
        <ele>2476.0</ele>
      </trkpt>
      <trkpt lat="37.74784" lon="-119.52848">
        <ele>2480.0</ele>
      </trkpt>
      <trkpt lat="37.74784" lon="-119.52834">
        <ele>2471.0</ele>
      </trkpt>
      <trkpt lat="37.74792" lon="-119.52833">
        <ele>2480.0</ele>
      </trkpt>
      <trkpt lat="37.74791" lon="-119.52826">
        <ele>2471.0</ele>
      </trkpt>
      <trkpt lat="37.748" lon="-119.52821">
        <ele>2480.0</ele>
      </trkpt>
      <trkpt lat="37.74802" lon="-119.52809">
        <ele>2466.0</ele>
      </trkpt>
      <trkpt lat="37.74797" lon="-119.52795">
        <ele>2466.0</ele>
      </trkpt>
      <trkpt lat="37.74805" lon="-119.52795">
        <ele>2466.0</ele>
      </trkpt>
      <trkpt lat="37.74812" lon="-119.5279">
        <ele>2459.0</ele>
      </trkpt>
      <trkpt lat="37.74802" lon="-119.52771">
        <ele>2459.0</ele>
      </trkpt>
      <trkpt lat="37.74818" lon="-119.52773">
        <ele>2459.0</ele>
      </trkpt>
      <trkpt lat="37.74811" lon="-119.52762">
        <ele>2439.0</ele>
      </trkpt>
      <trkpt lat="37.74822" lon="-119.52757">
        <ele>2440.0</ele>
      </trkpt>
      <trkpt lat="37.74814" lon="-119.52751">
        <ele>2439.0</ele>
      </trkpt>
      <trkpt lat="37.74825" lon="-119.52747">
        <ele>2440.0</ele>
      </trkpt>
      <trkpt lat="37.74807" lon="-119.52733">
        <ele>2417.0</ele>
      </trkpt>
      <trkpt lat="37.74837" lon="-119.52734">
        <ele>2423.0</ele>
      </trkpt>
      <trkpt lat="37.74827" lon="-119.52721">
        <ele>2423.0</ele>
      </trkpt>
      <trkpt lat="37.7485" lon="-119.52724">
        <ele>2416.0</ele>
      </trkpt>
      <trkpt lat="37.74844" lon="-119.52711">
        <ele>2423.0</ele>
      </trkpt>
      <trkpt lat="37.7488" lon="-119.52718">
        <ele>2409.0</ele>
      </trkpt>
      <trkpt lat="37.74887" lon="-119.52708">
        <ele>2405.0</ele>
      </trkpt>
      <trkpt lat="37.74891" lon="-119.52689">
        <ele>2405.0</ele>
      </trkpt>
      <trkpt lat="37.74896" lon="-119.52675">
        <ele>2401.0</ele>
      </trkpt>
      <trkpt lat="37.74913" lon="-119.52664">
        <ele>2401.0</ele>
      </trkpt>
      <trkpt lat="37.74954" lon="-119.52613">
        <ele>2398.0</ele>
      </trkpt>
      <trkpt lat="37.74966" lon="-119.52551">
        <ele>2396.0</ele>
      </trkpt>
      <trkpt lat="37.74967" lon="-119.52517">
        <ele>2396.0</ele>
      </trkpt>
      <trkpt lat="37.74958" lon="-119.52491">
        <ele>2393.0</ele>
      </trkpt>
      <trkpt lat="37.74959" lon="-119.52481">
        <ele>2396.0</ele>
      </trkpt>
      <trkpt lat="37.74951" lon="-119.52465">
        <ele>2391.0</ele>
      </trkpt>
      <trkpt lat="37.74951" lon="-119.52442">
        <ele>2391.0</ele>
      </trkpt>
      <trkpt lat="37.74953" lon="-119.52431">
        <ele>2391.0</ele>
      </trkpt>
      <trkpt lat="37.74957" lon="-119.52422">
        <ele>2389.0</ele>
      </trkpt>
      <trkpt lat="37.74972" lon="-119.52407">
        <ele>2395.0</ele>
      </trkpt>
      <trkpt lat="37.75001" lon="-119.52387">
        <ele>2395.0</ele>
      </trkpt>
      <trkpt lat="37.75005" lon="-119.52367">
        <ele>2395.0</ele>
      </trkpt>
      <trkpt lat="37.75005" lon="-119.52345">
        <ele>2393.0</ele>
      </trkpt>
      <trkpt lat="37.74998" lon="-119.52317">
        <ele>2392.0</ele>
      </trkpt>
      <trkpt lat="37.75014" lon="-119.523">
        <ele>2397.0</ele>
      </trkpt>
      <trkpt lat="37.75015" lon="-119.52286">
        <ele>2397.0</ele>
      </trkpt>
      <trkpt lat="37.75011" lon="-119.52265">
        <ele>2391.0</ele>
      </trkpt>
      <trkpt lat="37.75025" lon="-119.52244">
        <ele>2395.0</ele>
      </trkpt>
      <trkpt lat="37.75041" lon="-119.52206">
        <ele>2386.0</ele>
      </trkpt>
      <trkpt lat="37.75056" lon="-119.52187">
        <ele>2391.0</ele>
      </trkpt>
      <trkpt lat="37.75059" lon="-119.52178">
        <ele>2385.0</ele>
      </trkpt>
      <trkpt lat="37.75059" lon="-119.52161">
        <ele>2385.0</ele>
      </trkpt>
      <trkpt lat="37.75066" lon="-119.52147">
        <ele>2375.0</ele>
      </trkpt>
      <trkpt lat="37.75105" lon="-119.52125">
        <ele>2363.0</ele>
      </trkpt>
      <trkpt lat="37.75113" lon="-119.52132">
        <ele>2370.0</ele>
      </trkpt>
      <trkpt lat="37.75111" lon="-119.52174">
        <ele>2373.0</ele>
      </trkpt>
      <trkpt lat="37.75113" lon="-119.52179">
        <ele>2373.0</ele>
      </trkpt>
      <trkpt lat="37.75119" lon="-119.52178">
        <ele>2373.0</ele>
      </trkpt>
      <trkpt lat="37.75144" lon="-119.52156">
        <ele>2355.0</ele>
      </trkpt>
      <trkpt lat="37.75157" lon="-119.52187">
        <ele>2338.0</ele>
      </trkpt>
      <trkpt lat="37.75175" lon="-119.52182">
        <ele>2338.0</ele>
      </trkpt>
      <trkpt lat="37.75195" lon="-119.52167">
        <ele>2332.0</ele>
      </trkpt>
      <trkpt lat="37.75209" lon="-119.52117">
        <ele>2322.0</ele>
      </trkpt>
      <trkpt lat="37.75226" lon="-119.51983">
        <ele>2313.0</ele>
      </trkpt>
      <trkpt lat="37.75226" lon="-119.51952">
        <ele>2308.0</ele>
      </trkpt>
      <trkpt lat="37.7522" lon="-119.51924">
        <ele>2304.0</ele>
      </trkpt>
      <trkpt lat="37.75225" lon="-119.51904">
        <ele>2304.0</ele>
      </trkpt>
      <trkpt lat="37.75221" lon="-119.51882">
        <ele>2302.0</ele>
      </trkpt>
      <trkpt lat="37.75219" lon="-119.51848">
        <ele>2302.0</ele>
      </trkpt>
      <trkpt lat="37.75188" lon="-119.51795">
        <ele>2299.0</ele>
      </trkpt>
      <trkpt lat="37.75171" lon="-119.51777">
        <ele>2289.0</ele>
      </trkpt>
      <trkpt lat="37.75159" lon="-119.51729">
        <ele>2286.0</ele>
      </trkpt>
      <trkpt lat="37.75154" lon="-119.51686">
        <ele>2284.0</ele>
      </trkpt>
      <trkpt lat="37.75153" lon="-119.51653">
        <ele>2282.0</ele>
      </trkpt>
      <trkpt lat="37.7515" lon="-119.51644">
        <ele>2281.0</ele>
      </trkpt>
      <trkpt lat="37.7514" lon="-119.51629">
        <ele>2281.0</ele>
      </trkpt>
      <trkpt lat="37.75113" lon="-119.51604">
        <ele>2273.0</ele>
      </trkpt>
      <trkpt lat="37.75083" lon="-119.5158">
        <ele>2267.0</ele>
      </trkpt>
      <trkpt lat="37.75066" lon="-119.51577">
        <ele>2262.0</ele>
      </trkpt>
      <trkpt lat="37.75046" lon="-119.51581">
        <ele>2262.0</ele>
      </trkpt>
      <trkpt lat="37.75028" lon="-119.51579">
        <ele>2258.0</ele>
      </trkpt>
      <trkpt lat="37.75016" lon="-119.51582">
        <ele>2258.0</ele>
      </trkpt>
      <trkpt lat="37.74969" lon="-119.51606">
        <ele>2246.0</ele>
      </trkpt>
      <trkpt lat="37.74942" lon="-119.51608">
        <ele>2240.0</ele>
      </trkpt>
      <trkpt lat="37.74921" lon="-119.51574">
        <ele>2235.0</ele>
      </trkpt>
      <trkpt lat="37.74902" lon="-119.5152">
        <ele>2220.0</ele>
      </trkpt>
      <trkpt lat="37.74899" lon="-119.51496">
        <ele>2219.0</ele>
      </trkpt>
      <trkpt lat="37.7489" lon="-119.51469">
        <ele>2217.0</ele>
      </trkpt>
      <trkpt lat="37.74881" lon="-119.51453">
        <ele>2219.0</ele>
      </trkpt>
      <trkpt lat="37.74873" lon="-119.51449">
        <ele>2211.0</ele>
      </trkpt>
      <trkpt lat="37.74848" lon="-119.51471">
        <ele>2212.0</ele>
      </trkpt>
      <trkpt lat="37.7483" lon="-119.51498">
        <ele>2207.0</ele>
      </trkpt>
      <trkpt lat="37.74814" lon="-119.51503">
        <ele>2199.0</ele>
      </trkpt>
      <trkpt lat="37.74803" lon="-119.51482">
        <ele>2199.0</ele>
      </trkpt>
      <trkpt lat="37.74809" lon="-119.5143">
        <ele>2201.0</ele>
      </trkpt>
      <trkpt lat="37.74809" lon="-119.51412">
        <ele>2201.0</ele>
      </trkpt>
      <trkpt lat="37.74803" lon="-119.51401">
        <ele>2198.0</ele>
      </trkpt>
      <trkpt lat="37.74782" lon="-119.51395">
        <ele>2186.0</ele>
      </trkpt>
      <trkpt lat="37.74769" lon="-119.51397">
        <ele>2186.0</ele>
      </trkpt>
      <trkpt lat="37.74743" lon="-119.51378">
        <ele>2177.0</ele>
      </trkpt>
      <trkpt lat="37.74715" lon="-119.51365">
        <ele>2170.0</ele>
      </trkpt>
      <trkpt lat="37.74706" lon="-119.51379">
        <ele>2170.0</ele>
      </trkpt>
      <trkpt lat="37.74682" lon="-119.51375">
        <ele>2170.0</ele>
      </trkpt>
      <trkpt lat="37.74654" lon="-119.5136">
        <ele>2166.0</ele>
      </trkpt>
      <trkpt lat="37.74639" lon="-119.51325">
        <ele>2161.0</ele>
      </trkpt>
      <trkpt lat="37.74623" lon="-119.51317">
        <ele>2152.0</ele>
      </trkpt>
      <trkpt lat="37.74619" lon="-119.5133">
        <ele>2152.0</ele>
      </trkpt>
      <trkpt lat="37.7461" lon="-119.51337">
        <ele>2152.0</ele>
      </trkpt>
      <trkpt lat="37.74579" lon="-119.51313">
        <ele>2143.0</ele>
      </trkpt>
      <trkpt lat="37.74568" lon="-119.51317">
        <ele>2142.0</ele>
      </trkpt>
      <trkpt lat="37.7456" lon="-119.51304">
        <ele>2142.0</ele>
      </trkpt>
      <trkpt lat="37.74537" lon="-119.51288">
        <ele>2141.0</ele>
      </trkpt>
      <trkpt lat="37.74521" lon="-119.51282">
        <ele>2141.0</ele>
      </trkpt>
      <trkpt lat="37.74506" lon="-119.51272">
        <ele>2136.0</ele>
      </trkpt>
      <trkpt lat="37.74506" lon="-119.51272">
        <ele>2136.0</ele>
      </trkpt>
      <trkpt lat="37.745" lon="-119.51279">
        <ele>2136.0</ele>
      </trkpt>
      <trkpt lat="37.7449" lon="-119.51284">
        <ele>2136.0</ele>
      </trkpt>
      <trkpt lat="37.74462" lon="-119.51281">
        <ele>2137.0</ele>
      </trkpt>
      <trkpt lat="37.74439" lon="-119.51262">
        <ele>2127.0</ele>
      </trkpt>
      <trkpt lat="37.74414" lon="-119.51226">
        <ele>2116.0</ele>
      </trkpt>
      <trkpt lat="37.744" lon="-119.51234">
        <ele>2107.0</ele>
      </trkpt>
      <trkpt lat="37.74375" lon="-119.51207">
        <ele>2089.0</ele>
      </trkpt>
      <trkpt lat="37.74369" lon="-119.51226">
        <ele>2087.0</ele>
      </trkpt>
      <trkpt lat="37.74362" lon="-119.51283">
        <ele>2100.0</ele>
      </trkpt>
      <trkpt lat="37.74354" lon="-119.51286">
        <ele>2100.0</ele>
      </trkpt>
      <trkpt lat="37.74349" lon="-119.51293">
        <ele>2101.0</ele>
      </trkpt>
      <trkpt lat="37.74338" lon="-119.51284">
        <ele>2087.0</ele>
      </trkpt>
      <trkpt lat="37.74327" lon="-119.5125">
        <ele>2083.0</ele>
      </trkpt>
      <trkpt lat="37.7431" lon="-119.51216">
        <ele>2074.0</ele>
      </trkpt>
      <trkpt lat="37.74291" lon="-119.51212">
        <ele>2071.0</ele>
      </trkpt>
      <trkpt lat="37.7426" lon="-119.51178">
        <ele>2064.0</ele>
      </trkpt>
      <trkpt lat="37.74254" lon="-119.51185">
        <ele>2065.0</ele>
      </trkpt>
      <trkpt lat="37.74261" lon="-119.51241">
        <ele>2064.0</ele>
      </trkpt>
      <trkpt lat="37.74261" lon="-119.51263">
        <ele>2064.0</ele>
      </trkpt>
      <trkpt lat="37.74238" lon="-119.51274">
        <ele>2061.0</ele>
      </trkpt>
      <trkpt lat="37.74232" lon="-119.51262">
        <ele>2051.0</ele>
      </trkpt>
      <trkpt lat="37.74219" lon="-119.51249">
        <ele>2051.0</ele>
      </trkpt>
      <trkpt lat="37.74215" lon="-119.51225">
        <ele>2053.0</ele>
      </trkpt>
      <trkpt lat="37.74195" lon="-119.51181">
        <ele>2042.0</ele>
      </trkpt>
      <trkpt lat="37.74154" lon="-119.5112">
        <ele>2036.0</ele>
      </trkpt>
      <trkpt lat="37.74143" lon="-119.51118">
        <ele>2027.0</ele>
      </trkpt>
      <trkpt lat="37.74127" lon="-119.51154">
        <ele>2022.0</ele>
      </trkpt>
      <trkpt lat="37.74123" lon="-119.5119">
        <ele>2013.0</ele>
      </trkpt>
      <trkpt lat="37.7411" lon="-119.51206">
        <ele>2013.0</ele>
      </trkpt>
      <trkpt lat="37.74106" lon="-119.51243">
        <ele>2009.0</ele>
      </trkpt>
      <trkpt lat="37.74096" lon="-119.51246">
        <ele>2005.0</ele>
      </trkpt>
      <trkpt lat="37.74078" lon="-119.51219">
        <ele>2010.0</ele>
      </trkpt>
      <trkpt lat="37.74071" lon="-119.51234">
        <ele>2010.0</ele>
      </trkpt>
      <trkpt lat="37.7406" lon="-119.5127">
        <ele>1999.0</ele>
      </trkpt>
      <trkpt lat="37.74057" lon="-119.51297">
        <ele>1994.0</ele>
      </trkpt>
      <trkpt lat="37.74072" lon="-119.51323">
        <ele>1994.0</ele>
      </trkpt>
      <trkpt lat="37.74078" lon="-119.51377">
        <ele>1995.0</ele>
      </trkpt>
      <trkpt lat="37.74085" lon="-119.51408">
        <ele>1991.0</ele>
      </trkpt>
      <trkpt lat="37.74083" lon="-119.51446">
        <ele>1986.0</ele>
      </trkpt>
      <trkpt lat="37.74057" lon="-119.51482">
        <ele>1996.0</ele>
      </trkpt>
      <trkpt lat="37.74037" lon="-119.51488">
        <ele>1992.0</ele>
      </trkpt>
      <trkpt lat="37.74024" lon="-119.51522">
        <ele>1979.0</ele>
      </trkpt>
      <trkpt lat="37.74002" lon="-119.51543">
        <ele>1978.0</ele>
      </trkpt>
      <trkpt lat="37.73987" lon="-119.51544">
        <ele>1978.0</ele>
      </trkpt>
      <trkpt lat="37.73977" lon="-119.51532">
        <ele>1977.0</ele>
      </trkpt>
      <trkpt lat="37.7397" lon="-119.51517">
        <ele>1977.0</ele>
      </trkpt>
      <trkpt lat="37.739" lon="-119.51512">
        <ele>1963.0</ele>
      </trkpt>
      <trkpt lat="37.7387" lon="-119.51487">
        <ele>1960.0</ele>
      </trkpt>
      <trkpt lat="37.73835" lon="-119.51452">
        <ele>1963.0</ele>
      </trkpt>
      <trkpt lat="37.7381" lon="-119.51438">
        <ele>1960.0</ele>
      </trkpt>
      <trkpt lat="37.73795" lon="-119.51444">
        <ele>1960.0</ele>
      </trkpt>
      <trkpt lat="37.73771" lon="-119.51465">
        <ele>1952.0</ele>
      </trkpt>
      <trkpt lat="37.73749" lon="-119.51493">
        <ele>1947.0</ele>
      </trkpt>
      <trkpt lat="37.73698" lon="-119.51496">
        <ele>1937.0</ele>
      </trkpt>
      <trkpt lat="37.73671" lon="-119.51494">
        <ele>1928.0</ele>
      </trkpt>
      <trkpt lat="37.7365" lon="-119.51487">
        <ele>1922.0</ele>
      </trkpt>
      <trkpt lat="37.73622" lon="-119.51496">
        <ele>1917.0</ele>
      </trkpt>
      <trkpt lat="37.73618" lon="-119.51467">
        <ele>1911.0</ele>
      </trkpt>
      <trkpt lat="37.73597" lon="-119.51478">
        <ele>1906.0</ele>
      </trkpt>
      <trkpt lat="37.73597" lon="-119.51478">
        <ele>1906.0</ele>
      </trkpt>
      <trkpt lat="37.73582" lon="-119.51486">
        <ele>1906.0</ele>
      </trkpt>
      <trkpt lat="37.73576" lon="-119.51483">
        <ele>1906.0</ele>
      </trkpt>
      <trkpt lat="37.73579" lon="-119.51441">
        <ele>1903.0</ele>
      </trkpt>
      <trkpt lat="37.73565" lon="-119.51441">
        <ele>1899.0</ele>
      </trkpt>
      <trkpt lat="37.73541" lon="-119.51455">
        <ele>1877.0</ele>
      </trkpt>
      <trkpt lat="37.73536" lon="-119.5145">
        <ele>1877.0</ele>
      </trkpt>
      <trkpt lat="37.73543" lon="-119.51412">
        <ele>1891.0</ele>
      </trkpt>
      <trkpt lat="37.73531" lon="-119.51413">
        <ele>1877.0</ele>
      </trkpt>
      <trkpt lat="37.73494" lon="-119.51457">
        <ele>1869.0</ele>
      </trkpt>
      <trkpt lat="37.73494" lon="-119.51457">
        <ele>1869.0</ele>
      </trkpt>
      <trkpt lat="37.73494" lon="-119.51457">
        <ele>1869.0</ele>
      </trkpt>
      <trkpt lat="37.73453" lon="-119.51499">
        <ele>1866.0</ele>
      </trkpt>
      <trkpt lat="37.7345299974522" lon="-119.51499000077">
        <ele>1866.0</ele>
      </trkpt>
      <trkpt lat="37.7345299974522" lon="-119.51499000077">
        <ele>1866.0</ele>
      </trkpt>
      <trkpt lat="37.73426" lon="-119.51525">
        <ele>1867.0</ele>
      </trkpt>
      <trkpt lat="37.7338868561073" lon="-119.515460645746">
        <ele>1867.0</ele>
      </trkpt>
      <trkpt lat="37.73389" lon="-119.51547">
        <ele>1867.0</ele>
      </trkpt>
      <trkpt lat="37.7336" lon="-119.51537">
        <ele>1872.0</ele>
      </trkpt>
      <trkpt lat="37.7336" lon="-119.51537">
        <ele>1872.0</ele>
      </trkpt>
      <trkpt lat="37.7336" lon="-119.51537">
        <ele>1872.0</ele>
      </trkpt>
      <trkpt lat="37.7321520277136" lon="-119.515331128261">
        <ele>1861.0</ele>
      </trkpt>
      <trkpt lat="37.7321520277136" lon="-119.515331128261">
        <ele>1861.0</ele>
      </trkpt>
      <trkpt lat="37.73211" lon="-119.51533">
        <ele>1861.0</ele>
      </trkpt>
      <trkpt lat="37.731967868702" lon="-119.515363442658">
        <ele>1865.0</ele>
      </trkpt>
      <trkpt lat="37.731967868702" lon="-119.515363442658">
        <ele>1865.0</ele>
      </trkpt>
      <trkpt lat="37.731955057616" lon="-119.515366457032">
        <ele>1865.0</ele>
      </trkpt>
      <trkpt lat="37.7319508052067" lon="-119.51538446723">
        <ele>1865.0</ele>
      </trkpt>
      <trkpt lat="37.73194" lon="-119.51566">
        <ele>1867.0</ele>
      </trkpt>
      <trkpt lat="37.73194" lon="-119.51566">
        <ele>1867.0</ele>
      </trkpt>
      <trkpt lat="37.73194" lon="-119.51566">
        <ele>1867.0</ele>
      </trkpt>
      <trkpt lat="37.73157" lon="-119.51712">
        <ele>1883.0</ele>
      </trkpt>
      <trkpt lat="37.73159" lon="-119.51734">
        <ele>1883.0</ele>
      </trkpt>
      <trkpt lat="37.73153" lon="-119.51803">
        <ele>1886.0</ele>
      </trkpt>
      <trkpt lat="37.73137" lon="-119.51858">
        <ele>1884.0</ele>
      </trkpt>
      <trkpt lat="37.73135" lon="-119.51891">
        <ele>1881.0</ele>
      </trkpt>
      <trkpt lat="37.73115" lon="-119.51962">
        <ele>1877.0</ele>
      </trkpt>
      <trkpt lat="37.73105" lon="-119.52009">
        <ele>1878.0</ele>
      </trkpt>
      <trkpt lat="37.73094" lon="-119.52079">
        <ele>1872.0</ele>
      </trkpt>
      <trkpt lat="37.73073" lon="-119.52271">
        <ele>1868.0</ele>
      </trkpt>
      <trkpt lat="37.73073" lon="-119.52293">
        <ele>1869.0</ele>
      </trkpt>
      <trkpt lat="37.73073" lon="-119.52293">
        <ele>1869.0</ele>
      </trkpt>
      <trkpt lat="37.73059" lon="-119.52325">
        <ele>1872.0</ele>
      </trkpt>
      <trkpt lat="37.73035" lon="-119.52419">
        <ele>1866.0</ele>
      </trkpt>
      <trkpt lat="37.73021" lon="-119.52441">
        <ele>1865.0</ele>
      </trkpt>
      <trkpt lat="37.73011" lon="-119.52462">
        <ele>1863.0</ele>
      </trkpt>
      <trkpt lat="37.7301" lon="-119.52476">
        <ele>1863.0</ele>
      </trkpt>
      <trkpt lat="37.7301" lon="-119.52476">
        <ele>1863.0</ele>
      </trkpt>
      <trkpt lat="37.7301" lon="-119.52476">
        <ele>1863.0</ele>
      </trkpt>
      <trkpt lat="37.73017" lon="-119.5252">
        <ele>1865.0</ele>
      </trkpt>
      <trkpt lat="37.7302" lon="-119.5257">
        <ele>1869.0</ele>
      </trkpt>
      <trkpt lat="37.73016" lon="-119.52592">
        <ele>1869.0</ele>
      </trkpt>
      <trkpt lat="37.73011" lon="-119.52607">
        <ele>1872.0</ele>
      </trkpt>
      <trkpt lat="37.72994" lon="-119.52626">
        <ele>1875.0</ele>
      </trkpt>
      <trkpt lat="37.72979" lon="-119.52666">
        <ele>1878.0</ele>
      </trkpt>
      <trkpt lat="37.72911" lon="-119.52756">
        <ele>1879.0</ele>
      </trkpt>
      <trkpt lat="37.72878" lon="-119.52787">
        <ele>1880.0</ele>
      </trkpt>
      <trkpt lat="37.72861" lon="-119.52806">
        <ele>1882.0</ele>
      </trkpt>
      <trkpt lat="37.72848" lon="-119.52812">
        <ele>1882.0</ele>
      </trkpt>
      <trkpt lat="37.72839" lon="-119.52841">
        <ele>1884.0</ele>
      </trkpt>
      <trkpt lat="37.72839" lon="-119.52841">
        <ele>1884.0</ele>
      </trkpt>
      <trkpt lat="37.72814" lon="-119.52866">
        <ele>1881.0</ele>
      </trkpt>
      <trkpt lat="37.72814" lon="-119.52866">
        <ele>1881.0</ele>
      </trkpt>
      <trkpt lat="37.72799" lon="-119.52875">
        <ele>1881.0</ele>
      </trkpt>
      <trkpt lat="37.72784" lon="-119.5288">
        <ele>1869.0</ele>
      </trkpt>
      <trkpt lat="37.72764" lon="-119.52875">
        <ele>1871.0</ele>
      </trkpt>
      <trkpt lat="37.7273" lon="-119.52892">
        <ele>1851.0</ele>
      </trkpt>
      <trkpt lat="37.72716" lon="-119.52905">
        <ele>1852.0</ele>
      </trkpt>
      <trkpt lat="37.72742" lon="-119.52908">
        <ele>1859.0</ele>
      </trkpt>
      <trkpt lat="37.72745" lon="-119.52914">
        <ele>1859.0</ele>
      </trkpt>
      <trkpt lat="37.72741" lon="-119.52921">
        <ele>1859.0</ele>
      </trkpt>
      <trkpt lat="37.72715" lon="-119.52939">
        <ele>1853.0</ele>
      </trkpt>
      <trkpt lat="37.72708" lon="-119.52953">
        <ele>1845.0</ele>
      </trkpt>
      <trkpt lat="37.72689" lon="-119.52958">
        <ele>1845.0</ele>
      </trkpt>
      <trkpt lat="37.72669" lon="-119.5298">
        <ele>1834.0</ele>
      </trkpt>
      <trkpt lat="37.7265" lon="-119.52994">
        <ele>1834.0</ele>
      </trkpt>
      <trkpt lat="37.72631" lon="-119.53002">
        <ele>1834.0</ele>
      </trkpt>
      <trkpt lat="37.72628" lon="-119.53009">
        <ele>1834.0</ele>
      </trkpt>
      <trkpt lat="37.72646" lon="-119.53015">
        <ele>1833.0</ele>
      </trkpt>
      <trkpt lat="37.72648" lon="-119.53033">
        <ele>1833.0</ele>
      </trkpt>
      <trkpt lat="37.72655" lon="-119.53043">
        <ele>1837.0</ele>
      </trkpt>
      <trkpt lat="37.72644" lon="-119.53043">
        <ele>1832.0</ele>
      </trkpt>
      <trkpt lat="37.72635" lon="-119.53036">
        <ele>1833.0</ele>
      </trkpt>
      <trkpt lat="37.72614" lon="-119.53036">
        <ele>1834.0</ele>
      </trkpt>
      <trkpt lat="37.72614" lon="-119.53036">
        <ele>1834.0</ele>
      </trkpt>
      <trkpt lat="37.72614" lon="-119.53045">
        <ele>1832.0</ele>
      </trkpt>
      <trkpt lat="37.72625" lon="-119.53051">
        <ele>1832.0</ele>
      </trkpt>
      <trkpt lat="37.72635" lon="-119.53068">
        <ele>1832.0</ele>
      </trkpt>
      <trkpt lat="37.72621" lon="-119.53072">
        <ele>1831.0</ele>
      </trkpt>
      <trkpt lat="37.72626" lon="-119.53081">
        <ele>1834.0</ele>
      </trkpt>
      <trkpt lat="37.72614" lon="-119.53084">
        <ele>1831.0</ele>
      </trkpt>
      <trkpt lat="37.72622" lon="-119.53105">
        <ele>1830.0</ele>
      </trkpt>
      <trkpt lat="37.72615" lon="-119.53116">
        <ele>1830.0</ele>
      </trkpt>
      <trkpt lat="37.72621" lon="-119.53121">
        <ele>1830.0</ele>
      </trkpt>
      <trkpt lat="37.72622" lon="-119.53125">
        <ele>1830.0</ele>
      </trkpt>
      <trkpt lat="37.72622" lon="-119.53125">
        <ele>1830.0</ele>
      </trkpt>
      <trkpt lat="37.72626" lon="-119.53156">
        <ele>1854.0</ele>
      </trkpt>
      <trkpt lat="37.72624" lon="-119.53174">
        <ele>1840.0</ele>
      </trkpt>
      <trkpt lat="37.72615" lon="-119.53181">
        <ele>1841.0</ele>
      </trkpt>
      <trkpt lat="37.7262" lon="-119.53194">
        <ele>1841.0</ele>
      </trkpt>
      <trkpt lat="37.72636" lon="-119.53211">
        <ele>1853.0</ele>
      </trkpt>
      <trkpt lat="37.72633" lon="-119.53234">
        <ele>1853.0</ele>
      </trkpt>
      <trkpt lat="37.72644" lon="-119.53242">
        <ele>1840.0</ele>
      </trkpt>
      <trkpt lat="37.72634" lon="-119.5325">
        <ele>1840.0</ele>
      </trkpt>
      <trkpt lat="37.72649" lon="-119.53264">
        <ele>1820.0</ele>
      </trkpt>
      <trkpt lat="37.72638" lon="-119.53272">
        <ele>1820.0</ele>
      </trkpt>
      <trkpt lat="37.72643" lon="-119.53278">
        <ele>1820.0</ele>
      </trkpt>
      <trkpt lat="37.72639" lon="-119.53293">
        <ele>1791.0</ele>
      </trkpt>
      <trkpt lat="37.72645" lon="-119.533">
        <ele>1791.0</ele>
      </trkpt>
      <trkpt lat="37.72635" lon="-119.53305">
        <ele>1791.0</ele>
      </trkpt>
      <trkpt lat="37.72645" lon="-119.53313">
        <ele>1791.0</ele>
      </trkpt>
      <trkpt lat="37.72635" lon="-119.53318">
        <ele>1791.0</ele>
      </trkpt>
      <trkpt lat="37.72643" lon="-119.53327">
        <ele>1760.0</ele>
      </trkpt>
      <trkpt lat="37.72637" lon="-119.53333">
        <ele>1760.0</ele>
      </trkpt>
      <trkpt lat="37.72627" lon="-119.53336">
        <ele>1760.0</ele>
      </trkpt>
      <trkpt lat="37.72634" lon="-119.53347">
        <ele>1760.0</ele>
      </trkpt>
      <trkpt lat="37.7262" lon="-119.53353">
        <ele>1729.0</ele>
      </trkpt>
      <trkpt lat="37.72625" lon="-119.53364">
        <ele>1729.0</ele>
      </trkpt>
      <trkpt lat="37.72616" lon="-119.53363">
        <ele>1729.0</ele>
      </trkpt>
      <trkpt lat="37.72626" lon="-119.53375">
        <ele>1723.0</ele>
      </trkpt>
      <trkpt lat="37.72614" lon="-119.53384">
        <ele>1706.0</ele>
      </trkpt>
      <trkpt lat="37.72624" lon="-119.53396">
        <ele>1706.0</ele>
      </trkpt>
      <trkpt lat="37.72634" lon="-119.53392">
        <ele>1703.0</ele>
      </trkpt>
      <trkpt lat="37.72637" lon="-119.53397">
        <ele>1703.0</ele>
      </trkpt>
      <trkpt lat="37.72649" lon="-119.53404">
        <ele>1690.0</ele>
      </trkpt>
      <trkpt lat="37.72653" lon="-119.53418">
        <ele>1695.0</ele>
      </trkpt>
      <trkpt lat="37.72656" lon="-119.53441">
        <ele>1684.0</ele>
      </trkpt>
      <trkpt lat="37.72673" lon="-119.53468">
        <ele>1675.0</ele>
      </trkpt>
      <trkpt lat="37.72675" lon="-119.53485">
        <ele>1675.0</ele>
      </trkpt>
      <trkpt lat="37.72654" lon="-119.53502">
        <ele>1669.0</ele>
      </trkpt>
      <trkpt lat="37.72642" lon="-119.535">
        <ele>1664.0</ele>
      </trkpt>
      <trkpt lat="37.72632" lon="-119.53495">
        <ele>1664.0</ele>
      </trkpt>
      <trkpt lat="37.72621" lon="-119.53498">
        <ele>1663.0</ele>
      </trkpt>
      <trkpt lat="37.7263" lon="-119.53513">
        <ele>1664.0</ele>
      </trkpt>
      <trkpt lat="37.72619" lon="-119.53517">
        <ele>1651.0</ele>
      </trkpt>
      <trkpt lat="37.72626" lon="-119.53532">
        <ele>1657.0</ele>
      </trkpt>
      <trkpt lat="37.72611" lon="-119.53532">
        <ele>1651.0</ele>
      </trkpt>
      <trkpt lat="37.72605" lon="-119.53539">
        <ele>1651.0</ele>
      </trkpt>
      <trkpt lat="37.72611" lon="-119.53557">
        <ele>1641.0</ele>
      </trkpt>
      <trkpt lat="37.72619" lon="-119.53564">
        <ele>1641.0</ele>
      </trkpt>
      <trkpt lat="37.72642" lon="-119.53566">
        <ele>1651.0</ele>
      </trkpt>
      <trkpt lat="37.72652" lon="-119.53579">
        <ele>1642.0</ele>
      </trkpt>
      <trkpt lat="37.72653" lon="-119.53611">
        <ele>1645.0</ele>
      </trkpt>
      <trkpt lat="37.72667" lon="-119.53625">
        <ele>1645.0</ele>
      </trkpt>
      <trkpt lat="37.72667" lon="-119.53639">
        <ele>1643.0</ele>
      </trkpt>
      <trkpt lat="37.72663" lon="-119.53658">
        <ele>1642.0</ele>
      </trkpt>
      <trkpt lat="37.72665" lon="-119.5368">
        <ele>1642.0</ele>
      </trkpt>
      <trkpt lat="37.72659" lon="-119.5371">
        <ele>1632.0</ele>
      </trkpt>
      <trkpt lat="37.72644" lon="-119.53732">
        <ele>1627.0</ele>
      </trkpt>
      <trkpt lat="37.72656" lon="-119.53747">
        <ele>1628.0</ele>
      </trkpt>
      <trkpt lat="37.72708" lon="-119.5378">
        <ele>1624.0</ele>
      </trkpt>
      <trkpt lat="37.72744" lon="-119.53794">
        <ele>1623.0</ele>
      </trkpt>
      <trkpt lat="37.72767" lon="-119.53795">
        <ele>1624.0</ele>
      </trkpt>
      <trkpt lat="37.72772" lon="-119.53799">
        <ele>1624.0</ele>
      </trkpt>
      <trkpt lat="37.72776" lon="-119.53813">
        <ele>1624.0</ele>
      </trkpt>
      <trkpt lat="37.72773" lon="-119.53824">
        <ele>1624.0</ele>
      </trkpt>
      <trkpt lat="37.72764" lon="-119.53837">
        <ele>1624.0</ele>
      </trkpt>
      <trkpt lat="37.72748" lon="-119.53842">
        <ele>1621.0</ele>
      </trkpt>
      <trkpt lat="37.72733" lon="-119.53856">
        <ele>1611.0</ele>
      </trkpt>
      <trkpt lat="37.72701" lon="-119.53898">
        <ele>1609.0</ele>
      </trkpt>
      <trkpt lat="37.7268" lon="-119.53919">
        <ele>1607.0</ele>
      </trkpt>
      <trkpt lat="37.72662" lon="-119.53939">
        <ele>1601.0</ele>
      </trkpt>
      <trkpt lat="37.72656" lon="-119.53953">
        <ele>1601.0</ele>
      </trkpt>
      <trkpt lat="37.72661" lon="-119.54">
        <ele>1589.0</ele>
      </trkpt>
      <trkpt lat="37.72652" lon="-119.54025">
        <ele>1592.0</ele>
      </trkpt>
      <trkpt lat="37.72652" lon="-119.54025">
        <ele>1592.0</ele>
      </trkpt>
      <trkpt lat="37.72635" lon="-119.54042">
        <ele>1586.0</ele>
      </trkpt>
      <trkpt lat="37.72635" lon="-119.54042">
        <ele>1586.0</ele>
      </trkpt>
      <trkpt lat="37.72629" lon="-119.54056">
        <ele>1586.0</ele>
      </trkpt>
      <trkpt lat="37.7263" lon="-119.5407">
        <ele>1580.0</ele>
      </trkpt>
      <trkpt lat="37.72625" lon="-119.54082">
        <ele>1586.0</ele>
      </trkpt>
      <trkpt lat="37.72616" lon="-119.54094">
        <ele>1586.0</ele>
      </trkpt>
      <trkpt lat="37.72621" lon="-119.54108">
        <ele>1587.0</ele>
      </trkpt>
      <trkpt lat="37.7262" lon="-119.54124">
        <ele>1587.0</ele>
      </trkpt>
      <trkpt lat="37.7262600000037" lon="-119.541480000015">
        <ele>1576.0</ele>
      </trkpt>
      <trkpt lat="37.7262600000037" lon="-119.541480000015">
        <ele>1576.0</ele>
      </trkpt>
      <trkpt lat="37.72627" lon="-119.54152">
        <ele>1576.0</ele>
      </trkpt>
      <trkpt lat="37.72644" lon="-119.54183">
        <ele>1583.0</ele>
      </trkpt>
      <trkpt lat="37.72648" lon="-119.54182">
        <ele>1583.0</ele>
      </trkpt>
      <trkpt lat="37.72653" lon="-119.54167">
        <ele>1567.0</ele>
      </trkpt>
      <trkpt lat="37.72661" lon="-119.54163">
        <ele>1567.0</ele>
      </trkpt>
      <trkpt lat="37.72672" lon="-119.54164">
        <ele>1567.0</ele>
      </trkpt>
      <trkpt lat="37.72687" lon="-119.54173">
        <ele>1561.0</ele>
      </trkpt>
      <trkpt lat="37.72698" lon="-119.54184">
        <ele>1558.0</ele>
      </trkpt>
      <trkpt lat="37.72714" lon="-119.54212">
        <ele>1551.0</ele>
      </trkpt>
      <trkpt lat="37.72714" lon="-119.54212">
        <ele>1551.0</ele>
      </trkpt>
      <trkpt lat="37.72714" lon="-119.54212">
        <ele>1551.0</ele>
      </trkpt>
      <trkpt lat="37.7273" lon="-119.54283">
        <ele>1552.0</ele>
      </trkpt>
      <trkpt lat="37.72723" lon="-119.54305">
        <ele>1549.0</ele>
      </trkpt>
      <trkpt lat="37.72729" lon="-119.54322">
        <ele>1545.0</ele>
      </trkpt>
      <trkpt lat="37.72729" lon="-119.54334">
        <ele>1545.0</ele>
      </trkpt>
      <trkpt lat="37.72725" lon="-119.54337">
        <ele>1545.0</ele>
      </trkpt>
      <trkpt lat="37.7272" lon="-119.54334">
        <ele>1545.0</ele>
      </trkpt>
      <trkpt lat="37.72699" lon="-119.54302">
        <ele>1562.0</ele>
      </trkpt>
      <trkpt lat="37.72688" lon="-119.54291">
        <ele>1562.0</ele>
      </trkpt>
      <trkpt lat="37.72677" lon="-119.54291">
        <ele>1577.0</ele>
      </trkpt>
      <trkpt lat="37.72677" lon="-119.54291">
        <ele>1577.0</ele>
      </trkpt>
      <trkpt lat="37.72661" lon="-119.54304">
        <ele>1577.0</ele>
      </trkpt>
      <trkpt lat="37.7266" lon="-119.54334">
        <ele>1575.0</ele>
      </trkpt>
      <trkpt lat="37.72663" lon="-119.54342">
        <ele>1575.0</ele>
      </trkpt>
      <trkpt lat="37.72658" lon="-119.54387">
        <ele>1571.0</ele>
      </trkpt>
      <trkpt lat="37.72664" lon="-119.54433">
        <ele>1561.0</ele>
      </trkpt>
      <trkpt lat="37.7267" lon="-119.54445">
        <ele>1561.0</ele>
      </trkpt>
      <trkpt lat="37.72669" lon="-119.54455">
        <ele>1561.0</ele>
      </trkpt>
      <trkpt lat="37.72664" lon="-119.54466">
        <ele>1554.0</ele>
      </trkpt>
      <trkpt lat="37.72675" lon="-119.5447">
        <ele>1554.0</ele>
      </trkpt>
      <trkpt lat="37.72675" lon="-119.54484">
        <ele>1554.0</ele>
      </trkpt>
      <trkpt lat="37.72682" lon="-119.54494">
        <ele>1520.0</ele>
      </trkpt>
      <trkpt lat="37.72686" lon="-119.54509">
        <ele>1520.0</ele>
      </trkpt>
      <trkpt lat="37.72681" lon="-119.54523">
        <ele>1511.0</ele>
      </trkpt>
      <trkpt lat="37.72686" lon="-119.54525">
        <ele>1511.0</ele>
      </trkpt>
      <trkpt lat="37.72682" lon="-119.54532">
        <ele>1511.0</ele>
      </trkpt>
      <trkpt lat="37.72686" lon="-119.5454">
        <ele>1511.0</ele>
      </trkpt>
      <trkpt lat="37.72674" lon="-119.54557">
        <ele>1522.0</ele>
      </trkpt>
      <trkpt lat="37.72682" lon="-119.54555">
        <ele>1498.0</ele>
      </trkpt>
      <trkpt lat="37.72685" lon="-119.54561">
        <ele>1498.0</ele>
      </trkpt>
      <trkpt lat="37.72677" lon="-119.54565">
        <ele>1522.0</ele>
      </trkpt>
      <trkpt lat="37.72674" lon="-119.54587">
        <ele>1507.0</ele>
      </trkpt>
      <trkpt lat="37.72651" lon="-119.54611">
        <ele>1515.0</ele>
      </trkpt>
      <trkpt lat="37.7264" lon="-119.5463">
        <ele>1489.0</ele>
      </trkpt>
      <trkpt lat="37.7264" lon="-119.5463">
        <ele>1489.0</ele>
      </trkpt>
      <trkpt lat="37.72624" lon="-119.54673">
        <ele>1502.0</ele>
      </trkpt>
      <trkpt lat="37.72622" lon="-119.54702">
        <ele>1485.0</ele>
      </trkpt>
      <trkpt lat="37.7263" lon="-119.54764">
        <ele>1430.0</ele>
      </trkpt>
      <trkpt lat="37.72625" lon="-119.5479">
        <ele>1453.0</ele>
      </trkpt>
      <trkpt lat="37.72623" lon="-119.54879">
        <ele>1432.0</ele>
      </trkpt>
      <trkpt lat="37.72623" lon="-119.54879">
        <ele>1432.0</ele>
      </trkpt>
      <trkpt lat="37.72619" lon="-119.54926">
        <ele>1420.0</ele>
      </trkpt>
      <trkpt lat="37.72603" lon="-119.54981">
        <ele>1398.0</ele>
      </trkpt>
      <trkpt lat="37.72601" lon="-119.54998">
        <ele>1391.0</ele>
      </trkpt>
      <trkpt lat="37.72606" lon="-119.5506">
        <ele>1381.0</ele>
      </trkpt>
      <trkpt lat="37.72602" lon="-119.55101">
        <ele>1370.0</ele>
      </trkpt>
      <trkpt lat="37.72594" lon="-119.55117">
        <ele>1373.0</ele>
      </trkpt>
      <trkpt lat="37.72573" lon="-119.55134">
        <ele>1367.0</ele>
      </trkpt>
      <trkpt lat="37.72589" lon="-119.55151">
        <ele>1367.0</ele>
      </trkpt>
      <trkpt lat="37.72589" lon="-119.55151">
        <ele>1367.0</ele>
      </trkpt>
      <trkpt lat="37.72615" lon="-119.55164">
        <ele>1364.0</ele>
      </trkpt>
      <trkpt lat="37.72615" lon="-119.55164">
        <ele>1364.0</ele>
      </trkpt>
      <trkpt lat="37.72626" lon="-119.55173">
        <ele>1371.0</ele>
      </trkpt>
      <trkpt lat="37.72631" lon="-119.55196">
        <ele>1372.0</ele>
      </trkpt>
      <trkpt lat="37.72632" lon="-119.55212">
        <ele>1375.0</ele>
      </trkpt>
      <trkpt lat="37.72625" lon="-119.55278">
        <ele>1360.0</ele>
      </trkpt>
      <trkpt lat="37.72622" lon="-119.55293">
        <ele>1357.0</ele>
      </trkpt>
      <trkpt lat="37.72621" lon="-119.55322">
        <ele>1350.0</ele>
      </trkpt>
      <trkpt lat="37.72621" lon="-119.55322">
        <ele>1350.0</ele>
      </trkpt>
      <trkpt lat="37.72624" lon="-119.55354">
        <ele>1343.0</ele>
      </trkpt>
      <trkpt lat="37.72639" lon="-119.55396">
        <ele>1348.0</ele>
      </trkpt>
      <trkpt lat="37.72645" lon="-119.55426">
        <ele>1340.0</ele>
      </trkpt>
      <trkpt lat="37.7263" lon="-119.55485">
        <ele>1333.0</ele>
      </trkpt>
      <trkpt lat="37.72621" lon="-119.55495">
        <ele>1318.0</ele>
      </trkpt>
      <trkpt lat="37.72607" lon="-119.55521">
        <ele>1317.0</ele>
      </trkpt>
      <trkpt lat="37.72601" lon="-119.55554">
        <ele>1316.0</ele>
      </trkpt>
      <trkpt lat="37.72606" lon="-119.55582">
        <ele>1313.0</ele>
      </trkpt>
      <trkpt lat="37.72623" lon="-119.55618">
        <ele>1309.0</ele>
      </trkpt>
      <trkpt lat="37.72624" lon="-119.5564">
        <ele>1302.0</ele>
      </trkpt>
      <trkpt lat="37.72619" lon="-119.55667">
        <ele>1298.0</ele>
      </trkpt>
      <trkpt lat="37.72624" lon="-119.55695">
        <ele>1295.0</ele>
      </trkpt>
      <trkpt lat="37.72631" lon="-119.55714">
        <ele>1304.0</ele>
      </trkpt>
      <trkpt lat="37.72646" lon="-119.55745">
        <ele>1301.0</ele>
      </trkpt>
      <trkpt lat="37.72652" lon="-119.55764">
        <ele>1298.0</ele>
      </trkpt>
      <trkpt lat="37.72655" lon="-119.55808">
        <ele>1303.0</ele>
      </trkpt>
      <trkpt lat="37.72658" lon="-119.55817">
        <ele>1303.0</ele>
      </trkpt>
      <trkpt lat="37.72671" lon="-119.5583">
        <ele>1293.0</ele>
      </trkpt>
      <trkpt lat="37.72676" lon="-119.55852">
        <ele>1289.0</ele>
      </trkpt>
      <trkpt lat="37.72684" lon="-119.55852">
        <ele>1288.0</ele>
      </trkpt>
      <trkpt lat="37.72697" lon="-119.55847">
        <ele>1302.0</ele>
      </trkpt>
      <trkpt lat="37.72709" lon="-119.55848">
        <ele>1287.0</ele>
      </trkpt>
      <trkpt lat="37.7276244572867" lon="-119.558399209945">
        <ele>1305.0</ele>
      </trkpt>
      <trkpt lat="37.7276244572867" lon="-119.558399209945">
        <ele>1305.0</ele>
      </trkpt>
      <trkpt lat="37.72795" lon="-119.55835">
        <ele>1291.0</ele>
      </trkpt>
      <trkpt lat="37.72898" lon="-119.558">
        <ele>1276.0</ele>
      </trkpt>
      <trkpt lat="37.7293621278582" lon="-119.557916118275">
        <ele>1275.0</ele>
      </trkpt>
      <trkpt lat="37.7293621278603" lon="-119.557916118275">
        <ele>1275.0</ele>
      </trkpt>
      <trkpt lat="37.72939" lon="-119.55791">
        <ele>1275.0</ele>
      </trkpt>
      <trkpt lat="37.72977" lon="-119.55787">
        <ele>1273.0</ele>
      </trkpt>
      <trkpt lat="37.73006" lon="-119.5579">
        <ele>1271.0</ele>
      </trkpt>
      <trkpt lat="37.73067" lon="-119.55806">
        <ele>1251.0</ele>
      </trkpt>
      <trkpt lat="37.73094" lon="-119.55829">
        <ele>1243.0</ele>
      </trkpt>
      <trkpt lat="37.73117" lon="-119.55838">
        <ele>1246.0</ele>
      </trkpt>
      <trkpt lat="37.73166" lon="-119.55828">
        <ele>1247.0</ele>
      </trkpt>
      <trkpt lat="37.73207" lon="-119.55805">
        <ele>1250.0</ele>
      </trkpt>
      <trkpt lat="37.73207" lon="-119.55805">
        <ele>1250.0</ele>
      </trkpt>
      <trkpt lat="37.73218" lon="-119.55798">
        <ele>1246.0</ele>
      </trkpt>
      <trkpt lat="37.7324" lon="-119.5579">
        <ele>1243.0</ele>
      </trkpt>
      <trkpt lat="37.73278" lon="-119.55782">
        <ele>1236.0</ele>
      </trkpt>
      <trkpt lat="37.73278" lon="-119.55782">
        <ele>1236.0</ele>
      </trkpt>
      <trkpt lat="37.73278" lon="-119.55782">
        <ele>1236.0</ele>
      </trkpt>
      <trkpt lat="37.7326447670619" lon="-119.558098420755">
        <ele>1230.0</ele>
      </trkpt>
      <trkpt lat="37.7326447670619" lon="-119.558098420755">
        <ele>1230.0</ele>
      </trkpt>
      <trkpt lat="37.73261" lon="-119.55817">
        <ele>1240.0</ele>
      </trkpt>
      <trkpt lat="37.73261" lon="-119.55817">
        <ele>1240.0</ele>
      </trkpt>
      <trkpt lat="37.73253" lon="-119.55877">
        <ele>1241.0</ele>
      </trkpt>
      <trkpt lat="37.73253" lon="-119.55877">
        <ele>1241.0</ele>
      </trkpt>
      <trkpt lat="37.73249" lon="-119.55912">
        <ele>1250.0</ele>
      </trkpt>
      <trkpt lat="37.7325" lon="-119.5593">
        <ele>1250.0</ele>
      </trkpt>
      <trkpt lat="37.7325" lon="-119.5593">
        <ele>1250.0</ele>
      </trkpt>
      <trkpt lat="37.7323825167264" lon="-119.559458947958">
        <ele>1252.0</ele>
      </trkpt>
    </trkseg>
  </trk>
</gpx>
