<?xml version="1.0" encoding="UTF-8"?>
<gpx xmlns:xsi="http://www.w3.org/2001/XMLSchema-instance" version="1.1" creator="The Outbound Collective, Inc. 1.1.1 -- https://www.theoutbound.com" xsi:schemaLocation="http://www.topografix.com/GPX/1/1 http://www.topografix.com/GPX/1/1/gpx.xsd">
  <metadata>
    <name/>
    <time>2026-02-19T22:00:02+00:00</time>
    <bound minlat="36.6532714805423" minlon="-118.34601" maxlat="36.727018290298" maxlon="-118.278946390971"/>
  </metadata>
  <trk>
    <name/>
    <trkseg>
      <trkpt lat="36.727018290298" lon="-118.278980255127">
        <ele>1923.0</ele>
      </trkpt>
      <trkpt lat="36.727009182336" lon="-118.278946390971">
        <ele>1923.0</ele>
      </trkpt>
      <trkpt lat="36.72699" lon="-118.27897">
        <ele>1923.0</ele>
      </trkpt>
      <trkpt lat="36.72699" lon="-118.27897">
        <ele>1923.0</ele>
      </trkpt>
      <trkpt lat="36.72692" lon="-118.27907">
        <ele>1923.0</ele>
      </trkpt>
      <trkpt lat="36.7268" lon="-118.27913">
        <ele>1934.0</ele>
      </trkpt>
      <trkpt lat="36.72673" lon="-118.27922">
        <ele>1934.0</ele>
      </trkpt>
      <trkpt lat="36.72664" lon="-118.27926">
        <ele>1934.0</ele>
      </trkpt>
      <trkpt lat="36.72662" lon="-118.27937">
        <ele>1933.0</ele>
      </trkpt>
      <trkpt lat="36.7263753990658" lon="-118.279598648699">
        <ele>1940.0</ele>
      </trkpt>
      <trkpt lat="36.7263753990658" lon="-118.279598648699">
        <ele>1940.0</ele>
      </trkpt>
      <trkpt lat="36.72616" lon="-118.2798">
        <ele>1943.0</ele>
      </trkpt>
      <trkpt lat="36.72583" lon="-118.28019">
        <ele>1946.0</ele>
      </trkpt>
      <trkpt lat="36.72553" lon="-118.28032">
        <ele>1959.0</ele>
      </trkpt>
      <trkpt lat="36.72501" lon="-118.2808">
        <ele>1962.0</ele>
      </trkpt>
      <trkpt lat="36.72499" lon="-118.28113">
        <ele>1957.0</ele>
      </trkpt>
      <trkpt lat="36.72499" lon="-118.28113">
        <ele>1957.0</ele>
      </trkpt>
      <trkpt lat="36.72499" lon="-118.28113">
        <ele>1957.0</ele>
      </trkpt>
      <trkpt lat="36.72482" lon="-118.28157">
        <ele>1960.0</ele>
      </trkpt>
      <trkpt lat="36.72452" lon="-118.2822">
        <ele>1968.0</ele>
      </trkpt>
      <trkpt lat="36.72449" lon="-118.28236">
        <ele>1968.0</ele>
      </trkpt>
      <trkpt lat="36.72438" lon="-118.28257">
        <ele>1968.0</ele>
      </trkpt>
      <trkpt lat="36.72441" lon="-118.2828">
        <ele>1975.0</ele>
      </trkpt>
      <trkpt lat="36.72435" lon="-118.28313">
        <ele>1977.0</ele>
      </trkpt>
      <trkpt lat="36.7243" lon="-118.28325">
        <ele>1988.0</ele>
      </trkpt>
      <trkpt lat="36.7243" lon="-118.28335">
        <ele>1988.0</ele>
      </trkpt>
      <trkpt lat="36.72423" lon="-118.28344">
        <ele>1988.0</ele>
      </trkpt>
      <trkpt lat="36.7241" lon="-118.28417">
        <ele>1985.0</ele>
      </trkpt>
      <trkpt lat="36.7241" lon="-118.28428">
        <ele>1985.0</ele>
      </trkpt>
      <trkpt lat="36.72404" lon="-118.28442">
        <ele>1986.0</ele>
      </trkpt>
      <trkpt lat="36.72392" lon="-118.28524">
        <ele>2002.0</ele>
      </trkpt>
      <trkpt lat="36.724" lon="-118.28537">
        <ele>2002.0</ele>
      </trkpt>
      <trkpt lat="36.72399" lon="-118.28545">
        <ele>2003.0</ele>
      </trkpt>
      <trkpt lat="36.72405" lon="-118.28559">
        <ele>2006.0</ele>
      </trkpt>
      <trkpt lat="36.72419" lon="-118.28577">
        <ele>2004.0</ele>
      </trkpt>
      <trkpt lat="36.72412" lon="-118.28615">
        <ele>1997.0</ele>
      </trkpt>
      <trkpt lat="36.72404" lon="-118.28632">
        <ele>2001.0</ele>
      </trkpt>
      <trkpt lat="36.72404" lon="-118.2865">
        <ele>2001.0</ele>
      </trkpt>
      <trkpt lat="36.72401" lon="-118.28656">
        <ele>2017.0</ele>
      </trkpt>
      <trkpt lat="36.72406" lon="-118.2869">
        <ele>2013.0</ele>
      </trkpt>
      <trkpt lat="36.72404" lon="-118.28714">
        <ele>2018.0</ele>
      </trkpt>
      <trkpt lat="36.72408" lon="-118.28721">
        <ele>2018.0</ele>
      </trkpt>
      <trkpt lat="36.72407" lon="-118.28751">
        <ele>2019.0</ele>
      </trkpt>
      <trkpt lat="36.72412" lon="-118.28762">
        <ele>2019.0</ele>
      </trkpt>
      <trkpt lat="36.72421" lon="-118.28769">
        <ele>2023.0</ele>
      </trkpt>
      <trkpt lat="36.72429" lon="-118.28787">
        <ele>2023.0</ele>
      </trkpt>
      <trkpt lat="36.72493" lon="-118.28852">
        <ele>2037.0</ele>
      </trkpt>
      <trkpt lat="36.725" lon="-118.28865">
        <ele>2037.0</ele>
      </trkpt>
      <trkpt lat="36.72499" lon="-118.28915">
        <ele>2042.0</ele>
      </trkpt>
      <trkpt lat="36.72503" lon="-118.28946">
        <ele>2046.0</ele>
      </trkpt>
      <trkpt lat="36.725" lon="-118.28952">
        <ele>2046.0</ele>
      </trkpt>
      <trkpt lat="36.72484" lon="-118.2896">
        <ele>2057.0</ele>
      </trkpt>
      <trkpt lat="36.72479" lon="-118.28974">
        <ele>2057.0</ele>
      </trkpt>
      <trkpt lat="36.72481" lon="-118.28983">
        <ele>2057.0</ele>
      </trkpt>
      <trkpt lat="36.72479" lon="-118.2899">
        <ele>2072.0</ele>
      </trkpt>
      <trkpt lat="36.72467" lon="-118.29005">
        <ele>2072.0</ele>
      </trkpt>
      <trkpt lat="36.7247" lon="-118.29028">
        <ele>2084.0</ele>
      </trkpt>
      <trkpt lat="36.72469" lon="-118.29045">
        <ele>2093.0</ele>
      </trkpt>
      <trkpt lat="36.72472" lon="-118.29059">
        <ele>2093.0</ele>
      </trkpt>
      <trkpt lat="36.72468" lon="-118.29104">
        <ele>2086.0</ele>
      </trkpt>
      <trkpt lat="36.72462" lon="-118.29132">
        <ele>2085.0</ele>
      </trkpt>
      <trkpt lat="36.7245" lon="-118.29149">
        <ele>2083.0</ele>
      </trkpt>
      <trkpt lat="36.72435" lon="-118.29156">
        <ele>2087.0</ele>
      </trkpt>
      <trkpt lat="36.72409" lon="-118.29162">
        <ele>2095.0</ele>
      </trkpt>
      <trkpt lat="36.72386" lon="-118.29171">
        <ele>2108.0</ele>
      </trkpt>
      <trkpt lat="36.72355" lon="-118.29177">
        <ele>2116.0</ele>
      </trkpt>
      <trkpt lat="36.7233" lon="-118.29214">
        <ele>2101.0</ele>
      </trkpt>
      <trkpt lat="36.72321" lon="-118.29232">
        <ele>2101.0</ele>
      </trkpt>
      <trkpt lat="36.72318" lon="-118.29245">
        <ele>2112.0</ele>
      </trkpt>
      <trkpt lat="36.72321" lon="-118.2926">
        <ele>2108.0</ele>
      </trkpt>
      <trkpt lat="36.72298" lon="-118.29374">
        <ele>2094.0</ele>
      </trkpt>
      <trkpt lat="36.72291" lon="-118.29391">
        <ele>2100.0</ele>
      </trkpt>
      <trkpt lat="36.72266" lon="-118.29432">
        <ele>2109.0</ele>
      </trkpt>
      <trkpt lat="36.72266" lon="-118.29434">
        <ele>2109.0</ele>
      </trkpt>
      <trkpt lat="36.72277" lon="-118.29427">
        <ele>2103.0</ele>
      </trkpt>
      <trkpt lat="36.72277" lon="-118.2943">
        <ele>2103.0</ele>
      </trkpt>
      <trkpt lat="36.72267" lon="-118.29449">
        <ele>2109.0</ele>
      </trkpt>
      <trkpt lat="36.72264" lon="-118.29463">
        <ele>2115.0</ele>
      </trkpt>
      <trkpt lat="36.72254" lon="-118.2947">
        <ele>2111.0</ele>
      </trkpt>
      <trkpt lat="36.72246" lon="-118.29464">
        <ele>2111.0</ele>
      </trkpt>
      <trkpt lat="36.72243" lon="-118.29475">
        <ele>2111.0</ele>
      </trkpt>
      <trkpt lat="36.7224" lon="-118.29477">
        <ele>2111.0</ele>
      </trkpt>
      <trkpt lat="36.72235" lon="-118.29455">
        <ele>2125.0</ele>
      </trkpt>
      <trkpt lat="36.72229" lon="-118.29469">
        <ele>2124.0</ele>
      </trkpt>
      <trkpt lat="36.72226" lon="-118.29485">
        <ele>2124.0</ele>
      </trkpt>
      <trkpt lat="36.72229" lon="-118.2949">
        <ele>2126.0</ele>
      </trkpt>
      <trkpt lat="36.72228" lon="-118.29498">
        <ele>2126.0</ele>
      </trkpt>
      <trkpt lat="36.72209" lon="-118.29516">
        <ele>2128.0</ele>
      </trkpt>
      <trkpt lat="36.72203" lon="-118.29516">
        <ele>2137.0</ele>
      </trkpt>
      <trkpt lat="36.72201" lon="-118.29512">
        <ele>2136.0</ele>
      </trkpt>
      <trkpt lat="36.72207" lon="-118.29498">
        <ele>2136.0</ele>
      </trkpt>
      <trkpt lat="36.72204" lon="-118.2949">
        <ele>2136.0</ele>
      </trkpt>
      <trkpt lat="36.72204" lon="-118.29474">
        <ele>2138.0</ele>
      </trkpt>
      <trkpt lat="36.72201" lon="-118.29475">
        <ele>2138.0</ele>
      </trkpt>
      <trkpt lat="36.72195" lon="-118.29494">
        <ele>2136.0</ele>
      </trkpt>
      <trkpt lat="36.7219" lon="-118.29494">
        <ele>2136.0</ele>
      </trkpt>
      <trkpt lat="36.7219" lon="-118.29481">
        <ele>2138.0</ele>
      </trkpt>
      <trkpt lat="36.72187" lon="-118.2948">
        <ele>2138.0</ele>
      </trkpt>
      <trkpt lat="36.72181" lon="-118.29494">
        <ele>2136.0</ele>
      </trkpt>
      <trkpt lat="36.72177" lon="-118.29498">
        <ele>2150.0</ele>
      </trkpt>
      <trkpt lat="36.72177" lon="-118.29484">
        <ele>2155.0</ele>
      </trkpt>
      <trkpt lat="36.72173" lon="-118.29483">
        <ele>2155.0</ele>
      </trkpt>
      <trkpt lat="36.7217" lon="-118.29502">
        <ele>2150.0</ele>
      </trkpt>
      <trkpt lat="36.72169" lon="-118.29483">
        <ele>2155.0</ele>
      </trkpt>
      <trkpt lat="36.72166" lon="-118.29484">
        <ele>2155.0</ele>
      </trkpt>
      <trkpt lat="36.72168" lon="-118.29502">
        <ele>2150.0</ele>
      </trkpt>
      <trkpt lat="36.72163" lon="-118.29485">
        <ele>2155.0</ele>
      </trkpt>
      <trkpt lat="36.72159" lon="-118.29505">
        <ele>2150.0</ele>
      </trkpt>
      <trkpt lat="36.72167" lon="-118.29525">
        <ele>2149.0</ele>
      </trkpt>
      <trkpt lat="36.72163" lon="-118.29539">
        <ele>2149.0</ele>
      </trkpt>
      <trkpt lat="36.72166" lon="-118.29556">
        <ele>2146.0</ele>
      </trkpt>
      <trkpt lat="36.7216" lon="-118.29571">
        <ele>2147.0</ele>
      </trkpt>
      <trkpt lat="36.72155" lon="-118.29568">
        <ele>2146.0</ele>
      </trkpt>
      <trkpt lat="36.72154" lon="-118.29532">
        <ele>2149.0</ele>
      </trkpt>
      <trkpt lat="36.72137" lon="-118.29498">
        <ele>2179.0</ele>
      </trkpt>
      <trkpt lat="36.72127" lon="-118.29493">
        <ele>2179.0</ele>
      </trkpt>
      <trkpt lat="36.72127" lon="-118.29493">
        <ele>2179.0</ele>
      </trkpt>
      <trkpt lat="36.72124" lon="-118.29485">
        <ele>2210.0</ele>
      </trkpt>
      <trkpt lat="36.72122" lon="-118.29487">
        <ele>2210.0</ele>
      </trkpt>
      <trkpt lat="36.72122" lon="-118.29496">
        <ele>2210.0</ele>
      </trkpt>
      <trkpt lat="36.72127" lon="-118.2951">
        <ele>2179.0</ele>
      </trkpt>
      <trkpt lat="36.72127" lon="-118.2951">
        <ele>2179.0</ele>
      </trkpt>
      <trkpt lat="36.7213" lon="-118.29516">
        <ele>2176.0</ele>
      </trkpt>
      <trkpt lat="36.72133" lon="-118.29542">
        <ele>2170.0</ele>
      </trkpt>
      <trkpt lat="36.72131" lon="-118.29547">
        <ele>2170.0</ele>
      </trkpt>
      <trkpt lat="36.72127" lon="-118.2954">
        <ele>2176.0</ele>
      </trkpt>
      <trkpt lat="36.72127" lon="-118.2954">
        <ele>2176.0</ele>
      </trkpt>
      <trkpt lat="36.72117" lon="-118.29519">
        <ele>2208.0</ele>
      </trkpt>
      <trkpt lat="36.72103" lon="-118.29507">
        <ele>2210.0</ele>
      </trkpt>
      <trkpt lat="36.72092" lon="-118.29504">
        <ele>2230.0</ele>
      </trkpt>
      <trkpt lat="36.72111" lon="-118.29525">
        <ele>2208.0</ele>
      </trkpt>
      <trkpt lat="36.72111" lon="-118.29554">
        <ele>2204.0</ele>
      </trkpt>
      <trkpt lat="36.72103" lon="-118.29569">
        <ele>2204.0</ele>
      </trkpt>
      <trkpt lat="36.72096" lon="-118.29575">
        <ele>2225.0</ele>
      </trkpt>
      <trkpt lat="36.72096" lon="-118.29547">
        <ele>2227.0</ele>
      </trkpt>
      <trkpt lat="36.72089" lon="-118.29538">
        <ele>2227.0</ele>
      </trkpt>
      <trkpt lat="36.72072" lon="-118.2953">
        <ele>2227.0</ele>
      </trkpt>
      <trkpt lat="36.72066" lon="-118.29533">
        <ele>2238.0</ele>
      </trkpt>
      <trkpt lat="36.72083" lon="-118.29552">
        <ele>2227.0</ele>
      </trkpt>
      <trkpt lat="36.72068" lon="-118.29581">
        <ele>2235.0</ele>
      </trkpt>
      <trkpt lat="36.72056" lon="-118.29591">
        <ele>2235.0</ele>
      </trkpt>
      <trkpt lat="36.72051" lon="-118.29569">
        <ele>2235.0</ele>
      </trkpt>
      <trkpt lat="36.72044" lon="-118.29553">
        <ele>2235.0</ele>
      </trkpt>
      <trkpt lat="36.72025" lon="-118.29548">
        <ele>2243.0</ele>
      </trkpt>
      <trkpt lat="36.72015" lon="-118.29538">
        <ele>2241.0</ele>
      </trkpt>
      <trkpt lat="36.72011" lon="-118.29495">
        <ele>2261.0</ele>
      </trkpt>
      <trkpt lat="36.72012" lon="-118.29489">
        <ele>2261.0</ele>
      </trkpt>
      <trkpt lat="36.72011" lon="-118.29465">
        <ele>2269.0</ele>
      </trkpt>
      <trkpt lat="36.72014" lon="-118.29446">
        <ele>2257.0</ele>
      </trkpt>
      <trkpt lat="36.7203" lon="-118.29418">
        <ele>2261.0</ele>
      </trkpt>
      <trkpt lat="36.72034" lon="-118.29416">
        <ele>2261.0</ele>
      </trkpt>
      <trkpt lat="36.72033" lon="-118.2941">
        <ele>2261.0</ele>
      </trkpt>
      <trkpt lat="36.72029" lon="-118.29408">
        <ele>2261.0</ele>
      </trkpt>
      <trkpt lat="36.71996" lon="-118.29431">
        <ele>2274.0</ele>
      </trkpt>
      <trkpt lat="36.71975" lon="-118.29484">
        <ele>2288.0</ele>
      </trkpt>
      <trkpt lat="36.71925" lon="-118.29531">
        <ele>2311.0</ele>
      </trkpt>
      <trkpt lat="36.71909" lon="-118.29571">
        <ele>2301.0</ele>
      </trkpt>
      <trkpt lat="36.71904" lon="-118.29577">
        <ele>2301.0</ele>
      </trkpt>
      <trkpt lat="36.71891" lon="-118.29583">
        <ele>2313.0</ele>
      </trkpt>
      <trkpt lat="36.71892" lon="-118.29587">
        <ele>2313.0</ele>
      </trkpt>
      <trkpt lat="36.71884" lon="-118.29598">
        <ele>2309.0</ele>
      </trkpt>
      <trkpt lat="36.71885" lon="-118.29611">
        <ele>2309.0</ele>
      </trkpt>
      <trkpt lat="36.71873" lon="-118.29637">
        <ele>2317.0</ele>
      </trkpt>
      <trkpt lat="36.71873" lon="-118.2965">
        <ele>2317.0</ele>
      </trkpt>
      <trkpt lat="36.71863" lon="-118.29663">
        <ele>2319.0</ele>
      </trkpt>
      <trkpt lat="36.71862" lon="-118.29658">
        <ele>2319.0</ele>
      </trkpt>
      <trkpt lat="36.71856" lon="-118.29648">
        <ele>2317.0</ele>
      </trkpt>
      <trkpt lat="36.71856" lon="-118.29633">
        <ele>2317.0</ele>
      </trkpt>
      <trkpt lat="36.71852" lon="-118.2964">
        <ele>2317.0</ele>
      </trkpt>
      <trkpt lat="36.71833" lon="-118.29657">
        <ele>2329.0</ele>
      </trkpt>
      <trkpt lat="36.71808" lon="-118.29691">
        <ele>2339.0</ele>
      </trkpt>
      <trkpt lat="36.71806" lon="-118.29689">
        <ele>2339.0</ele>
      </trkpt>
      <trkpt lat="36.71819" lon="-118.29646">
        <ele>2340.0</ele>
      </trkpt>
      <trkpt lat="36.71819" lon="-118.29635">
        <ele>2340.0</ele>
      </trkpt>
      <trkpt lat="36.71811" lon="-118.296">
        <ele>2342.0</ele>
      </trkpt>
      <trkpt lat="36.71804" lon="-118.29639">
        <ele>2340.0</ele>
      </trkpt>
      <trkpt lat="36.71802" lon="-118.29639">
        <ele>2340.0</ele>
      </trkpt>
      <trkpt lat="36.71801" lon="-118.29616">
        <ele>2342.0</ele>
      </trkpt>
      <trkpt lat="36.71798" lon="-118.296">
        <ele>2342.0</ele>
      </trkpt>
      <trkpt lat="36.71793" lon="-118.29593">
        <ele>2351.0</ele>
      </trkpt>
      <trkpt lat="36.71794" lon="-118.29613">
        <ele>2342.0</ele>
      </trkpt>
      <trkpt lat="36.71786" lon="-118.29632">
        <ele>2357.0</ele>
      </trkpt>
      <trkpt lat="36.71788" lon="-118.29641">
        <ele>2357.0</ele>
      </trkpt>
      <trkpt lat="36.71785" lon="-118.29649">
        <ele>2357.0</ele>
      </trkpt>
      <trkpt lat="36.71779" lon="-118.29657">
        <ele>2356.0</ele>
      </trkpt>
      <trkpt lat="36.7175" lon="-118.29682">
        <ele>2374.0</ele>
      </trkpt>
      <trkpt lat="36.71735" lon="-118.29685">
        <ele>2388.0</ele>
      </trkpt>
      <trkpt lat="36.71732" lon="-118.29689">
        <ele>2388.0</ele>
      </trkpt>
      <trkpt lat="36.71727" lon="-118.29706">
        <ele>2388.0</ele>
      </trkpt>
      <trkpt lat="36.71718" lon="-118.29764">
        <ele>2374.0</ele>
      </trkpt>
      <trkpt lat="36.7172" lon="-118.2977">
        <ele>2374.0</ele>
      </trkpt>
      <trkpt lat="36.71731" lon="-118.29774">
        <ele>2374.0</ele>
      </trkpt>
      <trkpt lat="36.71731" lon="-118.2978">
        <ele>2374.0</ele>
      </trkpt>
      <trkpt lat="36.71721" lon="-118.29802">
        <ele>2379.0</ele>
      </trkpt>
      <trkpt lat="36.71718" lon="-118.29832">
        <ele>2383.0</ele>
      </trkpt>
      <trkpt lat="36.71727" lon="-118.29847">
        <ele>2383.0</ele>
      </trkpt>
      <trkpt lat="36.71727" lon="-118.29852">
        <ele>2389.0</ele>
      </trkpt>
      <trkpt lat="36.71712" lon="-118.29849">
        <ele>2389.0</ele>
      </trkpt>
      <trkpt lat="36.71709" lon="-118.29844">
        <ele>2383.0</ele>
      </trkpt>
      <trkpt lat="36.717" lon="-118.29799">
        <ele>2390.0</ele>
      </trkpt>
      <trkpt lat="36.71685" lon="-118.2979">
        <ele>2383.0</ele>
      </trkpt>
      <trkpt lat="36.71651" lon="-118.29788">
        <ele>2408.0</ele>
      </trkpt>
      <trkpt lat="36.71652" lon="-118.29792">
        <ele>2409.0</ele>
      </trkpt>
      <trkpt lat="36.71672" lon="-118.298">
        <ele>2403.0</ele>
      </trkpt>
      <trkpt lat="36.71681" lon="-118.29838">
        <ele>2393.0</ele>
      </trkpt>
      <trkpt lat="36.71675" lon="-118.29895">
        <ele>2406.0</ele>
      </trkpt>
      <trkpt lat="36.71677" lon="-118.29926">
        <ele>2405.0</ele>
      </trkpt>
      <trkpt lat="36.71682" lon="-118.29934">
        <ele>2398.0</ele>
      </trkpt>
      <trkpt lat="36.71684" lon="-118.29944">
        <ele>2398.0</ele>
      </trkpt>
      <trkpt lat="36.7169" lon="-118.29947">
        <ele>2398.0</ele>
      </trkpt>
      <trkpt lat="36.7169" lon="-118.29952">
        <ele>2398.0</ele>
      </trkpt>
      <trkpt lat="36.71685" lon="-118.29953">
        <ele>2398.0</ele>
      </trkpt>
      <trkpt lat="36.71683" lon="-118.29956">
        <ele>2398.0</ele>
      </trkpt>
      <trkpt lat="36.71675" lon="-118.29956">
        <ele>2418.0</ele>
      </trkpt>
      <trkpt lat="36.71671" lon="-118.29947">
        <ele>2418.0</ele>
      </trkpt>
      <trkpt lat="36.71667" lon="-118.29945">
        <ele>2418.0</ele>
      </trkpt>
      <trkpt lat="36.71656" lon="-118.29909">
        <ele>2405.0</ele>
      </trkpt>
      <trkpt lat="36.71633" lon="-118.29901">
        <ele>2422.0</ele>
      </trkpt>
      <trkpt lat="36.71624" lon="-118.29893">
        <ele>2437.0</ele>
      </trkpt>
      <trkpt lat="36.71617" lon="-118.29891">
        <ele>2437.0</ele>
      </trkpt>
      <trkpt lat="36.71601" lon="-118.29879">
        <ele>2437.0</ele>
      </trkpt>
      <trkpt lat="36.71596" lon="-118.29872">
        <ele>2439.0</ele>
      </trkpt>
      <trkpt lat="36.71586" lon="-118.29868">
        <ele>2439.0</ele>
      </trkpt>
      <trkpt lat="36.71581" lon="-118.29861">
        <ele>2439.0</ele>
      </trkpt>
      <trkpt lat="36.71577" lon="-118.29862">
        <ele>2439.0</ele>
      </trkpt>
      <trkpt lat="36.71578" lon="-118.29898">
        <ele>2442.0</ele>
      </trkpt>
      <trkpt lat="36.7158" lon="-118.2991">
        <ele>2447.0</ele>
      </trkpt>
      <trkpt lat="36.71592" lon="-118.29936">
        <ele>2453.0</ele>
      </trkpt>
      <trkpt lat="36.7159" lon="-118.2994">
        <ele>2453.0</ele>
      </trkpt>
      <trkpt lat="36.71564" lon="-118.29937">
        <ele>2467.0</ele>
      </trkpt>
      <trkpt lat="36.71544" lon="-118.29925">
        <ele>2459.0</ele>
      </trkpt>
      <trkpt lat="36.71531" lon="-118.29891">
        <ele>2465.0</ele>
      </trkpt>
      <trkpt lat="36.71521" lon="-118.29874">
        <ele>2457.0</ele>
      </trkpt>
      <trkpt lat="36.71503" lon="-118.29857">
        <ele>2471.0</ele>
      </trkpt>
      <trkpt lat="36.71508" lon="-118.2995">
        <ele>2496.0</ele>
      </trkpt>
      <trkpt lat="36.71502" lon="-118.29948">
        <ele>2496.0</ele>
      </trkpt>
      <trkpt lat="36.71472" lon="-118.29875">
        <ele>2481.0</ele>
      </trkpt>
      <trkpt lat="36.71461" lon="-118.29874">
        <ele>2481.0</ele>
      </trkpt>
      <trkpt lat="36.71471" lon="-118.29925">
        <ele>2500.0</ele>
      </trkpt>
      <trkpt lat="36.71468" lon="-118.29927">
        <ele>2500.0</ele>
      </trkpt>
      <trkpt lat="36.71454" lon="-118.29908">
        <ele>2526.0</ele>
      </trkpt>
      <trkpt lat="36.71448" lon="-118.29893">
        <ele>2507.0</ele>
      </trkpt>
      <trkpt lat="36.7143703418819" lon="-118.298770995729">
        <ele>2507.0</ele>
      </trkpt>
      <trkpt lat="36.7143703418819" lon="-118.298770995729">
        <ele>2507.0</ele>
      </trkpt>
      <trkpt lat="36.71428" lon="-118.29864">
        <ele>2526.0</ele>
      </trkpt>
      <trkpt lat="36.71432" lon="-118.29938">
        <ele>2536.0</ele>
      </trkpt>
      <trkpt lat="36.71427" lon="-118.29938">
        <ele>2556.0</ele>
      </trkpt>
      <trkpt lat="36.71394" lon="-118.29875">
        <ele>2548.0</ele>
      </trkpt>
      <trkpt lat="36.71376" lon="-118.29852">
        <ele>2548.0</ele>
      </trkpt>
      <trkpt lat="36.71374" lon="-118.29846">
        <ele>2563.0</ele>
      </trkpt>
      <trkpt lat="36.71372" lon="-118.29845">
        <ele>2563.0</ele>
      </trkpt>
      <trkpt lat="36.71375" lon="-118.29884">
        <ele>2569.0</ele>
      </trkpt>
      <trkpt lat="36.71373" lon="-118.2989">
        <ele>2569.0</ele>
      </trkpt>
      <trkpt lat="36.71356" lon="-118.29867">
        <ele>2564.0</ele>
      </trkpt>
      <trkpt lat="36.71354" lon="-118.29845">
        <ele>2563.0</ele>
      </trkpt>
      <trkpt lat="36.71351" lon="-118.29847">
        <ele>2563.0</ele>
      </trkpt>
      <trkpt lat="36.71351" lon="-118.29878">
        <ele>2569.0</ele>
      </trkpt>
      <trkpt lat="36.71348" lon="-118.29883">
        <ele>2569.0</ele>
      </trkpt>
      <trkpt lat="36.7134" lon="-118.29875">
        <ele>2579.0</ele>
      </trkpt>
      <trkpt lat="36.71326" lon="-118.29838">
        <ele>2579.0</ele>
      </trkpt>
      <trkpt lat="36.71328" lon="-118.2982">
        <ele>2579.0</ele>
      </trkpt>
      <trkpt lat="36.71325" lon="-118.29823">
        <ele>2579.0</ele>
      </trkpt>
      <trkpt lat="36.7132" lon="-118.29842">
        <ele>2579.0</ele>
      </trkpt>
      <trkpt lat="36.7132" lon="-118.29873">
        <ele>2579.0</ele>
      </trkpt>
      <trkpt lat="36.71307" lon="-118.29857">
        <ele>2598.0</ele>
      </trkpt>
      <trkpt lat="36.71304" lon="-118.29847">
        <ele>2598.0</ele>
      </trkpt>
      <trkpt lat="36.71305" lon="-118.29836">
        <ele>2598.0</ele>
      </trkpt>
      <trkpt lat="36.71303" lon="-118.29828">
        <ele>2598.0</ele>
      </trkpt>
      <trkpt lat="36.71319" lon="-118.2978">
        <ele>2611.0</ele>
      </trkpt>
      <trkpt lat="36.71291" lon="-118.29804">
        <ele>2625.0</ele>
      </trkpt>
      <trkpt lat="36.71277" lon="-118.2983">
        <ele>2619.0</ele>
      </trkpt>
      <trkpt lat="36.71277" lon="-118.2988">
        <ele>2620.0</ele>
      </trkpt>
      <trkpt lat="36.71286" lon="-118.2992">
        <ele>2624.0</ele>
      </trkpt>
      <trkpt lat="36.71259" lon="-118.29892">
        <ele>2635.0</ele>
      </trkpt>
      <trkpt lat="36.71254" lon="-118.29882">
        <ele>2635.0</ele>
      </trkpt>
      <trkpt lat="36.71247" lon="-118.29881">
        <ele>2635.0</ele>
      </trkpt>
      <trkpt lat="36.71225" lon="-118.29815">
        <ele>2656.0</ele>
      </trkpt>
      <trkpt lat="36.7123" lon="-118.29794">
        <ele>2656.0</ele>
      </trkpt>
      <trkpt lat="36.71245" lon="-118.29777">
        <ele>2652.0</ele>
      </trkpt>
      <trkpt lat="36.71251" lon="-118.29762">
        <ele>2661.0</ele>
      </trkpt>
      <trkpt lat="36.71253" lon="-118.29744">
        <ele>2661.0</ele>
      </trkpt>
      <trkpt lat="36.71258" lon="-118.29728">
        <ele>2673.0</ele>
      </trkpt>
      <trkpt lat="36.71266" lon="-118.2972">
        <ele>2652.0</ele>
      </trkpt>
      <trkpt lat="36.7127" lon="-118.29711">
        <ele>2652.0</ele>
      </trkpt>
      <trkpt lat="36.71273" lon="-118.29693">
        <ele>2663.0</ele>
      </trkpt>
      <trkpt lat="36.71278" lon="-118.29685">
        <ele>2663.0</ele>
      </trkpt>
      <trkpt lat="36.7129" lon="-118.29675">
        <ele>2673.0</ele>
      </trkpt>
      <trkpt lat="36.7129" lon="-118.29665">
        <ele>2673.0</ele>
      </trkpt>
      <trkpt lat="36.71302" lon="-118.29649">
        <ele>2671.0</ele>
      </trkpt>
      <trkpt lat="36.71313" lon="-118.29645">
        <ele>2671.0</ele>
      </trkpt>
      <trkpt lat="36.71312" lon="-118.2964">
        <ele>2671.0</ele>
      </trkpt>
      <trkpt lat="36.71297" lon="-118.29644">
        <ele>2671.0</ele>
      </trkpt>
      <trkpt lat="36.71276" lon="-118.2966">
        <ele>2673.0</ele>
      </trkpt>
      <trkpt lat="36.71277" lon="-118.29655">
        <ele>2673.0</ele>
      </trkpt>
      <trkpt lat="36.71292" lon="-118.29629">
        <ele>2671.0</ele>
      </trkpt>
      <trkpt lat="36.71292" lon="-118.29625">
        <ele>2682.0</ele>
      </trkpt>
      <trkpt lat="36.71273" lon="-118.29637">
        <ele>2682.0</ele>
      </trkpt>
      <trkpt lat="36.71244" lon="-118.29663">
        <ele>2689.0</ele>
      </trkpt>
      <trkpt lat="36.71232" lon="-118.29687">
        <ele>2694.0</ele>
      </trkpt>
      <trkpt lat="36.71225" lon="-118.29688">
        <ele>2694.0</ele>
      </trkpt>
      <trkpt lat="36.71198" lon="-118.29721">
        <ele>2699.0</ele>
      </trkpt>
      <trkpt lat="36.71186" lon="-118.29725">
        <ele>2699.0</ele>
      </trkpt>
      <trkpt lat="36.71195" lon="-118.29701">
        <ele>2707.0</ele>
      </trkpt>
      <trkpt lat="36.71202" lon="-118.29692">
        <ele>2707.0</ele>
      </trkpt>
      <trkpt lat="36.71202" lon="-118.29686">
        <ele>2707.0</ele>
      </trkpt>
      <trkpt lat="36.71184" lon="-118.29709">
        <ele>2699.0</ele>
      </trkpt>
      <trkpt lat="36.71173" lon="-118.29717">
        <ele>2714.0</ele>
      </trkpt>
      <trkpt lat="36.71173" lon="-118.29711">
        <ele>2714.0</ele>
      </trkpt>
      <trkpt lat="36.71195" lon="-118.29673">
        <ele>2720.0</ele>
      </trkpt>
      <trkpt lat="36.71202" lon="-118.29666">
        <ele>2720.0</ele>
      </trkpt>
      <trkpt lat="36.71201" lon="-118.29663">
        <ele>2720.0</ele>
      </trkpt>
      <trkpt lat="36.71196" lon="-118.29664">
        <ele>2720.0</ele>
      </trkpt>
      <trkpt lat="36.71184" lon="-118.29676">
        <ele>2720.0</ele>
      </trkpt>
      <trkpt lat="36.71167" lon="-118.29703">
        <ele>2724.0</ele>
      </trkpt>
      <trkpt lat="36.71145" lon="-118.29723">
        <ele>2728.0</ele>
      </trkpt>
      <trkpt lat="36.71142" lon="-118.29718">
        <ele>2728.0</ele>
      </trkpt>
      <trkpt lat="36.71152" lon="-118.29696">
        <ele>2738.0</ele>
      </trkpt>
      <trkpt lat="36.71172" lon="-118.2966">
        <ele>2734.0</ele>
      </trkpt>
      <trkpt lat="36.71175" lon="-118.29651">
        <ele>2748.0</ele>
      </trkpt>
      <trkpt lat="36.71172" lon="-118.29651">
        <ele>2748.0</ele>
      </trkpt>
      <trkpt lat="36.7111" lon="-118.29733">
        <ele>2744.0</ele>
      </trkpt>
      <trkpt lat="36.71088" lon="-118.29745">
        <ele>2754.0</ele>
      </trkpt>
      <trkpt lat="36.71069" lon="-118.29762">
        <ele>2774.0</ele>
      </trkpt>
      <trkpt lat="36.71042" lon="-118.29796">
        <ele>2763.0</ele>
      </trkpt>
      <trkpt lat="36.71036" lon="-118.2981">
        <ele>2773.0</ele>
      </trkpt>
      <trkpt lat="36.71032" lon="-118.29831">
        <ele>2769.0</ele>
      </trkpt>
      <trkpt lat="36.71037" lon="-118.29864">
        <ele>2769.0</ele>
      </trkpt>
      <trkpt lat="36.71034" lon="-118.29864">
        <ele>2769.0</ele>
      </trkpt>
      <trkpt lat="36.71031" lon="-118.29857">
        <ele>2769.0</ele>
      </trkpt>
      <trkpt lat="36.71019" lon="-118.29845">
        <ele>2769.0</ele>
      </trkpt>
      <trkpt lat="36.70997" lon="-118.29836">
        <ele>2767.0</ele>
      </trkpt>
      <trkpt lat="36.70971" lon="-118.29869">
        <ele>2760.0</ele>
      </trkpt>
      <trkpt lat="36.70951" lon="-118.29882">
        <ele>2755.0</ele>
      </trkpt>
      <trkpt lat="36.70943" lon="-118.2989">
        <ele>2755.0</ele>
      </trkpt>
      <trkpt lat="36.70889" lon="-118.29905">
        <ele>2745.0</ele>
      </trkpt>
      <trkpt lat="36.70874" lon="-118.29923">
        <ele>2733.0</ele>
      </trkpt>
      <trkpt lat="36.70848" lon="-118.29939">
        <ele>2740.0</ele>
      </trkpt>
      <trkpt lat="36.70843" lon="-118.29948">
        <ele>2728.0</ele>
      </trkpt>
      <trkpt lat="36.70798" lon="-118.29953">
        <ele>2719.0</ele>
      </trkpt>
      <trkpt lat="36.70765" lon="-118.30005">
        <ele>2734.0</ele>
      </trkpt>
      <trkpt lat="36.70752" lon="-118.30011">
        <ele>2737.0</ele>
      </trkpt>
      <trkpt lat="36.70745" lon="-118.3">
        <ele>2737.0</ele>
      </trkpt>
      <trkpt lat="36.70738" lon="-118.29994">
        <ele>2737.0</ele>
      </trkpt>
      <trkpt lat="36.70725" lon="-118.29991">
        <ele>2738.0</ele>
      </trkpt>
      <trkpt lat="36.70701" lon="-118.30009">
        <ele>2737.0</ele>
      </trkpt>
      <trkpt lat="36.70674" lon="-118.30022">
        <ele>2738.0</ele>
      </trkpt>
      <trkpt lat="36.7066" lon="-118.30019">
        <ele>2738.0</ele>
      </trkpt>
      <trkpt lat="36.70656" lon="-118.30022">
        <ele>2738.0</ele>
      </trkpt>
      <trkpt lat="36.70631" lon="-118.30025">
        <ele>2733.0</ele>
      </trkpt>
      <trkpt lat="36.70598" lon="-118.30046">
        <ele>2744.0</ele>
      </trkpt>
      <trkpt lat="36.70591" lon="-118.30078">
        <ele>2752.0</ele>
      </trkpt>
      <trkpt lat="36.70591" lon="-118.30078">
        <ele>2752.0</ele>
      </trkpt>
      <trkpt lat="36.70587" lon="-118.30097">
        <ele>2752.0</ele>
      </trkpt>
      <trkpt lat="36.70586" lon="-118.30151">
        <ele>2747.0</ele>
      </trkpt>
      <trkpt lat="36.7055" lon="-118.30272">
        <ele>2734.0</ele>
      </trkpt>
      <trkpt lat="36.70532" lon="-118.30291">
        <ele>2714.0</ele>
      </trkpt>
      <trkpt lat="36.70529" lon="-118.30308">
        <ele>2714.0</ele>
      </trkpt>
      <trkpt lat="36.70529" lon="-118.30381">
        <ele>2731.0</ele>
      </trkpt>
      <trkpt lat="36.70485" lon="-118.30403">
        <ele>2726.0</ele>
      </trkpt>
      <trkpt lat="36.70446" lon="-118.30406">
        <ele>2716.0</ele>
      </trkpt>
      <trkpt lat="36.704" lon="-118.30431">
        <ele>2707.0</ele>
      </trkpt>
      <trkpt lat="36.70375" lon="-118.30453">
        <ele>2699.0</ele>
      </trkpt>
      <trkpt lat="36.70366" lon="-118.30465">
        <ele>2712.0</ele>
      </trkpt>
      <trkpt lat="36.70366" lon="-118.30465">
        <ele>2712.0</ele>
      </trkpt>
      <trkpt lat="36.7036" lon="-118.30471">
        <ele>2712.0</ele>
      </trkpt>
      <trkpt lat="36.70329" lon="-118.30526">
        <ele>2717.0</ele>
      </trkpt>
      <trkpt lat="36.70325" lon="-118.30573">
        <ele>2733.0</ele>
      </trkpt>
      <trkpt lat="36.70321" lon="-118.30587">
        <ele>2733.0</ele>
      </trkpt>
      <trkpt lat="36.70309" lon="-118.30599">
        <ele>2742.0</ele>
      </trkpt>
      <trkpt lat="36.7028" lon="-118.30582">
        <ele>2726.0</ele>
      </trkpt>
      <trkpt lat="36.70218" lon="-118.30537">
        <ele>2690.0</ele>
      </trkpt>
      <trkpt lat="36.70201" lon="-118.30535">
        <ele>2693.0</ele>
      </trkpt>
      <trkpt lat="36.70189" lon="-118.30526">
        <ele>2693.0</ele>
      </trkpt>
      <trkpt lat="36.70169" lon="-118.30518">
        <ele>2695.0</ele>
      </trkpt>
      <trkpt lat="36.70152" lon="-118.30499">
        <ele>2676.0</ele>
      </trkpt>
      <trkpt lat="36.70124" lon="-118.30488">
        <ele>2672.0</ele>
      </trkpt>
      <trkpt lat="36.70098" lon="-118.30454">
        <ele>2639.0</ele>
      </trkpt>
      <trkpt lat="36.70077" lon="-118.30445">
        <ele>2645.0</ele>
      </trkpt>
      <trkpt lat="36.70069" lon="-118.30451">
        <ele>2640.0</ele>
      </trkpt>
      <trkpt lat="36.70043" lon="-118.30496">
        <ele>2660.0</ele>
      </trkpt>
      <trkpt lat="36.7004" lon="-118.30495">
        <ele>2651.0</ele>
      </trkpt>
      <trkpt lat="36.7004" lon="-118.30437">
        <ele>2628.0</ele>
      </trkpt>
      <trkpt lat="36.70029" lon="-118.30407">
        <ele>2618.0</ele>
      </trkpt>
      <trkpt lat="36.70018" lon="-118.30388">
        <ele>2597.0</ele>
      </trkpt>
      <trkpt lat="36.70012" lon="-118.30385">
        <ele>2576.0</ele>
      </trkpt>
      <trkpt lat="36.70009" lon="-118.30391">
        <ele>2576.0</ele>
      </trkpt>
      <trkpt lat="36.70014" lon="-118.30409">
        <ele>2618.0</ele>
      </trkpt>
      <trkpt lat="36.70013" lon="-118.30417">
        <ele>2596.0</ele>
      </trkpt>
      <trkpt lat="36.69992" lon="-118.30404">
        <ele>2596.0</ele>
      </trkpt>
      <trkpt lat="36.69999" lon="-118.30456">
        <ele>2614.0</ele>
      </trkpt>
      <trkpt lat="36.69991" lon="-118.30467">
        <ele>2633.0</ele>
      </trkpt>
      <trkpt lat="36.69978" lon="-118.30504">
        <ele>2616.0</ele>
      </trkpt>
      <trkpt lat="36.6997" lon="-118.30561">
        <ele>2622.0</ele>
      </trkpt>
      <trkpt lat="36.69966" lon="-118.30572">
        <ele>2623.0</ele>
      </trkpt>
      <trkpt lat="36.6997" lon="-118.30606">
        <ele>2623.0</ele>
      </trkpt>
      <trkpt lat="36.69955" lon="-118.30644">
        <ele>2598.0</ele>
      </trkpt>
      <trkpt lat="36.6995" lon="-118.30633">
        <ele>2598.0</ele>
      </trkpt>
      <trkpt lat="36.69947" lon="-118.30633">
        <ele>2598.0</ele>
      </trkpt>
      <trkpt lat="36.69946" lon="-118.3064">
        <ele>2598.0</ele>
      </trkpt>
      <trkpt lat="36.69949" lon="-118.30659">
        <ele>2595.0</ele>
      </trkpt>
      <trkpt lat="36.69948" lon="-118.30665">
        <ele>2595.0</ele>
      </trkpt>
      <trkpt lat="36.69934" lon="-118.30653">
        <ele>2595.0</ele>
      </trkpt>
      <trkpt lat="36.69943" lon="-118.30714">
        <ele>2588.0</ele>
      </trkpt>
      <trkpt lat="36.6994" lon="-118.30766">
        <ele>2585.0</ele>
      </trkpt>
      <trkpt lat="36.6994377681325" lon="-118.307990471159">
        <ele>2591.0</ele>
      </trkpt>
      <trkpt lat="36.6994377681325" lon="-118.307990471159">
        <ele>2591.0</ele>
      </trkpt>
      <trkpt lat="36.69944" lon="-118.30801">
        <ele>2591.0</ele>
      </trkpt>
      <trkpt lat="36.6994" lon="-118.30827">
        <ele>2596.0</ele>
      </trkpt>
      <trkpt lat="36.69925" lon="-118.30831">
        <ele>2589.0</ele>
      </trkpt>
      <trkpt lat="36.69917" lon="-118.30827">
        <ele>2589.0</ele>
      </trkpt>
      <trkpt lat="36.69907" lon="-118.30828">
        <ele>2589.0</ele>
      </trkpt>
      <trkpt lat="36.69891" lon="-118.30816">
        <ele>2576.0</ele>
      </trkpt>
      <trkpt lat="36.69873" lon="-118.30811">
        <ele>2561.0</ele>
      </trkpt>
      <trkpt lat="36.69851" lon="-118.30825">
        <ele>2577.0</ele>
      </trkpt>
      <trkpt lat="36.69831" lon="-118.30867">
        <ele>2584.0</ele>
      </trkpt>
      <trkpt lat="36.69806" lon="-118.30897">
        <ele>2598.0</ele>
      </trkpt>
      <trkpt lat="36.69793" lon="-118.30931">
        <ele>2615.0</ele>
      </trkpt>
      <trkpt lat="36.69781" lon="-118.3095">
        <ele>2601.0</ele>
      </trkpt>
      <trkpt lat="36.6975" lon="-118.30983">
        <ele>2604.0</ele>
      </trkpt>
      <trkpt lat="36.69735" lon="-118.31011">
        <ele>2601.0</ele>
      </trkpt>
      <trkpt lat="36.69734" lon="-118.31019">
        <ele>2621.0</ele>
      </trkpt>
      <trkpt lat="36.69727" lon="-118.3103">
        <ele>2621.0</ele>
      </trkpt>
      <trkpt lat="36.69713" lon="-118.31043">
        <ele>2634.0</ele>
      </trkpt>
      <trkpt lat="36.69693" lon="-118.31079">
        <ele>2625.0</ele>
      </trkpt>
      <trkpt lat="36.69674" lon="-118.31094">
        <ele>2611.0</ele>
      </trkpt>
      <trkpt lat="36.69663" lon="-118.31106">
        <ele>2626.0</ele>
      </trkpt>
      <trkpt lat="36.69637" lon="-118.31163">
        <ele>2644.0</ele>
      </trkpt>
      <trkpt lat="36.6961" lon="-118.3119">
        <ele>2652.0</ele>
      </trkpt>
      <trkpt lat="36.69608" lon="-118.31197">
        <ele>2652.0</ele>
      </trkpt>
      <trkpt lat="36.69603" lon="-118.31201">
        <ele>2652.0</ele>
      </trkpt>
      <trkpt lat="36.69592" lon="-118.31222">
        <ele>2657.0</ele>
      </trkpt>
      <trkpt lat="36.69571" lon="-118.3123">
        <ele>2657.0</ele>
      </trkpt>
      <trkpt lat="36.6956" lon="-118.31265">
        <ele>2665.0</ele>
      </trkpt>
      <trkpt lat="36.69558" lon="-118.31288">
        <ele>2665.0</ele>
      </trkpt>
      <trkpt lat="36.69548" lon="-118.31335">
        <ele>2681.0</ele>
      </trkpt>
      <trkpt lat="36.69536" lon="-118.31377">
        <ele>2680.0</ele>
      </trkpt>
      <trkpt lat="36.69524" lon="-118.31403">
        <ele>2694.0</ele>
      </trkpt>
      <trkpt lat="36.69506" lon="-118.31397">
        <ele>2679.0</ele>
      </trkpt>
      <trkpt lat="36.69485" lon="-118.3138">
        <ele>2678.0</ele>
      </trkpt>
      <trkpt lat="36.69469" lon="-118.31354">
        <ele>2669.0</ele>
      </trkpt>
      <trkpt lat="36.69449" lon="-118.31312">
        <ele>2654.0</ele>
      </trkpt>
      <trkpt lat="36.69445" lon="-118.31311">
        <ele>2654.0</ele>
      </trkpt>
      <trkpt lat="36.69416" lon="-118.31351">
        <ele>2679.0</ele>
      </trkpt>
      <trkpt lat="36.69393" lon="-118.31366">
        <ele>2678.0</ele>
      </trkpt>
      <trkpt lat="36.69387" lon="-118.31381">
        <ele>2688.0</ele>
      </trkpt>
      <trkpt lat="36.69365" lon="-118.3141">
        <ele>2695.0</ele>
      </trkpt>
      <trkpt lat="36.6935" lon="-118.31416">
        <ele>2695.0</ele>
      </trkpt>
      <trkpt lat="36.69328" lon="-118.31437">
        <ele>2703.0</ele>
      </trkpt>
      <trkpt lat="36.69328" lon="-118.31441">
        <ele>2703.0</ele>
      </trkpt>
      <trkpt lat="36.69331" lon="-118.31443">
        <ele>2703.0</ele>
      </trkpt>
      <trkpt lat="36.69355" lon="-118.31433">
        <ele>2704.0</ele>
      </trkpt>
      <trkpt lat="36.69378" lon="-118.31435">
        <ele>2705.0</ele>
      </trkpt>
      <trkpt lat="36.69405" lon="-118.31427">
        <ele>2698.0</ele>
      </trkpt>
      <trkpt lat="36.69431" lon="-118.31409">
        <ele>2693.0</ele>
      </trkpt>
      <trkpt lat="36.69435" lon="-118.31411">
        <ele>2693.0</ele>
      </trkpt>
      <trkpt lat="36.69441" lon="-118.31448">
        <ele>2705.0</ele>
      </trkpt>
      <trkpt lat="36.69446" lon="-118.31453">
        <ele>2705.0</ele>
      </trkpt>
      <trkpt lat="36.69448" lon="-118.31467">
        <ele>2710.0</ele>
      </trkpt>
      <trkpt lat="36.69454" lon="-118.31483">
        <ele>2710.0</ele>
      </trkpt>
      <trkpt lat="36.69465" lon="-118.31502">
        <ele>2705.0</ele>
      </trkpt>
      <trkpt lat="36.69472" lon="-118.31505">
        <ele>2705.0</ele>
      </trkpt>
      <trkpt lat="36.69481" lon="-118.31536">
        <ele>2716.0</ele>
      </trkpt>
      <trkpt lat="36.69491" lon="-118.31544">
        <ele>2716.0</ele>
      </trkpt>
      <trkpt lat="36.69498" lon="-118.31562">
        <ele>2716.0</ele>
      </trkpt>
      <trkpt lat="36.69506" lon="-118.31565">
        <ele>2716.0</ele>
      </trkpt>
      <trkpt lat="36.69505" lon="-118.31567">
        <ele>2716.0</ele>
      </trkpt>
      <trkpt lat="36.69494" lon="-118.31564">
        <ele>2716.0</ele>
      </trkpt>
      <trkpt lat="36.69483" lon="-118.31551">
        <ele>2726.0</ele>
      </trkpt>
      <trkpt lat="36.69469" lon="-118.31544">
        <ele>2726.0</ele>
      </trkpt>
      <trkpt lat="36.69463" lon="-118.31531">
        <ele>2716.0</ele>
      </trkpt>
      <trkpt lat="36.69457" lon="-118.31524">
        <ele>2725.0</ele>
      </trkpt>
      <trkpt lat="36.69443" lon="-118.31512">
        <ele>2718.0</ele>
      </trkpt>
      <trkpt lat="36.69436" lon="-118.31513">
        <ele>2718.0</ele>
      </trkpt>
      <trkpt lat="36.69422" lon="-118.31533">
        <ele>2731.0</ele>
      </trkpt>
      <trkpt lat="36.69415" lon="-118.31555">
        <ele>2743.0</ele>
      </trkpt>
      <trkpt lat="36.69409" lon="-118.31558">
        <ele>2743.0</ele>
      </trkpt>
      <trkpt lat="36.69399" lon="-118.3157">
        <ele>2756.0</ele>
      </trkpt>
      <trkpt lat="36.6939" lon="-118.31609">
        <ele>2771.0</ele>
      </trkpt>
      <trkpt lat="36.69381" lon="-118.31616">
        <ele>2771.0</ele>
      </trkpt>
      <trkpt lat="36.69366" lon="-118.31639">
        <ele>2771.0</ele>
      </trkpt>
      <trkpt lat="36.69363" lon="-118.31649">
        <ele>2771.0</ele>
      </trkpt>
      <trkpt lat="36.69356" lon="-118.31653">
        <ele>2776.0</ele>
      </trkpt>
      <trkpt lat="36.69347" lon="-118.31667">
        <ele>2771.0</ele>
      </trkpt>
      <trkpt lat="36.69348" lon="-118.31693">
        <ele>2780.0</ele>
      </trkpt>
      <trkpt lat="36.69343" lon="-118.31697">
        <ele>2772.0</ele>
      </trkpt>
      <trkpt lat="36.69331" lon="-118.31694">
        <ele>2772.0</ele>
      </trkpt>
      <trkpt lat="36.69324" lon="-118.31697">
        <ele>2772.0</ele>
      </trkpt>
      <trkpt lat="36.69321" lon="-118.31706">
        <ele>2772.0</ele>
      </trkpt>
      <trkpt lat="36.69325" lon="-118.31719">
        <ele>2779.0</ele>
      </trkpt>
      <trkpt lat="36.69335" lon="-118.31728">
        <ele>2779.0</ele>
      </trkpt>
      <trkpt lat="36.69345" lon="-118.31761">
        <ele>2787.0</ele>
      </trkpt>
      <trkpt lat="36.69347" lon="-118.31764">
        <ele>2792.0</ele>
      </trkpt>
      <trkpt lat="36.69336" lon="-118.31786">
        <ele>2792.0</ele>
      </trkpt>
      <trkpt lat="36.69328" lon="-118.31785">
        <ele>2792.0</ele>
      </trkpt>
      <trkpt lat="36.69326" lon="-118.3179">
        <ele>2792.0</ele>
      </trkpt>
      <trkpt lat="36.69319" lon="-118.31799">
        <ele>2783.0</ele>
      </trkpt>
      <trkpt lat="36.69312" lon="-118.31827">
        <ele>2784.0</ele>
      </trkpt>
      <trkpt lat="36.69312" lon="-118.3184">
        <ele>2784.0</ele>
      </trkpt>
      <trkpt lat="36.69316" lon="-118.31847">
        <ele>2784.0</ele>
      </trkpt>
      <trkpt lat="36.6931" lon="-118.31866">
        <ele>2789.0</ele>
      </trkpt>
      <trkpt lat="36.69312" lon="-118.31875">
        <ele>2789.0</ele>
      </trkpt>
      <trkpt lat="36.69309" lon="-118.3192">
        <ele>2810.0</ele>
      </trkpt>
      <trkpt lat="36.69316" lon="-118.31926">
        <ele>2810.0</ele>
      </trkpt>
      <trkpt lat="36.69326" lon="-118.31946">
        <ele>2822.0</ele>
      </trkpt>
      <trkpt lat="36.69327" lon="-118.3197">
        <ele>2825.0</ele>
      </trkpt>
      <trkpt lat="36.69326" lon="-118.31976">
        <ele>2825.0</ele>
      </trkpt>
      <trkpt lat="36.69329" lon="-118.32009">
        <ele>2829.0</ele>
      </trkpt>
      <trkpt lat="36.69333" lon="-118.32022">
        <ele>2834.0</ele>
      </trkpt>
      <trkpt lat="36.69344" lon="-118.32043">
        <ele>2836.0</ele>
      </trkpt>
      <trkpt lat="36.69341" lon="-118.32065">
        <ele>2836.0</ele>
      </trkpt>
      <trkpt lat="36.69344" lon="-118.32073">
        <ele>2840.0</ele>
      </trkpt>
      <trkpt lat="36.69335" lon="-118.32088">
        <ele>2840.0</ele>
      </trkpt>
      <trkpt lat="36.69335" lon="-118.32092">
        <ele>2840.0</ele>
      </trkpt>
      <trkpt lat="36.69352" lon="-118.32088">
        <ele>2849.0</ele>
      </trkpt>
      <trkpt lat="36.69371" lon="-118.32054">
        <ele>2844.0</ele>
      </trkpt>
      <trkpt lat="36.69374" lon="-118.32053">
        <ele>2844.0</ele>
      </trkpt>
      <trkpt lat="36.69396" lon="-118.32008">
        <ele>2846.0</ele>
      </trkpt>
      <trkpt lat="36.69397" lon="-118.32012">
        <ele>2846.0</ele>
      </trkpt>
      <trkpt lat="36.69395" lon="-118.32017">
        <ele>2852.0</ele>
      </trkpt>
      <trkpt lat="36.69385" lon="-118.32084">
        <ele>2864.0</ele>
      </trkpt>
      <trkpt lat="36.69384" lon="-118.32111">
        <ele>2871.0</ele>
      </trkpt>
      <trkpt lat="36.69381" lon="-118.32117">
        <ele>2871.0</ele>
      </trkpt>
      <trkpt lat="36.69374" lon="-118.32153">
        <ele>2873.0</ele>
      </trkpt>
      <trkpt lat="36.69374" lon="-118.32177">
        <ele>2873.0</ele>
      </trkpt>
      <trkpt lat="36.69366" lon="-118.32205">
        <ele>2877.0</ele>
      </trkpt>
      <trkpt lat="36.69367" lon="-118.32229">
        <ele>2882.0</ele>
      </trkpt>
      <trkpt lat="36.69356" lon="-118.32256">
        <ele>2886.0</ele>
      </trkpt>
      <trkpt lat="36.69349" lon="-118.32266">
        <ele>2890.0</ele>
      </trkpt>
      <trkpt lat="36.69337" lon="-118.32275">
        <ele>2886.0</ele>
      </trkpt>
      <trkpt lat="36.69337" lon="-118.32275">
        <ele>2886.0</ele>
      </trkpt>
      <trkpt lat="36.69329" lon="-118.32278">
        <ele>2886.0</ele>
      </trkpt>
      <trkpt lat="36.69328" lon="-118.32282">
        <ele>2886.0</ele>
      </trkpt>
      <trkpt lat="36.69359" lon="-118.32283">
        <ele>2890.0</ele>
      </trkpt>
      <trkpt lat="36.69366" lon="-118.32275">
        <ele>2890.0</ele>
      </trkpt>
      <trkpt lat="36.69366" lon="-118.32275">
        <ele>2890.0</ele>
      </trkpt>
      <trkpt lat="36.69397" lon="-118.32232">
        <ele>2888.0</ele>
      </trkpt>
      <trkpt lat="36.69403" lon="-118.32227">
        <ele>2906.0</ele>
      </trkpt>
      <trkpt lat="36.69406" lon="-118.32219">
        <ele>2906.0</ele>
      </trkpt>
      <trkpt lat="36.69414" lon="-118.32209">
        <ele>2906.0</ele>
      </trkpt>
      <trkpt lat="36.69452" lon="-118.32109">
        <ele>2902.0</ele>
      </trkpt>
      <trkpt lat="36.6948" lon="-118.32064">
        <ele>2902.0</ele>
      </trkpt>
      <trkpt lat="36.69482" lon="-118.32063">
        <ele>2902.0</ele>
      </trkpt>
      <trkpt lat="36.69486" lon="-118.32072">
        <ele>2906.0</ele>
      </trkpt>
      <trkpt lat="36.69489" lon="-118.32072">
        <ele>2915.0</ele>
      </trkpt>
      <trkpt lat="36.69501" lon="-118.32066">
        <ele>2910.0</ele>
      </trkpt>
      <trkpt lat="36.69524" lon="-118.32038">
        <ele>2919.0</ele>
      </trkpt>
      <trkpt lat="36.69587" lon="-118.31975">
        <ele>2921.0</ele>
      </trkpt>
      <trkpt lat="36.69631" lon="-118.31961">
        <ele>2935.0</ele>
      </trkpt>
      <trkpt lat="36.69648" lon="-118.31953">
        <ele>2920.0</ele>
      </trkpt>
      <trkpt lat="36.69647" lon="-118.31957">
        <ele>2920.0</ele>
      </trkpt>
      <trkpt lat="36.69607" lon="-118.31995">
        <ele>2942.0</ele>
      </trkpt>
      <trkpt lat="36.69588" lon="-118.32021">
        <ele>2943.0</ele>
      </trkpt>
      <trkpt lat="36.69586" lon="-118.32029">
        <ele>2943.0</ele>
      </trkpt>
      <trkpt lat="36.69563" lon="-118.32057">
        <ele>2939.0</ele>
      </trkpt>
      <trkpt lat="36.69549" lon="-118.32078">
        <ele>2948.0</ele>
      </trkpt>
      <trkpt lat="36.69543" lon="-118.32098">
        <ele>2958.0</ele>
      </trkpt>
      <trkpt lat="36.69527" lon="-118.32129">
        <ele>2951.0</ele>
      </trkpt>
      <trkpt lat="36.69519" lon="-118.32152">
        <ele>2951.0</ele>
      </trkpt>
      <trkpt lat="36.69509" lon="-118.32221">
        <ele>2958.0</ele>
      </trkpt>
      <trkpt lat="36.69506" lon="-118.32231">
        <ele>2958.0</ele>
      </trkpt>
      <trkpt lat="36.69502" lon="-118.32275">
        <ele>2967.0</ele>
      </trkpt>
      <trkpt lat="36.69502" lon="-118.32275">
        <ele>2967.0</ele>
      </trkpt>
      <trkpt lat="36.69461" lon="-118.32367">
        <ele>2974.0</ele>
      </trkpt>
      <trkpt lat="36.69458" lon="-118.32397">
        <ele>2960.0</ele>
      </trkpt>
      <trkpt lat="36.69455" lon="-118.32404">
        <ele>2969.0</ele>
      </trkpt>
      <trkpt lat="36.69435" lon="-118.32432">
        <ele>2981.0</ele>
      </trkpt>
      <trkpt lat="36.69429" lon="-118.32449">
        <ele>2966.0</ele>
      </trkpt>
      <trkpt lat="36.6941" lon="-118.3248">
        <ele>2979.0</ele>
      </trkpt>
      <trkpt lat="36.69393" lon="-118.32512">
        <ele>2973.0</ele>
      </trkpt>
      <trkpt lat="36.69382" lon="-118.32527">
        <ele>2986.0</ele>
      </trkpt>
      <trkpt lat="36.6938" lon="-118.3253">
        <ele>2986.0</ele>
      </trkpt>
      <trkpt lat="36.69382" lon="-118.32542">
        <ele>3003.0</ele>
      </trkpt>
      <trkpt lat="36.69377" lon="-118.32561">
        <ele>3003.0</ele>
      </trkpt>
      <trkpt lat="36.69371" lon="-118.32569">
        <ele>2993.0</ele>
      </trkpt>
      <trkpt lat="36.69365" lon="-118.32585">
        <ele>3004.0</ele>
      </trkpt>
      <trkpt lat="36.69366" lon="-118.32589">
        <ele>3004.0</ele>
      </trkpt>
      <trkpt lat="36.6937" lon="-118.32588">
        <ele>3004.0</ele>
      </trkpt>
      <trkpt lat="36.69375" lon="-118.32583">
        <ele>3004.0</ele>
      </trkpt>
      <trkpt lat="36.6937630397922" lon="-118.325777840831">
        <ele>3014.0</ele>
      </trkpt>
      <trkpt lat="36.6937630397922" lon="-118.325777840831">
        <ele>3014.0</ele>
      </trkpt>
      <trkpt lat="36.69378" lon="-118.32571">
        <ele>3014.0</ele>
      </trkpt>
      <trkpt lat="36.69389" lon="-118.32559">
        <ele>3003.0</ele>
      </trkpt>
      <trkpt lat="36.69396" lon="-118.32541">
        <ele>2986.0</ele>
      </trkpt>
      <trkpt lat="36.69454" lon="-118.32493">
        <ele>3008.0</ele>
      </trkpt>
      <trkpt lat="36.69472" lon="-118.3248">
        <ele>3013.0</ele>
      </trkpt>
      <trkpt lat="36.69499" lon="-118.32465">
        <ele>3026.0</ele>
      </trkpt>
      <trkpt lat="36.69508" lon="-118.32454">
        <ele>3019.0</ele>
      </trkpt>
      <trkpt lat="36.69509" lon="-118.32456">
        <ele>3019.0</ele>
      </trkpt>
      <trkpt lat="36.695" lon="-118.32477">
        <ele>3026.0</ele>
      </trkpt>
      <trkpt lat="36.69484" lon="-118.32492">
        <ele>3022.0</ele>
      </trkpt>
      <trkpt lat="36.6947" lon="-118.32513">
        <ele>3022.0</ele>
      </trkpt>
      <trkpt lat="36.6947" lon="-118.3252">
        <ele>3029.0</ele>
      </trkpt>
      <trkpt lat="36.69457" lon="-118.32534">
        <ele>3017.0</ele>
      </trkpt>
      <trkpt lat="36.69441" lon="-118.32559">
        <ele>3026.0</ele>
      </trkpt>
      <trkpt lat="36.69424" lon="-118.32596">
        <ele>3019.0</ele>
      </trkpt>
      <trkpt lat="36.69435" lon="-118.32654">
        <ele>3054.0</ele>
      </trkpt>
      <trkpt lat="36.69434" lon="-118.3268">
        <ele>3054.0</ele>
      </trkpt>
      <trkpt lat="36.6944" lon="-118.3268">
        <ele>3054.0</ele>
      </trkpt>
      <trkpt lat="36.69443" lon="-118.32657">
        <ele>3054.0</ele>
      </trkpt>
      <trkpt lat="36.69445" lon="-118.32656">
        <ele>3054.0</ele>
      </trkpt>
      <trkpt lat="36.69448" lon="-118.32659">
        <ele>3054.0</ele>
      </trkpt>
      <trkpt lat="36.69452" lon="-118.32679">
        <ele>3054.0</ele>
      </trkpt>
      <trkpt lat="36.69451" lon="-118.32704">
        <ele>3063.0</ele>
      </trkpt>
      <trkpt lat="36.69448" lon="-118.32718">
        <ele>3070.0</ele>
      </trkpt>
      <trkpt lat="36.6945" lon="-118.3272">
        <ele>3070.0</ele>
      </trkpt>
      <trkpt lat="36.69462" lon="-118.32683">
        <ele>3072.0</ele>
      </trkpt>
      <trkpt lat="36.69465" lon="-118.32685">
        <ele>3072.0</ele>
      </trkpt>
      <trkpt lat="36.69464" lon="-118.32723">
        <ele>3079.0</ele>
      </trkpt>
      <trkpt lat="36.69453" lon="-118.32769">
        <ele>3085.0</ele>
      </trkpt>
      <trkpt lat="36.69431" lon="-118.32775">
        <ele>3085.0</ele>
      </trkpt>
      <trkpt lat="36.6938" lon="-118.32771">
        <ele>3091.0</ele>
      </trkpt>
      <trkpt lat="36.69356" lon="-118.32777">
        <ele>3093.0</ele>
      </trkpt>
      <trkpt lat="36.69357" lon="-118.32762">
        <ele>3081.0</ele>
      </trkpt>
      <trkpt lat="36.69338" lon="-118.32764">
        <ele>3091.0</ele>
      </trkpt>
      <trkpt lat="36.69312" lon="-118.32776">
        <ele>3085.0</ele>
      </trkpt>
      <trkpt lat="36.69312" lon="-118.32776">
        <ele>3085.0</ele>
      </trkpt>
      <trkpt lat="36.69312" lon="-118.32776">
        <ele>3085.0</ele>
      </trkpt>
      <trkpt lat="36.69312" lon="-118.32776">
        <ele>3085.0</ele>
      </trkpt>
      <trkpt lat="36.69312" lon="-118.32776">
        <ele>3085.0</ele>
      </trkpt>
      <trkpt lat="36.69299" lon="-118.32789">
        <ele>3085.0</ele>
      </trkpt>
      <trkpt lat="36.69293" lon="-118.32813">
        <ele>3094.0</ele>
      </trkpt>
      <trkpt lat="36.69287" lon="-118.32826">
        <ele>3099.0</ele>
      </trkpt>
      <trkpt lat="36.69275" lon="-118.32832">
        <ele>3099.0</ele>
      </trkpt>
      <trkpt lat="36.69249" lon="-118.32829">
        <ele>3102.0</ele>
      </trkpt>
      <trkpt lat="36.69219" lon="-118.32843">
        <ele>3106.0</ele>
      </trkpt>
      <trkpt lat="36.69149" lon="-118.32918">
        <ele>3122.0</ele>
      </trkpt>
      <trkpt lat="36.6913" lon="-118.3293">
        <ele>3122.0</ele>
      </trkpt>
      <trkpt lat="36.69096" lon="-118.32914">
        <ele>3122.0</ele>
      </trkpt>
      <trkpt lat="36.69046" lon="-118.32934">
        <ele>3132.0</ele>
      </trkpt>
      <trkpt lat="36.69008" lon="-118.32963">
        <ele>3147.0</ele>
      </trkpt>
      <trkpt lat="36.68956" lon="-118.32965">
        <ele>3151.0</ele>
      </trkpt>
      <trkpt lat="36.68932" lon="-118.32973">
        <ele>3151.0</ele>
      </trkpt>
      <trkpt lat="36.68905" lon="-118.32966">
        <ele>3153.0</ele>
      </trkpt>
      <trkpt lat="36.68887" lon="-118.32977">
        <ele>3156.0</ele>
      </trkpt>
      <trkpt lat="36.68846" lon="-118.33057">
        <ele>3167.0</ele>
      </trkpt>
      <trkpt lat="36.68796" lon="-118.3312">
        <ele>3177.0</ele>
      </trkpt>
      <trkpt lat="36.68784" lon="-118.33148">
        <ele>3184.0</ele>
      </trkpt>
      <trkpt lat="36.68763" lon="-118.33178">
        <ele>3195.0</ele>
      </trkpt>
      <trkpt lat="36.687" lon="-118.33248">
        <ele>3211.0</ele>
      </trkpt>
      <trkpt lat="36.68691" lon="-118.33246">
        <ele>3211.0</ele>
      </trkpt>
      <trkpt lat="36.68677" lon="-118.33264">
        <ele>3214.0</ele>
      </trkpt>
      <trkpt lat="36.68668" lon="-118.33255">
        <ele>3213.0</ele>
      </trkpt>
      <trkpt lat="36.68651" lon="-118.33263">
        <ele>3221.0</ele>
      </trkpt>
      <trkpt lat="36.68635" lon="-118.33256">
        <ele>3221.0</ele>
      </trkpt>
      <trkpt lat="36.68608" lon="-118.33259">
        <ele>3229.0</ele>
      </trkpt>
      <trkpt lat="36.68604" lon="-118.33262">
        <ele>3229.0</ele>
      </trkpt>
      <trkpt lat="36.68604" lon="-118.33262">
        <ele>3229.0</ele>
      </trkpt>
      <trkpt lat="36.68581" lon="-118.33273">
        <ele>3238.0</ele>
      </trkpt>
      <trkpt lat="36.68582" lon="-118.33286">
        <ele>3238.0</ele>
      </trkpt>
      <trkpt lat="36.68572" lon="-118.3329">
        <ele>3238.0</ele>
      </trkpt>
      <trkpt lat="36.6857" lon="-118.33303">
        <ele>3240.0</ele>
      </trkpt>
      <trkpt lat="36.68554" lon="-118.33312">
        <ele>3253.0</ele>
      </trkpt>
      <trkpt lat="36.68553" lon="-118.33331">
        <ele>3254.0</ele>
      </trkpt>
      <trkpt lat="36.68543" lon="-118.33346">
        <ele>3254.0</ele>
      </trkpt>
      <trkpt lat="36.68533" lon="-118.33351">
        <ele>3262.0</ele>
      </trkpt>
      <trkpt lat="36.68518" lon="-118.33342">
        <ele>3261.0</ele>
      </trkpt>
      <trkpt lat="36.68495" lon="-118.33349">
        <ele>3267.0</ele>
      </trkpt>
      <trkpt lat="36.68474" lon="-118.33344">
        <ele>3279.0</ele>
      </trkpt>
      <trkpt lat="36.68465" lon="-118.33354">
        <ele>3276.0</ele>
      </trkpt>
      <trkpt lat="36.68468" lon="-118.33363">
        <ele>3276.0</ele>
      </trkpt>
      <trkpt lat="36.68481" lon="-118.3337">
        <ele>3276.0</ele>
      </trkpt>
      <trkpt lat="36.6849" lon="-118.33387">
        <ele>3266.0</ele>
      </trkpt>
      <trkpt lat="36.6849" lon="-118.33408">
        <ele>3264.0</ele>
      </trkpt>
      <trkpt lat="36.68483" lon="-118.33446">
        <ele>3278.0</ele>
      </trkpt>
      <trkpt lat="36.68471" lon="-118.33479">
        <ele>3282.0</ele>
      </trkpt>
      <trkpt lat="36.68463" lon="-118.33521">
        <ele>3287.0</ele>
      </trkpt>
      <trkpt lat="36.68453" lon="-118.33557">
        <ele>3295.0</ele>
      </trkpt>
      <trkpt lat="36.68444" lon="-118.33615">
        <ele>3292.0</ele>
      </trkpt>
      <trkpt lat="36.68429" lon="-118.33637">
        <ele>3293.0</ele>
      </trkpt>
      <trkpt lat="36.68415" lon="-118.33651">
        <ele>3293.0</ele>
      </trkpt>
      <trkpt lat="36.68401" lon="-118.3366">
        <ele>3292.0</ele>
      </trkpt>
      <trkpt lat="36.68401" lon="-118.3366">
        <ele>3292.0</ele>
      </trkpt>
      <trkpt lat="36.68401" lon="-118.3366">
        <ele>3292.0</ele>
      </trkpt>
      <trkpt lat="36.68358" lon="-118.33673">
        <ele>3293.0</ele>
      </trkpt>
      <trkpt lat="36.68352" lon="-118.33679">
        <ele>3293.0</ele>
      </trkpt>
      <trkpt lat="36.68326" lon="-118.33679">
        <ele>3293.0</ele>
      </trkpt>
      <trkpt lat="36.68308" lon="-118.33695">
        <ele>3301.0</ele>
      </trkpt>
      <trkpt lat="36.68311" lon="-118.33709">
        <ele>3305.0</ele>
      </trkpt>
      <trkpt lat="36.68293" lon="-118.33712">
        <ele>3305.0</ele>
      </trkpt>
      <trkpt lat="36.6829" lon="-118.33725">
        <ele>3314.0</ele>
      </trkpt>
      <trkpt lat="36.68283" lon="-118.3373">
        <ele>3314.0</ele>
      </trkpt>
      <trkpt lat="36.68271" lon="-118.33727">
        <ele>3314.0</ele>
      </trkpt>
      <trkpt lat="36.68272" lon="-118.33736">
        <ele>3314.0</ele>
      </trkpt>
      <trkpt lat="36.68261" lon="-118.33734">
        <ele>3326.0</ele>
      </trkpt>
      <trkpt lat="36.68251" lon="-118.33739">
        <ele>3333.0</ele>
      </trkpt>
      <trkpt lat="36.68254" lon="-118.33748">
        <ele>3333.0</ele>
      </trkpt>
      <trkpt lat="36.68251" lon="-118.33756">
        <ele>3333.0</ele>
      </trkpt>
      <trkpt lat="36.68238" lon="-118.33762">
        <ele>3333.0</ele>
      </trkpt>
      <trkpt lat="36.6824" lon="-118.33777">
        <ele>3339.0</ele>
      </trkpt>
      <trkpt lat="36.68238" lon="-118.33792">
        <ele>3343.0</ele>
      </trkpt>
      <trkpt lat="36.68227" lon="-118.33786">
        <ele>3344.0</ele>
      </trkpt>
      <trkpt lat="36.68226" lon="-118.33796">
        <ele>3350.0</ele>
      </trkpt>
      <trkpt lat="36.68216" lon="-118.33794">
        <ele>3350.0</ele>
      </trkpt>
      <trkpt lat="36.68218" lon="-118.3381">
        <ele>3350.0</ele>
      </trkpt>
      <trkpt lat="36.68202" lon="-118.3381">
        <ele>3356.0</ele>
      </trkpt>
      <trkpt lat="36.682" lon="-118.33822">
        <ele>3362.0</ele>
      </trkpt>
      <trkpt lat="36.68185" lon="-118.33836">
        <ele>3362.0</ele>
      </trkpt>
      <trkpt lat="36.6817" lon="-118.33861">
        <ele>3372.0</ele>
      </trkpt>
      <trkpt lat="36.68176" lon="-118.33879">
        <ele>3375.0</ele>
      </trkpt>
      <trkpt lat="36.68178" lon="-118.33905">
        <ele>3380.0</ele>
      </trkpt>
      <trkpt lat="36.6817" lon="-118.33931">
        <ele>3384.0</ele>
      </trkpt>
      <trkpt lat="36.68159" lon="-118.33952">
        <ele>3384.0</ele>
      </trkpt>
      <trkpt lat="36.6814" lon="-118.33964">
        <ele>3392.0</ele>
      </trkpt>
      <trkpt lat="36.68138" lon="-118.33993">
        <ele>3390.0</ele>
      </trkpt>
      <trkpt lat="36.68149" lon="-118.34028">
        <ele>3391.0</ele>
      </trkpt>
      <trkpt lat="36.68153" lon="-118.34068">
        <ele>3397.0</ele>
      </trkpt>
      <trkpt lat="36.68151" lon="-118.3407">
        <ele>3398.0</ele>
      </trkpt>
      <trkpt lat="36.68149" lon="-118.34081">
        <ele>3398.0</ele>
      </trkpt>
      <trkpt lat="36.68138" lon="-118.34087">
        <ele>3398.0</ele>
      </trkpt>
      <trkpt lat="36.68127" lon="-118.34076">
        <ele>3398.0</ele>
      </trkpt>
      <trkpt lat="36.68114" lon="-118.3405">
        <ele>3398.0</ele>
      </trkpt>
      <trkpt lat="36.68103" lon="-118.34052">
        <ele>3398.0</ele>
      </trkpt>
      <trkpt lat="36.68095" lon="-118.34044">
        <ele>3409.0</ele>
      </trkpt>
      <trkpt lat="36.68089" lon="-118.34044">
        <ele>3409.0</ele>
      </trkpt>
      <trkpt lat="36.6807" lon="-118.34062">
        <ele>3409.0</ele>
      </trkpt>
      <trkpt lat="36.68065" lon="-118.34063">
        <ele>3419.0</ele>
      </trkpt>
      <trkpt lat="36.6803" lon="-118.34114">
        <ele>3417.0</ele>
      </trkpt>
      <trkpt lat="36.68029" lon="-118.3413">
        <ele>3413.0</ele>
      </trkpt>
      <trkpt lat="36.68023" lon="-118.34134">
        <ele>3413.0</ele>
      </trkpt>
      <trkpt lat="36.68013" lon="-118.3415">
        <ele>3415.0</ele>
      </trkpt>
      <trkpt lat="36.68008" lon="-118.34151">
        <ele>3415.0</ele>
      </trkpt>
      <trkpt lat="36.68002" lon="-118.34164">
        <ele>3410.0</ele>
      </trkpt>
      <trkpt lat="36.67996" lon="-118.34166">
        <ele>3410.0</ele>
      </trkpt>
      <trkpt lat="36.67978" lon="-118.34196">
        <ele>3415.0</ele>
      </trkpt>
      <trkpt lat="36.67975" lon="-118.34195">
        <ele>3415.0</ele>
      </trkpt>
      <trkpt lat="36.67965" lon="-118.34207">
        <ele>3415.0</ele>
      </trkpt>
      <trkpt lat="36.67957" lon="-118.34229">
        <ele>3424.0</ele>
      </trkpt>
      <trkpt lat="36.6795" lon="-118.34235">
        <ele>3424.0</ele>
      </trkpt>
      <trkpt lat="36.67941" lon="-118.34258">
        <ele>3421.0</ele>
      </trkpt>
      <trkpt lat="36.67912" lon="-118.34276">
        <ele>3429.0</ele>
      </trkpt>
      <trkpt lat="36.679" lon="-118.34269">
        <ele>3435.0</ele>
      </trkpt>
      <trkpt lat="36.6788" lon="-118.34268">
        <ele>3435.0</ele>
      </trkpt>
      <trkpt lat="36.67872" lon="-118.34258">
        <ele>3439.0</ele>
      </trkpt>
      <trkpt lat="36.67864" lon="-118.34258">
        <ele>3439.0</ele>
      </trkpt>
      <trkpt lat="36.67857" lon="-118.34252">
        <ele>3439.0</ele>
      </trkpt>
      <trkpt lat="36.6785" lon="-118.34253">
        <ele>3439.0</ele>
      </trkpt>
      <trkpt lat="36.67846" lon="-118.34258">
        <ele>3441.0</ele>
      </trkpt>
      <trkpt lat="36.67841" lon="-118.34258">
        <ele>3441.0</ele>
      </trkpt>
      <trkpt lat="36.6783" lon="-118.34265">
        <ele>3440.0</ele>
      </trkpt>
      <trkpt lat="36.67811" lon="-118.3427">
        <ele>3439.0</ele>
      </trkpt>
      <trkpt lat="36.67803" lon="-118.34276">
        <ele>3439.0</ele>
      </trkpt>
      <trkpt lat="36.67797" lon="-118.34276">
        <ele>3439.0</ele>
      </trkpt>
      <trkpt lat="36.67777" lon="-118.34286">
        <ele>3438.0</ele>
      </trkpt>
      <trkpt lat="36.67754" lon="-118.34278">
        <ele>3443.0</ele>
      </trkpt>
      <trkpt lat="36.67703" lon="-118.34283">
        <ele>3462.0</ele>
      </trkpt>
      <trkpt lat="36.67689" lon="-118.34291">
        <ele>3462.0</ele>
      </trkpt>
      <trkpt lat="36.67672" lon="-118.34297">
        <ele>3474.0</ele>
      </trkpt>
      <trkpt lat="36.67658" lon="-118.34293">
        <ele>3474.0</ele>
      </trkpt>
      <trkpt lat="36.67637" lon="-118.34293">
        <ele>3483.0</ele>
      </trkpt>
      <trkpt lat="36.67615" lon="-118.34297">
        <ele>3489.0</ele>
      </trkpt>
      <trkpt lat="36.676" lon="-118.34289">
        <ele>3489.0</ele>
      </trkpt>
      <trkpt lat="36.67585" lon="-118.3429">
        <ele>3493.0</ele>
      </trkpt>
      <trkpt lat="36.67585" lon="-118.34303">
        <ele>3493.0</ele>
      </trkpt>
      <trkpt lat="36.67587" lon="-118.3431">
        <ele>3493.0</ele>
      </trkpt>
      <trkpt lat="36.67581" lon="-118.34316">
        <ele>3493.0</ele>
      </trkpt>
      <trkpt lat="36.67582" lon="-118.34324">
        <ele>3492.0</ele>
      </trkpt>
      <trkpt lat="36.67576" lon="-118.34335">
        <ele>3492.0</ele>
      </trkpt>
      <trkpt lat="36.67564" lon="-118.34339">
        <ele>3500.0</ele>
      </trkpt>
      <trkpt lat="36.67559" lon="-118.34337">
        <ele>3500.0</ele>
      </trkpt>
      <trkpt lat="36.67534" lon="-118.34347">
        <ele>3503.0</ele>
      </trkpt>
      <trkpt lat="36.67518" lon="-118.34366">
        <ele>3507.0</ele>
      </trkpt>
      <trkpt lat="36.67503" lon="-118.3438">
        <ele>3515.0</ele>
      </trkpt>
      <trkpt lat="36.67493" lon="-118.34385">
        <ele>3515.0</ele>
      </trkpt>
      <trkpt lat="36.6746" lon="-118.34388">
        <ele>3522.0</ele>
      </trkpt>
      <trkpt lat="36.67455" lon="-118.34408">
        <ele>3538.0</ele>
      </trkpt>
      <trkpt lat="36.67435" lon="-118.34433">
        <ele>3542.0</ele>
      </trkpt>
      <trkpt lat="36.67427" lon="-118.34434">
        <ele>3558.0</ele>
      </trkpt>
      <trkpt lat="36.67429" lon="-118.34463">
        <ele>3566.0</ele>
      </trkpt>
      <trkpt lat="36.67405" lon="-118.34463">
        <ele>3566.0</ele>
      </trkpt>
      <trkpt lat="36.67408" lon="-118.34473">
        <ele>3566.0</ele>
      </trkpt>
      <trkpt lat="36.67408" lon="-118.34473">
        <ele>3566.0</ele>
      </trkpt>
      <trkpt lat="36.67421" lon="-118.34509">
        <ele>3576.0</ele>
      </trkpt>
      <trkpt lat="36.67402" lon="-118.34512">
        <ele>3597.0</ele>
      </trkpt>
      <trkpt lat="36.67387" lon="-118.34507">
        <ele>3597.0</ele>
      </trkpt>
      <trkpt lat="36.67409" lon="-118.34549">
        <ele>3609.0</ele>
      </trkpt>
      <trkpt lat="36.67388" lon="-118.34552">
        <ele>3614.0</ele>
      </trkpt>
      <trkpt lat="36.67377" lon="-118.34547">
        <ele>3614.0</ele>
      </trkpt>
      <trkpt lat="36.67369" lon="-118.34552">
        <ele>3624.0</ele>
      </trkpt>
      <trkpt lat="36.67387" lon="-118.34582">
        <ele>3627.0</ele>
      </trkpt>
      <trkpt lat="36.67373" lon="-118.34589">
        <ele>3632.0</ele>
      </trkpt>
      <trkpt lat="36.67381" lon="-118.34601">
        <ele>3636.0</ele>
      </trkpt>
      <trkpt lat="36.67327" lon="-118.34595">
        <ele>3636.0</ele>
      </trkpt>
      <trkpt lat="36.67315" lon="-118.34586">
        <ele>3648.0</ele>
      </trkpt>
      <trkpt lat="36.67308" lon="-118.34572">
        <ele>3648.0</ele>
      </trkpt>
      <trkpt lat="36.67306" lon="-118.34563">
        <ele>3643.0</ele>
      </trkpt>
      <trkpt lat="36.6731" lon="-118.3455">
        <ele>3643.0</ele>
      </trkpt>
      <trkpt lat="36.6730840871669" lon="-118.345457565778">
        <ele>3643.0</ele>
      </trkpt>
      <trkpt lat="36.6724290484281" lon="-118.344769477844">
        <ele>3662.0</ele>
      </trkpt>
      <trkpt lat="36.6720332080332" lon="-118.344640731812">
        <ele>3663.0</ele>
      </trkpt>
      <trkpt lat="36.6710694142089" lon="-118.344833850861">
        <ele>3657.0</ele>
      </trkpt>
      <trkpt lat="36.6696409118714" lon="-118.344147205353">
        <ele>3687.0</ele>
      </trkpt>
      <trkpt lat="36.6684361302505" lon="-118.342859745026">
        <ele>3727.0</ele>
      </trkpt>
      <trkpt lat="36.6678681552302" lon="-118.342065811157">
        <ele>3748.0</ele>
      </trkpt>
      <trkpt lat="36.6675411374079" lon="-118.340907096863">
        <ele>3763.0</ele>
      </trkpt>
      <trkpt lat="36.6670592138738" lon="-118.339941501617">
        <ele>3763.0</ele>
      </trkpt>
      <trkpt lat="36.665647849021" lon="-118.337774276733">
        <ele>3772.0</ele>
      </trkpt>
      <trkpt lat="36.6648388843267" lon="-118.335027694702">
        <ele>3800.0</ele>
      </trkpt>
      <trkpt lat="36.6648044601086" lon="-118.334555625916">
        <ele>3798.0</ele>
      </trkpt>
      <trkpt lat="36.663616815154" lon="-118.331937789917">
        <ele>3805.0</ele>
      </trkpt>
      <trkpt lat="36.6634619035914" lon="-118.330500125885">
        <ele>3797.0</ele>
      </trkpt>
      <trkpt lat="36.663324204163" lon="-118.329684734344">
        <ele>3772.0</ele>
      </trkpt>
      <trkpt lat="36.6616373661728" lon="-118.329491615295">
        <ele>3716.0</ele>
      </trkpt>
      <trkpt lat="36.6611209798061" lon="-118.328461647034">
        <ele>3678.0</ele>
      </trkpt>
      <trkpt lat="36.6599849176056" lon="-118.328011035919">
        <ele>3724.0</ele>
      </trkpt>
      <trkpt lat="36.6595717999213" lon="-118.327753543854">
        <ele>3720.0</ele>
      </trkpt>
      <trkpt lat="36.6591931067631" lon="-118.327925205231">
        <ele>3735.0</ele>
      </trkpt>
      <trkpt lat="36.6586767039998" lon="-118.327474594116">
        <ele>3691.0</ele>
      </trkpt>
      <trkpt lat="36.6577127429068" lon="-118.327066898346">
        <ele>3695.0</ele>
      </trkpt>
      <trkpt lat="36.6572135440256" lon="-118.327603340149">
        <ele>3733.0</ele>
      </trkpt>
      <trkpt lat="36.6565249885332" lon="-118.327367305756">
        <ele>3726.0</ele>
      </trkpt>
      <trkpt lat="36.6562151365526" lon="-118.327560424805">
        <ele>3728.0</ele>
      </trkpt>
      <trkpt lat="36.6561807084778" lon="-118.327302932739">
        <ele>3725.0</ele>
      </trkpt>
      <trkpt lat="36.655767570379" lon="-118.326830863953">
        <ele>3729.0</ele>
      </trkpt>
      <trkpt lat="36.6545970003936" lon="-118.326594829559">
        <ele>3734.0</ele>
      </trkpt>
      <trkpt lat="36.6547002866965" lon="-118.325629234314">
        <ele>3732.0</ele>
      </trkpt>
      <trkpt lat="36.6544764995319" lon="-118.324813842773">
        <ele>3728.0</ele>
      </trkpt>
      <trkpt lat="36.6544248562477" lon="-118.324041366577">
        <ele>3731.0</ele>
      </trkpt>
      <trkpt lat="36.6542871406539" lon="-118.323183059692">
        <ele>3733.0</ele>
      </trkpt>
      <trkpt lat="36.6536502028283" lon="-118.3216381073">
        <ele>3755.0</ele>
      </trkpt>
      <trkpt lat="36.6542010682826" lon="-118.319964408875">
        <ele>3775.0</ele>
      </trkpt>
      <trkpt lat="36.653564129745" lon="-118.318934440613">
        <ele>3810.0</ele>
      </trkpt>
      <trkpt lat="36.653288695232" lon="-118.318719863892">
        <ele>3821.0</ele>
      </trkpt>
      <trkpt lat="36.6539256360481" lon="-118.317067623138">
        <ele>3905.0</ele>
      </trkpt>
      <trkpt lat="36.6545625715952" lon="-118.316659927368">
        <ele>3933.0</ele>
      </trkpt>
      <trkpt lat="36.6548552158909" lon="-118.316059112549">
        <ele>3970.0</ele>
      </trkpt>
      <trkpt lat="36.6552511446381" lon="-118.315093517303">
        <ele>4056.0</ele>
      </trkpt>
      <trkpt lat="36.6567143419075" lon="-118.313291072845">
        <ele>4215.0</ele>
      </trkpt>
      <trkpt lat="36.6573168268183" lon="-118.312604427338">
        <ele>4292.0</ele>
      </trkpt>
      <trkpt lat="36.6576438880811" lon="-118.312153816223">
        <ele>4305.0</ele>
      </trkpt>
      <trkpt lat="36.6571274749258" lon="-118.311681747437">
        <ele>4331.0</ele>
      </trkpt>
      <trkpt lat="36.656765983656" lon="-118.31161737442">
        <ele>4357.0</ele>
      </trkpt>
      <trkpt lat="36.6560602100946" lon="-118.31120967865">
        <ele>4357.0</ele>
      </trkpt>
      <trkpt lat="36.6568176253699" lon="-118.311638832092">
        <ele>4348.0</ele>
      </trkpt>
      <trkpt lat="36.6571446887535" lon="-118.311703205109">
        <ele>4331.0</ele>
      </trkpt>
      <trkpt lat="36.6576783155016" lon="-118.312196731567">
        <ele>4305.0</ele>
      </trkpt>
      <trkpt lat="36.6567487697437" lon="-118.313291072845">
        <ele>4215.0</ele>
      </trkpt>
      <trkpt lat="36.6559224974258" lon="-118.314342498779">
        <ele>4114.0</ele>
      </trkpt>
      <trkpt lat="36.6553027873681" lon="-118.315072059631">
        <ele>4056.0</ele>
      </trkpt>
      <trkpt lat="36.6545970003936" lon="-118.316595554352">
        <ele>3939.0</ele>
      </trkpt>
      <trkpt lat="36.6539428505916" lon="-118.317046165466">
        <ele>3905.0</ele>
      </trkpt>
      <trkpt lat="36.6532714805423" lon="-118.318762779236">
        <ele>3813.0</ele>
      </trkpt>
      <trkpt lat="36.6542354972427" lon="-118.31992149353">
        <ele>3775.0</ele>
      </trkpt>
      <trkpt lat="36.6536502028283" lon="-118.3216381073">
        <ele>3755.0</ele>
      </trkpt>
      <trkpt lat="36.6540633522885" lon="-118.322560787201">
        <ele>3740.0</ele>
      </trkpt>
      <trkpt lat="36.6543387840304" lon="-118.323354721069">
        <ele>3735.0</ele>
      </trkpt>
      <trkpt lat="36.6544592851077" lon="-118.3238697052">
        <ele>3731.0</ele>
      </trkpt>
      <trkpt lat="36.6544420706796" lon="-118.324663639069">
        <ele>3728.0</ele>
      </trkpt>
      <trkpt lat="36.6547347154333" lon="-118.325650691986">
        <ele>3732.0</ele>
      </trkpt>
      <trkpt lat="36.6546142147871" lon="-118.326573371887">
        <ele>3734.0</ele>
      </trkpt>
      <trkpt lat="36.6557503562435" lon="-118.326852321625">
        <ele>3729.0</ele>
      </trkpt>
      <trkpt lat="36.6561462803876" lon="-118.327260017395">
        <ele>3725.0</ele>
      </trkpt>
      <trkpt lat="36.6561979225171" lon="-118.327560424805">
        <ele>3728.0</ele>
      </trkpt>
      <trkpt lat="36.656490560597" lon="-118.327367305756">
        <ele>3726.0</ele>
      </trkpt>
      <trkpt lat="36.6572135440256" lon="-118.327581882477">
        <ele>3733.0</ele>
      </trkpt>
      <trkpt lat="36.6576955292061" lon="-118.327045440674">
        <ele>3695.0</ele>
      </trkpt>
      <trkpt lat="36.6586767039998" lon="-118.327453136444">
        <ele>3691.0</ele>
      </trkpt>
      <trkpt lat="36.6591931067631" lon="-118.327925205231">
        <ele>3735.0</ele>
      </trkpt>
      <trkpt lat="36.6595717999213" lon="-118.327753543854">
        <ele>3720.0</ele>
      </trkpt>
      <trkpt lat="36.6600881966803" lon="-118.328096866608">
        <ele>3724.0</ele>
      </trkpt>
      <trkpt lat="36.6610865539252" lon="-118.328440189362">
        <ele>3678.0</ele>
      </trkpt>
      <trkpt lat="36.6616373661728" lon="-118.329470157623">
        <ele>3716.0</ele>
      </trkpt>
      <trkpt lat="36.6633069917172" lon="-118.329641819">
        <ele>3772.0</ele>
      </trkpt>
      <trkpt lat="36.6636340275306" lon="-118.331937789917">
        <ele>3805.0</ele>
      </trkpt>
      <trkpt lat="36.6648044601086" lon="-118.334512710571">
        <ele>3798.0</ele>
      </trkpt>
      <trkpt lat="36.6656134251646" lon="-118.337688446045">
        <ele>3772.0</ele>
      </trkpt>
      <trkpt lat="36.6663363229142" lon="-118.338761329651">
        <ele>3768.0</ele>
      </trkpt>
      <trkpt lat="36.6665772873219" lon="-118.33925485611">
        <ele>3766.0</ele>
      </trkpt>
      <trkpt lat="36.6672657529008" lon="-118.340392112732">
        <ele>3766.0</ele>
      </trkpt>
      <trkpt lat="36.6675239259051" lon="-118.340928554535">
        <ele>3763.0</ele>
      </trkpt>
      <trkpt lat="36.6678509438005" lon="-118.342065811157">
        <ele>3748.0</ele>
      </trkpt>
      <trkpt lat="36.6696237008382" lon="-118.344104290009">
        <ele>3687.0</ele>
      </trkpt>
      <trkpt lat="36.6710349927777" lon="-118.344855308533">
        <ele>3657.0</ele>
      </trkpt>
      <trkpt lat="36.6720332080332" lon="-118.344597816467">
        <ele>3663.0</ele>
      </trkpt>
      <trkpt lat="36.6723602067665" lon="-118.344769477844">
        <ele>3662.0</ele>
      </trkpt>
      <trkpt lat="36.672979779503" lon="-118.345327377319">
        <ele>3642.0</ele>
      </trkpt>
      <trkpt lat="36.67296" lon="-118.34537">
        <ele>3642.0</ele>
      </trkpt>
      <trkpt lat="36.67296" lon="-118.34537">
        <ele>3642.0</ele>
      </trkpt>
      <trkpt lat="36.67307" lon="-118.34542">
        <ele>3643.0</ele>
      </trkpt>
      <trkpt lat="36.6731" lon="-118.3455">
        <ele>3643.0</ele>
      </trkpt>
      <trkpt lat="36.67306" lon="-118.34563">
        <ele>3643.0</ele>
      </trkpt>
      <trkpt lat="36.67308" lon="-118.34572">
        <ele>3648.0</ele>
      </trkpt>
      <trkpt lat="36.67315" lon="-118.34586">
        <ele>3648.0</ele>
      </trkpt>
      <trkpt lat="36.6731793672402" lon="-118.34588202543">
        <ele>3648.0</ele>
      </trkpt>
      <trkpt lat="36.6731793672402" lon="-118.34588202543">
        <ele>3648.0</ele>
      </trkpt>
      <trkpt lat="36.67327" lon="-118.34595">
        <ele>3636.0</ele>
      </trkpt>
      <trkpt lat="36.67381" lon="-118.34601">
        <ele>3636.0</ele>
      </trkpt>
      <trkpt lat="36.67373" lon="-118.34589">
        <ele>3632.0</ele>
      </trkpt>
      <trkpt lat="36.67387" lon="-118.34582">
        <ele>3627.0</ele>
      </trkpt>
      <trkpt lat="36.67369" lon="-118.34552">
        <ele>3624.0</ele>
      </trkpt>
      <trkpt lat="36.67377" lon="-118.34547">
        <ele>3614.0</ele>
      </trkpt>
      <trkpt lat="36.67388" lon="-118.34552">
        <ele>3614.0</ele>
      </trkpt>
      <trkpt lat="36.67409" lon="-118.34549">
        <ele>3609.0</ele>
      </trkpt>
      <trkpt lat="36.67387" lon="-118.34507">
        <ele>3597.0</ele>
      </trkpt>
      <trkpt lat="36.67402" lon="-118.34512">
        <ele>3597.0</ele>
      </trkpt>
      <trkpt lat="36.67421" lon="-118.34509">
        <ele>3576.0</ele>
      </trkpt>
      <trkpt lat="36.67408" lon="-118.34473">
        <ele>3566.0</ele>
      </trkpt>
      <trkpt lat="36.67408" lon="-118.34473">
        <ele>3566.0</ele>
      </trkpt>
      <trkpt lat="36.67405" lon="-118.34463">
        <ele>3566.0</ele>
      </trkpt>
      <trkpt lat="36.67429" lon="-118.34463">
        <ele>3566.0</ele>
      </trkpt>
      <trkpt lat="36.67427" lon="-118.34434">
        <ele>3558.0</ele>
      </trkpt>
      <trkpt lat="36.67435" lon="-118.34433">
        <ele>3542.0</ele>
      </trkpt>
      <trkpt lat="36.67455" lon="-118.34408">
        <ele>3538.0</ele>
      </trkpt>
      <trkpt lat="36.6746" lon="-118.34388">
        <ele>3522.0</ele>
      </trkpt>
      <trkpt lat="36.67493" lon="-118.34385">
        <ele>3515.0</ele>
      </trkpt>
      <trkpt lat="36.67503" lon="-118.3438">
        <ele>3515.0</ele>
      </trkpt>
      <trkpt lat="36.67518" lon="-118.34366">
        <ele>3507.0</ele>
      </trkpt>
      <trkpt lat="36.67534" lon="-118.34347">
        <ele>3503.0</ele>
      </trkpt>
      <trkpt lat="36.67559" lon="-118.34337">
        <ele>3500.0</ele>
      </trkpt>
      <trkpt lat="36.67564" lon="-118.34339">
        <ele>3500.0</ele>
      </trkpt>
      <trkpt lat="36.67576" lon="-118.34335">
        <ele>3492.0</ele>
      </trkpt>
      <trkpt lat="36.67582" lon="-118.34324">
        <ele>3492.0</ele>
      </trkpt>
      <trkpt lat="36.67581" lon="-118.34316">
        <ele>3493.0</ele>
      </trkpt>
      <trkpt lat="36.67587" lon="-118.3431">
        <ele>3493.0</ele>
      </trkpt>
      <trkpt lat="36.67585" lon="-118.34303">
        <ele>3493.0</ele>
      </trkpt>
      <trkpt lat="36.67585" lon="-118.3429">
        <ele>3493.0</ele>
      </trkpt>
      <trkpt lat="36.676" lon="-118.34289">
        <ele>3489.0</ele>
      </trkpt>
      <trkpt lat="36.67615" lon="-118.34297">
        <ele>3489.0</ele>
      </trkpt>
      <trkpt lat="36.67637" lon="-118.34293">
        <ele>3483.0</ele>
      </trkpt>
      <trkpt lat="36.67658" lon="-118.34293">
        <ele>3474.0</ele>
      </trkpt>
      <trkpt lat="36.67672" lon="-118.34297">
        <ele>3474.0</ele>
      </trkpt>
      <trkpt lat="36.67689" lon="-118.34291">
        <ele>3462.0</ele>
      </trkpt>
      <trkpt lat="36.67703" lon="-118.34283">
        <ele>3462.0</ele>
      </trkpt>
      <trkpt lat="36.67754" lon="-118.34278">
        <ele>3443.0</ele>
      </trkpt>
      <trkpt lat="36.67777" lon="-118.34286">
        <ele>3438.0</ele>
      </trkpt>
      <trkpt lat="36.67797" lon="-118.34276">
        <ele>3439.0</ele>
      </trkpt>
      <trkpt lat="36.67803" lon="-118.34276">
        <ele>3439.0</ele>
      </trkpt>
      <trkpt lat="36.67811" lon="-118.3427">
        <ele>3439.0</ele>
      </trkpt>
      <trkpt lat="36.6783" lon="-118.34265">
        <ele>3440.0</ele>
      </trkpt>
      <trkpt lat="36.67841" lon="-118.34258">
        <ele>3441.0</ele>
      </trkpt>
      <trkpt lat="36.67846" lon="-118.34258">
        <ele>3441.0</ele>
      </trkpt>
      <trkpt lat="36.6785" lon="-118.34253">
        <ele>3439.0</ele>
      </trkpt>
      <trkpt lat="36.67857" lon="-118.34252">
        <ele>3439.0</ele>
      </trkpt>
      <trkpt lat="36.67864" lon="-118.34258">
        <ele>3439.0</ele>
      </trkpt>
      <trkpt lat="36.67872" lon="-118.34258">
        <ele>3439.0</ele>
      </trkpt>
      <trkpt lat="36.6788" lon="-118.34268">
        <ele>3435.0</ele>
      </trkpt>
      <trkpt lat="36.679" lon="-118.34269">
        <ele>3435.0</ele>
      </trkpt>
      <trkpt lat="36.67912" lon="-118.34276">
        <ele>3429.0</ele>
      </trkpt>
      <trkpt lat="36.67941" lon="-118.34258">
        <ele>3421.0</ele>
      </trkpt>
      <trkpt lat="36.6795" lon="-118.34235">
        <ele>3424.0</ele>
      </trkpt>
      <trkpt lat="36.67957" lon="-118.34229">
        <ele>3424.0</ele>
      </trkpt>
      <trkpt lat="36.67965" lon="-118.34207">
        <ele>3415.0</ele>
      </trkpt>
      <trkpt lat="36.67975" lon="-118.34195">
        <ele>3415.0</ele>
      </trkpt>
      <trkpt lat="36.67978" lon="-118.34196">
        <ele>3415.0</ele>
      </trkpt>
      <trkpt lat="36.67996" lon="-118.34166">
        <ele>3410.0</ele>
      </trkpt>
      <trkpt lat="36.68002" lon="-118.34164">
        <ele>3410.0</ele>
      </trkpt>
      <trkpt lat="36.68008" lon="-118.34151">
        <ele>3415.0</ele>
      </trkpt>
      <trkpt lat="36.68013" lon="-118.3415">
        <ele>3415.0</ele>
      </trkpt>
      <trkpt lat="36.68023" lon="-118.34134">
        <ele>3413.0</ele>
      </trkpt>
      <trkpt lat="36.68023" lon="-118.34134">
        <ele>3413.0</ele>
      </trkpt>
      <trkpt lat="36.68029" lon="-118.3413">
        <ele>3413.0</ele>
      </trkpt>
      <trkpt lat="36.68029" lon="-118.3413">
        <ele>3413.0</ele>
      </trkpt>
      <trkpt lat="36.6803" lon="-118.34114">
        <ele>3417.0</ele>
      </trkpt>
      <trkpt lat="36.68065" lon="-118.34063">
        <ele>3419.0</ele>
      </trkpt>
      <trkpt lat="36.6807" lon="-118.34062">
        <ele>3409.0</ele>
      </trkpt>
      <trkpt lat="36.68089" lon="-118.34044">
        <ele>3409.0</ele>
      </trkpt>
      <trkpt lat="36.68095" lon="-118.34044">
        <ele>3409.0</ele>
      </trkpt>
      <trkpt lat="36.68103" lon="-118.34052">
        <ele>3398.0</ele>
      </trkpt>
      <trkpt lat="36.68114" lon="-118.3405">
        <ele>3398.0</ele>
      </trkpt>
      <trkpt lat="36.68127" lon="-118.34076">
        <ele>3398.0</ele>
      </trkpt>
      <trkpt lat="36.68138" lon="-118.34087">
        <ele>3398.0</ele>
      </trkpt>
      <trkpt lat="36.68149" lon="-118.34081">
        <ele>3398.0</ele>
      </trkpt>
      <trkpt lat="36.68151" lon="-118.3407">
        <ele>3398.0</ele>
      </trkpt>
      <trkpt lat="36.68153" lon="-118.34068">
        <ele>3397.0</ele>
      </trkpt>
      <trkpt lat="36.68149" lon="-118.34028">
        <ele>3391.0</ele>
      </trkpt>
      <trkpt lat="36.68138" lon="-118.33993">
        <ele>3390.0</ele>
      </trkpt>
      <trkpt lat="36.6814" lon="-118.33964">
        <ele>3392.0</ele>
      </trkpt>
      <trkpt lat="36.68159" lon="-118.33952">
        <ele>3384.0</ele>
      </trkpt>
      <trkpt lat="36.6817" lon="-118.33931">
        <ele>3384.0</ele>
      </trkpt>
      <trkpt lat="36.68178" lon="-118.33905">
        <ele>3380.0</ele>
      </trkpt>
      <trkpt lat="36.68176" lon="-118.33879">
        <ele>3375.0</ele>
      </trkpt>
      <trkpt lat="36.6817" lon="-118.33861">
        <ele>3372.0</ele>
      </trkpt>
      <trkpt lat="36.68185" lon="-118.33836">
        <ele>3362.0</ele>
      </trkpt>
      <trkpt lat="36.682" lon="-118.33822">
        <ele>3362.0</ele>
      </trkpt>
      <trkpt lat="36.68202" lon="-118.3381">
        <ele>3356.0</ele>
      </trkpt>
      <trkpt lat="36.68218" lon="-118.3381">
        <ele>3350.0</ele>
      </trkpt>
      <trkpt lat="36.68216" lon="-118.33794">
        <ele>3350.0</ele>
      </trkpt>
      <trkpt lat="36.68226" lon="-118.33796">
        <ele>3350.0</ele>
      </trkpt>
      <trkpt lat="36.68227" lon="-118.33786">
        <ele>3344.0</ele>
      </trkpt>
      <trkpt lat="36.68238" lon="-118.33792">
        <ele>3343.0</ele>
      </trkpt>
      <trkpt lat="36.6824" lon="-118.33777">
        <ele>3339.0</ele>
      </trkpt>
      <trkpt lat="36.68238" lon="-118.33762">
        <ele>3333.0</ele>
      </trkpt>
      <trkpt lat="36.68251" lon="-118.33756">
        <ele>3333.0</ele>
      </trkpt>
      <trkpt lat="36.68254" lon="-118.33748">
        <ele>3333.0</ele>
      </trkpt>
      <trkpt lat="36.68251" lon="-118.33739">
        <ele>3333.0</ele>
      </trkpt>
      <trkpt lat="36.68261" lon="-118.33734">
        <ele>3326.0</ele>
      </trkpt>
      <trkpt lat="36.68272" lon="-118.33736">
        <ele>3314.0</ele>
      </trkpt>
      <trkpt lat="36.68271" lon="-118.33727">
        <ele>3314.0</ele>
      </trkpt>
      <trkpt lat="36.68283" lon="-118.3373">
        <ele>3314.0</ele>
      </trkpt>
      <trkpt lat="36.6829" lon="-118.33725">
        <ele>3314.0</ele>
      </trkpt>
      <trkpt lat="36.68293" lon="-118.33712">
        <ele>3305.0</ele>
      </trkpt>
      <trkpt lat="36.68311" lon="-118.33709">
        <ele>3305.0</ele>
      </trkpt>
      <trkpt lat="36.68308" lon="-118.33695">
        <ele>3301.0</ele>
      </trkpt>
      <trkpt lat="36.68326" lon="-118.33679">
        <ele>3293.0</ele>
      </trkpt>
      <trkpt lat="36.68352" lon="-118.33679">
        <ele>3293.0</ele>
      </trkpt>
      <trkpt lat="36.68358" lon="-118.33673">
        <ele>3293.0</ele>
      </trkpt>
      <trkpt lat="36.68401" lon="-118.3366">
        <ele>3292.0</ele>
      </trkpt>
      <trkpt lat="36.68401" lon="-118.3366">
        <ele>3292.0</ele>
      </trkpt>
      <trkpt lat="36.68401" lon="-118.3366">
        <ele>3292.0</ele>
      </trkpt>
      <trkpt lat="36.68415" lon="-118.33651">
        <ele>3293.0</ele>
      </trkpt>
      <trkpt lat="36.68429" lon="-118.33637">
        <ele>3293.0</ele>
      </trkpt>
      <trkpt lat="36.68444" lon="-118.33615">
        <ele>3292.0</ele>
      </trkpt>
      <trkpt lat="36.68453" lon="-118.33557">
        <ele>3295.0</ele>
      </trkpt>
      <trkpt lat="36.68463" lon="-118.33521">
        <ele>3287.0</ele>
      </trkpt>
      <trkpt lat="36.68471" lon="-118.33479">
        <ele>3282.0</ele>
      </trkpt>
      <trkpt lat="36.68483" lon="-118.33446">
        <ele>3278.0</ele>
      </trkpt>
      <trkpt lat="36.6849" lon="-118.33408">
        <ele>3264.0</ele>
      </trkpt>
      <trkpt lat="36.6849" lon="-118.33387">
        <ele>3266.0</ele>
      </trkpt>
      <trkpt lat="36.68481" lon="-118.3337">
        <ele>3276.0</ele>
      </trkpt>
      <trkpt lat="36.68468" lon="-118.33363">
        <ele>3276.0</ele>
      </trkpt>
      <trkpt lat="36.68465" lon="-118.33354">
        <ele>3276.0</ele>
      </trkpt>
      <trkpt lat="36.68474" lon="-118.33344">
        <ele>3279.0</ele>
      </trkpt>
      <trkpt lat="36.68495" lon="-118.33349">
        <ele>3267.0</ele>
      </trkpt>
      <trkpt lat="36.68518" lon="-118.33342">
        <ele>3261.0</ele>
      </trkpt>
      <trkpt lat="36.68533" lon="-118.33351">
        <ele>3262.0</ele>
      </trkpt>
      <trkpt lat="36.68543" lon="-118.33346">
        <ele>3254.0</ele>
      </trkpt>
      <trkpt lat="36.68553" lon="-118.33331">
        <ele>3254.0</ele>
      </trkpt>
      <trkpt lat="36.68554" lon="-118.33312">
        <ele>3253.0</ele>
      </trkpt>
      <trkpt lat="36.6857" lon="-118.33303">
        <ele>3240.0</ele>
      </trkpt>
      <trkpt lat="36.68572" lon="-118.3329">
        <ele>3238.0</ele>
      </trkpt>
      <trkpt lat="36.68582" lon="-118.33286">
        <ele>3238.0</ele>
      </trkpt>
      <trkpt lat="36.68581" lon="-118.33273">
        <ele>3238.0</ele>
      </trkpt>
      <trkpt lat="36.68604" lon="-118.33262">
        <ele>3229.0</ele>
      </trkpt>
      <trkpt lat="36.68604" lon="-118.33262">
        <ele>3229.0</ele>
      </trkpt>
      <trkpt lat="36.68608" lon="-118.33259">
        <ele>3229.0</ele>
      </trkpt>
      <trkpt lat="36.68635" lon="-118.33256">
        <ele>3221.0</ele>
      </trkpt>
      <trkpt lat="36.68651" lon="-118.33263">
        <ele>3221.0</ele>
      </trkpt>
      <trkpt lat="36.68668" lon="-118.33255">
        <ele>3213.0</ele>
      </trkpt>
      <trkpt lat="36.68677" lon="-118.33264">
        <ele>3214.0</ele>
      </trkpt>
      <trkpt lat="36.68691" lon="-118.33246">
        <ele>3211.0</ele>
      </trkpt>
      <trkpt lat="36.687" lon="-118.33248">
        <ele>3211.0</ele>
      </trkpt>
      <trkpt lat="36.68763" lon="-118.33178">
        <ele>3195.0</ele>
      </trkpt>
      <trkpt lat="36.68784" lon="-118.33148">
        <ele>3184.0</ele>
      </trkpt>
      <trkpt lat="36.68796" lon="-118.3312">
        <ele>3177.0</ele>
      </trkpt>
      <trkpt lat="36.68846" lon="-118.33057">
        <ele>3167.0</ele>
      </trkpt>
      <trkpt lat="36.68887" lon="-118.32977">
        <ele>3156.0</ele>
      </trkpt>
      <trkpt lat="36.68905" lon="-118.32966">
        <ele>3153.0</ele>
      </trkpt>
      <trkpt lat="36.68932" lon="-118.32973">
        <ele>3151.0</ele>
      </trkpt>
      <trkpt lat="36.68956" lon="-118.32965">
        <ele>3151.0</ele>
      </trkpt>
      <trkpt lat="36.69008" lon="-118.32963">
        <ele>3147.0</ele>
      </trkpt>
      <trkpt lat="36.6902456994703" lon="-118.329503545141">
        <ele>3140.0</ele>
      </trkpt>
      <trkpt lat="36.6902456994703" lon="-118.329503545141">
        <ele>3140.0</ele>
      </trkpt>
      <trkpt lat="36.69046" lon="-118.32934">
        <ele>3132.0</ele>
      </trkpt>
      <trkpt lat="36.69096" lon="-118.32914">
        <ele>3122.0</ele>
      </trkpt>
      <trkpt lat="36.6913" lon="-118.3293">
        <ele>3122.0</ele>
      </trkpt>
      <trkpt lat="36.69149" lon="-118.32918">
        <ele>3122.0</ele>
      </trkpt>
      <trkpt lat="36.69219" lon="-118.32843">
        <ele>3106.0</ele>
      </trkpt>
      <trkpt lat="36.69249" lon="-118.32829">
        <ele>3102.0</ele>
      </trkpt>
      <trkpt lat="36.69275" lon="-118.32832">
        <ele>3099.0</ele>
      </trkpt>
      <trkpt lat="36.69287" lon="-118.32826">
        <ele>3099.0</ele>
      </trkpt>
      <trkpt lat="36.69293" lon="-118.32813">
        <ele>3094.0</ele>
      </trkpt>
      <trkpt lat="36.69299" lon="-118.32789">
        <ele>3085.0</ele>
      </trkpt>
      <trkpt lat="36.69312" lon="-118.32776">
        <ele>3085.0</ele>
      </trkpt>
      <trkpt lat="36.69312" lon="-118.32776">
        <ele>3085.0</ele>
      </trkpt>
      <trkpt lat="36.69312" lon="-118.32776">
        <ele>3085.0</ele>
      </trkpt>
      <trkpt lat="36.69338" lon="-118.32764">
        <ele>3091.0</ele>
      </trkpt>
      <trkpt lat="36.69357" lon="-118.32762">
        <ele>3081.0</ele>
      </trkpt>
      <trkpt lat="36.69356" lon="-118.32777">
        <ele>3093.0</ele>
      </trkpt>
      <trkpt lat="36.6938" lon="-118.32771">
        <ele>3091.0</ele>
      </trkpt>
      <trkpt lat="36.69431" lon="-118.32775">
        <ele>3085.0</ele>
      </trkpt>
      <trkpt lat="36.69453" lon="-118.32769">
        <ele>3085.0</ele>
      </trkpt>
      <trkpt lat="36.69464" lon="-118.32723">
        <ele>3079.0</ele>
      </trkpt>
      <trkpt lat="36.69465" lon="-118.32685">
        <ele>3072.0</ele>
      </trkpt>
      <trkpt lat="36.69462" lon="-118.32683">
        <ele>3072.0</ele>
      </trkpt>
      <trkpt lat="36.6945" lon="-118.3272">
        <ele>3070.0</ele>
      </trkpt>
      <trkpt lat="36.69448" lon="-118.32718">
        <ele>3070.0</ele>
      </trkpt>
      <trkpt lat="36.69451" lon="-118.32704">
        <ele>3063.0</ele>
      </trkpt>
      <trkpt lat="36.69452" lon="-118.32679">
        <ele>3054.0</ele>
      </trkpt>
      <trkpt lat="36.69448" lon="-118.32659">
        <ele>3054.0</ele>
      </trkpt>
      <trkpt lat="36.69445" lon="-118.32656">
        <ele>3054.0</ele>
      </trkpt>
      <trkpt lat="36.69443" lon="-118.32657">
        <ele>3054.0</ele>
      </trkpt>
      <trkpt lat="36.6944" lon="-118.3268">
        <ele>3054.0</ele>
      </trkpt>
      <trkpt lat="36.69434" lon="-118.3268">
        <ele>3054.0</ele>
      </trkpt>
      <trkpt lat="36.69435" lon="-118.32654">
        <ele>3054.0</ele>
      </trkpt>
      <trkpt lat="36.69424" lon="-118.32596">
        <ele>3019.0</ele>
      </trkpt>
      <trkpt lat="36.69441" lon="-118.32559">
        <ele>3026.0</ele>
      </trkpt>
      <trkpt lat="36.69457" lon="-118.32534">
        <ele>3017.0</ele>
      </trkpt>
      <trkpt lat="36.6947" lon="-118.3252">
        <ele>3029.0</ele>
      </trkpt>
      <trkpt lat="36.6947" lon="-118.32513">
        <ele>3022.0</ele>
      </trkpt>
      <trkpt lat="36.69484" lon="-118.32492">
        <ele>3022.0</ele>
      </trkpt>
      <trkpt lat="36.695" lon="-118.32477">
        <ele>3026.0</ele>
      </trkpt>
      <trkpt lat="36.69509" lon="-118.32456">
        <ele>3019.0</ele>
      </trkpt>
      <trkpt lat="36.69508" lon="-118.32454">
        <ele>3019.0</ele>
      </trkpt>
      <trkpt lat="36.69499" lon="-118.32465">
        <ele>3026.0</ele>
      </trkpt>
      <trkpt lat="36.69472" lon="-118.3248">
        <ele>3013.0</ele>
      </trkpt>
      <trkpt lat="36.69454" lon="-118.32493">
        <ele>3008.0</ele>
      </trkpt>
      <trkpt lat="36.69396" lon="-118.32541">
        <ele>2986.0</ele>
      </trkpt>
      <trkpt lat="36.69389" lon="-118.32559">
        <ele>3003.0</ele>
      </trkpt>
      <trkpt lat="36.69378" lon="-118.32571">
        <ele>3014.0</ele>
      </trkpt>
      <trkpt lat="36.69375" lon="-118.32583">
        <ele>3004.0</ele>
      </trkpt>
      <trkpt lat="36.6937" lon="-118.32588">
        <ele>3004.0</ele>
      </trkpt>
      <trkpt lat="36.69366" lon="-118.32589">
        <ele>3004.0</ele>
      </trkpt>
      <trkpt lat="36.69365" lon="-118.32585">
        <ele>3004.0</ele>
      </trkpt>
      <trkpt lat="36.69371" lon="-118.32569">
        <ele>2993.0</ele>
      </trkpt>
      <trkpt lat="36.69377" lon="-118.32561">
        <ele>3003.0</ele>
      </trkpt>
      <trkpt lat="36.69382" lon="-118.32542">
        <ele>3003.0</ele>
      </trkpt>
      <trkpt lat="36.6938" lon="-118.3253">
        <ele>2986.0</ele>
      </trkpt>
      <trkpt lat="36.69382" lon="-118.32527">
        <ele>2986.0</ele>
      </trkpt>
      <trkpt lat="36.69393" lon="-118.32512">
        <ele>2973.0</ele>
      </trkpt>
      <trkpt lat="36.6941" lon="-118.3248">
        <ele>2979.0</ele>
      </trkpt>
      <trkpt lat="36.69429" lon="-118.32449">
        <ele>2966.0</ele>
      </trkpt>
      <trkpt lat="36.69435" lon="-118.32432">
        <ele>2981.0</ele>
      </trkpt>
      <trkpt lat="36.69455" lon="-118.32404">
        <ele>2969.0</ele>
      </trkpt>
      <trkpt lat="36.69458" lon="-118.32397">
        <ele>2960.0</ele>
      </trkpt>
      <trkpt lat="36.69461" lon="-118.32367">
        <ele>2974.0</ele>
      </trkpt>
      <trkpt lat="36.69502" lon="-118.32275">
        <ele>2967.0</ele>
      </trkpt>
      <trkpt lat="36.69502" lon="-118.32275">
        <ele>2967.0</ele>
      </trkpt>
      <trkpt lat="36.69506" lon="-118.32231">
        <ele>2958.0</ele>
      </trkpt>
      <trkpt lat="36.69509" lon="-118.32221">
        <ele>2958.0</ele>
      </trkpt>
      <trkpt lat="36.69519" lon="-118.32152">
        <ele>2951.0</ele>
      </trkpt>
      <trkpt lat="36.69527" lon="-118.32129">
        <ele>2951.0</ele>
      </trkpt>
      <trkpt lat="36.69543" lon="-118.32098">
        <ele>2958.0</ele>
      </trkpt>
      <trkpt lat="36.69549" lon="-118.32078">
        <ele>2948.0</ele>
      </trkpt>
      <trkpt lat="36.69563" lon="-118.32057">
        <ele>2939.0</ele>
      </trkpt>
      <trkpt lat="36.69586" lon="-118.32029">
        <ele>2943.0</ele>
      </trkpt>
      <trkpt lat="36.69588" lon="-118.32021">
        <ele>2943.0</ele>
      </trkpt>
      <trkpt lat="36.69607" lon="-118.31995">
        <ele>2942.0</ele>
      </trkpt>
      <trkpt lat="36.69647" lon="-118.31957">
        <ele>2920.0</ele>
      </trkpt>
      <trkpt lat="36.69648" lon="-118.31953">
        <ele>2920.0</ele>
      </trkpt>
      <trkpt lat="36.69631" lon="-118.31961">
        <ele>2935.0</ele>
      </trkpt>
      <trkpt lat="36.69587" lon="-118.31975">
        <ele>2921.0</ele>
      </trkpt>
      <trkpt lat="36.69524" lon="-118.32038">
        <ele>2919.0</ele>
      </trkpt>
      <trkpt lat="36.69501" lon="-118.32066">
        <ele>2910.0</ele>
      </trkpt>
      <trkpt lat="36.69489" lon="-118.32072">
        <ele>2915.0</ele>
      </trkpt>
      <trkpt lat="36.69486" lon="-118.32072">
        <ele>2906.0</ele>
      </trkpt>
      <trkpt lat="36.69482" lon="-118.32063">
        <ele>2902.0</ele>
      </trkpt>
      <trkpt lat="36.6948" lon="-118.32064">
        <ele>2902.0</ele>
      </trkpt>
      <trkpt lat="36.69452" lon="-118.32109">
        <ele>2902.0</ele>
      </trkpt>
      <trkpt lat="36.69414" lon="-118.32209">
        <ele>2906.0</ele>
      </trkpt>
      <trkpt lat="36.69406" lon="-118.32219">
        <ele>2906.0</ele>
      </trkpt>
      <trkpt lat="36.69403" lon="-118.32227">
        <ele>2906.0</ele>
      </trkpt>
      <trkpt lat="36.69397" lon="-118.32232">
        <ele>2888.0</ele>
      </trkpt>
      <trkpt lat="36.69366" lon="-118.32275">
        <ele>2890.0</ele>
      </trkpt>
      <trkpt lat="36.69366" lon="-118.32275">
        <ele>2890.0</ele>
      </trkpt>
      <trkpt lat="36.69359" lon="-118.32283">
        <ele>2890.0</ele>
      </trkpt>
      <trkpt lat="36.69328" lon="-118.32282">
        <ele>2886.0</ele>
      </trkpt>
      <trkpt lat="36.69329" lon="-118.32278">
        <ele>2886.0</ele>
      </trkpt>
      <trkpt lat="36.69337" lon="-118.32275">
        <ele>2886.0</ele>
      </trkpt>
      <trkpt lat="36.69337" lon="-118.32275">
        <ele>2886.0</ele>
      </trkpt>
      <trkpt lat="36.69349" lon="-118.32266">
        <ele>2890.0</ele>
      </trkpt>
      <trkpt lat="36.69356" lon="-118.32256">
        <ele>2886.0</ele>
      </trkpt>
      <trkpt lat="36.69367" lon="-118.32229">
        <ele>2882.0</ele>
      </trkpt>
      <trkpt lat="36.6936642940577" lon="-118.322153057384">
        <ele>2882.0</ele>
      </trkpt>
      <trkpt lat="36.6936642940577" lon="-118.322153057384">
        <ele>2882.0</ele>
      </trkpt>
      <trkpt lat="36.69366" lon="-118.32205">
        <ele>2877.0</ele>
      </trkpt>
      <trkpt lat="36.69374" lon="-118.32177">
        <ele>2873.0</ele>
      </trkpt>
      <trkpt lat="36.69374" lon="-118.32153">
        <ele>2873.0</ele>
      </trkpt>
      <trkpt lat="36.69381" lon="-118.32117">
        <ele>2871.0</ele>
      </trkpt>
      <trkpt lat="36.69384" lon="-118.32111">
        <ele>2871.0</ele>
      </trkpt>
      <trkpt lat="36.69385" lon="-118.32084">
        <ele>2864.0</ele>
      </trkpt>
      <trkpt lat="36.69395" lon="-118.32017">
        <ele>2852.0</ele>
      </trkpt>
      <trkpt lat="36.69397" lon="-118.32012">
        <ele>2846.0</ele>
      </trkpt>
      <trkpt lat="36.69396" lon="-118.32008">
        <ele>2846.0</ele>
      </trkpt>
      <trkpt lat="36.69374" lon="-118.32053">
        <ele>2844.0</ele>
      </trkpt>
      <trkpt lat="36.69371" lon="-118.32054">
        <ele>2844.0</ele>
      </trkpt>
      <trkpt lat="36.69352" lon="-118.32088">
        <ele>2849.0</ele>
      </trkpt>
      <trkpt lat="36.69335" lon="-118.32092">
        <ele>2840.0</ele>
      </trkpt>
      <trkpt lat="36.69335" lon="-118.32088">
        <ele>2840.0</ele>
      </trkpt>
      <trkpt lat="36.69344" lon="-118.32073">
        <ele>2840.0</ele>
      </trkpt>
      <trkpt lat="36.69341" lon="-118.32065">
        <ele>2836.0</ele>
      </trkpt>
      <trkpt lat="36.69344" lon="-118.32043">
        <ele>2836.0</ele>
      </trkpt>
      <trkpt lat="36.69333" lon="-118.32022">
        <ele>2834.0</ele>
      </trkpt>
      <trkpt lat="36.69329" lon="-118.32009">
        <ele>2829.0</ele>
      </trkpt>
      <trkpt lat="36.69326" lon="-118.31976">
        <ele>2825.0</ele>
      </trkpt>
      <trkpt lat="36.69327" lon="-118.3197">
        <ele>2825.0</ele>
      </trkpt>
      <trkpt lat="36.69326" lon="-118.31946">
        <ele>2822.0</ele>
      </trkpt>
      <trkpt lat="36.69316" lon="-118.31926">
        <ele>2810.0</ele>
      </trkpt>
      <trkpt lat="36.69309" lon="-118.3192">
        <ele>2810.0</ele>
      </trkpt>
      <trkpt lat="36.69312" lon="-118.31875">
        <ele>2789.0</ele>
      </trkpt>
      <trkpt lat="36.6931" lon="-118.31866">
        <ele>2789.0</ele>
      </trkpt>
      <trkpt lat="36.69316" lon="-118.31847">
        <ele>2784.0</ele>
      </trkpt>
      <trkpt lat="36.69312" lon="-118.3184">
        <ele>2784.0</ele>
      </trkpt>
      <trkpt lat="36.69312" lon="-118.31827">
        <ele>2784.0</ele>
      </trkpt>
      <trkpt lat="36.69319" lon="-118.31799">
        <ele>2783.0</ele>
      </trkpt>
      <trkpt lat="36.69326" lon="-118.3179">
        <ele>2792.0</ele>
      </trkpt>
      <trkpt lat="36.69328" lon="-118.31785">
        <ele>2792.0</ele>
      </trkpt>
      <trkpt lat="36.69336" lon="-118.31786">
        <ele>2792.0</ele>
      </trkpt>
      <trkpt lat="36.69347" lon="-118.31764">
        <ele>2792.0</ele>
      </trkpt>
      <trkpt lat="36.69345" lon="-118.31761">
        <ele>2787.0</ele>
      </trkpt>
      <trkpt lat="36.69335" lon="-118.31728">
        <ele>2779.0</ele>
      </trkpt>
      <trkpt lat="36.69325" lon="-118.31719">
        <ele>2779.0</ele>
      </trkpt>
      <trkpt lat="36.69321" lon="-118.31706">
        <ele>2772.0</ele>
      </trkpt>
      <trkpt lat="36.69324" lon="-118.31697">
        <ele>2772.0</ele>
      </trkpt>
      <trkpt lat="36.69331" lon="-118.31694">
        <ele>2772.0</ele>
      </trkpt>
      <trkpt lat="36.69343" lon="-118.31697">
        <ele>2772.0</ele>
      </trkpt>
      <trkpt lat="36.69348" lon="-118.31693">
        <ele>2780.0</ele>
      </trkpt>
      <trkpt lat="36.69347" lon="-118.31667">
        <ele>2771.0</ele>
      </trkpt>
      <trkpt lat="36.69356" lon="-118.31653">
        <ele>2776.0</ele>
      </trkpt>
      <trkpt lat="36.69363" lon="-118.31649">
        <ele>2771.0</ele>
      </trkpt>
      <trkpt lat="36.69366" lon="-118.31639">
        <ele>2771.0</ele>
      </trkpt>
      <trkpt lat="36.69381" lon="-118.31616">
        <ele>2771.0</ele>
      </trkpt>
      <trkpt lat="36.6939" lon="-118.31609">
        <ele>2771.0</ele>
      </trkpt>
      <trkpt lat="36.69399" lon="-118.3157">
        <ele>2756.0</ele>
      </trkpt>
      <trkpt lat="36.69409" lon="-118.31558">
        <ele>2743.0</ele>
      </trkpt>
      <trkpt lat="36.69415" lon="-118.31555">
        <ele>2743.0</ele>
      </trkpt>
      <trkpt lat="36.69422" lon="-118.31533">
        <ele>2731.0</ele>
      </trkpt>
      <trkpt lat="36.69436" lon="-118.31513">
        <ele>2718.0</ele>
      </trkpt>
      <trkpt lat="36.69443" lon="-118.31512">
        <ele>2718.0</ele>
      </trkpt>
      <trkpt lat="36.69457" lon="-118.31524">
        <ele>2725.0</ele>
      </trkpt>
      <trkpt lat="36.69463" lon="-118.31531">
        <ele>2716.0</ele>
      </trkpt>
      <trkpt lat="36.69469" lon="-118.31544">
        <ele>2726.0</ele>
      </trkpt>
      <trkpt lat="36.69483" lon="-118.31551">
        <ele>2726.0</ele>
      </trkpt>
      <trkpt lat="36.69494" lon="-118.31564">
        <ele>2716.0</ele>
      </trkpt>
      <trkpt lat="36.69505" lon="-118.31567">
        <ele>2716.0</ele>
      </trkpt>
      <trkpt lat="36.69506" lon="-118.31565">
        <ele>2716.0</ele>
      </trkpt>
      <trkpt lat="36.69498" lon="-118.31562">
        <ele>2716.0</ele>
      </trkpt>
      <trkpt lat="36.69491" lon="-118.31544">
        <ele>2716.0</ele>
      </trkpt>
      <trkpt lat="36.69481" lon="-118.31536">
        <ele>2716.0</ele>
      </trkpt>
      <trkpt lat="36.69472" lon="-118.31505">
        <ele>2705.0</ele>
      </trkpt>
      <trkpt lat="36.69465" lon="-118.31502">
        <ele>2705.0</ele>
      </trkpt>
      <trkpt lat="36.69454" lon="-118.31483">
        <ele>2710.0</ele>
      </trkpt>
      <trkpt lat="36.69448" lon="-118.31467">
        <ele>2710.0</ele>
      </trkpt>
      <trkpt lat="36.69446" lon="-118.31453">
        <ele>2705.0</ele>
      </trkpt>
      <trkpt lat="36.69441" lon="-118.31448">
        <ele>2705.0</ele>
      </trkpt>
      <trkpt lat="36.69435" lon="-118.31411">
        <ele>2693.0</ele>
      </trkpt>
      <trkpt lat="36.69431" lon="-118.31409">
        <ele>2693.0</ele>
      </trkpt>
      <trkpt lat="36.69405" lon="-118.31427">
        <ele>2698.0</ele>
      </trkpt>
      <trkpt lat="36.69378" lon="-118.31435">
        <ele>2705.0</ele>
      </trkpt>
      <trkpt lat="36.69355" lon="-118.31433">
        <ele>2704.0</ele>
      </trkpt>
      <trkpt lat="36.69331" lon="-118.31443">
        <ele>2703.0</ele>
      </trkpt>
      <trkpt lat="36.69328" lon="-118.31441">
        <ele>2703.0</ele>
      </trkpt>
      <trkpt lat="36.69328" lon="-118.31437">
        <ele>2703.0</ele>
      </trkpt>
      <trkpt lat="36.6935" lon="-118.31416">
        <ele>2695.0</ele>
      </trkpt>
      <trkpt lat="36.69365" lon="-118.3141">
        <ele>2695.0</ele>
      </trkpt>
      <trkpt lat="36.69387" lon="-118.31381">
        <ele>2688.0</ele>
      </trkpt>
      <trkpt lat="36.69393" lon="-118.31366">
        <ele>2678.0</ele>
      </trkpt>
      <trkpt lat="36.69416" lon="-118.31351">
        <ele>2679.0</ele>
      </trkpt>
      <trkpt lat="36.69445" lon="-118.31311">
        <ele>2654.0</ele>
      </trkpt>
      <trkpt lat="36.69449" lon="-118.31312">
        <ele>2654.0</ele>
      </trkpt>
      <trkpt lat="36.69469" lon="-118.31354">
        <ele>2669.0</ele>
      </trkpt>
      <trkpt lat="36.69485" lon="-118.3138">
        <ele>2678.0</ele>
      </trkpt>
      <trkpt lat="36.69506" lon="-118.31397">
        <ele>2679.0</ele>
      </trkpt>
      <trkpt lat="36.69524" lon="-118.31403">
        <ele>2694.0</ele>
      </trkpt>
      <trkpt lat="36.69536" lon="-118.31377">
        <ele>2680.0</ele>
      </trkpt>
      <trkpt lat="36.69548" lon="-118.31335">
        <ele>2681.0</ele>
      </trkpt>
      <trkpt lat="36.69558" lon="-118.31288">
        <ele>2665.0</ele>
      </trkpt>
      <trkpt lat="36.6956" lon="-118.31265">
        <ele>2665.0</ele>
      </trkpt>
      <trkpt lat="36.69571" lon="-118.3123">
        <ele>2657.0</ele>
      </trkpt>
      <trkpt lat="36.69592" lon="-118.31222">
        <ele>2657.0</ele>
      </trkpt>
      <trkpt lat="36.69603" lon="-118.31201">
        <ele>2652.0</ele>
      </trkpt>
      <trkpt lat="36.69608" lon="-118.31197">
        <ele>2652.0</ele>
      </trkpt>
      <trkpt lat="36.6961" lon="-118.3119">
        <ele>2652.0</ele>
      </trkpt>
      <trkpt lat="36.69637" lon="-118.31163">
        <ele>2644.0</ele>
      </trkpt>
      <trkpt lat="36.6965904852029" lon="-118.311146628594">
        <ele>2626.0</ele>
      </trkpt>
      <trkpt lat="36.6965904852029" lon="-118.311146628594">
        <ele>2626.0</ele>
      </trkpt>
      <trkpt lat="36.69663" lon="-118.31106">
        <ele>2626.0</ele>
      </trkpt>
      <trkpt lat="36.69674" lon="-118.31094">
        <ele>2611.0</ele>
      </trkpt>
      <trkpt lat="36.69693" lon="-118.31079">
        <ele>2625.0</ele>
      </trkpt>
      <trkpt lat="36.69713" lon="-118.31043">
        <ele>2634.0</ele>
      </trkpt>
      <trkpt lat="36.69727" lon="-118.3103">
        <ele>2621.0</ele>
      </trkpt>
      <trkpt lat="36.69734" lon="-118.31019">
        <ele>2621.0</ele>
      </trkpt>
      <trkpt lat="36.69735" lon="-118.31011">
        <ele>2601.0</ele>
      </trkpt>
      <trkpt lat="36.6975" lon="-118.30983">
        <ele>2604.0</ele>
      </trkpt>
      <trkpt lat="36.69781" lon="-118.3095">
        <ele>2601.0</ele>
      </trkpt>
      <trkpt lat="36.69793" lon="-118.30931">
        <ele>2615.0</ele>
      </trkpt>
      <trkpt lat="36.69806" lon="-118.30897">
        <ele>2598.0</ele>
      </trkpt>
      <trkpt lat="36.69831" lon="-118.30867">
        <ele>2584.0</ele>
      </trkpt>
      <trkpt lat="36.69851" lon="-118.30825">
        <ele>2577.0</ele>
      </trkpt>
      <trkpt lat="36.69873" lon="-118.30811">
        <ele>2561.0</ele>
      </trkpt>
      <trkpt lat="36.69891" lon="-118.30816">
        <ele>2576.0</ele>
      </trkpt>
      <trkpt lat="36.69907" lon="-118.30828">
        <ele>2589.0</ele>
      </trkpt>
      <trkpt lat="36.69917" lon="-118.30827">
        <ele>2589.0</ele>
      </trkpt>
      <trkpt lat="36.69925" lon="-118.30831">
        <ele>2589.0</ele>
      </trkpt>
      <trkpt lat="36.6994" lon="-118.30827">
        <ele>2596.0</ele>
      </trkpt>
      <trkpt lat="36.69944" lon="-118.30801">
        <ele>2591.0</ele>
      </trkpt>
      <trkpt lat="36.6994" lon="-118.30766">
        <ele>2585.0</ele>
      </trkpt>
      <trkpt lat="36.69943" lon="-118.30714">
        <ele>2588.0</ele>
      </trkpt>
      <trkpt lat="36.69934" lon="-118.30653">
        <ele>2595.0</ele>
      </trkpt>
      <trkpt lat="36.69948" lon="-118.30665">
        <ele>2595.0</ele>
      </trkpt>
      <trkpt lat="36.69949" lon="-118.30659">
        <ele>2595.0</ele>
      </trkpt>
      <trkpt lat="36.69946" lon="-118.3064">
        <ele>2598.0</ele>
      </trkpt>
      <trkpt lat="36.69947" lon="-118.30633">
        <ele>2598.0</ele>
      </trkpt>
      <trkpt lat="36.6995" lon="-118.30633">
        <ele>2598.0</ele>
      </trkpt>
      <trkpt lat="36.69955" lon="-118.30644">
        <ele>2598.0</ele>
      </trkpt>
      <trkpt lat="36.6997" lon="-118.30606">
        <ele>2623.0</ele>
      </trkpt>
      <trkpt lat="36.69966" lon="-118.30572">
        <ele>2623.0</ele>
      </trkpt>
      <trkpt lat="36.6997" lon="-118.30561">
        <ele>2622.0</ele>
      </trkpt>
      <trkpt lat="36.69978" lon="-118.30504">
        <ele>2616.0</ele>
      </trkpt>
      <trkpt lat="36.69991" lon="-118.30467">
        <ele>2633.0</ele>
      </trkpt>
      <trkpt lat="36.69999" lon="-118.30456">
        <ele>2614.0</ele>
      </trkpt>
      <trkpt lat="36.69992" lon="-118.30404">
        <ele>2596.0</ele>
      </trkpt>
      <trkpt lat="36.70013" lon="-118.30417">
        <ele>2596.0</ele>
      </trkpt>
      <trkpt lat="36.70014" lon="-118.30409">
        <ele>2618.0</ele>
      </trkpt>
      <trkpt lat="36.70009" lon="-118.30391">
        <ele>2576.0</ele>
      </trkpt>
      <trkpt lat="36.70012" lon="-118.30385">
        <ele>2576.0</ele>
      </trkpt>
      <trkpt lat="36.70018" lon="-118.30388">
        <ele>2597.0</ele>
      </trkpt>
      <trkpt lat="36.70029" lon="-118.30407">
        <ele>2618.0</ele>
      </trkpt>
      <trkpt lat="36.7004" lon="-118.30437">
        <ele>2628.0</ele>
      </trkpt>
      <trkpt lat="36.7004" lon="-118.30495">
        <ele>2651.0</ele>
      </trkpt>
      <trkpt lat="36.70043" lon="-118.30496">
        <ele>2660.0</ele>
      </trkpt>
      <trkpt lat="36.70069" lon="-118.30451">
        <ele>2640.0</ele>
      </trkpt>
      <trkpt lat="36.70077" lon="-118.30445">
        <ele>2645.0</ele>
      </trkpt>
      <trkpt lat="36.70098" lon="-118.30454">
        <ele>2639.0</ele>
      </trkpt>
      <trkpt lat="36.70124" lon="-118.30488">
        <ele>2672.0</ele>
      </trkpt>
      <trkpt lat="36.70152" lon="-118.30499">
        <ele>2676.0</ele>
      </trkpt>
      <trkpt lat="36.70169" lon="-118.30518">
        <ele>2695.0</ele>
      </trkpt>
      <trkpt lat="36.70189" lon="-118.30526">
        <ele>2693.0</ele>
      </trkpt>
      <trkpt lat="36.70201" lon="-118.30535">
        <ele>2693.0</ele>
      </trkpt>
      <trkpt lat="36.70218" lon="-118.30537">
        <ele>2690.0</ele>
      </trkpt>
      <trkpt lat="36.7028" lon="-118.30582">
        <ele>2726.0</ele>
      </trkpt>
      <trkpt lat="36.70309" lon="-118.30599">
        <ele>2742.0</ele>
      </trkpt>
      <trkpt lat="36.70321" lon="-118.30587">
        <ele>2733.0</ele>
      </trkpt>
      <trkpt lat="36.70325" lon="-118.30573">
        <ele>2733.0</ele>
      </trkpt>
      <trkpt lat="36.70329" lon="-118.30526">
        <ele>2717.0</ele>
      </trkpt>
      <trkpt lat="36.7036" lon="-118.30471">
        <ele>2712.0</ele>
      </trkpt>
      <trkpt lat="36.70366" lon="-118.30465">
        <ele>2712.0</ele>
      </trkpt>
      <trkpt lat="36.70366" lon="-118.30465">
        <ele>2712.0</ele>
      </trkpt>
      <trkpt lat="36.70375" lon="-118.30453">
        <ele>2699.0</ele>
      </trkpt>
      <trkpt lat="36.704" lon="-118.30431">
        <ele>2707.0</ele>
      </trkpt>
      <trkpt lat="36.70446" lon="-118.30406">
        <ele>2716.0</ele>
      </trkpt>
      <trkpt lat="36.70485" lon="-118.30403">
        <ele>2726.0</ele>
      </trkpt>
      <trkpt lat="36.70529" lon="-118.30381">
        <ele>2731.0</ele>
      </trkpt>
      <trkpt lat="36.70529" lon="-118.30308">
        <ele>2714.0</ele>
      </trkpt>
      <trkpt lat="36.70532" lon="-118.30291">
        <ele>2714.0</ele>
      </trkpt>
      <trkpt lat="36.7055" lon="-118.30272">
        <ele>2734.0</ele>
      </trkpt>
      <trkpt lat="36.70586" lon="-118.30151">
        <ele>2747.0</ele>
      </trkpt>
      <trkpt lat="36.70587" lon="-118.30097">
        <ele>2752.0</ele>
      </trkpt>
      <trkpt lat="36.70591" lon="-118.30078">
        <ele>2752.0</ele>
      </trkpt>
      <trkpt lat="36.70591" lon="-118.30078">
        <ele>2752.0</ele>
      </trkpt>
      <trkpt lat="36.70598" lon="-118.30046">
        <ele>2744.0</ele>
      </trkpt>
      <trkpt lat="36.7061201407545" lon="-118.30037081952">
        <ele>2741.0</ele>
      </trkpt>
      <trkpt lat="36.7061201407545" lon="-118.30037081952">
        <ele>2741.0</ele>
      </trkpt>
      <trkpt lat="36.70631" lon="-118.30025">
        <ele>2733.0</ele>
      </trkpt>
      <trkpt lat="36.70656" lon="-118.30022">
        <ele>2738.0</ele>
      </trkpt>
      <trkpt lat="36.7066" lon="-118.30019">
        <ele>2738.0</ele>
      </trkpt>
      <trkpt lat="36.70674" lon="-118.30022">
        <ele>2738.0</ele>
      </trkpt>
      <trkpt lat="36.70701" lon="-118.30009">
        <ele>2737.0</ele>
      </trkpt>
      <trkpt lat="36.70725" lon="-118.29991">
        <ele>2738.0</ele>
      </trkpt>
      <trkpt lat="36.70738" lon="-118.29994">
        <ele>2737.0</ele>
      </trkpt>
      <trkpt lat="36.70745" lon="-118.3">
        <ele>2737.0</ele>
      </trkpt>
      <trkpt lat="36.70752" lon="-118.30011">
        <ele>2737.0</ele>
      </trkpt>
      <trkpt lat="36.70765" lon="-118.30005">
        <ele>2734.0</ele>
      </trkpt>
      <trkpt lat="36.70798" lon="-118.29953">
        <ele>2719.0</ele>
      </trkpt>
      <trkpt lat="36.70843" lon="-118.29948">
        <ele>2728.0</ele>
      </trkpt>
      <trkpt lat="36.70848" lon="-118.29939">
        <ele>2740.0</ele>
      </trkpt>
      <trkpt lat="36.70874" lon="-118.29923">
        <ele>2733.0</ele>
      </trkpt>
      <trkpt lat="36.70889" lon="-118.29905">
        <ele>2745.0</ele>
      </trkpt>
      <trkpt lat="36.70943" lon="-118.2989">
        <ele>2755.0</ele>
      </trkpt>
      <trkpt lat="36.70951" lon="-118.29882">
        <ele>2755.0</ele>
      </trkpt>
      <trkpt lat="36.70971" lon="-118.29869">
        <ele>2760.0</ele>
      </trkpt>
      <trkpt lat="36.70997" lon="-118.29836">
        <ele>2767.0</ele>
      </trkpt>
      <trkpt lat="36.71019" lon="-118.29845">
        <ele>2769.0</ele>
      </trkpt>
      <trkpt lat="36.71031" lon="-118.29857">
        <ele>2769.0</ele>
      </trkpt>
      <trkpt lat="36.71034" lon="-118.29864">
        <ele>2769.0</ele>
      </trkpt>
      <trkpt lat="36.71037" lon="-118.29864">
        <ele>2769.0</ele>
      </trkpt>
      <trkpt lat="36.71032" lon="-118.29831">
        <ele>2769.0</ele>
      </trkpt>
      <trkpt lat="36.71036" lon="-118.2981">
        <ele>2773.0</ele>
      </trkpt>
      <trkpt lat="36.71042" lon="-118.29796">
        <ele>2763.0</ele>
      </trkpt>
      <trkpt lat="36.71069" lon="-118.29762">
        <ele>2774.0</ele>
      </trkpt>
      <trkpt lat="36.71088" lon="-118.29745">
        <ele>2754.0</ele>
      </trkpt>
      <trkpt lat="36.7111" lon="-118.29733">
        <ele>2744.0</ele>
      </trkpt>
      <trkpt lat="36.71172" lon="-118.29651">
        <ele>2748.0</ele>
      </trkpt>
      <trkpt lat="36.71175" lon="-118.29651">
        <ele>2748.0</ele>
      </trkpt>
      <trkpt lat="36.71172" lon="-118.2966">
        <ele>2734.0</ele>
      </trkpt>
      <trkpt lat="36.71152" lon="-118.29696">
        <ele>2738.0</ele>
      </trkpt>
      <trkpt lat="36.71142" lon="-118.29718">
        <ele>2728.0</ele>
      </trkpt>
      <trkpt lat="36.71145" lon="-118.29723">
        <ele>2728.0</ele>
      </trkpt>
      <trkpt lat="36.71167" lon="-118.29703">
        <ele>2724.0</ele>
      </trkpt>
      <trkpt lat="36.71184" lon="-118.29676">
        <ele>2720.0</ele>
      </trkpt>
      <trkpt lat="36.71196" lon="-118.29664">
        <ele>2720.0</ele>
      </trkpt>
      <trkpt lat="36.71201" lon="-118.29663">
        <ele>2720.0</ele>
      </trkpt>
      <trkpt lat="36.71202" lon="-118.29666">
        <ele>2720.0</ele>
      </trkpt>
      <trkpt lat="36.71195" lon="-118.29673">
        <ele>2720.0</ele>
      </trkpt>
      <trkpt lat="36.71173" lon="-118.29711">
        <ele>2714.0</ele>
      </trkpt>
      <trkpt lat="36.71173" lon="-118.29717">
        <ele>2714.0</ele>
      </trkpt>
      <trkpt lat="36.71184" lon="-118.29709">
        <ele>2699.0</ele>
      </trkpt>
      <trkpt lat="36.71202" lon="-118.29686">
        <ele>2707.0</ele>
      </trkpt>
      <trkpt lat="36.71202" lon="-118.29692">
        <ele>2707.0</ele>
      </trkpt>
      <trkpt lat="36.71195" lon="-118.29701">
        <ele>2707.0</ele>
      </trkpt>
      <trkpt lat="36.71186" lon="-118.29725">
        <ele>2699.0</ele>
      </trkpt>
      <trkpt lat="36.71198" lon="-118.29721">
        <ele>2699.0</ele>
      </trkpt>
      <trkpt lat="36.71225" lon="-118.29688">
        <ele>2694.0</ele>
      </trkpt>
      <trkpt lat="36.71232" lon="-118.29687">
        <ele>2694.0</ele>
      </trkpt>
      <trkpt lat="36.71244" lon="-118.29663">
        <ele>2689.0</ele>
      </trkpt>
      <trkpt lat="36.71273" lon="-118.29637">
        <ele>2682.0</ele>
      </trkpt>
      <trkpt lat="36.71292" lon="-118.29625">
        <ele>2682.0</ele>
      </trkpt>
      <trkpt lat="36.71292" lon="-118.29629">
        <ele>2671.0</ele>
      </trkpt>
      <trkpt lat="36.71277" lon="-118.29655">
        <ele>2673.0</ele>
      </trkpt>
      <trkpt lat="36.71276" lon="-118.2966">
        <ele>2673.0</ele>
      </trkpt>
      <trkpt lat="36.71297" lon="-118.29644">
        <ele>2671.0</ele>
      </trkpt>
      <trkpt lat="36.71312" lon="-118.2964">
        <ele>2671.0</ele>
      </trkpt>
      <trkpt lat="36.71313" lon="-118.29645">
        <ele>2671.0</ele>
      </trkpt>
      <trkpt lat="36.71302" lon="-118.29649">
        <ele>2671.0</ele>
      </trkpt>
      <trkpt lat="36.7129" lon="-118.29665">
        <ele>2673.0</ele>
      </trkpt>
      <trkpt lat="36.7129" lon="-118.29675">
        <ele>2673.0</ele>
      </trkpt>
      <trkpt lat="36.71278" lon="-118.29685">
        <ele>2663.0</ele>
      </trkpt>
      <trkpt lat="36.71273" lon="-118.29693">
        <ele>2663.0</ele>
      </trkpt>
      <trkpt lat="36.7127" lon="-118.29711">
        <ele>2652.0</ele>
      </trkpt>
      <trkpt lat="36.71266" lon="-118.2972">
        <ele>2652.0</ele>
      </trkpt>
      <trkpt lat="36.71258" lon="-118.29728">
        <ele>2673.0</ele>
      </trkpt>
      <trkpt lat="36.71253" lon="-118.29744">
        <ele>2661.0</ele>
      </trkpt>
      <trkpt lat="36.71251" lon="-118.29762">
        <ele>2661.0</ele>
      </trkpt>
      <trkpt lat="36.71245" lon="-118.29777">
        <ele>2652.0</ele>
      </trkpt>
      <trkpt lat="36.7123" lon="-118.29794">
        <ele>2656.0</ele>
      </trkpt>
      <trkpt lat="36.71225" lon="-118.29815">
        <ele>2656.0</ele>
      </trkpt>
      <trkpt lat="36.71247" lon="-118.29881">
        <ele>2635.0</ele>
      </trkpt>
      <trkpt lat="36.71254" lon="-118.29882">
        <ele>2635.0</ele>
      </trkpt>
      <trkpt lat="36.71259" lon="-118.29892">
        <ele>2635.0</ele>
      </trkpt>
      <trkpt lat="36.71286" lon="-118.2992">
        <ele>2624.0</ele>
      </trkpt>
      <trkpt lat="36.71277" lon="-118.2988">
        <ele>2620.0</ele>
      </trkpt>
      <trkpt lat="36.71277" lon="-118.2983">
        <ele>2619.0</ele>
      </trkpt>
      <trkpt lat="36.71291" lon="-118.29804">
        <ele>2625.0</ele>
      </trkpt>
      <trkpt lat="36.71319" lon="-118.2978">
        <ele>2611.0</ele>
      </trkpt>
      <trkpt lat="36.71303" lon="-118.29828">
        <ele>2598.0</ele>
      </trkpt>
      <trkpt lat="36.71305" lon="-118.29836">
        <ele>2598.0</ele>
      </trkpt>
      <trkpt lat="36.71304" lon="-118.29847">
        <ele>2598.0</ele>
      </trkpt>
      <trkpt lat="36.71307" lon="-118.29857">
        <ele>2598.0</ele>
      </trkpt>
      <trkpt lat="36.7132" lon="-118.29873">
        <ele>2579.0</ele>
      </trkpt>
      <trkpt lat="36.7132" lon="-118.29842">
        <ele>2579.0</ele>
      </trkpt>
      <trkpt lat="36.71325" lon="-118.29823">
        <ele>2579.0</ele>
      </trkpt>
      <trkpt lat="36.71328" lon="-118.2982">
        <ele>2579.0</ele>
      </trkpt>
      <trkpt lat="36.71326" lon="-118.29838">
        <ele>2579.0</ele>
      </trkpt>
      <trkpt lat="36.7134" lon="-118.29875">
        <ele>2579.0</ele>
      </trkpt>
      <trkpt lat="36.71348" lon="-118.29883">
        <ele>2569.0</ele>
      </trkpt>
      <trkpt lat="36.71351" lon="-118.29878">
        <ele>2569.0</ele>
      </trkpt>
      <trkpt lat="36.71351" lon="-118.29847">
        <ele>2563.0</ele>
      </trkpt>
      <trkpt lat="36.71354" lon="-118.29845">
        <ele>2563.0</ele>
      </trkpt>
      <trkpt lat="36.71356" lon="-118.29867">
        <ele>2564.0</ele>
      </trkpt>
      <trkpt lat="36.71373" lon="-118.2989">
        <ele>2569.0</ele>
      </trkpt>
      <trkpt lat="36.71375" lon="-118.29884">
        <ele>2569.0</ele>
      </trkpt>
      <trkpt lat="36.71372" lon="-118.29845">
        <ele>2563.0</ele>
      </trkpt>
      <trkpt lat="36.71374" lon="-118.29846">
        <ele>2563.0</ele>
      </trkpt>
      <trkpt lat="36.71376" lon="-118.29852">
        <ele>2548.0</ele>
      </trkpt>
      <trkpt lat="36.71394" lon="-118.29875">
        <ele>2548.0</ele>
      </trkpt>
      <trkpt lat="36.71427" lon="-118.29938">
        <ele>2556.0</ele>
      </trkpt>
      <trkpt lat="36.71432" lon="-118.29938">
        <ele>2536.0</ele>
      </trkpt>
      <trkpt lat="36.71428" lon="-118.29864">
        <ele>2526.0</ele>
      </trkpt>
      <trkpt lat="36.71448" lon="-118.29893">
        <ele>2507.0</ele>
      </trkpt>
      <trkpt lat="36.71454" lon="-118.29908">
        <ele>2526.0</ele>
      </trkpt>
      <trkpt lat="36.71468" lon="-118.29927">
        <ele>2500.0</ele>
      </trkpt>
      <trkpt lat="36.71471" lon="-118.29925">
        <ele>2500.0</ele>
      </trkpt>
      <trkpt lat="36.71461" lon="-118.29874">
        <ele>2481.0</ele>
      </trkpt>
      <trkpt lat="36.71472" lon="-118.29875">
        <ele>2481.0</ele>
      </trkpt>
      <trkpt lat="36.71502" lon="-118.29948">
        <ele>2496.0</ele>
      </trkpt>
      <trkpt lat="36.71508" lon="-118.2995">
        <ele>2496.0</ele>
      </trkpt>
      <trkpt lat="36.71503" lon="-118.29857">
        <ele>2471.0</ele>
      </trkpt>
      <trkpt lat="36.71521" lon="-118.29874">
        <ele>2457.0</ele>
      </trkpt>
      <trkpt lat="36.71531" lon="-118.29891">
        <ele>2465.0</ele>
      </trkpt>
      <trkpt lat="36.71544" lon="-118.29925">
        <ele>2459.0</ele>
      </trkpt>
      <trkpt lat="36.71564" lon="-118.29937">
        <ele>2467.0</ele>
      </trkpt>
      <trkpt lat="36.7159" lon="-118.2994">
        <ele>2453.0</ele>
      </trkpt>
      <trkpt lat="36.71592" lon="-118.29936">
        <ele>2453.0</ele>
      </trkpt>
      <trkpt lat="36.7158" lon="-118.2991">
        <ele>2447.0</ele>
      </trkpt>
      <trkpt lat="36.71578" lon="-118.29898">
        <ele>2442.0</ele>
      </trkpt>
      <trkpt lat="36.71577" lon="-118.29862">
        <ele>2439.0</ele>
      </trkpt>
      <trkpt lat="36.71581" lon="-118.29861">
        <ele>2439.0</ele>
      </trkpt>
      <trkpt lat="36.71586" lon="-118.29868">
        <ele>2439.0</ele>
      </trkpt>
      <trkpt lat="36.71596" lon="-118.29872">
        <ele>2439.0</ele>
      </trkpt>
      <trkpt lat="36.71601" lon="-118.29879">
        <ele>2437.0</ele>
      </trkpt>
      <trkpt lat="36.71617" lon="-118.29891">
        <ele>2437.0</ele>
      </trkpt>
      <trkpt lat="36.71624" lon="-118.29893">
        <ele>2437.0</ele>
      </trkpt>
      <trkpt lat="36.71633" lon="-118.29901">
        <ele>2422.0</ele>
      </trkpt>
      <trkpt lat="36.71656" lon="-118.29909">
        <ele>2405.0</ele>
      </trkpt>
      <trkpt lat="36.71667" lon="-118.29945">
        <ele>2418.0</ele>
      </trkpt>
      <trkpt lat="36.71671" lon="-118.29947">
        <ele>2418.0</ele>
      </trkpt>
      <trkpt lat="36.71675" lon="-118.29956">
        <ele>2418.0</ele>
      </trkpt>
      <trkpt lat="36.71683" lon="-118.29956">
        <ele>2398.0</ele>
      </trkpt>
      <trkpt lat="36.71685" lon="-118.29953">
        <ele>2398.0</ele>
      </trkpt>
      <trkpt lat="36.7169" lon="-118.29952">
        <ele>2398.0</ele>
      </trkpt>
      <trkpt lat="36.7169" lon="-118.29947">
        <ele>2398.0</ele>
      </trkpt>
      <trkpt lat="36.71684" lon="-118.29944">
        <ele>2398.0</ele>
      </trkpt>
      <trkpt lat="36.71682" lon="-118.29934">
        <ele>2398.0</ele>
      </trkpt>
      <trkpt lat="36.71677" lon="-118.29926">
        <ele>2405.0</ele>
      </trkpt>
      <trkpt lat="36.71675" lon="-118.29895">
        <ele>2406.0</ele>
      </trkpt>
      <trkpt lat="36.71681" lon="-118.29838">
        <ele>2393.0</ele>
      </trkpt>
      <trkpt lat="36.71672" lon="-118.298">
        <ele>2403.0</ele>
      </trkpt>
      <trkpt lat="36.71652" lon="-118.29792">
        <ele>2409.0</ele>
      </trkpt>
      <trkpt lat="36.71651" lon="-118.29788">
        <ele>2408.0</ele>
      </trkpt>
      <trkpt lat="36.71685" lon="-118.2979">
        <ele>2383.0</ele>
      </trkpt>
      <trkpt lat="36.717" lon="-118.29799">
        <ele>2390.0</ele>
      </trkpt>
      <trkpt lat="36.71709" lon="-118.29844">
        <ele>2383.0</ele>
      </trkpt>
      <trkpt lat="36.71712" lon="-118.29849">
        <ele>2389.0</ele>
      </trkpt>
      <trkpt lat="36.71727" lon="-118.29852">
        <ele>2389.0</ele>
      </trkpt>
      <trkpt lat="36.71727" lon="-118.29847">
        <ele>2383.0</ele>
      </trkpt>
      <trkpt lat="36.71718" lon="-118.29832">
        <ele>2383.0</ele>
      </trkpt>
      <trkpt lat="36.71721" lon="-118.29802">
        <ele>2379.0</ele>
      </trkpt>
      <trkpt lat="36.71731" lon="-118.2978">
        <ele>2374.0</ele>
      </trkpt>
      <trkpt lat="36.71731" lon="-118.29774">
        <ele>2374.0</ele>
      </trkpt>
      <trkpt lat="36.7172" lon="-118.2977">
        <ele>2374.0</ele>
      </trkpt>
      <trkpt lat="36.71718" lon="-118.29764">
        <ele>2374.0</ele>
      </trkpt>
      <trkpt lat="36.71727" lon="-118.29706">
        <ele>2388.0</ele>
      </trkpt>
      <trkpt lat="36.71732" lon="-118.29689">
        <ele>2388.0</ele>
      </trkpt>
      <trkpt lat="36.71735" lon="-118.29685">
        <ele>2388.0</ele>
      </trkpt>
      <trkpt lat="36.7175" lon="-118.29682">
        <ele>2374.0</ele>
      </trkpt>
      <trkpt lat="36.71779" lon="-118.29657">
        <ele>2356.0</ele>
      </trkpt>
      <trkpt lat="36.71785" lon="-118.29649">
        <ele>2357.0</ele>
      </trkpt>
      <trkpt lat="36.71788" lon="-118.29641">
        <ele>2357.0</ele>
      </trkpt>
      <trkpt lat="36.71786" lon="-118.29632">
        <ele>2357.0</ele>
      </trkpt>
      <trkpt lat="36.71794" lon="-118.29613">
        <ele>2342.0</ele>
      </trkpt>
      <trkpt lat="36.71793" lon="-118.29593">
        <ele>2351.0</ele>
      </trkpt>
      <trkpt lat="36.71798" lon="-118.296">
        <ele>2342.0</ele>
      </trkpt>
      <trkpt lat="36.71801" lon="-118.29616">
        <ele>2342.0</ele>
      </trkpt>
      <trkpt lat="36.71802" lon="-118.29639">
        <ele>2340.0</ele>
      </trkpt>
      <trkpt lat="36.71804" lon="-118.29639">
        <ele>2340.0</ele>
      </trkpt>
      <trkpt lat="36.71811" lon="-118.296">
        <ele>2342.0</ele>
      </trkpt>
      <trkpt lat="36.71819" lon="-118.29635">
        <ele>2340.0</ele>
      </trkpt>
      <trkpt lat="36.71819" lon="-118.29646">
        <ele>2340.0</ele>
      </trkpt>
      <trkpt lat="36.71806" lon="-118.29689">
        <ele>2339.0</ele>
      </trkpt>
      <trkpt lat="36.71808" lon="-118.29691">
        <ele>2339.0</ele>
      </trkpt>
      <trkpt lat="36.71833" lon="-118.29657">
        <ele>2329.0</ele>
      </trkpt>
      <trkpt lat="36.71852" lon="-118.2964">
        <ele>2317.0</ele>
      </trkpt>
      <trkpt lat="36.71856" lon="-118.29633">
        <ele>2317.0</ele>
      </trkpt>
      <trkpt lat="36.71856" lon="-118.29648">
        <ele>2317.0</ele>
      </trkpt>
      <trkpt lat="36.71862" lon="-118.29658">
        <ele>2319.0</ele>
      </trkpt>
      <trkpt lat="36.71863" lon="-118.29663">
        <ele>2319.0</ele>
      </trkpt>
      <trkpt lat="36.71873" lon="-118.2965">
        <ele>2317.0</ele>
      </trkpt>
      <trkpt lat="36.71873" lon="-118.29637">
        <ele>2317.0</ele>
      </trkpt>
      <trkpt lat="36.71885" lon="-118.29611">
        <ele>2309.0</ele>
      </trkpt>
      <trkpt lat="36.71884" lon="-118.29598">
        <ele>2309.0</ele>
      </trkpt>
      <trkpt lat="36.71892" lon="-118.29587">
        <ele>2313.0</ele>
      </trkpt>
      <trkpt lat="36.71891" lon="-118.29583">
        <ele>2313.0</ele>
      </trkpt>
      <trkpt lat="36.71904" lon="-118.29577">
        <ele>2301.0</ele>
      </trkpt>
      <trkpt lat="36.71909" lon="-118.29571">
        <ele>2301.0</ele>
      </trkpt>
      <trkpt lat="36.71925" lon="-118.29531">
        <ele>2311.0</ele>
      </trkpt>
      <trkpt lat="36.71975" lon="-118.29484">
        <ele>2288.0</ele>
      </trkpt>
      <trkpt lat="36.71996" lon="-118.29431">
        <ele>2274.0</ele>
      </trkpt>
      <trkpt lat="36.72029" lon="-118.29408">
        <ele>2261.0</ele>
      </trkpt>
      <trkpt lat="36.72033" lon="-118.2941">
        <ele>2261.0</ele>
      </trkpt>
      <trkpt lat="36.72034" lon="-118.29416">
        <ele>2261.0</ele>
      </trkpt>
      <trkpt lat="36.7203" lon="-118.29418">
        <ele>2261.0</ele>
      </trkpt>
      <trkpt lat="36.72014" lon="-118.29446">
        <ele>2257.0</ele>
      </trkpt>
      <trkpt lat="36.72011" lon="-118.29465">
        <ele>2269.0</ele>
      </trkpt>
      <trkpt lat="36.72012" lon="-118.29489">
        <ele>2261.0</ele>
      </trkpt>
      <trkpt lat="36.72011" lon="-118.29495">
        <ele>2261.0</ele>
      </trkpt>
      <trkpt lat="36.72015" lon="-118.29538">
        <ele>2241.0</ele>
      </trkpt>
      <trkpt lat="36.72025" lon="-118.29548">
        <ele>2243.0</ele>
      </trkpt>
      <trkpt lat="36.72044" lon="-118.29553">
        <ele>2235.0</ele>
      </trkpt>
      <trkpt lat="36.72051" lon="-118.29569">
        <ele>2235.0</ele>
      </trkpt>
      <trkpt lat="36.72056" lon="-118.29591">
        <ele>2235.0</ele>
      </trkpt>
      <trkpt lat="36.72068" lon="-118.29581">
        <ele>2235.0</ele>
      </trkpt>
      <trkpt lat="36.72083" lon="-118.29552">
        <ele>2227.0</ele>
      </trkpt>
      <trkpt lat="36.72066" lon="-118.29533">
        <ele>2238.0</ele>
      </trkpt>
      <trkpt lat="36.72072" lon="-118.2953">
        <ele>2227.0</ele>
      </trkpt>
      <trkpt lat="36.72089" lon="-118.29538">
        <ele>2227.0</ele>
      </trkpt>
      <trkpt lat="36.72096" lon="-118.29547">
        <ele>2227.0</ele>
      </trkpt>
      <trkpt lat="36.72096" lon="-118.29575">
        <ele>2225.0</ele>
      </trkpt>
      <trkpt lat="36.72103" lon="-118.29569">
        <ele>2204.0</ele>
      </trkpt>
      <trkpt lat="36.72111" lon="-118.29554">
        <ele>2204.0</ele>
      </trkpt>
      <trkpt lat="36.72111" lon="-118.29525">
        <ele>2208.0</ele>
      </trkpt>
      <trkpt lat="36.72092" lon="-118.29504">
        <ele>2230.0</ele>
      </trkpt>
      <trkpt lat="36.72103" lon="-118.29507">
        <ele>2210.0</ele>
      </trkpt>
      <trkpt lat="36.72117" lon="-118.29519">
        <ele>2208.0</ele>
      </trkpt>
      <trkpt lat="36.72127" lon="-118.2954">
        <ele>2176.0</ele>
      </trkpt>
      <trkpt lat="36.72127" lon="-118.2954">
        <ele>2176.0</ele>
      </trkpt>
      <trkpt lat="36.72131" lon="-118.29547">
        <ele>2170.0</ele>
      </trkpt>
      <trkpt lat="36.72133" lon="-118.29542">
        <ele>2170.0</ele>
      </trkpt>
      <trkpt lat="36.7213" lon="-118.29516">
        <ele>2176.0</ele>
      </trkpt>
      <trkpt lat="36.72127" lon="-118.2951">
        <ele>2179.0</ele>
      </trkpt>
      <trkpt lat="36.72127" lon="-118.2951">
        <ele>2179.0</ele>
      </trkpt>
      <trkpt lat="36.72122" lon="-118.29496">
        <ele>2210.0</ele>
      </trkpt>
      <trkpt lat="36.72122" lon="-118.29487">
        <ele>2210.0</ele>
      </trkpt>
      <trkpt lat="36.72124" lon="-118.29485">
        <ele>2210.0</ele>
      </trkpt>
      <trkpt lat="36.72127" lon="-118.29493">
        <ele>2179.0</ele>
      </trkpt>
      <trkpt lat="36.72127" lon="-118.29493">
        <ele>2179.0</ele>
      </trkpt>
      <trkpt lat="36.72137" lon="-118.29498">
        <ele>2179.0</ele>
      </trkpt>
      <trkpt lat="36.72154" lon="-118.29532">
        <ele>2149.0</ele>
      </trkpt>
      <trkpt lat="36.72155" lon="-118.29568">
        <ele>2146.0</ele>
      </trkpt>
      <trkpt lat="36.7216" lon="-118.29571">
        <ele>2147.0</ele>
      </trkpt>
      <trkpt lat="36.72166" lon="-118.29556">
        <ele>2146.0</ele>
      </trkpt>
      <trkpt lat="36.72163" lon="-118.29539">
        <ele>2149.0</ele>
      </trkpt>
      <trkpt lat="36.72167" lon="-118.29525">
        <ele>2149.0</ele>
      </trkpt>
      <trkpt lat="36.72159" lon="-118.29505">
        <ele>2150.0</ele>
      </trkpt>
      <trkpt lat="36.72163" lon="-118.29485">
        <ele>2155.0</ele>
      </trkpt>
      <trkpt lat="36.72168" lon="-118.29502">
        <ele>2150.0</ele>
      </trkpt>
      <trkpt lat="36.72166" lon="-118.29484">
        <ele>2155.0</ele>
      </trkpt>
      <trkpt lat="36.72169" lon="-118.29483">
        <ele>2155.0</ele>
      </trkpt>
      <trkpt lat="36.7217" lon="-118.29502">
        <ele>2150.0</ele>
      </trkpt>
      <trkpt lat="36.72173" lon="-118.29483">
        <ele>2155.0</ele>
      </trkpt>
      <trkpt lat="36.72177" lon="-118.29484">
        <ele>2155.0</ele>
      </trkpt>
      <trkpt lat="36.72177" lon="-118.29498">
        <ele>2150.0</ele>
      </trkpt>
      <trkpt lat="36.72181" lon="-118.29494">
        <ele>2136.0</ele>
      </trkpt>
      <trkpt lat="36.72187" lon="-118.2948">
        <ele>2138.0</ele>
      </trkpt>
      <trkpt lat="36.7219" lon="-118.29481">
        <ele>2138.0</ele>
      </trkpt>
      <trkpt lat="36.7219" lon="-118.29494">
        <ele>2136.0</ele>
      </trkpt>
      <trkpt lat="36.72195" lon="-118.29494">
        <ele>2136.0</ele>
      </trkpt>
      <trkpt lat="36.72201" lon="-118.29475">
        <ele>2138.0</ele>
      </trkpt>
      <trkpt lat="36.72204" lon="-118.29474">
        <ele>2138.0</ele>
      </trkpt>
      <trkpt lat="36.72204" lon="-118.2949">
        <ele>2136.0</ele>
      </trkpt>
      <trkpt lat="36.72207" lon="-118.29498">
        <ele>2136.0</ele>
      </trkpt>
      <trkpt lat="36.72201" lon="-118.29512">
        <ele>2136.0</ele>
      </trkpt>
      <trkpt lat="36.72203" lon="-118.29516">
        <ele>2137.0</ele>
      </trkpt>
      <trkpt lat="36.72209" lon="-118.29516">
        <ele>2128.0</ele>
      </trkpt>
      <trkpt lat="36.72228" lon="-118.29498">
        <ele>2126.0</ele>
      </trkpt>
      <trkpt lat="36.72229" lon="-118.2949">
        <ele>2126.0</ele>
      </trkpt>
      <trkpt lat="36.72226" lon="-118.29485">
        <ele>2124.0</ele>
      </trkpt>
      <trkpt lat="36.72229" lon="-118.29469">
        <ele>2124.0</ele>
      </trkpt>
      <trkpt lat="36.72235" lon="-118.29455">
        <ele>2125.0</ele>
      </trkpt>
      <trkpt lat="36.7224" lon="-118.29477">
        <ele>2111.0</ele>
      </trkpt>
      <trkpt lat="36.72243" lon="-118.29475">
        <ele>2111.0</ele>
      </trkpt>
      <trkpt lat="36.72246" lon="-118.29464">
        <ele>2111.0</ele>
      </trkpt>
      <trkpt lat="36.72254" lon="-118.2947">
        <ele>2111.0</ele>
      </trkpt>
      <trkpt lat="36.72264" lon="-118.29463">
        <ele>2115.0</ele>
      </trkpt>
      <trkpt lat="36.72267" lon="-118.29449">
        <ele>2109.0</ele>
      </trkpt>
      <trkpt lat="36.72277" lon="-118.2943">
        <ele>2103.0</ele>
      </trkpt>
      <trkpt lat="36.72277" lon="-118.29427">
        <ele>2103.0</ele>
      </trkpt>
      <trkpt lat="36.72266" lon="-118.29434">
        <ele>2109.0</ele>
      </trkpt>
      <trkpt lat="36.72266" lon="-118.29432">
        <ele>2109.0</ele>
      </trkpt>
      <trkpt lat="36.72291" lon="-118.29391">
        <ele>2100.0</ele>
      </trkpt>
      <trkpt lat="36.72298" lon="-118.29374">
        <ele>2094.0</ele>
      </trkpt>
      <trkpt lat="36.72321" lon="-118.2926">
        <ele>2108.0</ele>
      </trkpt>
      <trkpt lat="36.72318" lon="-118.29245">
        <ele>2112.0</ele>
      </trkpt>
      <trkpt lat="36.72321" lon="-118.29232">
        <ele>2101.0</ele>
      </trkpt>
      <trkpt lat="36.7233" lon="-118.29214">
        <ele>2101.0</ele>
      </trkpt>
      <trkpt lat="36.72355" lon="-118.29177">
        <ele>2116.0</ele>
      </trkpt>
      <trkpt lat="36.72386" lon="-118.29171">
        <ele>2108.0</ele>
      </trkpt>
      <trkpt lat="36.72409" lon="-118.29162">
        <ele>2095.0</ele>
      </trkpt>
      <trkpt lat="36.72435" lon="-118.29156">
        <ele>2087.0</ele>
      </trkpt>
      <trkpt lat="36.7245" lon="-118.29149">
        <ele>2083.0</ele>
      </trkpt>
      <trkpt lat="36.72462" lon="-118.29132">
        <ele>2085.0</ele>
      </trkpt>
      <trkpt lat="36.72468" lon="-118.29104">
        <ele>2086.0</ele>
      </trkpt>
      <trkpt lat="36.72472" lon="-118.29059">
        <ele>2093.0</ele>
      </trkpt>
      <trkpt lat="36.7247020036841" lon="-118.290506017193">
        <ele>2093.0</ele>
      </trkpt>
      <trkpt lat="36.7247020036841" lon="-118.290506017193">
        <ele>2093.0</ele>
      </trkpt>
      <trkpt lat="36.72469" lon="-118.29045">
        <ele>2093.0</ele>
      </trkpt>
      <trkpt lat="36.7247" lon="-118.29028">
        <ele>2084.0</ele>
      </trkpt>
      <trkpt lat="36.72467" lon="-118.29005">
        <ele>2072.0</ele>
      </trkpt>
      <trkpt lat="36.72479" lon="-118.2899">
        <ele>2072.0</ele>
      </trkpt>
      <trkpt lat="36.72481" lon="-118.28983">
        <ele>2057.0</ele>
      </trkpt>
      <trkpt lat="36.72479" lon="-118.28974">
        <ele>2057.0</ele>
      </trkpt>
      <trkpt lat="36.72484" lon="-118.2896">
        <ele>2057.0</ele>
      </trkpt>
      <trkpt lat="36.725" lon="-118.28952">
        <ele>2046.0</ele>
      </trkpt>
      <trkpt lat="36.72503" lon="-118.28946">
        <ele>2046.0</ele>
      </trkpt>
      <trkpt lat="36.72499" lon="-118.28915">
        <ele>2042.0</ele>
      </trkpt>
      <trkpt lat="36.725" lon="-118.28865">
        <ele>2037.0</ele>
      </trkpt>
      <trkpt lat="36.72493" lon="-118.28852">
        <ele>2037.0</ele>
      </trkpt>
      <trkpt lat="36.72429" lon="-118.28787">
        <ele>2023.0</ele>
      </trkpt>
      <trkpt lat="36.72421" lon="-118.28769">
        <ele>2023.0</ele>
      </trkpt>
      <trkpt lat="36.72412" lon="-118.28762">
        <ele>2019.0</ele>
      </trkpt>
      <trkpt lat="36.72407" lon="-118.28751">
        <ele>2019.0</ele>
      </trkpt>
      <trkpt lat="36.72408" lon="-118.28721">
        <ele>2018.0</ele>
      </trkpt>
      <trkpt lat="36.72404" lon="-118.28714">
        <ele>2018.0</ele>
      </trkpt>
      <trkpt lat="36.72406" lon="-118.2869">
        <ele>2013.0</ele>
      </trkpt>
      <trkpt lat="36.72401" lon="-118.28656">
        <ele>2017.0</ele>
      </trkpt>
      <trkpt lat="36.72404" lon="-118.2865">
        <ele>2001.0</ele>
      </trkpt>
      <trkpt lat="36.72404" lon="-118.28632">
        <ele>2001.0</ele>
      </trkpt>
      <trkpt lat="36.72412" lon="-118.28615">
        <ele>1997.0</ele>
      </trkpt>
      <trkpt lat="36.72419" lon="-118.28577">
        <ele>2004.0</ele>
      </trkpt>
      <trkpt lat="36.72405" lon="-118.28559">
        <ele>2006.0</ele>
      </trkpt>
      <trkpt lat="36.72399" lon="-118.28545">
        <ele>2003.0</ele>
      </trkpt>
      <trkpt lat="36.724" lon="-118.28537">
        <ele>2002.0</ele>
      </trkpt>
      <trkpt lat="36.72392" lon="-118.28524">
        <ele>2002.0</ele>
      </trkpt>
      <trkpt lat="36.72404" lon="-118.28442">
        <ele>1986.0</ele>
      </trkpt>
      <trkpt lat="36.7241" lon="-118.28428">
        <ele>1985.0</ele>
      </trkpt>
      <trkpt lat="36.7241" lon="-118.28417">
        <ele>1985.0</ele>
      </trkpt>
      <trkpt lat="36.72423" lon="-118.28344">
        <ele>1988.0</ele>
      </trkpt>
      <trkpt lat="36.7243" lon="-118.28335">
        <ele>1988.0</ele>
      </trkpt>
      <trkpt lat="36.7243" lon="-118.28325">
        <ele>1988.0</ele>
      </trkpt>
      <trkpt lat="36.72435" lon="-118.28313">
        <ele>1977.0</ele>
      </trkpt>
      <trkpt lat="36.72441" lon="-118.2828">
        <ele>1975.0</ele>
      </trkpt>
      <trkpt lat="36.72438" lon="-118.28257">
        <ele>1968.0</ele>
      </trkpt>
      <trkpt lat="36.72449" lon="-118.28236">
        <ele>1968.0</ele>
      </trkpt>
      <trkpt lat="36.72452" lon="-118.2822">
        <ele>1968.0</ele>
      </trkpt>
      <trkpt lat="36.72482" lon="-118.28157">
        <ele>1960.0</ele>
      </trkpt>
      <trkpt lat="36.72499" lon="-118.28113">
        <ele>1957.0</ele>
      </trkpt>
      <trkpt lat="36.72499" lon="-118.28113">
        <ele>1957.0</ele>
      </trkpt>
      <trkpt lat="36.72499" lon="-118.28113">
        <ele>1957.0</ele>
      </trkpt>
      <trkpt lat="36.72501" lon="-118.2808">
        <ele>1962.0</ele>
      </trkpt>
      <trkpt lat="36.72553" lon="-118.28032">
        <ele>1959.0</ele>
      </trkpt>
      <trkpt lat="36.72583" lon="-118.28019">
        <ele>1946.0</ele>
      </trkpt>
      <trkpt lat="36.72616" lon="-118.2798">
        <ele>1943.0</ele>
      </trkpt>
      <trkpt lat="36.7265260544676" lon="-118.27945781865">
        <ele>1943.0</ele>
      </trkpt>
      <trkpt lat="36.7265260544676" lon="-118.27945781865">
        <ele>1943.0</ele>
      </trkpt>
      <trkpt lat="36.72662" lon="-118.27937">
        <ele>1933.0</ele>
      </trkpt>
      <trkpt lat="36.72664" lon="-118.27926">
        <ele>1934.0</ele>
      </trkpt>
      <trkpt lat="36.72673" lon="-118.27922">
        <ele>1934.0</ele>
      </trkpt>
      <trkpt lat="36.7268" lon="-118.27913">
        <ele>1934.0</ele>
      </trkpt>
      <trkpt lat="36.72692" lon="-118.27907">
        <ele>1923.0</ele>
      </trkpt>
      <trkpt lat="36.72699" lon="-118.27897">
        <ele>1923.0</ele>
      </trkpt>
      <trkpt lat="36.72699" lon="-118.27897">
        <ele>1923.0</ele>
      </trkpt>
      <trkpt lat="36.7270073255456" lon="-118.278948676252">
        <ele>1923.0</ele>
      </trkpt>
    </trkseg>
  </trk>
</gpx>
