<?xml version="1.0" encoding="UTF-8"?>
<gpx xmlns:xsi="http://www.w3.org/2001/XMLSchema-instance" version="1.1" creator="The Outbound Collective, Inc. 1.1.1 -- https://www.theoutbound.com" xsi:schemaLocation="http://www.topografix.com/GPX/1/1 http://www.topografix.com/GPX/1/1/gpx.xsd">
  <metadata>
    <name/>
    <time>2026-02-19T21:52:15+00:00</time>
    <bound minlat="38.84819" minlon="-120.23909" maxlat="38.95859" maxlon="-120.1838"/>
  </metadata>
  <trk>
    <name/>
    <trkseg>
      <trkpt lat="38.8482476772507" lon="-120.239009857178">
        <ele>2127.0</ele>
      </trkpt>
      <trkpt lat="38.8482184123134" lon="-120.239017576945">
        <ele>2127.0</ele>
      </trkpt>
      <trkpt lat="38.84819" lon="-120.23884">
        <ele>2127.0</ele>
      </trkpt>
      <trkpt lat="38.84824" lon="-120.23862">
        <ele>2127.0</ele>
      </trkpt>
      <trkpt lat="38.84832" lon="-120.23845">
        <ele>2128.0</ele>
      </trkpt>
      <trkpt lat="38.84847" lon="-120.23828">
        <ele>2128.0</ele>
      </trkpt>
      <trkpt lat="38.84863" lon="-120.23815">
        <ele>2130.0</ele>
      </trkpt>
      <trkpt lat="38.84878" lon="-120.2379">
        <ele>2134.0</ele>
      </trkpt>
      <trkpt lat="38.84884" lon="-120.23785">
        <ele>2134.0</ele>
      </trkpt>
      <trkpt lat="38.84912" lon="-120.23785">
        <ele>2137.0</ele>
      </trkpt>
      <trkpt lat="38.84916" lon="-120.23782">
        <ele>2137.0</ele>
      </trkpt>
      <trkpt lat="38.8492" lon="-120.23766">
        <ele>2137.0</ele>
      </trkpt>
      <trkpt lat="38.84943" lon="-120.23749">
        <ele>2140.0</ele>
      </trkpt>
      <trkpt lat="38.84951" lon="-120.23751">
        <ele>2140.0</ele>
      </trkpt>
      <trkpt lat="38.84955" lon="-120.23757">
        <ele>2140.0</ele>
      </trkpt>
      <trkpt lat="38.84969" lon="-120.23756">
        <ele>2141.0</ele>
      </trkpt>
      <trkpt lat="38.84987" lon="-120.23734">
        <ele>2143.0</ele>
      </trkpt>
      <trkpt lat="38.85014" lon="-120.23724">
        <ele>2142.0</ele>
      </trkpt>
      <trkpt lat="38.85032" lon="-120.23712">
        <ele>2142.0</ele>
      </trkpt>
      <trkpt lat="38.85036" lon="-120.23707">
        <ele>2142.0</ele>
      </trkpt>
      <trkpt lat="38.85037" lon="-120.23693">
        <ele>2142.0</ele>
      </trkpt>
      <trkpt lat="38.85039" lon="-120.23688">
        <ele>2142.0</ele>
      </trkpt>
      <trkpt lat="38.85073" lon="-120.23684">
        <ele>2142.0</ele>
      </trkpt>
      <trkpt lat="38.85085" lon="-120.23694">
        <ele>2142.0</ele>
      </trkpt>
      <trkpt lat="38.85146" lon="-120.23694">
        <ele>2140.0</ele>
      </trkpt>
      <trkpt lat="38.85172" lon="-120.23683">
        <ele>2140.0</ele>
      </trkpt>
      <trkpt lat="38.85209" lon="-120.23698">
        <ele>2143.0</ele>
      </trkpt>
      <trkpt lat="38.85242" lon="-120.23699">
        <ele>2144.0</ele>
      </trkpt>
      <trkpt lat="38.85269" lon="-120.23704">
        <ele>2143.0</ele>
      </trkpt>
      <trkpt lat="38.85277" lon="-120.23707">
        <ele>2143.0</ele>
      </trkpt>
      <trkpt lat="38.85296" lon="-120.23727">
        <ele>2146.0</ele>
      </trkpt>
      <trkpt lat="38.85333" lon="-120.23739">
        <ele>2146.0</ele>
      </trkpt>
      <trkpt lat="38.85366" lon="-120.23724">
        <ele>2147.0</ele>
      </trkpt>
      <trkpt lat="38.85371" lon="-120.23724">
        <ele>2147.0</ele>
      </trkpt>
      <trkpt lat="38.85415" lon="-120.23709">
        <ele>2148.0</ele>
      </trkpt>
      <trkpt lat="38.85419" lon="-120.2371">
        <ele>2148.0</ele>
      </trkpt>
      <trkpt lat="38.85422" lon="-120.23717">
        <ele>2148.0</ele>
      </trkpt>
      <trkpt lat="38.8543" lon="-120.23724">
        <ele>2148.0</ele>
      </trkpt>
      <trkpt lat="38.85449" lon="-120.23729">
        <ele>2148.0</ele>
      </trkpt>
      <trkpt lat="38.85502" lon="-120.23728">
        <ele>2151.0</ele>
      </trkpt>
      <trkpt lat="38.85511" lon="-120.23723">
        <ele>2151.0</ele>
      </trkpt>
      <trkpt lat="38.85534" lon="-120.23727">
        <ele>2153.0</ele>
      </trkpt>
      <trkpt lat="38.85552" lon="-120.2374">
        <ele>2152.0</ele>
      </trkpt>
      <trkpt lat="38.85562" lon="-120.23741">
        <ele>2152.0</ele>
      </trkpt>
      <trkpt lat="38.8556981956685" lon="-120.237384587398">
        <ele>2152.0</ele>
      </trkpt>
      <trkpt lat="38.8556981956685" lon="-120.237384587398">
        <ele>2152.0</ele>
      </trkpt>
      <trkpt lat="38.85602" lon="-120.23728">
        <ele>2152.0</ele>
      </trkpt>
      <trkpt lat="38.85631" lon="-120.23712">
        <ele>2153.0</ele>
      </trkpt>
      <trkpt lat="38.85631" lon="-120.23712">
        <ele>2153.0</ele>
      </trkpt>
      <trkpt lat="38.85631" lon="-120.23712">
        <ele>2153.0</ele>
      </trkpt>
      <trkpt lat="38.85642" lon="-120.237">
        <ele>2152.0</ele>
      </trkpt>
      <trkpt lat="38.85645" lon="-120.2369">
        <ele>2152.0</ele>
      </trkpt>
      <trkpt lat="38.85645" lon="-120.23655">
        <ele>2151.0</ele>
      </trkpt>
      <trkpt lat="38.8565" lon="-120.23619">
        <ele>2148.0</ele>
      </trkpt>
      <trkpt lat="38.85654" lon="-120.23605">
        <ele>2150.0</ele>
      </trkpt>
      <trkpt lat="38.85682" lon="-120.23566">
        <ele>2149.0</ele>
      </trkpt>
      <trkpt lat="38.85682" lon="-120.23566">
        <ele>2149.0</ele>
      </trkpt>
      <trkpt lat="38.85691" lon="-120.23542">
        <ele>2149.0</ele>
      </trkpt>
      <trkpt lat="38.85699" lon="-120.23508">
        <ele>2151.0</ele>
      </trkpt>
      <trkpt lat="38.85699" lon="-120.23496">
        <ele>2151.0</ele>
      </trkpt>
      <trkpt lat="38.85705" lon="-120.23481">
        <ele>2153.0</ele>
      </trkpt>
      <trkpt lat="38.85706" lon="-120.23475">
        <ele>2153.0</ele>
      </trkpt>
      <trkpt lat="38.857" lon="-120.23472">
        <ele>2153.0</ele>
      </trkpt>
      <trkpt lat="38.85687" lon="-120.23453">
        <ele>2154.0</ele>
      </trkpt>
      <trkpt lat="38.8568609661704" lon="-120.234403526386">
        <ele>2154.0</ele>
      </trkpt>
      <trkpt lat="38.85688" lon="-120.23438">
        <ele>2154.0</ele>
      </trkpt>
      <trkpt lat="38.85696" lon="-120.23434">
        <ele>2154.0</ele>
      </trkpt>
      <trkpt lat="38.85701" lon="-120.23428">
        <ele>2156.0</ele>
      </trkpt>
      <trkpt lat="38.85697" lon="-120.234">
        <ele>2158.0</ele>
      </trkpt>
      <trkpt lat="38.85703" lon="-120.23382">
        <ele>2158.0</ele>
      </trkpt>
      <trkpt lat="38.85717" lon="-120.23366">
        <ele>2157.0</ele>
      </trkpt>
      <trkpt lat="38.85736" lon="-120.23352">
        <ele>2157.0</ele>
      </trkpt>
      <trkpt lat="38.85759" lon="-120.23319">
        <ele>2160.0</ele>
      </trkpt>
      <trkpt lat="38.85769" lon="-120.2331">
        <ele>2159.0</ele>
      </trkpt>
      <trkpt lat="38.85773" lon="-120.23289">
        <ele>2161.0</ele>
      </trkpt>
      <trkpt lat="38.85784" lon="-120.23259">
        <ele>2163.0</ele>
      </trkpt>
      <trkpt lat="38.85799" lon="-120.23203">
        <ele>2163.0</ele>
      </trkpt>
      <trkpt lat="38.85799" lon="-120.23203">
        <ele>2163.0</ele>
      </trkpt>
      <trkpt lat="38.85799" lon="-120.23203">
        <ele>2163.0</ele>
      </trkpt>
      <trkpt lat="38.8579" lon="-120.2316">
        <ele>2158.0</ele>
      </trkpt>
      <trkpt lat="38.85781" lon="-120.2314">
        <ele>2155.0</ele>
      </trkpt>
      <trkpt lat="38.85781" lon="-120.23117">
        <ele>2152.0</ele>
      </trkpt>
      <trkpt lat="38.8579" lon="-120.23086">
        <ele>2148.0</ele>
      </trkpt>
      <trkpt lat="38.8582" lon="-120.23017">
        <ele>2140.0</ele>
      </trkpt>
      <trkpt lat="38.85842" lon="-120.22994">
        <ele>2139.0</ele>
      </trkpt>
      <trkpt lat="38.85857" lon="-120.22986">
        <ele>2140.0</ele>
      </trkpt>
      <trkpt lat="38.85898" lon="-120.2298">
        <ele>2141.0</ele>
      </trkpt>
      <trkpt lat="38.86" lon="-120.22916">
        <ele>2126.0</ele>
      </trkpt>
      <trkpt lat="38.86" lon="-120.22916">
        <ele>2126.0</ele>
      </trkpt>
      <trkpt lat="38.86" lon="-120.22916">
        <ele>2126.0</ele>
      </trkpt>
      <trkpt lat="38.86047" lon="-120.22916">
        <ele>2122.0</ele>
      </trkpt>
      <trkpt lat="38.86073" lon="-120.22912">
        <ele>2123.0</ele>
      </trkpt>
      <trkpt lat="38.86124" lon="-120.22921">
        <ele>2127.0</ele>
      </trkpt>
      <trkpt lat="38.86179" lon="-120.22917">
        <ele>2128.0</ele>
      </trkpt>
      <trkpt lat="38.86228" lon="-120.22936">
        <ele>2132.0</ele>
      </trkpt>
      <trkpt lat="38.86256" lon="-120.22945">
        <ele>2135.0</ele>
      </trkpt>
      <trkpt lat="38.86275" lon="-120.22942">
        <ele>2137.0</ele>
      </trkpt>
      <trkpt lat="38.86308" lon="-120.22933">
        <ele>2140.0</ele>
      </trkpt>
      <trkpt lat="38.86326" lon="-120.22923">
        <ele>2143.0</ele>
      </trkpt>
      <trkpt lat="38.86353" lon="-120.2292">
        <ele>2150.0</ele>
      </trkpt>
      <trkpt lat="38.86362" lon="-120.22911">
        <ele>2150.0</ele>
      </trkpt>
      <trkpt lat="38.86383" lon="-120.22883">
        <ele>2150.0</ele>
      </trkpt>
      <trkpt lat="38.864" lon="-120.22877">
        <ele>2150.0</ele>
      </trkpt>
      <trkpt lat="38.86405" lon="-120.22864">
        <ele>2154.0</ele>
      </trkpt>
      <trkpt lat="38.86409" lon="-120.22827">
        <ele>2157.0</ele>
      </trkpt>
      <trkpt lat="38.86418" lon="-120.22796">
        <ele>2161.0</ele>
      </trkpt>
      <trkpt lat="38.86427" lon="-120.22796">
        <ele>2161.0</ele>
      </trkpt>
      <trkpt lat="38.86458" lon="-120.22782">
        <ele>2167.0</ele>
      </trkpt>
      <trkpt lat="38.86468" lon="-120.22785">
        <ele>2166.0</ele>
      </trkpt>
      <trkpt lat="38.8647909045243" lon="-120.227947856933">
        <ele>2166.0</ele>
      </trkpt>
      <trkpt lat="38.8647909045704" lon="-120.227947856933">
        <ele>2166.0</ele>
      </trkpt>
      <trkpt lat="38.86485" lon="-120.228">
        <ele>2166.0</ele>
      </trkpt>
      <trkpt lat="38.86491" lon="-120.22811">
        <ele>2166.0</ele>
      </trkpt>
      <trkpt lat="38.86487" lon="-120.22836">
        <ele>2170.0</ele>
      </trkpt>
      <trkpt lat="38.86488" lon="-120.22839">
        <ele>2170.0</ele>
      </trkpt>
      <trkpt lat="38.86497" lon="-120.22841">
        <ele>2170.0</ele>
      </trkpt>
      <trkpt lat="38.86541" lon="-120.22832">
        <ele>2175.0</ele>
      </trkpt>
      <trkpt lat="38.86552" lon="-120.22848">
        <ele>2183.0</ele>
      </trkpt>
      <trkpt lat="38.86557" lon="-120.22851">
        <ele>2183.0</ele>
      </trkpt>
      <trkpt lat="38.86584" lon="-120.22855">
        <ele>2182.0</ele>
      </trkpt>
      <trkpt lat="38.86607" lon="-120.22853">
        <ele>2182.0</ele>
      </trkpt>
      <trkpt lat="38.86617" lon="-120.22856">
        <ele>2182.0</ele>
      </trkpt>
      <trkpt lat="38.86617" lon="-120.22856">
        <ele>2182.0</ele>
      </trkpt>
      <trkpt lat="38.86649" lon="-120.22807">
        <ele>2186.0</ele>
      </trkpt>
      <trkpt lat="38.86663" lon="-120.228">
        <ele>2191.0</ele>
      </trkpt>
      <trkpt lat="38.86672" lon="-120.22771">
        <ele>2192.0</ele>
      </trkpt>
      <trkpt lat="38.86676" lon="-120.22738">
        <ele>2193.0</ele>
      </trkpt>
      <trkpt lat="38.8668" lon="-120.22725">
        <ele>2195.0</ele>
      </trkpt>
      <trkpt lat="38.86686" lon="-120.22692">
        <ele>2203.0</ele>
      </trkpt>
      <trkpt lat="38.8669" lon="-120.22682">
        <ele>2203.0</ele>
      </trkpt>
      <trkpt lat="38.867" lon="-120.22679">
        <ele>2204.0</ele>
      </trkpt>
      <trkpt lat="38.86705" lon="-120.22681">
        <ele>2203.0</ele>
      </trkpt>
      <trkpt lat="38.86711" lon="-120.22676">
        <ele>2205.0</ele>
      </trkpt>
      <trkpt lat="38.86716" lon="-120.22659">
        <ele>2205.0</ele>
      </trkpt>
      <trkpt lat="38.86748" lon="-120.22605">
        <ele>2211.0</ele>
      </trkpt>
      <trkpt lat="38.86789" lon="-120.22506">
        <ele>2217.0</ele>
      </trkpt>
      <trkpt lat="38.86793" lon="-120.22469">
        <ele>2212.0</ele>
      </trkpt>
      <trkpt lat="38.86791" lon="-120.22462">
        <ele>2219.0</ele>
      </trkpt>
      <trkpt lat="38.86792" lon="-120.22456">
        <ele>2214.0</ele>
      </trkpt>
      <trkpt lat="38.86797" lon="-120.2244">
        <ele>2214.0</ele>
      </trkpt>
      <trkpt lat="38.8681" lon="-120.2237">
        <ele>2215.0</ele>
      </trkpt>
      <trkpt lat="38.86816" lon="-120.22326">
        <ele>2216.0</ele>
      </trkpt>
      <trkpt lat="38.86815" lon="-120.22307">
        <ele>2216.0</ele>
      </trkpt>
      <trkpt lat="38.86827" lon="-120.22258">
        <ele>2221.0</ele>
      </trkpt>
      <trkpt lat="38.86832" lon="-120.22247">
        <ele>2221.0</ele>
      </trkpt>
      <trkpt lat="38.86858" lon="-120.22228">
        <ele>2222.0</ele>
      </trkpt>
      <trkpt lat="38.86864" lon="-120.22219">
        <ele>2222.0</ele>
      </trkpt>
      <trkpt lat="38.86869" lon="-120.222">
        <ele>2225.0</ele>
      </trkpt>
      <trkpt lat="38.86876" lon="-120.22194">
        <ele>2222.0</ele>
      </trkpt>
      <trkpt lat="38.86891" lon="-120.22191">
        <ele>2222.0</ele>
      </trkpt>
      <trkpt lat="38.86895" lon="-120.22186">
        <ele>2222.0</ele>
      </trkpt>
      <trkpt lat="38.86902" lon="-120.22148">
        <ele>2217.0</ele>
      </trkpt>
      <trkpt lat="38.86918" lon="-120.22138">
        <ele>2214.0</ele>
      </trkpt>
      <trkpt lat="38.86925" lon="-120.22123">
        <ele>2214.0</ele>
      </trkpt>
      <trkpt lat="38.86925" lon="-120.22123">
        <ele>2214.0</ele>
      </trkpt>
      <trkpt lat="38.86925" lon="-120.22123">
        <ele>2214.0</ele>
      </trkpt>
      <trkpt lat="38.86951" lon="-120.2214">
        <ele>2212.0</ele>
      </trkpt>
      <trkpt lat="38.86977" lon="-120.2214">
        <ele>2209.0</ele>
      </trkpt>
      <trkpt lat="38.87001" lon="-120.22155">
        <ele>2206.0</ele>
      </trkpt>
      <trkpt lat="38.87029" lon="-120.22158">
        <ele>2208.0</ele>
      </trkpt>
      <trkpt lat="38.87041" lon="-120.22168">
        <ele>2208.0</ele>
      </trkpt>
      <trkpt lat="38.87064" lon="-120.22174">
        <ele>2208.0</ele>
      </trkpt>
      <trkpt lat="38.8707" lon="-120.2218">
        <ele>2210.0</ele>
      </trkpt>
      <trkpt lat="38.87094" lon="-120.22238">
        <ele>2214.0</ele>
      </trkpt>
      <trkpt lat="38.8711" lon="-120.22252">
        <ele>2216.0</ele>
      </trkpt>
      <trkpt lat="38.87136" lon="-120.22268">
        <ele>2213.0</ele>
      </trkpt>
      <trkpt lat="38.87139" lon="-120.22285">
        <ele>2213.0</ele>
      </trkpt>
      <trkpt lat="38.87145" lon="-120.22299">
        <ele>2213.0</ele>
      </trkpt>
      <trkpt lat="38.8715" lon="-120.22303">
        <ele>2213.0</ele>
      </trkpt>
      <trkpt lat="38.87155" lon="-120.22298">
        <ele>2216.0</ele>
      </trkpt>
      <trkpt lat="38.87181" lon="-120.22246">
        <ele>2221.0</ele>
      </trkpt>
      <trkpt lat="38.8719" lon="-120.22233">
        <ele>2221.0</ele>
      </trkpt>
      <trkpt lat="38.87203" lon="-120.22223">
        <ele>2221.0</ele>
      </trkpt>
      <trkpt lat="38.8723" lon="-120.22207">
        <ele>2224.0</ele>
      </trkpt>
      <trkpt lat="38.87249" lon="-120.22201">
        <ele>2229.0</ele>
      </trkpt>
      <trkpt lat="38.87265" lon="-120.22203">
        <ele>2236.0</ele>
      </trkpt>
      <trkpt lat="38.87265" lon="-120.22201">
        <ele>2236.0</ele>
      </trkpt>
      <trkpt lat="38.87286" lon="-120.22206">
        <ele>2236.0</ele>
      </trkpt>
      <trkpt lat="38.87305" lon="-120.22197">
        <ele>2240.0</ele>
      </trkpt>
      <trkpt lat="38.87312" lon="-120.22188">
        <ele>2240.0</ele>
      </trkpt>
      <trkpt lat="38.87321" lon="-120.22183">
        <ele>2249.0</ele>
      </trkpt>
      <trkpt lat="38.87354" lon="-120.22173">
        <ele>2253.0</ele>
      </trkpt>
      <trkpt lat="38.8736" lon="-120.22169">
        <ele>2253.0</ele>
      </trkpt>
      <trkpt lat="38.87371" lon="-120.22154">
        <ele>2253.0</ele>
      </trkpt>
      <trkpt lat="38.8738" lon="-120.22147">
        <ele>2257.0</ele>
      </trkpt>
      <trkpt lat="38.87393" lon="-120.22145">
        <ele>2257.0</ele>
      </trkpt>
      <trkpt lat="38.87393" lon="-120.22145">
        <ele>2257.0</ele>
      </trkpt>
      <trkpt lat="38.87423" lon="-120.22134">
        <ele>2257.0</ele>
      </trkpt>
      <trkpt lat="38.87468" lon="-120.22148">
        <ele>2252.0</ele>
      </trkpt>
      <trkpt lat="38.87504" lon="-120.22185">
        <ele>2262.0</ele>
      </trkpt>
      <trkpt lat="38.8751" lon="-120.22198">
        <ele>2262.0</ele>
      </trkpt>
      <trkpt lat="38.87546" lon="-120.22239">
        <ele>2264.0</ele>
      </trkpt>
      <trkpt lat="38.87566" lon="-120.22242">
        <ele>2264.0</ele>
      </trkpt>
      <trkpt lat="38.87582" lon="-120.2225">
        <ele>2263.0</ele>
      </trkpt>
      <trkpt lat="38.87624" lon="-120.22258">
        <ele>2264.0</ele>
      </trkpt>
      <trkpt lat="38.87634" lon="-120.2227">
        <ele>2262.0</ele>
      </trkpt>
      <trkpt lat="38.87649" lon="-120.22271">
        <ele>2262.0</ele>
      </trkpt>
      <trkpt lat="38.87687" lon="-120.22284">
        <ele>2267.0</ele>
      </trkpt>
      <trkpt lat="38.87692" lon="-120.22289">
        <ele>2267.0</ele>
      </trkpt>
      <trkpt lat="38.87701" lon="-120.22307">
        <ele>2263.0</ele>
      </trkpt>
      <trkpt lat="38.87702" lon="-120.22315">
        <ele>2263.0</ele>
      </trkpt>
      <trkpt lat="38.87699" lon="-120.22326">
        <ele>2261.0</ele>
      </trkpt>
      <trkpt lat="38.87702" lon="-120.22338">
        <ele>2261.0</ele>
      </trkpt>
      <trkpt lat="38.87706" lon="-120.22349">
        <ele>2258.0</ele>
      </trkpt>
      <trkpt lat="38.87713" lon="-120.22354">
        <ele>2252.0</ele>
      </trkpt>
      <trkpt lat="38.87731" lon="-120.22342">
        <ele>2259.0</ele>
      </trkpt>
      <trkpt lat="38.87741" lon="-120.22342">
        <ele>2255.0</ele>
      </trkpt>
      <trkpt lat="38.87745" lon="-120.22355">
        <ele>2247.0</ele>
      </trkpt>
      <trkpt lat="38.87751" lon="-120.22361">
        <ele>2247.0</ele>
      </trkpt>
      <trkpt lat="38.87758" lon="-120.22362">
        <ele>2247.0</ele>
      </trkpt>
      <trkpt lat="38.8778" lon="-120.22352">
        <ele>2243.0</ele>
      </trkpt>
      <trkpt lat="38.87833" lon="-120.2234">
        <ele>2247.0</ele>
      </trkpt>
      <trkpt lat="38.87864" lon="-120.22319">
        <ele>2248.0</ele>
      </trkpt>
      <trkpt lat="38.87872" lon="-120.22323">
        <ele>2243.0</ele>
      </trkpt>
      <trkpt lat="38.8788" lon="-120.22336">
        <ele>2241.0</ele>
      </trkpt>
      <trkpt lat="38.87913" lon="-120.22333">
        <ele>2233.0</ele>
      </trkpt>
      <trkpt lat="38.87946" lon="-120.22315">
        <ele>2230.0</ele>
      </trkpt>
      <trkpt lat="38.87985" lon="-120.223">
        <ele>2227.0</ele>
      </trkpt>
      <trkpt lat="38.88016" lon="-120.22279">
        <ele>2227.0</ele>
      </trkpt>
      <trkpt lat="38.88024" lon="-120.2228">
        <ele>2227.0</ele>
      </trkpt>
      <trkpt lat="38.88048" lon="-120.22297">
        <ele>2221.0</ele>
      </trkpt>
      <trkpt lat="38.88051" lon="-120.22298">
        <ele>2221.0</ele>
      </trkpt>
      <trkpt lat="38.88061" lon="-120.22291">
        <ele>2224.0</ele>
      </trkpt>
      <trkpt lat="38.88067" lon="-120.22291">
        <ele>2224.0</ele>
      </trkpt>
      <trkpt lat="38.88108" lon="-120.22307">
        <ele>2223.0</ele>
      </trkpt>
      <trkpt lat="38.88141" lon="-120.22313">
        <ele>2224.0</ele>
      </trkpt>
      <trkpt lat="38.88185" lon="-120.22285">
        <ele>2231.0</ele>
      </trkpt>
      <trkpt lat="38.88226" lon="-120.22244">
        <ele>2232.0</ele>
      </trkpt>
      <trkpt lat="38.88244" lon="-120.22222">
        <ele>2232.0</ele>
      </trkpt>
      <trkpt lat="38.88278" lon="-120.22199">
        <ele>2232.0</ele>
      </trkpt>
      <trkpt lat="38.88301" lon="-120.2217">
        <ele>2236.0</ele>
      </trkpt>
      <trkpt lat="38.88307" lon="-120.22147">
        <ele>2240.0</ele>
      </trkpt>
      <trkpt lat="38.88303" lon="-120.22125">
        <ele>2244.0</ele>
      </trkpt>
      <trkpt lat="38.88312" lon="-120.22097">
        <ele>2248.0</ele>
      </trkpt>
      <trkpt lat="38.88313" lon="-120.22086">
        <ele>2248.0</ele>
      </trkpt>
      <trkpt lat="38.88313" lon="-120.22051">
        <ele>2250.0</ele>
      </trkpt>
      <trkpt lat="38.88305" lon="-120.2203">
        <ele>2253.0</ele>
      </trkpt>
      <trkpt lat="38.88307" lon="-120.22009">
        <ele>2254.0</ele>
      </trkpt>
      <trkpt lat="38.88311" lon="-120.22001">
        <ele>2254.0</ele>
      </trkpt>
      <trkpt lat="38.88329" lon="-120.21991">
        <ele>2251.0</ele>
      </trkpt>
      <trkpt lat="38.8834" lon="-120.21972">
        <ele>2250.0</ele>
      </trkpt>
      <trkpt lat="38.88348" lon="-120.21964">
        <ele>2247.0</ele>
      </trkpt>
      <trkpt lat="38.88364" lon="-120.21965">
        <ele>2247.0</ele>
      </trkpt>
      <trkpt lat="38.88401" lon="-120.21981">
        <ele>2248.0</ele>
      </trkpt>
      <trkpt lat="38.88422" lon="-120.21975">
        <ele>2252.0</ele>
      </trkpt>
      <trkpt lat="38.88438" lon="-120.21977">
        <ele>2254.0</ele>
      </trkpt>
      <trkpt lat="38.88451" lon="-120.21984">
        <ele>2254.0</ele>
      </trkpt>
      <trkpt lat="38.88466" lon="-120.21986">
        <ele>2251.0</ele>
      </trkpt>
      <trkpt lat="38.88479" lon="-120.21984">
        <ele>2251.0</ele>
      </trkpt>
      <trkpt lat="38.885" lon="-120.21969">
        <ele>2252.0</ele>
      </trkpt>
      <trkpt lat="38.88513" lon="-120.21963">
        <ele>2252.0</ele>
      </trkpt>
      <trkpt lat="38.8854" lon="-120.21963">
        <ele>2254.0</ele>
      </trkpt>
      <trkpt lat="38.88566" lon="-120.21967">
        <ele>2253.0</ele>
      </trkpt>
      <trkpt lat="38.88577" lon="-120.21961">
        <ele>2254.0</ele>
      </trkpt>
      <trkpt lat="38.88581" lon="-120.21956">
        <ele>2255.0</ele>
      </trkpt>
      <trkpt lat="38.88582" lon="-120.21942">
        <ele>2255.0</ele>
      </trkpt>
      <trkpt lat="38.88591" lon="-120.21933">
        <ele>2255.0</ele>
      </trkpt>
      <trkpt lat="38.88609" lon="-120.21924">
        <ele>2260.0</ele>
      </trkpt>
      <trkpt lat="38.88631" lon="-120.21902">
        <ele>2267.0</ele>
      </trkpt>
      <trkpt lat="38.88651" lon="-120.21894">
        <ele>2267.0</ele>
      </trkpt>
      <trkpt lat="38.88657" lon="-120.21886">
        <ele>2269.0</ele>
      </trkpt>
      <trkpt lat="38.8866" lon="-120.21868">
        <ele>2270.0</ele>
      </trkpt>
      <trkpt lat="38.88657" lon="-120.21849">
        <ele>2270.0</ele>
      </trkpt>
      <trkpt lat="38.88648" lon="-120.21834">
        <ele>2276.0</ele>
      </trkpt>
      <trkpt lat="38.88638" lon="-120.21827">
        <ele>2276.0</ele>
      </trkpt>
      <trkpt lat="38.88632" lon="-120.21834">
        <ele>2276.0</ele>
      </trkpt>
      <trkpt lat="38.88626" lon="-120.21835">
        <ele>2276.0</ele>
      </trkpt>
      <trkpt lat="38.88624" lon="-120.21832">
        <ele>2278.0</ele>
      </trkpt>
      <trkpt lat="38.88624" lon="-120.21823">
        <ele>2278.0</ele>
      </trkpt>
      <trkpt lat="38.88628" lon="-120.21811">
        <ele>2278.0</ele>
      </trkpt>
      <trkpt lat="38.88642" lon="-120.2179">
        <ele>2279.0</ele>
      </trkpt>
      <trkpt lat="38.88651" lon="-120.21781">
        <ele>2279.0</ele>
      </trkpt>
      <trkpt lat="38.88656" lon="-120.2178">
        <ele>2277.0</ele>
      </trkpt>
      <trkpt lat="38.88664" lon="-120.21784">
        <ele>2277.0</ele>
      </trkpt>
      <trkpt lat="38.88675" lon="-120.21784">
        <ele>2277.0</ele>
      </trkpt>
      <trkpt lat="38.88688" lon="-120.21778">
        <ele>2277.0</ele>
      </trkpt>
      <trkpt lat="38.887" lon="-120.21758">
        <ele>2277.0</ele>
      </trkpt>
      <trkpt lat="38.88743" lon="-120.21713">
        <ele>2274.0</ele>
      </trkpt>
      <trkpt lat="38.8875266725718" lon="-120.217005706693">
        <ele>2277.0</ele>
      </trkpt>
      <trkpt lat="38.8875266725718" lon="-120.217005706693">
        <ele>2277.0</ele>
      </trkpt>
      <trkpt lat="38.88764" lon="-120.21686">
        <ele>2277.0</ele>
      </trkpt>
      <trkpt lat="38.88765" lon="-120.2167">
        <ele>2281.0</ele>
      </trkpt>
      <trkpt lat="38.88759" lon="-120.2164">
        <ele>2287.0</ele>
      </trkpt>
      <trkpt lat="38.88754" lon="-120.21636">
        <ele>2287.0</ele>
      </trkpt>
      <trkpt lat="38.88733" lon="-120.21627">
        <ele>2286.0</ele>
      </trkpt>
      <trkpt lat="38.88726" lon="-120.2162">
        <ele>2292.0</ele>
      </trkpt>
      <trkpt lat="38.88723" lon="-120.21611">
        <ele>2292.0</ele>
      </trkpt>
      <trkpt lat="38.88727" lon="-120.21605">
        <ele>2292.0</ele>
      </trkpt>
      <trkpt lat="38.88753" lon="-120.21603">
        <ele>2294.0</ele>
      </trkpt>
      <trkpt lat="38.88761" lon="-120.21599">
        <ele>2294.0</ele>
      </trkpt>
      <trkpt lat="38.8876" lon="-120.21592">
        <ele>2299.0</ele>
      </trkpt>
      <trkpt lat="38.88757" lon="-120.21587">
        <ele>2299.0</ele>
      </trkpt>
      <trkpt lat="38.8874" lon="-120.21572">
        <ele>2299.0</ele>
      </trkpt>
      <trkpt lat="38.88739" lon="-120.21568">
        <ele>2304.0</ele>
      </trkpt>
      <trkpt lat="38.88739" lon="-120.21565">
        <ele>2304.0</ele>
      </trkpt>
      <trkpt lat="38.88742" lon="-120.21564">
        <ele>2304.0</ele>
      </trkpt>
      <trkpt lat="38.88752" lon="-120.21565">
        <ele>2304.0</ele>
      </trkpt>
      <trkpt lat="38.88759" lon="-120.21556">
        <ele>2304.0</ele>
      </trkpt>
      <trkpt lat="38.88752" lon="-120.21545">
        <ele>2304.0</ele>
      </trkpt>
      <trkpt lat="38.88752" lon="-120.21536">
        <ele>2311.0</ele>
      </trkpt>
      <trkpt lat="38.8876" lon="-120.21536">
        <ele>2311.0</ele>
      </trkpt>
      <trkpt lat="38.88764" lon="-120.2154">
        <ele>2320.0</ele>
      </trkpt>
      <trkpt lat="38.88767" lon="-120.21536">
        <ele>2320.0</ele>
      </trkpt>
      <trkpt lat="38.8877" lon="-120.21515">
        <ele>2320.0</ele>
      </trkpt>
      <trkpt lat="38.8878" lon="-120.21506">
        <ele>2324.0</ele>
      </trkpt>
      <trkpt lat="38.8879" lon="-120.21485">
        <ele>2325.0</ele>
      </trkpt>
      <trkpt lat="38.88793" lon="-120.21484">
        <ele>2330.0</ele>
      </trkpt>
      <trkpt lat="38.88802" lon="-120.21492">
        <ele>2328.0</ele>
      </trkpt>
      <trkpt lat="38.88808" lon="-120.2149">
        <ele>2328.0</ele>
      </trkpt>
      <trkpt lat="38.8883" lon="-120.21457">
        <ele>2332.0</ele>
      </trkpt>
      <trkpt lat="38.88846" lon="-120.2144">
        <ele>2332.0</ele>
      </trkpt>
      <trkpt lat="38.88861" lon="-120.21419">
        <ele>2338.0</ele>
      </trkpt>
      <trkpt lat="38.88916" lon="-120.2138">
        <ele>2343.0</ele>
      </trkpt>
      <trkpt lat="38.8892" lon="-120.21368">
        <ele>2341.0</ele>
      </trkpt>
      <trkpt lat="38.88914" lon="-120.21353">
        <ele>2341.0</ele>
      </trkpt>
      <trkpt lat="38.88915" lon="-120.21348">
        <ele>2341.0</ele>
      </trkpt>
      <trkpt lat="38.88922" lon="-120.21341">
        <ele>2342.0</ele>
      </trkpt>
      <trkpt lat="38.8893" lon="-120.2132">
        <ele>2342.0</ele>
      </trkpt>
      <trkpt lat="38.88931" lon="-120.21311">
        <ele>2342.0</ele>
      </trkpt>
      <trkpt lat="38.88923" lon="-120.21284">
        <ele>2340.0</ele>
      </trkpt>
      <trkpt lat="38.88927" lon="-120.21269">
        <ele>2340.0</ele>
      </trkpt>
      <trkpt lat="38.88944" lon="-120.21251">
        <ele>2339.0</ele>
      </trkpt>
      <trkpt lat="38.88979" lon="-120.2124">
        <ele>2341.0</ele>
      </trkpt>
      <trkpt lat="38.88979" lon="-120.2124">
        <ele>2341.0</ele>
      </trkpt>
      <trkpt lat="38.89019" lon="-120.2119">
        <ele>2346.0</ele>
      </trkpt>
      <trkpt lat="38.89032" lon="-120.21164">
        <ele>2345.0</ele>
      </trkpt>
      <trkpt lat="38.89053" lon="-120.21152">
        <ele>2344.0</ele>
      </trkpt>
      <trkpt lat="38.89068" lon="-120.21131">
        <ele>2344.0</ele>
      </trkpt>
      <trkpt lat="38.89103" lon="-120.21101">
        <ele>2344.0</ele>
      </trkpt>
      <trkpt lat="38.89103" lon="-120.21101">
        <ele>2344.0</ele>
      </trkpt>
      <trkpt lat="38.89114" lon="-120.21094">
        <ele>2342.0</ele>
      </trkpt>
      <trkpt lat="38.89128" lon="-120.21089">
        <ele>2345.0</ele>
      </trkpt>
      <trkpt lat="38.89171" lon="-120.21059">
        <ele>2344.0</ele>
      </trkpt>
      <trkpt lat="38.89186" lon="-120.21041">
        <ele>2338.0</ele>
      </trkpt>
      <trkpt lat="38.89213" lon="-120.21017">
        <ele>2339.0</ele>
      </trkpt>
      <trkpt lat="38.89217" lon="-120.21007">
        <ele>2336.0</ele>
      </trkpt>
      <trkpt lat="38.89216" lon="-120.20998">
        <ele>2336.0</ele>
      </trkpt>
      <trkpt lat="38.89222" lon="-120.20952">
        <ele>2334.0</ele>
      </trkpt>
      <trkpt lat="38.8923" lon="-120.20939">
        <ele>2334.0</ele>
      </trkpt>
      <trkpt lat="38.89249" lon="-120.20922">
        <ele>2337.0</ele>
      </trkpt>
      <trkpt lat="38.89258" lon="-120.20918">
        <ele>2337.0</ele>
      </trkpt>
      <trkpt lat="38.89285" lon="-120.20929">
        <ele>2342.0</ele>
      </trkpt>
      <trkpt lat="38.893" lon="-120.2093">
        <ele>2345.0</ele>
      </trkpt>
      <trkpt lat="38.89316" lon="-120.20921">
        <ele>2345.0</ele>
      </trkpt>
      <trkpt lat="38.89326" lon="-120.20902">
        <ele>2348.0</ele>
      </trkpt>
      <trkpt lat="38.8934" lon="-120.20888">
        <ele>2348.0</ele>
      </trkpt>
      <trkpt lat="38.89349" lon="-120.20884">
        <ele>2353.0</ele>
      </trkpt>
      <trkpt lat="38.89371" lon="-120.20891">
        <ele>2353.0</ele>
      </trkpt>
      <trkpt lat="38.89381" lon="-120.20888">
        <ele>2360.0</ele>
      </trkpt>
      <trkpt lat="38.89403" lon="-120.20867">
        <ele>2367.0</ele>
      </trkpt>
      <trkpt lat="38.89423" lon="-120.20858">
        <ele>2367.0</ele>
      </trkpt>
      <trkpt lat="38.89436" lon="-120.20847">
        <ele>2367.0</ele>
      </trkpt>
      <trkpt lat="38.89437" lon="-120.20842">
        <ele>2367.0</ele>
      </trkpt>
      <trkpt lat="38.8943" lon="-120.20827">
        <ele>2366.0</ele>
      </trkpt>
      <trkpt lat="38.89432" lon="-120.20813">
        <ele>2366.0</ele>
      </trkpt>
      <trkpt lat="38.89441" lon="-120.20804">
        <ele>2366.0</ele>
      </trkpt>
      <trkpt lat="38.89456" lon="-120.20806">
        <ele>2366.0</ele>
      </trkpt>
      <trkpt lat="38.8949" lon="-120.20829">
        <ele>2378.0</ele>
      </trkpt>
      <trkpt lat="38.8952" lon="-120.2083">
        <ele>2383.0</ele>
      </trkpt>
      <trkpt lat="38.89558" lon="-120.20787">
        <ele>2385.0</ele>
      </trkpt>
      <trkpt lat="38.89579" lon="-120.20773">
        <ele>2388.0</ele>
      </trkpt>
      <trkpt lat="38.89594" lon="-120.20759">
        <ele>2383.0</ele>
      </trkpt>
      <trkpt lat="38.8962" lon="-120.20728">
        <ele>2382.0</ele>
      </trkpt>
      <trkpt lat="38.89634" lon="-120.20699">
        <ele>2391.0</ele>
      </trkpt>
      <trkpt lat="38.8964" lon="-120.20695">
        <ele>2391.0</ele>
      </trkpt>
      <trkpt lat="38.89646" lon="-120.20685">
        <ele>2391.0</ele>
      </trkpt>
      <trkpt lat="38.89648" lon="-120.20676">
        <ele>2392.0</ele>
      </trkpt>
      <trkpt lat="38.89644" lon="-120.20658">
        <ele>2392.0</ele>
      </trkpt>
      <trkpt lat="38.89649" lon="-120.20645">
        <ele>2395.0</ele>
      </trkpt>
      <trkpt lat="38.89662" lon="-120.20635">
        <ele>2405.0</ele>
      </trkpt>
      <trkpt lat="38.89672" lon="-120.20634">
        <ele>2405.0</ele>
      </trkpt>
      <trkpt lat="38.89695" lon="-120.20613">
        <ele>2413.0</ele>
      </trkpt>
      <trkpt lat="38.89702" lon="-120.206">
        <ele>2413.0</ele>
      </trkpt>
      <trkpt lat="38.89705" lon="-120.20571">
        <ele>2413.0</ele>
      </trkpt>
      <trkpt lat="38.8971" lon="-120.20563">
        <ele>2421.0</ele>
      </trkpt>
      <trkpt lat="38.89728" lon="-120.20563">
        <ele>2421.0</ele>
      </trkpt>
      <trkpt lat="38.89737" lon="-120.20555">
        <ele>2429.0</ele>
      </trkpt>
      <trkpt lat="38.89743" lon="-120.20546">
        <ele>2429.0</ele>
      </trkpt>
      <trkpt lat="38.89745" lon="-120.20535">
        <ele>2430.0</ele>
      </trkpt>
      <trkpt lat="38.89745" lon="-120.20488">
        <ele>2431.0</ele>
      </trkpt>
      <trkpt lat="38.89752" lon="-120.20466">
        <ele>2431.0</ele>
      </trkpt>
      <trkpt lat="38.89746" lon="-120.20446">
        <ele>2431.0</ele>
      </trkpt>
      <trkpt lat="38.89739" lon="-120.20436">
        <ele>2431.0</ele>
      </trkpt>
      <trkpt lat="38.89739" lon="-120.20428">
        <ele>2430.0</ele>
      </trkpt>
      <trkpt lat="38.89744" lon="-120.20422">
        <ele>2430.0</ele>
      </trkpt>
      <trkpt lat="38.89749" lon="-120.20421">
        <ele>2430.0</ele>
      </trkpt>
      <trkpt lat="38.89762" lon="-120.20402">
        <ele>2425.0</ele>
      </trkpt>
      <trkpt lat="38.89775" lon="-120.20389">
        <ele>2435.0</ele>
      </trkpt>
      <trkpt lat="38.89784" lon="-120.20387">
        <ele>2435.0</ele>
      </trkpt>
      <trkpt lat="38.89838" lon="-120.2036">
        <ele>2445.0</ele>
      </trkpt>
      <trkpt lat="38.8985" lon="-120.20357">
        <ele>2449.0</ele>
      </trkpt>
      <trkpt lat="38.89853" lon="-120.20365">
        <ele>2449.0</ele>
      </trkpt>
      <trkpt lat="38.89853" lon="-120.2038">
        <ele>2452.0</ele>
      </trkpt>
      <trkpt lat="38.89869" lon="-120.20373">
        <ele>2449.0</ele>
      </trkpt>
      <trkpt lat="38.89864" lon="-120.20387">
        <ele>2452.0</ele>
      </trkpt>
      <trkpt lat="38.89895" lon="-120.20357">
        <ele>2453.0</ele>
      </trkpt>
      <trkpt lat="38.89903" lon="-120.20364">
        <ele>2461.0</ele>
      </trkpt>
      <trkpt lat="38.89911" lon="-120.20362">
        <ele>2461.0</ele>
      </trkpt>
      <trkpt lat="38.89926" lon="-120.20347">
        <ele>2455.0</ele>
      </trkpt>
      <trkpt lat="38.89937" lon="-120.20346">
        <ele>2464.0</ele>
      </trkpt>
      <trkpt lat="38.89937" lon="-120.20361">
        <ele>2473.0</ele>
      </trkpt>
      <trkpt lat="38.89944" lon="-120.20361">
        <ele>2473.0</ele>
      </trkpt>
      <trkpt lat="38.89946" lon="-120.20369">
        <ele>2473.0</ele>
      </trkpt>
      <trkpt lat="38.8994" lon="-120.2039">
        <ele>2481.0</ele>
      </trkpt>
      <trkpt lat="38.89931" lon="-120.20403">
        <ele>2486.0</ele>
      </trkpt>
      <trkpt lat="38.89941" lon="-120.20407">
        <ele>2486.0</ele>
      </trkpt>
      <trkpt lat="38.89953" lon="-120.20406">
        <ele>2486.0</ele>
      </trkpt>
      <trkpt lat="38.89978" lon="-120.20378">
        <ele>2489.0</ele>
      </trkpt>
      <trkpt lat="38.89979" lon="-120.20364">
        <ele>2483.0</ele>
      </trkpt>
      <trkpt lat="38.89987" lon="-120.20354">
        <ele>2496.0</ele>
      </trkpt>
      <trkpt lat="38.9003" lon="-120.2033">
        <ele>2502.0</ele>
      </trkpt>
      <trkpt lat="38.90042" lon="-120.20305">
        <ele>2516.0</ele>
      </trkpt>
      <trkpt lat="38.90058" lon="-120.20283">
        <ele>2510.0</ele>
      </trkpt>
      <trkpt lat="38.90077" lon="-120.20234">
        <ele>2514.0</ele>
      </trkpt>
      <trkpt lat="38.90083" lon="-120.20232">
        <ele>2514.0</ele>
      </trkpt>
      <trkpt lat="38.90088" lon="-120.20234">
        <ele>2514.0</ele>
      </trkpt>
      <trkpt lat="38.90096" lon="-120.2022">
        <ele>2514.0</ele>
      </trkpt>
      <trkpt lat="38.90099" lon="-120.20203">
        <ele>2534.0</ele>
      </trkpt>
      <trkpt lat="38.90106" lon="-120.202">
        <ele>2534.0</ele>
      </trkpt>
      <trkpt lat="38.90115" lon="-120.20202">
        <ele>2534.0</ele>
      </trkpt>
      <trkpt lat="38.90122" lon="-120.20181">
        <ele>2534.0</ele>
      </trkpt>
      <trkpt lat="38.90146" lon="-120.20147">
        <ele>2543.0</ele>
      </trkpt>
      <trkpt lat="38.90157" lon="-120.20136">
        <ele>2554.0</ele>
      </trkpt>
      <trkpt lat="38.90159" lon="-120.2012">
        <ele>2553.0</ele>
      </trkpt>
      <trkpt lat="38.9017" lon="-120.20098">
        <ele>2553.0</ele>
      </trkpt>
      <trkpt lat="38.90169" lon="-120.20079">
        <ele>2552.0</ele>
      </trkpt>
      <trkpt lat="38.90173" lon="-120.20063">
        <ele>2551.0</ele>
      </trkpt>
      <trkpt lat="38.90213" lon="-120.19995">
        <ele>2587.0</ele>
      </trkpt>
      <trkpt lat="38.90217" lon="-120.19973">
        <ele>2585.0</ele>
      </trkpt>
      <trkpt lat="38.9023" lon="-120.19946">
        <ele>2588.0</ele>
      </trkpt>
      <trkpt lat="38.90238" lon="-120.19873">
        <ele>2608.0</ele>
      </trkpt>
      <trkpt lat="38.90239" lon="-120.1984">
        <ele>2614.0</ele>
      </trkpt>
      <trkpt lat="38.90244" lon="-120.19809">
        <ele>2620.0</ele>
      </trkpt>
      <trkpt lat="38.90251" lon="-120.19797">
        <ele>2620.0</ele>
      </trkpt>
      <trkpt lat="38.90268" lon="-120.19782">
        <ele>2616.0</ele>
      </trkpt>
      <trkpt lat="38.90272" lon="-120.19775">
        <ele>2616.0</ele>
      </trkpt>
      <trkpt lat="38.90274" lon="-120.19763">
        <ele>2618.0</ele>
      </trkpt>
      <trkpt lat="38.90273" lon="-120.19747">
        <ele>2618.0</ele>
      </trkpt>
      <trkpt lat="38.90276" lon="-120.1974">
        <ele>2618.0</ele>
      </trkpt>
      <trkpt lat="38.9028" lon="-120.19741">
        <ele>2618.0</ele>
      </trkpt>
      <trkpt lat="38.90283" lon="-120.19738">
        <ele>2618.0</ele>
      </trkpt>
      <trkpt lat="38.90297" lon="-120.19696">
        <ele>2601.0</ele>
      </trkpt>
      <trkpt lat="38.90305" lon="-120.19681">
        <ele>2601.0</ele>
      </trkpt>
      <trkpt lat="38.90315" lon="-120.19674">
        <ele>2600.0</ele>
      </trkpt>
      <trkpt lat="38.90324" lon="-120.19663">
        <ele>2587.0</ele>
      </trkpt>
      <trkpt lat="38.90336" lon="-120.19664">
        <ele>2587.0</ele>
      </trkpt>
      <trkpt lat="38.90341" lon="-120.19653">
        <ele>2587.0</ele>
      </trkpt>
      <trkpt lat="38.90341" lon="-120.19643">
        <ele>2589.0</ele>
      </trkpt>
      <trkpt lat="38.90355" lon="-120.19637">
        <ele>2576.0</ele>
      </trkpt>
      <trkpt lat="38.90371" lon="-120.19602">
        <ele>2579.0</ele>
      </trkpt>
      <trkpt lat="38.90378" lon="-120.19579">
        <ele>2568.0</ele>
      </trkpt>
      <trkpt lat="38.90383" lon="-120.19573">
        <ele>2568.0</ele>
      </trkpt>
      <trkpt lat="38.90399" lon="-120.19568">
        <ele>2570.0</ele>
      </trkpt>
      <trkpt lat="38.9041" lon="-120.19555">
        <ele>2560.0</ele>
      </trkpt>
      <trkpt lat="38.90435" lon="-120.1954">
        <ele>2560.0</ele>
      </trkpt>
      <trkpt lat="38.90443" lon="-120.19542">
        <ele>2556.0</ele>
      </trkpt>
      <trkpt lat="38.9045" lon="-120.19553">
        <ele>2556.0</ele>
      </trkpt>
      <trkpt lat="38.9046" lon="-120.19561">
        <ele>2556.0</ele>
      </trkpt>
      <trkpt lat="38.90466" lon="-120.1956">
        <ele>2556.0</ele>
      </trkpt>
      <trkpt lat="38.90472" lon="-120.19549">
        <ele>2556.0</ele>
      </trkpt>
      <trkpt lat="38.90487" lon="-120.19541">
        <ele>2555.0</ele>
      </trkpt>
      <trkpt lat="38.90501" lon="-120.19521">
        <ele>2555.0</ele>
      </trkpt>
      <trkpt lat="38.90523" lon="-120.19476">
        <ele>2555.0</ele>
      </trkpt>
      <trkpt lat="38.90532" lon="-120.19472">
        <ele>2555.0</ele>
      </trkpt>
      <trkpt lat="38.90546" lon="-120.19458">
        <ele>2553.0</ele>
      </trkpt>
      <trkpt lat="38.90556" lon="-120.19442">
        <ele>2553.0</ele>
      </trkpt>
      <trkpt lat="38.90579" lon="-120.19391">
        <ele>2556.0</ele>
      </trkpt>
      <trkpt lat="38.90615" lon="-120.19362">
        <ele>2557.0</ele>
      </trkpt>
      <trkpt lat="38.90687" lon="-120.19318">
        <ele>2540.0</ele>
      </trkpt>
      <trkpt lat="38.90696" lon="-120.19308">
        <ele>2540.0</ele>
      </trkpt>
      <trkpt lat="38.90696" lon="-120.19308">
        <ele>2540.0</ele>
      </trkpt>
      <trkpt lat="38.90696" lon="-120.19308">
        <ele>2540.0</ele>
      </trkpt>
      <trkpt lat="38.90704" lon="-120.19309">
        <ele>2540.0</ele>
      </trkpt>
      <trkpt lat="38.90723" lon="-120.19321">
        <ele>2541.0</ele>
      </trkpt>
      <trkpt lat="38.90734" lon="-120.19326">
        <ele>2541.0</ele>
      </trkpt>
      <trkpt lat="38.90746" lon="-120.19326">
        <ele>2537.0</ele>
      </trkpt>
      <trkpt lat="38.90761" lon="-120.19332">
        <ele>2537.0</ele>
      </trkpt>
      <trkpt lat="38.90813" lon="-120.19327">
        <ele>2530.0</ele>
      </trkpt>
      <trkpt lat="38.90813" lon="-120.19327">
        <ele>2530.0</ele>
      </trkpt>
      <trkpt lat="38.90857" lon="-120.19328">
        <ele>2529.0</ele>
      </trkpt>
      <trkpt lat="38.90993" lon="-120.19311">
        <ele>2516.0</ele>
      </trkpt>
      <trkpt lat="38.91042" lon="-120.19311">
        <ele>2518.0</ele>
      </trkpt>
      <trkpt lat="38.9114" lon="-120.19303">
        <ele>2516.0</ele>
      </trkpt>
      <trkpt lat="38.91185" lon="-120.1933">
        <ele>2515.0</ele>
      </trkpt>
      <trkpt lat="38.91217" lon="-120.19357">
        <ele>2519.0</ele>
      </trkpt>
      <trkpt lat="38.91234" lon="-120.19376">
        <ele>2522.0</ele>
      </trkpt>
      <trkpt lat="38.91245" lon="-120.19411">
        <ele>2521.0</ele>
      </trkpt>
      <trkpt lat="38.91259" lon="-120.19422">
        <ele>2521.0</ele>
      </trkpt>
      <trkpt lat="38.91318" lon="-120.19451">
        <ele>2516.0</ele>
      </trkpt>
      <trkpt lat="38.91386" lon="-120.19503">
        <ele>2524.0</ele>
      </trkpt>
      <trkpt lat="38.91398" lon="-120.19507">
        <ele>2524.0</ele>
      </trkpt>
      <trkpt lat="38.91409" lon="-120.19518">
        <ele>2528.0</ele>
      </trkpt>
      <trkpt lat="38.91413" lon="-120.19538">
        <ele>2528.0</ele>
      </trkpt>
      <trkpt lat="38.91462" lon="-120.19601">
        <ele>2532.0</ele>
      </trkpt>
      <trkpt lat="38.91482" lon="-120.19623">
        <ele>2532.0</ele>
      </trkpt>
      <trkpt lat="38.91509" lon="-120.19643">
        <ele>2533.0</ele>
      </trkpt>
      <trkpt lat="38.91517" lon="-120.19656">
        <ele>2535.0</ele>
      </trkpt>
      <trkpt lat="38.91518" lon="-120.19674">
        <ele>2535.0</ele>
      </trkpt>
      <trkpt lat="38.91527" lon="-120.19687">
        <ele>2535.0</ele>
      </trkpt>
      <trkpt lat="38.91534" lon="-120.19688">
        <ele>2535.0</ele>
      </trkpt>
      <trkpt lat="38.91541" lon="-120.19723">
        <ele>2534.0</ele>
      </trkpt>
      <trkpt lat="38.9155" lon="-120.19733">
        <ele>2535.0</ele>
      </trkpt>
      <trkpt lat="38.91617" lon="-120.19781">
        <ele>2527.0</ele>
      </trkpt>
      <trkpt lat="38.91645" lon="-120.19806">
        <ele>2526.0</ele>
      </trkpt>
      <trkpt lat="38.91686" lon="-120.19829">
        <ele>2527.0</ele>
      </trkpt>
      <trkpt lat="38.91744" lon="-120.19843">
        <ele>2531.0</ele>
      </trkpt>
      <trkpt lat="38.9176" lon="-120.19823">
        <ele>2531.0</ele>
      </trkpt>
      <trkpt lat="38.918" lon="-120.19805">
        <ele>2529.0</ele>
      </trkpt>
      <trkpt lat="38.91821" lon="-120.19808">
        <ele>2523.0</ele>
      </trkpt>
      <trkpt lat="38.91821" lon="-120.19827">
        <ele>2522.0</ele>
      </trkpt>
      <trkpt lat="38.91824" lon="-120.19842">
        <ele>2522.0</ele>
      </trkpt>
      <trkpt lat="38.91835" lon="-120.19854">
        <ele>2523.0</ele>
      </trkpt>
      <trkpt lat="38.91842" lon="-120.19886">
        <ele>2524.0</ele>
      </trkpt>
      <trkpt lat="38.91834" lon="-120.19912">
        <ele>2525.0</ele>
      </trkpt>
      <trkpt lat="38.91819" lon="-120.19945">
        <ele>2525.0</ele>
      </trkpt>
      <trkpt lat="38.91821" lon="-120.19963">
        <ele>2525.0</ele>
      </trkpt>
      <trkpt lat="38.91848" lon="-120.19997">
        <ele>2526.0</ele>
      </trkpt>
      <trkpt lat="38.91856" lon="-120.20011">
        <ele>2526.0</ele>
      </trkpt>
      <trkpt lat="38.9185" lon="-120.20057">
        <ele>2528.0</ele>
      </trkpt>
      <trkpt lat="38.91854" lon="-120.20077">
        <ele>2532.0</ele>
      </trkpt>
      <trkpt lat="38.91867" lon="-120.20107">
        <ele>2536.0</ele>
      </trkpt>
      <trkpt lat="38.91903" lon="-120.20106">
        <ele>2544.0</ele>
      </trkpt>
      <trkpt lat="38.91919" lon="-120.2011">
        <ele>2544.0</ele>
      </trkpt>
      <trkpt lat="38.91974" lon="-120.20116">
        <ele>2553.0</ele>
      </trkpt>
      <trkpt lat="38.92004" lon="-120.20129">
        <ele>2557.0</ele>
      </trkpt>
      <trkpt lat="38.92033" lon="-120.20134">
        <ele>2557.0</ele>
      </trkpt>
      <trkpt lat="38.92068" lon="-120.20124">
        <ele>2553.0</ele>
      </trkpt>
      <trkpt lat="38.92122" lon="-120.20131">
        <ele>2558.0</ele>
      </trkpt>
      <trkpt lat="38.92146" lon="-120.20131">
        <ele>2555.0</ele>
      </trkpt>
      <trkpt lat="38.92188" lon="-120.20152">
        <ele>2549.0</ele>
      </trkpt>
      <trkpt lat="38.92193" lon="-120.20165">
        <ele>2553.0</ele>
      </trkpt>
      <trkpt lat="38.92193" lon="-120.20165">
        <ele>2553.0</ele>
      </trkpt>
      <trkpt lat="38.92193" lon="-120.20165">
        <ele>2553.0</ele>
      </trkpt>
      <trkpt lat="38.92206" lon="-120.20169">
        <ele>2553.0</ele>
      </trkpt>
      <trkpt lat="38.92209" lon="-120.20166">
        <ele>2554.0</ele>
      </trkpt>
      <trkpt lat="38.92237" lon="-120.20168">
        <ele>2557.0</ele>
      </trkpt>
      <trkpt lat="38.92287" lon="-120.20193">
        <ele>2560.0</ele>
      </trkpt>
      <trkpt lat="38.92304" lon="-120.20188">
        <ele>2559.0</ele>
      </trkpt>
      <trkpt lat="38.92319" lon="-120.2017">
        <ele>2556.0</ele>
      </trkpt>
      <trkpt lat="38.92344" lon="-120.20166">
        <ele>2552.0</ele>
      </trkpt>
      <trkpt lat="38.92364" lon="-120.20168">
        <ele>2549.0</ele>
      </trkpt>
      <trkpt lat="38.9237" lon="-120.20179">
        <ele>2549.0</ele>
      </trkpt>
      <trkpt lat="38.9239" lon="-120.20181">
        <ele>2539.0</ele>
      </trkpt>
      <trkpt lat="38.92394" lon="-120.20215">
        <ele>2539.0</ele>
      </trkpt>
      <trkpt lat="38.92407" lon="-120.20255">
        <ele>2530.0</ele>
      </trkpt>
      <trkpt lat="38.92407" lon="-120.20271">
        <ele>2528.0</ele>
      </trkpt>
      <trkpt lat="38.92419" lon="-120.20313">
        <ele>2525.0</ele>
      </trkpt>
      <trkpt lat="38.92419" lon="-120.20339">
        <ele>2522.0</ele>
      </trkpt>
      <trkpt lat="38.92421" lon="-120.20361">
        <ele>2521.0</ele>
      </trkpt>
      <trkpt lat="38.92421" lon="-120.20361">
        <ele>2521.0</ele>
      </trkpt>
      <trkpt lat="38.92428" lon="-120.20382">
        <ele>2519.0</ele>
      </trkpt>
      <trkpt lat="38.92428" lon="-120.20382">
        <ele>2519.0</ele>
      </trkpt>
      <trkpt lat="38.92422" lon="-120.20409">
        <ele>2518.0</ele>
      </trkpt>
      <trkpt lat="38.92422" lon="-120.20421">
        <ele>2518.0</ele>
      </trkpt>
      <trkpt lat="38.92425" lon="-120.20429">
        <ele>2518.0</ele>
      </trkpt>
      <trkpt lat="38.92439" lon="-120.20436">
        <ele>2509.0</ele>
      </trkpt>
      <trkpt lat="38.9246" lon="-120.20458">
        <ele>2500.0</ele>
      </trkpt>
      <trkpt lat="38.92478" lon="-120.20485">
        <ele>2497.0</ele>
      </trkpt>
      <trkpt lat="38.92482" lon="-120.20516">
        <ele>2491.0</ele>
      </trkpt>
      <trkpt lat="38.92523" lon="-120.20514">
        <ele>2480.0</ele>
      </trkpt>
      <trkpt lat="38.92523" lon="-120.20514">
        <ele>2480.0</ele>
      </trkpt>
      <trkpt lat="38.92529" lon="-120.20525">
        <ele>2480.0</ele>
      </trkpt>
      <trkpt lat="38.92523" lon="-120.20547">
        <ele>2477.0</ele>
      </trkpt>
      <trkpt lat="38.92523" lon="-120.20547">
        <ele>2477.0</ele>
      </trkpt>
      <trkpt lat="38.92514" lon="-120.20563">
        <ele>2477.0</ele>
      </trkpt>
      <trkpt lat="38.92502" lon="-120.2057">
        <ele>2476.0</ele>
      </trkpt>
      <trkpt lat="38.92523" lon="-120.20579">
        <ele>2471.0</ele>
      </trkpt>
      <trkpt lat="38.92523" lon="-120.20579">
        <ele>2471.0</ele>
      </trkpt>
      <trkpt lat="38.92544" lon="-120.2058">
        <ele>2465.0</ele>
      </trkpt>
      <trkpt lat="38.9255" lon="-120.20603">
        <ele>2458.0</ele>
      </trkpt>
      <trkpt lat="38.92567" lon="-120.20623">
        <ele>2458.0</ele>
      </trkpt>
      <trkpt lat="38.92624" lon="-120.20661">
        <ele>2439.0</ele>
      </trkpt>
      <trkpt lat="38.92647" lon="-120.2066">
        <ele>2433.0</ele>
      </trkpt>
      <trkpt lat="38.92689" lon="-120.20671">
        <ele>2416.0</ele>
      </trkpt>
      <trkpt lat="38.92689" lon="-120.20671">
        <ele>2416.0</ele>
      </trkpt>
      <trkpt lat="38.92689" lon="-120.20671">
        <ele>2416.0</ele>
      </trkpt>
      <trkpt lat="38.92711" lon="-120.20647">
        <ele>2412.0</ele>
      </trkpt>
      <trkpt lat="38.9273786761429" lon="-120.206286811721">
        <ele>2406.0</ele>
      </trkpt>
      <trkpt lat="38.92738" lon="-120.20629">
        <ele>2406.0</ele>
      </trkpt>
      <trkpt lat="38.92766" lon="-120.20639">
        <ele>2401.0</ele>
      </trkpt>
      <trkpt lat="38.92775" lon="-120.20638">
        <ele>2401.0</ele>
      </trkpt>
      <trkpt lat="38.92775" lon="-120.20638">
        <ele>2401.0</ele>
      </trkpt>
      <trkpt lat="38.92812" lon="-120.20663">
        <ele>2402.0</ele>
      </trkpt>
      <trkpt lat="38.92819" lon="-120.20665">
        <ele>2402.0</ele>
      </trkpt>
      <trkpt lat="38.92827473531" lon="-120.20663459358">
        <ele>2402.0</ele>
      </trkpt>
      <trkpt lat="38.9283" lon="-120.20663">
        <ele>2402.0</ele>
      </trkpt>
      <trkpt lat="38.9283" lon="-120.20663">
        <ele>2402.0</ele>
      </trkpt>
      <trkpt lat="38.92819" lon="-120.20665">
        <ele>2402.0</ele>
      </trkpt>
      <trkpt lat="38.92812" lon="-120.20663">
        <ele>2402.0</ele>
      </trkpt>
      <trkpt lat="38.927883006348" lon="-120.206469869154">
        <ele>2401.0</ele>
      </trkpt>
      <trkpt lat="38.9278830065702" lon="-120.206469869154">
        <ele>2401.0</ele>
      </trkpt>
      <trkpt lat="38.92775" lon="-120.20638">
        <ele>2401.0</ele>
      </trkpt>
      <trkpt lat="38.92775" lon="-120.20638">
        <ele>2401.0</ele>
      </trkpt>
      <trkpt lat="38.92766" lon="-120.20639">
        <ele>2401.0</ele>
      </trkpt>
      <trkpt lat="38.92738" lon="-120.20629">
        <ele>2406.0</ele>
      </trkpt>
      <trkpt lat="38.9273786761429" lon="-120.206286811721">
        <ele>2406.0</ele>
      </trkpt>
      <trkpt lat="38.92711" lon="-120.20647">
        <ele>2412.0</ele>
      </trkpt>
      <trkpt lat="38.92689" lon="-120.20671">
        <ele>2416.0</ele>
      </trkpt>
      <trkpt lat="38.92689" lon="-120.20671">
        <ele>2416.0</ele>
      </trkpt>
      <trkpt lat="38.92675" lon="-120.20696">
        <ele>2424.0</ele>
      </trkpt>
      <trkpt lat="38.92661" lon="-120.20735">
        <ele>2422.0</ele>
      </trkpt>
      <trkpt lat="38.92633" lon="-120.20761">
        <ele>2422.0</ele>
      </trkpt>
      <trkpt lat="38.92623" lon="-120.20764">
        <ele>2416.0</ele>
      </trkpt>
      <trkpt lat="38.92611" lon="-120.20779">
        <ele>2416.0</ele>
      </trkpt>
      <trkpt lat="38.92599" lon="-120.20788">
        <ele>2416.0</ele>
      </trkpt>
      <trkpt lat="38.92588" lon="-120.20791">
        <ele>2420.0</ele>
      </trkpt>
      <trkpt lat="38.92566" lon="-120.20784">
        <ele>2434.0</ele>
      </trkpt>
      <trkpt lat="38.92552" lon="-120.20793">
        <ele>2436.0</ele>
      </trkpt>
      <trkpt lat="38.92545" lon="-120.20802">
        <ele>2436.0</ele>
      </trkpt>
      <trkpt lat="38.9254" lon="-120.20802">
        <ele>2450.0</ele>
      </trkpt>
      <trkpt lat="38.9253" lon="-120.20792">
        <ele>2450.0</ele>
      </trkpt>
      <trkpt lat="38.92526" lon="-120.20799">
        <ele>2450.0</ele>
      </trkpt>
      <trkpt lat="38.92533" lon="-120.20849">
        <ele>2457.0</ele>
      </trkpt>
      <trkpt lat="38.92533" lon="-120.20919">
        <ele>2468.0</ele>
      </trkpt>
      <trkpt lat="38.92536" lon="-120.20936">
        <ele>2473.0</ele>
      </trkpt>
      <trkpt lat="38.92552" lon="-120.20956">
        <ele>2460.0</ele>
      </trkpt>
      <trkpt lat="38.92554" lon="-120.20959">
        <ele>2465.0</ele>
      </trkpt>
      <trkpt lat="38.92553" lon="-120.20966">
        <ele>2465.0</ele>
      </trkpt>
      <trkpt lat="38.92557" lon="-120.20977">
        <ele>2465.0</ele>
      </trkpt>
      <trkpt lat="38.92575" lon="-120.21005">
        <ele>2461.0</ele>
      </trkpt>
      <trkpt lat="38.92592" lon="-120.21076">
        <ele>2488.0</ele>
      </trkpt>
      <trkpt lat="38.92601" lon="-120.21093">
        <ele>2474.0</ele>
      </trkpt>
      <trkpt lat="38.92632" lon="-120.21122">
        <ele>2470.0</ele>
      </trkpt>
      <trkpt lat="38.92625" lon="-120.21136">
        <ele>2491.0</ele>
      </trkpt>
      <trkpt lat="38.92629" lon="-120.21169">
        <ele>2483.0</ele>
      </trkpt>
      <trkpt lat="38.9264" lon="-120.21195">
        <ele>2492.0</ele>
      </trkpt>
      <trkpt lat="38.9265" lon="-120.21207">
        <ele>2492.0</ele>
      </trkpt>
      <trkpt lat="38.92654" lon="-120.21216">
        <ele>2493.0</ele>
      </trkpt>
      <trkpt lat="38.92649" lon="-120.2124">
        <ele>2515.0</ele>
      </trkpt>
      <trkpt lat="38.92649" lon="-120.2124">
        <ele>2515.0</ele>
      </trkpt>
      <trkpt lat="38.92646" lon="-120.2125">
        <ele>2515.0</ele>
      </trkpt>
      <trkpt lat="38.92647" lon="-120.21261">
        <ele>2515.0</ele>
      </trkpt>
      <trkpt lat="38.92661" lon="-120.21294">
        <ele>2516.0</ele>
      </trkpt>
      <trkpt lat="38.92669" lon="-120.21301">
        <ele>2516.0</ele>
      </trkpt>
      <trkpt lat="38.92675" lon="-120.21343">
        <ele>2519.0</ele>
      </trkpt>
      <trkpt lat="38.92688" lon="-120.21389">
        <ele>2524.0</ele>
      </trkpt>
      <trkpt lat="38.92683" lon="-120.21394">
        <ele>2524.0</ele>
      </trkpt>
      <trkpt lat="38.92669" lon="-120.21401">
        <ele>2532.0</ele>
      </trkpt>
      <trkpt lat="38.92661" lon="-120.21414">
        <ele>2543.0</ele>
      </trkpt>
      <trkpt lat="38.92667" lon="-120.21428">
        <ele>2543.0</ele>
      </trkpt>
      <trkpt lat="38.92694" lon="-120.21454">
        <ele>2544.0</ele>
      </trkpt>
      <trkpt lat="38.92701" lon="-120.21472">
        <ele>2552.0</ele>
      </trkpt>
      <trkpt lat="38.92715" lon="-120.21487">
        <ele>2552.0</ele>
      </trkpt>
      <trkpt lat="38.9273" lon="-120.21515">
        <ele>2559.0</ele>
      </trkpt>
      <trkpt lat="38.92743" lon="-120.21553">
        <ele>2569.0</ele>
      </trkpt>
      <trkpt lat="38.92771" lon="-120.21605">
        <ele>2586.0</ele>
      </trkpt>
      <trkpt lat="38.92775" lon="-120.21631">
        <ele>2593.0</ele>
      </trkpt>
      <trkpt lat="38.92795" lon="-120.21639">
        <ele>2596.0</ele>
      </trkpt>
      <trkpt lat="38.92808" lon="-120.2164">
        <ele>2596.0</ele>
      </trkpt>
      <trkpt lat="38.92816" lon="-120.21657">
        <ele>2601.0</ele>
      </trkpt>
      <trkpt lat="38.92863" lon="-120.21661">
        <ele>2614.0</ele>
      </trkpt>
      <trkpt lat="38.92882" lon="-120.21666">
        <ele>2619.0</ele>
      </trkpt>
      <trkpt lat="38.929" lon="-120.21648">
        <ele>2616.0</ele>
      </trkpt>
      <trkpt lat="38.92906" lon="-120.2165">
        <ele>2613.0</ele>
      </trkpt>
      <trkpt lat="38.92925" lon="-120.21629">
        <ele>2613.0</ele>
      </trkpt>
      <trkpt lat="38.92937" lon="-120.21631">
        <ele>2598.0</ele>
      </trkpt>
      <trkpt lat="38.92962" lon="-120.21697">
        <ele>2579.0</ele>
      </trkpt>
      <trkpt lat="38.92966" lon="-120.21695">
        <ele>2579.0</ele>
      </trkpt>
      <trkpt lat="38.92972" lon="-120.21681">
        <ele>2579.0</ele>
      </trkpt>
      <trkpt lat="38.92985" lon="-120.2168">
        <ele>2581.0</ele>
      </trkpt>
      <trkpt lat="38.93023" lon="-120.21648">
        <ele>2549.0</ele>
      </trkpt>
      <trkpt lat="38.93041" lon="-120.21639">
        <ele>2549.0</ele>
      </trkpt>
      <trkpt lat="38.93045" lon="-120.21625">
        <ele>2541.0</ele>
      </trkpt>
      <trkpt lat="38.93098" lon="-120.21604">
        <ele>2525.0</ele>
      </trkpt>
      <trkpt lat="38.93112" lon="-120.21581">
        <ele>2529.0</ele>
      </trkpt>
      <trkpt lat="38.93131" lon="-120.21568">
        <ele>2525.0</ele>
      </trkpt>
      <trkpt lat="38.93144" lon="-120.21572">
        <ele>2521.0</ele>
      </trkpt>
      <trkpt lat="38.93164" lon="-120.21563">
        <ele>2513.0</ele>
      </trkpt>
      <trkpt lat="38.93203" lon="-120.21584">
        <ele>2503.0</ele>
      </trkpt>
      <trkpt lat="38.93222" lon="-120.21581">
        <ele>2503.0</ele>
      </trkpt>
      <trkpt lat="38.93231" lon="-120.21571">
        <ele>2503.0</ele>
      </trkpt>
      <trkpt lat="38.93234" lon="-120.21547">
        <ele>2507.0</ele>
      </trkpt>
      <trkpt lat="38.93241" lon="-120.2154">
        <ele>2504.0</ele>
      </trkpt>
      <trkpt lat="38.93279" lon="-120.21544">
        <ele>2501.0</ele>
      </trkpt>
      <trkpt lat="38.9331" lon="-120.21534">
        <ele>2499.0</ele>
      </trkpt>
      <trkpt lat="38.93344" lon="-120.21534">
        <ele>2503.0</ele>
      </trkpt>
      <trkpt lat="38.93397" lon="-120.21558">
        <ele>2499.0</ele>
      </trkpt>
      <trkpt lat="38.93436" lon="-120.21565">
        <ele>2499.0</ele>
      </trkpt>
      <trkpt lat="38.93462" lon="-120.21579">
        <ele>2491.0</ele>
      </trkpt>
      <trkpt lat="38.93478" lon="-120.21604">
        <ele>2487.0</ele>
      </trkpt>
      <trkpt lat="38.93512" lon="-120.21622">
        <ele>2489.0</ele>
      </trkpt>
      <trkpt lat="38.93541" lon="-120.21646">
        <ele>2483.0</ele>
      </trkpt>
      <trkpt lat="38.93548" lon="-120.2166">
        <ele>2477.0</ele>
      </trkpt>
      <trkpt lat="38.93549" lon="-120.21718">
        <ele>2472.0</ele>
      </trkpt>
      <trkpt lat="38.93596" lon="-120.21772">
        <ele>2465.0</ele>
      </trkpt>
      <trkpt lat="38.93639" lon="-120.21817">
        <ele>2470.0</ele>
      </trkpt>
      <trkpt lat="38.93662" lon="-120.21861">
        <ele>2468.0</ele>
      </trkpt>
      <trkpt lat="38.93681" lon="-120.21887">
        <ele>2471.0</ele>
      </trkpt>
      <trkpt lat="38.93698" lon="-120.21903">
        <ele>2468.0</ele>
      </trkpt>
      <trkpt lat="38.93717" lon="-120.21944">
        <ele>2473.0</ele>
      </trkpt>
      <trkpt lat="38.93768" lon="-120.22004">
        <ele>2467.0</ele>
      </trkpt>
      <trkpt lat="38.93801" lon="-120.22028">
        <ele>2465.0</ele>
      </trkpt>
      <trkpt lat="38.93818" lon="-120.22059">
        <ele>2461.0</ele>
      </trkpt>
      <trkpt lat="38.93834" lon="-120.22069">
        <ele>2461.0</ele>
      </trkpt>
      <trkpt lat="38.93846" lon="-120.22073">
        <ele>2456.0</ele>
      </trkpt>
      <trkpt lat="38.93876" lon="-120.22112">
        <ele>2452.0</ele>
      </trkpt>
      <trkpt lat="38.9392" lon="-120.22145">
        <ele>2445.0</ele>
      </trkpt>
      <trkpt lat="38.93955" lon="-120.22191">
        <ele>2430.0</ele>
      </trkpt>
      <trkpt lat="38.93967" lon="-120.22203">
        <ele>2431.0</ele>
      </trkpt>
      <trkpt lat="38.94013" lon="-120.22232">
        <ele>2423.0</ele>
      </trkpt>
      <trkpt lat="38.94018" lon="-120.22238">
        <ele>2418.0</ele>
      </trkpt>
      <trkpt lat="38.9402" lon="-120.22256">
        <ele>2418.0</ele>
      </trkpt>
      <trkpt lat="38.94027" lon="-120.22271">
        <ele>2415.0</ele>
      </trkpt>
      <trkpt lat="38.94039" lon="-120.22283">
        <ele>2415.0</ele>
      </trkpt>
      <trkpt lat="38.94047" lon="-120.22322">
        <ele>2405.0</ele>
      </trkpt>
      <trkpt lat="38.94087" lon="-120.22362">
        <ele>2401.0</ele>
      </trkpt>
      <trkpt lat="38.94106" lon="-120.22395">
        <ele>2399.0</ele>
      </trkpt>
      <trkpt lat="38.94129" lon="-120.22409">
        <ele>2397.0</ele>
      </trkpt>
      <trkpt lat="38.94146" lon="-120.22437">
        <ele>2395.0</ele>
      </trkpt>
      <trkpt lat="38.94164" lon="-120.22449">
        <ele>2395.0</ele>
      </trkpt>
      <trkpt lat="38.94193" lon="-120.22481">
        <ele>2395.0</ele>
      </trkpt>
      <trkpt lat="38.94192" lon="-120.22498">
        <ele>2394.0</ele>
      </trkpt>
      <trkpt lat="38.94209" lon="-120.22529">
        <ele>2387.0</ele>
      </trkpt>
      <trkpt lat="38.94214" lon="-120.22549">
        <ele>2387.0</ele>
      </trkpt>
      <trkpt lat="38.94232" lon="-120.22575">
        <ele>2386.0</ele>
      </trkpt>
      <trkpt lat="38.94232" lon="-120.22575">
        <ele>2386.0</ele>
      </trkpt>
      <trkpt lat="38.94252" lon="-120.22577">
        <ele>2386.0</ele>
      </trkpt>
      <trkpt lat="38.94268" lon="-120.22583">
        <ele>2387.0</ele>
      </trkpt>
      <trkpt lat="38.94304" lon="-120.2264">
        <ele>2382.0</ele>
      </trkpt>
      <trkpt lat="38.94324" lon="-120.22685">
        <ele>2380.0</ele>
      </trkpt>
      <trkpt lat="38.94358" lon="-120.22745">
        <ele>2378.0</ele>
      </trkpt>
      <trkpt lat="38.94388" lon="-120.22781">
        <ele>2378.0</ele>
      </trkpt>
      <trkpt lat="38.94413" lon="-120.2278">
        <ele>2376.0</ele>
      </trkpt>
      <trkpt lat="38.94445" lon="-120.22772">
        <ele>2377.0</ele>
      </trkpt>
      <trkpt lat="38.94461" lon="-120.22776">
        <ele>2377.0</ele>
      </trkpt>
      <trkpt lat="38.9447" lon="-120.22775">
        <ele>2377.0</ele>
      </trkpt>
      <trkpt lat="38.94505" lon="-120.2276">
        <ele>2380.0</ele>
      </trkpt>
      <trkpt lat="38.94535" lon="-120.22764">
        <ele>2383.0</ele>
      </trkpt>
      <trkpt lat="38.94544" lon="-120.22755">
        <ele>2382.0</ele>
      </trkpt>
      <trkpt lat="38.94582" lon="-120.22689">
        <ele>2380.0</ele>
      </trkpt>
      <trkpt lat="38.94594" lon="-120.22694">
        <ele>2380.0</ele>
      </trkpt>
      <trkpt lat="38.94612" lon="-120.22686">
        <ele>2377.0</ele>
      </trkpt>
      <trkpt lat="38.9464" lon="-120.22718">
        <ele>2377.0</ele>
      </trkpt>
      <trkpt lat="38.94658" lon="-120.22727">
        <ele>2373.0</ele>
      </trkpt>
      <trkpt lat="38.94684" lon="-120.22707">
        <ele>2362.0</ele>
      </trkpt>
      <trkpt lat="38.947" lon="-120.2271">
        <ele>2365.0</ele>
      </trkpt>
      <trkpt lat="38.94712" lon="-120.22705">
        <ele>2354.0</ele>
      </trkpt>
      <trkpt lat="38.94732" lon="-120.22719">
        <ele>2357.0</ele>
      </trkpt>
      <trkpt lat="38.94767" lon="-120.22712">
        <ele>2351.0</ele>
      </trkpt>
      <trkpt lat="38.94795" lon="-120.2271">
        <ele>2349.0</ele>
      </trkpt>
      <trkpt lat="38.94832" lon="-120.22719">
        <ele>2350.0</ele>
      </trkpt>
      <trkpt lat="38.94844" lon="-120.22711">
        <ele>2350.0</ele>
      </trkpt>
      <trkpt lat="38.94858" lon="-120.22709">
        <ele>2350.0</ele>
      </trkpt>
      <trkpt lat="38.94885" lon="-120.22714">
        <ele>2347.0</ele>
      </trkpt>
      <trkpt lat="38.94906" lon="-120.22713">
        <ele>2342.0</ele>
      </trkpt>
      <trkpt lat="38.94963" lon="-120.22776">
        <ele>2336.0</ele>
      </trkpt>
      <trkpt lat="38.94971" lon="-120.22808">
        <ele>2334.0</ele>
      </trkpt>
      <trkpt lat="38.94986" lon="-120.22848">
        <ele>2339.0</ele>
      </trkpt>
      <trkpt lat="38.94999" lon="-120.22864">
        <ele>2332.0</ele>
      </trkpt>
      <trkpt lat="38.9501" lon="-120.22868">
        <ele>2332.0</ele>
      </trkpt>
      <trkpt lat="38.95027" lon="-120.22853">
        <ele>2330.0</ele>
      </trkpt>
      <trkpt lat="38.95046" lon="-120.22829">
        <ele>2331.0</ele>
      </trkpt>
      <trkpt lat="38.95077" lon="-120.2285">
        <ele>2331.0</ele>
      </trkpt>
      <trkpt lat="38.95095" lon="-120.2285">
        <ele>2331.0</ele>
      </trkpt>
      <trkpt lat="38.95103" lon="-120.22844">
        <ele>2335.0</ele>
      </trkpt>
      <trkpt lat="38.95118" lon="-120.22843">
        <ele>2335.0</ele>
      </trkpt>
      <trkpt lat="38.95142" lon="-120.22815">
        <ele>2337.0</ele>
      </trkpt>
      <trkpt lat="38.9517" lon="-120.22806">
        <ele>2341.0</ele>
      </trkpt>
      <trkpt lat="38.95205" lon="-120.22756">
        <ele>2337.0</ele>
      </trkpt>
      <trkpt lat="38.95223" lon="-120.22751">
        <ele>2337.0</ele>
      </trkpt>
      <trkpt lat="38.95244" lon="-120.22736">
        <ele>2334.0</ele>
      </trkpt>
      <trkpt lat="38.95259" lon="-120.22716">
        <ele>2334.0</ele>
      </trkpt>
      <trkpt lat="38.95261" lon="-120.22694">
        <ele>2329.0</ele>
      </trkpt>
      <trkpt lat="38.95257" lon="-120.22669">
        <ele>2329.0</ele>
      </trkpt>
      <trkpt lat="38.95247" lon="-120.22652">
        <ele>2329.0</ele>
      </trkpt>
      <trkpt lat="38.95245" lon="-120.22641">
        <ele>2329.0</ele>
      </trkpt>
      <trkpt lat="38.95248" lon="-120.22622">
        <ele>2327.0</ele>
      </trkpt>
      <trkpt lat="38.95241" lon="-120.22603">
        <ele>2327.0</ele>
      </trkpt>
      <trkpt lat="38.95245" lon="-120.22584">
        <ele>2326.0</ele>
      </trkpt>
      <trkpt lat="38.95281" lon="-120.22527">
        <ele>2325.0</ele>
      </trkpt>
      <trkpt lat="38.95284" lon="-120.22526">
        <ele>2325.0</ele>
      </trkpt>
      <trkpt lat="38.95286" lon="-120.2252">
        <ele>2325.0</ele>
      </trkpt>
      <trkpt lat="38.95297" lon="-120.22506">
        <ele>2326.0</ele>
      </trkpt>
      <trkpt lat="38.95319" lon="-120.2249">
        <ele>2326.0</ele>
      </trkpt>
      <trkpt lat="38.95337" lon="-120.22468">
        <ele>2326.0</ele>
      </trkpt>
      <trkpt lat="38.95383" lon="-120.2245">
        <ele>2313.0</ele>
      </trkpt>
      <trkpt lat="38.95389" lon="-120.22434">
        <ele>2313.0</ele>
      </trkpt>
      <trkpt lat="38.95417" lon="-120.22403">
        <ele>2304.0</ele>
      </trkpt>
      <trkpt lat="38.95421" lon="-120.22388">
        <ele>2302.0</ele>
      </trkpt>
      <trkpt lat="38.95422" lon="-120.22365">
        <ele>2301.0</ele>
      </trkpt>
      <trkpt lat="38.95429" lon="-120.22347">
        <ele>2299.0</ele>
      </trkpt>
      <trkpt lat="38.95439" lon="-120.22334">
        <ele>2302.0</ele>
      </trkpt>
      <trkpt lat="38.95454" lon="-120.22323">
        <ele>2302.0</ele>
      </trkpt>
      <trkpt lat="38.95503" lon="-120.22231">
        <ele>2295.0</ele>
      </trkpt>
      <trkpt lat="38.9551" lon="-120.22173">
        <ele>2296.0</ele>
      </trkpt>
      <trkpt lat="38.95521" lon="-120.22152">
        <ele>2295.0</ele>
      </trkpt>
      <trkpt lat="38.95537" lon="-120.22135">
        <ele>2295.0</ele>
      </trkpt>
      <trkpt lat="38.95549" lon="-120.22131">
        <ele>2296.0</ele>
      </trkpt>
      <trkpt lat="38.95552" lon="-120.22117">
        <ele>2296.0</ele>
      </trkpt>
      <trkpt lat="38.95551" lon="-120.22102">
        <ele>2296.0</ele>
      </trkpt>
      <trkpt lat="38.95551" lon="-120.22102">
        <ele>2296.0</ele>
      </trkpt>
      <trkpt lat="38.95551" lon="-120.22102">
        <ele>2296.0</ele>
      </trkpt>
      <trkpt lat="38.95538" lon="-120.22084">
        <ele>2294.0</ele>
      </trkpt>
      <trkpt lat="38.95535" lon="-120.22047">
        <ele>2294.0</ele>
      </trkpt>
      <trkpt lat="38.95593" lon="-120.21987">
        <ele>2292.0</ele>
      </trkpt>
      <trkpt lat="38.95667" lon="-120.21967">
        <ele>2281.0</ele>
      </trkpt>
      <trkpt lat="38.9570204659264" lon="-120.219376753">
        <ele>2271.0</ele>
      </trkpt>
      <trkpt lat="38.9570204662715" lon="-120.219376753">
        <ele>2271.0</ele>
      </trkpt>
      <trkpt lat="38.95716" lon="-120.21926">
        <ele>2258.0</ele>
      </trkpt>
      <trkpt lat="38.95773" lon="-120.21857">
        <ele>2243.0</ele>
      </trkpt>
      <trkpt lat="38.95787" lon="-120.21825">
        <ele>2233.0</ele>
      </trkpt>
      <trkpt lat="38.95785" lon="-120.21814">
        <ele>2224.0</ele>
      </trkpt>
      <trkpt lat="38.95788" lon="-120.21806">
        <ele>2224.0</ele>
      </trkpt>
      <trkpt lat="38.95806" lon="-120.2178">
        <ele>2220.0</ele>
      </trkpt>
      <trkpt lat="38.95822" lon="-120.21774">
        <ele>2226.0</ele>
      </trkpt>
      <trkpt lat="38.95832" lon="-120.21756">
        <ele>2216.0</ele>
      </trkpt>
      <trkpt lat="38.95829" lon="-120.21745">
        <ele>2216.0</ele>
      </trkpt>
      <trkpt lat="38.95821" lon="-120.21738">
        <ele>2216.0</ele>
      </trkpt>
      <trkpt lat="38.95787" lon="-120.21719">
        <ele>2205.0</ele>
      </trkpt>
      <trkpt lat="38.95774" lon="-120.21708">
        <ele>2199.0</ele>
      </trkpt>
      <trkpt lat="38.95776" lon="-120.21687">
        <ele>2199.0</ele>
      </trkpt>
      <trkpt lat="38.95789" lon="-120.21673">
        <ele>2192.0</ele>
      </trkpt>
      <trkpt lat="38.95804" lon="-120.2167">
        <ele>2189.0</ele>
      </trkpt>
      <trkpt lat="38.95828" lon="-120.21651">
        <ele>2175.0</ele>
      </trkpt>
      <trkpt lat="38.9583" lon="-120.21635">
        <ele>2175.0</ele>
      </trkpt>
      <trkpt lat="38.95824" lon="-120.21626">
        <ele>2175.0</ele>
      </trkpt>
      <trkpt lat="38.95825" lon="-120.21619">
        <ele>2169.0</ele>
      </trkpt>
      <trkpt lat="38.95833" lon="-120.21616">
        <ele>2169.0</ele>
      </trkpt>
      <trkpt lat="38.95839" lon="-120.216">
        <ele>2169.0</ele>
      </trkpt>
      <trkpt lat="38.95859" lon="-120.21573">
        <ele>2170.0</ele>
      </trkpt>
      <trkpt lat="38.95845" lon="-120.21547">
        <ele>2167.0</ele>
      </trkpt>
      <trkpt lat="38.95839" lon="-120.21523">
        <ele>2169.0</ele>
      </trkpt>
      <trkpt lat="38.95823" lon="-120.21517">
        <ele>2169.0</ele>
      </trkpt>
      <trkpt lat="38.95801" lon="-120.21497">
        <ele>2170.0</ele>
      </trkpt>
      <trkpt lat="38.95814" lon="-120.21463">
        <ele>2170.0</ele>
      </trkpt>
      <trkpt lat="38.95811" lon="-120.21444">
        <ele>2172.0</ele>
      </trkpt>
      <trkpt lat="38.9581" lon="-120.2142">
        <ele>2174.0</ele>
      </trkpt>
      <trkpt lat="38.95819" lon="-120.21397">
        <ele>2175.0</ele>
      </trkpt>
      <trkpt lat="38.95818" lon="-120.21384">
        <ele>2175.0</ele>
      </trkpt>
      <trkpt lat="38.95807" lon="-120.21371">
        <ele>2177.0</ele>
      </trkpt>
      <trkpt lat="38.95794" lon="-120.21363">
        <ele>2177.0</ele>
      </trkpt>
      <trkpt lat="38.9577" lon="-120.2136">
        <ele>2175.0</ele>
      </trkpt>
      <trkpt lat="38.95755" lon="-120.2135">
        <ele>2171.0</ele>
      </trkpt>
      <trkpt lat="38.95712" lon="-120.21346">
        <ele>2182.0</ele>
      </trkpt>
      <trkpt lat="38.95697" lon="-120.21333">
        <ele>2184.0</ele>
      </trkpt>
      <trkpt lat="38.95677" lon="-120.21295">
        <ele>2188.0</ele>
      </trkpt>
      <trkpt lat="38.95568" lon="-120.21322">
        <ele>2174.0</ele>
      </trkpt>
      <trkpt lat="38.95476" lon="-120.2127">
        <ele>2186.0</ele>
      </trkpt>
      <trkpt lat="38.95401" lon="-120.2124">
        <ele>2186.0</ele>
      </trkpt>
      <trkpt lat="38.95401" lon="-120.2124">
        <ele>2186.0</ele>
      </trkpt>
      <trkpt lat="38.95358" lon="-120.21225">
        <ele>2190.0</ele>
      </trkpt>
      <trkpt lat="38.95341" lon="-120.21225">
        <ele>2189.0</ele>
      </trkpt>
      <trkpt lat="38.95291" lon="-120.21232">
        <ele>2192.0</ele>
      </trkpt>
      <trkpt lat="38.95279" lon="-120.2122">
        <ele>2192.0</ele>
      </trkpt>
      <trkpt lat="38.9527" lon="-120.21221">
        <ele>2192.0</ele>
      </trkpt>
      <trkpt lat="38.95258" lon="-120.2123">
        <ele>2194.0</ele>
      </trkpt>
      <trkpt lat="38.95242" lon="-120.21234">
        <ele>2194.0</ele>
      </trkpt>
      <trkpt lat="38.95224" lon="-120.21227">
        <ele>2198.0</ele>
      </trkpt>
      <trkpt lat="38.9514" lon="-120.21225">
        <ele>2192.0</ele>
      </trkpt>
      <trkpt lat="38.95102" lon="-120.21193">
        <ele>2199.0</ele>
      </trkpt>
      <trkpt lat="38.95093" lon="-120.21194">
        <ele>2203.0</ele>
      </trkpt>
      <trkpt lat="38.95084" lon="-120.212">
        <ele>2203.0</ele>
      </trkpt>
      <trkpt lat="38.95061" lon="-120.21191">
        <ele>2205.0</ele>
      </trkpt>
      <trkpt lat="38.95053" lon="-120.21193">
        <ele>2205.0</ele>
      </trkpt>
      <trkpt lat="38.95046" lon="-120.21183">
        <ele>2205.0</ele>
      </trkpt>
      <trkpt lat="38.95035" lon="-120.21184">
        <ele>2204.0</ele>
      </trkpt>
      <trkpt lat="38.95021" lon="-120.21197">
        <ele>2204.0</ele>
      </trkpt>
      <trkpt lat="38.95008" lon="-120.212">
        <ele>2204.0</ele>
      </trkpt>
      <trkpt lat="38.94996" lon="-120.21199">
        <ele>2204.0</ele>
      </trkpt>
      <trkpt lat="38.94953" lon="-120.21175">
        <ele>2208.0</ele>
      </trkpt>
      <trkpt lat="38.94944" lon="-120.21167">
        <ele>2208.0</ele>
      </trkpt>
      <trkpt lat="38.94938" lon="-120.21154">
        <ele>2208.0</ele>
      </trkpt>
      <trkpt lat="38.94905" lon="-120.21157">
        <ele>2208.0</ele>
      </trkpt>
      <trkpt lat="38.94888" lon="-120.21141">
        <ele>2214.0</ele>
      </trkpt>
      <trkpt lat="38.9488" lon="-120.21135">
        <ele>2214.0</ele>
      </trkpt>
      <trkpt lat="38.94873" lon="-120.21134">
        <ele>2221.0</ele>
      </trkpt>
      <trkpt lat="38.94862" lon="-120.21135">
        <ele>2221.0</ele>
      </trkpt>
      <trkpt lat="38.94832" lon="-120.2115">
        <ele>2224.0</ele>
      </trkpt>
      <trkpt lat="38.94816" lon="-120.21153">
        <ele>2219.0</ele>
      </trkpt>
      <trkpt lat="38.94804" lon="-120.21152">
        <ele>2224.0</ele>
      </trkpt>
      <trkpt lat="38.94786" lon="-120.21133">
        <ele>2223.0</ele>
      </trkpt>
      <trkpt lat="38.94778" lon="-120.21131">
        <ele>2223.0</ele>
      </trkpt>
      <trkpt lat="38.94763" lon="-120.21135">
        <ele>2225.0</ele>
      </trkpt>
      <trkpt lat="38.94755" lon="-120.21128">
        <ele>2225.0</ele>
      </trkpt>
      <trkpt lat="38.94747" lon="-120.21115">
        <ele>2231.0</ele>
      </trkpt>
      <trkpt lat="38.94732" lon="-120.2111">
        <ele>2229.0</ele>
      </trkpt>
      <trkpt lat="38.94713" lon="-120.21089">
        <ele>2237.0</ele>
      </trkpt>
      <trkpt lat="38.947" lon="-120.21082">
        <ele>2231.0</ele>
      </trkpt>
      <trkpt lat="38.9466" lon="-120.21087">
        <ele>2230.0</ele>
      </trkpt>
      <trkpt lat="38.94646" lon="-120.21079">
        <ele>2229.0</ele>
      </trkpt>
      <trkpt lat="38.94622" lon="-120.21054">
        <ele>2234.0</ele>
      </trkpt>
      <trkpt lat="38.94572" lon="-120.21042">
        <ele>2238.0</ele>
      </trkpt>
      <trkpt lat="38.94555" lon="-120.21043">
        <ele>2241.0</ele>
      </trkpt>
      <trkpt lat="38.94556" lon="-120.21034">
        <ele>2242.0</ele>
      </trkpt>
      <trkpt lat="38.94552" lon="-120.21022">
        <ele>2242.0</ele>
      </trkpt>
      <trkpt lat="38.94551" lon="-120.21004">
        <ele>2244.0</ele>
      </trkpt>
      <trkpt lat="38.94553" lon="-120.20985">
        <ele>2246.0</ele>
      </trkpt>
      <trkpt lat="38.94551" lon="-120.20969">
        <ele>2246.0</ele>
      </trkpt>
      <trkpt lat="38.94542" lon="-120.20957">
        <ele>2251.0</ele>
      </trkpt>
      <trkpt lat="38.94542" lon="-120.2094">
        <ele>2251.0</ele>
      </trkpt>
      <trkpt lat="38.9451" lon="-120.20881">
        <ele>2252.0</ele>
      </trkpt>
      <trkpt lat="38.94499" lon="-120.20847">
        <ele>2260.0</ele>
      </trkpt>
      <trkpt lat="38.945" lon="-120.2083">
        <ele>2260.0</ele>
      </trkpt>
      <trkpt lat="38.94505" lon="-120.20818">
        <ele>2265.0</ele>
      </trkpt>
      <trkpt lat="38.94502" lon="-120.20805">
        <ele>2265.0</ele>
      </trkpt>
      <trkpt lat="38.94474" lon="-120.20771">
        <ele>2267.0</ele>
      </trkpt>
      <trkpt lat="38.94455" lon="-120.20755">
        <ele>2271.0</ele>
      </trkpt>
      <trkpt lat="38.94427" lon="-120.20735">
        <ele>2271.0</ele>
      </trkpt>
      <trkpt lat="38.94415" lon="-120.20737">
        <ele>2268.0</ele>
      </trkpt>
      <trkpt lat="38.94399" lon="-120.20727">
        <ele>2269.0</ele>
      </trkpt>
      <trkpt lat="38.94388" lon="-120.20713">
        <ele>2269.0</ele>
      </trkpt>
      <trkpt lat="38.94382" lon="-120.20672">
        <ele>2272.0</ele>
      </trkpt>
      <trkpt lat="38.94385" lon="-120.20651">
        <ele>2274.0</ele>
      </trkpt>
      <trkpt lat="38.94397" lon="-120.20635">
        <ele>2274.0</ele>
      </trkpt>
      <trkpt lat="38.94398" lon="-120.20622">
        <ele>2276.0</ele>
      </trkpt>
      <trkpt lat="38.94381" lon="-120.20583">
        <ele>2280.0</ele>
      </trkpt>
      <trkpt lat="38.94384" lon="-120.20573">
        <ele>2280.0</ele>
      </trkpt>
      <trkpt lat="38.9438" lon="-120.20559">
        <ele>2284.0</ele>
      </trkpt>
      <trkpt lat="38.94382" lon="-120.20531">
        <ele>2286.0</ele>
      </trkpt>
      <trkpt lat="38.94376" lon="-120.20509">
        <ele>2286.0</ele>
      </trkpt>
      <trkpt lat="38.94365" lon="-120.20493">
        <ele>2284.0</ele>
      </trkpt>
      <trkpt lat="38.94373" lon="-120.2047">
        <ele>2283.0</ele>
      </trkpt>
      <trkpt lat="38.94359" lon="-120.20425">
        <ele>2277.0</ele>
      </trkpt>
      <trkpt lat="38.94344" lon="-120.20399">
        <ele>2276.0</ele>
      </trkpt>
      <trkpt lat="38.9435" lon="-120.20388">
        <ele>2277.0</ele>
      </trkpt>
      <trkpt lat="38.94363" lon="-120.20385">
        <ele>2277.0</ele>
      </trkpt>
      <trkpt lat="38.94381" lon="-120.20387">
        <ele>2281.0</ele>
      </trkpt>
      <trkpt lat="38.94389" lon="-120.2037">
        <ele>2281.0</ele>
      </trkpt>
      <trkpt lat="38.9439" lon="-120.20352">
        <ele>2281.0</ele>
      </trkpt>
      <trkpt lat="38.94379" lon="-120.20323">
        <ele>2281.0</ele>
      </trkpt>
      <trkpt lat="38.94364" lon="-120.20311">
        <ele>2278.0</ele>
      </trkpt>
      <trkpt lat="38.9435" lon="-120.2029">
        <ele>2277.0</ele>
      </trkpt>
      <trkpt lat="38.94339" lon="-120.2025">
        <ele>2277.0</ele>
      </trkpt>
      <trkpt lat="38.9434" lon="-120.20213">
        <ele>2277.0</ele>
      </trkpt>
      <trkpt lat="38.94334" lon="-120.20202">
        <ele>2276.0</ele>
      </trkpt>
      <trkpt lat="38.94326" lon="-120.20189">
        <ele>2276.0</ele>
      </trkpt>
      <trkpt lat="38.94309" lon="-120.20174">
        <ele>2278.0</ele>
      </trkpt>
      <trkpt lat="38.94274" lon="-120.20156">
        <ele>2281.0</ele>
      </trkpt>
      <trkpt lat="38.94267" lon="-120.20148">
        <ele>2283.0</ele>
      </trkpt>
      <trkpt lat="38.94266" lon="-120.20138">
        <ele>2283.0</ele>
      </trkpt>
      <trkpt lat="38.94268" lon="-120.20126">
        <ele>2283.0</ele>
      </trkpt>
      <trkpt lat="38.94266" lon="-120.2011">
        <ele>2283.0</ele>
      </trkpt>
      <trkpt lat="38.9427" lon="-120.20104">
        <ele>2283.0</ele>
      </trkpt>
      <trkpt lat="38.94287" lon="-120.20112">
        <ele>2283.0</ele>
      </trkpt>
      <trkpt lat="38.94291" lon="-120.20109">
        <ele>2283.0</ele>
      </trkpt>
      <trkpt lat="38.94292" lon="-120.20103">
        <ele>2281.0</ele>
      </trkpt>
      <trkpt lat="38.94288" lon="-120.20082">
        <ele>2281.0</ele>
      </trkpt>
      <trkpt lat="38.94277" lon="-120.20063">
        <ele>2279.0</ele>
      </trkpt>
      <trkpt lat="38.94275" lon="-120.20052">
        <ele>2279.0</ele>
      </trkpt>
      <trkpt lat="38.94276" lon="-120.20047">
        <ele>2279.0</ele>
      </trkpt>
      <trkpt lat="38.94287" lon="-120.20034">
        <ele>2280.0</ele>
      </trkpt>
      <trkpt lat="38.94286" lon="-120.20008">
        <ele>2279.0</ele>
      </trkpt>
      <trkpt lat="38.94295" lon="-120.19997">
        <ele>2276.0</ele>
      </trkpt>
      <trkpt lat="38.94299" lon="-120.19983">
        <ele>2275.0</ele>
      </trkpt>
      <trkpt lat="38.94298" lon="-120.19959">
        <ele>2275.0</ele>
      </trkpt>
      <trkpt lat="38.94292" lon="-120.1994">
        <ele>2273.0</ele>
      </trkpt>
      <trkpt lat="38.94313" lon="-120.19895">
        <ele>2272.0</ele>
      </trkpt>
      <trkpt lat="38.94315" lon="-120.19864">
        <ele>2270.0</ele>
      </trkpt>
      <trkpt lat="38.94324" lon="-120.19859">
        <ele>2272.0</ele>
      </trkpt>
      <trkpt lat="38.94329" lon="-120.19851">
        <ele>2272.0</ele>
      </trkpt>
      <trkpt lat="38.94324" lon="-120.19841">
        <ele>2271.0</ele>
      </trkpt>
      <trkpt lat="38.94323" lon="-120.19833">
        <ele>2271.0</ele>
      </trkpt>
      <trkpt lat="38.94326" lon="-120.19824">
        <ele>2271.0</ele>
      </trkpt>
      <trkpt lat="38.94344" lon="-120.19802">
        <ele>2269.0</ele>
      </trkpt>
      <trkpt lat="38.94347" lon="-120.19758">
        <ele>2270.0</ele>
      </trkpt>
      <trkpt lat="38.94353" lon="-120.19749">
        <ele>2269.0</ele>
      </trkpt>
      <trkpt lat="38.94368" lon="-120.19737">
        <ele>2269.0</ele>
      </trkpt>
      <trkpt lat="38.94371" lon="-120.19714">
        <ele>2268.0</ele>
      </trkpt>
      <trkpt lat="38.94371" lon="-120.19703">
        <ele>2265.0</ele>
      </trkpt>
      <trkpt lat="38.9435" lon="-120.19685">
        <ele>2265.0</ele>
      </trkpt>
      <trkpt lat="38.94346" lon="-120.19679">
        <ele>2261.0</ele>
      </trkpt>
      <trkpt lat="38.94347" lon="-120.19637">
        <ele>2257.0</ele>
      </trkpt>
      <trkpt lat="38.94352" lon="-120.19615">
        <ele>2251.0</ele>
      </trkpt>
      <trkpt lat="38.94352" lon="-120.19605">
        <ele>2251.0</ele>
      </trkpt>
      <trkpt lat="38.9434" lon="-120.19594">
        <ele>2253.0</ele>
      </trkpt>
      <trkpt lat="38.94339" lon="-120.19578">
        <ele>2253.0</ele>
      </trkpt>
      <trkpt lat="38.94335" lon="-120.19568">
        <ele>2252.0</ele>
      </trkpt>
      <trkpt lat="38.94338" lon="-120.19561">
        <ele>2252.0</ele>
      </trkpt>
      <trkpt lat="38.94346" lon="-120.19559">
        <ele>2252.0</ele>
      </trkpt>
      <trkpt lat="38.94356" lon="-120.19547">
        <ele>2249.0</ele>
      </trkpt>
      <trkpt lat="38.94361" lon="-120.19536">
        <ele>2248.0</ele>
      </trkpt>
      <trkpt lat="38.94366" lon="-120.19517">
        <ele>2248.0</ele>
      </trkpt>
      <trkpt lat="38.94359" lon="-120.19507">
        <ele>2246.0</ele>
      </trkpt>
      <trkpt lat="38.94369" lon="-120.19485">
        <ele>2245.0</ele>
      </trkpt>
      <trkpt lat="38.9437" lon="-120.19477">
        <ele>2245.0</ele>
      </trkpt>
      <trkpt lat="38.94371" lon="-120.19452">
        <ele>2242.0</ele>
      </trkpt>
      <trkpt lat="38.94356" lon="-120.19411">
        <ele>2239.0</ele>
      </trkpt>
      <trkpt lat="38.94347" lon="-120.19359">
        <ele>2235.0</ele>
      </trkpt>
      <trkpt lat="38.94352" lon="-120.19307">
        <ele>2232.0</ele>
      </trkpt>
      <trkpt lat="38.94358" lon="-120.19297">
        <ele>2232.0</ele>
      </trkpt>
      <trkpt lat="38.94355" lon="-120.19287">
        <ele>2231.0</ele>
      </trkpt>
      <trkpt lat="38.94355" lon="-120.19262">
        <ele>2232.0</ele>
      </trkpt>
      <trkpt lat="38.94359" lon="-120.19251">
        <ele>2232.0</ele>
      </trkpt>
      <trkpt lat="38.94359" lon="-120.19209">
        <ele>2233.0</ele>
      </trkpt>
      <trkpt lat="38.94368" lon="-120.19187">
        <ele>2233.0</ele>
      </trkpt>
      <trkpt lat="38.94365" lon="-120.19164">
        <ele>2232.0</ele>
      </trkpt>
      <trkpt lat="38.94366" lon="-120.19149">
        <ele>2231.0</ele>
      </trkpt>
      <trkpt lat="38.9434" lon="-120.19106">
        <ele>2228.0</ele>
      </trkpt>
      <trkpt lat="38.94308" lon="-120.19078">
        <ele>2222.0</ele>
      </trkpt>
      <trkpt lat="38.94285" lon="-120.19043">
        <ele>2217.0</ele>
      </trkpt>
      <trkpt lat="38.94285" lon="-120.19043">
        <ele>2217.0</ele>
      </trkpt>
      <trkpt lat="38.94275" lon="-120.1903">
        <ele>2212.0</ele>
      </trkpt>
      <trkpt lat="38.94276" lon="-120.19015">
        <ele>2212.0</ele>
      </trkpt>
      <trkpt lat="38.94281" lon="-120.18997">
        <ele>2208.0</ele>
      </trkpt>
      <trkpt lat="38.94295" lon="-120.18982">
        <ele>2205.0</ele>
      </trkpt>
      <trkpt lat="38.94311" lon="-120.18951">
        <ele>2203.0</ele>
      </trkpt>
      <trkpt lat="38.94326" lon="-120.18948">
        <ele>2204.0</ele>
      </trkpt>
      <trkpt lat="38.94331" lon="-120.18929">
        <ele>2201.0</ele>
      </trkpt>
      <trkpt lat="38.94357" lon="-120.18918">
        <ele>2207.0</ele>
      </trkpt>
      <trkpt lat="38.9437" lon="-120.18891">
        <ele>2202.0</ele>
      </trkpt>
      <trkpt lat="38.94371" lon="-120.18871">
        <ele>2199.0</ele>
      </trkpt>
      <trkpt lat="38.94361" lon="-120.18823">
        <ele>2196.0</ele>
      </trkpt>
      <trkpt lat="38.94364" lon="-120.18787">
        <ele>2192.0</ele>
      </trkpt>
      <trkpt lat="38.94348" lon="-120.18731">
        <ele>2186.0</ele>
      </trkpt>
      <trkpt lat="38.94348" lon="-120.18731">
        <ele>2186.0</ele>
      </trkpt>
      <trkpt lat="38.94328" lon="-120.1871">
        <ele>2189.0</ele>
      </trkpt>
      <trkpt lat="38.94315" lon="-120.18702">
        <ele>2191.0</ele>
      </trkpt>
      <trkpt lat="38.94288" lon="-120.18693">
        <ele>2197.0</ele>
      </trkpt>
      <trkpt lat="38.94262" lon="-120.18705">
        <ele>2199.0</ele>
      </trkpt>
      <trkpt lat="38.94232" lon="-120.18709">
        <ele>2197.0</ele>
      </trkpt>
      <trkpt lat="38.94232" lon="-120.18709">
        <ele>2197.0</ele>
      </trkpt>
      <trkpt lat="38.94227" lon="-120.1871">
        <ele>2197.0</ele>
      </trkpt>
      <trkpt lat="38.9423" lon="-120.18682">
        <ele>2196.0</ele>
      </trkpt>
      <trkpt lat="38.94219" lon="-120.18631">
        <ele>2191.0</ele>
      </trkpt>
      <trkpt lat="38.94228" lon="-120.18613">
        <ele>2189.0</ele>
      </trkpt>
      <trkpt lat="38.94217" lon="-120.18555">
        <ele>2189.0</ele>
      </trkpt>
      <trkpt lat="38.94217" lon="-120.1853">
        <ele>2190.0</ele>
      </trkpt>
      <trkpt lat="38.94203" lon="-120.18475">
        <ele>2189.0</ele>
      </trkpt>
      <trkpt lat="38.94187" lon="-120.18454">
        <ele>2188.0</ele>
      </trkpt>
      <trkpt lat="38.94167" lon="-120.18442">
        <ele>2191.0</ele>
      </trkpt>
      <trkpt lat="38.94125" lon="-120.18425">
        <ele>2193.0</ele>
      </trkpt>
      <trkpt lat="38.94121" lon="-120.1842">
        <ele>2193.0</ele>
      </trkpt>
      <trkpt lat="38.94115" lon="-120.18402">
        <ele>2192.0</ele>
      </trkpt>
      <trkpt lat="38.94111" lon="-120.18398">
        <ele>2192.0</ele>
      </trkpt>
      <trkpt lat="38.94102" lon="-120.18399">
        <ele>2192.0</ele>
      </trkpt>
      <trkpt lat="38.94094" lon="-120.18409">
        <ele>2193.0</ele>
      </trkpt>
      <trkpt lat="38.94085" lon="-120.18413">
        <ele>2193.0</ele>
      </trkpt>
      <trkpt lat="38.94079" lon="-120.18411">
        <ele>2193.0</ele>
      </trkpt>
      <trkpt lat="38.94062" lon="-120.18388">
        <ele>2190.0</ele>
      </trkpt>
      <trkpt lat="38.94051" lon="-120.18381">
        <ele>2190.0</ele>
      </trkpt>
      <trkpt lat="38.94033" lon="-120.1838">
        <ele>2188.0</ele>
      </trkpt>
      <trkpt lat="38.94012" lon="-120.1839">
        <ele>2187.0</ele>
      </trkpt>
      <trkpt lat="38.93994" lon="-120.18385">
        <ele>2187.0</ele>
      </trkpt>
      <trkpt lat="38.93994" lon="-120.18385">
        <ele>2187.0</ele>
      </trkpt>
      <trkpt lat="38.93994" lon="-120.18385">
        <ele>2187.0</ele>
      </trkpt>
      <trkpt lat="38.93969" lon="-120.18473">
        <ele>2198.0</ele>
      </trkpt>
      <trkpt lat="38.93921" lon="-120.18616">
        <ele>2203.0</ele>
      </trkpt>
      <trkpt lat="38.93887" lon="-120.18621">
        <ele>2204.0</ele>
      </trkpt>
      <trkpt lat="38.93861" lon="-120.18653">
        <ele>2203.0</ele>
      </trkpt>
      <trkpt lat="38.93848" lon="-120.18652">
        <ele>2203.0</ele>
      </trkpt>
      <trkpt lat="38.93807" lon="-120.18646">
        <ele>2203.0</ele>
      </trkpt>
      <trkpt lat="38.9378" lon="-120.18627">
        <ele>2203.0</ele>
      </trkpt>
      <trkpt lat="38.93757" lon="-120.18601">
        <ele>2199.0</ele>
      </trkpt>
      <trkpt lat="38.93708" lon="-120.18633">
        <ele>2204.0</ele>
      </trkpt>
      <trkpt lat="38.93708" lon="-120.18643">
        <ele>2204.0</ele>
      </trkpt>
      <trkpt lat="38.93717" lon="-120.18662">
        <ele>2202.0</ele>
      </trkpt>
      <trkpt lat="38.93681" lon="-120.18704">
        <ele>2210.0</ele>
      </trkpt>
      <trkpt lat="38.93634" lon="-120.18753">
        <ele>2220.0</ele>
      </trkpt>
      <trkpt lat="38.93553" lon="-120.18757">
        <ele>2228.0</ele>
      </trkpt>
      <trkpt lat="38.9350918389894" lon="-120.187747482941">
        <ele>2238.0</ele>
      </trkpt>
      <trkpt lat="38.9350918400763" lon="-120.187747482941">
        <ele>2238.0</ele>
      </trkpt>
      <trkpt lat="38.93474" lon="-120.18789">
        <ele>2241.0</ele>
      </trkpt>
      <trkpt lat="38.93427" lon="-120.18777">
        <ele>2246.0</ele>
      </trkpt>
      <trkpt lat="38.93422" lon="-120.18788">
        <ele>2246.0</ele>
      </trkpt>
      <trkpt lat="38.93423" lon="-120.18827">
        <ele>2248.0</ele>
      </trkpt>
      <trkpt lat="38.93408" lon="-120.18851">
        <ele>2252.0</ele>
      </trkpt>
      <trkpt lat="38.93386" lon="-120.18876">
        <ele>2254.0</ele>
      </trkpt>
      <trkpt lat="38.93393" lon="-120.189">
        <ele>2254.0</ele>
      </trkpt>
      <trkpt lat="38.93392" lon="-120.18951">
        <ele>2261.0</ele>
      </trkpt>
      <trkpt lat="38.93357" lon="-120.18971">
        <ele>2269.0</ele>
      </trkpt>
      <trkpt lat="38.93344" lon="-120.18986">
        <ele>2268.0</ele>
      </trkpt>
      <trkpt lat="38.93338" lon="-120.19004">
        <ele>2272.0</ele>
      </trkpt>
      <trkpt lat="38.93355" lon="-120.19022">
        <ele>2275.0</ele>
      </trkpt>
      <trkpt lat="38.93368" lon="-120.19043">
        <ele>2283.0</ele>
      </trkpt>
      <trkpt lat="38.93368" lon="-120.19043">
        <ele>2283.0</ele>
      </trkpt>
      <trkpt lat="38.93375" lon="-120.19053">
        <ele>2283.0</ele>
      </trkpt>
      <trkpt lat="38.93374" lon="-120.19067">
        <ele>2283.0</ele>
      </trkpt>
      <trkpt lat="38.93364" lon="-120.1908">
        <ele>2290.0</ele>
      </trkpt>
      <trkpt lat="38.93365" lon="-120.19094">
        <ele>2290.0</ele>
      </trkpt>
      <trkpt lat="38.93374" lon="-120.19109">
        <ele>2297.0</ele>
      </trkpt>
      <trkpt lat="38.93375" lon="-120.19124">
        <ele>2297.0</ele>
      </trkpt>
      <trkpt lat="38.93348" lon="-120.19158">
        <ele>2306.0</ele>
      </trkpt>
      <trkpt lat="38.93339" lon="-120.1918">
        <ele>2305.0</ele>
      </trkpt>
      <trkpt lat="38.93323" lon="-120.19193">
        <ele>2305.0</ele>
      </trkpt>
      <trkpt lat="38.93305" lon="-120.1927">
        <ele>2299.0</ele>
      </trkpt>
      <trkpt lat="38.93288" lon="-120.19283">
        <ele>2300.0</ele>
      </trkpt>
      <trkpt lat="38.9324" lon="-120.19284">
        <ele>2300.0</ele>
      </trkpt>
      <trkpt lat="38.93213" lon="-120.19293">
        <ele>2301.0</ele>
      </trkpt>
      <trkpt lat="38.93199" lon="-120.19303">
        <ele>2300.0</ele>
      </trkpt>
      <trkpt lat="38.93183" lon="-120.1934">
        <ele>2303.0</ele>
      </trkpt>
      <trkpt lat="38.93179" lon="-120.19345">
        <ele>2307.0</ele>
      </trkpt>
      <trkpt lat="38.93166" lon="-120.19336">
        <ele>2307.0</ele>
      </trkpt>
      <trkpt lat="38.93103" lon="-120.19348">
        <ele>2308.0</ele>
      </trkpt>
      <trkpt lat="38.9303" lon="-120.19379">
        <ele>2297.0</ele>
      </trkpt>
      <trkpt lat="38.9303" lon="-120.19379">
        <ele>2297.0</ele>
      </trkpt>
      <trkpt lat="38.9303" lon="-120.19379">
        <ele>2297.0</ele>
      </trkpt>
      <trkpt lat="38.9301" lon="-120.19384">
        <ele>2296.0</ele>
      </trkpt>
      <trkpt lat="38.92991" lon="-120.19399">
        <ele>2296.0</ele>
      </trkpt>
      <trkpt lat="38.92985" lon="-120.19407">
        <ele>2298.0</ele>
      </trkpt>
      <trkpt lat="38.92969" lon="-120.19413">
        <ele>2298.0</ele>
      </trkpt>
      <trkpt lat="38.92942" lon="-120.1941">
        <ele>2301.0</ele>
      </trkpt>
      <trkpt lat="38.92927" lon="-120.19438">
        <ele>2303.0</ele>
      </trkpt>
      <trkpt lat="38.9291" lon="-120.19449">
        <ele>2303.0</ele>
      </trkpt>
      <trkpt lat="38.92896" lon="-120.19472">
        <ele>2312.0</ele>
      </trkpt>
      <trkpt lat="38.92894" lon="-120.19489">
        <ele>2313.0</ele>
      </trkpt>
      <trkpt lat="38.92884" lon="-120.19517">
        <ele>2314.0</ele>
      </trkpt>
      <trkpt lat="38.92857" lon="-120.19523">
        <ele>2323.0</ele>
      </trkpt>
      <trkpt lat="38.92845" lon="-120.19531">
        <ele>2335.0</ele>
      </trkpt>
      <trkpt lat="38.92848" lon="-120.19557">
        <ele>2323.0</ele>
      </trkpt>
      <trkpt lat="38.92848" lon="-120.19608">
        <ele>2327.0</ele>
      </trkpt>
      <trkpt lat="38.92858" lon="-120.19643">
        <ele>2328.0</ele>
      </trkpt>
      <trkpt lat="38.92874" lon="-120.19665">
        <ele>2331.0</ele>
      </trkpt>
      <trkpt lat="38.92876" lon="-120.19676">
        <ele>2330.0</ele>
      </trkpt>
      <trkpt lat="38.92867" lon="-120.19697">
        <ele>2334.0</ele>
      </trkpt>
      <trkpt lat="38.9286" lon="-120.19709">
        <ele>2339.0</ele>
      </trkpt>
      <trkpt lat="38.92812" lon="-120.19738">
        <ele>2356.0</ele>
      </trkpt>
      <trkpt lat="38.92794" lon="-120.19745">
        <ele>2356.0</ele>
      </trkpt>
      <trkpt lat="38.92777" lon="-120.19735">
        <ele>2361.0</ele>
      </trkpt>
      <trkpt lat="38.92761" lon="-120.19737">
        <ele>2365.0</ele>
      </trkpt>
      <trkpt lat="38.92748" lon="-120.19747">
        <ele>2365.0</ele>
      </trkpt>
      <trkpt lat="38.92723" lon="-120.19837">
        <ele>2371.0</ele>
      </trkpt>
      <trkpt lat="38.92707" lon="-120.1987">
        <ele>2382.0</ele>
      </trkpt>
      <trkpt lat="38.92704" lon="-120.19891">
        <ele>2383.0</ele>
      </trkpt>
      <trkpt lat="38.92707" lon="-120.19905">
        <ele>2384.0</ele>
      </trkpt>
      <trkpt lat="38.92699" lon="-120.19943">
        <ele>2385.0</ele>
      </trkpt>
      <trkpt lat="38.92697" lon="-120.19977">
        <ele>2384.0</ele>
      </trkpt>
      <trkpt lat="38.92706" lon="-120.19986">
        <ele>2384.0</ele>
      </trkpt>
      <trkpt lat="38.92717" lon="-120.20006">
        <ele>2382.0</ele>
      </trkpt>
      <trkpt lat="38.92719" lon="-120.20024">
        <ele>2383.0</ele>
      </trkpt>
      <trkpt lat="38.92714" lon="-120.20046">
        <ele>2383.0</ele>
      </trkpt>
      <trkpt lat="38.92711" lon="-120.20113">
        <ele>2386.0</ele>
      </trkpt>
      <trkpt lat="38.92694" lon="-120.2014">
        <ele>2396.0</ele>
      </trkpt>
      <trkpt lat="38.92686" lon="-120.20167">
        <ele>2395.0</ele>
      </trkpt>
      <trkpt lat="38.92685" lon="-120.20199">
        <ele>2395.0</ele>
      </trkpt>
      <trkpt lat="38.92721" lon="-120.2027">
        <ele>2399.0</ele>
      </trkpt>
      <trkpt lat="38.92744" lon="-120.2029">
        <ele>2397.0</ele>
      </trkpt>
      <trkpt lat="38.92751" lon="-120.203">
        <ele>2399.0</ele>
      </trkpt>
      <trkpt lat="38.92752" lon="-120.20324">
        <ele>2400.0</ele>
      </trkpt>
      <trkpt lat="38.92769" lon="-120.20358">
        <ele>2398.0</ele>
      </trkpt>
      <trkpt lat="38.92773" lon="-120.20396">
        <ele>2397.0</ele>
      </trkpt>
      <trkpt lat="38.92794" lon="-120.20473">
        <ele>2396.0</ele>
      </trkpt>
      <trkpt lat="38.92794" lon="-120.20473">
        <ele>2396.0</ele>
      </trkpt>
      <trkpt lat="38.92794" lon="-120.20473">
        <ele>2396.0</ele>
      </trkpt>
      <trkpt lat="38.92789" lon="-120.20514">
        <ele>2399.0</ele>
      </trkpt>
      <trkpt lat="38.92796" lon="-120.20547">
        <ele>2397.0</ele>
      </trkpt>
      <trkpt lat="38.92794" lon="-120.20564">
        <ele>2397.0</ele>
      </trkpt>
      <trkpt lat="38.92772" lon="-120.20586">
        <ele>2400.0</ele>
      </trkpt>
      <trkpt lat="38.92755" lon="-120.20617">
        <ele>2406.0</ele>
      </trkpt>
      <trkpt lat="38.9273786761429" lon="-120.206286811721">
        <ele>2406.0</ele>
      </trkpt>
      <trkpt lat="38.9273786761429" lon="-120.206286811721">
        <ele>2406.0</ele>
      </trkpt>
      <trkpt lat="38.92711" lon="-120.20647">
        <ele>2412.0</ele>
      </trkpt>
      <trkpt lat="38.92689" lon="-120.20671">
        <ele>2416.0</ele>
      </trkpt>
      <trkpt lat="38.92689" lon="-120.20671">
        <ele>2416.0</ele>
      </trkpt>
      <trkpt lat="38.92689" lon="-120.20671">
        <ele>2416.0</ele>
      </trkpt>
      <trkpt lat="38.92647" lon="-120.2066">
        <ele>2433.0</ele>
      </trkpt>
      <trkpt lat="38.92624" lon="-120.20661">
        <ele>2439.0</ele>
      </trkpt>
      <trkpt lat="38.92567" lon="-120.20623">
        <ele>2458.0</ele>
      </trkpt>
      <trkpt lat="38.9255454019637" lon="-120.206083414075">
        <ele>2458.0</ele>
      </trkpt>
      <trkpt lat="38.9255454020036" lon="-120.206083414075">
        <ele>2458.0</ele>
      </trkpt>
      <trkpt lat="38.9255" lon="-120.20603">
        <ele>2458.0</ele>
      </trkpt>
      <trkpt lat="38.92544" lon="-120.2058">
        <ele>2465.0</ele>
      </trkpt>
      <trkpt lat="38.92523" lon="-120.20579">
        <ele>2471.0</ele>
      </trkpt>
      <trkpt lat="38.92523" lon="-120.20579">
        <ele>2471.0</ele>
      </trkpt>
      <trkpt lat="38.92502" lon="-120.2057">
        <ele>2476.0</ele>
      </trkpt>
      <trkpt lat="38.92514" lon="-120.20563">
        <ele>2477.0</ele>
      </trkpt>
      <trkpt lat="38.92523" lon="-120.20547">
        <ele>2477.0</ele>
      </trkpt>
      <trkpt lat="38.92523" lon="-120.20547">
        <ele>2477.0</ele>
      </trkpt>
      <trkpt lat="38.92529" lon="-120.20525">
        <ele>2480.0</ele>
      </trkpt>
      <trkpt lat="38.92523" lon="-120.20514">
        <ele>2480.0</ele>
      </trkpt>
      <trkpt lat="38.92523" lon="-120.20514">
        <ele>2480.0</ele>
      </trkpt>
      <trkpt lat="38.92482" lon="-120.20516">
        <ele>2491.0</ele>
      </trkpt>
      <trkpt lat="38.92478" lon="-120.20485">
        <ele>2497.0</ele>
      </trkpt>
      <trkpt lat="38.9246" lon="-120.20458">
        <ele>2500.0</ele>
      </trkpt>
      <trkpt lat="38.92439" lon="-120.20436">
        <ele>2509.0</ele>
      </trkpt>
      <trkpt lat="38.92425" lon="-120.20429">
        <ele>2518.0</ele>
      </trkpt>
      <trkpt lat="38.92422" lon="-120.20421">
        <ele>2518.0</ele>
      </trkpt>
      <trkpt lat="38.92422" lon="-120.20409">
        <ele>2518.0</ele>
      </trkpt>
      <trkpt lat="38.92428" lon="-120.20382">
        <ele>2519.0</ele>
      </trkpt>
      <trkpt lat="38.92421" lon="-120.20361">
        <ele>2521.0</ele>
      </trkpt>
      <trkpt lat="38.92419" lon="-120.20339">
        <ele>2522.0</ele>
      </trkpt>
      <trkpt lat="38.92419" lon="-120.20313">
        <ele>2525.0</ele>
      </trkpt>
      <trkpt lat="38.92407" lon="-120.20271">
        <ele>2528.0</ele>
      </trkpt>
      <trkpt lat="38.92407" lon="-120.20255">
        <ele>2530.0</ele>
      </trkpt>
      <trkpt lat="38.92394" lon="-120.20215">
        <ele>2539.0</ele>
      </trkpt>
      <trkpt lat="38.9239" lon="-120.20181">
        <ele>2539.0</ele>
      </trkpt>
      <trkpt lat="38.9237" lon="-120.20179">
        <ele>2549.0</ele>
      </trkpt>
      <trkpt lat="38.92364" lon="-120.20168">
        <ele>2549.0</ele>
      </trkpt>
      <trkpt lat="38.92344" lon="-120.20166">
        <ele>2552.0</ele>
      </trkpt>
      <trkpt lat="38.92319" lon="-120.2017">
        <ele>2556.0</ele>
      </trkpt>
      <trkpt lat="38.92304" lon="-120.20188">
        <ele>2559.0</ele>
      </trkpt>
      <trkpt lat="38.92287" lon="-120.20193">
        <ele>2560.0</ele>
      </trkpt>
      <trkpt lat="38.92237" lon="-120.20168">
        <ele>2557.0</ele>
      </trkpt>
      <trkpt lat="38.92209" lon="-120.20166">
        <ele>2554.0</ele>
      </trkpt>
      <trkpt lat="38.92206" lon="-120.20169">
        <ele>2553.0</ele>
      </trkpt>
      <trkpt lat="38.92193" lon="-120.20165">
        <ele>2553.0</ele>
      </trkpt>
      <trkpt lat="38.92193" lon="-120.20165">
        <ele>2553.0</ele>
      </trkpt>
      <trkpt lat="38.92175" lon="-120.20175">
        <ele>2556.0</ele>
      </trkpt>
      <trkpt lat="38.92167" lon="-120.20195">
        <ele>2563.0</ele>
      </trkpt>
      <trkpt lat="38.92156" lon="-120.20206">
        <ele>2563.0</ele>
      </trkpt>
      <trkpt lat="38.92145" lon="-120.20204">
        <ele>2569.0</ele>
      </trkpt>
      <trkpt lat="38.92135" lon="-120.20209">
        <ele>2574.0</ele>
      </trkpt>
      <trkpt lat="38.92106" lon="-120.20239">
        <ele>2577.0</ele>
      </trkpt>
      <trkpt lat="38.92102" lon="-120.2025">
        <ele>2577.0</ele>
      </trkpt>
      <trkpt lat="38.92111" lon="-120.20252">
        <ele>2577.0</ele>
      </trkpt>
      <trkpt lat="38.92107" lon="-120.20263">
        <ele>2577.0</ele>
      </trkpt>
      <trkpt lat="38.92099" lon="-120.20271">
        <ele>2582.0</ele>
      </trkpt>
      <trkpt lat="38.92086" lon="-120.20274">
        <ele>2585.0</ele>
      </trkpt>
      <trkpt lat="38.92068" lon="-120.20297">
        <ele>2590.0</ele>
      </trkpt>
      <trkpt lat="38.92066" lon="-120.20316">
        <ele>2590.0</ele>
      </trkpt>
      <trkpt lat="38.92058" lon="-120.2032">
        <ele>2592.0</ele>
      </trkpt>
      <trkpt lat="38.9204" lon="-120.20367">
        <ele>2595.0</ele>
      </trkpt>
      <trkpt lat="38.92021" lon="-120.20387">
        <ele>2597.0</ele>
      </trkpt>
      <trkpt lat="38.9198" lon="-120.20417">
        <ele>2595.0</ele>
      </trkpt>
      <trkpt lat="38.91952" lon="-120.20449">
        <ele>2592.0</ele>
      </trkpt>
      <trkpt lat="38.91946" lon="-120.20468">
        <ele>2598.0</ele>
      </trkpt>
      <trkpt lat="38.91913" lon="-120.20491">
        <ele>2600.0</ele>
      </trkpt>
      <trkpt lat="38.91904" lon="-120.2051">
        <ele>2600.0</ele>
      </trkpt>
      <trkpt lat="38.91892" lon="-120.20521">
        <ele>2605.0</ele>
      </trkpt>
      <trkpt lat="38.9188" lon="-120.20543">
        <ele>2610.0</ele>
      </trkpt>
      <trkpt lat="38.91851" lon="-120.20581">
        <ele>2617.0</ele>
      </trkpt>
      <trkpt lat="38.91834" lon="-120.20593">
        <ele>2616.0</ele>
      </trkpt>
      <trkpt lat="38.91837" lon="-120.20613">
        <ele>2624.0</ele>
      </trkpt>
      <trkpt lat="38.91817" lon="-120.20621">
        <ele>2625.0</ele>
      </trkpt>
      <trkpt lat="38.91833" lon="-120.20636">
        <ele>2632.0</ele>
      </trkpt>
      <trkpt lat="38.91806" lon="-120.20641">
        <ele>2633.0</ele>
      </trkpt>
      <trkpt lat="38.91786" lon="-120.20669">
        <ele>2648.0</ele>
      </trkpt>
      <trkpt lat="38.91761" lon="-120.2067">
        <ele>2654.0</ele>
      </trkpt>
      <trkpt lat="38.91736" lon="-120.20658">
        <ele>2659.0</ele>
      </trkpt>
      <trkpt lat="38.91722" lon="-120.20654">
        <ele>2659.0</ele>
      </trkpt>
      <trkpt lat="38.9172" lon="-120.20632">
        <ele>2659.0</ele>
      </trkpt>
      <trkpt lat="38.91709" lon="-120.20624">
        <ele>2657.0</ele>
      </trkpt>
      <trkpt lat="38.91648" lon="-120.20616">
        <ele>2661.0</ele>
      </trkpt>
      <trkpt lat="38.91553" lon="-120.20582">
        <ele>2663.0</ele>
      </trkpt>
      <trkpt lat="38.9145" lon="-120.20598">
        <ele>2677.0</ele>
      </trkpt>
      <trkpt lat="38.91426" lon="-120.20598">
        <ele>2676.0</ele>
      </trkpt>
      <trkpt lat="38.91411" lon="-120.20609">
        <ele>2676.0</ele>
      </trkpt>
      <trkpt lat="38.91346" lon="-120.2061">
        <ele>2680.0</ele>
      </trkpt>
      <trkpt lat="38.91252" lon="-120.2062">
        <ele>2682.0</ele>
      </trkpt>
      <trkpt lat="38.91182" lon="-120.20614">
        <ele>2686.0</ele>
      </trkpt>
      <trkpt lat="38.91163" lon="-120.20615">
        <ele>2688.0</ele>
      </trkpt>
      <trkpt lat="38.91119" lon="-120.20603">
        <ele>2702.0</ele>
      </trkpt>
      <trkpt lat="38.91077" lon="-120.20596">
        <ele>2700.0</ele>
      </trkpt>
      <trkpt lat="38.91033" lon="-120.20595">
        <ele>2721.0</ele>
      </trkpt>
      <trkpt lat="38.90986" lon="-120.20579">
        <ele>2747.0</ele>
      </trkpt>
      <trkpt lat="38.91004" lon="-120.20618">
        <ele>2737.0</ele>
      </trkpt>
      <trkpt lat="38.90985" lon="-120.20608">
        <ele>2752.0</ele>
      </trkpt>
      <trkpt lat="38.90953" lon="-120.20609">
        <ele>2763.0</ele>
      </trkpt>
      <trkpt lat="38.90957" lon="-120.20616">
        <ele>2763.0</ele>
      </trkpt>
      <trkpt lat="38.90957" lon="-120.20629">
        <ele>2765.0</ele>
      </trkpt>
      <trkpt lat="38.9094" lon="-120.20629">
        <ele>2765.0</ele>
      </trkpt>
      <trkpt lat="38.9093" lon="-120.20638">
        <ele>2773.0</ele>
      </trkpt>
      <trkpt lat="38.9092" lon="-120.20639">
        <ele>2773.0</ele>
      </trkpt>
      <trkpt lat="38.90895" lon="-120.20616">
        <ele>2779.0</ele>
      </trkpt>
      <trkpt lat="38.90882" lon="-120.20587">
        <ele>2778.0</ele>
      </trkpt>
      <trkpt lat="38.9087" lon="-120.20574">
        <ele>2789.0</ele>
      </trkpt>
      <trkpt lat="38.90857" lon="-120.20569">
        <ele>2789.0</ele>
      </trkpt>
      <trkpt lat="38.90844" lon="-120.20569">
        <ele>2800.0</ele>
      </trkpt>
      <trkpt lat="38.9083" lon="-120.20556">
        <ele>2800.0</ele>
      </trkpt>
      <trkpt lat="38.90813" lon="-120.20567">
        <ele>2805.0</ele>
      </trkpt>
      <trkpt lat="38.90813" lon="-120.20567">
        <ele>2805.0</ele>
      </trkpt>
      <trkpt lat="38.90799" lon="-120.20578">
        <ele>2803.0</ele>
      </trkpt>
      <trkpt lat="38.9078" lon="-120.20585">
        <ele>2802.0</ele>
      </trkpt>
      <trkpt lat="38.90767" lon="-120.20576">
        <ele>2802.0</ele>
      </trkpt>
      <trkpt lat="38.90752" lon="-120.20572">
        <ele>2798.0</ele>
      </trkpt>
      <trkpt lat="38.90738" lon="-120.20581">
        <ele>2798.0</ele>
      </trkpt>
      <trkpt lat="38.9072" lon="-120.20606">
        <ele>2795.0</ele>
      </trkpt>
      <trkpt lat="38.9069" lon="-120.20663">
        <ele>2790.0</ele>
      </trkpt>
      <trkpt lat="38.90675" lon="-120.20679">
        <ele>2781.0</ele>
      </trkpt>
      <trkpt lat="38.90655" lon="-120.20683">
        <ele>2781.0</ele>
      </trkpt>
      <trkpt lat="38.90642" lon="-120.20695">
        <ele>2774.0</ele>
      </trkpt>
      <trkpt lat="38.90619" lon="-120.20703">
        <ele>2768.0</ele>
      </trkpt>
      <trkpt lat="38.90616" lon="-120.20699">
        <ele>2768.0</ele>
      </trkpt>
      <trkpt lat="38.90583" lon="-120.20692">
        <ele>2764.0</ele>
      </trkpt>
      <trkpt lat="38.90565" lon="-120.2067">
        <ele>2762.0</ele>
      </trkpt>
      <trkpt lat="38.90553" lon="-120.20649">
        <ele>2763.0</ele>
      </trkpt>
      <trkpt lat="38.90542" lon="-120.20639">
        <ele>2763.0</ele>
      </trkpt>
      <trkpt lat="38.90519" lon="-120.20634">
        <ele>2760.0</ele>
      </trkpt>
      <trkpt lat="38.90502" lon="-120.20604">
        <ele>2760.0</ele>
      </trkpt>
      <trkpt lat="38.9048" lon="-120.20602">
        <ele>2754.0</ele>
      </trkpt>
      <trkpt lat="38.90444" lon="-120.20629">
        <ele>2748.0</ele>
      </trkpt>
      <trkpt lat="38.90435" lon="-120.20653">
        <ele>2747.0</ele>
      </trkpt>
      <trkpt lat="38.90398" lon="-120.2065">
        <ele>2739.0</ele>
      </trkpt>
      <trkpt lat="38.90347" lon="-120.20623">
        <ele>2756.0</ele>
      </trkpt>
      <trkpt lat="38.90306" lon="-120.20651">
        <ele>2752.0</ele>
      </trkpt>
      <trkpt lat="38.9026" lon="-120.20729">
        <ele>2742.0</ele>
      </trkpt>
      <trkpt lat="38.90254" lon="-120.20757">
        <ele>2737.0</ele>
      </trkpt>
      <trkpt lat="38.90231" lon="-120.20794">
        <ele>2723.0</ele>
      </trkpt>
      <trkpt lat="38.90214" lon="-120.20809">
        <ele>2723.0</ele>
      </trkpt>
      <trkpt lat="38.90212" lon="-120.20823">
        <ele>2714.0</ele>
      </trkpt>
      <trkpt lat="38.90193" lon="-120.20875">
        <ele>2713.0</ele>
      </trkpt>
      <trkpt lat="38.90164" lon="-120.20915">
        <ele>2705.0</ele>
      </trkpt>
      <trkpt lat="38.90137" lon="-120.2094">
        <ele>2707.0</ele>
      </trkpt>
      <trkpt lat="38.90099" lon="-120.21018">
        <ele>2694.0</ele>
      </trkpt>
      <trkpt lat="38.90066" lon="-120.21073">
        <ele>2690.0</ele>
      </trkpt>
      <trkpt lat="38.90058" lon="-120.21103">
        <ele>2685.0</ele>
      </trkpt>
      <trkpt lat="38.90021" lon="-120.21145">
        <ele>2682.0</ele>
      </trkpt>
      <trkpt lat="38.89954" lon="-120.2121">
        <ele>2661.0</ele>
      </trkpt>
      <trkpt lat="38.89934" lon="-120.21214">
        <ele>2661.0</ele>
      </trkpt>
      <trkpt lat="38.8993" lon="-120.2124">
        <ele>2657.0</ele>
      </trkpt>
      <trkpt lat="38.8993" lon="-120.2124">
        <ele>2657.0</ele>
      </trkpt>
      <trkpt lat="38.89927" lon="-120.21261">
        <ele>2657.0</ele>
      </trkpt>
      <trkpt lat="38.89937" lon="-120.21299">
        <ele>2653.0</ele>
      </trkpt>
      <trkpt lat="38.89926" lon="-120.21324">
        <ele>2647.0</ele>
      </trkpt>
      <trkpt lat="38.89905" lon="-120.21397">
        <ele>2640.0</ele>
      </trkpt>
      <trkpt lat="38.89894" lon="-120.21404">
        <ele>2632.0</ele>
      </trkpt>
      <trkpt lat="38.89897" lon="-120.21419">
        <ele>2632.0</ele>
      </trkpt>
      <trkpt lat="38.89881" lon="-120.21482">
        <ele>2633.0</ele>
      </trkpt>
      <trkpt lat="38.8988" lon="-120.21508">
        <ele>2635.0</ele>
      </trkpt>
      <trkpt lat="38.89864" lon="-120.21584">
        <ele>2625.0</ele>
      </trkpt>
      <trkpt lat="38.89864" lon="-120.21606">
        <ele>2622.0</ele>
      </trkpt>
      <trkpt lat="38.89859" lon="-120.21614">
        <ele>2622.0</ele>
      </trkpt>
      <trkpt lat="38.89854" lon="-120.21629">
        <ele>2617.0</ele>
      </trkpt>
      <trkpt lat="38.89848" lon="-120.2167">
        <ele>2616.0</ele>
      </trkpt>
      <trkpt lat="38.89806" lon="-120.21748">
        <ele>2599.0</ele>
      </trkpt>
      <trkpt lat="38.89804" lon="-120.21793">
        <ele>2598.0</ele>
      </trkpt>
      <trkpt lat="38.8979" lon="-120.21833">
        <ele>2593.0</ele>
      </trkpt>
      <trkpt lat="38.89768" lon="-120.21839">
        <ele>2593.0</ele>
      </trkpt>
      <trkpt lat="38.89704" lon="-120.21864">
        <ele>2577.0</ele>
      </trkpt>
      <trkpt lat="38.89672" lon="-120.21891">
        <ele>2576.0</ele>
      </trkpt>
      <trkpt lat="38.89652" lon="-120.21924">
        <ele>2575.0</ele>
      </trkpt>
      <trkpt lat="38.89644" lon="-120.21928">
        <ele>2575.0</ele>
      </trkpt>
      <trkpt lat="38.89635" lon="-120.21927">
        <ele>2575.0</ele>
      </trkpt>
      <trkpt lat="38.89624" lon="-120.21937">
        <ele>2569.0</ele>
      </trkpt>
      <trkpt lat="38.89612" lon="-120.21936">
        <ele>2569.0</ele>
      </trkpt>
      <trkpt lat="38.89608" lon="-120.21953">
        <ele>2569.0</ele>
      </trkpt>
      <trkpt lat="38.89586" lon="-120.21965">
        <ele>2564.0</ele>
      </trkpt>
      <trkpt lat="38.89572" lon="-120.21982">
        <ele>2564.0</ele>
      </trkpt>
      <trkpt lat="38.89569" lon="-120.22008">
        <ele>2563.0</ele>
      </trkpt>
      <trkpt lat="38.89578" lon="-120.22023">
        <ele>2560.0</ele>
      </trkpt>
      <trkpt lat="38.89567" lon="-120.22069">
        <ele>2560.0</ele>
      </trkpt>
      <trkpt lat="38.89542" lon="-120.22148">
        <ele>2543.0</ele>
      </trkpt>
      <trkpt lat="38.8955" lon="-120.22165">
        <ele>2530.0</ele>
      </trkpt>
      <trkpt lat="38.8956" lon="-120.22168">
        <ele>2530.0</ele>
      </trkpt>
      <trkpt lat="38.8956" lon="-120.22185">
        <ele>2519.0</ele>
      </trkpt>
      <trkpt lat="38.89546" lon="-120.22217">
        <ele>2511.0</ele>
      </trkpt>
      <trkpt lat="38.89508" lon="-120.22242">
        <ele>2510.0</ele>
      </trkpt>
      <trkpt lat="38.89499" lon="-120.22271">
        <ele>2500.0</ele>
      </trkpt>
      <trkpt lat="38.89505" lon="-120.22299">
        <ele>2493.0</ele>
      </trkpt>
      <trkpt lat="38.89518" lon="-120.22324">
        <ele>2482.0</ele>
      </trkpt>
      <trkpt lat="38.89583" lon="-120.22349">
        <ele>2465.0</ele>
      </trkpt>
      <trkpt lat="38.89593" lon="-120.22339">
        <ele>2471.0</ele>
      </trkpt>
      <trkpt lat="38.89602" lon="-120.22358">
        <ele>2454.0</ele>
      </trkpt>
      <trkpt lat="38.89596" lon="-120.22386">
        <ele>2458.0</ele>
      </trkpt>
      <trkpt lat="38.89604" lon="-120.22402">
        <ele>2448.0</ele>
      </trkpt>
      <trkpt lat="38.8962" lon="-120.22461">
        <ele>2434.0</ele>
      </trkpt>
      <trkpt lat="38.89619" lon="-120.22483">
        <ele>2434.0</ele>
      </trkpt>
      <trkpt lat="38.89625" lon="-120.22509">
        <ele>2431.0</ele>
      </trkpt>
      <trkpt lat="38.89625" lon="-120.22567">
        <ele>2420.0</ele>
      </trkpt>
      <trkpt lat="38.89655" lon="-120.22615">
        <ele>2400.0</ele>
      </trkpt>
      <trkpt lat="38.89665" lon="-120.2265">
        <ele>2395.0</ele>
      </trkpt>
      <trkpt lat="38.89663" lon="-120.22677">
        <ele>2393.0</ele>
      </trkpt>
      <trkpt lat="38.89647" lon="-120.22718">
        <ele>2388.0</ele>
      </trkpt>
      <trkpt lat="38.89637" lon="-120.22722">
        <ele>2388.0</ele>
      </trkpt>
      <trkpt lat="38.89616" lon="-120.22757">
        <ele>2382.0</ele>
      </trkpt>
      <trkpt lat="38.89612" lon="-120.22776">
        <ele>2381.0</ele>
      </trkpt>
      <trkpt lat="38.89585" lon="-120.22846">
        <ele>2375.0</ele>
      </trkpt>
      <trkpt lat="38.89574" lon="-120.22859">
        <ele>2374.0</ele>
      </trkpt>
      <trkpt lat="38.89572" lon="-120.22911">
        <ele>2366.0</ele>
      </trkpt>
      <trkpt lat="38.89574" lon="-120.22961">
        <ele>2363.0</ele>
      </trkpt>
      <trkpt lat="38.8956" lon="-120.22988">
        <ele>2366.0</ele>
      </trkpt>
      <trkpt lat="38.89531" lon="-120.23019">
        <ele>2369.0</ele>
      </trkpt>
      <trkpt lat="38.89522" lon="-120.2305">
        <ele>2370.0</ele>
      </trkpt>
      <trkpt lat="38.89529" lon="-120.23065">
        <ele>2370.0</ele>
      </trkpt>
      <trkpt lat="38.89525" lon="-120.23093">
        <ele>2366.0</ele>
      </trkpt>
      <trkpt lat="38.8951" lon="-120.23145">
        <ele>2359.0</ele>
      </trkpt>
      <trkpt lat="38.89512" lon="-120.23164">
        <ele>2359.0</ele>
      </trkpt>
      <trkpt lat="38.8951" lon="-120.2318">
        <ele>2359.0</ele>
      </trkpt>
      <trkpt lat="38.89504" lon="-120.23202">
        <ele>2358.0</ele>
      </trkpt>
      <trkpt lat="38.89483" lon="-120.2321">
        <ele>2359.0</ele>
      </trkpt>
      <trkpt lat="38.89451" lon="-120.23254">
        <ele>2357.0</ele>
      </trkpt>
      <trkpt lat="38.89433" lon="-120.23273">
        <ele>2356.0</ele>
      </trkpt>
      <trkpt lat="38.89417" lon="-120.2328">
        <ele>2355.0</ele>
      </trkpt>
      <trkpt lat="38.89417" lon="-120.2328">
        <ele>2355.0</ele>
      </trkpt>
      <trkpt lat="38.89383" lon="-120.2328">
        <ele>2352.0</ele>
      </trkpt>
      <trkpt lat="38.8936850986326" lon="-120.232745113118">
        <ele>2350.0</ele>
      </trkpt>
      <trkpt lat="38.8929701618844" lon="-120.232400894165">
        <ele>2349.0</ele>
      </trkpt>
      <trkpt lat="38.892970423773" lon="-120.232400317745">
        <ele>2349.0</ele>
      </trkpt>
      <trkpt lat="38.89289" lon="-120.23234">
        <ele>2347.0</ele>
      </trkpt>
      <trkpt lat="38.89281" lon="-120.23234">
        <ele>2347.0</ele>
      </trkpt>
      <trkpt lat="38.8927" lon="-120.23246">
        <ele>2345.0</ele>
      </trkpt>
      <trkpt lat="38.89258" lon="-120.23247">
        <ele>2338.0</ele>
      </trkpt>
      <trkpt lat="38.89246" lon="-120.23256">
        <ele>2338.0</ele>
      </trkpt>
      <trkpt lat="38.89197" lon="-120.23236">
        <ele>2335.0</ele>
      </trkpt>
      <trkpt lat="38.89163" lon="-120.23205">
        <ele>2337.0</ele>
      </trkpt>
      <trkpt lat="38.89153" lon="-120.23178">
        <ele>2336.0</ele>
      </trkpt>
      <trkpt lat="38.89135" lon="-120.23145">
        <ele>2332.0</ele>
      </trkpt>
      <trkpt lat="38.89103" lon="-120.23119">
        <ele>2323.0</ele>
      </trkpt>
      <trkpt lat="38.89103" lon="-120.23119">
        <ele>2323.0</ele>
      </trkpt>
      <trkpt lat="38.89088" lon="-120.23107">
        <ele>2317.0</ele>
      </trkpt>
      <trkpt lat="38.8909" lon="-120.23084">
        <ele>2319.0</ele>
      </trkpt>
      <trkpt lat="38.89062" lon="-120.23065">
        <ele>2311.0</ele>
      </trkpt>
      <trkpt lat="38.89062" lon="-120.23052">
        <ele>2311.0</ele>
      </trkpt>
      <trkpt lat="38.89045" lon="-120.23021">
        <ele>2312.0</ele>
      </trkpt>
      <trkpt lat="38.89008" lon="-120.22942">
        <ele>2309.0</ele>
      </trkpt>
      <trkpt lat="38.88991" lon="-120.22934">
        <ele>2309.0</ele>
      </trkpt>
      <trkpt lat="38.88972" lon="-120.22891">
        <ele>2300.0</ele>
      </trkpt>
      <trkpt lat="38.88943" lon="-120.22848">
        <ele>2301.0</ele>
      </trkpt>
      <trkpt lat="38.88912" lon="-120.22815">
        <ele>2301.0</ele>
      </trkpt>
      <trkpt lat="38.8891" lon="-120.22762">
        <ele>2303.0</ele>
      </trkpt>
      <trkpt lat="38.889" lon="-120.22751">
        <ele>2305.0</ele>
      </trkpt>
      <trkpt lat="38.88899" lon="-120.22731">
        <ele>2306.0</ele>
      </trkpt>
      <trkpt lat="38.88894" lon="-120.2272">
        <ele>2306.0</ele>
      </trkpt>
      <trkpt lat="38.8888" lon="-120.22701">
        <ele>2306.0</ele>
      </trkpt>
      <trkpt lat="38.88853" lon="-120.22635">
        <ele>2304.0</ele>
      </trkpt>
      <trkpt lat="38.88838" lon="-120.22616">
        <ele>2305.0</ele>
      </trkpt>
      <trkpt lat="38.88813" lon="-120.22616">
        <ele>2307.0</ele>
      </trkpt>
      <trkpt lat="38.88781" lon="-120.22635">
        <ele>2304.0</ele>
      </trkpt>
      <trkpt lat="38.88726" lon="-120.22598">
        <ele>2304.0</ele>
      </trkpt>
      <trkpt lat="38.88688" lon="-120.22539">
        <ele>2313.0</ele>
      </trkpt>
      <trkpt lat="38.8868" lon="-120.22513">
        <ele>2314.0</ele>
      </trkpt>
      <trkpt lat="38.88688" lon="-120.22489">
        <ele>2313.0</ele>
      </trkpt>
      <trkpt lat="38.8867" lon="-120.22477">
        <ele>2312.0</ele>
      </trkpt>
      <trkpt lat="38.88621" lon="-120.22403">
        <ele>2310.0</ele>
      </trkpt>
      <trkpt lat="38.88595" lon="-120.22378">
        <ele>2305.0</ele>
      </trkpt>
      <trkpt lat="38.88587" lon="-120.22367">
        <ele>2302.0</ele>
      </trkpt>
      <trkpt lat="38.88583" lon="-120.22353">
        <ele>2302.0</ele>
      </trkpt>
      <trkpt lat="38.8857" lon="-120.2229">
        <ele>2299.0</ele>
      </trkpt>
      <trkpt lat="38.88578" lon="-120.22218">
        <ele>2297.0</ele>
      </trkpt>
      <trkpt lat="38.88577" lon="-120.2217">
        <ele>2294.0</ele>
      </trkpt>
      <trkpt lat="38.88581" lon="-120.22152">
        <ele>2290.0</ele>
      </trkpt>
      <trkpt lat="38.88588" lon="-120.2214">
        <ele>2290.0</ele>
      </trkpt>
      <trkpt lat="38.88599" lon="-120.2211">
        <ele>2291.0</ele>
      </trkpt>
      <trkpt lat="38.8862" lon="-120.22062">
        <ele>2278.0</ele>
      </trkpt>
      <trkpt lat="38.88636" lon="-120.22042">
        <ele>2284.0</ele>
      </trkpt>
      <trkpt lat="38.8865" lon="-120.22035">
        <ele>2278.0</ele>
      </trkpt>
      <trkpt lat="38.88656" lon="-120.22025">
        <ele>2288.0</ele>
      </trkpt>
      <trkpt lat="38.88673" lon="-120.22012">
        <ele>2283.0</ele>
      </trkpt>
      <trkpt lat="38.88696" lon="-120.21981">
        <ele>2279.0</ele>
      </trkpt>
      <trkpt lat="38.88701" lon="-120.21967">
        <ele>2279.0</ele>
      </trkpt>
      <trkpt lat="38.88732" lon="-120.21952">
        <ele>2279.0</ele>
      </trkpt>
      <trkpt lat="38.88745" lon="-120.21915">
        <ele>2283.0</ele>
      </trkpt>
      <trkpt lat="38.88752" lon="-120.21904">
        <ele>2283.0</ele>
      </trkpt>
      <trkpt lat="38.88774" lon="-120.21894">
        <ele>2282.0</ele>
      </trkpt>
      <trkpt lat="38.88777" lon="-120.21882">
        <ele>2282.0</ele>
      </trkpt>
      <trkpt lat="38.88771" lon="-120.21855">
        <ele>2279.0</ele>
      </trkpt>
      <trkpt lat="38.88778" lon="-120.2183">
        <ele>2275.0</ele>
      </trkpt>
      <trkpt lat="38.8876" lon="-120.21776">
        <ele>2276.0</ele>
      </trkpt>
      <trkpt lat="38.88767" lon="-120.21715">
        <ele>2275.0</ele>
      </trkpt>
      <trkpt lat="38.88753" lon="-120.21701">
        <ele>2277.0</ele>
      </trkpt>
      <trkpt lat="38.8875266725718" lon="-120.217005706693">
        <ele>2277.0</ele>
      </trkpt>
      <trkpt lat="38.88743" lon="-120.21713">
        <ele>2274.0</ele>
      </trkpt>
      <trkpt lat="38.887" lon="-120.21758">
        <ele>2277.0</ele>
      </trkpt>
      <trkpt lat="38.88688" lon="-120.21778">
        <ele>2277.0</ele>
      </trkpt>
      <trkpt lat="38.88675" lon="-120.21784">
        <ele>2277.0</ele>
      </trkpt>
      <trkpt lat="38.88664" lon="-120.21784">
        <ele>2277.0</ele>
      </trkpt>
      <trkpt lat="38.88656" lon="-120.2178">
        <ele>2277.0</ele>
      </trkpt>
      <trkpt lat="38.88651" lon="-120.21781">
        <ele>2279.0</ele>
      </trkpt>
      <trkpt lat="38.88642" lon="-120.2179">
        <ele>2279.0</ele>
      </trkpt>
      <trkpt lat="38.88628" lon="-120.21811">
        <ele>2278.0</ele>
      </trkpt>
      <trkpt lat="38.88624" lon="-120.21823">
        <ele>2278.0</ele>
      </trkpt>
      <trkpt lat="38.88624" lon="-120.21832">
        <ele>2278.0</ele>
      </trkpt>
      <trkpt lat="38.88626" lon="-120.21835">
        <ele>2276.0</ele>
      </trkpt>
      <trkpt lat="38.88632" lon="-120.21834">
        <ele>2276.0</ele>
      </trkpt>
      <trkpt lat="38.88638" lon="-120.21827">
        <ele>2276.0</ele>
      </trkpt>
      <trkpt lat="38.88648" lon="-120.21834">
        <ele>2276.0</ele>
      </trkpt>
      <trkpt lat="38.88657" lon="-120.21849">
        <ele>2270.0</ele>
      </trkpt>
      <trkpt lat="38.8866" lon="-120.21868">
        <ele>2270.0</ele>
      </trkpt>
      <trkpt lat="38.88657" lon="-120.21886">
        <ele>2269.0</ele>
      </trkpt>
      <trkpt lat="38.88651" lon="-120.21894">
        <ele>2267.0</ele>
      </trkpt>
      <trkpt lat="38.88631" lon="-120.21902">
        <ele>2267.0</ele>
      </trkpt>
      <trkpt lat="38.88609" lon="-120.21924">
        <ele>2260.0</ele>
      </trkpt>
      <trkpt lat="38.88591" lon="-120.21933">
        <ele>2255.0</ele>
      </trkpt>
      <trkpt lat="38.88582" lon="-120.21942">
        <ele>2255.0</ele>
      </trkpt>
      <trkpt lat="38.88581" lon="-120.21956">
        <ele>2255.0</ele>
      </trkpt>
      <trkpt lat="38.88577" lon="-120.21961">
        <ele>2254.0</ele>
      </trkpt>
      <trkpt lat="38.88566" lon="-120.21967">
        <ele>2253.0</ele>
      </trkpt>
      <trkpt lat="38.8854" lon="-120.21963">
        <ele>2254.0</ele>
      </trkpt>
      <trkpt lat="38.88513" lon="-120.21963">
        <ele>2252.0</ele>
      </trkpt>
      <trkpt lat="38.885" lon="-120.21969">
        <ele>2252.0</ele>
      </trkpt>
      <trkpt lat="38.88479" lon="-120.21984">
        <ele>2251.0</ele>
      </trkpt>
      <trkpt lat="38.88466" lon="-120.21986">
        <ele>2251.0</ele>
      </trkpt>
      <trkpt lat="38.88451" lon="-120.21984">
        <ele>2254.0</ele>
      </trkpt>
      <trkpt lat="38.88438" lon="-120.21977">
        <ele>2254.0</ele>
      </trkpt>
      <trkpt lat="38.88422" lon="-120.21975">
        <ele>2252.0</ele>
      </trkpt>
      <trkpt lat="38.88401" lon="-120.21981">
        <ele>2248.0</ele>
      </trkpt>
      <trkpt lat="38.88364" lon="-120.21965">
        <ele>2247.0</ele>
      </trkpt>
      <trkpt lat="38.88348" lon="-120.21964">
        <ele>2247.0</ele>
      </trkpt>
      <trkpt lat="38.8834" lon="-120.21972">
        <ele>2250.0</ele>
      </trkpt>
      <trkpt lat="38.88329" lon="-120.21991">
        <ele>2251.0</ele>
      </trkpt>
      <trkpt lat="38.88311" lon="-120.22001">
        <ele>2254.0</ele>
      </trkpt>
      <trkpt lat="38.88307" lon="-120.22009">
        <ele>2254.0</ele>
      </trkpt>
      <trkpt lat="38.88305" lon="-120.2203">
        <ele>2253.0</ele>
      </trkpt>
      <trkpt lat="38.88313" lon="-120.22051">
        <ele>2250.0</ele>
      </trkpt>
      <trkpt lat="38.88313" lon="-120.22086">
        <ele>2248.0</ele>
      </trkpt>
      <trkpt lat="38.88312" lon="-120.22097">
        <ele>2248.0</ele>
      </trkpt>
      <trkpt lat="38.88303" lon="-120.22125">
        <ele>2244.0</ele>
      </trkpt>
      <trkpt lat="38.88307" lon="-120.22147">
        <ele>2240.0</ele>
      </trkpt>
      <trkpt lat="38.88301" lon="-120.2217">
        <ele>2236.0</ele>
      </trkpt>
      <trkpt lat="38.88278" lon="-120.22199">
        <ele>2232.0</ele>
      </trkpt>
      <trkpt lat="38.88244" lon="-120.22222">
        <ele>2232.0</ele>
      </trkpt>
      <trkpt lat="38.88226" lon="-120.22244">
        <ele>2232.0</ele>
      </trkpt>
      <trkpt lat="38.88185" lon="-120.22285">
        <ele>2231.0</ele>
      </trkpt>
      <trkpt lat="38.88141" lon="-120.22313">
        <ele>2224.0</ele>
      </trkpt>
      <trkpt lat="38.88108" lon="-120.22307">
        <ele>2223.0</ele>
      </trkpt>
      <trkpt lat="38.88067" lon="-120.22291">
        <ele>2224.0</ele>
      </trkpt>
      <trkpt lat="38.88061" lon="-120.22291">
        <ele>2224.0</ele>
      </trkpt>
      <trkpt lat="38.88051" lon="-120.22298">
        <ele>2221.0</ele>
      </trkpt>
      <trkpt lat="38.88048" lon="-120.22297">
        <ele>2221.0</ele>
      </trkpt>
      <trkpt lat="38.88024" lon="-120.2228">
        <ele>2227.0</ele>
      </trkpt>
      <trkpt lat="38.88016" lon="-120.22279">
        <ele>2227.0</ele>
      </trkpt>
      <trkpt lat="38.87985" lon="-120.223">
        <ele>2227.0</ele>
      </trkpt>
      <trkpt lat="38.87946" lon="-120.22315">
        <ele>2230.0</ele>
      </trkpt>
      <trkpt lat="38.87913" lon="-120.22333">
        <ele>2233.0</ele>
      </trkpt>
      <trkpt lat="38.8788" lon="-120.22336">
        <ele>2241.0</ele>
      </trkpt>
      <trkpt lat="38.87872" lon="-120.22323">
        <ele>2243.0</ele>
      </trkpt>
      <trkpt lat="38.87864" lon="-120.22319">
        <ele>2248.0</ele>
      </trkpt>
      <trkpt lat="38.87833" lon="-120.2234">
        <ele>2247.0</ele>
      </trkpt>
      <trkpt lat="38.8778" lon="-120.22352">
        <ele>2243.0</ele>
      </trkpt>
      <trkpt lat="38.87758" lon="-120.22362">
        <ele>2247.0</ele>
      </trkpt>
      <trkpt lat="38.87751" lon="-120.22361">
        <ele>2247.0</ele>
      </trkpt>
      <trkpt lat="38.87745" lon="-120.22355">
        <ele>2247.0</ele>
      </trkpt>
      <trkpt lat="38.87741" lon="-120.22342">
        <ele>2255.0</ele>
      </trkpt>
      <trkpt lat="38.87731" lon="-120.22342">
        <ele>2259.0</ele>
      </trkpt>
      <trkpt lat="38.87713" lon="-120.22354">
        <ele>2252.0</ele>
      </trkpt>
      <trkpt lat="38.87706" lon="-120.22349">
        <ele>2258.0</ele>
      </trkpt>
      <trkpt lat="38.87702" lon="-120.22338">
        <ele>2261.0</ele>
      </trkpt>
      <trkpt lat="38.87699" lon="-120.22326">
        <ele>2261.0</ele>
      </trkpt>
      <trkpt lat="38.87702" lon="-120.22315">
        <ele>2263.0</ele>
      </trkpt>
      <trkpt lat="38.87701" lon="-120.22307">
        <ele>2263.0</ele>
      </trkpt>
      <trkpt lat="38.87692" lon="-120.22289">
        <ele>2267.0</ele>
      </trkpt>
      <trkpt lat="38.87687" lon="-120.22284">
        <ele>2267.0</ele>
      </trkpt>
      <trkpt lat="38.87649" lon="-120.22271">
        <ele>2262.0</ele>
      </trkpt>
      <trkpt lat="38.87634" lon="-120.2227">
        <ele>2262.0</ele>
      </trkpt>
      <trkpt lat="38.87624" lon="-120.22258">
        <ele>2264.0</ele>
      </trkpt>
      <trkpt lat="38.87582" lon="-120.2225">
        <ele>2263.0</ele>
      </trkpt>
      <trkpt lat="38.87566" lon="-120.22242">
        <ele>2264.0</ele>
      </trkpt>
      <trkpt lat="38.87546" lon="-120.22239">
        <ele>2264.0</ele>
      </trkpt>
      <trkpt lat="38.8751" lon="-120.22198">
        <ele>2262.0</ele>
      </trkpt>
      <trkpt lat="38.87504" lon="-120.22185">
        <ele>2262.0</ele>
      </trkpt>
      <trkpt lat="38.87468" lon="-120.22148">
        <ele>2252.0</ele>
      </trkpt>
      <trkpt lat="38.87423" lon="-120.22134">
        <ele>2257.0</ele>
      </trkpt>
      <trkpt lat="38.87393" lon="-120.22145">
        <ele>2257.0</ele>
      </trkpt>
      <trkpt lat="38.87393" lon="-120.22145">
        <ele>2257.0</ele>
      </trkpt>
      <trkpt lat="38.8738" lon="-120.22147">
        <ele>2257.0</ele>
      </trkpt>
      <trkpt lat="38.87371" lon="-120.22154">
        <ele>2253.0</ele>
      </trkpt>
      <trkpt lat="38.8736" lon="-120.22169">
        <ele>2253.0</ele>
      </trkpt>
      <trkpt lat="38.87354" lon="-120.22173">
        <ele>2253.0</ele>
      </trkpt>
      <trkpt lat="38.87321" lon="-120.22183">
        <ele>2249.0</ele>
      </trkpt>
      <trkpt lat="38.87312" lon="-120.22188">
        <ele>2240.0</ele>
      </trkpt>
      <trkpt lat="38.87305" lon="-120.22197">
        <ele>2240.0</ele>
      </trkpt>
      <trkpt lat="38.87286" lon="-120.22206">
        <ele>2236.0</ele>
      </trkpt>
      <trkpt lat="38.87265" lon="-120.22201">
        <ele>2236.0</ele>
      </trkpt>
      <trkpt lat="38.87265" lon="-120.22203">
        <ele>2236.0</ele>
      </trkpt>
      <trkpt lat="38.87249" lon="-120.22201">
        <ele>2229.0</ele>
      </trkpt>
      <trkpt lat="38.8723" lon="-120.22207">
        <ele>2224.0</ele>
      </trkpt>
      <trkpt lat="38.87203" lon="-120.22223">
        <ele>2221.0</ele>
      </trkpt>
      <trkpt lat="38.8719" lon="-120.22233">
        <ele>2221.0</ele>
      </trkpt>
      <trkpt lat="38.87181" lon="-120.22246">
        <ele>2221.0</ele>
      </trkpt>
      <trkpt lat="38.87155" lon="-120.22298">
        <ele>2216.0</ele>
      </trkpt>
      <trkpt lat="38.8715" lon="-120.22303">
        <ele>2213.0</ele>
      </trkpt>
      <trkpt lat="38.87145" lon="-120.22299">
        <ele>2213.0</ele>
      </trkpt>
      <trkpt lat="38.87139" lon="-120.22285">
        <ele>2213.0</ele>
      </trkpt>
      <trkpt lat="38.87136" lon="-120.22268">
        <ele>2213.0</ele>
      </trkpt>
      <trkpt lat="38.8711" lon="-120.22252">
        <ele>2216.0</ele>
      </trkpt>
      <trkpt lat="38.87094" lon="-120.22238">
        <ele>2214.0</ele>
      </trkpt>
      <trkpt lat="38.8707" lon="-120.2218">
        <ele>2210.0</ele>
      </trkpt>
      <trkpt lat="38.87064" lon="-120.22174">
        <ele>2208.0</ele>
      </trkpt>
      <trkpt lat="38.87041" lon="-120.22168">
        <ele>2208.0</ele>
      </trkpt>
      <trkpt lat="38.87029" lon="-120.22158">
        <ele>2208.0</ele>
      </trkpt>
      <trkpt lat="38.87001" lon="-120.22155">
        <ele>2206.0</ele>
      </trkpt>
      <trkpt lat="38.86977" lon="-120.2214">
        <ele>2209.0</ele>
      </trkpt>
      <trkpt lat="38.86951" lon="-120.2214">
        <ele>2212.0</ele>
      </trkpt>
      <trkpt lat="38.86925" lon="-120.22123">
        <ele>2214.0</ele>
      </trkpt>
      <trkpt lat="38.86925" lon="-120.22123">
        <ele>2214.0</ele>
      </trkpt>
      <trkpt lat="38.86925" lon="-120.22123">
        <ele>2214.0</ele>
      </trkpt>
      <trkpt lat="38.86918" lon="-120.22138">
        <ele>2214.0</ele>
      </trkpt>
      <trkpt lat="38.86902" lon="-120.22148">
        <ele>2217.0</ele>
      </trkpt>
      <trkpt lat="38.86895" lon="-120.22186">
        <ele>2222.0</ele>
      </trkpt>
      <trkpt lat="38.86891" lon="-120.22191">
        <ele>2222.0</ele>
      </trkpt>
      <trkpt lat="38.86876" lon="-120.22194">
        <ele>2222.0</ele>
      </trkpt>
      <trkpt lat="38.86869" lon="-120.222">
        <ele>2225.0</ele>
      </trkpt>
      <trkpt lat="38.86864" lon="-120.22219">
        <ele>2222.0</ele>
      </trkpt>
      <trkpt lat="38.86858" lon="-120.22228">
        <ele>2222.0</ele>
      </trkpt>
      <trkpt lat="38.86832" lon="-120.22247">
        <ele>2221.0</ele>
      </trkpt>
      <trkpt lat="38.86827" lon="-120.22258">
        <ele>2221.0</ele>
      </trkpt>
      <trkpt lat="38.86815" lon="-120.22307">
        <ele>2216.0</ele>
      </trkpt>
      <trkpt lat="38.86816" lon="-120.22326">
        <ele>2216.0</ele>
      </trkpt>
      <trkpt lat="38.8681" lon="-120.2237">
        <ele>2215.0</ele>
      </trkpt>
      <trkpt lat="38.86797" lon="-120.2244">
        <ele>2214.0</ele>
      </trkpt>
      <trkpt lat="38.86792" lon="-120.22456">
        <ele>2214.0</ele>
      </trkpt>
      <trkpt lat="38.86791" lon="-120.22462">
        <ele>2219.0</ele>
      </trkpt>
      <trkpt lat="38.86793" lon="-120.22469">
        <ele>2212.0</ele>
      </trkpt>
      <trkpt lat="38.86789" lon="-120.22506">
        <ele>2217.0</ele>
      </trkpt>
      <trkpt lat="38.86748" lon="-120.22605">
        <ele>2211.0</ele>
      </trkpt>
      <trkpt lat="38.86716" lon="-120.22659">
        <ele>2205.0</ele>
      </trkpt>
      <trkpt lat="38.86711" lon="-120.22676">
        <ele>2205.0</ele>
      </trkpt>
      <trkpt lat="38.86705" lon="-120.22681">
        <ele>2203.0</ele>
      </trkpt>
      <trkpt lat="38.867" lon="-120.22679">
        <ele>2204.0</ele>
      </trkpt>
      <trkpt lat="38.8669" lon="-120.22682">
        <ele>2203.0</ele>
      </trkpt>
      <trkpt lat="38.86686" lon="-120.22692">
        <ele>2203.0</ele>
      </trkpt>
      <trkpt lat="38.8668" lon="-120.22725">
        <ele>2195.0</ele>
      </trkpt>
      <trkpt lat="38.86676" lon="-120.22738">
        <ele>2193.0</ele>
      </trkpt>
      <trkpt lat="38.86672" lon="-120.22771">
        <ele>2192.0</ele>
      </trkpt>
      <trkpt lat="38.86663" lon="-120.228">
        <ele>2191.0</ele>
      </trkpt>
      <trkpt lat="38.86649" lon="-120.22807">
        <ele>2186.0</ele>
      </trkpt>
      <trkpt lat="38.86617" lon="-120.22856">
        <ele>2182.0</ele>
      </trkpt>
      <trkpt lat="38.86617" lon="-120.22856">
        <ele>2182.0</ele>
      </trkpt>
      <trkpt lat="38.86607" lon="-120.22853">
        <ele>2182.0</ele>
      </trkpt>
      <trkpt lat="38.86584" lon="-120.22855">
        <ele>2182.0</ele>
      </trkpt>
      <trkpt lat="38.86557" lon="-120.22851">
        <ele>2183.0</ele>
      </trkpt>
      <trkpt lat="38.86552" lon="-120.22848">
        <ele>2183.0</ele>
      </trkpt>
      <trkpt lat="38.86541" lon="-120.22832">
        <ele>2175.0</ele>
      </trkpt>
      <trkpt lat="38.86497" lon="-120.22841">
        <ele>2170.0</ele>
      </trkpt>
      <trkpt lat="38.86488" lon="-120.22839">
        <ele>2170.0</ele>
      </trkpt>
      <trkpt lat="38.86487" lon="-120.22836">
        <ele>2170.0</ele>
      </trkpt>
      <trkpt lat="38.86491" lon="-120.22811">
        <ele>2166.0</ele>
      </trkpt>
      <trkpt lat="38.86485" lon="-120.228">
        <ele>2166.0</ele>
      </trkpt>
      <trkpt lat="38.86468" lon="-120.22785">
        <ele>2166.0</ele>
      </trkpt>
      <trkpt lat="38.86458" lon="-120.22782">
        <ele>2167.0</ele>
      </trkpt>
      <trkpt lat="38.86427" lon="-120.22796">
        <ele>2161.0</ele>
      </trkpt>
      <trkpt lat="38.86418" lon="-120.22796">
        <ele>2161.0</ele>
      </trkpt>
      <trkpt lat="38.86409" lon="-120.22827">
        <ele>2157.0</ele>
      </trkpt>
      <trkpt lat="38.86405" lon="-120.22864">
        <ele>2154.0</ele>
      </trkpt>
      <trkpt lat="38.864" lon="-120.22877">
        <ele>2150.0</ele>
      </trkpt>
      <trkpt lat="38.86383" lon="-120.22883">
        <ele>2150.0</ele>
      </trkpt>
      <trkpt lat="38.86362" lon="-120.22911">
        <ele>2150.0</ele>
      </trkpt>
      <trkpt lat="38.86353" lon="-120.2292">
        <ele>2150.0</ele>
      </trkpt>
      <trkpt lat="38.86326" lon="-120.22923">
        <ele>2143.0</ele>
      </trkpt>
      <trkpt lat="38.86308" lon="-120.22933">
        <ele>2140.0</ele>
      </trkpt>
      <trkpt lat="38.86275" lon="-120.22942">
        <ele>2137.0</ele>
      </trkpt>
      <trkpt lat="38.86256" lon="-120.22945">
        <ele>2135.0</ele>
      </trkpt>
      <trkpt lat="38.86228" lon="-120.22936">
        <ele>2132.0</ele>
      </trkpt>
      <trkpt lat="38.86179" lon="-120.22917">
        <ele>2128.0</ele>
      </trkpt>
      <trkpt lat="38.86124" lon="-120.22921">
        <ele>2127.0</ele>
      </trkpt>
      <trkpt lat="38.86073" lon="-120.22912">
        <ele>2123.0</ele>
      </trkpt>
      <trkpt lat="38.86047" lon="-120.22916">
        <ele>2122.0</ele>
      </trkpt>
      <trkpt lat="38.86" lon="-120.22916">
        <ele>2126.0</ele>
      </trkpt>
      <trkpt lat="38.86" lon="-120.22916">
        <ele>2126.0</ele>
      </trkpt>
      <trkpt lat="38.86" lon="-120.22916">
        <ele>2126.0</ele>
      </trkpt>
      <trkpt lat="38.85898" lon="-120.2298">
        <ele>2141.0</ele>
      </trkpt>
      <trkpt lat="38.85857" lon="-120.22986">
        <ele>2140.0</ele>
      </trkpt>
      <trkpt lat="38.85842" lon="-120.22994">
        <ele>2139.0</ele>
      </trkpt>
      <trkpt lat="38.8582" lon="-120.23017">
        <ele>2140.0</ele>
      </trkpt>
      <trkpt lat="38.8579339449477" lon="-120.23078192662">
        <ele>2148.0</ele>
      </trkpt>
      <trkpt lat="38.8579339450112" lon="-120.23078192662">
        <ele>2148.0</ele>
      </trkpt>
      <trkpt lat="38.8579" lon="-120.23086">
        <ele>2148.0</ele>
      </trkpt>
      <trkpt lat="38.85781" lon="-120.23117">
        <ele>2152.0</ele>
      </trkpt>
      <trkpt lat="38.85781" lon="-120.2314">
        <ele>2155.0</ele>
      </trkpt>
      <trkpt lat="38.8579" lon="-120.2316">
        <ele>2158.0</ele>
      </trkpt>
      <trkpt lat="38.85799" lon="-120.23203">
        <ele>2163.0</ele>
      </trkpt>
      <trkpt lat="38.85799" lon="-120.23203">
        <ele>2163.0</ele>
      </trkpt>
      <trkpt lat="38.85799" lon="-120.23203">
        <ele>2163.0</ele>
      </trkpt>
      <trkpt lat="38.85784" lon="-120.23259">
        <ele>2163.0</ele>
      </trkpt>
      <trkpt lat="38.85773" lon="-120.23289">
        <ele>2161.0</ele>
      </trkpt>
      <trkpt lat="38.85769" lon="-120.2331">
        <ele>2159.0</ele>
      </trkpt>
      <trkpt lat="38.85759" lon="-120.23319">
        <ele>2160.0</ele>
      </trkpt>
      <trkpt lat="38.85736" lon="-120.23352">
        <ele>2157.0</ele>
      </trkpt>
      <trkpt lat="38.85717" lon="-120.23366">
        <ele>2157.0</ele>
      </trkpt>
      <trkpt lat="38.85703" lon="-120.23382">
        <ele>2158.0</ele>
      </trkpt>
      <trkpt lat="38.85697" lon="-120.234">
        <ele>2158.0</ele>
      </trkpt>
      <trkpt lat="38.85701" lon="-120.23428">
        <ele>2156.0</ele>
      </trkpt>
      <trkpt lat="38.85696" lon="-120.23434">
        <ele>2154.0</ele>
      </trkpt>
      <trkpt lat="38.85688" lon="-120.23438">
        <ele>2154.0</ele>
      </trkpt>
      <trkpt lat="38.8568609661704" lon="-120.234403526386">
        <ele>2154.0</ele>
      </trkpt>
      <trkpt lat="38.85687" lon="-120.23453">
        <ele>2154.0</ele>
      </trkpt>
      <trkpt lat="38.857" lon="-120.23472">
        <ele>2153.0</ele>
      </trkpt>
      <trkpt lat="38.85706" lon="-120.23475">
        <ele>2153.0</ele>
      </trkpt>
      <trkpt lat="38.85705" lon="-120.23481">
        <ele>2153.0</ele>
      </trkpt>
      <trkpt lat="38.85699" lon="-120.23496">
        <ele>2151.0</ele>
      </trkpt>
      <trkpt lat="38.85699" lon="-120.23508">
        <ele>2151.0</ele>
      </trkpt>
      <trkpt lat="38.85691" lon="-120.23542">
        <ele>2149.0</ele>
      </trkpt>
      <trkpt lat="38.85682" lon="-120.23566">
        <ele>2149.0</ele>
      </trkpt>
      <trkpt lat="38.85682" lon="-120.23566">
        <ele>2149.0</ele>
      </trkpt>
      <trkpt lat="38.85654" lon="-120.23605">
        <ele>2150.0</ele>
      </trkpt>
      <trkpt lat="38.8565" lon="-120.23619">
        <ele>2148.0</ele>
      </trkpt>
      <trkpt lat="38.85645" lon="-120.23655">
        <ele>2151.0</ele>
      </trkpt>
      <trkpt lat="38.85645" lon="-120.2369">
        <ele>2152.0</ele>
      </trkpt>
      <trkpt lat="38.85642" lon="-120.237">
        <ele>2152.0</ele>
      </trkpt>
      <trkpt lat="38.85631" lon="-120.23712">
        <ele>2153.0</ele>
      </trkpt>
      <trkpt lat="38.85631" lon="-120.23712">
        <ele>2153.0</ele>
      </trkpt>
      <trkpt lat="38.85631" lon="-120.23712">
        <ele>2153.0</ele>
      </trkpt>
      <trkpt lat="38.85602" lon="-120.23728">
        <ele>2152.0</ele>
      </trkpt>
      <trkpt lat="38.8556981956685" lon="-120.237384587398">
        <ele>2152.0</ele>
      </trkpt>
      <trkpt lat="38.8556981956685" lon="-120.237384587398">
        <ele>2152.0</ele>
      </trkpt>
      <trkpt lat="38.85562" lon="-120.23741">
        <ele>2152.0</ele>
      </trkpt>
      <trkpt lat="38.85552" lon="-120.2374">
        <ele>2152.0</ele>
      </trkpt>
      <trkpt lat="38.85534" lon="-120.23727">
        <ele>2153.0</ele>
      </trkpt>
      <trkpt lat="38.85511" lon="-120.23723">
        <ele>2151.0</ele>
      </trkpt>
      <trkpt lat="38.85502" lon="-120.23728">
        <ele>2151.0</ele>
      </trkpt>
      <trkpt lat="38.85449" lon="-120.23729">
        <ele>2148.0</ele>
      </trkpt>
      <trkpt lat="38.8543" lon="-120.23724">
        <ele>2148.0</ele>
      </trkpt>
      <trkpt lat="38.85422" lon="-120.23717">
        <ele>2148.0</ele>
      </trkpt>
      <trkpt lat="38.85419" lon="-120.2371">
        <ele>2148.0</ele>
      </trkpt>
      <trkpt lat="38.85415" lon="-120.23709">
        <ele>2148.0</ele>
      </trkpt>
      <trkpt lat="38.85371" lon="-120.23724">
        <ele>2147.0</ele>
      </trkpt>
      <trkpt lat="38.85366" lon="-120.23724">
        <ele>2147.0</ele>
      </trkpt>
      <trkpt lat="38.85333" lon="-120.23739">
        <ele>2146.0</ele>
      </trkpt>
      <trkpt lat="38.85296" lon="-120.23727">
        <ele>2146.0</ele>
      </trkpt>
      <trkpt lat="38.85277" lon="-120.23707">
        <ele>2143.0</ele>
      </trkpt>
      <trkpt lat="38.85269" lon="-120.23704">
        <ele>2143.0</ele>
      </trkpt>
      <trkpt lat="38.85242" lon="-120.23699">
        <ele>2144.0</ele>
      </trkpt>
      <trkpt lat="38.85209" lon="-120.23698">
        <ele>2143.0</ele>
      </trkpt>
      <trkpt lat="38.85172" lon="-120.23683">
        <ele>2140.0</ele>
      </trkpt>
      <trkpt lat="38.85146" lon="-120.23694">
        <ele>2140.0</ele>
      </trkpt>
      <trkpt lat="38.85085" lon="-120.23694">
        <ele>2142.0</ele>
      </trkpt>
      <trkpt lat="38.85073" lon="-120.23684">
        <ele>2142.0</ele>
      </trkpt>
      <trkpt lat="38.85039" lon="-120.23688">
        <ele>2142.0</ele>
      </trkpt>
      <trkpt lat="38.85037" lon="-120.23693">
        <ele>2142.0</ele>
      </trkpt>
      <trkpt lat="38.85036" lon="-120.23707">
        <ele>2142.0</ele>
      </trkpt>
      <trkpt lat="38.85032" lon="-120.23712">
        <ele>2142.0</ele>
      </trkpt>
      <trkpt lat="38.85014" lon="-120.23724">
        <ele>2142.0</ele>
      </trkpt>
      <trkpt lat="38.84987" lon="-120.23734">
        <ele>2143.0</ele>
      </trkpt>
      <trkpt lat="38.84969" lon="-120.23756">
        <ele>2141.0</ele>
      </trkpt>
      <trkpt lat="38.84955" lon="-120.23757">
        <ele>2140.0</ele>
      </trkpt>
      <trkpt lat="38.84951" lon="-120.23751">
        <ele>2140.0</ele>
      </trkpt>
      <trkpt lat="38.84943" lon="-120.23749">
        <ele>2140.0</ele>
      </trkpt>
      <trkpt lat="38.8492" lon="-120.23766">
        <ele>2137.0</ele>
      </trkpt>
      <trkpt lat="38.84916" lon="-120.23782">
        <ele>2137.0</ele>
      </trkpt>
      <trkpt lat="38.84912" lon="-120.23785">
        <ele>2137.0</ele>
      </trkpt>
      <trkpt lat="38.84884" lon="-120.23785">
        <ele>2134.0</ele>
      </trkpt>
      <trkpt lat="38.84878" lon="-120.2379">
        <ele>2134.0</ele>
      </trkpt>
      <trkpt lat="38.84863" lon="-120.23815">
        <ele>2130.0</ele>
      </trkpt>
      <trkpt lat="38.84847" lon="-120.23828">
        <ele>2128.0</ele>
      </trkpt>
      <trkpt lat="38.84832" lon="-120.23845">
        <ele>2128.0</ele>
      </trkpt>
      <trkpt lat="38.84824" lon="-120.23862">
        <ele>2127.0</ele>
      </trkpt>
      <trkpt lat="38.84819" lon="-120.23884">
        <ele>2127.0</ele>
      </trkpt>
      <trkpt lat="38.84823" lon="-120.23909">
        <ele>2127.0</ele>
      </trkpt>
    </trkseg>
  </trk>
</gpx>
