<?xml version="1.0" encoding="UTF-8"?>
<gpx xmlns:xsi="http://www.w3.org/2001/XMLSchema-instance" version="1.1" creator="The Outbound Collective, Inc. 1.1.1 -- https://www.theoutbound.com" xsi:schemaLocation="http://www.topografix.com/GPX/1/1 http://www.topografix.com/GPX/1/1/gpx.xsd">
  <metadata>
    <name/>
    <time>2026-02-19T21:54:23+00:00</time>
    <bound minlat="39.56596" minlon="-120.98957" maxlat="39.78735" maxlon="-120.5929289286219"/>
  </metadata>
  <trk>
    <name/>
    <trkseg>
      <trkpt lat="39.56750512506319" lon="-120.6031894683838">
        <ele>1349.0</ele>
      </trkpt>
      <trkpt lat="39.56749818536162" lon="-120.6031836293202">
        <ele>1349.0</ele>
      </trkpt>
      <trkpt lat="39.56755" lon="-120.60308">
        <ele>1349.0</ele>
      </trkpt>
      <trkpt lat="39.56753" lon="-120.60276">
        <ele>1343.0</ele>
      </trkpt>
      <trkpt lat="39.56773" lon="-120.60226">
        <ele>1337.0</ele>
      </trkpt>
      <trkpt lat="39.56804" lon="-120.60184">
        <ele>1342.0</ele>
      </trkpt>
      <trkpt lat="39.56799" lon="-120.60173">
        <ele>1341.0</ele>
      </trkpt>
      <trkpt lat="39.56805" lon="-120.60162">
        <ele>1341.0</ele>
      </trkpt>
      <trkpt lat="39.568" lon="-120.60151">
        <ele>1340.0</ele>
      </trkpt>
      <trkpt lat="39.56807" lon="-120.60142">
        <ele>1340.0</ele>
      </trkpt>
      <trkpt lat="39.56803" lon="-120.60126">
        <ele>1340.0</ele>
      </trkpt>
      <trkpt lat="39.56814" lon="-120.60099">
        <ele>1341.0</ele>
      </trkpt>
      <trkpt lat="39.56825" lon="-120.60081">
        <ele>1345.0</ele>
      </trkpt>
      <trkpt lat="39.56814" lon="-120.60062">
        <ele>1347.0</ele>
      </trkpt>
      <trkpt lat="39.56811" lon="-120.60002">
        <ele>1358.0</ele>
      </trkpt>
      <trkpt lat="39.56823" lon="-120.59996">
        <ele>1361.0</ele>
      </trkpt>
      <trkpt lat="39.56808" lon="-120.59955">
        <ele>1358.0</ele>
      </trkpt>
      <trkpt lat="39.56799" lon="-120.59939">
        <ele>1358.0</ele>
      </trkpt>
      <trkpt lat="39.56793" lon="-120.59903">
        <ele>1360.0</ele>
      </trkpt>
      <trkpt lat="39.56777" lon="-120.5988">
        <ele>1361.0</ele>
      </trkpt>
      <trkpt lat="39.56769" lon="-120.59854">
        <ele>1367.0</ele>
      </trkpt>
      <trkpt lat="39.56766" lon="-120.59834">
        <ele>1369.0</ele>
      </trkpt>
      <trkpt lat="39.56776" lon="-120.59818">
        <ele>1368.0</ele>
      </trkpt>
      <trkpt lat="39.56767" lon="-120.5981">
        <ele>1368.0</ele>
      </trkpt>
      <trkpt lat="39.56759" lon="-120.59817">
        <ele>1366.0</ele>
      </trkpt>
      <trkpt lat="39.56746" lon="-120.59809">
        <ele>1366.0</ele>
      </trkpt>
      <trkpt lat="39.56743382600951" lon="-120.5980488694435">
        <ele>1366.0</ele>
      </trkpt>
      <trkpt lat="39.56743382604418" lon="-120.5980488694435">
        <ele>1366.0</ele>
      </trkpt>
      <trkpt lat="39.56725" lon="-120.59776">
        <ele>1367.0</ele>
      </trkpt>
      <trkpt lat="39.56709" lon="-120.59745">
        <ele>1367.0</ele>
      </trkpt>
      <trkpt lat="39.56701" lon="-120.59738">
        <ele>1362.0</ele>
      </trkpt>
      <trkpt lat="39.56696" lon="-120.59722">
        <ele>1363.0</ele>
      </trkpt>
      <trkpt lat="39.56676" lon="-120.59696">
        <ele>1362.0</ele>
      </trkpt>
      <trkpt lat="39.56656" lon="-120.59679">
        <ele>1364.0</ele>
      </trkpt>
      <trkpt lat="39.56641" lon="-120.59655">
        <ele>1363.0</ele>
      </trkpt>
      <trkpt lat="39.56616" lon="-120.59638">
        <ele>1366.0</ele>
      </trkpt>
      <trkpt lat="39.56596" lon="-120.59599">
        <ele>1369.0</ele>
      </trkpt>
      <trkpt lat="39.56606" lon="-120.59604">
        <ele>1369.0</ele>
      </trkpt>
      <trkpt lat="39.56625" lon="-120.59583">
        <ele>1372.0</ele>
      </trkpt>
      <trkpt lat="39.5664" lon="-120.59604">
        <ele>1368.0</ele>
      </trkpt>
      <trkpt lat="39.56648" lon="-120.59606">
        <ele>1368.0</ele>
      </trkpt>
      <trkpt lat="39.56655" lon="-120.59629">
        <ele>1367.0</ele>
      </trkpt>
      <trkpt lat="39.56668" lon="-120.59642">
        <ele>1367.0</ele>
      </trkpt>
      <trkpt lat="39.56682" lon="-120.59642">
        <ele>1370.0</ele>
      </trkpt>
      <trkpt lat="39.56687" lon="-120.59646">
        <ele>1370.0</ele>
      </trkpt>
      <trkpt lat="39.5672" lon="-120.59621">
        <ele>1378.0</ele>
      </trkpt>
      <trkpt lat="39.56704" lon="-120.59614">
        <ele>1376.0</ele>
      </trkpt>
      <trkpt lat="39.56715" lon="-120.59606">
        <ele>1378.0</ele>
      </trkpt>
      <trkpt lat="39.56732" lon="-120.59604">
        <ele>1378.0</ele>
      </trkpt>
      <trkpt lat="39.56747" lon="-120.59612">
        <ele>1378.0</ele>
      </trkpt>
      <trkpt lat="39.56778" lon="-120.59593">
        <ele>1388.0</ele>
      </trkpt>
      <trkpt lat="39.56789" lon="-120.59562">
        <ele>1397.0</ele>
      </trkpt>
      <trkpt lat="39.56774" lon="-120.59571">
        <ele>1388.0</ele>
      </trkpt>
      <trkpt lat="39.56762" lon="-120.59571">
        <ele>1386.0</ele>
      </trkpt>
      <trkpt lat="39.56765" lon="-120.5956">
        <ele>1397.0</ele>
      </trkpt>
      <trkpt lat="39.56747" lon="-120.5956">
        <ele>1394.0</ele>
      </trkpt>
      <trkpt lat="39.5674" lon="-120.59555">
        <ele>1394.0</ele>
      </trkpt>
      <trkpt lat="39.56761" lon="-120.59525">
        <ele>1402.0</ele>
      </trkpt>
      <trkpt lat="39.56744" lon="-120.59529">
        <ele>1402.0</ele>
      </trkpt>
      <trkpt lat="39.56753" lon="-120.59495">
        <ele>1408.0</ele>
      </trkpt>
      <trkpt lat="39.56737" lon="-120.59456">
        <ele>1424.0</ele>
      </trkpt>
      <trkpt lat="39.56763" lon="-120.59462">
        <ele>1417.0</ele>
      </trkpt>
      <trkpt lat="39.56773" lon="-120.59449">
        <ele>1417.0</ele>
      </trkpt>
      <trkpt lat="39.56767" lon="-120.59445">
        <ele>1417.0</ele>
      </trkpt>
      <trkpt lat="39.56766" lon="-120.59432">
        <ele>1417.0</ele>
      </trkpt>
      <trkpt lat="39.56757" lon="-120.5942">
        <ele>1427.0</ele>
      </trkpt>
      <trkpt lat="39.56765" lon="-120.59418">
        <ele>1428.0</ele>
      </trkpt>
      <trkpt lat="39.56769" lon="-120.59393">
        <ele>1436.0</ele>
      </trkpt>
      <trkpt lat="39.56769" lon="-120.59359">
        <ele>1440.0</ele>
      </trkpt>
      <trkpt lat="39.5678" lon="-120.59339">
        <ele>1439.0</ele>
      </trkpt>
      <trkpt lat="39.56778" lon="-120.59329">
        <ele>1439.0</ele>
      </trkpt>
      <trkpt lat="39.56782" lon="-120.59329">
        <ele>1439.0</ele>
      </trkpt>
      <trkpt lat="39.5679" lon="-120.59348">
        <ele>1440.0</ele>
      </trkpt>
      <trkpt lat="39.56794" lon="-120.59347">
        <ele>1449.0</ele>
      </trkpt>
      <trkpt lat="39.56789" lon="-120.59328">
        <ele>1439.0</ele>
      </trkpt>
      <trkpt lat="39.5679" lon="-120.59315">
        <ele>1440.0</ele>
      </trkpt>
      <trkpt lat="39.56802" lon="-120.59349">
        <ele>1448.0</ele>
      </trkpt>
      <trkpt lat="39.56821" lon="-120.59355">
        <ele>1447.0</ele>
      </trkpt>
      <trkpt lat="39.56828" lon="-120.59344">
        <ele>1453.0</ele>
      </trkpt>
      <trkpt lat="39.56821" lon="-120.59339">
        <ele>1453.0</ele>
      </trkpt>
      <trkpt lat="39.56819" lon="-120.59322">
        <ele>1449.0</ele>
      </trkpt>
      <trkpt lat="39.56827" lon="-120.59293">
        <ele>1458.0</ele>
      </trkpt>
      <trkpt lat="39.56827077385155" lon="-120.5929289286219">
        <ele>1458.0</ele>
      </trkpt>
      <trkpt lat="39.56838" lon="-120.59306">
        <ele>1458.0</ele>
      </trkpt>
      <trkpt lat="39.56899" lon="-120.59335">
        <ele>1458.0</ele>
      </trkpt>
      <trkpt lat="39.56911" lon="-120.59346">
        <ele>1463.0</ele>
      </trkpt>
      <trkpt lat="39.56937" lon="-120.5939">
        <ele>1455.0</ele>
      </trkpt>
      <trkpt lat="39.56976" lon="-120.59499">
        <ele>1445.0</ele>
      </trkpt>
      <trkpt lat="39.5697" lon="-120.59516">
        <ele>1440.0</ele>
      </trkpt>
      <trkpt lat="39.56975684997029" lon="-120.595458462344">
        <ele>1436.0</ele>
      </trkpt>
      <trkpt lat="39.56975684997979" lon="-120.595458462344">
        <ele>1436.0</ele>
      </trkpt>
      <trkpt lat="39.56978" lon="-120.59558">
        <ele>1436.0</ele>
      </trkpt>
      <trkpt lat="39.56986" lon="-120.59577">
        <ele>1434.0</ele>
      </trkpt>
      <trkpt lat="39.5699" lon="-120.59615">
        <ele>1444.0</ele>
      </trkpt>
      <trkpt lat="39.57028" lon="-120.59757">
        <ele>1440.0</ele>
      </trkpt>
      <trkpt lat="39.57035" lon="-120.59795">
        <ele>1441.0</ele>
      </trkpt>
      <trkpt lat="39.57034" lon="-120.59848">
        <ele>1448.0</ele>
      </trkpt>
      <trkpt lat="39.57029" lon="-120.59864">
        <ele>1448.0</ele>
      </trkpt>
      <trkpt lat="39.57029" lon="-120.59901">
        <ele>1447.0</ele>
      </trkpt>
      <trkpt lat="39.57034" lon="-120.59936">
        <ele>1448.0</ele>
      </trkpt>
      <trkpt lat="39.57046" lon="-120.59902">
        <ele>1470.0</ele>
      </trkpt>
      <trkpt lat="39.57053" lon="-120.59901">
        <ele>1470.0</ele>
      </trkpt>
      <trkpt lat="39.57076" lon="-120.59913">
        <ele>1484.0</ele>
      </trkpt>
      <trkpt lat="39.57112" lon="-120.59977">
        <ele>1480.0</ele>
      </trkpt>
      <trkpt lat="39.57144" lon="-120.59992">
        <ele>1475.0</ele>
      </trkpt>
      <trkpt lat="39.57172" lon="-120.60025">
        <ele>1469.0</ele>
      </trkpt>
      <trkpt lat="39.57174" lon="-120.60059">
        <ele>1463.0</ele>
      </trkpt>
      <trkpt lat="39.57182" lon="-120.60065">
        <ele>1460.0</ele>
      </trkpt>
      <trkpt lat="39.57182" lon="-120.60065">
        <ele>1460.0</ele>
      </trkpt>
      <trkpt lat="39.57219" lon="-120.60089">
        <ele>1453.0</ele>
      </trkpt>
      <trkpt lat="39.5724" lon="-120.60112">
        <ele>1447.0</ele>
      </trkpt>
      <trkpt lat="39.57259" lon="-120.60116">
        <ele>1447.0</ele>
      </trkpt>
      <trkpt lat="39.57272" lon="-120.60125">
        <ele>1458.0</ele>
      </trkpt>
      <trkpt lat="39.57304" lon="-120.60161">
        <ele>1458.0</ele>
      </trkpt>
      <trkpt lat="39.5733" lon="-120.60177">
        <ele>1470.0</ele>
      </trkpt>
      <trkpt lat="39.57358" lon="-120.60212">
        <ele>1466.0</ele>
      </trkpt>
      <trkpt lat="39.57372" lon="-120.60221">
        <ele>1466.0</ele>
      </trkpt>
      <trkpt lat="39.57392" lon="-120.60251">
        <ele>1469.0</ele>
      </trkpt>
      <trkpt lat="39.57424" lon="-120.60276">
        <ele>1467.0</ele>
      </trkpt>
      <trkpt lat="39.5745" lon="-120.60283">
        <ele>1475.0</ele>
      </trkpt>
      <trkpt lat="39.57469" lon="-120.60271">
        <ele>1488.0</ele>
      </trkpt>
      <trkpt lat="39.57478" lon="-120.60273">
        <ele>1488.0</ele>
      </trkpt>
      <trkpt lat="39.57565" lon="-120.60329">
        <ele>1498.0</ele>
      </trkpt>
      <trkpt lat="39.57578" lon="-120.60341">
        <ele>1498.0</ele>
      </trkpt>
      <trkpt lat="39.57597" lon="-120.60374">
        <ele>1491.0</ele>
      </trkpt>
      <trkpt lat="39.57666" lon="-120.60431">
        <ele>1476.0</ele>
      </trkpt>
      <trkpt lat="39.57694" lon="-120.60442">
        <ele>1481.0</ele>
      </trkpt>
      <trkpt lat="39.57774" lon="-120.60489">
        <ele>1467.0</ele>
      </trkpt>
      <trkpt lat="39.57888" lon="-120.60509">
        <ele>1471.0</ele>
      </trkpt>
      <trkpt lat="39.57922" lon="-120.60499">
        <ele>1474.0</ele>
      </trkpt>
      <trkpt lat="39.57962" lon="-120.60564">
        <ele>1464.0</ele>
      </trkpt>
      <trkpt lat="39.57995" lon="-120.60584">
        <ele>1456.0</ele>
      </trkpt>
      <trkpt lat="39.57986" lon="-120.60587">
        <ele>1455.0</ele>
      </trkpt>
      <trkpt lat="39.57932" lon="-120.6057">
        <ele>1454.0</ele>
      </trkpt>
      <trkpt lat="39.57957" lon="-120.60614">
        <ele>1446.0</ele>
      </trkpt>
      <trkpt lat="39.58001" lon="-120.60641">
        <ele>1435.0</ele>
      </trkpt>
      <trkpt lat="39.58008" lon="-120.60702">
        <ele>1407.0</ele>
      </trkpt>
      <trkpt lat="39.5802" lon="-120.60723">
        <ele>1420.0</ele>
      </trkpt>
      <trkpt lat="39.58033" lon="-120.60764">
        <ele>1414.0</ele>
      </trkpt>
      <trkpt lat="39.58054" lon="-120.60789">
        <ele>1413.0</ele>
      </trkpt>
      <trkpt lat="39.58042" lon="-120.6078">
        <ele>1413.0</ele>
      </trkpt>
      <trkpt lat="39.58036" lon="-120.60781">
        <ele>1414.0</ele>
      </trkpt>
      <trkpt lat="39.5803" lon="-120.60791">
        <ele>1414.0</ele>
      </trkpt>
      <trkpt lat="39.5802" lon="-120.60789">
        <ele>1414.0</ele>
      </trkpt>
      <trkpt lat="39.58018" lon="-120.60791">
        <ele>1414.0</ele>
      </trkpt>
      <trkpt lat="39.57984" lon="-120.60812">
        <ele>1409.0</ele>
      </trkpt>
      <trkpt lat="39.57984" lon="-120.60812">
        <ele>1409.0</ele>
      </trkpt>
      <trkpt lat="39.57964" lon="-120.60791">
        <ele>1406.0</ele>
      </trkpt>
      <trkpt lat="39.57964" lon="-120.60791">
        <ele>1406.0</ele>
      </trkpt>
      <trkpt lat="39.57941" lon="-120.60764">
        <ele>1403.0</ele>
      </trkpt>
      <trkpt lat="39.57891" lon="-120.60762">
        <ele>1392.0</ele>
      </trkpt>
      <trkpt lat="39.57867" lon="-120.60775">
        <ele>1393.0</ele>
      </trkpt>
      <trkpt lat="39.57854" lon="-120.60791">
        <ele>1393.0</ele>
      </trkpt>
      <trkpt lat="39.57854" lon="-120.60791">
        <ele>1393.0</ele>
      </trkpt>
      <trkpt lat="39.57847" lon="-120.6081">
        <ele>1391.0</ele>
      </trkpt>
      <trkpt lat="39.5782" lon="-120.6084">
        <ele>1395.0</ele>
      </trkpt>
      <trkpt lat="39.57805907725529" lon="-120.6084728910749">
        <ele>1399.0</ele>
      </trkpt>
      <trkpt lat="39.57805907740683" lon="-120.6084728910748">
        <ele>1399.0</ele>
      </trkpt>
      <trkpt lat="39.57791" lon="-120.60855">
        <ele>1385.0</ele>
      </trkpt>
      <trkpt lat="39.57729" lon="-120.60943">
        <ele>1385.0</ele>
      </trkpt>
      <trkpt lat="39.57715" lon="-120.60985">
        <ele>1399.0</ele>
      </trkpt>
      <trkpt lat="39.57723" lon="-120.60987">
        <ele>1407.0</ele>
      </trkpt>
      <trkpt lat="39.57687" lon="-120.61029">
        <ele>1408.0</ele>
      </trkpt>
      <trkpt lat="39.57664" lon="-120.61095">
        <ele>1391.0</ele>
      </trkpt>
      <trkpt lat="39.57658" lon="-120.61101">
        <ele>1392.0</ele>
      </trkpt>
      <trkpt lat="39.57641" lon="-120.61159">
        <ele>1380.0</ele>
      </trkpt>
      <trkpt lat="39.57634" lon="-120.61223">
        <ele>1388.0</ele>
      </trkpt>
      <trkpt lat="39.5764" lon="-120.61248">
        <ele>1389.0</ele>
      </trkpt>
      <trkpt lat="39.57649" lon="-120.61267">
        <ele>1387.0</ele>
      </trkpt>
      <trkpt lat="39.57649" lon="-120.61267">
        <ele>1387.0</ele>
      </trkpt>
      <trkpt lat="39.57671" lon="-120.61247">
        <ele>1393.0</ele>
      </trkpt>
      <trkpt lat="39.5769" lon="-120.61179">
        <ele>1403.0</ele>
      </trkpt>
      <trkpt lat="39.57715" lon="-120.61111">
        <ele>1403.0</ele>
      </trkpt>
      <trkpt lat="39.57723" lon="-120.61097">
        <ele>1403.0</ele>
      </trkpt>
      <trkpt lat="39.57727" lon="-120.61138">
        <ele>1405.0</ele>
      </trkpt>
      <trkpt lat="39.57737" lon="-120.61136">
        <ele>1415.0</ele>
      </trkpt>
      <trkpt lat="39.57745" lon="-120.61125">
        <ele>1413.0</ele>
      </trkpt>
      <trkpt lat="39.57753" lon="-120.61106">
        <ele>1413.0</ele>
      </trkpt>
      <trkpt lat="39.57754" lon="-120.61088">
        <ele>1411.0</ele>
      </trkpt>
      <trkpt lat="39.57795" lon="-120.60995">
        <ele>1421.0</ele>
      </trkpt>
      <trkpt lat="39.57818361715189" lon="-120.6097435476332">
        <ele>1419.0</ele>
      </trkpt>
      <trkpt lat="39.57818361748286" lon="-120.6097435476332">
        <ele>1419.0</ele>
      </trkpt>
      <trkpt lat="39.57838" lon="-120.60957">
        <ele>1428.0</ele>
      </trkpt>
      <trkpt lat="39.57867" lon="-120.60919">
        <ele>1429.0</ele>
      </trkpt>
      <trkpt lat="39.57928" lon="-120.60882">
        <ele>1435.0</ele>
      </trkpt>
      <trkpt lat="39.57924" lon="-120.60895">
        <ele>1435.0</ele>
      </trkpt>
      <trkpt lat="39.57906" lon="-120.60918">
        <ele>1445.0</ele>
      </trkpt>
      <trkpt lat="39.57909" lon="-120.60928">
        <ele>1445.0</ele>
      </trkpt>
      <trkpt lat="39.57928" lon="-120.60918">
        <ele>1445.0</ele>
      </trkpt>
      <trkpt lat="39.57938" lon="-120.6092">
        <ele>1453.0</ele>
      </trkpt>
      <trkpt lat="39.57983" lon="-120.6091">
        <ele>1455.0</ele>
      </trkpt>
      <trkpt lat="39.58015" lon="-120.60916">
        <ele>1452.0</ele>
      </trkpt>
      <trkpt lat="39.58025" lon="-120.60921">
        <ele>1452.0</ele>
      </trkpt>
      <trkpt lat="39.58" lon="-120.60935">
        <ele>1460.0</ele>
      </trkpt>
      <trkpt lat="39.57999" lon="-120.60942">
        <ele>1460.0</ele>
      </trkpt>
      <trkpt lat="39.58071" lon="-120.60959">
        <ele>1470.0</ele>
      </trkpt>
      <trkpt lat="39.58177" lon="-120.61027">
        <ele>1480.0</ele>
      </trkpt>
      <trkpt lat="39.58204" lon="-120.61034">
        <ele>1481.0</ele>
      </trkpt>
      <trkpt lat="39.58257" lon="-120.61034">
        <ele>1486.0</ele>
      </trkpt>
      <trkpt lat="39.58262" lon="-120.61037">
        <ele>1486.0</ele>
      </trkpt>
      <trkpt lat="39.58259" lon="-120.61042">
        <ele>1503.0</ele>
      </trkpt>
      <trkpt lat="39.58225" lon="-120.61053">
        <ele>1510.0</ele>
      </trkpt>
      <trkpt lat="39.58228" lon="-120.61058">
        <ele>1510.0</ele>
      </trkpt>
      <trkpt lat="39.58251" lon="-120.61062">
        <ele>1503.0</ele>
      </trkpt>
      <trkpt lat="39.58278" lon="-120.61052">
        <ele>1505.0</ele>
      </trkpt>
      <trkpt lat="39.5829" lon="-120.61053">
        <ele>1505.0</ele>
      </trkpt>
      <trkpt lat="39.58326" lon="-120.61073">
        <ele>1524.0</ele>
      </trkpt>
      <trkpt lat="39.58353" lon="-120.61074">
        <ele>1524.0</ele>
      </trkpt>
      <trkpt lat="39.5839" lon="-120.61091">
        <ele>1520.0</ele>
      </trkpt>
      <trkpt lat="39.58451" lon="-120.61103">
        <ele>1519.0</ele>
      </trkpt>
      <trkpt lat="39.58483" lon="-120.61116">
        <ele>1522.0</ele>
      </trkpt>
      <trkpt lat="39.58511" lon="-120.61118">
        <ele>1512.0</ele>
      </trkpt>
      <trkpt lat="39.58523" lon="-120.61128">
        <ele>1530.0</ele>
      </trkpt>
      <trkpt lat="39.58551" lon="-120.6112">
        <ele>1497.0</ele>
      </trkpt>
      <trkpt lat="39.58576" lon="-120.61128">
        <ele>1516.0</ele>
      </trkpt>
      <trkpt lat="39.58647" lon="-120.61179">
        <ele>1529.0</ele>
      </trkpt>
      <trkpt lat="39.58643" lon="-120.61184">
        <ele>1543.0</ele>
      </trkpt>
      <trkpt lat="39.58668" lon="-120.61189">
        <ele>1536.0</ele>
      </trkpt>
      <trkpt lat="39.58647" lon="-120.61196">
        <ele>1543.0</ele>
      </trkpt>
      <trkpt lat="39.58661" lon="-120.61209">
        <ele>1560.0</ele>
      </trkpt>
      <trkpt lat="39.58699" lon="-120.6122">
        <ele>1566.0</ele>
      </trkpt>
      <trkpt lat="39.58712" lon="-120.61234">
        <ele>1554.0</ele>
      </trkpt>
      <trkpt lat="39.58755" lon="-120.61256">
        <ele>1562.0</ele>
      </trkpt>
      <trkpt lat="39.58804" lon="-120.61301">
        <ele>1574.0</ele>
      </trkpt>
      <trkpt lat="39.58813" lon="-120.61318">
        <ele>1574.0</ele>
      </trkpt>
      <trkpt lat="39.5882" lon="-120.61343">
        <ele>1575.0</ele>
      </trkpt>
      <trkpt lat="39.5881" lon="-120.6133">
        <ele>1581.0</ele>
      </trkpt>
      <trkpt lat="39.58745" lon="-120.61294">
        <ele>1584.0</ele>
      </trkpt>
      <trkpt lat="39.58779" lon="-120.61353">
        <ele>1594.0</ele>
      </trkpt>
      <trkpt lat="39.58792" lon="-120.61402">
        <ele>1595.0</ele>
      </trkpt>
      <trkpt lat="39.58811" lon="-120.61418">
        <ele>1599.0</ele>
      </trkpt>
      <trkpt lat="39.58802" lon="-120.61426">
        <ele>1599.0</ele>
      </trkpt>
      <trkpt lat="39.58776" lon="-120.61402">
        <ele>1602.0</ele>
      </trkpt>
      <trkpt lat="39.58699" lon="-120.61348">
        <ele>1615.0</ele>
      </trkpt>
      <trkpt lat="39.58662" lon="-120.61344">
        <ele>1610.0</ele>
      </trkpt>
      <trkpt lat="39.58674" lon="-120.61349">
        <ele>1618.0</ele>
      </trkpt>
      <trkpt lat="39.58682" lon="-120.61362">
        <ele>1615.0</ele>
      </trkpt>
      <trkpt lat="39.58694" lon="-120.61368">
        <ele>1615.0</ele>
      </trkpt>
      <trkpt lat="39.58727" lon="-120.61411">
        <ele>1627.0</ele>
      </trkpt>
      <trkpt lat="39.58752" lon="-120.61474">
        <ele>1632.0</ele>
      </trkpt>
      <trkpt lat="39.58768" lon="-120.61498">
        <ele>1639.0</ele>
      </trkpt>
      <trkpt lat="39.58781" lon="-120.61535">
        <ele>1650.0</ele>
      </trkpt>
      <trkpt lat="39.58799" lon="-120.61559">
        <ele>1639.0</ele>
      </trkpt>
      <trkpt lat="39.5879" lon="-120.61558">
        <ele>1661.0</ele>
      </trkpt>
      <trkpt lat="39.58752" lon="-120.61532">
        <ele>1657.0</ele>
      </trkpt>
      <trkpt lat="39.58734" lon="-120.615">
        <ele>1656.0</ele>
      </trkpt>
      <trkpt lat="39.58713" lon="-120.61474">
        <ele>1645.0</ele>
      </trkpt>
      <trkpt lat="39.58673" lon="-120.61446">
        <ele>1650.0</ele>
      </trkpt>
      <trkpt lat="39.58704" lon="-120.61491">
        <ele>1662.0</ele>
      </trkpt>
      <trkpt lat="39.58724" lon="-120.61534">
        <ele>1662.0</ele>
      </trkpt>
      <trkpt lat="39.58737" lon="-120.61587">
        <ele>1670.0</ele>
      </trkpt>
      <trkpt lat="39.58749" lon="-120.61597">
        <ele>1670.0</ele>
      </trkpt>
      <trkpt lat="39.58754" lon="-120.61627">
        <ele>1697.0</ele>
      </trkpt>
      <trkpt lat="39.58768" lon="-120.61657">
        <ele>1692.0</ele>
      </trkpt>
      <trkpt lat="39.58813" lon="-120.61707">
        <ele>1696.0</ele>
      </trkpt>
      <trkpt lat="39.58803" lon="-120.61714">
        <ele>1709.0</ele>
      </trkpt>
      <trkpt lat="39.58777" lon="-120.61711">
        <ele>1713.0</ele>
      </trkpt>
      <trkpt lat="39.58752" lon="-120.61685">
        <ele>1708.0</ele>
      </trkpt>
      <trkpt lat="39.58738" lon="-120.61681">
        <ele>1708.0</ele>
      </trkpt>
      <trkpt lat="39.58725" lon="-120.61669">
        <ele>1713.0</ele>
      </trkpt>
      <trkpt lat="39.58724" lon="-120.61656">
        <ele>1713.0</ele>
      </trkpt>
      <trkpt lat="39.58714" lon="-120.61652">
        <ele>1701.0</ele>
      </trkpt>
      <trkpt lat="39.58706" lon="-120.6164">
        <ele>1715.0</ele>
      </trkpt>
      <trkpt lat="39.5867" lon="-120.61569">
        <ele>1690.0</ele>
      </trkpt>
      <trkpt lat="39.58608" lon="-120.61531">
        <ele>1692.0</ele>
      </trkpt>
      <trkpt lat="39.58542" lon="-120.61516">
        <ele>1715.0</ele>
      </trkpt>
      <trkpt lat="39.5855" lon="-120.61531">
        <ele>1715.0</ele>
      </trkpt>
      <trkpt lat="39.58567" lon="-120.61534">
        <ele>1715.0</ele>
      </trkpt>
      <trkpt lat="39.5862" lon="-120.6159">
        <ele>1723.0</ele>
      </trkpt>
      <trkpt lat="39.58654" lon="-120.61697">
        <ele>1752.0</ele>
      </trkpt>
      <trkpt lat="39.58625" lon="-120.61651">
        <ele>1746.0</ele>
      </trkpt>
      <trkpt lat="39.58636" lon="-120.61706">
        <ele>1756.0</ele>
      </trkpt>
      <trkpt lat="39.58652" lon="-120.61735">
        <ele>1765.0</ele>
      </trkpt>
      <trkpt lat="39.58692" lon="-120.61768">
        <ele>1764.0</ele>
      </trkpt>
      <trkpt lat="39.58736" lon="-120.61827">
        <ele>1746.0</ele>
      </trkpt>
      <trkpt lat="39.5871" lon="-120.61816">
        <ele>1755.0</ele>
      </trkpt>
      <trkpt lat="39.5868" lon="-120.61785">
        <ele>1770.0</ele>
      </trkpt>
      <trkpt lat="39.58643" lon="-120.61767">
        <ele>1776.0</ele>
      </trkpt>
      <trkpt lat="39.58603" lon="-120.61714">
        <ele>1770.0</ele>
      </trkpt>
      <trkpt lat="39.58603" lon="-120.61719">
        <ele>1770.0</ele>
      </trkpt>
      <trkpt lat="39.58608" lon="-120.61751">
        <ele>1779.0</ele>
      </trkpt>
      <trkpt lat="39.58618" lon="-120.61758">
        <ele>1779.0</ele>
      </trkpt>
      <trkpt lat="39.58622" lon="-120.61774">
        <ele>1786.0</ele>
      </trkpt>
      <trkpt lat="39.58674" lon="-120.61847">
        <ele>1782.0</ele>
      </trkpt>
      <trkpt lat="39.58686" lon="-120.61879">
        <ele>1776.0</ele>
      </trkpt>
      <trkpt lat="39.58723" lon="-120.61944">
        <ele>1783.0</ele>
      </trkpt>
      <trkpt lat="39.58707" lon="-120.6192">
        <ele>1782.0</ele>
      </trkpt>
      <trkpt lat="39.58654" lon="-120.61868">
        <ele>1790.0</ele>
      </trkpt>
      <trkpt lat="39.58603" lon="-120.61841">
        <ele>1792.0</ele>
      </trkpt>
      <trkpt lat="39.58589" lon="-120.61825">
        <ele>1797.0</ele>
      </trkpt>
      <trkpt lat="39.58567" lon="-120.6182">
        <ele>1805.0</ele>
      </trkpt>
      <trkpt lat="39.58508" lon="-120.61745">
        <ele>1819.0</ele>
      </trkpt>
      <trkpt lat="39.58497" lon="-120.61734">
        <ele>1816.0</ele>
      </trkpt>
      <trkpt lat="39.58488" lon="-120.61738">
        <ele>1819.0</ele>
      </trkpt>
      <trkpt lat="39.58493" lon="-120.61749">
        <ele>1819.0</ele>
      </trkpt>
      <trkpt lat="39.58509" lon="-120.61822">
        <ele>1828.0</ele>
      </trkpt>
      <trkpt lat="39.58547" lon="-120.619">
        <ele>1824.0</ele>
      </trkpt>
      <trkpt lat="39.58503" lon="-120.6189">
        <ele>1840.0</ele>
      </trkpt>
      <trkpt lat="39.58465" lon="-120.6186">
        <ele>1834.0</ele>
      </trkpt>
      <trkpt lat="39.58451045608992" lon="-120.6183209121798">
        <ele>1822.0</ele>
      </trkpt>
      <trkpt lat="39.58451045612058" lon="-120.6183209121798">
        <ele>1822.0</ele>
      </trkpt>
      <trkpt lat="39.58448" lon="-120.61826">
        <ele>1822.0</ele>
      </trkpt>
      <trkpt lat="39.58446" lon="-120.61862">
        <ele>1825.0</ele>
      </trkpt>
      <trkpt lat="39.58441" lon="-120.61878">
        <ele>1830.0</ele>
      </trkpt>
      <trkpt lat="39.58401" lon="-120.61941">
        <ele>1822.0</ele>
      </trkpt>
      <trkpt lat="39.58379" lon="-120.61961">
        <ele>1830.0</ele>
      </trkpt>
      <trkpt lat="39.58364" lon="-120.61987">
        <ele>1812.0</ele>
      </trkpt>
      <trkpt lat="39.58352" lon="-120.62064">
        <ele>1820.0</ele>
      </trkpt>
      <trkpt lat="39.58344" lon="-120.62149">
        <ele>1821.0</ele>
      </trkpt>
      <trkpt lat="39.5833" lon="-120.62186">
        <ele>1845.0</ele>
      </trkpt>
      <trkpt lat="39.58256" lon="-120.6228">
        <ele>1823.0</ele>
      </trkpt>
      <trkpt lat="39.58158" lon="-120.62386">
        <ele>1837.0</ele>
      </trkpt>
      <trkpt lat="39.5813" lon="-120.62425">
        <ele>1833.0</ele>
      </trkpt>
      <trkpt lat="39.58098" lon="-120.62461">
        <ele>1845.0</ele>
      </trkpt>
      <trkpt lat="39.58042" lon="-120.62555">
        <ele>1833.0</ele>
      </trkpt>
      <trkpt lat="39.58037" lon="-120.62584">
        <ele>1831.0</ele>
      </trkpt>
      <trkpt lat="39.58018" lon="-120.62609">
        <ele>1831.0</ele>
      </trkpt>
      <trkpt lat="39.57969" lon="-120.62704">
        <ele>1824.0</ele>
      </trkpt>
      <trkpt lat="39.57941" lon="-120.62738">
        <ele>1835.0</ele>
      </trkpt>
      <trkpt lat="39.5789" lon="-120.6282">
        <ele>1818.0</ele>
      </trkpt>
      <trkpt lat="39.57855" lon="-120.62905">
        <ele>1829.0</ele>
      </trkpt>
      <trkpt lat="39.57854" lon="-120.62932">
        <ele>1842.0</ele>
      </trkpt>
      <trkpt lat="39.57827" lon="-120.6298">
        <ele>1826.0</ele>
      </trkpt>
      <trkpt lat="39.57825" lon="-120.62988">
        <ele>1829.0</ele>
      </trkpt>
      <trkpt lat="39.57825" lon="-120.62988">
        <ele>1829.0</ele>
      </trkpt>
      <trkpt lat="39.57817" lon="-120.63018">
        <ele>1811.0</ele>
      </trkpt>
      <trkpt lat="39.57848" lon="-120.63089">
        <ele>1852.0</ele>
      </trkpt>
      <trkpt lat="39.5788" lon="-120.63196">
        <ele>1846.0</ele>
      </trkpt>
      <trkpt lat="39.57893" lon="-120.63228">
        <ele>1841.0</ele>
      </trkpt>
      <trkpt lat="39.57922" lon="-120.63324">
        <ele>1852.0</ele>
      </trkpt>
      <trkpt lat="39.57938" lon="-120.63408">
        <ele>1878.0</ele>
      </trkpt>
      <trkpt lat="39.57925" lon="-120.63435">
        <ele>1862.0</ele>
      </trkpt>
      <trkpt lat="39.57887" lon="-120.63467">
        <ele>1863.0</ele>
      </trkpt>
      <trkpt lat="39.57878" lon="-120.63482">
        <ele>1863.0</ele>
      </trkpt>
      <trkpt lat="39.57862" lon="-120.63533">
        <ele>1868.0</ele>
      </trkpt>
      <trkpt lat="39.5785" lon="-120.63611">
        <ele>1897.0</ele>
      </trkpt>
      <trkpt lat="39.57798" lon="-120.63662">
        <ele>1895.0</ele>
      </trkpt>
      <trkpt lat="39.57764" lon="-120.63716">
        <ele>1905.0</ele>
      </trkpt>
      <trkpt lat="39.57742" lon="-120.63807">
        <ele>1898.0</ele>
      </trkpt>
      <trkpt lat="39.57744" lon="-120.6382">
        <ele>1898.0</ele>
      </trkpt>
      <trkpt lat="39.57756" lon="-120.63831">
        <ele>1898.0</ele>
      </trkpt>
      <trkpt lat="39.57767" lon="-120.638">
        <ele>1910.0</ele>
      </trkpt>
      <trkpt lat="39.57771" lon="-120.63812">
        <ele>1910.0</ele>
      </trkpt>
      <trkpt lat="39.57797" lon="-120.63838">
        <ele>1922.0</ele>
      </trkpt>
      <trkpt lat="39.57879" lon="-120.63894">
        <ele>1926.0</ele>
      </trkpt>
      <trkpt lat="39.57939" lon="-120.63925">
        <ele>1939.0</ele>
      </trkpt>
      <trkpt lat="39.57965" lon="-120.63927">
        <ele>1948.0</ele>
      </trkpt>
      <trkpt lat="39.57965" lon="-120.63923">
        <ele>1948.0</ele>
      </trkpt>
      <trkpt lat="39.57941" lon="-120.63908">
        <ele>1939.0</ele>
      </trkpt>
      <trkpt lat="39.57923" lon="-120.63887">
        <ele>1939.0</ele>
      </trkpt>
      <trkpt lat="39.57927" lon="-120.63883">
        <ele>1939.0</ele>
      </trkpt>
      <trkpt lat="39.57956" lon="-120.63895">
        <ele>1951.0</ele>
      </trkpt>
      <trkpt lat="39.57958" lon="-120.63891">
        <ele>1951.0</ele>
      </trkpt>
      <trkpt lat="39.57922" lon="-120.63851">
        <ele>1947.0</ele>
      </trkpt>
      <trkpt lat="39.57965" lon="-120.63875">
        <ele>1965.0</ele>
      </trkpt>
      <trkpt lat="39.58006" lon="-120.63864">
        <ele>1973.0</ele>
      </trkpt>
      <trkpt lat="39.58032" lon="-120.63864">
        <ele>1982.0</ele>
      </trkpt>
      <trkpt lat="39.58065" lon="-120.63897">
        <ele>1982.0</ele>
      </trkpt>
      <trkpt lat="39.58115" lon="-120.63931">
        <ele>1968.0</ele>
      </trkpt>
      <trkpt lat="39.58133" lon="-120.63971">
        <ele>1977.0</ele>
      </trkpt>
      <trkpt lat="39.58144" lon="-120.63986">
        <ele>1977.0</ele>
      </trkpt>
      <trkpt lat="39.58202" lon="-120.6405">
        <ele>1968.0</ele>
      </trkpt>
      <trkpt lat="39.5822" lon="-120.64083">
        <ele>1967.0</ele>
      </trkpt>
      <trkpt lat="39.58246" lon="-120.64102">
        <ele>1970.0</ele>
      </trkpt>
      <trkpt lat="39.58274" lon="-120.64146">
        <ele>1973.0</ele>
      </trkpt>
      <trkpt lat="39.58295" lon="-120.64164">
        <ele>1982.0</ele>
      </trkpt>
      <trkpt lat="39.58299" lon="-120.64199">
        <ele>1979.0</ele>
      </trkpt>
      <trkpt lat="39.58311" lon="-120.64228">
        <ele>1978.0</ele>
      </trkpt>
      <trkpt lat="39.58296" lon="-120.64275">
        <ele>1985.0</ele>
      </trkpt>
      <trkpt lat="39.58287" lon="-120.64287">
        <ele>1973.0</ele>
      </trkpt>
      <trkpt lat="39.58262" lon="-120.64297">
        <ele>1973.0</ele>
      </trkpt>
      <trkpt lat="39.58253" lon="-120.64312">
        <ele>1973.0</ele>
      </trkpt>
      <trkpt lat="39.58215" lon="-120.64351">
        <ele>1976.0</ele>
      </trkpt>
      <trkpt lat="39.58207" lon="-120.64366">
        <ele>1963.0</ele>
      </trkpt>
      <trkpt lat="39.58201" lon="-120.64421">
        <ele>1974.0</ele>
      </trkpt>
      <trkpt lat="39.58174" lon="-120.64502">
        <ele>1974.0</ele>
      </trkpt>
      <trkpt lat="39.5818" lon="-120.64558">
        <ele>1984.0</ele>
      </trkpt>
      <trkpt lat="39.5821" lon="-120.64623">
        <ele>2004.0</ele>
      </trkpt>
      <trkpt lat="39.58253" lon="-120.64676">
        <ele>2009.0</ele>
      </trkpt>
      <trkpt lat="39.58335" lon="-120.6476">
        <ele>2027.0</ele>
      </trkpt>
      <trkpt lat="39.58392" lon="-120.64805">
        <ele>2027.0</ele>
      </trkpt>
      <trkpt lat="39.58435" lon="-120.64827">
        <ele>2041.0</ele>
      </trkpt>
      <trkpt lat="39.5849" lon="-120.64848">
        <ele>2030.0</ele>
      </trkpt>
      <trkpt lat="39.58494" lon="-120.64845">
        <ele>2054.0</ele>
      </trkpt>
      <trkpt lat="39.58479" lon="-120.64839">
        <ele>2048.0</ele>
      </trkpt>
      <trkpt lat="39.58423" lon="-120.64793">
        <ele>2040.0</ele>
      </trkpt>
      <trkpt lat="39.5837" lon="-120.64721">
        <ele>2050.0</ele>
      </trkpt>
      <trkpt lat="39.58355" lon="-120.6469">
        <ele>2059.0</ele>
      </trkpt>
      <trkpt lat="39.58395" lon="-120.64724">
        <ele>2062.0</ele>
      </trkpt>
      <trkpt lat="39.58432" lon="-120.64746">
        <ele>2077.0</ele>
      </trkpt>
      <trkpt lat="39.5851" lon="-120.64775">
        <ele>2078.0</ele>
      </trkpt>
      <trkpt lat="39.58571" lon="-120.64786">
        <ele>2103.0</ele>
      </trkpt>
      <trkpt lat="39.58649" lon="-120.6484">
        <ele>2096.0</ele>
      </trkpt>
      <trkpt lat="39.58686" lon="-120.64841">
        <ele>2115.0</ele>
      </trkpt>
      <trkpt lat="39.58726" lon="-120.64884">
        <ele>2114.0</ele>
      </trkpt>
      <trkpt lat="39.58762" lon="-120.64956">
        <ele>2114.0</ele>
      </trkpt>
      <trkpt lat="39.58787" lon="-120.64984">
        <ele>2127.0</ele>
      </trkpt>
      <trkpt lat="39.58792" lon="-120.6502">
        <ele>2143.0</ele>
      </trkpt>
      <trkpt lat="39.58789" lon="-120.65053">
        <ele>2123.0</ele>
      </trkpt>
      <trkpt lat="39.58797" lon="-120.65088">
        <ele>2153.0</ele>
      </trkpt>
      <trkpt lat="39.58792" lon="-120.65102">
        <ele>2158.0</ele>
      </trkpt>
      <trkpt lat="39.58752" lon="-120.65133">
        <ele>2137.0</ele>
      </trkpt>
      <trkpt lat="39.58728" lon="-120.65158">
        <ele>2124.0</ele>
      </trkpt>
      <trkpt lat="39.58689" lon="-120.65186">
        <ele>2112.0</ele>
      </trkpt>
      <trkpt lat="39.58689" lon="-120.65186">
        <ele>2112.0</ele>
      </trkpt>
      <trkpt lat="39.58684" lon="-120.65258">
        <ele>2121.0</ele>
      </trkpt>
      <trkpt lat="39.58688" lon="-120.65293">
        <ele>2124.0</ele>
      </trkpt>
      <trkpt lat="39.58701" lon="-120.65325">
        <ele>2119.0</ele>
      </trkpt>
      <trkpt lat="39.58707" lon="-120.65357">
        <ele>2120.0</ele>
      </trkpt>
      <trkpt lat="39.58709" lon="-120.65395">
        <ele>2142.0</ele>
      </trkpt>
      <trkpt lat="39.58688" lon="-120.65509">
        <ele>2135.0</ele>
      </trkpt>
      <trkpt lat="39.58695" lon="-120.65521">
        <ele>2133.0</ele>
      </trkpt>
      <trkpt lat="39.58708" lon="-120.65526">
        <ele>2133.0</ele>
      </trkpt>
      <trkpt lat="39.58728" lon="-120.6555">
        <ele>2139.0</ele>
      </trkpt>
      <trkpt lat="39.58726" lon="-120.65573">
        <ele>2139.0</ele>
      </trkpt>
      <trkpt lat="39.58741" lon="-120.65605">
        <ele>2155.0</ele>
      </trkpt>
      <trkpt lat="39.58727" lon="-120.65644">
        <ele>2139.0</ele>
      </trkpt>
      <trkpt lat="39.58727" lon="-120.6565761566162">
        <ele>2138.0</ele>
      </trkpt>
      <trkpt lat="39.58727" lon="-120.6565761566162">
        <ele>2138.0</ele>
      </trkpt>
      <trkpt lat="39.58727" lon="-120.65665">
        <ele>2138.0</ele>
      </trkpt>
      <trkpt lat="39.58733" lon="-120.65685">
        <ele>2136.0</ele>
      </trkpt>
      <trkpt lat="39.58779" lon="-120.65736">
        <ele>2162.0</ele>
      </trkpt>
      <trkpt lat="39.58796" lon="-120.65766">
        <ele>2163.0</ele>
      </trkpt>
      <trkpt lat="39.5881" lon="-120.65802">
        <ele>2154.0</ele>
      </trkpt>
      <trkpt lat="39.58829" lon="-120.65921">
        <ele>2161.0</ele>
      </trkpt>
      <trkpt lat="39.58824" lon="-120.65984">
        <ele>2159.0</ele>
      </trkpt>
      <trkpt lat="39.58828" lon="-120.66027">
        <ele>2163.0</ele>
      </trkpt>
      <trkpt lat="39.5885" lon="-120.66083">
        <ele>2174.0</ele>
      </trkpt>
      <trkpt lat="39.58872" lon="-120.66168">
        <ele>2170.0</ele>
      </trkpt>
      <trkpt lat="39.58876" lon="-120.66169">
        <ele>2176.0</ele>
      </trkpt>
      <trkpt lat="39.58876" lon="-120.66169">
        <ele>2176.0</ele>
      </trkpt>
      <trkpt lat="39.5887948750602" lon="-120.6617205139479">
        <ele>2176.0</ele>
      </trkpt>
      <trkpt lat="39.5887948750602" lon="-120.6617205139479">
        <ele>2176.0</ele>
      </trkpt>
      <trkpt lat="39.58892" lon="-120.66183">
        <ele>2175.0</ele>
      </trkpt>
      <trkpt lat="39.58958" lon="-120.66195">
        <ele>2173.0</ele>
      </trkpt>
      <trkpt lat="39.59053" lon="-120.66197">
        <ele>2191.0</ele>
      </trkpt>
      <trkpt lat="39.5907" lon="-120.66203">
        <ele>2200.0</ele>
      </trkpt>
      <trkpt lat="39.59096" lon="-120.662">
        <ele>2200.0</ele>
      </trkpt>
      <trkpt lat="39.59112" lon="-120.66202">
        <ele>2199.0</ele>
      </trkpt>
      <trkpt lat="39.59125" lon="-120.6621">
        <ele>2199.0</ele>
      </trkpt>
      <trkpt lat="39.59147" lon="-120.66213">
        <ele>2197.0</ele>
      </trkpt>
      <trkpt lat="39.5915" lon="-120.66205">
        <ele>2204.0</ele>
      </trkpt>
      <trkpt lat="39.5918" lon="-120.66213">
        <ele>2197.0</ele>
      </trkpt>
      <trkpt lat="39.59225" lon="-120.66239">
        <ele>2182.0</ele>
      </trkpt>
      <trkpt lat="39.5923" lon="-120.66257">
        <ele>2182.0</ele>
      </trkpt>
      <trkpt lat="39.59254" lon="-120.66277">
        <ele>2183.0</ele>
      </trkpt>
      <trkpt lat="39.59269" lon="-120.66285">
        <ele>2181.0</ele>
      </trkpt>
      <trkpt lat="39.59291" lon="-120.66288">
        <ele>2181.0</ele>
      </trkpt>
      <trkpt lat="39.59289" lon="-120.66304">
        <ele>2174.0</ele>
      </trkpt>
      <trkpt lat="39.59304" lon="-120.66294">
        <ele>2179.0</ele>
      </trkpt>
      <trkpt lat="39.59329" lon="-120.66296">
        <ele>2187.0</ele>
      </trkpt>
      <trkpt lat="39.594" lon="-120.66324">
        <ele>2193.0</ele>
      </trkpt>
      <trkpt lat="39.59457" lon="-120.66339">
        <ele>2219.0</ele>
      </trkpt>
      <trkpt lat="39.595" lon="-120.66341">
        <ele>2220.0</ele>
      </trkpt>
      <trkpt lat="39.59543" lon="-120.66364">
        <ele>2214.0</ele>
      </trkpt>
      <trkpt lat="39.59571" lon="-120.66354">
        <ele>2213.0</ele>
      </trkpt>
      <trkpt lat="39.59594" lon="-120.66367">
        <ele>2213.0</ele>
      </trkpt>
      <trkpt lat="39.59663" lon="-120.66374">
        <ele>2226.0</ele>
      </trkpt>
      <trkpt lat="39.59719308894452" lon="-120.664118900972">
        <ele>2215.0</ele>
      </trkpt>
      <trkpt lat="39.59719309100498" lon="-120.664118900972">
        <ele>2215.0</ele>
      </trkpt>
      <trkpt lat="39.5977" lon="-120.66446">
        <ele>2216.0</ele>
      </trkpt>
      <trkpt lat="39.59838" lon="-120.66472">
        <ele>2222.0</ele>
      </trkpt>
      <trkpt lat="39.59883" lon="-120.66466">
        <ele>2233.0</ele>
      </trkpt>
      <trkpt lat="39.59933" lon="-120.66425">
        <ele>2236.0</ele>
      </trkpt>
      <trkpt lat="39.59933638878822" lon="-120.664223484927">
        <ele>2236.0</ele>
      </trkpt>
      <trkpt lat="39.59933638878822" lon="-120.664223484927">
        <ele>2236.0</ele>
      </trkpt>
      <trkpt lat="39.59953" lon="-120.66342">
        <ele>2242.0</ele>
      </trkpt>
      <trkpt lat="39.59973" lon="-120.66298">
        <ele>2244.0</ele>
      </trkpt>
      <trkpt lat="39.60016" lon="-120.66253">
        <ele>2250.0</ele>
      </trkpt>
      <trkpt lat="39.60046" lon="-120.66238">
        <ele>2249.0</ele>
      </trkpt>
      <trkpt lat="39.60076559177527" lon="-120.6623036020562">
        <ele>2252.0</ele>
      </trkpt>
      <trkpt lat="39.60076559207181" lon="-120.6623036020562">
        <ele>2252.0</ele>
      </trkpt>
      <trkpt lat="39.6009" lon="-120.66227">
        <ele>2252.0</ele>
      </trkpt>
      <trkpt lat="39.60105" lon="-120.66227">
        <ele>2241.0</ele>
      </trkpt>
      <trkpt lat="39.60204" lon="-120.66197">
        <ele>2240.0</ele>
      </trkpt>
      <trkpt lat="39.60214" lon="-120.66191">
        <ele>2237.0</ele>
      </trkpt>
      <trkpt lat="39.60214" lon="-120.66191">
        <ele>2237.0</ele>
      </trkpt>
      <trkpt lat="39.60202" lon="-120.66177">
        <ele>2236.0</ele>
      </trkpt>
      <trkpt lat="39.6019004311785" lon="-120.6617270095463">
        <ele>2236.0</ele>
      </trkpt>
      <trkpt lat="39.6019004311785" lon="-120.6617270095463">
        <ele>2236.0</ele>
      </trkpt>
      <trkpt lat="39.60117950860602" lon="-120.6614678008846">
        <ele>2233.0</ele>
      </trkpt>
      <trkpt lat="39.60117950886372" lon="-120.6614678008846">
        <ele>2233.0</ele>
      </trkpt>
      <trkpt lat="39.60113" lon="-120.66145">
        <ele>2233.0</ele>
      </trkpt>
      <trkpt lat="39.60084" lon="-120.66128">
        <ele>2241.0</ele>
      </trkpt>
      <trkpt lat="39.60079" lon="-120.66121">
        <ele>2239.0</ele>
      </trkpt>
      <trkpt lat="39.60081" lon="-120.66118">
        <ele>2239.0</ele>
      </trkpt>
      <trkpt lat="39.60093" lon="-120.66119">
        <ele>2239.0</ele>
      </trkpt>
      <trkpt lat="39.60125692062243" lon="-120.6612553832363">
        <ele>2230.0</ele>
      </trkpt>
      <trkpt lat="39.60125692062243" lon="-120.6612553832363">
        <ele>2230.0</ele>
      </trkpt>
      <trkpt lat="39.60168" lon="-120.66134">
        <ele>2225.0</ele>
      </trkpt>
      <trkpt lat="39.60237" lon="-120.66135">
        <ele>2217.0</ele>
      </trkpt>
      <trkpt lat="39.60252688215257" lon="-120.6613761470254">
        <ele>2217.0</ele>
      </trkpt>
      <trkpt lat="39.60252688217876" lon="-120.6613761470254">
        <ele>2217.0</ele>
      </trkpt>
      <trkpt lat="39.60255" lon="-120.66138">
        <ele>2217.0</ele>
      </trkpt>
      <trkpt lat="39.60297" lon="-120.6615">
        <ele>2209.0</ele>
      </trkpt>
      <trkpt lat="39.60324" lon="-120.66163">
        <ele>2219.0</ele>
      </trkpt>
      <trkpt lat="39.60372" lon="-120.66176">
        <ele>2214.0</ele>
      </trkpt>
      <trkpt lat="39.60397" lon="-120.66189">
        <ele>2217.0</ele>
      </trkpt>
      <trkpt lat="39.60418" lon="-120.66206">
        <ele>2211.0</ele>
      </trkpt>
      <trkpt lat="39.6043" lon="-120.66213">
        <ele>2222.0</ele>
      </trkpt>
      <trkpt lat="39.60449" lon="-120.66218">
        <ele>2225.0</ele>
      </trkpt>
      <trkpt lat="39.6051" lon="-120.66219">
        <ele>2206.0</ele>
      </trkpt>
      <trkpt lat="39.60569" lon="-120.66209">
        <ele>2206.0</ele>
      </trkpt>
      <trkpt lat="39.60569" lon="-120.66209">
        <ele>2206.0</ele>
      </trkpt>
      <trkpt lat="39.60586" lon="-120.66196">
        <ele>2191.0</ele>
      </trkpt>
      <trkpt lat="39.60585" lon="-120.66189">
        <ele>2191.0</ele>
      </trkpt>
      <trkpt lat="39.60569" lon="-120.66189">
        <ele>2195.0</ele>
      </trkpt>
      <trkpt lat="39.60569" lon="-120.66189">
        <ele>2195.0</ele>
      </trkpt>
      <trkpt lat="39.6052" lon="-120.66188">
        <ele>2193.0</ele>
      </trkpt>
      <trkpt lat="39.60475" lon="-120.66174">
        <ele>2196.0</ele>
      </trkpt>
      <trkpt lat="39.60452" lon="-120.66166">
        <ele>2199.0</ele>
      </trkpt>
      <trkpt lat="39.60415" lon="-120.66146">
        <ele>2190.0</ele>
      </trkpt>
      <trkpt lat="39.60408" lon="-120.6614">
        <ele>2190.0</ele>
      </trkpt>
      <trkpt lat="39.60413" lon="-120.66134">
        <ele>2190.0</ele>
      </trkpt>
      <trkpt lat="39.60425" lon="-120.66134">
        <ele>2190.0</ele>
      </trkpt>
      <trkpt lat="39.60448008396371" lon="-120.6613492033586">
        <ele>2189.0</ele>
      </trkpt>
      <trkpt lat="39.6044800839968" lon="-120.6613492033586">
        <ele>2189.0</ele>
      </trkpt>
      <trkpt lat="39.6045" lon="-120.66135">
        <ele>2189.0</ele>
      </trkpt>
      <trkpt lat="39.60491" lon="-120.66144">
        <ele>2177.0</ele>
      </trkpt>
      <trkpt lat="39.60546" lon="-120.66142">
        <ele>2174.0</ele>
      </trkpt>
      <trkpt lat="39.60546" lon="-120.66142">
        <ele>2174.0</ele>
      </trkpt>
      <trkpt lat="39.60569" lon="-120.6613">
        <ele>2174.0</ele>
      </trkpt>
      <trkpt lat="39.60569" lon="-120.6613">
        <ele>2174.0</ele>
      </trkpt>
      <trkpt lat="39.60576" lon="-120.66127">
        <ele>2173.0</ele>
      </trkpt>
      <trkpt lat="39.60588" lon="-120.66111">
        <ele>2170.0</ele>
      </trkpt>
      <trkpt lat="39.60587" lon="-120.66105">
        <ele>2170.0</ele>
      </trkpt>
      <trkpt lat="39.60575" lon="-120.6611">
        <ele>2170.0</ele>
      </trkpt>
      <trkpt lat="39.60572" lon="-120.66108">
        <ele>2170.0</ele>
      </trkpt>
      <trkpt lat="39.60573" lon="-120.661">
        <ele>2170.0</ele>
      </trkpt>
      <trkpt lat="39.60578" lon="-120.66086">
        <ele>2164.0</ele>
      </trkpt>
      <trkpt lat="39.60597" lon="-120.66075">
        <ele>2164.0</ele>
      </trkpt>
      <trkpt lat="39.60608" lon="-120.66075">
        <ele>2163.0</ele>
      </trkpt>
      <trkpt lat="39.60651" lon="-120.66096">
        <ele>2162.0</ele>
      </trkpt>
      <trkpt lat="39.6067" lon="-120.661">
        <ele>2166.0</ele>
      </trkpt>
      <trkpt lat="39.60715" lon="-120.6609">
        <ele>2155.0</ele>
      </trkpt>
      <trkpt lat="39.60732" lon="-120.66091">
        <ele>2155.0</ele>
      </trkpt>
      <trkpt lat="39.60766" lon="-120.66099">
        <ele>2160.0</ele>
      </trkpt>
      <trkpt lat="39.6078" lon="-120.661">
        <ele>2160.0</ele>
      </trkpt>
      <trkpt lat="39.60799" lon="-120.66092">
        <ele>2152.0</ele>
      </trkpt>
      <trkpt lat="39.6082094395934" lon="-120.6608102802033">
        <ele>2146.0</ele>
      </trkpt>
      <trkpt lat="39.60820944051338" lon="-120.6608102802033">
        <ele>2146.0</ele>
      </trkpt>
      <trkpt lat="39.60879" lon="-120.66052">
        <ele>2140.0</ele>
      </trkpt>
      <trkpt lat="39.60892" lon="-120.66041">
        <ele>2141.0</ele>
      </trkpt>
      <trkpt lat="39.60905" lon="-120.66021">
        <ele>2144.0</ele>
      </trkpt>
      <trkpt lat="39.60932" lon="-120.65967">
        <ele>2139.0</ele>
      </trkpt>
      <trkpt lat="39.60937" lon="-120.65959">
        <ele>2139.0</ele>
      </trkpt>
      <trkpt lat="39.60942" lon="-120.65957">
        <ele>2135.0</ele>
      </trkpt>
      <trkpt lat="39.60944" lon="-120.65969">
        <ele>2139.0</ele>
      </trkpt>
      <trkpt lat="39.60935" lon="-120.66018">
        <ele>2138.0</ele>
      </trkpt>
      <trkpt lat="39.60914" lon="-120.66067">
        <ele>2141.0</ele>
      </trkpt>
      <trkpt lat="39.60918" lon="-120.66071">
        <ele>2136.0</ele>
      </trkpt>
      <trkpt lat="39.60923" lon="-120.66067">
        <ele>2141.0</ele>
      </trkpt>
      <trkpt lat="39.6096" lon="-120.66003">
        <ele>2137.0</ele>
      </trkpt>
      <trkpt lat="39.60983" lon="-120.65943">
        <ele>2133.0</ele>
      </trkpt>
      <trkpt lat="39.60988" lon="-120.65917">
        <ele>2118.0</ele>
      </trkpt>
      <trkpt lat="39.60995" lon="-120.65923">
        <ele>2118.0</ele>
      </trkpt>
      <trkpt lat="39.60999" lon="-120.65942">
        <ele>2122.0</ele>
      </trkpt>
      <trkpt lat="39.60997" lon="-120.65959">
        <ele>2127.0</ele>
      </trkpt>
      <trkpt lat="39.61004" lon="-120.65954">
        <ele>2122.0</ele>
      </trkpt>
      <trkpt lat="39.61012" lon="-120.65937">
        <ele>2122.0</ele>
      </trkpt>
      <trkpt lat="39.61014" lon="-120.65899">
        <ele>2103.0</ele>
      </trkpt>
      <trkpt lat="39.61008" lon="-120.65882">
        <ele>2115.0</ele>
      </trkpt>
      <trkpt lat="39.60984" lon="-120.65857">
        <ele>2112.0</ele>
      </trkpt>
      <trkpt lat="39.60984" lon="-120.6585">
        <ele>2112.0</ele>
      </trkpt>
      <trkpt lat="39.60991" lon="-120.65849">
        <ele>2110.0</ele>
      </trkpt>
      <trkpt lat="39.6101" lon="-120.65854">
        <ele>2110.0</ele>
      </trkpt>
      <trkpt lat="39.61027" lon="-120.65872">
        <ele>2100.0</ele>
      </trkpt>
      <trkpt lat="39.6104" lon="-120.65895">
        <ele>2103.0</ele>
      </trkpt>
      <trkpt lat="39.61049" lon="-120.6592">
        <ele>2099.0</ele>
      </trkpt>
      <trkpt lat="39.61057" lon="-120.65991">
        <ele>2105.0</ele>
      </trkpt>
      <trkpt lat="39.61061" lon="-120.65999">
        <ele>2105.0</ele>
      </trkpt>
      <trkpt lat="39.61067" lon="-120.65996">
        <ele>2105.0</ele>
      </trkpt>
      <trkpt lat="39.6108" lon="-120.65941">
        <ele>2089.0</ele>
      </trkpt>
      <trkpt lat="39.61083" lon="-120.65918">
        <ele>2089.0</ele>
      </trkpt>
      <trkpt lat="39.61081" lon="-120.65903">
        <ele>2089.0</ele>
      </trkpt>
      <trkpt lat="39.61053" lon="-120.65849">
        <ele>2091.0</ele>
      </trkpt>
      <trkpt lat="39.61048" lon="-120.65836">
        <ele>2087.0</ele>
      </trkpt>
      <trkpt lat="39.61041" lon="-120.65788">
        <ele>2070.0</ele>
      </trkpt>
      <trkpt lat="39.61034" lon="-120.6578">
        <ele>2070.0</ele>
      </trkpt>
      <trkpt lat="39.61023" lon="-120.65776">
        <ele>2070.0</ele>
      </trkpt>
      <trkpt lat="39.60984" lon="-120.65782">
        <ele>2080.0</ele>
      </trkpt>
      <trkpt lat="39.60944" lon="-120.65783">
        <ele>2076.0</ele>
      </trkpt>
      <trkpt lat="39.60939930989124" lon="-120.6578442415381">
        <ele>2076.0</ele>
      </trkpt>
      <trkpt lat="39.60939930999682" lon="-120.6578442415381">
        <ele>2076.0</ele>
      </trkpt>
      <trkpt lat="39.60904" lon="-120.65797">
        <ele>2080.0</ele>
      </trkpt>
      <trkpt lat="39.60897" lon="-120.65795">
        <ele>2075.0</ele>
      </trkpt>
      <trkpt lat="39.60897" lon="-120.65792">
        <ele>2075.0</ele>
      </trkpt>
      <trkpt lat="39.60913727511624" lon="-120.6576145406062">
        <ele>2063.0</ele>
      </trkpt>
      <trkpt lat="39.60913727511624" lon="-120.6576145406062">
        <ele>2063.0</ele>
      </trkpt>
      <trkpt lat="39.6092" lon="-120.6575">
        <ele>2063.0</ele>
      </trkpt>
      <trkpt lat="39.6092" lon="-120.65747">
        <ele>2063.0</ele>
      </trkpt>
      <trkpt lat="39.60912" lon="-120.65746">
        <ele>2063.0</ele>
      </trkpt>
      <trkpt lat="39.60899" lon="-120.65751">
        <ele>2060.0</ele>
      </trkpt>
      <trkpt lat="39.60887" lon="-120.65764">
        <ele>2070.0</ele>
      </trkpt>
      <trkpt lat="39.6084" lon="-120.65779">
        <ele>2056.0</ele>
      </trkpt>
      <trkpt lat="39.60833" lon="-120.65777">
        <ele>2056.0</ele>
      </trkpt>
      <trkpt lat="39.60837" lon="-120.65757">
        <ele>2056.0</ele>
      </trkpt>
      <trkpt lat="39.60837" lon="-120.65757">
        <ele>2056.0</ele>
      </trkpt>
      <trkpt lat="39.60847" lon="-120.65754">
        <ele>2056.0</ele>
      </trkpt>
      <trkpt lat="39.60863" lon="-120.65726">
        <ele>2058.0</ele>
      </trkpt>
      <trkpt lat="39.60874" lon="-120.65689">
        <ele>2055.0</ele>
      </trkpt>
      <trkpt lat="39.60873" lon="-120.65677">
        <ele>2053.0</ele>
      </trkpt>
      <trkpt lat="39.60876" lon="-120.65669">
        <ele>2052.0</ele>
      </trkpt>
      <trkpt lat="39.60876" lon="-120.65669">
        <ele>2052.0</ele>
      </trkpt>
      <trkpt lat="39.60874" lon="-120.65655">
        <ele>2053.0</ele>
      </trkpt>
      <trkpt lat="39.60885" lon="-120.65625">
        <ele>2051.0</ele>
      </trkpt>
      <trkpt lat="39.60875" lon="-120.65599">
        <ele>2052.0</ele>
      </trkpt>
      <trkpt lat="39.60873" lon="-120.65583">
        <ele>2052.0</ele>
      </trkpt>
      <trkpt lat="39.60874" lon="-120.65574">
        <ele>2052.0</ele>
      </trkpt>
      <trkpt lat="39.60878" lon="-120.65567">
        <ele>2054.0</ele>
      </trkpt>
      <trkpt lat="39.60902" lon="-120.65552">
        <ele>2054.0</ele>
      </trkpt>
      <trkpt lat="39.60922" lon="-120.65517">
        <ele>2054.0</ele>
      </trkpt>
      <trkpt lat="39.60945" lon="-120.65459">
        <ele>2052.0</ele>
      </trkpt>
      <trkpt lat="39.60955" lon="-120.65447">
        <ele>2058.0</ele>
      </trkpt>
      <trkpt lat="39.60975" lon="-120.65435">
        <ele>2052.0</ele>
      </trkpt>
      <trkpt lat="39.60991" lon="-120.65431">
        <ele>2048.0</ele>
      </trkpt>
      <trkpt lat="39.60998638112048" lon="-120.65431">
        <ele>2048.0</ele>
      </trkpt>
      <trkpt lat="39.60998638117765" lon="-120.65431">
        <ele>2048.0</ele>
      </trkpt>
      <trkpt lat="39.61009" lon="-120.65431">
        <ele>2048.0</ele>
      </trkpt>
      <trkpt lat="39.61041" lon="-120.65439">
        <ele>2045.0</ele>
      </trkpt>
      <trkpt lat="39.61067" lon="-120.65435">
        <ele>2044.0</ele>
      </trkpt>
      <trkpt lat="39.61096" lon="-120.65445">
        <ele>2040.0</ele>
      </trkpt>
      <trkpt lat="39.61118" lon="-120.65443">
        <ele>2035.0</ele>
      </trkpt>
      <trkpt lat="39.6113" lon="-120.6546">
        <ele>2034.0</ele>
      </trkpt>
      <trkpt lat="39.61130751058739" lon="-120.6545991419723">
        <ele>2034.0</ele>
      </trkpt>
      <trkpt lat="39.61130751058739" lon="-120.6545991419723">
        <ele>2034.0</ele>
      </trkpt>
      <trkpt lat="39.61165" lon="-120.65456">
        <ele>2032.0</ele>
      </trkpt>
      <trkpt lat="39.61189" lon="-120.65445">
        <ele>2032.0</ele>
      </trkpt>
      <trkpt lat="39.61217" lon="-120.65421">
        <ele>2028.0</ele>
      </trkpt>
      <trkpt lat="39.61233" lon="-120.65415">
        <ele>2028.0</ele>
      </trkpt>
      <trkpt lat="39.61257" lon="-120.65413">
        <ele>2023.0</ele>
      </trkpt>
      <trkpt lat="39.61285" lon="-120.65386">
        <ele>2022.0</ele>
      </trkpt>
      <trkpt lat="39.61294" lon="-120.65365">
        <ele>2021.0</ele>
      </trkpt>
      <trkpt lat="39.61302" lon="-120.65358">
        <ele>2021.0</ele>
      </trkpt>
      <trkpt lat="39.61334" lon="-120.65345">
        <ele>2018.0</ele>
      </trkpt>
      <trkpt lat="39.61338" lon="-120.65334">
        <ele>2018.0</ele>
      </trkpt>
      <trkpt lat="39.61332" lon="-120.65315">
        <ele>2018.0</ele>
      </trkpt>
      <trkpt lat="39.61333" lon="-120.653">
        <ele>2018.0</ele>
      </trkpt>
      <trkpt lat="39.61337" lon="-120.65291">
        <ele>2021.0</ele>
      </trkpt>
      <trkpt lat="39.61343" lon="-120.65287">
        <ele>2021.0</ele>
      </trkpt>
      <trkpt lat="39.61348" lon="-120.65289">
        <ele>2023.0</ele>
      </trkpt>
      <trkpt lat="39.61361" lon="-120.65307">
        <ele>2018.0</ele>
      </trkpt>
      <trkpt lat="39.61366" lon="-120.65311">
        <ele>2018.0</ele>
      </trkpt>
      <trkpt lat="39.61388" lon="-120.65289">
        <ele>2014.0</ele>
      </trkpt>
      <trkpt lat="39.61398" lon="-120.65292">
        <ele>2014.0</ele>
      </trkpt>
      <trkpt lat="39.61413" lon="-120.65306">
        <ele>2005.0</ele>
      </trkpt>
      <trkpt lat="39.61421" lon="-120.65301">
        <ele>2005.0</ele>
      </trkpt>
      <trkpt lat="39.61429" lon="-120.65277">
        <ele>2007.0</ele>
      </trkpt>
      <trkpt lat="39.61435" lon="-120.65269">
        <ele>2006.0</ele>
      </trkpt>
      <trkpt lat="39.6145483085333" lon="-120.6526783347922">
        <ele>2006.0</ele>
      </trkpt>
      <trkpt lat="39.61454830873626" lon="-120.6526783347922">
        <ele>2006.0</ele>
      </trkpt>
      <trkpt lat="39.61469" lon="-120.65267">
        <ele>2003.0</ele>
      </trkpt>
      <trkpt lat="39.6151" lon="-120.65245">
        <ele>2008.0</ele>
      </trkpt>
      <trkpt lat="39.61538" lon="-120.65217">
        <ele>1999.0</ele>
      </trkpt>
      <trkpt lat="39.61549" lon="-120.65211">
        <ele>1989.0</ele>
      </trkpt>
      <trkpt lat="39.61562" lon="-120.65215">
        <ele>1989.0</ele>
      </trkpt>
      <trkpt lat="39.61559" lon="-120.65222">
        <ele>1989.0</ele>
      </trkpt>
      <trkpt lat="39.61514" lon="-120.65264">
        <ele>1981.0</ele>
      </trkpt>
      <trkpt lat="39.61499" lon="-120.65275">
        <ele>1997.0</ele>
      </trkpt>
      <trkpt lat="39.61488" lon="-120.65286">
        <ele>1997.0</ele>
      </trkpt>
      <trkpt lat="39.61488" lon="-120.65292">
        <ele>1985.0</ele>
      </trkpt>
      <trkpt lat="39.6152" lon="-120.65287">
        <ele>1981.0</ele>
      </trkpt>
      <trkpt lat="39.61535" lon="-120.65275">
        <ele>1981.0</ele>
      </trkpt>
      <trkpt lat="39.61555" lon="-120.65264">
        <ele>1977.0</ele>
      </trkpt>
      <trkpt lat="39.61569" lon="-120.65248">
        <ele>1983.0</ele>
      </trkpt>
      <trkpt lat="39.61575" lon="-120.65234">
        <ele>1989.0</ele>
      </trkpt>
      <trkpt lat="39.61577" lon="-120.65233">
        <ele>1989.0</ele>
      </trkpt>
      <trkpt lat="39.61583" lon="-120.65242">
        <ele>1980.0</ele>
      </trkpt>
      <trkpt lat="39.61583" lon="-120.65279">
        <ele>1975.0</ele>
      </trkpt>
      <trkpt lat="39.6159" lon="-120.65301">
        <ele>1973.0</ele>
      </trkpt>
      <trkpt lat="39.61595" lon="-120.65305">
        <ele>1973.0</ele>
      </trkpt>
      <trkpt lat="39.61608" lon="-120.65302">
        <ele>1969.0</ele>
      </trkpt>
      <trkpt lat="39.61612" lon="-120.65299">
        <ele>1969.0</ele>
      </trkpt>
      <trkpt lat="39.61623" lon="-120.65278">
        <ele>1969.0</ele>
      </trkpt>
      <trkpt lat="39.6163" lon="-120.65275">
        <ele>1968.0</ele>
      </trkpt>
      <trkpt lat="39.61654" lon="-120.65279">
        <ele>1967.0</ele>
      </trkpt>
      <trkpt lat="39.61738" lon="-120.65263">
        <ele>1955.0</ele>
      </trkpt>
      <trkpt lat="39.61744" lon="-120.65255">
        <ele>1955.0</ele>
      </trkpt>
      <trkpt lat="39.6176" lon="-120.65223">
        <ele>1947.0</ele>
      </trkpt>
      <trkpt lat="39.61766" lon="-120.65202">
        <ele>1945.0</ele>
      </trkpt>
      <trkpt lat="39.61782" lon="-120.65186">
        <ele>1945.0</ele>
      </trkpt>
      <trkpt lat="39.61782" lon="-120.65186">
        <ele>1945.0</ele>
      </trkpt>
      <trkpt lat="39.61796" lon="-120.65183">
        <ele>1951.0</ele>
      </trkpt>
      <trkpt lat="39.61809" lon="-120.65175">
        <ele>1948.0</ele>
      </trkpt>
      <trkpt lat="39.6185" lon="-120.65144">
        <ele>1947.0</ele>
      </trkpt>
      <trkpt lat="39.61857" lon="-120.65142">
        <ele>1947.0</ele>
      </trkpt>
      <trkpt lat="39.61864556900592" lon="-120.6514359071024">
        <ele>1947.0</ele>
      </trkpt>
      <trkpt lat="39.61864556900592" lon="-120.6514359071024">
        <ele>1947.0</ele>
      </trkpt>
      <trkpt lat="39.61876" lon="-120.65146">
        <ele>1951.0</ele>
      </trkpt>
      <trkpt lat="39.61927" lon="-120.65126">
        <ele>1945.0</ele>
      </trkpt>
      <trkpt lat="39.61939" lon="-120.65131">
        <ele>1941.0</ele>
      </trkpt>
      <trkpt lat="39.61938" lon="-120.65142">
        <ele>1941.0</ele>
      </trkpt>
      <trkpt lat="39.6193" lon="-120.65149">
        <ele>1945.0</ele>
      </trkpt>
      <trkpt lat="39.61929" lon="-120.65158">
        <ele>1945.0</ele>
      </trkpt>
      <trkpt lat="39.61933" lon="-120.65159">
        <ele>1948.0</ele>
      </trkpt>
      <trkpt lat="39.61943" lon="-120.65155">
        <ele>1948.0</ele>
      </trkpt>
      <trkpt lat="39.6197" lon="-120.65126">
        <ele>1944.0</ele>
      </trkpt>
      <trkpt lat="39.62015" lon="-120.65092">
        <ele>1941.0</ele>
      </trkpt>
      <trkpt lat="39.62019" lon="-120.6508">
        <ele>1941.0</ele>
      </trkpt>
      <trkpt lat="39.62062" lon="-120.65047">
        <ele>1943.0</ele>
      </trkpt>
      <trkpt lat="39.62071" lon="-120.65043">
        <ele>1948.0</ele>
      </trkpt>
      <trkpt lat="39.62079" lon="-120.65045">
        <ele>1948.0</ele>
      </trkpt>
      <trkpt lat="39.62081" lon="-120.65054">
        <ele>1948.0</ele>
      </trkpt>
      <trkpt lat="39.62077" lon="-120.65069">
        <ele>1948.0</ele>
      </trkpt>
      <trkpt lat="39.6206" lon="-120.65093">
        <ele>1941.0</ele>
      </trkpt>
      <trkpt lat="39.62049" lon="-120.65102">
        <ele>1929.0</ele>
      </trkpt>
      <trkpt lat="39.62041" lon="-120.65116">
        <ele>1932.0</ele>
      </trkpt>
      <trkpt lat="39.62051" lon="-120.65162">
        <ele>1915.0</ele>
      </trkpt>
      <trkpt lat="39.62058" lon="-120.65171">
        <ele>1915.0</ele>
      </trkpt>
      <trkpt lat="39.62069" lon="-120.65169">
        <ele>1915.0</ele>
      </trkpt>
      <trkpt lat="39.62077" lon="-120.65158">
        <ele>1918.0</ele>
      </trkpt>
      <trkpt lat="39.6209" lon="-120.65152">
        <ele>1925.0</ele>
      </trkpt>
      <trkpt lat="39.62093" lon="-120.65142">
        <ele>1925.0</ele>
      </trkpt>
      <trkpt lat="39.62094" lon="-120.65123">
        <ele>1927.0</ele>
      </trkpt>
      <trkpt lat="39.62102" lon="-120.65102">
        <ele>1922.0</ele>
      </trkpt>
      <trkpt lat="39.62124" lon="-120.65094">
        <ele>1934.0</ele>
      </trkpt>
      <trkpt lat="39.62147" lon="-120.65062">
        <ele>1932.0</ele>
      </trkpt>
      <trkpt lat="39.62172" lon="-120.65008">
        <ele>1928.0</ele>
      </trkpt>
      <trkpt lat="39.62179" lon="-120.65">
        <ele>1928.0</ele>
      </trkpt>
      <trkpt lat="39.62185" lon="-120.65002">
        <ele>1913.0</ele>
      </trkpt>
      <trkpt lat="39.6218" lon="-120.65026">
        <ele>1925.0</ele>
      </trkpt>
      <trkpt lat="39.62177" lon="-120.65059">
        <ele>1926.0</ele>
      </trkpt>
      <trkpt lat="39.6217334130091" lon="-120.6506956957515">
        <ele>1919.0</ele>
      </trkpt>
      <trkpt lat="39.62173341302323" lon="-120.6506956957515">
        <ele>1919.0</ele>
      </trkpt>
      <trkpt lat="39.62168" lon="-120.65085">
        <ele>1919.0</ele>
      </trkpt>
      <trkpt lat="39.62166" lon="-120.65099">
        <ele>1913.0</ele>
      </trkpt>
      <trkpt lat="39.62168" lon="-120.65103">
        <ele>1913.0</ele>
      </trkpt>
      <trkpt lat="39.62182" lon="-120.65109">
        <ele>1908.0</ele>
      </trkpt>
      <trkpt lat="39.62209" lon="-120.65114">
        <ele>1904.0</ele>
      </trkpt>
      <trkpt lat="39.62217" lon="-120.65119">
        <ele>1904.0</ele>
      </trkpt>
      <trkpt lat="39.62234" lon="-120.65121">
        <ele>1904.0</ele>
      </trkpt>
      <trkpt lat="39.62244" lon="-120.65126">
        <ele>1899.0</ele>
      </trkpt>
      <trkpt lat="39.62261" lon="-120.65127">
        <ele>1899.0</ele>
      </trkpt>
      <trkpt lat="39.62261" lon="-120.65127">
        <ele>1899.0</ele>
      </trkpt>
      <trkpt lat="39.62299" lon="-120.65131">
        <ele>1888.0</ele>
      </trkpt>
      <trkpt lat="39.62314" lon="-120.65136">
        <ele>1888.0</ele>
      </trkpt>
      <trkpt lat="39.62355" lon="-120.65169">
        <ele>1881.0</ele>
      </trkpt>
      <trkpt lat="39.62359" lon="-120.65167">
        <ele>1881.0</ele>
      </trkpt>
      <trkpt lat="39.62357" lon="-120.65159">
        <ele>1881.0</ele>
      </trkpt>
      <trkpt lat="39.62332" lon="-120.65124">
        <ele>1880.0</ele>
      </trkpt>
      <trkpt lat="39.62311" lon="-120.65101">
        <ele>1883.0</ele>
      </trkpt>
      <trkpt lat="39.6231" lon="-120.65094">
        <ele>1880.0</ele>
      </trkpt>
      <trkpt lat="39.62344" lon="-120.65104">
        <ele>1880.0</ele>
      </trkpt>
      <trkpt lat="39.62361" lon="-120.65105">
        <ele>1875.0</ele>
      </trkpt>
      <trkpt lat="39.62387" lon="-120.65113">
        <ele>1869.0</ele>
      </trkpt>
      <trkpt lat="39.62401" lon="-120.6511">
        <ele>1869.0</ele>
      </trkpt>
      <trkpt lat="39.62415" lon="-120.65101">
        <ele>1867.0</ele>
      </trkpt>
      <trkpt lat="39.62427" lon="-120.65099">
        <ele>1867.0</ele>
      </trkpt>
      <trkpt lat="39.62437" lon="-120.65101">
        <ele>1866.0</ele>
      </trkpt>
      <trkpt lat="39.62437" lon="-120.65101">
        <ele>1866.0</ele>
      </trkpt>
      <trkpt lat="39.62455" lon="-120.65074">
        <ele>1863.0</ele>
      </trkpt>
      <trkpt lat="39.62462" lon="-120.65045">
        <ele>1855.0</ele>
      </trkpt>
      <trkpt lat="39.62476709521574" lon="-120.650341276141">
        <ele>1853.0</ele>
      </trkpt>
      <trkpt lat="39.62476709521574" lon="-120.650341276141">
        <ele>1853.0</ele>
      </trkpt>
      <trkpt lat="39.62485" lon="-120.65028">
        <ele>1853.0</ele>
      </trkpt>
      <trkpt lat="39.62485" lon="-120.65028">
        <ele>1853.0</ele>
      </trkpt>
      <trkpt lat="39.62502" lon="-120.65004">
        <ele>1853.0</ele>
      </trkpt>
      <trkpt lat="39.62521" lon="-120.64993">
        <ele>1857.0</ele>
      </trkpt>
      <trkpt lat="39.62531" lon="-120.64978">
        <ele>1855.0</ele>
      </trkpt>
      <trkpt lat="39.62537" lon="-120.64974">
        <ele>1855.0</ele>
      </trkpt>
      <trkpt lat="39.62545" lon="-120.64978">
        <ele>1854.0</ele>
      </trkpt>
      <trkpt lat="39.62554" lon="-120.64999">
        <ele>1856.0</ele>
      </trkpt>
      <trkpt lat="39.62565" lon="-120.65011">
        <ele>1856.0</ele>
      </trkpt>
      <trkpt lat="39.62597" lon="-120.65039">
        <ele>1856.0</ele>
      </trkpt>
      <trkpt lat="39.62605" lon="-120.6507">
        <ele>1853.0</ele>
      </trkpt>
      <trkpt lat="39.62607" lon="-120.6509">
        <ele>1853.0</ele>
      </trkpt>
      <trkpt lat="39.62615" lon="-120.65099">
        <ele>1853.0</ele>
      </trkpt>
      <trkpt lat="39.62621" lon="-120.65112">
        <ele>1853.0</ele>
      </trkpt>
      <trkpt lat="39.62622" lon="-120.65135">
        <ele>1854.0</ele>
      </trkpt>
      <trkpt lat="39.62628" lon="-120.65145">
        <ele>1853.0</ele>
      </trkpt>
      <trkpt lat="39.62639" lon="-120.65152">
        <ele>1853.0</ele>
      </trkpt>
      <trkpt lat="39.62659" lon="-120.65156">
        <ele>1857.0</ele>
      </trkpt>
      <trkpt lat="39.62698" lon="-120.65186">
        <ele>1860.0</ele>
      </trkpt>
      <trkpt lat="39.62698" lon="-120.65186">
        <ele>1860.0</ele>
      </trkpt>
      <trkpt lat="39.62707343394383" lon="-120.6519106100529">
        <ele>1860.0</ele>
      </trkpt>
      <trkpt lat="39.6270734340428" lon="-120.6519106100529">
        <ele>1860.0</ele>
      </trkpt>
      <trkpt lat="39.62722" lon="-120.65199">
        <ele>1857.0</ele>
      </trkpt>
      <trkpt lat="39.62734" lon="-120.65212">
        <ele>1859.0</ele>
      </trkpt>
      <trkpt lat="39.62749" lon="-120.65232">
        <ele>1858.0</ele>
      </trkpt>
      <trkpt lat="39.62798" lon="-120.65247">
        <ele>1868.0</ele>
      </trkpt>
      <trkpt lat="39.62819" lon="-120.65279">
        <ele>1871.0</ele>
      </trkpt>
      <trkpt lat="39.62829" lon="-120.6529">
        <ele>1875.0</ele>
      </trkpt>
      <trkpt lat="39.62836" lon="-120.65291">
        <ele>1875.0</ele>
      </trkpt>
      <trkpt lat="39.62846" lon="-120.65288">
        <ele>1875.0</ele>
      </trkpt>
      <trkpt lat="39.62865" lon="-120.65271">
        <ele>1877.0</ele>
      </trkpt>
      <trkpt lat="39.62873" lon="-120.65271">
        <ele>1877.0</ele>
      </trkpt>
      <trkpt lat="39.62875" lon="-120.65279">
        <ele>1877.0</ele>
      </trkpt>
      <trkpt lat="39.62873" lon="-120.65294">
        <ele>1880.0</ele>
      </trkpt>
      <trkpt lat="39.62857" lon="-120.65326">
        <ele>1884.0</ele>
      </trkpt>
      <trkpt lat="39.62853" lon="-120.65345">
        <ele>1884.0</ele>
      </trkpt>
      <trkpt lat="39.62852" lon="-120.65374">
        <ele>1886.0</ele>
      </trkpt>
      <trkpt lat="39.62848" lon="-120.65402">
        <ele>1891.0</ele>
      </trkpt>
      <trkpt lat="39.62835" lon="-120.65491">
        <ele>1905.0</ele>
      </trkpt>
      <trkpt lat="39.62826" lon="-120.65525">
        <ele>1908.0</ele>
      </trkpt>
      <trkpt lat="39.62829" lon="-120.6553">
        <ele>1908.0</ele>
      </trkpt>
      <trkpt lat="39.62849" lon="-120.65507">
        <ele>1918.0</ele>
      </trkpt>
      <trkpt lat="39.62862" lon="-120.65497">
        <ele>1918.0</ele>
      </trkpt>
      <trkpt lat="39.62887" lon="-120.65492">
        <ele>1927.0</ele>
      </trkpt>
      <trkpt lat="39.62933" lon="-120.65458">
        <ele>1931.0</ele>
      </trkpt>
      <trkpt lat="39.62945" lon="-120.65456">
        <ele>1931.0</ele>
      </trkpt>
      <trkpt lat="39.62952" lon="-120.65459">
        <ele>1937.0</ele>
      </trkpt>
      <trkpt lat="39.6296" lon="-120.65468">
        <ele>1939.0</ele>
      </trkpt>
      <trkpt lat="39.62968" lon="-120.65484">
        <ele>1939.0</ele>
      </trkpt>
      <trkpt lat="39.62994" lon="-120.65498">
        <ele>1943.0</ele>
      </trkpt>
      <trkpt lat="39.63003" lon="-120.65497">
        <ele>1943.0</ele>
      </trkpt>
      <trkpt lat="39.63009" lon="-120.65491">
        <ele>1943.0</ele>
      </trkpt>
      <trkpt lat="39.63016" lon="-120.65491">
        <ele>1942.0</ele>
      </trkpt>
      <trkpt lat="39.63056" lon="-120.65504">
        <ele>1942.0</ele>
      </trkpt>
      <trkpt lat="39.63074" lon="-120.65521">
        <ele>1944.0</ele>
      </trkpt>
      <trkpt lat="39.6308" lon="-120.65541">
        <ele>1944.0</ele>
      </trkpt>
      <trkpt lat="39.63082" lon="-120.65562">
        <ele>1951.0</ele>
      </trkpt>
      <trkpt lat="39.63074" lon="-120.65605">
        <ele>1963.0</ele>
      </trkpt>
      <trkpt lat="39.63075" lon="-120.65627">
        <ele>1964.0</ele>
      </trkpt>
      <trkpt lat="39.63085" lon="-120.65657">
        <ele>1965.0</ele>
      </trkpt>
      <trkpt lat="39.63106" lon="-120.65688">
        <ele>1959.0</ele>
      </trkpt>
      <trkpt lat="39.63116" lon="-120.65697">
        <ele>1959.0</ele>
      </trkpt>
      <trkpt lat="39.63143" lon="-120.65709">
        <ele>1962.0</ele>
      </trkpt>
      <trkpt lat="39.63151" lon="-120.65709">
        <ele>1962.0</ele>
      </trkpt>
      <trkpt lat="39.6316" lon="-120.65703">
        <ele>1957.0</ele>
      </trkpt>
      <trkpt lat="39.63169" lon="-120.65701">
        <ele>1957.0</ele>
      </trkpt>
      <trkpt lat="39.6319" lon="-120.65711">
        <ele>1958.0</ele>
      </trkpt>
      <trkpt lat="39.63206" lon="-120.65713">
        <ele>1958.0</ele>
      </trkpt>
      <trkpt lat="39.63257" lon="-120.65712">
        <ele>1954.0</ele>
      </trkpt>
      <trkpt lat="39.63277" lon="-120.65723">
        <ele>1953.0</ele>
      </trkpt>
      <trkpt lat="39.63303" lon="-120.65726">
        <ele>1955.0</ele>
      </trkpt>
      <trkpt lat="39.63307" lon="-120.65753">
        <ele>1959.0</ele>
      </trkpt>
      <trkpt lat="39.63322" lon="-120.65795">
        <ele>1972.0</ele>
      </trkpt>
      <trkpt lat="39.6333" lon="-120.65806">
        <ele>1972.0</ele>
      </trkpt>
      <trkpt lat="39.63354" lon="-120.65808">
        <ele>1976.0</ele>
      </trkpt>
      <trkpt lat="39.6338" lon="-120.65838">
        <ele>1981.0</ele>
      </trkpt>
      <trkpt lat="39.63385" lon="-120.65849">
        <ele>1979.0</ele>
      </trkpt>
      <trkpt lat="39.63387" lon="-120.65846">
        <ele>1981.0</ele>
      </trkpt>
      <trkpt lat="39.63391" lon="-120.6582">
        <ele>1981.0</ele>
      </trkpt>
      <trkpt lat="39.63396" lon="-120.65811">
        <ele>1981.0</ele>
      </trkpt>
      <trkpt lat="39.63405" lon="-120.65806">
        <ele>1981.0</ele>
      </trkpt>
      <trkpt lat="39.63438" lon="-120.65801">
        <ele>1984.0</ele>
      </trkpt>
      <trkpt lat="39.63445" lon="-120.65795">
        <ele>1984.0</ele>
      </trkpt>
      <trkpt lat="39.63451" lon="-120.65782">
        <ele>1985.0</ele>
      </trkpt>
      <trkpt lat="39.6346" lon="-120.65749">
        <ele>1991.0</ele>
      </trkpt>
      <trkpt lat="39.6347" lon="-120.65739">
        <ele>1991.0</ele>
      </trkpt>
      <trkpt lat="39.63487" lon="-120.65733">
        <ele>1993.0</ele>
      </trkpt>
      <trkpt lat="39.63507" lon="-120.65736">
        <ele>1993.0</ele>
      </trkpt>
      <trkpt lat="39.63523" lon="-120.6573">
        <ele>1999.0</ele>
      </trkpt>
      <trkpt lat="39.63534" lon="-120.65729">
        <ele>1999.0</ele>
      </trkpt>
      <trkpt lat="39.63542" lon="-120.65723">
        <ele>2002.0</ele>
      </trkpt>
      <trkpt lat="39.63557" lon="-120.6575">
        <ele>2004.0</ele>
      </trkpt>
      <trkpt lat="39.63578" lon="-120.65769">
        <ele>2009.0</ele>
      </trkpt>
      <trkpt lat="39.63619" lon="-120.6582">
        <ele>2011.0</ele>
      </trkpt>
      <trkpt lat="39.63628" lon="-120.65836">
        <ele>2016.0</ele>
      </trkpt>
      <trkpt lat="39.63657" lon="-120.65865">
        <ele>2022.0</ele>
      </trkpt>
      <trkpt lat="39.63689" lon="-120.65912">
        <ele>2027.0</ele>
      </trkpt>
      <trkpt lat="39.6371" lon="-120.65977">
        <ele>2034.0</ele>
      </trkpt>
      <trkpt lat="39.63709" lon="-120.65989">
        <ele>2035.0</ele>
      </trkpt>
      <trkpt lat="39.63696" lon="-120.66005">
        <ele>2031.0</ele>
      </trkpt>
      <trkpt lat="39.63699" lon="-120.66008">
        <ele>2031.0</ele>
      </trkpt>
      <trkpt lat="39.6371" lon="-120.66004">
        <ele>2035.0</ele>
      </trkpt>
      <trkpt lat="39.63729" lon="-120.65989">
        <ele>2035.0</ele>
      </trkpt>
      <trkpt lat="39.63739" lon="-120.65987">
        <ele>2041.0</ele>
      </trkpt>
      <trkpt lat="39.63744" lon="-120.6599">
        <ele>2041.0</ele>
      </trkpt>
      <trkpt lat="39.63753" lon="-120.66018">
        <ele>2045.0</ele>
      </trkpt>
      <trkpt lat="39.63773" lon="-120.66041">
        <ele>2052.0</ele>
      </trkpt>
      <trkpt lat="39.63784" lon="-120.66047">
        <ele>2050.0</ele>
      </trkpt>
      <trkpt lat="39.63829" lon="-120.66056">
        <ele>2058.0</ele>
      </trkpt>
      <trkpt lat="39.63836" lon="-120.66063">
        <ele>2058.0</ele>
      </trkpt>
      <trkpt lat="39.63851" lon="-120.66089">
        <ele>2063.0</ele>
      </trkpt>
      <trkpt lat="39.6387" lon="-120.661">
        <ele>2064.0</ele>
      </trkpt>
      <trkpt lat="39.63898" lon="-120.6611">
        <ele>2070.0</ele>
      </trkpt>
      <trkpt lat="39.6392" lon="-120.66126">
        <ele>2072.0</ele>
      </trkpt>
      <trkpt lat="39.6393" lon="-120.66127">
        <ele>2072.0</ele>
      </trkpt>
      <trkpt lat="39.63954" lon="-120.66112">
        <ele>2079.0</ele>
      </trkpt>
      <trkpt lat="39.63954" lon="-120.66112">
        <ele>2079.0</ele>
      </trkpt>
      <trkpt lat="39.63967" lon="-120.66104">
        <ele>2085.0</ele>
      </trkpt>
      <trkpt lat="39.63991" lon="-120.66098">
        <ele>2087.0</ele>
      </trkpt>
      <trkpt lat="39.64037" lon="-120.6609">
        <ele>2087.0</ele>
      </trkpt>
      <trkpt lat="39.64067" lon="-120.66074">
        <ele>2085.0</ele>
      </trkpt>
      <trkpt lat="39.64115" lon="-120.66053">
        <ele>2077.0</ele>
      </trkpt>
      <trkpt lat="39.64126" lon="-120.66044">
        <ele>2080.0</ele>
      </trkpt>
      <trkpt lat="39.64142" lon="-120.66013">
        <ele>2072.0</ele>
      </trkpt>
      <trkpt lat="39.64154" lon="-120.66001">
        <ele>2077.0</ele>
      </trkpt>
      <trkpt lat="39.64182" lon="-120.65986">
        <ele>2082.0</ele>
      </trkpt>
      <trkpt lat="39.64189" lon="-120.65978">
        <ele>2082.0</ele>
      </trkpt>
      <trkpt lat="39.64201" lon="-120.65945">
        <ele>2078.0</ele>
      </trkpt>
      <trkpt lat="39.64222" lon="-120.65922">
        <ele>2084.0</ele>
      </trkpt>
      <trkpt lat="39.64237" lon="-120.65914">
        <ele>2089.0</ele>
      </trkpt>
      <trkpt lat="39.6426" lon="-120.65913">
        <ele>2089.0</ele>
      </trkpt>
      <trkpt lat="39.64271" lon="-120.6591">
        <ele>2096.0</ele>
      </trkpt>
      <trkpt lat="39.64308" lon="-120.65895">
        <ele>2099.0</ele>
      </trkpt>
      <trkpt lat="39.64316" lon="-120.65897">
        <ele>2099.0</ele>
      </trkpt>
      <trkpt lat="39.64359" lon="-120.65941">
        <ele>2108.0</ele>
      </trkpt>
      <trkpt lat="39.64401" lon="-120.65971">
        <ele>2112.0</ele>
      </trkpt>
      <trkpt lat="39.64425" lon="-120.65975">
        <ele>2114.0</ele>
      </trkpt>
      <trkpt lat="39.64433" lon="-120.65984">
        <ele>2114.0</ele>
      </trkpt>
      <trkpt lat="39.64479" lon="-120.66019">
        <ele>2122.0</ele>
      </trkpt>
      <trkpt lat="39.64516" lon="-120.66033">
        <ele>2125.0</ele>
      </trkpt>
      <trkpt lat="39.64526" lon="-120.66033">
        <ele>2125.0</ele>
      </trkpt>
      <trkpt lat="39.64543" lon="-120.66028">
        <ele>2127.0</ele>
      </trkpt>
      <trkpt lat="39.64555" lon="-120.66027">
        <ele>2127.0</ele>
      </trkpt>
      <trkpt lat="39.64564" lon="-120.6603">
        <ele>2127.0</ele>
      </trkpt>
      <trkpt lat="39.64589" lon="-120.66048">
        <ele>2125.0</ele>
      </trkpt>
      <trkpt lat="39.64629" lon="-120.66087">
        <ele>2135.0</ele>
      </trkpt>
      <trkpt lat="39.6466" lon="-120.66123">
        <ele>2142.0</ele>
      </trkpt>
      <trkpt lat="39.64738" lon="-120.66169">
        <ele>2158.0</ele>
      </trkpt>
      <trkpt lat="39.64775" lon="-120.6618">
        <ele>2160.0</ele>
      </trkpt>
      <trkpt lat="39.64784" lon="-120.66188">
        <ele>2158.0</ele>
      </trkpt>
      <trkpt lat="39.64784" lon="-120.66188">
        <ele>2158.0</ele>
      </trkpt>
      <trkpt lat="39.64792" lon="-120.6622">
        <ele>2158.0</ele>
      </trkpt>
      <trkpt lat="39.64794" lon="-120.6624">
        <ele>2161.0</ele>
      </trkpt>
      <trkpt lat="39.64792510018818" lon="-120.6625787977418">
        <ele>2161.0</ele>
      </trkpt>
      <trkpt lat="39.6479251001909" lon="-120.6625787977418">
        <ele>2161.0</ele>
      </trkpt>
      <trkpt lat="39.6479" lon="-120.66288">
        <ele>2162.0</ele>
      </trkpt>
      <trkpt lat="39.64806" lon="-120.66317">
        <ele>2167.0</ele>
      </trkpt>
      <trkpt lat="39.64817" lon="-120.66347">
        <ele>2165.0</ele>
      </trkpt>
      <trkpt lat="39.64831" lon="-120.6638">
        <ele>2173.0</ele>
      </trkpt>
      <trkpt lat="39.64838" lon="-120.6639">
        <ele>2173.0</ele>
      </trkpt>
      <trkpt lat="39.64857" lon="-120.66401">
        <ele>2175.0</ele>
      </trkpt>
      <trkpt lat="39.64876" lon="-120.66407">
        <ele>2183.0</ele>
      </trkpt>
      <trkpt lat="39.64934" lon="-120.66414">
        <ele>2174.0</ele>
      </trkpt>
      <trkpt lat="39.64941" lon="-120.66417">
        <ele>2174.0</ele>
      </trkpt>
      <trkpt lat="39.64964" lon="-120.66439">
        <ele>2173.0</ele>
      </trkpt>
      <trkpt lat="39.64972" lon="-120.66442">
        <ele>2173.0</ele>
      </trkpt>
      <trkpt lat="39.6499" lon="-120.66435">
        <ele>2175.0</ele>
      </trkpt>
      <trkpt lat="39.64993" lon="-120.6644">
        <ele>2175.0</ele>
      </trkpt>
      <trkpt lat="39.64993" lon="-120.66453">
        <ele>2175.0</ele>
      </trkpt>
      <trkpt lat="39.64984" lon="-120.66512">
        <ele>2179.0</ele>
      </trkpt>
      <trkpt lat="39.64977" lon="-120.66586">
        <ele>2190.0</ele>
      </trkpt>
      <trkpt lat="39.64968" lon="-120.666">
        <ele>2194.0</ele>
      </trkpt>
      <trkpt lat="39.64939" lon="-120.66615">
        <ele>2194.0</ele>
      </trkpt>
      <trkpt lat="39.64932" lon="-120.66621">
        <ele>2194.0</ele>
      </trkpt>
      <trkpt lat="39.64922" lon="-120.6664">
        <ele>2201.0</ele>
      </trkpt>
      <trkpt lat="39.64908" lon="-120.66675">
        <ele>2201.0</ele>
      </trkpt>
      <trkpt lat="39.64902" lon="-120.66717">
        <ele>2213.0</ele>
      </trkpt>
      <trkpt lat="39.64896" lon="-120.66725">
        <ele>2213.0</ele>
      </trkpt>
      <trkpt lat="39.64879" lon="-120.66735">
        <ele>2213.0</ele>
      </trkpt>
      <trkpt lat="39.6488" lon="-120.66739">
        <ele>2217.0</ele>
      </trkpt>
      <trkpt lat="39.64914" lon="-120.66742">
        <ele>2217.0</ele>
      </trkpt>
      <trkpt lat="39.64917" lon="-120.66747">
        <ele>2217.0</ele>
      </trkpt>
      <trkpt lat="39.64912" lon="-120.66755">
        <ele>2217.0</ele>
      </trkpt>
      <trkpt lat="39.64901" lon="-120.66763">
        <ele>2217.0</ele>
      </trkpt>
      <trkpt lat="39.64892" lon="-120.66777">
        <ele>2217.0</ele>
      </trkpt>
      <trkpt lat="39.64931" lon="-120.66779">
        <ele>2223.0</ele>
      </trkpt>
      <trkpt lat="39.64933" lon="-120.66785">
        <ele>2223.0</ele>
      </trkpt>
      <trkpt lat="39.6492" lon="-120.66804">
        <ele>2220.0</ele>
      </trkpt>
      <trkpt lat="39.64906" lon="-120.66833">
        <ele>2223.0</ele>
      </trkpt>
      <trkpt lat="39.64896" lon="-120.66882">
        <ele>2230.0</ele>
      </trkpt>
      <trkpt lat="39.64899" lon="-120.66887">
        <ele>2230.0</ele>
      </trkpt>
      <trkpt lat="39.64924" lon="-120.66866">
        <ele>2229.0</ele>
      </trkpt>
      <trkpt lat="39.64942" lon="-120.66861">
        <ele>2238.0</ele>
      </trkpt>
      <trkpt lat="39.64969" lon="-120.66849">
        <ele>2244.0</ele>
      </trkpt>
      <trkpt lat="39.65007" lon="-120.66847">
        <ele>2242.0</ele>
      </trkpt>
      <trkpt lat="39.65007" lon="-120.66847">
        <ele>2242.0</ele>
      </trkpt>
      <trkpt lat="39.65029" lon="-120.66835">
        <ele>2244.0</ele>
      </trkpt>
      <trkpt lat="39.65058" lon="-120.66806">
        <ele>2237.0</ele>
      </trkpt>
      <trkpt lat="39.65072" lon="-120.66812">
        <ele>2234.0</ele>
      </trkpt>
      <trkpt lat="39.65125" lon="-120.66864">
        <ele>2237.0</ele>
      </trkpt>
      <trkpt lat="39.65138" lon="-120.66873">
        <ele>2244.0</ele>
      </trkpt>
      <trkpt lat="39.65151" lon="-120.66876">
        <ele>2252.0</ele>
      </trkpt>
      <trkpt lat="39.65209" lon="-120.66878">
        <ele>2253.0</ele>
      </trkpt>
      <trkpt lat="39.65238" lon="-120.6687">
        <ele>2243.0</ele>
      </trkpt>
      <trkpt lat="39.65272" lon="-120.66867">
        <ele>2249.0</ele>
      </trkpt>
      <trkpt lat="39.65287" lon="-120.66858">
        <ele>2249.0</ele>
      </trkpt>
      <trkpt lat="39.65315" lon="-120.66829">
        <ele>2252.0</ele>
      </trkpt>
      <trkpt lat="39.65348" lon="-120.66814">
        <ele>2250.0</ele>
      </trkpt>
      <trkpt lat="39.65371" lon="-120.66811">
        <ele>2250.0</ele>
      </trkpt>
      <trkpt lat="39.65407" lon="-120.66831">
        <ele>2259.0</ele>
      </trkpt>
      <trkpt lat="39.65446" lon="-120.6684">
        <ele>2248.0</ele>
      </trkpt>
      <trkpt lat="39.65501" lon="-120.66839">
        <ele>2248.0</ele>
      </trkpt>
      <trkpt lat="39.65508" lon="-120.66842">
        <ele>2248.0</ele>
      </trkpt>
      <trkpt lat="39.65539" lon="-120.66876">
        <ele>2259.0</ele>
      </trkpt>
      <trkpt lat="39.65545" lon="-120.6688">
        <ele>2257.0</ele>
      </trkpt>
      <trkpt lat="39.65557" lon="-120.6688">
        <ele>2257.0</ele>
      </trkpt>
      <trkpt lat="39.65564" lon="-120.66877">
        <ele>2257.0</ele>
      </trkpt>
      <trkpt lat="39.65588" lon="-120.6686">
        <ele>2250.0</ele>
      </trkpt>
      <trkpt lat="39.65604" lon="-120.66865">
        <ele>2247.0</ele>
      </trkpt>
      <trkpt lat="39.65626" lon="-120.66862">
        <ele>2239.0</ele>
      </trkpt>
      <trkpt lat="39.65634" lon="-120.66864">
        <ele>2239.0</ele>
      </trkpt>
      <trkpt lat="39.65646" lon="-120.66874">
        <ele>2239.0</ele>
      </trkpt>
      <trkpt lat="39.65646" lon="-120.66874">
        <ele>2239.0</ele>
      </trkpt>
      <trkpt lat="39.65679" lon="-120.66899">
        <ele>2238.0</ele>
      </trkpt>
      <trkpt lat="39.65697" lon="-120.66904">
        <ele>2244.0</ele>
      </trkpt>
      <trkpt lat="39.65709" lon="-120.66901">
        <ele>2238.0</ele>
      </trkpt>
      <trkpt lat="39.65742" lon="-120.66879">
        <ele>2239.0</ele>
      </trkpt>
      <trkpt lat="39.6576" lon="-120.66873">
        <ele>2229.0</ele>
      </trkpt>
      <trkpt lat="39.65768" lon="-120.66873">
        <ele>2229.0</ele>
      </trkpt>
      <trkpt lat="39.65794" lon="-120.6688">
        <ele>2243.0</ele>
      </trkpt>
      <trkpt lat="39.65823" lon="-120.66911">
        <ele>2240.0</ele>
      </trkpt>
      <trkpt lat="39.65844" lon="-120.66923">
        <ele>2240.0</ele>
      </trkpt>
      <trkpt lat="39.65855" lon="-120.66937">
        <ele>2229.0</ele>
      </trkpt>
      <trkpt lat="39.65886" lon="-120.66963">
        <ele>2224.0</ele>
      </trkpt>
      <trkpt lat="39.65906" lon="-120.66985">
        <ele>2225.0</ele>
      </trkpt>
      <trkpt lat="39.65936" lon="-120.67">
        <ele>2219.0</ele>
      </trkpt>
      <trkpt lat="39.65971" lon="-120.67027">
        <ele>2222.0</ele>
      </trkpt>
      <trkpt lat="39.65982" lon="-120.67029">
        <ele>2222.0</ele>
      </trkpt>
      <trkpt lat="39.66013" lon="-120.67026">
        <ele>2219.0</ele>
      </trkpt>
      <trkpt lat="39.66019" lon="-120.67029">
        <ele>2219.0</ele>
      </trkpt>
      <trkpt lat="39.66022" lon="-120.67038">
        <ele>2219.0</ele>
      </trkpt>
      <trkpt lat="39.6602" lon="-120.67051">
        <ele>2218.0</ele>
      </trkpt>
      <trkpt lat="39.66016" lon="-120.67067">
        <ele>2218.0</ele>
      </trkpt>
      <trkpt lat="39.65999" lon="-120.67095">
        <ele>2213.0</ele>
      </trkpt>
      <trkpt lat="39.6597" lon="-120.67118">
        <ele>2212.0</ele>
      </trkpt>
      <trkpt lat="39.65957" lon="-120.67131">
        <ele>2206.0</ele>
      </trkpt>
      <trkpt lat="39.65929" lon="-120.67151">
        <ele>2206.0</ele>
      </trkpt>
      <trkpt lat="39.65924" lon="-120.67163">
        <ele>2202.0</ele>
      </trkpt>
      <trkpt lat="39.65926" lon="-120.67169">
        <ele>2202.0</ele>
      </trkpt>
      <trkpt lat="39.65938" lon="-120.67186">
        <ele>2198.0</ele>
      </trkpt>
      <trkpt lat="39.6595" lon="-120.67207">
        <ele>2198.0</ele>
      </trkpt>
      <trkpt lat="39.65972" lon="-120.67214">
        <ele>2191.0</ele>
      </trkpt>
      <trkpt lat="39.65991" lon="-120.67225">
        <ele>2189.0</ele>
      </trkpt>
      <trkpt lat="39.66001" lon="-120.67234">
        <ele>2189.0</ele>
      </trkpt>
      <trkpt lat="39.66014" lon="-120.6724">
        <ele>2185.0</ele>
      </trkpt>
      <trkpt lat="39.66024" lon="-120.67241">
        <ele>2185.0</ele>
      </trkpt>
      <trkpt lat="39.66052" lon="-120.67236">
        <ele>2185.0</ele>
      </trkpt>
      <trkpt lat="39.66071" lon="-120.67236">
        <ele>2184.0</ele>
      </trkpt>
      <trkpt lat="39.66076" lon="-120.67244">
        <ele>2179.0</ele>
      </trkpt>
      <trkpt lat="39.66064" lon="-120.67277">
        <ele>2180.0</ele>
      </trkpt>
      <trkpt lat="39.66064" lon="-120.67284">
        <ele>2180.0</ele>
      </trkpt>
      <trkpt lat="39.66069" lon="-120.67289">
        <ele>2180.0</ele>
      </trkpt>
      <trkpt lat="39.66089" lon="-120.67283">
        <ele>2173.0</ele>
      </trkpt>
      <trkpt lat="39.66137" lon="-120.6728">
        <ele>2175.0</ele>
      </trkpt>
      <trkpt lat="39.66154" lon="-120.67275">
        <ele>2174.0</ele>
      </trkpt>
      <trkpt lat="39.66189" lon="-120.67253">
        <ele>2171.0</ele>
      </trkpt>
      <trkpt lat="39.66195803088257" lon="-120.6724687722057">
        <ele>2171.0</ele>
      </trkpt>
      <trkpt lat="39.6619580308983" lon="-120.6724687722057">
        <ele>2171.0</ele>
      </trkpt>
      <trkpt lat="39.66199" lon="-120.67244">
        <ele>2171.0</ele>
      </trkpt>
      <trkpt lat="39.66223" lon="-120.67214">
        <ele>2167.0</ele>
      </trkpt>
      <trkpt lat="39.66227" lon="-120.67213">
        <ele>2167.0</ele>
      </trkpt>
      <trkpt lat="39.6623" lon="-120.67217">
        <ele>2167.0</ele>
      </trkpt>
      <trkpt lat="39.66229" lon="-120.67231">
        <ele>2167.0</ele>
      </trkpt>
      <trkpt lat="39.66216" lon="-120.67287">
        <ele>2161.0</ele>
      </trkpt>
      <trkpt lat="39.66197" lon="-120.67341">
        <ele>2157.0</ele>
      </trkpt>
      <trkpt lat="39.66192" lon="-120.67383">
        <ele>2148.0</ele>
      </trkpt>
      <trkpt lat="39.66192" lon="-120.67383">
        <ele>2148.0</ele>
      </trkpt>
      <trkpt lat="39.66194" lon="-120.67392">
        <ele>2148.0</ele>
      </trkpt>
      <trkpt lat="39.66211" lon="-120.67421">
        <ele>2139.0</ele>
      </trkpt>
      <trkpt lat="39.66219" lon="-120.6744">
        <ele>2140.0</ele>
      </trkpt>
      <trkpt lat="39.66219" lon="-120.6744">
        <ele>2140.0</ele>
      </trkpt>
      <trkpt lat="39.66231" lon="-120.67463">
        <ele>2140.0</ele>
      </trkpt>
      <trkpt lat="39.66239" lon="-120.67495">
        <ele>2137.0</ele>
      </trkpt>
      <trkpt lat="39.66237" lon="-120.67525">
        <ele>2138.0</ele>
      </trkpt>
      <trkpt lat="39.6622" lon="-120.67601">
        <ele>2156.0</ele>
      </trkpt>
      <trkpt lat="39.6622" lon="-120.67609">
        <ele>2156.0</ele>
      </trkpt>
      <trkpt lat="39.66225" lon="-120.67622">
        <ele>2156.0</ele>
      </trkpt>
      <trkpt lat="39.6624" lon="-120.67648">
        <ele>2151.0</ele>
      </trkpt>
      <trkpt lat="39.66247" lon="-120.67655">
        <ele>2150.0</ele>
      </trkpt>
      <trkpt lat="39.66259" lon="-120.67663">
        <ele>2150.0</ele>
      </trkpt>
      <trkpt lat="39.66276" lon="-120.67667">
        <ele>2152.0</ele>
      </trkpt>
      <trkpt lat="39.66329" lon="-120.67703">
        <ele>2154.0</ele>
      </trkpt>
      <trkpt lat="39.66353" lon="-120.67714">
        <ele>2155.0</ele>
      </trkpt>
      <trkpt lat="39.66359" lon="-120.67721">
        <ele>2155.0</ele>
      </trkpt>
      <trkpt lat="39.66368" lon="-120.67737">
        <ele>2163.0</ele>
      </trkpt>
      <trkpt lat="39.66382" lon="-120.67748">
        <ele>2162.0</ele>
      </trkpt>
      <trkpt lat="39.66426" lon="-120.67801">
        <ele>2168.0</ele>
      </trkpt>
      <trkpt lat="39.6643" lon="-120.6781">
        <ele>2168.0</ele>
      </trkpt>
      <trkpt lat="39.66434" lon="-120.6783">
        <ele>2169.0</ele>
      </trkpt>
      <trkpt lat="39.66439" lon="-120.67842">
        <ele>2169.0</ele>
      </trkpt>
      <trkpt lat="39.66468" lon="-120.67885">
        <ele>2172.0</ele>
      </trkpt>
      <trkpt lat="39.66481" lon="-120.67918">
        <ele>2178.0</ele>
      </trkpt>
      <trkpt lat="39.66494" lon="-120.67981">
        <ele>2182.0</ele>
      </trkpt>
      <trkpt lat="39.66507416093505" lon="-120.6801613738775">
        <ele>2190.0</ele>
      </trkpt>
      <trkpt lat="39.66507416100868" lon="-120.6801613738775">
        <ele>2190.0</ele>
      </trkpt>
      <trkpt lat="39.66515" lon="-120.68036">
        <ele>2182.0</ele>
      </trkpt>
      <trkpt lat="39.66538" lon="-120.68117">
        <ele>2201.0</ele>
      </trkpt>
      <trkpt lat="39.66542" lon="-120.68133">
        <ele>2198.0</ele>
      </trkpt>
      <trkpt lat="39.66541" lon="-120.68178">
        <ele>2209.0</ele>
      </trkpt>
      <trkpt lat="39.66545" lon="-120.682">
        <ele>2202.0</ele>
      </trkpt>
      <trkpt lat="39.66552" lon="-120.68215">
        <ele>2212.0</ele>
      </trkpt>
      <trkpt lat="39.6656" lon="-120.68226">
        <ele>2212.0</ele>
      </trkpt>
      <trkpt lat="39.66613" lon="-120.68274">
        <ele>2216.0</ele>
      </trkpt>
      <trkpt lat="39.66708" lon="-120.68305">
        <ele>2221.0</ele>
      </trkpt>
      <trkpt lat="39.6672" lon="-120.68305">
        <ele>2225.0</ele>
      </trkpt>
      <trkpt lat="39.66737" lon="-120.683">
        <ele>2223.0</ele>
      </trkpt>
      <trkpt lat="39.66759" lon="-120.68279">
        <ele>2226.0</ele>
      </trkpt>
      <trkpt lat="39.66796" lon="-120.68258">
        <ele>2231.0</ele>
      </trkpt>
      <trkpt lat="39.66823" lon="-120.68254">
        <ele>2226.0</ele>
      </trkpt>
      <trkpt lat="39.66846" lon="-120.68254">
        <ele>2226.0</ele>
      </trkpt>
      <trkpt lat="39.66884" lon="-120.68269">
        <ele>2226.0</ele>
      </trkpt>
      <trkpt lat="39.66924" lon="-120.68279">
        <ele>2226.0</ele>
      </trkpt>
      <trkpt lat="39.66965" lon="-120.68262">
        <ele>2222.0</ele>
      </trkpt>
      <trkpt lat="39.67004" lon="-120.68233">
        <ele>2221.0</ele>
      </trkpt>
      <trkpt lat="39.67014" lon="-120.68229">
        <ele>2221.0</ele>
      </trkpt>
      <trkpt lat="39.67025" lon="-120.68228">
        <ele>2221.0</ele>
      </trkpt>
      <trkpt lat="39.67036" lon="-120.6823">
        <ele>2221.0</ele>
      </trkpt>
      <trkpt lat="39.67077" lon="-120.68254">
        <ele>2218.0</ele>
      </trkpt>
      <trkpt lat="39.67089132692106" lon="-120.6825467403845">
        <ele>2218.0</ele>
      </trkpt>
      <trkpt lat="39.67089132713065" lon="-120.6825467403845">
        <ele>2218.0</ele>
      </trkpt>
      <trkpt lat="39.67113" lon="-120.68256">
        <ele>2220.0</ele>
      </trkpt>
      <trkpt lat="39.67133" lon="-120.68252">
        <ele>2221.0</ele>
      </trkpt>
      <trkpt lat="39.67149" lon="-120.68237">
        <ele>2221.0</ele>
      </trkpt>
      <trkpt lat="39.67175328801862" lon="-120.6823242095687">
        <ele>2219.0</ele>
      </trkpt>
      <trkpt lat="39.67175328801862" lon="-120.6823242095687">
        <ele>2219.0</ele>
      </trkpt>
      <trkpt lat="39.67176655208118" lon="-120.6823219027143">
        <ele>2219.0</ele>
      </trkpt>
      <trkpt lat="39.67181059871956" lon="-120.6823142425756">
        <ele>2217.0</ele>
      </trkpt>
      <trkpt lat="39.67195" lon="-120.68229">
        <ele>2217.0</ele>
      </trkpt>
      <trkpt lat="39.67214" lon="-120.68211">
        <ele>2218.0</ele>
      </trkpt>
      <trkpt lat="39.67227" lon="-120.68205">
        <ele>2214.0</ele>
      </trkpt>
      <trkpt lat="39.67271" lon="-120.68198">
        <ele>2221.0</ele>
      </trkpt>
      <trkpt lat="39.67337" lon="-120.68198">
        <ele>2218.0</ele>
      </trkpt>
      <trkpt lat="39.67337" lon="-120.68198">
        <ele>2218.0</ele>
      </trkpt>
      <trkpt lat="39.67352" lon="-120.682">
        <ele>2222.0</ele>
      </trkpt>
      <trkpt lat="39.67417912513022" lon="-120.6818277286591">
        <ele>2226.0</ele>
      </trkpt>
      <trkpt lat="39.67417912618399" lon="-120.6818277286592">
        <ele>2226.0</ele>
      </trkpt>
      <trkpt lat="39.6744" lon="-120.68177">
        <ele>2222.0</ele>
      </trkpt>
      <trkpt lat="39.6744" lon="-120.68177">
        <ele>2222.0</ele>
      </trkpt>
      <trkpt lat="39.67479" lon="-120.68138">
        <ele>2220.0</ele>
      </trkpt>
      <trkpt lat="39.67492" lon="-120.68127">
        <ele>2222.0</ele>
      </trkpt>
      <trkpt lat="39.6751" lon="-120.6812">
        <ele>2218.0</ele>
      </trkpt>
      <trkpt lat="39.67522" lon="-120.68105">
        <ele>2221.0</ele>
      </trkpt>
      <trkpt lat="39.67557" lon="-120.68074">
        <ele>2222.0</ele>
      </trkpt>
      <trkpt lat="39.67557" lon="-120.68074">
        <ele>2222.0</ele>
      </trkpt>
      <trkpt lat="39.67588" lon="-120.68077">
        <ele>2223.0</ele>
      </trkpt>
      <trkpt lat="39.67635" lon="-120.68071">
        <ele>2217.0</ele>
      </trkpt>
      <trkpt lat="39.67663" lon="-120.68086">
        <ele>2222.0</ele>
      </trkpt>
      <trkpt lat="39.67672576216516" lon="-120.6809378067592">
        <ele>2222.0</ele>
      </trkpt>
      <trkpt lat="39.67672576220968" lon="-120.6809378067592">
        <ele>2222.0</ele>
      </trkpt>
      <trkpt lat="39.67679" lon="-120.68099">
        <ele>2222.0</ele>
      </trkpt>
      <trkpt lat="39.67695" lon="-120.68103">
        <ele>2226.0</ele>
      </trkpt>
      <trkpt lat="39.67703" lon="-120.68095">
        <ele>2227.0</ele>
      </trkpt>
      <trkpt lat="39.67711" lon="-120.68072">
        <ele>2236.0</ele>
      </trkpt>
      <trkpt lat="39.67728" lon="-120.68055">
        <ele>2233.0</ele>
      </trkpt>
      <trkpt lat="39.67751" lon="-120.68047">
        <ele>2237.0</ele>
      </trkpt>
      <trkpt lat="39.67764" lon="-120.68049">
        <ele>2241.0</ele>
      </trkpt>
      <trkpt lat="39.67785" lon="-120.68062">
        <ele>2241.0</ele>
      </trkpt>
      <trkpt lat="39.67839" lon="-120.68125">
        <ele>2252.0</ele>
      </trkpt>
      <trkpt lat="39.67869" lon="-120.6815">
        <ele>2255.0</ele>
      </trkpt>
      <trkpt lat="39.6789" lon="-120.68161">
        <ele>2256.0</ele>
      </trkpt>
      <trkpt lat="39.67921" lon="-120.68187">
        <ele>2259.0</ele>
      </trkpt>
      <trkpt lat="39.67934" lon="-120.68206">
        <ele>2259.0</ele>
      </trkpt>
      <trkpt lat="39.67935" lon="-120.68216">
        <ele>2263.0</ele>
      </trkpt>
      <trkpt lat="39.67916" lon="-120.68237">
        <ele>2250.0</ele>
      </trkpt>
      <trkpt lat="39.67917" lon="-120.68245">
        <ele>2250.0</ele>
      </trkpt>
      <trkpt lat="39.67921" lon="-120.6825">
        <ele>2250.0</ele>
      </trkpt>
      <trkpt lat="39.67928" lon="-120.68252">
        <ele>2250.0</ele>
      </trkpt>
      <trkpt lat="39.67941" lon="-120.68249">
        <ele>2258.0</ele>
      </trkpt>
      <trkpt lat="39.67947" lon="-120.68252">
        <ele>2258.0</ele>
      </trkpt>
      <trkpt lat="39.67952" lon="-120.68266">
        <ele>2250.0</ele>
      </trkpt>
      <trkpt lat="39.67954" lon="-120.68285">
        <ele>2250.0</ele>
      </trkpt>
      <trkpt lat="39.67958" lon="-120.68289">
        <ele>2250.0</ele>
      </trkpt>
      <trkpt lat="39.67965" lon="-120.68291">
        <ele>2257.0</ele>
      </trkpt>
      <trkpt lat="39.67972" lon="-120.68289">
        <ele>2257.0</ele>
      </trkpt>
      <trkpt lat="39.68007" lon="-120.6826">
        <ele>2265.0</ele>
      </trkpt>
      <trkpt lat="39.68046" lon="-120.68241">
        <ele>2277.0</ele>
      </trkpt>
      <trkpt lat="39.68091" lon="-120.68236">
        <ele>2274.0</ele>
      </trkpt>
      <trkpt lat="39.681" lon="-120.68238">
        <ele>2278.0</ele>
      </trkpt>
      <trkpt lat="39.68117" lon="-120.6825">
        <ele>2278.0</ele>
      </trkpt>
      <trkpt lat="39.68143" lon="-120.68287">
        <ele>2283.0</ele>
      </trkpt>
      <trkpt lat="39.68147" lon="-120.68301">
        <ele>2287.0</ele>
      </trkpt>
      <trkpt lat="39.68143" lon="-120.68369">
        <ele>2286.0</ele>
      </trkpt>
      <trkpt lat="39.68145" lon="-120.68396">
        <ele>2281.0</ele>
      </trkpt>
      <trkpt lat="39.68152" lon="-120.68417">
        <ele>2272.0</ele>
      </trkpt>
      <trkpt lat="39.68166" lon="-120.68433">
        <ele>2268.0</ele>
      </trkpt>
      <trkpt lat="39.68188" lon="-120.68464">
        <ele>2261.0</ele>
      </trkpt>
      <trkpt lat="39.68187" lon="-120.68476">
        <ele>2261.0</ele>
      </trkpt>
      <trkpt lat="39.68176" lon="-120.68509">
        <ele>2263.0</ele>
      </trkpt>
      <trkpt lat="39.68177" lon="-120.68521">
        <ele>2256.0</ele>
      </trkpt>
      <trkpt lat="39.68191" lon="-120.68565">
        <ele>2257.0</ele>
      </trkpt>
      <trkpt lat="39.68202" lon="-120.68617">
        <ele>2245.0</ele>
      </trkpt>
      <trkpt lat="39.68229" lon="-120.6868">
        <ele>2247.0</ele>
      </trkpt>
      <trkpt lat="39.68221" lon="-120.6869">
        <ele>2242.0</ele>
      </trkpt>
      <trkpt lat="39.68221" lon="-120.68697">
        <ele>2242.0</ele>
      </trkpt>
      <trkpt lat="39.68226" lon="-120.68718">
        <ele>2235.0</ele>
      </trkpt>
      <trkpt lat="39.68227" lon="-120.68764">
        <ele>2233.0</ele>
      </trkpt>
      <trkpt lat="39.68218" lon="-120.68806">
        <ele>2235.0</ele>
      </trkpt>
      <trkpt lat="39.68218" lon="-120.68806">
        <ele>2235.0</ele>
      </trkpt>
      <trkpt lat="39.68217495110139" lon="-120.6881332028174">
        <ele>2235.0</ele>
      </trkpt>
      <trkpt lat="39.68217495110139" lon="-120.6881332028174">
        <ele>2235.0</ele>
      </trkpt>
      <trkpt lat="39.68214" lon="-120.68864">
        <ele>2230.0</ele>
      </trkpt>
      <trkpt lat="39.68215" lon="-120.68888">
        <ele>2232.0</ele>
      </trkpt>
      <trkpt lat="39.68217" lon="-120.68901">
        <ele>2232.0</ele>
      </trkpt>
      <trkpt lat="39.68225" lon="-120.68917">
        <ele>2229.0</ele>
      </trkpt>
      <trkpt lat="39.6826" lon="-120.68963">
        <ele>2217.0</ele>
      </trkpt>
      <trkpt lat="39.68286" lon="-120.69002">
        <ele>2218.0</ele>
      </trkpt>
      <trkpt lat="39.68335" lon="-120.69045">
        <ele>2211.0</ele>
      </trkpt>
      <trkpt lat="39.68369" lon="-120.69081">
        <ele>2214.0</ele>
      </trkpt>
      <trkpt lat="39.6839" lon="-120.69091">
        <ele>2221.0</ele>
      </trkpt>
      <trkpt lat="39.6841" lon="-120.6911">
        <ele>2221.0</ele>
      </trkpt>
      <trkpt lat="39.68473" lon="-120.69152">
        <ele>2223.0</ele>
      </trkpt>
      <trkpt lat="39.68527" lon="-120.69197">
        <ele>2220.0</ele>
      </trkpt>
      <trkpt lat="39.68546" lon="-120.69209">
        <ele>2217.0</ele>
      </trkpt>
      <trkpt lat="39.68548339212368" lon="-120.6921163161391">
        <ele>2217.0</ele>
      </trkpt>
      <trkpt lat="39.68548339214682" lon="-120.6921163161391">
        <ele>2217.0</ele>
      </trkpt>
      <trkpt lat="39.68562" lon="-120.69227">
        <ele>2217.0</ele>
      </trkpt>
      <trkpt lat="39.68589" lon="-120.69266">
        <ele>2213.0</ele>
      </trkpt>
      <trkpt lat="39.68645" lon="-120.69299">
        <ele>2217.0</ele>
      </trkpt>
      <trkpt lat="39.68704" lon="-120.69365">
        <ele>2232.0</ele>
      </trkpt>
      <trkpt lat="39.68769" lon="-120.69463">
        <ele>2235.0</ele>
      </trkpt>
      <trkpt lat="39.68784" lon="-120.69491">
        <ele>2226.0</ele>
      </trkpt>
      <trkpt lat="39.68792" lon="-120.69501">
        <ele>2226.0</ele>
      </trkpt>
      <trkpt lat="39.68822" lon="-120.69531">
        <ele>2230.0</ele>
      </trkpt>
      <trkpt lat="39.68852" lon="-120.6958">
        <ele>2224.0</ele>
      </trkpt>
      <trkpt lat="39.68852" lon="-120.6958">
        <ele>2224.0</ele>
      </trkpt>
      <trkpt lat="39.68866" lon="-120.69606">
        <ele>2220.0</ele>
      </trkpt>
      <trkpt lat="39.68882" lon="-120.69626">
        <ele>2228.0</ele>
      </trkpt>
      <trkpt lat="39.68918" lon="-120.69654">
        <ele>2228.0</ele>
      </trkpt>
      <trkpt lat="39.69" lon="-120.69692">
        <ele>2237.0</ele>
      </trkpt>
      <trkpt lat="39.69028" lon="-120.69698">
        <ele>2241.0</ele>
      </trkpt>
      <trkpt lat="39.69028" lon="-120.69698">
        <ele>2241.0</ele>
      </trkpt>
      <trkpt lat="39.69061" lon="-120.697">
        <ele>2249.0</ele>
      </trkpt>
      <trkpt lat="39.69131" lon="-120.69713">
        <ele>2246.0</ele>
      </trkpt>
      <trkpt lat="39.6917" lon="-120.69716">
        <ele>2244.0</ele>
      </trkpt>
      <trkpt lat="39.69184" lon="-120.69722">
        <ele>2241.0</ele>
      </trkpt>
      <trkpt lat="39.69199" lon="-120.69737">
        <ele>2238.0</ele>
      </trkpt>
      <trkpt lat="39.69219" lon="-120.6977">
        <ele>2238.0</ele>
      </trkpt>
      <trkpt lat="39.69226" lon="-120.69806">
        <ele>2237.0</ele>
      </trkpt>
      <trkpt lat="39.69234" lon="-120.6983">
        <ele>2232.0</ele>
      </trkpt>
      <trkpt lat="39.69232" lon="-120.69854">
        <ele>2231.0</ele>
      </trkpt>
      <trkpt lat="39.69225" lon="-120.69881">
        <ele>2230.0</ele>
      </trkpt>
      <trkpt lat="39.69216" lon="-120.69905">
        <ele>2225.0</ele>
      </trkpt>
      <trkpt lat="39.69206" lon="-120.69946">
        <ele>2228.0</ele>
      </trkpt>
      <trkpt lat="39.69194" lon="-120.69959">
        <ele>2231.0</ele>
      </trkpt>
      <trkpt lat="39.69174" lon="-120.69966">
        <ele>2229.0</ele>
      </trkpt>
      <trkpt lat="39.69162" lon="-120.69974">
        <ele>2229.0</ele>
      </trkpt>
      <trkpt lat="39.69152" lon="-120.69986">
        <ele>2226.0</ele>
      </trkpt>
      <trkpt lat="39.69137" lon="-120.70045">
        <ele>2222.0</ele>
      </trkpt>
      <trkpt lat="39.6913" lon="-120.70058">
        <ele>2222.0</ele>
      </trkpt>
      <trkpt lat="39.69112" lon="-120.70079">
        <ele>2219.0</ele>
      </trkpt>
      <trkpt lat="39.69085" lon="-120.70094">
        <ele>2217.0</ele>
      </trkpt>
      <trkpt lat="39.69085" lon="-120.70094">
        <ele>2217.0</ele>
      </trkpt>
      <trkpt lat="39.69076" lon="-120.701">
        <ele>2215.0</ele>
      </trkpt>
      <trkpt lat="39.69028" lon="-120.70107">
        <ele>2217.0</ele>
      </trkpt>
      <trkpt lat="39.69028" lon="-120.70107">
        <ele>2217.0</ele>
      </trkpt>
      <trkpt lat="39.68998" lon="-120.70116">
        <ele>2221.0</ele>
      </trkpt>
      <trkpt lat="39.68965" lon="-120.70116">
        <ele>2221.0</ele>
      </trkpt>
      <trkpt lat="39.68933" lon="-120.70123">
        <ele>2226.0</ele>
      </trkpt>
      <trkpt lat="39.68925" lon="-120.70127">
        <ele>2224.0</ele>
      </trkpt>
      <trkpt lat="39.68918" lon="-120.70138">
        <ele>2224.0</ele>
      </trkpt>
      <trkpt lat="39.68911" lon="-120.70158">
        <ele>2228.0</ele>
      </trkpt>
      <trkpt lat="39.68902902425597" lon="-120.7016841116709">
        <ele>2228.0</ele>
      </trkpt>
      <trkpt lat="39.68902902429056" lon="-120.7016841116709">
        <ele>2228.0</ele>
      </trkpt>
      <trkpt lat="39.68897" lon="-120.70176">
        <ele>2224.0</ele>
      </trkpt>
      <trkpt lat="39.68896" lon="-120.70183">
        <ele>2221.0</ele>
      </trkpt>
      <trkpt lat="39.68902" lon="-120.70189">
        <ele>2221.0</ele>
      </trkpt>
      <trkpt lat="39.68909" lon="-120.7019">
        <ele>2220.0</ele>
      </trkpt>
      <trkpt lat="39.68944" lon="-120.70189">
        <ele>2220.0</ele>
      </trkpt>
      <trkpt lat="39.68952" lon="-120.70192">
        <ele>2220.0</ele>
      </trkpt>
      <trkpt lat="39.68965" lon="-120.70205">
        <ele>2225.0</ele>
      </trkpt>
      <trkpt lat="39.68977" lon="-120.70228">
        <ele>2219.0</ele>
      </trkpt>
      <trkpt lat="39.68991" lon="-120.70276">
        <ele>2221.0</ele>
      </trkpt>
      <trkpt lat="39.69016" lon="-120.70333">
        <ele>2217.0</ele>
      </trkpt>
      <trkpt lat="39.69016" lon="-120.70363">
        <ele>2214.0</ele>
      </trkpt>
      <trkpt lat="39.69012" lon="-120.70388">
        <ele>2208.0</ele>
      </trkpt>
      <trkpt lat="39.69" lon="-120.7042">
        <ele>2206.0</ele>
      </trkpt>
      <trkpt lat="39.69001" lon="-120.70444">
        <ele>2207.0</ele>
      </trkpt>
      <trkpt lat="39.6901" lon="-120.70474">
        <ele>2209.0</ele>
      </trkpt>
      <trkpt lat="39.6901" lon="-120.70483">
        <ele>2209.0</ele>
      </trkpt>
      <trkpt lat="39.68993" lon="-120.70511">
        <ele>2214.0</ele>
      </trkpt>
      <trkpt lat="39.6899" lon="-120.7052">
        <ele>2207.0</ele>
      </trkpt>
      <trkpt lat="39.68989" lon="-120.7053">
        <ele>2207.0</ele>
      </trkpt>
      <trkpt lat="39.68995" lon="-120.7054">
        <ele>2207.0</ele>
      </trkpt>
      <trkpt lat="39.69002" lon="-120.70543">
        <ele>2197.0</ele>
      </trkpt>
      <trkpt lat="39.69017" lon="-120.70543">
        <ele>2205.0</ele>
      </trkpt>
      <trkpt lat="39.69028" lon="-120.70538">
        <ele>2212.0</ele>
      </trkpt>
      <trkpt lat="39.69028" lon="-120.70538">
        <ele>2212.0</ele>
      </trkpt>
      <trkpt lat="39.6904" lon="-120.7053">
        <ele>2212.0</ele>
      </trkpt>
      <trkpt lat="39.6905" lon="-120.70526">
        <ele>2211.0</ele>
      </trkpt>
      <trkpt lat="39.69088" lon="-120.70551">
        <ele>2201.0</ele>
      </trkpt>
      <trkpt lat="39.69124" lon="-120.70564">
        <ele>2198.0</ele>
      </trkpt>
      <trkpt lat="39.69155" lon="-120.70558">
        <ele>2203.0</ele>
      </trkpt>
      <trkpt lat="39.69169" lon="-120.70561">
        <ele>2203.0</ele>
      </trkpt>
      <trkpt lat="39.69207" lon="-120.70584">
        <ele>2200.0</ele>
      </trkpt>
      <trkpt lat="39.6923" lon="-120.70593">
        <ele>2201.0</ele>
      </trkpt>
      <trkpt lat="39.69259" lon="-120.70612">
        <ele>2204.0</ele>
      </trkpt>
      <trkpt lat="39.69289" lon="-120.7062">
        <ele>2204.0</ele>
      </trkpt>
      <trkpt lat="39.69359" lon="-120.70667">
        <ele>2194.0</ele>
      </trkpt>
      <trkpt lat="39.69407" lon="-120.70692">
        <ele>2181.0</ele>
      </trkpt>
      <trkpt lat="39.69462" lon="-120.70701">
        <ele>2178.0</ele>
      </trkpt>
      <trkpt lat="39.69476" lon="-120.70699">
        <ele>2178.0</ele>
      </trkpt>
      <trkpt lat="39.69492" lon="-120.70682">
        <ele>2179.0</ele>
      </trkpt>
      <trkpt lat="39.69526" lon="-120.70661">
        <ele>2181.0</ele>
      </trkpt>
      <trkpt lat="39.69558" lon="-120.70635">
        <ele>2173.0</ele>
      </trkpt>
      <trkpt lat="39.69587" lon="-120.70623">
        <ele>2167.0</ele>
      </trkpt>
      <trkpt lat="39.69599" lon="-120.70613">
        <ele>2158.0</ele>
      </trkpt>
      <trkpt lat="39.69608" lon="-120.70598">
        <ele>2158.0</ele>
      </trkpt>
      <trkpt lat="39.69613" lon="-120.7057">
        <ele>2157.0</ele>
      </trkpt>
      <trkpt lat="39.69619" lon="-120.70562">
        <ele>2160.0</ele>
      </trkpt>
      <trkpt lat="39.69638" lon="-120.70549">
        <ele>2157.0</ele>
      </trkpt>
      <trkpt lat="39.69656" lon="-120.70519">
        <ele>2155.0</ele>
      </trkpt>
      <trkpt lat="39.69661" lon="-120.70518">
        <ele>2155.0</ele>
      </trkpt>
      <trkpt lat="39.6967" lon="-120.7054">
        <ele>2155.0</ele>
      </trkpt>
      <trkpt lat="39.69678" lon="-120.70544">
        <ele>2151.0</ele>
      </trkpt>
      <trkpt lat="39.6969" lon="-120.70542">
        <ele>2145.0</ele>
      </trkpt>
      <trkpt lat="39.6969" lon="-120.70542">
        <ele>2145.0</ele>
      </trkpt>
      <trkpt lat="39.69699" lon="-120.70557">
        <ele>2145.0</ele>
      </trkpt>
      <trkpt lat="39.69701" lon="-120.70566">
        <ele>2145.0</ele>
      </trkpt>
      <trkpt lat="39.69695137680609" lon="-120.7059604438688">
        <ele>2143.0</ele>
      </trkpt>
      <trkpt lat="39.69695137680609" lon="-120.7059604438688">
        <ele>2143.0</ele>
      </trkpt>
      <trkpt lat="39.69693" lon="-120.70607">
        <ele>2146.0</ele>
      </trkpt>
      <trkpt lat="39.69692" lon="-120.70632">
        <ele>2146.0</ele>
      </trkpt>
      <trkpt lat="39.69686" lon="-120.70658">
        <ele>2147.0</ele>
      </trkpt>
      <trkpt lat="39.69688" lon="-120.70683">
        <ele>2146.0</ele>
      </trkpt>
      <trkpt lat="39.69693" lon="-120.70699">
        <ele>2146.0</ele>
      </trkpt>
      <trkpt lat="39.69705" lon="-120.7072">
        <ele>2146.0</ele>
      </trkpt>
      <trkpt lat="39.69718" lon="-120.70731">
        <ele>2151.0</ele>
      </trkpt>
      <trkpt lat="39.69725" lon="-120.70741">
        <ele>2152.0</ele>
      </trkpt>
      <trkpt lat="39.69732" lon="-120.70767">
        <ele>2152.0</ele>
      </trkpt>
      <trkpt lat="39.69746" lon="-120.70799">
        <ele>2151.0</ele>
      </trkpt>
      <trkpt lat="39.69756" lon="-120.7081">
        <ele>2151.0</ele>
      </trkpt>
      <trkpt lat="39.6979" lon="-120.70825">
        <ele>2152.0</ele>
      </trkpt>
      <trkpt lat="39.69797" lon="-120.70822">
        <ele>2157.0</ele>
      </trkpt>
      <trkpt lat="39.69813" lon="-120.70786">
        <ele>2162.0</ele>
      </trkpt>
      <trkpt lat="39.69822" lon="-120.70772">
        <ele>2162.0</ele>
      </trkpt>
      <trkpt lat="39.6983" lon="-120.70764">
        <ele>2162.0</ele>
      </trkpt>
      <trkpt lat="39.69838" lon="-120.70761">
        <ele>2162.0</ele>
      </trkpt>
      <trkpt lat="39.6985" lon="-120.70765">
        <ele>2166.0</ele>
      </trkpt>
      <trkpt lat="39.6987" lon="-120.70779">
        <ele>2166.0</ele>
      </trkpt>
      <trkpt lat="39.69877" lon="-120.70794">
        <ele>2168.0</ele>
      </trkpt>
      <trkpt lat="39.69895" lon="-120.70804">
        <ele>2168.0</ele>
      </trkpt>
      <trkpt lat="39.69905" lon="-120.70836">
        <ele>2165.0</ele>
      </trkpt>
      <trkpt lat="39.69905" lon="-120.70845">
        <ele>2165.0</ele>
      </trkpt>
      <trkpt lat="39.69901" lon="-120.70861">
        <ele>2162.0</ele>
      </trkpt>
      <trkpt lat="39.69885" lon="-120.7088">
        <ele>2162.0</ele>
      </trkpt>
      <trkpt lat="39.69883" lon="-120.70889">
        <ele>2162.0</ele>
      </trkpt>
      <trkpt lat="39.69883" lon="-120.70896">
        <ele>2162.0</ele>
      </trkpt>
      <trkpt lat="39.69891" lon="-120.70911">
        <ele>2164.0</ele>
      </trkpt>
      <trkpt lat="39.69905" lon="-120.70919">
        <ele>2169.0</ele>
      </trkpt>
      <trkpt lat="39.69952" lon="-120.70931">
        <ele>2170.0</ele>
      </trkpt>
      <trkpt lat="39.69974" lon="-120.70934">
        <ele>2177.0</ele>
      </trkpt>
      <trkpt lat="39.69979" lon="-120.70937">
        <ele>2177.0</ele>
      </trkpt>
      <trkpt lat="39.69985" lon="-120.70948">
        <ele>2177.0</ele>
      </trkpt>
      <trkpt lat="39.69991" lon="-120.70974">
        <ele>2178.0</ele>
      </trkpt>
      <trkpt lat="39.69992" lon="-120.7099">
        <ele>2178.0</ele>
      </trkpt>
      <trkpt lat="39.6999" lon="-120.70999">
        <ele>2178.0</ele>
      </trkpt>
      <trkpt lat="39.69986" lon="-120.71004">
        <ele>2176.0</ele>
      </trkpt>
      <trkpt lat="39.69982" lon="-120.71005">
        <ele>2176.0</ele>
      </trkpt>
      <trkpt lat="39.69964" lon="-120.70998">
        <ele>2176.0</ele>
      </trkpt>
      <trkpt lat="39.69957" lon="-120.70998">
        <ele>2172.0</ele>
      </trkpt>
      <trkpt lat="39.69949" lon="-120.71">
        <ele>2172.0</ele>
      </trkpt>
      <trkpt lat="39.6994" lon="-120.71008">
        <ele>2172.0</ele>
      </trkpt>
      <trkpt lat="39.69938" lon="-120.71013">
        <ele>2172.0</ele>
      </trkpt>
      <trkpt lat="39.69935" lon="-120.71045">
        <ele>2176.0</ele>
      </trkpt>
      <trkpt lat="39.69926801758928" lon="-120.7107323838592">
        <ele>2177.0</ele>
      </trkpt>
      <trkpt lat="39.69926801759404" lon="-120.7107323838592">
        <ele>2177.0</ele>
      </trkpt>
      <trkpt lat="39.69926" lon="-120.71076">
        <ele>2177.0</ele>
      </trkpt>
      <trkpt lat="39.69926" lon="-120.71088">
        <ele>2177.0</ele>
      </trkpt>
      <trkpt lat="39.69929" lon="-120.71097">
        <ele>2177.0</ele>
      </trkpt>
      <trkpt lat="39.6994" lon="-120.71115">
        <ele>2179.0</ele>
      </trkpt>
      <trkpt lat="39.69949" lon="-120.71124">
        <ele>2179.0</ele>
      </trkpt>
      <trkpt lat="39.69958" lon="-120.71129">
        <ele>2179.0</ele>
      </trkpt>
      <trkpt lat="39.69986" lon="-120.71128">
        <ele>2180.0</ele>
      </trkpt>
      <trkpt lat="39.70002" lon="-120.71133">
        <ele>2181.0</ele>
      </trkpt>
      <trkpt lat="39.70011" lon="-120.71142">
        <ele>2181.0</ele>
      </trkpt>
      <trkpt lat="39.70028" lon="-120.71174">
        <ele>2178.0</ele>
      </trkpt>
      <trkpt lat="39.70052" lon="-120.71183">
        <ele>2191.0</ele>
      </trkpt>
      <trkpt lat="39.70062" lon="-120.71189">
        <ele>2191.0</ele>
      </trkpt>
      <trkpt lat="39.70074" lon="-120.7121">
        <ele>2192.0</ele>
      </trkpt>
      <trkpt lat="39.70088" lon="-120.71246">
        <ele>2189.0</ele>
      </trkpt>
      <trkpt lat="39.70092" lon="-120.71259">
        <ele>2189.0</ele>
      </trkpt>
      <trkpt lat="39.70094" lon="-120.7128">
        <ele>2185.0</ele>
      </trkpt>
      <trkpt lat="39.70106" lon="-120.71314">
        <ele>2190.0</ele>
      </trkpt>
      <trkpt lat="39.70127" lon="-120.71351">
        <ele>2193.0</ele>
      </trkpt>
      <trkpt lat="39.70133" lon="-120.71358">
        <ele>2193.0</ele>
      </trkpt>
      <trkpt lat="39.7014" lon="-120.71363">
        <ele>2193.0</ele>
      </trkpt>
      <trkpt lat="39.70152" lon="-120.71362">
        <ele>2193.0</ele>
      </trkpt>
      <trkpt lat="39.70179" lon="-120.71356">
        <ele>2193.0</ele>
      </trkpt>
      <trkpt lat="39.70204" lon="-120.71355">
        <ele>2198.0</ele>
      </trkpt>
      <trkpt lat="39.70216" lon="-120.71344">
        <ele>2214.0</ele>
      </trkpt>
      <trkpt lat="39.70228" lon="-120.71321">
        <ele>2214.0</ele>
      </trkpt>
      <trkpt lat="39.70245" lon="-120.71308">
        <ele>2215.0</ele>
      </trkpt>
      <trkpt lat="39.70252" lon="-120.71306">
        <ele>2215.0</ele>
      </trkpt>
      <trkpt lat="39.70271" lon="-120.71317">
        <ele>2214.0</ele>
      </trkpt>
      <trkpt lat="39.70283" lon="-120.71348">
        <ele>2223.0</ele>
      </trkpt>
      <trkpt lat="39.70288" lon="-120.71356">
        <ele>2223.0</ele>
      </trkpt>
      <trkpt lat="39.70313" lon="-120.71387">
        <ele>2227.0</ele>
      </trkpt>
      <trkpt lat="39.7034" lon="-120.71426">
        <ele>2222.0</ele>
      </trkpt>
      <trkpt lat="39.70353" lon="-120.71451">
        <ele>2221.0</ele>
      </trkpt>
      <trkpt lat="39.70368" lon="-120.71473">
        <ele>2224.0</ele>
      </trkpt>
      <trkpt lat="39.70377" lon="-120.71493">
        <ele>2226.0</ele>
      </trkpt>
      <trkpt lat="39.70385" lon="-120.71501">
        <ele>2226.0</ele>
      </trkpt>
      <trkpt lat="39.70459" lon="-120.71491">
        <ele>2234.0</ele>
      </trkpt>
      <trkpt lat="39.70492" lon="-120.71478">
        <ele>2232.0</ele>
      </trkpt>
      <trkpt lat="39.7052" lon="-120.7147">
        <ele>2230.0</ele>
      </trkpt>
      <trkpt lat="39.70532969984276" lon="-120.7147345866247">
        <ele>2230.0</ele>
      </trkpt>
      <trkpt lat="39.70532969986185" lon="-120.7147345866247">
        <ele>2230.0</ele>
      </trkpt>
      <trkpt lat="39.70535" lon="-120.71474">
        <ele>2230.0</ele>
      </trkpt>
      <trkpt lat="39.70549" lon="-120.71469">
        <ele>2226.0</ele>
      </trkpt>
      <trkpt lat="39.70556" lon="-120.71469">
        <ele>2226.0</ele>
      </trkpt>
      <trkpt lat="39.70571" lon="-120.71479">
        <ele>2223.0</ele>
      </trkpt>
      <trkpt lat="39.70607" lon="-120.71523">
        <ele>2226.0</ele>
      </trkpt>
      <trkpt lat="39.70625" lon="-120.71555">
        <ele>2227.0</ele>
      </trkpt>
      <trkpt lat="39.70625" lon="-120.71568">
        <ele>2227.0</ele>
      </trkpt>
      <trkpt lat="39.70617" lon="-120.71578">
        <ele>2228.0</ele>
      </trkpt>
      <trkpt lat="39.70581" lon="-120.71607">
        <ele>2231.0</ele>
      </trkpt>
      <trkpt lat="39.70575" lon="-120.71617">
        <ele>2231.0</ele>
      </trkpt>
      <trkpt lat="39.70565" lon="-120.71646">
        <ele>2230.0</ele>
      </trkpt>
      <trkpt lat="39.70565" lon="-120.71646">
        <ele>2230.0</ele>
      </trkpt>
      <trkpt lat="39.7057" lon="-120.71677">
        <ele>2231.0</ele>
      </trkpt>
      <trkpt lat="39.70587" lon="-120.71704">
        <ele>2229.0</ele>
      </trkpt>
      <trkpt lat="39.70616" lon="-120.71777">
        <ele>2223.0</ele>
      </trkpt>
      <trkpt lat="39.70616" lon="-120.71777">
        <ele>2223.0</ele>
      </trkpt>
      <trkpt lat="39.70633" lon="-120.71821">
        <ele>2221.0</ele>
      </trkpt>
      <trkpt lat="39.70641" lon="-120.71884">
        <ele>2212.0</ele>
      </trkpt>
      <trkpt lat="39.70661" lon="-120.71945">
        <ele>2206.0</ele>
      </trkpt>
      <trkpt lat="39.7067" lon="-120.71998">
        <ele>2194.0</ele>
      </trkpt>
      <trkpt lat="39.70696" lon="-120.72051">
        <ele>2195.0</ele>
      </trkpt>
      <trkpt lat="39.70719" lon="-120.7208">
        <ele>2193.0</ele>
      </trkpt>
      <trkpt lat="39.70719" lon="-120.7208">
        <ele>2193.0</ele>
      </trkpt>
      <trkpt lat="39.70732" lon="-120.72096">
        <ele>2193.0</ele>
      </trkpt>
      <trkpt lat="39.70762" lon="-120.72147">
        <ele>2187.0</ele>
      </trkpt>
      <trkpt lat="39.70794" lon="-120.72237">
        <ele>2175.0</ele>
      </trkpt>
      <trkpt lat="39.70777" lon="-120.72263">
        <ele>2170.0</ele>
      </trkpt>
      <trkpt lat="39.70765" lon="-120.72237">
        <ele>2170.0</ele>
      </trkpt>
      <trkpt lat="39.7076" lon="-120.72247">
        <ele>2166.0</ele>
      </trkpt>
      <trkpt lat="39.70742" lon="-120.72332">
        <ele>2159.0</ele>
      </trkpt>
      <trkpt lat="39.70738" lon="-120.72418">
        <ele>2150.0</ele>
      </trkpt>
      <trkpt lat="39.70734" lon="-120.72441">
        <ele>2142.0</ele>
      </trkpt>
      <trkpt lat="39.70725" lon="-120.7246">
        <ele>2143.0</ele>
      </trkpt>
      <trkpt lat="39.70719" lon="-120.72469">
        <ele>2143.0</ele>
      </trkpt>
      <trkpt lat="39.70719" lon="-120.72469">
        <ele>2143.0</ele>
      </trkpt>
      <trkpt lat="39.70646301192568" lon="-120.7256297650717">
        <ele>2128.0</ele>
      </trkpt>
      <trkpt lat="39.70646301241567" lon="-120.7256297650717">
        <ele>2128.0</ele>
      </trkpt>
      <trkpt lat="39.70637" lon="-120.72575">
        <ele>2133.0</ele>
      </trkpt>
      <trkpt lat="39.70599" lon="-120.72616">
        <ele>2133.0</ele>
      </trkpt>
      <trkpt lat="39.70542" lon="-120.72701">
        <ele>2120.0</ele>
      </trkpt>
      <trkpt lat="39.7054" lon="-120.72724">
        <ele>2110.0</ele>
      </trkpt>
      <trkpt lat="39.70545" lon="-120.72746">
        <ele>2115.0</ele>
      </trkpt>
      <trkpt lat="39.70568" lon="-120.72805">
        <ele>2108.0</ele>
      </trkpt>
      <trkpt lat="39.70579" lon="-120.72844">
        <ele>2115.0</ele>
      </trkpt>
      <trkpt lat="39.70621" lon="-120.72907">
        <ele>2107.0</ele>
      </trkpt>
      <trkpt lat="39.70634" lon="-120.72945">
        <ele>2111.0</ele>
      </trkpt>
      <trkpt lat="39.70619" lon="-120.73027">
        <ele>2096.0</ele>
      </trkpt>
      <trkpt lat="39.70616" lon="-120.73089">
        <ele>2094.0</ele>
      </trkpt>
      <trkpt lat="39.70617" lon="-120.73152">
        <ele>2084.0</ele>
      </trkpt>
      <trkpt lat="39.70621" lon="-120.73171">
        <ele>2080.0</ele>
      </trkpt>
      <trkpt lat="39.70623" lon="-120.73217">
        <ele>2076.0</ele>
      </trkpt>
      <trkpt lat="39.70607" lon="-120.73275">
        <ele>2077.0</ele>
      </trkpt>
      <trkpt lat="39.70606" lon="-120.73294">
        <ele>2077.0</ele>
      </trkpt>
      <trkpt lat="39.70599" lon="-120.73307">
        <ele>2077.0</ele>
      </trkpt>
      <trkpt lat="39.706" lon="-120.73332">
        <ele>2076.0</ele>
      </trkpt>
      <trkpt lat="39.70585" lon="-120.73373">
        <ele>2067.0</ele>
      </trkpt>
      <trkpt lat="39.70579" lon="-120.73417">
        <ele>2074.0</ele>
      </trkpt>
      <trkpt lat="39.70593" lon="-120.73547">
        <ele>2070.0</ele>
      </trkpt>
      <trkpt lat="39.70607" lon="-120.73586">
        <ele>2071.0</ele>
      </trkpt>
      <trkpt lat="39.70682" lon="-120.73744">
        <ele>2058.0</ele>
      </trkpt>
      <trkpt lat="39.70719" lon="-120.73775">
        <ele>2061.0</ele>
      </trkpt>
      <trkpt lat="39.70719" lon="-120.73775">
        <ele>2061.0</ele>
      </trkpt>
      <trkpt lat="39.70751" lon="-120.73801">
        <ele>2056.0</ele>
      </trkpt>
      <trkpt lat="39.70763" lon="-120.73818">
        <ele>2056.0</ele>
      </trkpt>
      <trkpt lat="39.70782" lon="-120.73826">
        <ele>2052.0</ele>
      </trkpt>
      <trkpt lat="39.70773" lon="-120.73833">
        <ele>2052.0</ele>
      </trkpt>
      <trkpt lat="39.70719" lon="-120.73839">
        <ele>2046.0</ele>
      </trkpt>
      <trkpt lat="39.70719" lon="-120.73839">
        <ele>2046.0</ele>
      </trkpt>
      <trkpt lat="39.70708" lon="-120.7384">
        <ele>2047.0</ele>
      </trkpt>
      <trkpt lat="39.70710821999768" lon="-120.738446178178">
        <ele>2046.0</ele>
      </trkpt>
      <trkpt lat="39.7071082200144" lon="-120.738446178178">
        <ele>2046.0</ele>
      </trkpt>
      <trkpt lat="39.70719" lon="-120.73858">
        <ele>2041.0</ele>
      </trkpt>
      <trkpt lat="39.70719" lon="-120.73858">
        <ele>2041.0</ele>
      </trkpt>
      <trkpt lat="39.70745" lon="-120.73879">
        <ele>2041.0</ele>
      </trkpt>
      <trkpt lat="39.70777" lon="-120.73888">
        <ele>2046.0</ele>
      </trkpt>
      <trkpt lat="39.70795" lon="-120.73888">
        <ele>2048.0</ele>
      </trkpt>
      <trkpt lat="39.70804" lon="-120.73873">
        <ele>2051.0</ele>
      </trkpt>
      <trkpt lat="39.70818" lon="-120.73867">
        <ele>2051.0</ele>
      </trkpt>
      <trkpt lat="39.70835" lon="-120.73871">
        <ele>2047.0</ele>
      </trkpt>
      <trkpt lat="39.70847" lon="-120.73881">
        <ele>2041.0</ele>
      </trkpt>
      <trkpt lat="39.70876" lon="-120.73872">
        <ele>2033.0</ele>
      </trkpt>
      <trkpt lat="39.70891" lon="-120.73875">
        <ele>2033.0</ele>
      </trkpt>
      <trkpt lat="39.70902" lon="-120.73892">
        <ele>2026.0</ele>
      </trkpt>
      <trkpt lat="39.70917" lon="-120.73902">
        <ele>2026.0</ele>
      </trkpt>
      <trkpt lat="39.70951" lon="-120.73907">
        <ele>2025.0</ele>
      </trkpt>
      <trkpt lat="39.70998" lon="-120.73933">
        <ele>2010.0</ele>
      </trkpt>
      <trkpt lat="39.71052" lon="-120.73931">
        <ele>2023.0</ele>
      </trkpt>
      <trkpt lat="39.71066" lon="-120.73936">
        <ele>2023.0</ele>
      </trkpt>
      <trkpt lat="39.71106" lon="-120.73973">
        <ele>2021.0</ele>
      </trkpt>
      <trkpt lat="39.71111" lon="-120.73975">
        <ele>2021.0</ele>
      </trkpt>
      <trkpt lat="39.71111" lon="-120.73975">
        <ele>2021.0</ele>
      </trkpt>
      <trkpt lat="39.71123" lon="-120.73978">
        <ele>2021.0</ele>
      </trkpt>
      <trkpt lat="39.71135" lon="-120.74011">
        <ele>2018.0</ele>
      </trkpt>
      <trkpt lat="39.7113" lon="-120.74041">
        <ele>2014.0</ele>
      </trkpt>
      <trkpt lat="39.71133" lon="-120.74056">
        <ele>2017.0</ele>
      </trkpt>
      <trkpt lat="39.71113" lon="-120.74064">
        <ele>2018.0</ele>
      </trkpt>
      <trkpt lat="39.71087" lon="-120.74129">
        <ele>2019.0</ele>
      </trkpt>
      <trkpt lat="39.71092" lon="-120.74172">
        <ele>2016.0</ele>
      </trkpt>
      <trkpt lat="39.7109" lon="-120.7421">
        <ele>2011.0</ele>
      </trkpt>
      <trkpt lat="39.71099" lon="-120.74268">
        <ele>2025.0</ele>
      </trkpt>
      <trkpt lat="39.71139" lon="-120.7437">
        <ele>2039.0</ele>
      </trkpt>
      <trkpt lat="39.71137" lon="-120.74387">
        <ele>2039.0</ele>
      </trkpt>
      <trkpt lat="39.71149" lon="-120.7443">
        <ele>2036.0</ele>
      </trkpt>
      <trkpt lat="39.71164" lon="-120.74471">
        <ele>2020.0</ele>
      </trkpt>
      <trkpt lat="39.71182" lon="-120.74504">
        <ele>2017.0</ele>
      </trkpt>
      <trkpt lat="39.71196" lon="-120.74517">
        <ele>2011.0</ele>
      </trkpt>
      <trkpt lat="39.71224" lon="-120.74515">
        <ele>2010.0</ele>
      </trkpt>
      <trkpt lat="39.71239" lon="-120.7452">
        <ele>2013.0</ele>
      </trkpt>
      <trkpt lat="39.7127" lon="-120.74497">
        <ele>2018.0</ele>
      </trkpt>
      <trkpt lat="39.71288" lon="-120.7447">
        <ele>2027.0</ele>
      </trkpt>
      <trkpt lat="39.71306" lon="-120.74478">
        <ele>2033.0</ele>
      </trkpt>
      <trkpt lat="39.71334" lon="-120.74482">
        <ele>2032.0</ele>
      </trkpt>
      <trkpt lat="39.71348468128235" lon="-120.7449194683816">
        <ele>2024.0</ele>
      </trkpt>
      <trkpt lat="39.71348468129843" lon="-120.7449194683816">
        <ele>2024.0</ele>
      </trkpt>
      <trkpt lat="39.7135" lon="-120.74493">
        <ele>2024.0</ele>
      </trkpt>
      <trkpt lat="39.71402" lon="-120.74509">
        <ele>2028.0</ele>
      </trkpt>
      <trkpt lat="39.71459" lon="-120.74538">
        <ele>1994.0</ele>
      </trkpt>
      <trkpt lat="39.71487" lon="-120.74528">
        <ele>1996.0</ele>
      </trkpt>
      <trkpt lat="39.7149419313852" lon="-120.7454094726307">
        <ele>1996.0</ele>
      </trkpt>
      <trkpt lat="39.7149419313852" lon="-120.7454094726307">
        <ele>1996.0</ele>
      </trkpt>
      <trkpt lat="39.71497" lon="-120.74546">
        <ele>1995.0</ele>
      </trkpt>
      <trkpt lat="39.71488" lon="-120.74555">
        <ele>1995.0</ele>
      </trkpt>
      <trkpt lat="39.71484" lon="-120.74569">
        <ele>1993.0</ele>
      </trkpt>
      <trkpt lat="39.71493" lon="-120.74606">
        <ele>1997.0</ele>
      </trkpt>
      <trkpt lat="39.71488" lon="-120.74644">
        <ele>2002.0</ele>
      </trkpt>
      <trkpt lat="39.71478" lon="-120.74662">
        <ele>1990.0</ele>
      </trkpt>
      <trkpt lat="39.71482" lon="-120.74676">
        <ele>1990.0</ele>
      </trkpt>
      <trkpt lat="39.71479" lon="-120.74693">
        <ele>1988.0</ele>
      </trkpt>
      <trkpt lat="39.71482" lon="-120.74711">
        <ele>1986.0</ele>
      </trkpt>
      <trkpt lat="39.71481" lon="-120.7481">
        <ele>1982.0</ele>
      </trkpt>
      <trkpt lat="39.71466" lon="-120.74836">
        <ele>1978.0</ele>
      </trkpt>
      <trkpt lat="39.71478" lon="-120.74863">
        <ele>1973.0</ele>
      </trkpt>
      <trkpt lat="39.71521" lon="-120.74918">
        <ele>1991.0</ele>
      </trkpt>
      <trkpt lat="39.71534" lon="-120.74927">
        <ele>1991.0</ele>
      </trkpt>
      <trkpt lat="39.71553" lon="-120.74957">
        <ele>1998.0</ele>
      </trkpt>
      <trkpt lat="39.71588" lon="-120.74988">
        <ele>2000.0</ele>
      </trkpt>
      <trkpt lat="39.71596" lon="-120.75016">
        <ele>1995.0</ele>
      </trkpt>
      <trkpt lat="39.71618" lon="-120.75033">
        <ele>2005.0</ele>
      </trkpt>
      <trkpt lat="39.71662" lon="-120.7504">
        <ele>2023.0</ele>
      </trkpt>
      <trkpt lat="39.71667" lon="-120.75056">
        <ele>2020.0</ele>
      </trkpt>
      <trkpt lat="39.71663" lon="-120.75103">
        <ele>2017.0</ele>
      </trkpt>
      <trkpt lat="39.7168" lon="-120.75149">
        <ele>2019.0</ele>
      </trkpt>
      <trkpt lat="39.71675" lon="-120.75163">
        <ele>2025.0</ele>
      </trkpt>
      <trkpt lat="39.71658" lon="-120.75184">
        <ele>2035.0</ele>
      </trkpt>
      <trkpt lat="39.71625" lon="-120.75193">
        <ele>2016.0</ele>
      </trkpt>
      <trkpt lat="39.71593" lon="-120.75254">
        <ele>2023.0</ele>
      </trkpt>
      <trkpt lat="39.71597" lon="-120.75275">
        <ele>2022.0</ele>
      </trkpt>
      <trkpt lat="39.71639" lon="-120.75319">
        <ele>2039.0</ele>
      </trkpt>
      <trkpt lat="39.71677" lon="-120.75347">
        <ele>2049.0</ele>
      </trkpt>
      <trkpt lat="39.71674" lon="-120.75356">
        <ele>2047.0</ele>
      </trkpt>
      <trkpt lat="39.71682" lon="-120.75393">
        <ele>2064.0</ele>
      </trkpt>
      <trkpt lat="39.71676" lon="-120.75453">
        <ele>2054.0</ele>
      </trkpt>
      <trkpt lat="39.71665" lon="-120.75491">
        <ele>2055.0</ele>
      </trkpt>
      <trkpt lat="39.7167" lon="-120.75509">
        <ele>2055.0</ele>
      </trkpt>
      <trkpt lat="39.71683077232998" lon="-120.7554746245">
        <ele>2063.0</ele>
      </trkpt>
      <trkpt lat="39.71683077236715" lon="-120.7554746244999">
        <ele>2063.0</ele>
      </trkpt>
      <trkpt lat="39.71687" lon="-120.75559">
        <ele>2063.0</ele>
      </trkpt>
      <trkpt lat="39.71702" lon="-120.75585">
        <ele>2055.0</ele>
      </trkpt>
      <trkpt lat="39.71718" lon="-120.75598">
        <ele>2057.0</ele>
      </trkpt>
      <trkpt lat="39.71751" lon="-120.75608">
        <ele>2070.0</ele>
      </trkpt>
      <trkpt lat="39.71762" lon="-120.75618">
        <ele>2070.0</ele>
      </trkpt>
      <trkpt lat="39.71772" lon="-120.75646">
        <ele>2077.0</ele>
      </trkpt>
      <trkpt lat="39.71803" lon="-120.75673">
        <ele>2082.0</ele>
      </trkpt>
      <trkpt lat="39.71812" lon="-120.75699">
        <ele>2081.0</ele>
      </trkpt>
      <trkpt lat="39.71806" lon="-120.75716">
        <ele>2078.0</ele>
      </trkpt>
      <trkpt lat="39.7181" lon="-120.75791">
        <ele>2082.0</ele>
      </trkpt>
      <trkpt lat="39.71834" lon="-120.75835">
        <ele>2095.0</ele>
      </trkpt>
      <trkpt lat="39.71826" lon="-120.75842">
        <ele>2095.0</ele>
      </trkpt>
      <trkpt lat="39.71774" lon="-120.75849">
        <ele>2102.0</ele>
      </trkpt>
      <trkpt lat="39.71726" lon="-120.75889">
        <ele>2104.0</ele>
      </trkpt>
      <trkpt lat="39.71715" lon="-120.75901">
        <ele>2104.0</ele>
      </trkpt>
      <trkpt lat="39.7171" lon="-120.75918">
        <ele>2113.0</ele>
      </trkpt>
      <trkpt lat="39.71709845395104" lon="-120.7592263814689">
        <ele>2113.0</ele>
      </trkpt>
      <trkpt lat="39.71709845395115" lon="-120.7592263814689">
        <ele>2113.0</ele>
      </trkpt>
      <trkpt lat="39.71709" lon="-120.75948">
        <ele>2121.0</ele>
      </trkpt>
      <trkpt lat="39.71718" lon="-120.76035">
        <ele>2127.0</ele>
      </trkpt>
      <trkpt lat="39.71714" lon="-120.76165">
        <ele>2131.0</ele>
      </trkpt>
      <trkpt lat="39.71712" lon="-120.76172">
        <ele>2131.0</ele>
      </trkpt>
      <trkpt lat="39.71712" lon="-120.76172">
        <ele>2131.0</ele>
      </trkpt>
      <trkpt lat="39.71693" lon="-120.76232">
        <ele>2129.0</ele>
      </trkpt>
      <trkpt lat="39.71645" lon="-120.76292">
        <ele>2132.0</ele>
      </trkpt>
      <trkpt lat="39.71629" lon="-120.76321">
        <ele>2142.0</ele>
      </trkpt>
      <trkpt lat="39.71622" lon="-120.76376">
        <ele>2144.0</ele>
      </trkpt>
      <trkpt lat="39.71624" lon="-120.76429">
        <ele>2141.0</ele>
      </trkpt>
      <trkpt lat="39.71638" lon="-120.76504">
        <ele>2151.0</ele>
      </trkpt>
      <trkpt lat="39.71646" lon="-120.76606">
        <ele>2162.0</ele>
      </trkpt>
      <trkpt lat="39.71641" lon="-120.76703">
        <ele>2165.0</ele>
      </trkpt>
      <trkpt lat="39.71631" lon="-120.76738">
        <ele>2179.0</ele>
      </trkpt>
      <trkpt lat="39.71628" lon="-120.76788">
        <ele>2192.0</ele>
      </trkpt>
      <trkpt lat="39.71635" lon="-120.76789">
        <ele>2192.0</ele>
      </trkpt>
      <trkpt lat="39.71659" lon="-120.76762">
        <ele>2195.0</ele>
      </trkpt>
      <trkpt lat="39.71702" lon="-120.76699">
        <ele>2204.0</ele>
      </trkpt>
      <trkpt lat="39.71726" lon="-120.76646">
        <ele>2211.0</ele>
      </trkpt>
      <trkpt lat="39.71736" lon="-120.76573">
        <ele>2209.0</ele>
      </trkpt>
      <trkpt lat="39.71744" lon="-120.76596">
        <ele>2219.0</ele>
      </trkpt>
      <trkpt lat="39.71799" lon="-120.7668">
        <ele>2222.0</ele>
      </trkpt>
      <trkpt lat="39.7181" lon="-120.76713">
        <ele>2219.0</ele>
      </trkpt>
      <trkpt lat="39.71815" lon="-120.76753">
        <ele>2218.0</ele>
      </trkpt>
      <trkpt lat="39.71809" lon="-120.76807">
        <ele>2223.0</ele>
      </trkpt>
      <trkpt lat="39.71809" lon="-120.76856">
        <ele>2233.0</ele>
      </trkpt>
      <trkpt lat="39.71813" lon="-120.76873">
        <ele>2233.0</ele>
      </trkpt>
      <trkpt lat="39.71842" lon="-120.76923">
        <ele>2245.0</ele>
      </trkpt>
      <trkpt lat="39.71867" lon="-120.76946">
        <ele>2239.0</ele>
      </trkpt>
      <trkpt lat="39.71916" lon="-120.76966">
        <ele>2241.0</ele>
      </trkpt>
      <trkpt lat="39.71942" lon="-120.7699">
        <ele>2242.0</ele>
      </trkpt>
      <trkpt lat="39.71995" lon="-120.77007">
        <ele>2234.0</ele>
      </trkpt>
      <trkpt lat="39.72006" lon="-120.77017">
        <ele>2227.0</ele>
      </trkpt>
      <trkpt lat="39.72006" lon="-120.7703">
        <ele>2227.0</ele>
      </trkpt>
      <trkpt lat="39.72003" lon="-120.77035">
        <ele>2227.0</ele>
      </trkpt>
      <trkpt lat="39.71882" lon="-120.77141">
        <ele>2229.0</ele>
      </trkpt>
      <trkpt lat="39.71823" lon="-120.77186">
        <ele>2230.0</ele>
      </trkpt>
      <trkpt lat="39.71812" lon="-120.77201">
        <ele>2241.0</ele>
      </trkpt>
      <trkpt lat="39.71794" lon="-120.77234">
        <ele>2232.0</ele>
      </trkpt>
      <trkpt lat="39.71787" lon="-120.77272">
        <ele>2222.0</ele>
      </trkpt>
      <trkpt lat="39.71784" lon="-120.77339">
        <ele>2195.0</ele>
      </trkpt>
      <trkpt lat="39.71794" lon="-120.77325">
        <ele>2191.0</ele>
      </trkpt>
      <trkpt lat="39.71823" lon="-120.77262">
        <ele>2210.0</ele>
      </trkpt>
      <trkpt lat="39.71834" lon="-120.77252">
        <ele>2210.0</ele>
      </trkpt>
      <trkpt lat="39.71843" lon="-120.77246">
        <ele>2210.0</ele>
      </trkpt>
      <trkpt lat="39.71872" lon="-120.77245">
        <ele>2185.0</ele>
      </trkpt>
      <trkpt lat="39.71923" lon="-120.77218">
        <ele>2184.0</ele>
      </trkpt>
      <trkpt lat="39.71936" lon="-120.77199">
        <ele>2195.0</ele>
      </trkpt>
      <trkpt lat="39.71952" lon="-120.77197">
        <ele>2195.0</ele>
      </trkpt>
      <trkpt lat="39.71969" lon="-120.77197">
        <ele>2189.0</ele>
      </trkpt>
      <trkpt lat="39.7194" lon="-120.77208">
        <ele>2195.0</ele>
      </trkpt>
      <trkpt lat="39.71921" lon="-120.77236">
        <ele>2184.0</ele>
      </trkpt>
      <trkpt lat="39.71886" lon="-120.77262">
        <ele>2177.0</ele>
      </trkpt>
      <trkpt lat="39.71881" lon="-120.77276">
        <ele>2166.0</ele>
      </trkpt>
      <trkpt lat="39.71896" lon="-120.7728">
        <ele>2166.0</ele>
      </trkpt>
      <trkpt lat="39.71937" lon="-120.77276">
        <ele>2152.0</ele>
      </trkpt>
      <trkpt lat="39.71882" lon="-120.77288">
        <ele>2166.0</ele>
      </trkpt>
      <trkpt lat="39.71871" lon="-120.77295">
        <ele>2173.0</ele>
      </trkpt>
      <trkpt lat="39.71857" lon="-120.77325">
        <ele>2167.0</ele>
      </trkpt>
      <trkpt lat="39.71854" lon="-120.77362">
        <ele>2160.0</ele>
      </trkpt>
      <trkpt lat="39.7186" lon="-120.77345">
        <ele>2167.0</ele>
      </trkpt>
      <trkpt lat="39.71879" lon="-120.77327">
        <ele>2152.0</ele>
      </trkpt>
      <trkpt lat="39.71911" lon="-120.77328">
        <ele>2140.0</ele>
      </trkpt>
      <trkpt lat="39.7197" lon="-120.77293">
        <ele>2129.0</ele>
      </trkpt>
      <trkpt lat="39.72003" lon="-120.7726">
        <ele>2151.0</ele>
      </trkpt>
      <trkpt lat="39.7203" lon="-120.77266">
        <ele>2137.0</ele>
      </trkpt>
      <trkpt lat="39.72051" lon="-120.77294">
        <ele>2126.0</ele>
      </trkpt>
      <trkpt lat="39.72096" lon="-120.77319">
        <ele>2135.0</ele>
      </trkpt>
      <trkpt lat="39.72044" lon="-120.77323">
        <ele>2116.0</ele>
      </trkpt>
      <trkpt lat="39.72007" lon="-120.773">
        <ele>2126.0</ele>
      </trkpt>
      <trkpt lat="39.71983" lon="-120.7731">
        <ele>2129.0</ele>
      </trkpt>
      <trkpt lat="39.71966" lon="-120.77337">
        <ele>2118.0</ele>
      </trkpt>
      <trkpt lat="39.71902" lon="-120.77378">
        <ele>2141.0</ele>
      </trkpt>
      <trkpt lat="39.7187" lon="-120.77464">
        <ele>2106.0</ele>
      </trkpt>
      <trkpt lat="39.71844" lon="-120.77502">
        <ele>2104.0</ele>
      </trkpt>
      <trkpt lat="39.71805" lon="-120.77503">
        <ele>2105.0</ele>
      </trkpt>
      <trkpt lat="39.71738" lon="-120.77486">
        <ele>2108.0</ele>
      </trkpt>
      <trkpt lat="39.71659" lon="-120.77481">
        <ele>2089.0</ele>
      </trkpt>
      <trkpt lat="39.71633" lon="-120.77473">
        <ele>2090.0</ele>
      </trkpt>
      <trkpt lat="39.71622" lon="-120.77477">
        <ele>2086.0</ele>
      </trkpt>
      <trkpt lat="39.7159" lon="-120.77474">
        <ele>2080.0</ele>
      </trkpt>
      <trkpt lat="39.71581" lon="-120.77464">
        <ele>2080.0</ele>
      </trkpt>
      <trkpt lat="39.71539" lon="-120.77459">
        <ele>2092.0</ele>
      </trkpt>
      <trkpt lat="39.71518" lon="-120.77474">
        <ele>2092.0</ele>
      </trkpt>
      <trkpt lat="39.71507" lon="-120.77507">
        <ele>2091.0</ele>
      </trkpt>
      <trkpt lat="39.71487" lon="-120.7754">
        <ele>2075.0</ele>
      </trkpt>
      <trkpt lat="39.71461" lon="-120.77553">
        <ele>2069.0</ele>
      </trkpt>
      <trkpt lat="39.71434" lon="-120.77634">
        <ele>2066.0</ele>
      </trkpt>
      <trkpt lat="39.7144" lon="-120.77645">
        <ele>2066.0</ele>
      </trkpt>
      <trkpt lat="39.71438" lon="-120.77657">
        <ele>2062.0</ele>
      </trkpt>
      <trkpt lat="39.71429" lon="-120.7767">
        <ele>2077.0</ele>
      </trkpt>
      <trkpt lat="39.71414" lon="-120.77737">
        <ele>2071.0</ele>
      </trkpt>
      <trkpt lat="39.71417" lon="-120.7775">
        <ele>2071.0</ele>
      </trkpt>
      <trkpt lat="39.71416" lon="-120.77844">
        <ele>2055.0</ele>
      </trkpt>
      <trkpt lat="39.71408" lon="-120.77877">
        <ele>2031.0</ele>
      </trkpt>
      <trkpt lat="39.71405" lon="-120.7796">
        <ele>2034.0</ele>
      </trkpt>
      <trkpt lat="39.7142" lon="-120.78067">
        <ele>2035.0</ele>
      </trkpt>
      <trkpt lat="39.71437" lon="-120.78117">
        <ele>2022.0</ele>
      </trkpt>
      <trkpt lat="39.71449" lon="-120.78173">
        <ele>2014.0</ele>
      </trkpt>
      <trkpt lat="39.71476" lon="-120.78217">
        <ele>2005.0</ele>
      </trkpt>
      <trkpt lat="39.71482" lon="-120.78267">
        <ele>1996.0</ele>
      </trkpt>
      <trkpt lat="39.71507" lon="-120.78258">
        <ele>1990.0</ele>
      </trkpt>
      <trkpt lat="39.71509" lon="-120.78307">
        <ele>1974.0</ele>
      </trkpt>
      <trkpt lat="39.71537" lon="-120.78292">
        <ele>1964.0</ele>
      </trkpt>
      <trkpt lat="39.71547" lon="-120.78274">
        <ele>1966.0</ele>
      </trkpt>
      <trkpt lat="39.71558" lon="-120.78264">
        <ele>1966.0</ele>
      </trkpt>
      <trkpt lat="39.71573" lon="-120.78259">
        <ele>1973.0</ele>
      </trkpt>
      <trkpt lat="39.71584" lon="-120.78243">
        <ele>1973.0</ele>
      </trkpt>
      <trkpt lat="39.71593" lon="-120.78203">
        <ele>1967.0</ele>
      </trkpt>
      <trkpt lat="39.71587" lon="-120.78163">
        <ele>1966.0</ele>
      </trkpt>
      <trkpt lat="39.71592" lon="-120.78157">
        <ele>1966.0</ele>
      </trkpt>
      <trkpt lat="39.71604" lon="-120.78191">
        <ele>1959.0</ele>
      </trkpt>
      <trkpt lat="39.71607506805772" lon="-120.7819666484009">
        <ele>1959.0</ele>
      </trkpt>
      <trkpt lat="39.71607506808184" lon="-120.7819666484009">
        <ele>1959.0</ele>
      </trkpt>
      <trkpt lat="39.71617" lon="-120.78212">
        <ele>1962.0</ele>
      </trkpt>
      <trkpt lat="39.71623" lon="-120.78252">
        <ele>1959.0</ele>
      </trkpt>
      <trkpt lat="39.71619" lon="-120.7829">
        <ele>1955.0</ele>
      </trkpt>
      <trkpt lat="39.71598" lon="-120.78316">
        <ele>1949.0</ele>
      </trkpt>
      <trkpt lat="39.71599" lon="-120.78337">
        <ele>1942.0</ele>
      </trkpt>
      <trkpt lat="39.71591" lon="-120.78369">
        <ele>1942.0</ele>
      </trkpt>
      <trkpt lat="39.71591" lon="-120.78369">
        <ele>1942.0</ele>
      </trkpt>
      <trkpt lat="39.71587" lon="-120.78382">
        <ele>1944.0</ele>
      </trkpt>
      <trkpt lat="39.71573" lon="-120.78407">
        <ele>1941.0</ele>
      </trkpt>
      <trkpt lat="39.71562" lon="-120.78416">
        <ele>1944.0</ele>
      </trkpt>
      <trkpt lat="39.71534" lon="-120.78476">
        <ele>1937.0</ele>
      </trkpt>
      <trkpt lat="39.71515" lon="-120.78499">
        <ele>1933.0</ele>
      </trkpt>
      <trkpt lat="39.71497" lon="-120.78552">
        <ele>1929.0</ele>
      </trkpt>
      <trkpt lat="39.71477" lon="-120.78569">
        <ele>1932.0</ele>
      </trkpt>
      <trkpt lat="39.71458" lon="-120.78596">
        <ele>1934.0</ele>
      </trkpt>
      <trkpt lat="39.71431" lon="-120.78608">
        <ele>1930.0</ele>
      </trkpt>
      <trkpt lat="39.71422" lon="-120.78619">
        <ele>1947.0</ele>
      </trkpt>
      <trkpt lat="39.71415" lon="-120.78637">
        <ele>1935.0</ele>
      </trkpt>
      <trkpt lat="39.71421" lon="-120.78737">
        <ele>1932.0</ele>
      </trkpt>
      <trkpt lat="39.71475" lon="-120.78753">
        <ele>1928.0</ele>
      </trkpt>
      <trkpt lat="39.71563" lon="-120.78749">
        <ele>1916.0</ele>
      </trkpt>
      <trkpt lat="39.71624" lon="-120.78786">
        <ele>1907.0</ele>
      </trkpt>
      <trkpt lat="39.71652" lon="-120.78785">
        <ele>1905.0</ele>
      </trkpt>
      <trkpt lat="39.71678" lon="-120.78794">
        <ele>1928.0</ele>
      </trkpt>
      <trkpt lat="39.71715" lon="-120.78818">
        <ele>1901.0</ele>
      </trkpt>
      <trkpt lat="39.71764" lon="-120.78877">
        <ele>1910.0</ele>
      </trkpt>
      <trkpt lat="39.71776" lon="-120.7888">
        <ele>1910.0</ele>
      </trkpt>
      <trkpt lat="39.71789" lon="-120.78894">
        <ele>1910.0</ele>
      </trkpt>
      <trkpt lat="39.71795" lon="-120.78878">
        <ele>1900.0</ele>
      </trkpt>
      <trkpt lat="39.71796" lon="-120.78857">
        <ele>1889.0</ele>
      </trkpt>
      <trkpt lat="39.71788" lon="-120.7884">
        <ele>1886.0</ele>
      </trkpt>
      <trkpt lat="39.71768" lon="-120.78823">
        <ele>1886.0</ele>
      </trkpt>
      <trkpt lat="39.71775" lon="-120.78817">
        <ele>1870.0</ele>
      </trkpt>
      <trkpt lat="39.71755" lon="-120.78782">
        <ele>1875.0</ele>
      </trkpt>
      <trkpt lat="39.71738" lon="-120.7873">
        <ele>1864.0</ele>
      </trkpt>
      <trkpt lat="39.71782" lon="-120.78786">
        <ele>1862.0</ele>
      </trkpt>
      <trkpt lat="39.71797" lon="-120.78792">
        <ele>1862.0</ele>
      </trkpt>
      <trkpt lat="39.7182" lon="-120.78814">
        <ele>1859.0</ele>
      </trkpt>
      <trkpt lat="39.7183" lon="-120.78831">
        <ele>1865.0</ele>
      </trkpt>
      <trkpt lat="39.71892" lon="-120.78882">
        <ele>1854.0</ele>
      </trkpt>
      <trkpt lat="39.7191" lon="-120.78911">
        <ele>1853.0</ele>
      </trkpt>
      <trkpt lat="39.71919" lon="-120.78962">
        <ele>1865.0</ele>
      </trkpt>
      <trkpt lat="39.71956" lon="-120.79022">
        <ele>1872.0</ele>
      </trkpt>
      <trkpt lat="39.71979" lon="-120.79033">
        <ele>1855.0</ele>
      </trkpt>
      <trkpt lat="39.71997" lon="-120.79057">
        <ele>1852.0</ele>
      </trkpt>
      <trkpt lat="39.72009" lon="-120.79058">
        <ele>1852.0</ele>
      </trkpt>
      <trkpt lat="39.72033" lon="-120.79086">
        <ele>1848.0</ele>
      </trkpt>
      <trkpt lat="39.72046" lon="-120.79085">
        <ele>1835.0</ele>
      </trkpt>
      <trkpt lat="39.72074" lon="-120.79123">
        <ele>1832.0</ele>
      </trkpt>
      <trkpt lat="39.72092" lon="-120.79128">
        <ele>1838.0</ele>
      </trkpt>
      <trkpt lat="39.72186" lon="-120.79204">
        <ele>1825.0</ele>
      </trkpt>
      <trkpt lat="39.72215" lon="-120.79213">
        <ele>1825.0</ele>
      </trkpt>
      <trkpt lat="39.72228" lon="-120.79223">
        <ele>1825.0</ele>
      </trkpt>
      <trkpt lat="39.72244" lon="-120.79253">
        <ele>1829.0</ele>
      </trkpt>
      <trkpt lat="39.72273" lon="-120.79279">
        <ele>1823.0</ele>
      </trkpt>
      <trkpt lat="39.723" lon="-120.79293">
        <ele>1818.0</ele>
      </trkpt>
      <trkpt lat="39.723" lon="-120.79317">
        <ele>1818.0</ele>
      </trkpt>
      <trkpt lat="39.72310985214876" lon="-120.7931490757812">
        <ele>1818.0</ele>
      </trkpt>
      <trkpt lat="39.72310985222853" lon="-120.7931490757812">
        <ele>1818.0</ele>
      </trkpt>
      <trkpt lat="39.72321" lon="-120.79313">
        <ele>1802.0</ele>
      </trkpt>
      <trkpt lat="39.72378" lon="-120.79332">
        <ele>1811.0</ele>
      </trkpt>
      <trkpt lat="39.72388" lon="-120.79345">
        <ele>1811.0</ele>
      </trkpt>
      <trkpt lat="39.72409" lon="-120.79355">
        <ele>1816.0</ele>
      </trkpt>
      <trkpt lat="39.72409" lon="-120.79355">
        <ele>1816.0</ele>
      </trkpt>
      <trkpt lat="39.72439" lon="-120.79369">
        <ele>1807.0</ele>
      </trkpt>
      <trkpt lat="39.72507" lon="-120.79384">
        <ele>1807.0</ele>
      </trkpt>
      <trkpt lat="39.72531" lon="-120.79399">
        <ele>1793.0</ele>
      </trkpt>
      <trkpt lat="39.72568" lon="-120.79439">
        <ele>1817.0</ele>
      </trkpt>
      <trkpt lat="39.72613" lon="-120.79457">
        <ele>1796.0</ele>
      </trkpt>
      <trkpt lat="39.72641" lon="-120.79495">
        <ele>1796.0</ele>
      </trkpt>
      <trkpt lat="39.72654" lon="-120.79502">
        <ele>1789.0</ele>
      </trkpt>
      <trkpt lat="39.72699" lon="-120.79547">
        <ele>1791.0</ele>
      </trkpt>
      <trkpt lat="39.72705" lon="-120.79556">
        <ele>1791.0</ele>
      </trkpt>
      <trkpt lat="39.72705" lon="-120.79582">
        <ele>1797.0</ele>
      </trkpt>
      <trkpt lat="39.72713" lon="-120.79588">
        <ele>1788.0</ele>
      </trkpt>
      <trkpt lat="39.72736" lon="-120.79589">
        <ele>1788.0</ele>
      </trkpt>
      <trkpt lat="39.72736" lon="-120.79594">
        <ele>1788.0</ele>
      </trkpt>
      <trkpt lat="39.72754" lon="-120.7961">
        <ele>1786.0</ele>
      </trkpt>
      <trkpt lat="39.72763" lon="-120.79646">
        <ele>1791.0</ele>
      </trkpt>
      <trkpt lat="39.728" lon="-120.79726">
        <ele>1791.0</ele>
      </trkpt>
      <trkpt lat="39.72827" lon="-120.79734">
        <ele>1785.0</ele>
      </trkpt>
      <trkpt lat="39.72833" lon="-120.79719">
        <ele>1785.0</ele>
      </trkpt>
      <trkpt lat="39.72856" lon="-120.79737">
        <ele>1788.0</ele>
      </trkpt>
      <trkpt lat="39.72873" lon="-120.79739">
        <ele>1788.0</ele>
      </trkpt>
      <trkpt lat="39.72906" lon="-120.79769">
        <ele>1788.0</ele>
      </trkpt>
      <trkpt lat="39.72921" lon="-120.79775">
        <ele>1788.0</ele>
      </trkpt>
      <trkpt lat="39.7297" lon="-120.7978">
        <ele>1782.0</ele>
      </trkpt>
      <trkpt lat="39.72984" lon="-120.79791">
        <ele>1782.0</ele>
      </trkpt>
      <trkpt lat="39.73034" lon="-120.79796">
        <ele>1786.0</ele>
      </trkpt>
      <trkpt lat="39.73047" lon="-120.79804">
        <ele>1778.0</ele>
      </trkpt>
      <trkpt lat="39.73049" lon="-120.79822">
        <ele>1785.0</ele>
      </trkpt>
      <trkpt lat="39.73056" lon="-120.79829">
        <ele>1785.0</ele>
      </trkpt>
      <trkpt lat="39.73077" lon="-120.79822">
        <ele>1782.0</ele>
      </trkpt>
      <trkpt lat="39.73108" lon="-120.79835">
        <ele>1772.0</ele>
      </trkpt>
      <trkpt lat="39.73129" lon="-120.79852">
        <ele>1775.0</ele>
      </trkpt>
      <trkpt lat="39.73149" lon="-120.79885">
        <ele>1784.0</ele>
      </trkpt>
      <trkpt lat="39.73209" lon="-120.79952">
        <ele>1769.0</ele>
      </trkpt>
      <trkpt lat="39.73235" lon="-120.7995">
        <ele>1769.0</ele>
      </trkpt>
      <trkpt lat="39.73249" lon="-120.79959">
        <ele>1773.0</ele>
      </trkpt>
      <trkpt lat="39.7327" lon="-120.79987">
        <ele>1774.0</ele>
      </trkpt>
      <trkpt lat="39.73274" lon="-120.80007">
        <ele>1774.0</ele>
      </trkpt>
      <trkpt lat="39.73302" lon="-120.8006">
        <ele>1794.0</ele>
      </trkpt>
      <trkpt lat="39.73308" lon="-120.80081">
        <ele>1817.0</ele>
      </trkpt>
      <trkpt lat="39.73357" lon="-120.80136">
        <ele>1806.0</ele>
      </trkpt>
      <trkpt lat="39.73386" lon="-120.80156">
        <ele>1803.0</ele>
      </trkpt>
      <trkpt lat="39.73416" lon="-120.80169">
        <ele>1788.0</ele>
      </trkpt>
      <trkpt lat="39.73439" lon="-120.80191">
        <ele>1787.0</ele>
      </trkpt>
      <trkpt lat="39.73468" lon="-120.8021">
        <ele>1780.0</ele>
      </trkpt>
      <trkpt lat="39.73488" lon="-120.80243">
        <ele>1788.0</ele>
      </trkpt>
      <trkpt lat="39.73499" lon="-120.80252">
        <ele>1788.0</ele>
      </trkpt>
      <trkpt lat="39.735" lon="-120.80244">
        <ele>1788.0</ele>
      </trkpt>
      <trkpt lat="39.73525" lon="-120.80269">
        <ele>1787.0</ele>
      </trkpt>
      <trkpt lat="39.7354" lon="-120.80275">
        <ele>1787.0</ele>
      </trkpt>
      <trkpt lat="39.73556" lon="-120.80307">
        <ele>1795.0</ele>
      </trkpt>
      <trkpt lat="39.73554" lon="-120.80382">
        <ele>1788.0</ele>
      </trkpt>
      <trkpt lat="39.73545" lon="-120.80441">
        <ele>1774.0</ele>
      </trkpt>
      <trkpt lat="39.73489" lon="-120.80566">
        <ele>1782.0</ele>
      </trkpt>
      <trkpt lat="39.73489" lon="-120.80566">
        <ele>1782.0</ele>
      </trkpt>
      <trkpt lat="39.73486" lon="-120.80573">
        <ele>1786.0</ele>
      </trkpt>
      <trkpt lat="39.73438" lon="-120.80623">
        <ele>1789.0</ele>
      </trkpt>
      <trkpt lat="39.73436" lon="-120.80635">
        <ele>1792.0</ele>
      </trkpt>
      <trkpt lat="39.73465" lon="-120.8066">
        <ele>1790.0</ele>
      </trkpt>
      <trkpt lat="39.73472" lon="-120.80674">
        <ele>1790.0</ele>
      </trkpt>
      <trkpt lat="39.73501" lon="-120.80699">
        <ele>1791.0</ele>
      </trkpt>
      <trkpt lat="39.7351" lon="-120.80714">
        <ele>1794.0</ele>
      </trkpt>
      <trkpt lat="39.73504" lon="-120.80745">
        <ele>1794.0</ele>
      </trkpt>
      <trkpt lat="39.73472" lon="-120.80801">
        <ele>1791.0</ele>
      </trkpt>
      <trkpt lat="39.73432" lon="-120.80859">
        <ele>1794.0</ele>
      </trkpt>
      <trkpt lat="39.73425" lon="-120.80881">
        <ele>1804.0</ele>
      </trkpt>
      <trkpt lat="39.73438" lon="-120.80918">
        <ele>1794.0</ele>
      </trkpt>
      <trkpt lat="39.73443" lon="-120.80951">
        <ele>1790.0</ele>
      </trkpt>
      <trkpt lat="39.73432" lon="-120.80977">
        <ele>1787.0</ele>
      </trkpt>
      <trkpt lat="39.73421" lon="-120.80982">
        <ele>1793.0</ele>
      </trkpt>
      <trkpt lat="39.73369" lon="-120.80967">
        <ele>1800.0</ele>
      </trkpt>
      <trkpt lat="39.7336" lon="-120.80961">
        <ele>1800.0</ele>
      </trkpt>
      <trkpt lat="39.73345" lon="-120.80962">
        <ele>1804.0</ele>
      </trkpt>
      <trkpt lat="39.73336" lon="-120.80979">
        <ele>1804.0</ele>
      </trkpt>
      <trkpt lat="39.73343" lon="-120.80991">
        <ele>1805.0</ele>
      </trkpt>
      <trkpt lat="39.73302" lon="-120.81006">
        <ele>1806.0</ele>
      </trkpt>
      <trkpt lat="39.73302" lon="-120.81036">
        <ele>1813.0</ele>
      </trkpt>
      <trkpt lat="39.7329" lon="-120.81055">
        <ele>1819.0</ele>
      </trkpt>
      <trkpt lat="39.73276" lon="-120.81059">
        <ele>1819.0</ele>
      </trkpt>
      <trkpt lat="39.73268403060445" lon="-120.8106659693956">
        <ele>1819.0</ele>
      </trkpt>
      <trkpt lat="39.73268403062872" lon="-120.8106659693956">
        <ele>1819.0</ele>
      </trkpt>
      <trkpt lat="39.73264" lon="-120.81071">
        <ele>1822.0</ele>
      </trkpt>
      <trkpt lat="39.73264" lon="-120.81093">
        <ele>1822.0</ele>
      </trkpt>
      <trkpt lat="39.73275" lon="-120.81104">
        <ele>1829.0</ele>
      </trkpt>
      <trkpt lat="39.73292" lon="-120.8111">
        <ele>1824.0</ele>
      </trkpt>
      <trkpt lat="39.73293" lon="-120.81125">
        <ele>1824.0</ele>
      </trkpt>
      <trkpt lat="39.73356" lon="-120.81139">
        <ele>1821.0</ele>
      </trkpt>
      <trkpt lat="39.73363" lon="-120.81153">
        <ele>1829.0</ele>
      </trkpt>
      <trkpt lat="39.73377" lon="-120.81165">
        <ele>1825.0</ele>
      </trkpt>
      <trkpt lat="39.7339" lon="-120.81168">
        <ele>1825.0</ele>
      </trkpt>
      <trkpt lat="39.73431" lon="-120.81201">
        <ele>1821.0</ele>
      </trkpt>
      <trkpt lat="39.73422" lon="-120.81219">
        <ele>1843.0</ele>
      </trkpt>
      <trkpt lat="39.73441" lon="-120.81236">
        <ele>1830.0</ele>
      </trkpt>
      <trkpt lat="39.73444" lon="-120.81255">
        <ele>1835.0</ele>
      </trkpt>
      <trkpt lat="39.73475" lon="-120.81309">
        <ele>1821.0</ele>
      </trkpt>
      <trkpt lat="39.7348" lon="-120.81347">
        <ele>1819.0</ele>
      </trkpt>
      <trkpt lat="39.73492" lon="-120.81363">
        <ele>1812.0</ele>
      </trkpt>
      <trkpt lat="39.7355" lon="-120.81394">
        <ele>1817.0</ele>
      </trkpt>
      <trkpt lat="39.73563" lon="-120.81386">
        <ele>1817.0</ele>
      </trkpt>
      <trkpt lat="39.73614" lon="-120.81404">
        <ele>1842.0</ele>
      </trkpt>
      <trkpt lat="39.73612" lon="-120.81415">
        <ele>1842.0</ele>
      </trkpt>
      <trkpt lat="39.73633" lon="-120.81435">
        <ele>1846.0</ele>
      </trkpt>
      <trkpt lat="39.73648" lon="-120.81432">
        <ele>1846.0</ele>
      </trkpt>
      <trkpt lat="39.73667" lon="-120.81453">
        <ele>1849.0</ele>
      </trkpt>
      <trkpt lat="39.73675" lon="-120.81487">
        <ele>1854.0</ele>
      </trkpt>
      <trkpt lat="39.7372" lon="-120.81496">
        <ele>1849.0</ele>
      </trkpt>
      <trkpt lat="39.73757" lon="-120.81472">
        <ele>1837.0</ele>
      </trkpt>
      <trkpt lat="39.73781" lon="-120.81481">
        <ele>1840.0</ele>
      </trkpt>
      <trkpt lat="39.73781167291069" lon="-120.8148079096045">
        <ele>1840.0</ele>
      </trkpt>
      <trkpt lat="39.73781167291069" lon="-120.8148079096045">
        <ele>1840.0</ele>
      </trkpt>
      <trkpt lat="39.73793" lon="-120.81466">
        <ele>1846.0</ele>
      </trkpt>
      <trkpt lat="39.73814" lon="-120.8146">
        <ele>1846.0</ele>
      </trkpt>
      <trkpt lat="39.73854" lon="-120.81437">
        <ele>1864.0</ele>
      </trkpt>
      <trkpt lat="39.73886" lon="-120.81395">
        <ele>1869.0</ele>
      </trkpt>
      <trkpt lat="39.73918" lon="-120.81395">
        <ele>1864.0</ele>
      </trkpt>
      <trkpt lat="39.73922" lon="-120.81375">
        <ele>1864.0</ele>
      </trkpt>
      <trkpt lat="39.7393" lon="-120.81365">
        <ele>1864.0</ele>
      </trkpt>
      <trkpt lat="39.73928" lon="-120.81375">
        <ele>1864.0</ele>
      </trkpt>
      <trkpt lat="39.73934" lon="-120.81386">
        <ele>1858.0</ele>
      </trkpt>
      <trkpt lat="39.73958" lon="-120.81372">
        <ele>1861.0</ele>
      </trkpt>
      <trkpt lat="39.73964" lon="-120.81376">
        <ele>1857.0</ele>
      </trkpt>
      <trkpt lat="39.73988" lon="-120.81366">
        <ele>1863.0</ele>
      </trkpt>
      <trkpt lat="39.74016" lon="-120.81381">
        <ele>1861.0</ele>
      </trkpt>
      <trkpt lat="39.74044" lon="-120.81379">
        <ele>1867.0</ele>
      </trkpt>
      <trkpt lat="39.74081" lon="-120.81413">
        <ele>1873.0</ele>
      </trkpt>
      <trkpt lat="39.74081" lon="-120.81437">
        <ele>1868.0</ele>
      </trkpt>
      <trkpt lat="39.74069" lon="-120.81467">
        <ele>1860.0</ele>
      </trkpt>
      <trkpt lat="39.7407" lon="-120.81483">
        <ele>1868.0</ele>
      </trkpt>
      <trkpt lat="39.74099" lon="-120.81546">
        <ele>1866.0</ele>
      </trkpt>
      <trkpt lat="39.74099" lon="-120.81546">
        <ele>1866.0</ele>
      </trkpt>
      <trkpt lat="39.7412" lon="-120.81563">
        <ele>1866.0</ele>
      </trkpt>
      <trkpt lat="39.74144" lon="-120.8157">
        <ele>1860.0</ele>
      </trkpt>
      <trkpt lat="39.74166" lon="-120.81533">
        <ele>1889.0</ele>
      </trkpt>
      <trkpt lat="39.74237" lon="-120.81532">
        <ele>1901.0</ele>
      </trkpt>
      <trkpt lat="39.74273" lon="-120.8149">
        <ele>1909.0</ele>
      </trkpt>
      <trkpt lat="39.74293" lon="-120.8149">
        <ele>1909.0</ele>
      </trkpt>
      <trkpt lat="39.7431" lon="-120.81499">
        <ele>1909.0</ele>
      </trkpt>
      <trkpt lat="39.74323" lon="-120.815">
        <ele>1915.0</ele>
      </trkpt>
      <trkpt lat="39.74378" lon="-120.81548">
        <ele>1928.0</ele>
      </trkpt>
      <trkpt lat="39.744" lon="-120.81587">
        <ele>1921.0</ele>
      </trkpt>
      <trkpt lat="39.74403" lon="-120.81622">
        <ele>1934.0</ele>
      </trkpt>
      <trkpt lat="39.74422" lon="-120.81644">
        <ele>1929.0</ele>
      </trkpt>
      <trkpt lat="39.74442" lon="-120.81656">
        <ele>1938.0</ele>
      </trkpt>
      <trkpt lat="39.7444" lon="-120.81696">
        <ele>1941.0</ele>
      </trkpt>
      <trkpt lat="39.74457" lon="-120.81771">
        <ele>1950.0</ele>
      </trkpt>
      <trkpt lat="39.74466" lon="-120.8184">
        <ele>1968.0</ele>
      </trkpt>
      <trkpt lat="39.74462" lon="-120.81873">
        <ele>1972.0</ele>
      </trkpt>
      <trkpt lat="39.74443" lon="-120.81933">
        <ele>1984.0</ele>
      </trkpt>
      <trkpt lat="39.74419" lon="-120.81955">
        <ele>1985.0</ele>
      </trkpt>
      <trkpt lat="39.74417741000119" lon="-120.8195867208299">
        <ele>1990.0</ele>
      </trkpt>
      <trkpt lat="39.74417741001101" lon="-120.8195867208299">
        <ele>1990.0</ele>
      </trkpt>
      <trkpt lat="39.74407" lon="-120.8199">
        <ele>1988.0</ele>
      </trkpt>
      <trkpt lat="39.74402" lon="-120.82076">
        <ele>1994.0</ele>
      </trkpt>
      <trkpt lat="39.74411" lon="-120.82113">
        <ele>1992.0</ele>
      </trkpt>
      <trkpt lat="39.74436" lon="-120.82184">
        <ele>1994.0</ele>
      </trkpt>
      <trkpt lat="39.74487" lon="-120.82201">
        <ele>1973.0</ele>
      </trkpt>
      <trkpt lat="39.74568" lon="-120.82257">
        <ele>1972.0</ele>
      </trkpt>
      <trkpt lat="39.74607" lon="-120.82279">
        <ele>1958.0</ele>
      </trkpt>
      <trkpt lat="39.74607" lon="-120.82279">
        <ele>1958.0</ele>
      </trkpt>
      <trkpt lat="39.74629" lon="-120.82296">
        <ele>1962.0</ele>
      </trkpt>
      <trkpt lat="39.74657" lon="-120.82312">
        <ele>1961.0</ele>
      </trkpt>
      <trkpt lat="39.74659" lon="-120.82328">
        <ele>1965.0</ele>
      </trkpt>
      <trkpt lat="39.74644" lon="-120.82381">
        <ele>1974.0</ele>
      </trkpt>
      <trkpt lat="39.74627" lon="-120.82414">
        <ele>1971.0</ele>
      </trkpt>
      <trkpt lat="39.74616" lon="-120.82454">
        <ele>1985.0</ele>
      </trkpt>
      <trkpt lat="39.74592" lon="-120.82488">
        <ele>1990.0</ele>
      </trkpt>
      <trkpt lat="39.74602" lon="-120.82529">
        <ele>1974.0</ele>
      </trkpt>
      <trkpt lat="39.746" lon="-120.82544">
        <ele>1969.0</ele>
      </trkpt>
      <trkpt lat="39.74583" lon="-120.82569">
        <ele>1979.0</ele>
      </trkpt>
      <trkpt lat="39.7456" lon="-120.82585">
        <ele>1979.0</ele>
      </trkpt>
      <trkpt lat="39.74547" lon="-120.82613">
        <ele>1975.0</ele>
      </trkpt>
      <trkpt lat="39.74554" lon="-120.82653">
        <ele>1975.0</ele>
      </trkpt>
      <trkpt lat="39.74564" lon="-120.82663">
        <ele>1975.0</ele>
      </trkpt>
      <trkpt lat="39.74577" lon="-120.82662">
        <ele>1970.0</ele>
      </trkpt>
      <trkpt lat="39.74589" lon="-120.8266">
        <ele>1970.0</ele>
      </trkpt>
      <trkpt lat="39.74617" lon="-120.82641">
        <ele>1968.0</ele>
      </trkpt>
      <trkpt lat="39.74656" lon="-120.82639">
        <ele>1967.0</ele>
      </trkpt>
      <trkpt lat="39.74683" lon="-120.8263">
        <ele>1962.0</ele>
      </trkpt>
      <trkpt lat="39.747" lon="-120.82635">
        <ele>1962.0</ele>
      </trkpt>
      <trkpt lat="39.74759" lon="-120.82634">
        <ele>1954.0</ele>
      </trkpt>
      <trkpt lat="39.7478" lon="-120.82651">
        <ele>1954.0</ele>
      </trkpt>
      <trkpt lat="39.7481" lon="-120.82699">
        <ele>1958.0</ele>
      </trkpt>
      <trkpt lat="39.74812" lon="-120.82764">
        <ele>1957.0</ele>
      </trkpt>
      <trkpt lat="39.74812" lon="-120.82764">
        <ele>1957.0</ele>
      </trkpt>
      <trkpt lat="39.74804" lon="-120.82795">
        <ele>1961.0</ele>
      </trkpt>
      <trkpt lat="39.74811" lon="-120.82825">
        <ele>1962.0</ele>
      </trkpt>
      <trkpt lat="39.74796" lon="-120.82848">
        <ele>1960.0</ele>
      </trkpt>
      <trkpt lat="39.74797" lon="-120.82901">
        <ele>1955.0</ele>
      </trkpt>
      <trkpt lat="39.74802" lon="-120.8292">
        <ele>1948.0</ele>
      </trkpt>
      <trkpt lat="39.74804" lon="-120.82954">
        <ele>1940.0</ele>
      </trkpt>
      <trkpt lat="39.74822" lon="-120.82882">
        <ele>1941.0</ele>
      </trkpt>
      <trkpt lat="39.74829" lon="-120.82954">
        <ele>1929.0</ele>
      </trkpt>
      <trkpt lat="39.74822" lon="-120.82972">
        <ele>1922.0</ele>
      </trkpt>
      <trkpt lat="39.74823" lon="-120.83008">
        <ele>1920.0</ele>
      </trkpt>
      <trkpt lat="39.74808" lon="-120.83073">
        <ele>1931.0</ele>
      </trkpt>
      <trkpt lat="39.74808" lon="-120.83104">
        <ele>1928.0</ele>
      </trkpt>
      <trkpt lat="39.74796" lon="-120.83146">
        <ele>1926.0</ele>
      </trkpt>
      <trkpt lat="39.74795" lon="-120.83177">
        <ele>1923.0</ele>
      </trkpt>
      <trkpt lat="39.74789" lon="-120.83184">
        <ele>1940.0</ele>
      </trkpt>
      <trkpt lat="39.74776" lon="-120.83225">
        <ele>1940.0</ele>
      </trkpt>
      <trkpt lat="39.74753" lon="-120.83259">
        <ele>1957.0</ele>
      </trkpt>
      <trkpt lat="39.74748" lon="-120.83296">
        <ele>1965.0</ele>
      </trkpt>
      <trkpt lat="39.74752" lon="-120.83306">
        <ele>1965.0</ele>
      </trkpt>
      <trkpt lat="39.74751" lon="-120.83335">
        <ele>1970.0</ele>
      </trkpt>
      <trkpt lat="39.74746" lon="-120.83361">
        <ele>1970.0</ele>
      </trkpt>
      <trkpt lat="39.7475" lon="-120.83376">
        <ele>1970.0</ele>
      </trkpt>
      <trkpt lat="39.74767" lon="-120.83404">
        <ele>1956.0</ele>
      </trkpt>
      <trkpt lat="39.74782" lon="-120.83502">
        <ele>1967.0</ele>
      </trkpt>
      <trkpt lat="39.74793" lon="-120.83512">
        <ele>1956.0</ele>
      </trkpt>
      <trkpt lat="39.74797" lon="-120.83542">
        <ele>1965.0</ele>
      </trkpt>
      <trkpt lat="39.74787" lon="-120.83578">
        <ele>1983.0</ele>
      </trkpt>
      <trkpt lat="39.748" lon="-120.83591">
        <ele>1973.0</ele>
      </trkpt>
      <trkpt lat="39.74812" lon="-120.83616">
        <ele>1983.0</ele>
      </trkpt>
      <trkpt lat="39.74836" lon="-120.83643">
        <ele>1988.0</ele>
      </trkpt>
      <trkpt lat="39.7485" lon="-120.83649">
        <ele>1987.0</ele>
      </trkpt>
      <trkpt lat="39.74862" lon="-120.83667">
        <ele>1989.0</ele>
      </trkpt>
      <trkpt lat="39.74839" lon="-120.83686">
        <ele>1995.0</ele>
      </trkpt>
      <trkpt lat="39.74832" lon="-120.83701">
        <ele>1995.0</ele>
      </trkpt>
      <trkpt lat="39.74818" lon="-120.83713">
        <ele>2006.0</ele>
      </trkpt>
      <trkpt lat="39.74807" lon="-120.8374">
        <ele>2006.0</ele>
      </trkpt>
      <trkpt lat="39.748" lon="-120.83769">
        <ele>2011.0</ele>
      </trkpt>
      <trkpt lat="39.74801" lon="-120.83805">
        <ele>2012.0</ele>
      </trkpt>
      <trkpt lat="39.74794" lon="-120.83846">
        <ele>2012.0</ele>
      </trkpt>
      <trkpt lat="39.74799" lon="-120.83858">
        <ele>2012.0</ele>
      </trkpt>
      <trkpt lat="39.74799" lon="-120.83892">
        <ele>2015.0</ele>
      </trkpt>
      <trkpt lat="39.74799541511619" lon="-120.8389326352711">
        <ele>2015.0</ele>
      </trkpt>
      <trkpt lat="39.74799541512662" lon="-120.8389326352711">
        <ele>2015.0</ele>
      </trkpt>
      <trkpt lat="39.74826" lon="-120.83955">
        <ele>2019.0</ele>
      </trkpt>
      <trkpt lat="39.74864" lon="-120.84006">
        <ele>2028.0</ele>
      </trkpt>
      <trkpt lat="39.7488" lon="-120.84019">
        <ele>2035.0</ele>
      </trkpt>
      <trkpt lat="39.74925" lon="-120.8404">
        <ele>2030.0</ele>
      </trkpt>
      <trkpt lat="39.74999" lon="-120.84093">
        <ele>2037.0</ele>
      </trkpt>
      <trkpt lat="39.75024" lon="-120.84103">
        <ele>2043.0</ele>
      </trkpt>
      <trkpt lat="39.75115" lon="-120.84201">
        <ele>2052.0</ele>
      </trkpt>
      <trkpt lat="39.75111134940566" lon="-120.8421388363848">
        <ele>2055.0</ele>
      </trkpt>
      <trkpt lat="39.75111134940566" lon="-120.8421388363848">
        <ele>2055.0</ele>
      </trkpt>
      <trkpt lat="39.751" lon="-120.84251">
        <ele>2059.0</ele>
      </trkpt>
      <trkpt lat="39.7507" lon="-120.84302">
        <ele>2064.0</ele>
      </trkpt>
      <trkpt lat="39.75065" lon="-120.8432">
        <ele>2060.0</ele>
      </trkpt>
      <trkpt lat="39.75077" lon="-120.84434">
        <ele>2055.0</ele>
      </trkpt>
      <trkpt lat="39.75092" lon="-120.84483">
        <ele>2052.0</ele>
      </trkpt>
      <trkpt lat="39.75108" lon="-120.8451">
        <ele>2056.0</ele>
      </trkpt>
      <trkpt lat="39.75141" lon="-120.84541">
        <ele>2058.0</ele>
      </trkpt>
      <trkpt lat="39.75186" lon="-120.8456">
        <ele>2074.0</ele>
      </trkpt>
      <trkpt lat="39.75286" lon="-120.84544">
        <ele>2081.0</ele>
      </trkpt>
      <trkpt lat="39.75328" lon="-120.84518">
        <ele>2089.0</ele>
      </trkpt>
      <trkpt lat="39.7538" lon="-120.8451">
        <ele>2091.0</ele>
      </trkpt>
      <trkpt lat="39.75412" lon="-120.84517">
        <ele>2086.0</ele>
      </trkpt>
      <trkpt lat="39.75453" lon="-120.84543">
        <ele>2085.0</ele>
      </trkpt>
      <trkpt lat="39.75479" lon="-120.8454">
        <ele>2096.0</ele>
      </trkpt>
      <trkpt lat="39.75527" lon="-120.84546">
        <ele>2097.0</ele>
      </trkpt>
      <trkpt lat="39.7559" lon="-120.84572">
        <ele>2107.0</ele>
      </trkpt>
      <trkpt lat="39.75647" lon="-120.84582">
        <ele>2109.0</ele>
      </trkpt>
      <trkpt lat="39.75673" lon="-120.846">
        <ele>2108.0</ele>
      </trkpt>
      <trkpt lat="39.75736" lon="-120.84685">
        <ele>2109.0</ele>
      </trkpt>
      <trkpt lat="39.75781" lon="-120.84772">
        <ele>2120.0</ele>
      </trkpt>
      <trkpt lat="39.75788" lon="-120.84791">
        <ele>2120.0</ele>
      </trkpt>
      <trkpt lat="39.75788" lon="-120.84791">
        <ele>2120.0</ele>
      </trkpt>
      <trkpt lat="39.75795" lon="-120.84808">
        <ele>2130.0</ele>
      </trkpt>
      <trkpt lat="39.75796187071751" lon="-120.8484479922427">
        <ele>2133.0</ele>
      </trkpt>
      <trkpt lat="39.75796187071819" lon="-120.8484479922426">
        <ele>2133.0</ele>
      </trkpt>
      <trkpt lat="39.75797" lon="-120.8487">
        <ele>2132.0</ele>
      </trkpt>
      <trkpt lat="39.7582" lon="-120.84936">
        <ele>2127.0</ele>
      </trkpt>
      <trkpt lat="39.75823" lon="-120.84961">
        <ele>2124.0</ele>
      </trkpt>
      <trkpt lat="39.75823" lon="-120.84961">
        <ele>2124.0</ele>
      </trkpt>
      <trkpt lat="39.7583" lon="-120.85018">
        <ele>2119.0</ele>
      </trkpt>
      <trkpt lat="39.75843" lon="-120.85078">
        <ele>2119.0</ele>
      </trkpt>
      <trkpt lat="39.75846" lon="-120.85117">
        <ele>2118.0</ele>
      </trkpt>
      <trkpt lat="39.75843" lon="-120.85138">
        <ele>2113.0</ele>
      </trkpt>
      <trkpt lat="39.75844" lon="-120.85178">
        <ele>2107.0</ele>
      </trkpt>
      <trkpt lat="39.75862" lon="-120.853">
        <ele>2110.0</ele>
      </trkpt>
      <trkpt lat="39.75859" lon="-120.85341">
        <ele>2106.0</ele>
      </trkpt>
      <trkpt lat="39.75863" lon="-120.85386">
        <ele>2102.0</ele>
      </trkpt>
      <trkpt lat="39.75878" lon="-120.85489">
        <ele>2098.0</ele>
      </trkpt>
      <trkpt lat="39.75894" lon="-120.85522">
        <ele>2095.0</ele>
      </trkpt>
      <trkpt lat="39.75906" lon="-120.85536">
        <ele>2104.0</ele>
      </trkpt>
      <trkpt lat="39.76022" lon="-120.85569">
        <ele>2091.0</ele>
      </trkpt>
      <trkpt lat="39.76055" lon="-120.85576">
        <ele>2081.0</ele>
      </trkpt>
      <trkpt lat="39.76087" lon="-120.8556">
        <ele>2092.0</ele>
      </trkpt>
      <trkpt lat="39.76154" lon="-120.8558">
        <ele>2073.0</ele>
      </trkpt>
      <trkpt lat="39.76218" lon="-120.8563">
        <ele>2052.0</ele>
      </trkpt>
      <trkpt lat="39.76248" lon="-120.8564">
        <ele>2060.0</ele>
      </trkpt>
      <trkpt lat="39.76272" lon="-120.85665">
        <ele>2053.0</ele>
      </trkpt>
      <trkpt lat="39.7628" lon="-120.85658">
        <ele>2053.0</ele>
      </trkpt>
      <trkpt lat="39.76313" lon="-120.85687">
        <ele>2050.0</ele>
      </trkpt>
      <trkpt lat="39.76382" lon="-120.85737">
        <ele>2051.0</ele>
      </trkpt>
      <trkpt lat="39.76414" lon="-120.85752">
        <ele>2050.0</ele>
      </trkpt>
      <trkpt lat="39.76463" lon="-120.85762">
        <ele>2046.0</ele>
      </trkpt>
      <trkpt lat="39.76493" lon="-120.85776">
        <ele>2042.0</ele>
      </trkpt>
      <trkpt lat="39.76524" lon="-120.85779">
        <ele>2039.0</ele>
      </trkpt>
      <trkpt lat="39.7654" lon="-120.85775">
        <ele>2039.0</ele>
      </trkpt>
      <trkpt lat="39.76585" lon="-120.85782">
        <ele>2034.0</ele>
      </trkpt>
      <trkpt lat="39.7661" lon="-120.85804">
        <ele>2039.0</ele>
      </trkpt>
      <trkpt lat="39.76644" lon="-120.85822">
        <ele>2034.0</ele>
      </trkpt>
      <trkpt lat="39.76672" lon="-120.85826">
        <ele>2028.0</ele>
      </trkpt>
      <trkpt lat="39.76716" lon="-120.85837">
        <ele>2027.0</ele>
      </trkpt>
      <trkpt lat="39.76716" lon="-120.85837">
        <ele>2027.0</ele>
      </trkpt>
      <trkpt lat="39.7673" lon="-120.8586">
        <ele>2021.0</ele>
      </trkpt>
      <trkpt lat="39.7673" lon="-120.8586">
        <ele>2021.0</ele>
      </trkpt>
      <trkpt lat="39.7673" lon="-120.8586">
        <ele>2021.0</ele>
      </trkpt>
      <trkpt lat="39.76743" lon="-120.8589">
        <ele>2034.0</ele>
      </trkpt>
      <trkpt lat="39.7677" lon="-120.85922">
        <ele>2038.0</ele>
      </trkpt>
      <trkpt lat="39.76823" lon="-120.85957">
        <ele>2035.0</ele>
      </trkpt>
      <trkpt lat="39.76835989528534" lon="-120.8597481896863">
        <ele>2030.0</ele>
      </trkpt>
      <trkpt lat="39.76835989589866" lon="-120.8597481896863">
        <ele>2030.0</ele>
      </trkpt>
      <trkpt lat="39.76901" lon="-120.86064">
        <ele>2024.0</ele>
      </trkpt>
      <trkpt lat="39.76927" lon="-120.86084">
        <ele>2025.0</ele>
      </trkpt>
      <trkpt lat="39.76934" lon="-120.86097">
        <ele>2047.0</ele>
      </trkpt>
      <trkpt lat="39.76946" lon="-120.86105">
        <ele>2026.0</ele>
      </trkpt>
      <trkpt lat="39.76967" lon="-120.86133">
        <ele>2040.0</ele>
      </trkpt>
      <trkpt lat="39.76981" lon="-120.86141">
        <ele>2040.0</ele>
      </trkpt>
      <trkpt lat="39.77002" lon="-120.86174">
        <ele>2051.0</ele>
      </trkpt>
      <trkpt lat="39.77031" lon="-120.86199">
        <ele>2062.0</ele>
      </trkpt>
      <trkpt lat="39.77037" lon="-120.86215">
        <ele>2058.0</ele>
      </trkpt>
      <trkpt lat="39.77059" lon="-120.86245">
        <ele>2068.0</ele>
      </trkpt>
      <trkpt lat="39.7708" lon="-120.8632">
        <ele>2038.0</ele>
      </trkpt>
      <trkpt lat="39.77114" lon="-120.86368">
        <ele>2034.0</ele>
      </trkpt>
      <trkpt lat="39.77169" lon="-120.8641">
        <ele>2016.0</ele>
      </trkpt>
      <trkpt lat="39.77201" lon="-120.86428">
        <ele>2023.0</ele>
      </trkpt>
      <trkpt lat="39.77241" lon="-120.86462">
        <ele>2052.0</ele>
      </trkpt>
      <trkpt lat="39.77296" lon="-120.86477">
        <ele>2050.0</ele>
      </trkpt>
      <trkpt lat="39.77378" lon="-120.86519">
        <ele>2031.0</ele>
      </trkpt>
      <trkpt lat="39.77408" lon="-120.86575">
        <ele>2044.0</ele>
      </trkpt>
      <trkpt lat="39.77408" lon="-120.86645">
        <ele>2052.0</ele>
      </trkpt>
      <trkpt lat="39.77403" lon="-120.86665">
        <ele>2052.0</ele>
      </trkpt>
      <trkpt lat="39.77418" lon="-120.86753">
        <ele>2051.0</ele>
      </trkpt>
      <trkpt lat="39.77427" lon="-120.86841">
        <ele>2055.0</ele>
      </trkpt>
      <trkpt lat="39.77416" lon="-120.86949">
        <ele>2065.0</ele>
      </trkpt>
      <trkpt lat="39.77428" lon="-120.8702">
        <ele>2064.0</ele>
      </trkpt>
      <trkpt lat="39.77441" lon="-120.87059">
        <ele>2076.0</ele>
      </trkpt>
      <trkpt lat="39.77439" lon="-120.87077">
        <ele>2078.0</ele>
      </trkpt>
      <trkpt lat="39.77449" lon="-120.87116">
        <ele>2078.0</ele>
      </trkpt>
      <trkpt lat="39.7744" lon="-120.87158">
        <ele>2079.0</ele>
      </trkpt>
      <trkpt lat="39.7744" lon="-120.87158">
        <ele>2079.0</ele>
      </trkpt>
      <trkpt lat="39.77435" lon="-120.87182">
        <ele>2085.0</ele>
      </trkpt>
      <trkpt lat="39.77416" lon="-120.87234">
        <ele>2090.0</ele>
      </trkpt>
      <trkpt lat="39.77395" lon="-120.87265">
        <ele>2094.0</ele>
      </trkpt>
      <trkpt lat="39.77391" lon="-120.87285">
        <ele>2094.0</ele>
      </trkpt>
      <trkpt lat="39.77402" lon="-120.87337">
        <ele>2092.0</ele>
      </trkpt>
      <trkpt lat="39.77416" lon="-120.87447">
        <ele>2104.0</ele>
      </trkpt>
      <trkpt lat="39.7742" lon="-120.87463">
        <ele>2104.0</ele>
      </trkpt>
      <trkpt lat="39.7743" lon="-120.87477">
        <ele>2104.0</ele>
      </trkpt>
      <trkpt lat="39.77477" lon="-120.87509">
        <ele>2112.0</ele>
      </trkpt>
      <trkpt lat="39.77477" lon="-120.87509">
        <ele>2112.0</ele>
      </trkpt>
      <trkpt lat="39.7749" lon="-120.87517">
        <ele>2108.0</ele>
      </trkpt>
      <trkpt lat="39.77505" lon="-120.87519">
        <ele>2108.0</ele>
      </trkpt>
      <trkpt lat="39.7756" lon="-120.87507">
        <ele>2122.0</ele>
      </trkpt>
      <trkpt lat="39.77603" lon="-120.87488">
        <ele>2120.0</ele>
      </trkpt>
      <trkpt lat="39.77647" lon="-120.87478">
        <ele>2130.0</ele>
      </trkpt>
      <trkpt lat="39.77656" lon="-120.87467">
        <ele>2133.0</ele>
      </trkpt>
      <trkpt lat="39.7766" lon="-120.87445">
        <ele>2134.0</ele>
      </trkpt>
      <trkpt lat="39.77638" lon="-120.87332">
        <ele>2135.0</ele>
      </trkpt>
      <trkpt lat="39.77655" lon="-120.87306">
        <ele>2134.0</ele>
      </trkpt>
      <trkpt lat="39.77663" lon="-120.87284">
        <ele>2137.0</ele>
      </trkpt>
      <trkpt lat="39.77697" lon="-120.8725">
        <ele>2135.0</ele>
      </trkpt>
      <trkpt lat="39.77746" lon="-120.87188">
        <ele>2127.0</ele>
      </trkpt>
      <trkpt lat="39.7776543868523" lon="-120.8717180109564">
        <ele>2129.0</ele>
      </trkpt>
      <trkpt lat="39.77765438708618" lon="-120.8717180109564">
        <ele>2129.0</ele>
      </trkpt>
      <trkpt lat="39.77782" lon="-120.87158">
        <ele>2129.0</ele>
      </trkpt>
      <trkpt lat="39.77782" lon="-120.87158">
        <ele>2129.0</ele>
      </trkpt>
      <trkpt lat="39.77837" lon="-120.87092">
        <ele>2130.0</ele>
      </trkpt>
      <trkpt lat="39.77882" lon="-120.87076">
        <ele>2114.0</ele>
      </trkpt>
      <trkpt lat="39.77914" lon="-120.87083">
        <ele>2112.0</ele>
      </trkpt>
      <trkpt lat="39.7795" lon="-120.87121">
        <ele>2107.0</ele>
      </trkpt>
      <trkpt lat="39.77984" lon="-120.87132">
        <ele>2100.0</ele>
      </trkpt>
      <trkpt lat="39.78029" lon="-120.87132">
        <ele>2099.0</ele>
      </trkpt>
      <trkpt lat="39.78042" lon="-120.8714">
        <ele>2100.0</ele>
      </trkpt>
      <trkpt lat="39.78054" lon="-120.87158">
        <ele>2092.0</ele>
      </trkpt>
      <trkpt lat="39.78054" lon="-120.87158">
        <ele>2092.0</ele>
      </trkpt>
      <trkpt lat="39.78072" lon="-120.87187">
        <ele>2087.0</ele>
      </trkpt>
      <trkpt lat="39.78101" lon="-120.87204">
        <ele>2107.0</ele>
      </trkpt>
      <trkpt lat="39.78121" lon="-120.87237">
        <ele>2087.0</ele>
      </trkpt>
      <trkpt lat="39.78137" lon="-120.87246">
        <ele>2101.0</ele>
      </trkpt>
      <trkpt lat="39.78161" lon="-120.87276">
        <ele>2097.0</ele>
      </trkpt>
      <trkpt lat="39.78174" lon="-120.87319">
        <ele>2085.0</ele>
      </trkpt>
      <trkpt lat="39.78183" lon="-120.87333">
        <ele>2090.0</ele>
      </trkpt>
      <trkpt lat="39.78237" lon="-120.8739">
        <ele>2079.0</ele>
      </trkpt>
      <trkpt lat="39.78261" lon="-120.87423">
        <ele>2070.0</ele>
      </trkpt>
      <trkpt lat="39.78307" lon="-120.87457">
        <ele>2065.0</ele>
      </trkpt>
      <trkpt lat="39.78358" lon="-120.87512">
        <ele>2069.0</ele>
      </trkpt>
      <trkpt lat="39.78379" lon="-120.87501">
        <ele>2070.0</ele>
      </trkpt>
      <trkpt lat="39.78393" lon="-120.87509">
        <ele>2070.0</ele>
      </trkpt>
      <trkpt lat="39.78433" lon="-120.87515">
        <ele>2065.0</ele>
      </trkpt>
      <trkpt lat="39.78437" lon="-120.87528">
        <ele>2065.0</ele>
      </trkpt>
      <trkpt lat="39.78461" lon="-120.87554">
        <ele>2057.0</ele>
      </trkpt>
      <trkpt lat="39.78517" lon="-120.8756">
        <ele>2065.0</ele>
      </trkpt>
      <trkpt lat="39.78575" lon="-120.87602">
        <ele>2047.0</ele>
      </trkpt>
      <trkpt lat="39.78608" lon="-120.87617">
        <ele>2047.0</ele>
      </trkpt>
      <trkpt lat="39.78610790589278" lon="-120.8762230211963">
        <ele>2047.0</ele>
      </trkpt>
      <trkpt lat="39.78610790590744" lon="-120.8762230211963">
        <ele>2047.0</ele>
      </trkpt>
      <trkpt lat="39.78618" lon="-120.87636">
        <ele>2044.0</ele>
      </trkpt>
      <trkpt lat="39.78634" lon="-120.87644">
        <ele>2045.0</ele>
      </trkpt>
      <trkpt lat="39.78655" lon="-120.87663">
        <ele>2043.0</ele>
      </trkpt>
      <trkpt lat="39.78667787093337" lon="-120.8769982682649">
        <ele>2041.0</ele>
      </trkpt>
      <trkpt lat="39.78667787093337" lon="-120.8769982682649">
        <ele>2041.0</ele>
      </trkpt>
      <trkpt lat="39.7868" lon="-120.87735">
        <ele>2040.0</ele>
      </trkpt>
      <trkpt lat="39.78691" lon="-120.8774">
        <ele>2039.0</ele>
      </trkpt>
      <trkpt lat="39.78697" lon="-120.87735">
        <ele>2038.0</ele>
      </trkpt>
      <trkpt lat="39.7872" lon="-120.87761">
        <ele>2037.0</ele>
      </trkpt>
      <trkpt lat="39.78733" lon="-120.87796">
        <ele>2039.0</ele>
      </trkpt>
      <trkpt lat="39.78735" lon="-120.87837">
        <ele>2039.0</ele>
      </trkpt>
      <trkpt lat="39.78719" lon="-120.87891">
        <ele>2036.0</ele>
      </trkpt>
      <trkpt lat="39.78697" lon="-120.87922">
        <ele>2034.0</ele>
      </trkpt>
      <trkpt lat="39.78676" lon="-120.87978">
        <ele>2033.0</ele>
      </trkpt>
      <trkpt lat="39.78672" lon="-120.88057">
        <ele>2032.0</ele>
      </trkpt>
      <trkpt lat="39.78664" lon="-120.88073">
        <ele>2035.0</ele>
      </trkpt>
      <trkpt lat="39.78613018049595" lon="-120.8812970441423">
        <ele>2028.0</ele>
      </trkpt>
      <trkpt lat="39.78613018223795" lon="-120.8812970441422">
        <ele>2028.0</ele>
      </trkpt>
      <trkpt lat="39.78566" lon="-120.88182">
        <ele>2020.0</ele>
      </trkpt>
      <trkpt lat="39.78526" lon="-120.88247">
        <ele>2028.0</ele>
      </trkpt>
      <trkpt lat="39.78465" lon="-120.88424">
        <ele>2015.0</ele>
      </trkpt>
      <trkpt lat="39.78421" lon="-120.88527">
        <ele>2011.0</ele>
      </trkpt>
      <trkpt lat="39.78409" lon="-120.88635">
        <ele>2002.0</ele>
      </trkpt>
      <trkpt lat="39.78384" lon="-120.8868">
        <ele>1994.0</ele>
      </trkpt>
      <trkpt lat="39.78369" lon="-120.88719">
        <ele>1988.0</ele>
      </trkpt>
      <trkpt lat="39.7833" lon="-120.88755">
        <ele>1987.0</ele>
      </trkpt>
      <trkpt lat="39.78284" lon="-120.88818">
        <ele>1988.0</ele>
      </trkpt>
      <trkpt lat="39.78246" lon="-120.88944">
        <ele>1981.0</ele>
      </trkpt>
      <trkpt lat="39.78233" lon="-120.88976">
        <ele>1979.0</ele>
      </trkpt>
      <trkpt lat="39.7823" lon="-120.89073">
        <ele>1972.0</ele>
      </trkpt>
      <trkpt lat="39.78238" lon="-120.89113">
        <ele>1973.0</ele>
      </trkpt>
      <trkpt lat="39.78238" lon="-120.89129">
        <ele>1972.0</ele>
      </trkpt>
      <trkpt lat="39.7823" lon="-120.89162">
        <ele>1969.0</ele>
      </trkpt>
      <trkpt lat="39.7823" lon="-120.89162">
        <ele>1969.0</ele>
      </trkpt>
      <trkpt lat="39.78222" lon="-120.89204">
        <ele>1971.0</ele>
      </trkpt>
      <trkpt lat="39.78212" lon="-120.89218">
        <ele>1975.0</ele>
      </trkpt>
      <trkpt lat="39.78169" lon="-120.89248">
        <ele>1977.0</ele>
      </trkpt>
      <trkpt lat="39.78139" lon="-120.89277">
        <ele>1981.0</ele>
      </trkpt>
      <trkpt lat="39.78139" lon="-120.89277">
        <ele>1981.0</ele>
      </trkpt>
      <trkpt lat="39.78119" lon="-120.89328">
        <ele>1984.0</ele>
      </trkpt>
      <trkpt lat="39.78121" lon="-120.89355">
        <ele>1988.0</ele>
      </trkpt>
      <trkpt lat="39.78121" lon="-120.89355">
        <ele>1988.0</ele>
      </trkpt>
      <trkpt lat="39.78123" lon="-120.89402">
        <ele>1992.0</ele>
      </trkpt>
      <trkpt lat="39.78097" lon="-120.89449">
        <ele>1999.0</ele>
      </trkpt>
      <trkpt lat="39.78044" lon="-120.89469">
        <ele>2004.0</ele>
      </trkpt>
      <trkpt lat="39.78022233136378" lon="-120.8951403489025">
        <ele>2011.0</ele>
      </trkpt>
      <trkpt lat="39.78022233147818" lon="-120.8951403489025">
        <ele>2011.0</ele>
      </trkpt>
      <trkpt lat="39.78015" lon="-120.89529">
        <ele>2011.0</ele>
      </trkpt>
      <trkpt lat="39.78007" lon="-120.89569">
        <ele>2008.0</ele>
      </trkpt>
      <trkpt lat="39.78" lon="-120.89635">
        <ele>2022.0</ele>
      </trkpt>
      <trkpt lat="39.77994" lon="-120.8965">
        <ele>2022.0</ele>
      </trkpt>
      <trkpt lat="39.78003" lon="-120.89714">
        <ele>2026.0</ele>
      </trkpt>
      <trkpt lat="39.77989" lon="-120.89838">
        <ele>2015.0</ele>
      </trkpt>
      <trkpt lat="39.77995" lon="-120.89884">
        <ele>2004.0</ele>
      </trkpt>
      <trkpt lat="39.78004" lon="-120.89902">
        <ele>2004.0</ele>
      </trkpt>
      <trkpt lat="39.7803" lon="-120.89931">
        <ele>1997.0</ele>
      </trkpt>
      <trkpt lat="39.78048" lon="-120.89931">
        <ele>2001.0</ele>
      </trkpt>
      <trkpt lat="39.78063" lon="-120.89939">
        <ele>2001.0</ele>
      </trkpt>
      <trkpt lat="39.78104" lon="-120.8997">
        <ele>2007.0</ele>
      </trkpt>
      <trkpt lat="39.7811" lon="-120.89984">
        <ele>2007.0</ele>
      </trkpt>
      <trkpt lat="39.78128" lon="-120.89991">
        <ele>2007.0</ele>
      </trkpt>
      <trkpt lat="39.78151" lon="-120.9002">
        <ele>2005.0</ele>
      </trkpt>
      <trkpt lat="39.78155" lon="-120.90038">
        <ele>2010.0</ele>
      </trkpt>
      <trkpt lat="39.78165" lon="-120.90049">
        <ele>2001.0</ele>
      </trkpt>
      <trkpt lat="39.78184" lon="-120.9006">
        <ele>2008.0</ele>
      </trkpt>
      <trkpt lat="39.78204" lon="-120.90113">
        <ele>1995.0</ele>
      </trkpt>
      <trkpt lat="39.78214" lon="-120.90169">
        <ele>1999.0</ele>
      </trkpt>
      <trkpt lat="39.78211" lon="-120.90207">
        <ele>2001.0</ele>
      </trkpt>
      <trkpt lat="39.78199" lon="-120.90221">
        <ele>2004.0</ele>
      </trkpt>
      <trkpt lat="39.78175460767758" lon="-120.9026709766314">
        <ele>2003.0</ele>
      </trkpt>
      <trkpt lat="39.78174811788146" lon="-120.9026909818889">
        <ele>2003.0</ele>
      </trkpt>
      <trkpt lat="39.78163" lon="-120.90338">
        <ele>2007.0</ele>
      </trkpt>
      <trkpt lat="39.78137" lon="-120.90412">
        <ele>2014.0</ele>
      </trkpt>
      <trkpt lat="39.78129" lon="-120.90454">
        <ele>2013.0</ele>
      </trkpt>
      <trkpt lat="39.78091" lon="-120.90549">
        <ele>2019.0</ele>
      </trkpt>
      <trkpt lat="39.78066" lon="-120.90635">
        <ele>2014.0</ele>
      </trkpt>
      <trkpt lat="39.78068289316421" lon="-120.9065274220226">
        <ele>2014.0</ele>
      </trkpt>
      <trkpt lat="39.78068289316708" lon="-120.9065274220226">
        <ele>2014.0</ele>
      </trkpt>
      <trkpt lat="39.7807" lon="-120.90666">
        <ele>2006.0</ele>
      </trkpt>
      <trkpt lat="39.78053" lon="-120.90715">
        <ele>2008.0</ele>
      </trkpt>
      <trkpt lat="39.78054" lon="-120.90743">
        <ele>2005.0</ele>
      </trkpt>
      <trkpt lat="39.78072" lon="-120.90782">
        <ele>2005.0</ele>
      </trkpt>
      <trkpt lat="39.78078" lon="-120.90848">
        <ele>2002.0</ele>
      </trkpt>
      <trkpt lat="39.78068" lon="-120.90892">
        <ele>1986.0</ele>
      </trkpt>
      <trkpt lat="39.78075" lon="-120.90955">
        <ele>1993.0</ele>
      </trkpt>
      <trkpt lat="39.78099" lon="-120.9101">
        <ele>2000.0</ele>
      </trkpt>
      <trkpt lat="39.78113" lon="-120.91023">
        <ele>2004.0</ele>
      </trkpt>
      <trkpt lat="39.78123" lon="-120.91024">
        <ele>2004.0</ele>
      </trkpt>
      <trkpt lat="39.7815" lon="-120.91049">
        <ele>2006.0</ele>
      </trkpt>
      <trkpt lat="39.78179" lon="-120.91064">
        <ele>2003.0</ele>
      </trkpt>
      <trkpt lat="39.7823" lon="-120.91131">
        <ele>2006.0</ele>
      </trkpt>
      <trkpt lat="39.78291" lon="-120.91169">
        <ele>1993.0</ele>
      </trkpt>
      <trkpt lat="39.78313" lon="-120.91192">
        <ele>1993.0</ele>
      </trkpt>
      <trkpt lat="39.78355" lon="-120.91223">
        <ele>1988.0</ele>
      </trkpt>
      <trkpt lat="39.78396" lon="-120.91265">
        <ele>1987.0</ele>
      </trkpt>
      <trkpt lat="39.78406" lon="-120.9128">
        <ele>1979.0</ele>
      </trkpt>
      <trkpt lat="39.78407" lon="-120.91298">
        <ele>1985.0</ele>
      </trkpt>
      <trkpt lat="39.78421" lon="-120.91352">
        <ele>1995.0</ele>
      </trkpt>
      <trkpt lat="39.78424" lon="-120.91393">
        <ele>1993.0</ele>
      </trkpt>
      <trkpt lat="39.78447" lon="-120.91398">
        <ele>1989.0</ele>
      </trkpt>
      <trkpt lat="39.78455" lon="-120.91391">
        <ele>1989.0</ele>
      </trkpt>
      <trkpt lat="39.78475" lon="-120.91398">
        <ele>1986.0</ele>
      </trkpt>
      <trkpt lat="39.78504" lon="-120.91397">
        <ele>1975.0</ele>
      </trkpt>
      <trkpt lat="39.78525" lon="-120.91392">
        <ele>1972.0</ele>
      </trkpt>
      <trkpt lat="39.78528" lon="-120.91398">
        <ele>1972.0</ele>
      </trkpt>
      <trkpt lat="39.78483" lon="-120.91448">
        <ele>1977.0</ele>
      </trkpt>
      <trkpt lat="39.78473" lon="-120.91469">
        <ele>1969.0</ele>
      </trkpt>
      <trkpt lat="39.7845" lon="-120.9148">
        <ele>1978.0</ele>
      </trkpt>
      <trkpt lat="39.78439" lon="-120.91497">
        <ele>1969.0</ele>
      </trkpt>
      <trkpt lat="39.78426" lon="-120.91542">
        <ele>1954.0</ele>
      </trkpt>
      <trkpt lat="39.78429" lon="-120.91553">
        <ele>1954.0</ele>
      </trkpt>
      <trkpt lat="39.78429" lon="-120.91553">
        <ele>1954.0</ele>
      </trkpt>
      <trkpt lat="39.78432" lon="-120.91565">
        <ele>1942.0</ele>
      </trkpt>
      <trkpt lat="39.78433" lon="-120.91614">
        <ele>1941.0</ele>
      </trkpt>
      <trkpt lat="39.78452" lon="-120.91646">
        <ele>1938.0</ele>
      </trkpt>
      <trkpt lat="39.78455" lon="-120.91669">
        <ele>1928.0</ele>
      </trkpt>
      <trkpt lat="39.78453" lon="-120.91693">
        <ele>1926.0</ele>
      </trkpt>
      <trkpt lat="39.78471" lon="-120.9173">
        <ele>1917.0</ele>
      </trkpt>
      <trkpt lat="39.78478" lon="-120.91766">
        <ele>1914.0</ele>
      </trkpt>
      <trkpt lat="39.78491" lon="-120.91786">
        <ele>1900.0</ele>
      </trkpt>
      <trkpt lat="39.78495" lon="-120.91847">
        <ele>1899.0</ele>
      </trkpt>
      <trkpt lat="39.7848" lon="-120.91864">
        <ele>1904.0</ele>
      </trkpt>
      <trkpt lat="39.78484" lon="-120.91887">
        <ele>1898.0</ele>
      </trkpt>
      <trkpt lat="39.78471" lon="-120.91929">
        <ele>1891.0</ele>
      </trkpt>
      <trkpt lat="39.78469" lon="-120.91975">
        <ele>1892.0</ele>
      </trkpt>
      <trkpt lat="39.78462" lon="-120.92005">
        <ele>1890.0</ele>
      </trkpt>
      <trkpt lat="39.78468" lon="-120.92032">
        <ele>1884.0</ele>
      </trkpt>
      <trkpt lat="39.78461" lon="-120.92058">
        <ele>1880.0</ele>
      </trkpt>
      <trkpt lat="39.78444" lon="-120.92087">
        <ele>1877.0</ele>
      </trkpt>
      <trkpt lat="39.78444" lon="-120.92106">
        <ele>1871.0</ele>
      </trkpt>
      <trkpt lat="39.78432" lon="-120.92118">
        <ele>1871.0</ele>
      </trkpt>
      <trkpt lat="39.78423" lon="-120.92141">
        <ele>1873.0</ele>
      </trkpt>
      <trkpt lat="39.78426" lon="-120.92188">
        <ele>1862.0</ele>
      </trkpt>
      <trkpt lat="39.78437" lon="-120.92207">
        <ele>1859.0</ele>
      </trkpt>
      <trkpt lat="39.78409" lon="-120.92229">
        <ele>1857.0</ele>
      </trkpt>
      <trkpt lat="39.78411" lon="-120.92279">
        <ele>1851.0</ele>
      </trkpt>
      <trkpt lat="39.78408" lon="-120.923">
        <ele>1846.0</ele>
      </trkpt>
      <trkpt lat="39.78398" lon="-120.92314">
        <ele>1845.0</ele>
      </trkpt>
      <trkpt lat="39.78395" lon="-120.92334">
        <ele>1838.0</ele>
      </trkpt>
      <trkpt lat="39.78375" lon="-120.92365">
        <ele>1833.0</ele>
      </trkpt>
      <trkpt lat="39.78374" lon="-120.9239">
        <ele>1829.0</ele>
      </trkpt>
      <trkpt lat="39.78368" lon="-120.92409">
        <ele>1827.0</ele>
      </trkpt>
      <trkpt lat="39.78346" lon="-120.92445">
        <ele>1826.0</ele>
      </trkpt>
      <trkpt lat="39.78348" lon="-120.92496">
        <ele>1831.0</ele>
      </trkpt>
      <trkpt lat="39.78335" lon="-120.9251">
        <ele>1827.0</ele>
      </trkpt>
      <trkpt lat="39.78344" lon="-120.92535">
        <ele>1833.0</ele>
      </trkpt>
      <trkpt lat="39.78352" lon="-120.92584">
        <ele>1835.0</ele>
      </trkpt>
      <trkpt lat="39.78348" lon="-120.92601">
        <ele>1834.0</ele>
      </trkpt>
      <trkpt lat="39.78255836398456" lon="-120.927665531361">
        <ele>1814.0</ele>
      </trkpt>
      <trkpt lat="39.78255836504512" lon="-120.9276655313611">
        <ele>1814.0</ele>
      </trkpt>
      <trkpt lat="39.7824" lon="-120.92795">
        <ele>1813.0</ele>
      </trkpt>
      <trkpt lat="39.78238" lon="-120.92813">
        <ele>1813.0</ele>
      </trkpt>
      <trkpt lat="39.78248" lon="-120.92839">
        <ele>1813.0</ele>
      </trkpt>
      <trkpt lat="39.78234" lon="-120.92885">
        <ele>1812.0</ele>
      </trkpt>
      <trkpt lat="39.78224" lon="-120.92976">
        <ele>1809.0</ele>
      </trkpt>
      <trkpt lat="39.78209087590985" lon="-120.9300906664608">
        <ele>1809.0</ele>
      </trkpt>
      <trkpt lat="39.78209087590985" lon="-120.9300906664608">
        <ele>1809.0</ele>
      </trkpt>
      <trkpt lat="39.78201" lon="-120.93027">
        <ele>1809.0</ele>
      </trkpt>
      <trkpt lat="39.78194" lon="-120.93052">
        <ele>1811.0</ele>
      </trkpt>
      <trkpt lat="39.78195" lon="-120.93063">
        <ele>1811.0</ele>
      </trkpt>
      <trkpt lat="39.78176" lon="-120.93121">
        <ele>1812.0</ele>
      </trkpt>
      <trkpt lat="39.78181" lon="-120.93138">
        <ele>1809.0</ele>
      </trkpt>
      <trkpt lat="39.7817" lon="-120.93173">
        <ele>1815.0</ele>
      </trkpt>
      <trkpt lat="39.78173" lon="-120.93222">
        <ele>1816.0</ele>
      </trkpt>
      <trkpt lat="39.78164" lon="-120.93252">
        <ele>1819.0</ele>
      </trkpt>
      <trkpt lat="39.78144" lon="-120.93291">
        <ele>1828.0</ele>
      </trkpt>
      <trkpt lat="39.78143" lon="-120.93309">
        <ele>1826.0</ele>
      </trkpt>
      <trkpt lat="39.78132" lon="-120.93338">
        <ele>1828.0</ele>
      </trkpt>
      <trkpt lat="39.78083" lon="-120.93414">
        <ele>1831.0</ele>
      </trkpt>
      <trkpt lat="39.78056652199442" lon="-120.934434114983">
        <ele>1835.0</ele>
      </trkpt>
      <trkpt lat="39.7805665223132" lon="-120.934434114983">
        <ele>1835.0</ele>
      </trkpt>
      <trkpt lat="39.7804" lon="-120.93462">
        <ele>1840.0</ele>
      </trkpt>
      <trkpt lat="39.78007" lon="-120.93527">
        <ele>1847.0</ele>
      </trkpt>
      <trkpt lat="39.77986" lon="-120.93556">
        <ele>1847.0</ele>
      </trkpt>
      <trkpt lat="39.77979" lon="-120.93596">
        <ele>1848.0</ele>
      </trkpt>
      <trkpt lat="39.77969" lon="-120.93616">
        <ele>1843.0</ele>
      </trkpt>
      <trkpt lat="39.77965" lon="-120.93679">
        <ele>1838.0</ele>
      </trkpt>
      <trkpt lat="39.77972" lon="-120.93722">
        <ele>1836.0</ele>
      </trkpt>
      <trkpt lat="39.77986" lon="-120.9375">
        <ele>1834.0</ele>
      </trkpt>
      <trkpt lat="39.77986" lon="-120.9375">
        <ele>1834.0</ele>
      </trkpt>
      <trkpt lat="39.7799" lon="-120.93759">
        <ele>1828.0</ele>
      </trkpt>
      <trkpt lat="39.77984" lon="-120.93775">
        <ele>1831.0</ele>
      </trkpt>
      <trkpt lat="39.77983" lon="-120.93796">
        <ele>1828.0</ele>
      </trkpt>
      <trkpt lat="39.77965" lon="-120.93832">
        <ele>1824.0</ele>
      </trkpt>
      <trkpt lat="39.77971" lon="-120.93855">
        <ele>1821.0</ele>
      </trkpt>
      <trkpt lat="39.77967" lon="-120.93874">
        <ele>1821.0</ele>
      </trkpt>
      <trkpt lat="39.77936" lon="-120.93922">
        <ele>1815.0</ele>
      </trkpt>
      <trkpt lat="39.77913" lon="-120.93949">
        <ele>1812.0</ele>
      </trkpt>
      <trkpt lat="39.77908" lon="-120.93972">
        <ele>1808.0</ele>
      </trkpt>
      <trkpt lat="39.77881" lon="-120.94027">
        <ele>1808.0</ele>
      </trkpt>
      <trkpt lat="39.77874" lon="-120.94068">
        <ele>1807.0</ele>
      </trkpt>
      <trkpt lat="39.77854" lon="-120.94098">
        <ele>1804.0</ele>
      </trkpt>
      <trkpt lat="39.77829" lon="-120.94151">
        <ele>1811.0</ele>
      </trkpt>
      <trkpt lat="39.77815" lon="-120.94165">
        <ele>1812.0</ele>
      </trkpt>
      <trkpt lat="39.77808" lon="-120.94183">
        <ele>1811.0</ele>
      </trkpt>
      <trkpt lat="39.77801" lon="-120.94263">
        <ele>1815.0</ele>
      </trkpt>
      <trkpt lat="39.77783" lon="-120.94303">
        <ele>1813.0</ele>
      </trkpt>
      <trkpt lat="39.77782" lon="-120.94325">
        <ele>1812.0</ele>
      </trkpt>
      <trkpt lat="39.77806" lon="-120.9439">
        <ele>1805.0</ele>
      </trkpt>
      <trkpt lat="39.778" lon="-120.94446">
        <ele>1795.0</ele>
      </trkpt>
      <trkpt lat="39.77822" lon="-120.94522">
        <ele>1791.0</ele>
      </trkpt>
      <trkpt lat="39.77841" lon="-120.94544">
        <ele>1789.0</ele>
      </trkpt>
      <trkpt lat="39.77846" lon="-120.94595">
        <ele>1788.0</ele>
      </trkpt>
      <trkpt lat="39.77857" lon="-120.94618">
        <ele>1777.0</ele>
      </trkpt>
      <trkpt lat="39.77843" lon="-120.94694">
        <ele>1780.0</ele>
      </trkpt>
      <trkpt lat="39.77822" lon="-120.94729">
        <ele>1781.0</ele>
      </trkpt>
      <trkpt lat="39.77826" lon="-120.94755">
        <ele>1781.0</ele>
      </trkpt>
      <trkpt lat="39.77814" lon="-120.94769">
        <ele>1782.0</ele>
      </trkpt>
      <trkpt lat="39.77815" lon="-120.94794">
        <ele>1778.0</ele>
      </trkpt>
      <trkpt lat="39.77804" lon="-120.94858">
        <ele>1765.0</ele>
      </trkpt>
      <trkpt lat="39.77783" lon="-120.94892">
        <ele>1764.0</ele>
      </trkpt>
      <trkpt lat="39.77784" lon="-120.94902">
        <ele>1764.0</ele>
      </trkpt>
      <trkpt lat="39.77775" lon="-120.94936">
        <ele>1761.0</ele>
      </trkpt>
      <trkpt lat="39.77758" lon="-120.94972">
        <ele>1765.0</ele>
      </trkpt>
      <trkpt lat="39.77734" lon="-120.94978">
        <ele>1765.0</ele>
      </trkpt>
      <trkpt lat="39.77727" lon="-120.94993">
        <ele>1759.0</ele>
      </trkpt>
      <trkpt lat="39.77714" lon="-120.95005">
        <ele>1759.0</ele>
      </trkpt>
      <trkpt lat="39.777" lon="-120.95045">
        <ele>1755.0</ele>
      </trkpt>
      <trkpt lat="39.77674" lon="-120.95093">
        <ele>1754.0</ele>
      </trkpt>
      <trkpt lat="39.77658" lon="-120.95107">
        <ele>1755.0</ele>
      </trkpt>
      <trkpt lat="39.77638" lon="-120.95139">
        <ele>1762.0</ele>
      </trkpt>
      <trkpt lat="39.77616" lon="-120.95158">
        <ele>1770.0</ele>
      </trkpt>
      <trkpt lat="39.77588" lon="-120.95161">
        <ele>1767.0</ele>
      </trkpt>
      <trkpt lat="39.77585" lon="-120.95172">
        <ele>1767.0</ele>
      </trkpt>
      <trkpt lat="39.77573" lon="-120.95188">
        <ele>1777.0</ele>
      </trkpt>
      <trkpt lat="39.77564" lon="-120.95191">
        <ele>1774.0</ele>
      </trkpt>
      <trkpt lat="39.77561" lon="-120.95201">
        <ele>1774.0</ele>
      </trkpt>
      <trkpt lat="39.77493" lon="-120.95223">
        <ele>1792.0</ele>
      </trkpt>
      <trkpt lat="39.77496" lon="-120.95241">
        <ele>1802.0</ele>
      </trkpt>
      <trkpt lat="39.77477" lon="-120.95252">
        <ele>1799.0</ele>
      </trkpt>
      <trkpt lat="39.77477" lon="-120.95252">
        <ele>1799.0</ele>
      </trkpt>
      <trkpt lat="39.77465" lon="-120.95259">
        <ele>1799.0</ele>
      </trkpt>
      <trkpt lat="39.7747" lon="-120.95277">
        <ele>1808.0</ele>
      </trkpt>
      <trkpt lat="39.77446" lon="-120.95274">
        <ele>1803.0</ele>
      </trkpt>
      <trkpt lat="39.77436" lon="-120.9529">
        <ele>1803.0</ele>
      </trkpt>
      <trkpt lat="39.77434" lon="-120.9531">
        <ele>1814.0</ele>
      </trkpt>
      <trkpt lat="39.77416" lon="-120.95316">
        <ele>1809.0</ele>
      </trkpt>
      <trkpt lat="39.77406" lon="-120.95331">
        <ele>1814.0</ele>
      </trkpt>
      <trkpt lat="39.77393" lon="-120.95337">
        <ele>1805.0</ele>
      </trkpt>
      <trkpt lat="39.77385" lon="-120.95352">
        <ele>1813.0</ele>
      </trkpt>
      <trkpt lat="39.77393" lon="-120.95365">
        <ele>1813.0</ele>
      </trkpt>
      <trkpt lat="39.7736" lon="-120.95367">
        <ele>1805.0</ele>
      </trkpt>
      <trkpt lat="39.77348" lon="-120.95378">
        <ele>1806.0</ele>
      </trkpt>
      <trkpt lat="39.7735" lon="-120.95392">
        <ele>1806.0</ele>
      </trkpt>
      <trkpt lat="39.77338" lon="-120.95401">
        <ele>1801.0</ele>
      </trkpt>
      <trkpt lat="39.77336" lon="-120.95417">
        <ele>1818.0</ele>
      </trkpt>
      <trkpt lat="39.77329" lon="-120.95424">
        <ele>1818.0</ele>
      </trkpt>
      <trkpt lat="39.77302" lon="-120.95425">
        <ele>1809.0</ele>
      </trkpt>
      <trkpt lat="39.77284" lon="-120.95439">
        <ele>1817.0</ele>
      </trkpt>
      <trkpt lat="39.77276" lon="-120.95454">
        <ele>1817.0</ele>
      </trkpt>
      <trkpt lat="39.77282" lon="-120.95473">
        <ele>1820.0</ele>
      </trkpt>
      <trkpt lat="39.77278" lon="-120.95486">
        <ele>1820.0</ele>
      </trkpt>
      <trkpt lat="39.77246" lon="-120.95497">
        <ele>1819.0</ele>
      </trkpt>
      <trkpt lat="39.7725" lon="-120.9551">
        <ele>1819.0</ele>
      </trkpt>
      <trkpt lat="39.77223" lon="-120.95518">
        <ele>1820.0</ele>
      </trkpt>
      <trkpt lat="39.77223" lon="-120.95526">
        <ele>1820.0</ele>
      </trkpt>
      <trkpt lat="39.77192" lon="-120.95528">
        <ele>1821.0</ele>
      </trkpt>
      <trkpt lat="39.7717" lon="-120.95556">
        <ele>1830.0</ele>
      </trkpt>
      <trkpt lat="39.77113" lon="-120.95572">
        <ele>1831.0</ele>
      </trkpt>
      <trkpt lat="39.771" lon="-120.95585">
        <ele>1831.0</ele>
      </trkpt>
      <trkpt lat="39.77096" lon="-120.95641">
        <ele>1828.0</ele>
      </trkpt>
      <trkpt lat="39.77109" lon="-120.95691">
        <ele>1840.0</ele>
      </trkpt>
      <trkpt lat="39.77123" lon="-120.9572">
        <ele>1842.0</ele>
      </trkpt>
      <trkpt lat="39.77177" lon="-120.95778">
        <ele>1845.0</ele>
      </trkpt>
      <trkpt lat="39.77192" lon="-120.95899">
        <ele>1830.0</ele>
      </trkpt>
      <trkpt lat="39.77209" lon="-120.95947">
        <ele>1822.0</ele>
      </trkpt>
      <trkpt lat="39.77209" lon="-120.95947">
        <ele>1822.0</ele>
      </trkpt>
      <trkpt lat="39.77221" lon="-120.96002">
        <ele>1832.0</ele>
      </trkpt>
      <trkpt lat="39.7723" lon="-120.96015">
        <ele>1836.0</ele>
      </trkpt>
      <trkpt lat="39.77249" lon="-120.96074">
        <ele>1828.0</ele>
      </trkpt>
      <trkpt lat="39.77247" lon="-120.96153">
        <ele>1824.0</ele>
      </trkpt>
      <trkpt lat="39.77219" lon="-120.96156">
        <ele>1830.0</ele>
      </trkpt>
      <trkpt lat="39.77189" lon="-120.96152">
        <ele>1841.0</ele>
      </trkpt>
      <trkpt lat="39.77117" lon="-120.96116">
        <ele>1835.0</ele>
      </trkpt>
      <trkpt lat="39.77068" lon="-120.96114">
        <ele>1829.0</ele>
      </trkpt>
      <trkpt lat="39.77043" lon="-120.96129">
        <ele>1835.0</ele>
      </trkpt>
      <trkpt lat="39.77024" lon="-120.96148">
        <ele>1831.0</ele>
      </trkpt>
      <trkpt lat="39.77038" lon="-120.96195">
        <ele>1837.0</ele>
      </trkpt>
      <trkpt lat="39.77047" lon="-120.96209">
        <ele>1837.0</ele>
      </trkpt>
      <trkpt lat="39.77041" lon="-120.9623">
        <ele>1835.0</ele>
      </trkpt>
      <trkpt lat="39.77038" lon="-120.96312">
        <ele>1820.0</ele>
      </trkpt>
      <trkpt lat="39.77043" lon="-120.9633">
        <ele>1798.0</ele>
      </trkpt>
      <trkpt lat="39.77038" lon="-120.96348">
        <ele>1792.0</ele>
      </trkpt>
      <trkpt lat="39.77017" lon="-120.96381">
        <ele>1792.0</ele>
      </trkpt>
      <trkpt lat="39.77003" lon="-120.96392">
        <ele>1800.0</ele>
      </trkpt>
      <trkpt lat="39.76962" lon="-120.96399">
        <ele>1804.0</ele>
      </trkpt>
      <trkpt lat="39.76962" lon="-120.96418">
        <ele>1806.0</ele>
      </trkpt>
      <trkpt lat="39.76953" lon="-120.9644">
        <ele>1806.0</ele>
      </trkpt>
      <trkpt lat="39.7694" lon="-120.96457">
        <ele>1806.0</ele>
      </trkpt>
      <trkpt lat="39.76925" lon="-120.96465">
        <ele>1814.0</ele>
      </trkpt>
      <trkpt lat="39.76917" lon="-120.96483">
        <ele>1814.0</ele>
      </trkpt>
      <trkpt lat="39.76912" lon="-120.96532">
        <ele>1807.0</ele>
      </trkpt>
      <trkpt lat="39.76879" lon="-120.96669">
        <ele>1781.0</ele>
      </trkpt>
      <trkpt lat="39.76885" lon="-120.96712">
        <ele>1773.0</ele>
      </trkpt>
      <trkpt lat="39.76885" lon="-120.96749">
        <ele>1771.0</ele>
      </trkpt>
      <trkpt lat="39.76856" lon="-120.96824">
        <ele>1768.0</ele>
      </trkpt>
      <trkpt lat="39.76842" lon="-120.96843">
        <ele>1763.0</ele>
      </trkpt>
      <trkpt lat="39.76834" lon="-120.96864">
        <ele>1759.0</ele>
      </trkpt>
      <trkpt lat="39.76867" lon="-120.97">
        <ele>1761.0</ele>
      </trkpt>
      <trkpt lat="39.76874" lon="-120.9704">
        <ele>1761.0</ele>
      </trkpt>
      <trkpt lat="39.76872" lon="-120.9706">
        <ele>1765.0</ele>
      </trkpt>
      <trkpt lat="39.76812" lon="-120.97086">
        <ele>1777.0</ele>
      </trkpt>
      <trkpt lat="39.76784" lon="-120.97106">
        <ele>1771.0</ele>
      </trkpt>
      <trkpt lat="39.7677" lon="-120.97108">
        <ele>1771.0</ele>
      </trkpt>
      <trkpt lat="39.76724" lon="-120.97143">
        <ele>1762.0</ele>
      </trkpt>
      <trkpt lat="39.76707" lon="-120.97183">
        <ele>1765.0</ele>
      </trkpt>
      <trkpt lat="39.76693" lon="-120.97193">
        <ele>1765.0</ele>
      </trkpt>
      <trkpt lat="39.7667" lon="-120.97224">
        <ele>1764.0</ele>
      </trkpt>
      <trkpt lat="39.76638" lon="-120.97301">
        <ele>1758.0</ele>
      </trkpt>
      <trkpt lat="39.76625" lon="-120.97315">
        <ele>1759.0</ele>
      </trkpt>
      <trkpt lat="39.76614" lon="-120.97355">
        <ele>1756.0</ele>
      </trkpt>
      <trkpt lat="39.76602" lon="-120.97372">
        <ele>1756.0</ele>
      </trkpt>
      <trkpt lat="39.76588" lon="-120.97433">
        <ele>1748.0</ele>
      </trkpt>
      <trkpt lat="39.76588" lon="-120.97458">
        <ele>1748.0</ele>
      </trkpt>
      <trkpt lat="39.76597" lon="-120.97556">
        <ele>1730.0</ele>
      </trkpt>
      <trkpt lat="39.76619" lon="-120.97646">
        <ele>1732.0</ele>
      </trkpt>
      <trkpt lat="39.76616" lon="-120.97715">
        <ele>1723.0</ele>
      </trkpt>
      <trkpt lat="39.76621" lon="-120.97734">
        <ele>1723.0</ele>
      </trkpt>
      <trkpt lat="39.76638" lon="-120.97768">
        <ele>1726.0</ele>
      </trkpt>
      <trkpt lat="39.76672" lon="-120.97908">
        <ele>1719.0</ele>
      </trkpt>
      <trkpt lat="39.76694" lon="-120.9794">
        <ele>1716.0</ele>
      </trkpt>
      <trkpt lat="39.76729" lon="-120.98028">
        <ele>1710.0</ele>
      </trkpt>
      <trkpt lat="39.76744" lon="-120.98083">
        <ele>1717.0</ele>
      </trkpt>
      <trkpt lat="39.76755497458812" lon="-120.981113603984">
        <ele>1718.0</ele>
      </trkpt>
      <trkpt lat="39.76755497461736" lon="-120.981113603984">
        <ele>1718.0</ele>
      </trkpt>
      <trkpt lat="39.76759" lon="-120.9812">
        <ele>1718.0</ele>
      </trkpt>
      <trkpt lat="39.76758" lon="-120.98145">
        <ele>1718.0</ele>
      </trkpt>
      <trkpt lat="39.76758" lon="-120.98145">
        <ele>1718.0</ele>
      </trkpt>
      <trkpt lat="39.76757" lon="-120.98162">
        <ele>1719.0</ele>
      </trkpt>
      <trkpt lat="39.76749" lon="-120.98179">
        <ele>1719.0</ele>
      </trkpt>
      <trkpt lat="39.76749" lon="-120.98202">
        <ele>1719.0</ele>
      </trkpt>
      <trkpt lat="39.7674" lon="-120.98243">
        <ele>1715.0</ele>
      </trkpt>
      <trkpt lat="39.76743" lon="-120.98286">
        <ele>1712.0</ele>
      </trkpt>
      <trkpt lat="39.7675" lon="-120.98308">
        <ele>1707.0</ele>
      </trkpt>
      <trkpt lat="39.76729" lon="-120.98363">
        <ele>1706.0</ele>
      </trkpt>
      <trkpt lat="39.7672" lon="-120.98427">
        <ele>1707.0</ele>
      </trkpt>
      <trkpt lat="39.76707" lon="-120.98475">
        <ele>1705.0</ele>
      </trkpt>
      <trkpt lat="39.76704" lon="-120.98518">
        <ele>1701.0</ele>
      </trkpt>
      <trkpt lat="39.76695" lon="-120.98533">
        <ele>1701.0</ele>
      </trkpt>
      <trkpt lat="39.76687" lon="-120.98537">
        <ele>1701.0</ele>
      </trkpt>
      <trkpt lat="39.76687" lon="-120.98537">
        <ele>1701.0</ele>
      </trkpt>
      <trkpt lat="39.76678" lon="-120.98554">
        <ele>1707.0</ele>
      </trkpt>
      <trkpt lat="39.76663" lon="-120.98645">
        <ele>1701.0</ele>
      </trkpt>
      <trkpt lat="39.76654" lon="-120.98659">
        <ele>1701.0</ele>
      </trkpt>
      <trkpt lat="39.76641" lon="-120.9867">
        <ele>1699.0</ele>
      </trkpt>
      <trkpt lat="39.76626" lon="-120.98704">
        <ele>1698.0</ele>
      </trkpt>
      <trkpt lat="39.76615" lon="-120.98744">
        <ele>1693.0</ele>
      </trkpt>
      <trkpt lat="39.76627" lon="-120.98786">
        <ele>1695.0</ele>
      </trkpt>
      <trkpt lat="39.76629378210458" lon="-120.9879026437737">
        <ele>1695.0</ele>
      </trkpt>
      <trkpt lat="39.76629378215055" lon="-120.9879026437737">
        <ele>1695.0</ele>
      </trkpt>
      <trkpt lat="39.76656" lon="-120.98838">
        <ele>1689.0</ele>
      </trkpt>
      <trkpt lat="39.76729" lon="-120.98914">
        <ele>1678.0</ele>
      </trkpt>
      <trkpt lat="39.76807" lon="-120.98955">
        <ele>1692.0</ele>
      </trkpt>
      <trkpt lat="39.76818552444182" lon="-120.9895635911108">
        <ele>1692.0</ele>
      </trkpt>
      <trkpt lat="39.76818552448751" lon="-120.9895635911108">
        <ele>1692.0</ele>
      </trkpt>
      <trkpt lat="39.76824" lon="-120.98957">
        <ele>1691.0</ele>
      </trkpt>
      <trkpt lat="39.76851" lon="-120.98947">
        <ele>1689.0</ele>
      </trkpt>
      <trkpt lat="39.76860340400196" lon="-120.9895556203351">
        <ele>1689.0</ele>
      </trkpt>
    </trkseg>
  </trk>
</gpx>
