<?xml version="1.0" encoding="UTF-8"?>
<gpx xmlns:xsi="http://www.w3.org/2001/XMLSchema-instance" version="1.1" creator="The Outbound Collective, Inc. 1.1.1 -- https://www.theoutbound.com" xsi:schemaLocation="http://www.topografix.com/GPX/1/1 http://www.topografix.com/GPX/1/1/gpx.xsd">
  <metadata>
    <name/>
    <time>2026-02-19T21:57:59+00:00</time>
    <bound minlat="41.36412" minlon="-124.0707457267748" maxlat="41.40402" maxlon="-124.01477"/>
  </metadata>
  <trk>
    <name/>
    <trkseg>
      <trkpt lat="41.36415567608826" lon="-124.0229952335358">
        <ele>68.0</ele>
      </trkpt>
      <trkpt lat="41.36415627969759" lon="-124.0229986626053">
        <ele>68.0</ele>
      </trkpt>
      <trkpt lat="41.36428" lon="-124.02296">
        <ele>68.0</ele>
      </trkpt>
      <trkpt lat="41.36427355728095" lon="-124.0229620136955">
        <ele>68.0</ele>
      </trkpt>
      <trkpt lat="41.36426" lon="-124.02284">
        <ele>67.0</ele>
      </trkpt>
      <trkpt lat="41.36417" lon="-124.02262">
        <ele>66.0</ele>
      </trkpt>
      <trkpt lat="41.36417" lon="-124.02262">
        <ele>66.0</ele>
      </trkpt>
      <trkpt lat="41.36419" lon="-124.02243">
        <ele>66.0</ele>
      </trkpt>
      <trkpt lat="41.36432" lon="-124.02233">
        <ele>64.0</ele>
      </trkpt>
      <trkpt lat="41.36432" lon="-124.02233">
        <ele>64.0</ele>
      </trkpt>
      <trkpt lat="41.36451" lon="-124.02214">
        <ele>64.0</ele>
      </trkpt>
      <trkpt lat="41.36451" lon="-124.02214">
        <ele>64.0</ele>
      </trkpt>
      <trkpt lat="41.36468" lon="-124.02211">
        <ele>71.0</ele>
      </trkpt>
      <trkpt lat="41.36471" lon="-124.02208">
        <ele>68.0</ele>
      </trkpt>
      <trkpt lat="41.36476" lon="-124.02193">
        <ele>68.0</ele>
      </trkpt>
      <trkpt lat="41.36485" lon="-124.02186">
        <ele>68.0</ele>
      </trkpt>
      <trkpt lat="41.36496" lon="-124.02191">
        <ele>77.0</ele>
      </trkpt>
      <trkpt lat="41.36501" lon="-124.02204">
        <ele>77.0</ele>
      </trkpt>
      <trkpt lat="41.36518" lon="-124.02224">
        <ele>84.0</ele>
      </trkpt>
      <trkpt lat="41.36518" lon="-124.02224">
        <ele>84.0</ele>
      </trkpt>
      <trkpt lat="41.36518" lon="-124.02224">
        <ele>84.0</ele>
      </trkpt>
      <trkpt lat="41.36531" lon="-124.02314">
        <ele>70.0</ele>
      </trkpt>
      <trkpt lat="41.36531" lon="-124.02314">
        <ele>70.0</ele>
      </trkpt>
      <trkpt lat="41.36531" lon="-124.02314">
        <ele>70.0</ele>
      </trkpt>
      <trkpt lat="41.36531" lon="-124.02321">
        <ele>66.0</ele>
      </trkpt>
      <trkpt lat="41.36524" lon="-124.0234">
        <ele>66.0</ele>
      </trkpt>
      <trkpt lat="41.36525" lon="-124.02354">
        <ele>62.0</ele>
      </trkpt>
      <trkpt lat="41.36525" lon="-124.02354">
        <ele>62.0</ele>
      </trkpt>
      <trkpt lat="41.36531" lon="-124.02364">
        <ele>62.0</ele>
      </trkpt>
      <trkpt lat="41.36531" lon="-124.02364">
        <ele>62.0</ele>
      </trkpt>
      <trkpt lat="41.36537" lon="-124.02368">
        <ele>62.0</ele>
      </trkpt>
      <trkpt lat="41.3654" lon="-124.02389">
        <ele>61.0</ele>
      </trkpt>
      <trkpt lat="41.3654" lon="-124.02389">
        <ele>61.0</ele>
      </trkpt>
      <trkpt lat="41.36551" lon="-124.02387">
        <ele>71.0</ele>
      </trkpt>
      <trkpt lat="41.36556" lon="-124.02389">
        <ele>71.0</ele>
      </trkpt>
      <trkpt lat="41.36556" lon="-124.02389">
        <ele>71.0</ele>
      </trkpt>
      <trkpt lat="41.36565642961617" lon="-124.0239141074041">
        <ele>71.0</ele>
      </trkpt>
      <trkpt lat="41.36565642963365" lon="-124.023914107404">
        <ele>71.0</ele>
      </trkpt>
      <trkpt lat="41.36568" lon="-124.02392">
        <ele>71.0</ele>
      </trkpt>
      <trkpt lat="41.36592" lon="-124.02386">
        <ele>80.0</ele>
      </trkpt>
      <trkpt lat="41.36603" lon="-124.02386">
        <ele>87.0</ele>
      </trkpt>
      <trkpt lat="41.36617" lon="-124.02409">
        <ele>94.0</ele>
      </trkpt>
      <trkpt lat="41.36654" lon="-124.02421">
        <ele>91.0</ele>
      </trkpt>
      <trkpt lat="41.36681" lon="-124.02439">
        <ele>101.0</ele>
      </trkpt>
      <trkpt lat="41.36713" lon="-124.02453">
        <ele>106.0</ele>
      </trkpt>
      <trkpt lat="41.36725" lon="-124.02461">
        <ele>114.0</ele>
      </trkpt>
      <trkpt lat="41.36742" lon="-124.02483">
        <ele>112.0</ele>
      </trkpt>
      <trkpt lat="41.36778" lon="-124.02499">
        <ele>117.0</ele>
      </trkpt>
      <trkpt lat="41.36778" lon="-124.02499">
        <ele>117.0</ele>
      </trkpt>
      <trkpt lat="41.3679" lon="-124.02505">
        <ele>117.0</ele>
      </trkpt>
      <trkpt lat="41.36798" lon="-124.0252">
        <ele>124.0</ele>
      </trkpt>
      <trkpt lat="41.36813" lon="-124.02534">
        <ele>124.0</ele>
      </trkpt>
      <trkpt lat="41.36857" lon="-124.0257">
        <ele>128.0</ele>
      </trkpt>
      <trkpt lat="41.36865" lon="-124.02581">
        <ele>128.0</ele>
      </trkpt>
      <trkpt lat="41.36935" lon="-124.02638">
        <ele>133.0</ele>
      </trkpt>
      <trkpt lat="41.36985" lon="-124.02667">
        <ele>137.0</ele>
      </trkpt>
      <trkpt lat="41.37003" lon="-124.02704">
        <ele>137.0</ele>
      </trkpt>
      <trkpt lat="41.37014" lon="-124.02736">
        <ele>141.0</ele>
      </trkpt>
      <trkpt lat="41.37022" lon="-124.0275">
        <ele>148.0</ele>
      </trkpt>
      <trkpt lat="41.37022" lon="-124.02762">
        <ele>148.0</ele>
      </trkpt>
      <trkpt lat="41.37017" lon="-124.02762">
        <ele>148.0</ele>
      </trkpt>
      <trkpt lat="41.36983" lon="-124.02741">
        <ele>156.0</ele>
      </trkpt>
      <trkpt lat="41.36978" lon="-124.02736">
        <ele>147.0</ele>
      </trkpt>
      <trkpt lat="41.36972" lon="-124.0272">
        <ele>147.0</ele>
      </trkpt>
      <trkpt lat="41.36939" lon="-124.02705">
        <ele>149.0</ele>
      </trkpt>
      <trkpt lat="41.36926" lon="-124.02704">
        <ele>153.0</ele>
      </trkpt>
      <trkpt lat="41.36916" lon="-124.02709">
        <ele>158.0</ele>
      </trkpt>
      <trkpt lat="41.36904" lon="-124.02709">
        <ele>158.0</ele>
      </trkpt>
      <trkpt lat="41.36893" lon="-124.02714">
        <ele>153.0</ele>
      </trkpt>
      <trkpt lat="41.36892" lon="-124.02719">
        <ele>153.0</ele>
      </trkpt>
      <trkpt lat="41.36896" lon="-124.02727">
        <ele>153.0</ele>
      </trkpt>
      <trkpt lat="41.36902" lon="-124.02732">
        <ele>153.0</ele>
      </trkpt>
      <trkpt lat="41.36916" lon="-124.0274">
        <ele>159.0</ele>
      </trkpt>
      <trkpt lat="41.3694" lon="-124.02769">
        <ele>161.0</ele>
      </trkpt>
      <trkpt lat="41.36951" lon="-124.0279">
        <ele>161.0</ele>
      </trkpt>
      <trkpt lat="41.36953377705689" lon="-124.0279222909908">
        <ele>161.0</ele>
      </trkpt>
      <trkpt lat="41.36953377708178" lon="-124.0279222909909">
        <ele>161.0</ele>
      </trkpt>
      <trkpt lat="41.36967" lon="-124.02805">
        <ele>162.0</ele>
      </trkpt>
      <trkpt lat="41.36987" lon="-124.02814">
        <ele>160.0</ele>
      </trkpt>
      <trkpt lat="41.36987" lon="-124.02814">
        <ele>160.0</ele>
      </trkpt>
      <trkpt lat="41.36987" lon="-124.02814">
        <ele>160.0</ele>
      </trkpt>
      <trkpt lat="41.37018" lon="-124.02842">
        <ele>167.0</ele>
      </trkpt>
      <trkpt lat="41.37063" lon="-124.0285">
        <ele>180.0</ele>
      </trkpt>
      <trkpt lat="41.37073" lon="-124.0286">
        <ele>177.0</ele>
      </trkpt>
      <trkpt lat="41.37101" lon="-124.02918">
        <ele>182.0</ele>
      </trkpt>
      <trkpt lat="41.37116" lon="-124.02933">
        <ele>187.0</ele>
      </trkpt>
      <trkpt lat="41.37137" lon="-124.02941">
        <ele>190.0</ele>
      </trkpt>
      <trkpt lat="41.37162" lon="-124.02941">
        <ele>187.0</ele>
      </trkpt>
      <trkpt lat="41.37173" lon="-124.02945">
        <ele>187.0</ele>
      </trkpt>
      <trkpt lat="41.37183" lon="-124.02956">
        <ele>181.0</ele>
      </trkpt>
      <trkpt lat="41.37189" lon="-124.02966">
        <ele>189.0</ele>
      </trkpt>
      <trkpt lat="41.37188" lon="-124.02995">
        <ele>191.0</ele>
      </trkpt>
      <trkpt lat="41.37184" lon="-124.03013">
        <ele>191.0</ele>
      </trkpt>
      <trkpt lat="41.37188" lon="-124.03035">
        <ele>192.0</ele>
      </trkpt>
      <trkpt lat="41.37184" lon="-124.03059">
        <ele>192.0</ele>
      </trkpt>
      <trkpt lat="41.37185" lon="-124.03072">
        <ele>193.0</ele>
      </trkpt>
      <trkpt lat="41.3719" lon="-124.03086">
        <ele>193.0</ele>
      </trkpt>
      <trkpt lat="41.37212" lon="-124.03098">
        <ele>193.0</ele>
      </trkpt>
      <trkpt lat="41.37232" lon="-124.03094">
        <ele>188.0</ele>
      </trkpt>
      <trkpt lat="41.3724" lon="-124.03097">
        <ele>183.0</ele>
      </trkpt>
      <trkpt lat="41.37243" lon="-124.03136">
        <ele>194.0</ele>
      </trkpt>
      <trkpt lat="41.37259" lon="-124.03154">
        <ele>202.0</ele>
      </trkpt>
      <trkpt lat="41.3729" lon="-124.03155">
        <ele>196.0</ele>
      </trkpt>
      <trkpt lat="41.37293" lon="-124.03162">
        <ele>189.0</ele>
      </trkpt>
      <trkpt lat="41.37289" lon="-124.03173">
        <ele>196.0</ele>
      </trkpt>
      <trkpt lat="41.37269" lon="-124.03184">
        <ele>202.0</ele>
      </trkpt>
      <trkpt lat="41.37262" lon="-124.03199">
        <ele>204.0</ele>
      </trkpt>
      <trkpt lat="41.37261" lon="-124.03215">
        <ele>207.0</ele>
      </trkpt>
      <trkpt lat="41.37267" lon="-124.0323">
        <ele>201.0</ele>
      </trkpt>
      <trkpt lat="41.37278" lon="-124.03247">
        <ele>201.0</ele>
      </trkpt>
      <trkpt lat="41.37279" lon="-124.03271">
        <ele>202.0</ele>
      </trkpt>
      <trkpt lat="41.37287" lon="-124.03289">
        <ele>202.0</ele>
      </trkpt>
      <trkpt lat="41.37298" lon="-124.03295">
        <ele>200.0</ele>
      </trkpt>
      <trkpt lat="41.37332" lon="-124.03291">
        <ele>186.0</ele>
      </trkpt>
      <trkpt lat="41.37341" lon="-124.03297">
        <ele>190.0</ele>
      </trkpt>
      <trkpt lat="41.37358" lon="-124.03315">
        <ele>183.0</ele>
      </trkpt>
      <trkpt lat="41.37361" lon="-124.03328">
        <ele>188.0</ele>
      </trkpt>
      <trkpt lat="41.37348" lon="-124.03362">
        <ele>189.0</ele>
      </trkpt>
      <trkpt lat="41.37334" lon="-124.03377">
        <ele>194.0</ele>
      </trkpt>
      <trkpt lat="41.3731" lon="-124.03385">
        <ele>200.0</ele>
      </trkpt>
      <trkpt lat="41.37308681488622" lon="-124.0338885411018">
        <ele>200.0</ele>
      </trkpt>
      <trkpt lat="41.37308681489804" lon="-124.0338885411018">
        <ele>200.0</ele>
      </trkpt>
      <trkpt lat="41.37297" lon="-124.03423">
        <ele>198.0</ele>
      </trkpt>
      <trkpt lat="41.37276" lon="-124.03438">
        <ele>208.0</ele>
      </trkpt>
      <trkpt lat="41.37265" lon="-124.03469">
        <ele>210.0</ele>
      </trkpt>
      <trkpt lat="41.3726" lon="-124.03491">
        <ele>214.0</ele>
      </trkpt>
      <trkpt lat="41.37265" lon="-124.03504">
        <ele>209.0</ele>
      </trkpt>
      <trkpt lat="41.37266" lon="-124.03517">
        <ele>205.0</ele>
      </trkpt>
      <trkpt lat="41.37246" lon="-124.03564">
        <ele>207.0</ele>
      </trkpt>
      <trkpt lat="41.37246" lon="-124.03564">
        <ele>207.0</ele>
      </trkpt>
      <trkpt lat="41.37243" lon="-124.03581">
        <ele>207.0</ele>
      </trkpt>
      <trkpt lat="41.37246" lon="-124.0359">
        <ele>207.0</ele>
      </trkpt>
      <trkpt lat="41.37257" lon="-124.03594">
        <ele>207.0</ele>
      </trkpt>
      <trkpt lat="41.37262" lon="-124.03605">
        <ele>210.0</ele>
      </trkpt>
      <trkpt lat="41.37267" lon="-124.03624">
        <ele>200.0</ele>
      </trkpt>
      <trkpt lat="41.37274" lon="-124.03623">
        <ele>200.0</ele>
      </trkpt>
      <trkpt lat="41.37279" lon="-124.03617">
        <ele>200.0</ele>
      </trkpt>
      <trkpt lat="41.37287" lon="-124.03615">
        <ele>200.0</ele>
      </trkpt>
      <trkpt lat="41.37343" lon="-124.03618">
        <ele>196.0</ele>
      </trkpt>
      <trkpt lat="41.3735" lon="-124.03609">
        <ele>199.0</ele>
      </trkpt>
      <trkpt lat="41.37363" lon="-124.03575">
        <ele>197.0</ele>
      </trkpt>
      <trkpt lat="41.37372" lon="-124.03564">
        <ele>195.0</ele>
      </trkpt>
      <trkpt lat="41.37372" lon="-124.03564">
        <ele>195.0</ele>
      </trkpt>
      <trkpt lat="41.37388" lon="-124.03544">
        <ele>197.0</ele>
      </trkpt>
      <trkpt lat="41.37401" lon="-124.0354">
        <ele>186.0</ele>
      </trkpt>
      <trkpt lat="41.37414" lon="-124.03564">
        <ele>196.0</ele>
      </trkpt>
      <trkpt lat="41.37414" lon="-124.03564">
        <ele>196.0</ele>
      </trkpt>
      <trkpt lat="41.37421" lon="-124.03577">
        <ele>199.0</ele>
      </trkpt>
      <trkpt lat="41.37446" lon="-124.03572">
        <ele>194.0</ele>
      </trkpt>
      <trkpt lat="41.3746" lon="-124.03573">
        <ele>191.0</ele>
      </trkpt>
      <trkpt lat="41.37474" lon="-124.0358">
        <ele>191.0</ele>
      </trkpt>
      <trkpt lat="41.37483" lon="-124.03574">
        <ele>191.0</ele>
      </trkpt>
      <trkpt lat="41.37489" lon="-124.03564">
        <ele>182.0</ele>
      </trkpt>
      <trkpt lat="41.37489" lon="-124.03564">
        <ele>182.0</ele>
      </trkpt>
      <trkpt lat="41.37491" lon="-124.0356">
        <ele>182.0</ele>
      </trkpt>
      <trkpt lat="41.37495" lon="-124.03538">
        <ele>176.0</ele>
      </trkpt>
      <trkpt lat="41.37502" lon="-124.03521">
        <ele>176.0</ele>
      </trkpt>
      <trkpt lat="41.37507" lon="-124.03514">
        <ele>176.0</ele>
      </trkpt>
      <trkpt lat="41.37527" lon="-124.03513">
        <ele>167.0</ele>
      </trkpt>
      <trkpt lat="41.37535" lon="-124.03502">
        <ele>167.0</ele>
      </trkpt>
      <trkpt lat="41.37549" lon="-124.03468">
        <ele>165.0</ele>
      </trkpt>
      <trkpt lat="41.37554" lon="-124.0346">
        <ele>165.0</ele>
      </trkpt>
      <trkpt lat="41.37563" lon="-124.03455">
        <ele>156.0</ele>
      </trkpt>
      <trkpt lat="41.37574" lon="-124.03455">
        <ele>155.0</ele>
      </trkpt>
      <trkpt lat="41.37605" lon="-124.0348">
        <ele>156.0</ele>
      </trkpt>
      <trkpt lat="41.3761" lon="-124.035">
        <ele>167.0</ele>
      </trkpt>
      <trkpt lat="41.37626" lon="-124.03534">
        <ele>169.0</ele>
      </trkpt>
      <trkpt lat="41.37635" lon="-124.03532">
        <ele>169.0</ele>
      </trkpt>
      <trkpt lat="41.37653" lon="-124.03519">
        <ele>163.0</ele>
      </trkpt>
      <trkpt lat="41.3767" lon="-124.03512">
        <ele>154.0</ele>
      </trkpt>
      <trkpt lat="41.37681" lon="-124.03514">
        <ele>155.0</ele>
      </trkpt>
      <trkpt lat="41.37681" lon="-124.03514">
        <ele>155.0</ele>
      </trkpt>
      <trkpt lat="41.37687" lon="-124.03515">
        <ele>155.0</ele>
      </trkpt>
      <trkpt lat="41.37698" lon="-124.0353">
        <ele>155.0</ele>
      </trkpt>
      <trkpt lat="41.3773" lon="-124.03564">
        <ele>149.0</ele>
      </trkpt>
      <trkpt lat="41.3773" lon="-124.03564">
        <ele>149.0</ele>
      </trkpt>
      <trkpt lat="41.37745" lon="-124.03571">
        <ele>147.0</ele>
      </trkpt>
      <trkpt lat="41.37786" lon="-124.0361">
        <ele>144.0</ele>
      </trkpt>
      <trkpt lat="41.37786" lon="-124.03622">
        <ele>144.0</ele>
      </trkpt>
      <trkpt lat="41.37767" lon="-124.03659">
        <ele>149.0</ele>
      </trkpt>
      <trkpt lat="41.37754" lon="-124.03673">
        <ele>154.0</ele>
      </trkpt>
      <trkpt lat="41.3775" lon="-124.03687">
        <ele>154.0</ele>
      </trkpt>
      <trkpt lat="41.3775" lon="-124.03687">
        <ele>154.0</ele>
      </trkpt>
      <trkpt lat="41.37755" lon="-124.03701">
        <ele>154.0</ele>
      </trkpt>
      <trkpt lat="41.37755" lon="-124.03701">
        <ele>154.0</ele>
      </trkpt>
      <trkpt lat="41.37765" lon="-124.0371">
        <ele>150.0</ele>
      </trkpt>
      <trkpt lat="41.37779" lon="-124.03711">
        <ele>150.0</ele>
      </trkpt>
      <trkpt lat="41.37786" lon="-124.03715">
        <ele>150.0</ele>
      </trkpt>
      <trkpt lat="41.37794" lon="-124.03713">
        <ele>150.0</ele>
      </trkpt>
      <trkpt lat="41.37806" lon="-124.03698">
        <ele>149.0</ele>
      </trkpt>
      <trkpt lat="41.37823" lon="-124.03692">
        <ele>148.0</ele>
      </trkpt>
      <trkpt lat="41.37847" lon="-124.037">
        <ele>148.0</ele>
      </trkpt>
      <trkpt lat="41.37866" lon="-124.03726">
        <ele>150.0</ele>
      </trkpt>
      <trkpt lat="41.37907" lon="-124.0377">
        <ele>141.0</ele>
      </trkpt>
      <trkpt lat="41.3794" lon="-124.0381">
        <ele>138.0</ele>
      </trkpt>
      <trkpt lat="41.37957" lon="-124.03838">
        <ele>142.0</ele>
      </trkpt>
      <trkpt lat="41.37969" lon="-124.03843">
        <ele>137.0</ele>
      </trkpt>
      <trkpt lat="41.37979" lon="-124.03852">
        <ele>143.0</ele>
      </trkpt>
      <trkpt lat="41.3802" lon="-124.03873">
        <ele>139.0</ele>
      </trkpt>
      <trkpt lat="41.38091" lon="-124.03902">
        <ele>136.0</ele>
      </trkpt>
      <trkpt lat="41.38101" lon="-124.03904">
        <ele>138.0</ele>
      </trkpt>
      <trkpt lat="41.38135" lon="-124.03921">
        <ele>141.0</ele>
      </trkpt>
      <trkpt lat="41.3816" lon="-124.03939">
        <ele>147.0</ele>
      </trkpt>
      <trkpt lat="41.38182" lon="-124.03962">
        <ele>151.0</ele>
      </trkpt>
      <trkpt lat="41.38199" lon="-124.03986">
        <ele>151.0</ele>
      </trkpt>
      <trkpt lat="41.38216" lon="-124.04031">
        <ele>147.0</ele>
      </trkpt>
      <trkpt lat="41.3823" lon="-124.04048">
        <ele>149.0</ele>
      </trkpt>
      <trkpt lat="41.38239" lon="-124.04063">
        <ele>142.0</ele>
      </trkpt>
      <trkpt lat="41.38253" lon="-124.04104">
        <ele>149.0</ele>
      </trkpt>
      <trkpt lat="41.38267" lon="-124.04127">
        <ele>144.0</ele>
      </trkpt>
      <trkpt lat="41.38288" lon="-124.04171">
        <ele>151.0</ele>
      </trkpt>
      <trkpt lat="41.38322" lon="-124.04198">
        <ele>138.0</ele>
      </trkpt>
      <trkpt lat="41.38335" lon="-124.04216">
        <ele>146.0</ele>
      </trkpt>
      <trkpt lat="41.38352" lon="-124.04228">
        <ele>142.0</ele>
      </trkpt>
      <trkpt lat="41.38385" lon="-124.04229">
        <ele>142.0</ele>
      </trkpt>
      <trkpt lat="41.38421" lon="-124.04259">
        <ele>144.0</ele>
      </trkpt>
      <trkpt lat="41.38423" lon="-124.0428">
        <ele>143.0</ele>
      </trkpt>
      <trkpt lat="41.38439" lon="-124.04332">
        <ele>142.0</ele>
      </trkpt>
      <trkpt lat="41.38452" lon="-124.04361">
        <ele>143.0</ele>
      </trkpt>
      <trkpt lat="41.38466" lon="-124.04388">
        <ele>144.0</ele>
      </trkpt>
      <trkpt lat="41.3849" lon="-124.04411">
        <ele>145.0</ele>
      </trkpt>
      <trkpt lat="41.385" lon="-124.04414">
        <ele>145.0</ele>
      </trkpt>
      <trkpt lat="41.38506" lon="-124.04419">
        <ele>145.0</ele>
      </trkpt>
      <trkpt lat="41.38513" lon="-124.04445">
        <ele>142.0</ele>
      </trkpt>
      <trkpt lat="41.3853" lon="-124.04474">
        <ele>144.0</ele>
      </trkpt>
      <trkpt lat="41.3854" lon="-124.04482">
        <ele>144.0</ele>
      </trkpt>
      <trkpt lat="41.38559" lon="-124.0452">
        <ele>147.0</ele>
      </trkpt>
      <trkpt lat="41.38568" lon="-124.04532">
        <ele>147.0</ele>
      </trkpt>
      <trkpt lat="41.38572" lon="-124.04545">
        <ele>149.0</ele>
      </trkpt>
      <trkpt lat="41.38579" lon="-124.04554">
        <ele>149.0</ele>
      </trkpt>
      <trkpt lat="41.38598" lon="-124.04569">
        <ele>150.0</ele>
      </trkpt>
      <trkpt lat="41.38625" lon="-124.04581">
        <ele>154.0</ele>
      </trkpt>
      <trkpt lat="41.38646" lon="-124.04608">
        <ele>153.0</ele>
      </trkpt>
      <trkpt lat="41.38657" lon="-124.04617">
        <ele>158.0</ele>
      </trkpt>
      <trkpt lat="41.38662" lon="-124.04629">
        <ele>158.0</ele>
      </trkpt>
      <trkpt lat="41.38685" lon="-124.04662">
        <ele>156.0</ele>
      </trkpt>
      <trkpt lat="41.38688" lon="-124.0467">
        <ele>156.0</ele>
      </trkpt>
      <trkpt lat="41.38682" lon="-124.04683">
        <ele>158.0</ele>
      </trkpt>
      <trkpt lat="41.38684" lon="-124.0469">
        <ele>158.0</ele>
      </trkpt>
      <trkpt lat="41.38682" lon="-124.04692">
        <ele>158.0</ele>
      </trkpt>
      <trkpt lat="41.3868" lon="-124.04689">
        <ele>163.0</ele>
      </trkpt>
      <trkpt lat="41.38672" lon="-124.04699">
        <ele>163.0</ele>
      </trkpt>
      <trkpt lat="41.38681" lon="-124.04715">
        <ele>159.0</ele>
      </trkpt>
      <trkpt lat="41.38685" lon="-124.04728">
        <ele>159.0</ele>
      </trkpt>
      <trkpt lat="41.38697" lon="-124.04746">
        <ele>158.0</ele>
      </trkpt>
      <trkpt lat="41.38732" lon="-124.0478">
        <ele>153.0</ele>
      </trkpt>
      <trkpt lat="41.38734" lon="-124.04789">
        <ele>153.0</ele>
      </trkpt>
      <trkpt lat="41.38734" lon="-124.04813">
        <ele>154.0</ele>
      </trkpt>
      <trkpt lat="41.38739" lon="-124.04824">
        <ele>156.0</ele>
      </trkpt>
      <trkpt lat="41.38745" lon="-124.04828">
        <ele>156.0</ele>
      </trkpt>
      <trkpt lat="41.3875" lon="-124.04827">
        <ele>156.0</ele>
      </trkpt>
      <trkpt lat="41.38768225659018" lon="-124.0481896835365">
        <ele>152.0</ele>
      </trkpt>
      <trkpt lat="41.38768225667246" lon="-124.0481896835365">
        <ele>152.0</ele>
      </trkpt>
      <trkpt lat="41.38774095282484" lon="-124.0481638173992">
        <ele>152.0</ele>
      </trkpt>
      <trkpt lat="41.38774" lon="-124.04816">
        <ele>152.0</ele>
      </trkpt>
      <trkpt lat="41.38807" lon="-124.04814">
        <ele>150.0</ele>
      </trkpt>
      <trkpt lat="41.38845" lon="-124.04848">
        <ele>153.0</ele>
      </trkpt>
      <trkpt lat="41.3887" lon="-124.04937">
        <ele>161.0</ele>
      </trkpt>
      <trkpt lat="41.38876" lon="-124.04993">
        <ele>165.0</ele>
      </trkpt>
      <trkpt lat="41.38927" lon="-124.05067">
        <ele>166.0</ele>
      </trkpt>
      <trkpt lat="41.38933" lon="-124.05092">
        <ele>162.0</ele>
      </trkpt>
      <trkpt lat="41.38898" lon="-124.05088">
        <ele>172.0</ele>
      </trkpt>
      <trkpt lat="41.38862" lon="-124.05127">
        <ele>180.0</ele>
      </trkpt>
      <trkpt lat="41.38862" lon="-124.05175">
        <ele>182.0</ele>
      </trkpt>
      <trkpt lat="41.38899" lon="-124.05224">
        <ele>188.0</ele>
      </trkpt>
      <trkpt lat="41.38921" lon="-124.05266">
        <ele>185.0</ele>
      </trkpt>
      <trkpt lat="41.3895" lon="-124.05261">
        <ele>183.0</ele>
      </trkpt>
      <trkpt lat="41.3899" lon="-124.05284">
        <ele>181.0</ele>
      </trkpt>
      <trkpt lat="41.39028" lon="-124.053">
        <ele>181.0</ele>
      </trkpt>
      <trkpt lat="41.3902" lon="-124.05335">
        <ele>184.0</ele>
      </trkpt>
      <trkpt lat="41.38974" lon="-124.053">
        <ele>186.0</ele>
      </trkpt>
      <trkpt lat="41.38936" lon="-124.05305">
        <ele>184.0</ele>
      </trkpt>
      <trkpt lat="41.38911" lon="-124.05285">
        <ele>185.0</ele>
      </trkpt>
      <trkpt lat="41.389" lon="-124.05264">
        <ele>187.0</ele>
      </trkpt>
      <trkpt lat="41.3882" lon="-124.05196">
        <ele>189.0</ele>
      </trkpt>
      <trkpt lat="41.38761" lon="-124.05141">
        <ele>191.0</ele>
      </trkpt>
      <trkpt lat="41.38732" lon="-124.05152">
        <ele>182.0</ele>
      </trkpt>
      <trkpt lat="41.3873" lon="-124.05192">
        <ele>179.0</ele>
      </trkpt>
      <trkpt lat="41.38686" lon="-124.05201">
        <ele>179.0</ele>
      </trkpt>
      <trkpt lat="41.38653" lon="-124.05185">
        <ele>180.0</ele>
      </trkpt>
      <trkpt lat="41.38617" lon="-124.05148">
        <ele>187.0</ele>
      </trkpt>
      <trkpt lat="41.38567" lon="-124.05143">
        <ele>181.0</ele>
      </trkpt>
      <trkpt lat="41.38565486757005" lon="-124.0514034160014">
        <ele>181.0</ele>
      </trkpt>
      <trkpt lat="41.38565486761134" lon="-124.0514034160015">
        <ele>181.0</ele>
      </trkpt>
      <trkpt lat="41.3853" lon="-124.05078">
        <ele>180.0</ele>
      </trkpt>
      <trkpt lat="41.38532" lon="-124.04964">
        <ele>187.0</ele>
      </trkpt>
      <trkpt lat="41.38517" lon="-124.04858">
        <ele>180.0</ele>
      </trkpt>
      <trkpt lat="41.38489" lon="-124.04842">
        <ele>172.0</ele>
      </trkpt>
      <trkpt lat="41.38443" lon="-124.04823">
        <ele>183.0</ele>
      </trkpt>
      <trkpt lat="41.38353" lon="-124.04874">
        <ele>185.0</ele>
      </trkpt>
      <trkpt lat="41.3824" lon="-124.04893">
        <ele>193.0</ele>
      </trkpt>
      <trkpt lat="41.38229" lon="-124.04925">
        <ele>192.0</ele>
      </trkpt>
      <trkpt lat="41.38203840994746" lon="-124.0492171839062">
        <ele>198.0</ele>
      </trkpt>
      <trkpt lat="41.38203841079552" lon="-124.0492171839062">
        <ele>198.0</ele>
      </trkpt>
      <trkpt lat="41.3816" lon="-124.04916">
        <ele>199.0</ele>
      </trkpt>
      <trkpt lat="41.3813" lon="-124.04941">
        <ele>193.0</ele>
      </trkpt>
      <trkpt lat="41.38026" lon="-124.04932">
        <ele>191.0</ele>
      </trkpt>
      <trkpt lat="41.37985" lon="-124.04882">
        <ele>197.0</ele>
      </trkpt>
      <trkpt lat="41.37964" lon="-124.04879">
        <ele>197.0</ele>
      </trkpt>
      <trkpt lat="41.37943" lon="-124.04882">
        <ele>199.0</ele>
      </trkpt>
      <trkpt lat="41.37943" lon="-124.04882">
        <ele>199.0</ele>
      </trkpt>
      <trkpt lat="41.37933" lon="-124.04888">
        <ele>199.0</ele>
      </trkpt>
      <trkpt lat="41.37906" lon="-124.04885">
        <ele>197.0</ele>
      </trkpt>
      <trkpt lat="41.37898" lon="-124.04897">
        <ele>194.0</ele>
      </trkpt>
      <trkpt lat="41.37897612663675" lon="-124.0489741961435">
        <ele>194.0</ele>
      </trkpt>
      <trkpt lat="41.3789761266438" lon="-124.0489741961435">
        <ele>194.0</ele>
      </trkpt>
      <trkpt lat="41.37874" lon="-124.04923">
        <ele>191.0</ele>
      </trkpt>
      <trkpt lat="41.37866" lon="-124.04942">
        <ele>187.0</ele>
      </trkpt>
      <trkpt lat="41.37854" lon="-124.04949">
        <ele>187.0</ele>
      </trkpt>
      <trkpt lat="41.37826" lon="-124.04973">
        <ele>182.0</ele>
      </trkpt>
      <trkpt lat="41.37815" lon="-124.04992">
        <ele>177.0</ele>
      </trkpt>
      <trkpt lat="41.37812" lon="-124.05002">
        <ele>177.0</ele>
      </trkpt>
      <trkpt lat="41.37797" lon="-124.05025">
        <ele>175.0</ele>
      </trkpt>
      <trkpt lat="41.37803" lon="-124.0505">
        <ele>175.0</ele>
      </trkpt>
      <trkpt lat="41.37803" lon="-124.0507">
        <ele>178.0</ele>
      </trkpt>
      <trkpt lat="41.37807" lon="-124.05081">
        <ele>178.0</ele>
      </trkpt>
      <trkpt lat="41.37831" lon="-124.051">
        <ele>178.0</ele>
      </trkpt>
      <trkpt lat="41.37862" lon="-124.05113">
        <ele>174.0</ele>
      </trkpt>
      <trkpt lat="41.37876" lon="-124.05134">
        <ele>169.0</ele>
      </trkpt>
      <trkpt lat="41.37876" lon="-124.05134">
        <ele>169.0</ele>
      </trkpt>
      <trkpt lat="41.37884" lon="-124.05147">
        <ele>169.0</ele>
      </trkpt>
      <trkpt lat="41.37884" lon="-124.05147">
        <ele>169.0</ele>
      </trkpt>
      <trkpt lat="41.37889" lon="-124.05159">
        <ele>169.0</ele>
      </trkpt>
      <trkpt lat="41.37888" lon="-124.05176">
        <ele>169.0</ele>
      </trkpt>
      <trkpt lat="41.37862" lon="-124.05236">
        <ele>169.0</ele>
      </trkpt>
      <trkpt lat="41.37857" lon="-124.05243">
        <ele>159.0</ele>
      </trkpt>
      <trkpt lat="41.37837" lon="-124.05247">
        <ele>166.0</ele>
      </trkpt>
      <trkpt lat="41.37824" lon="-124.05255">
        <ele>166.0</ele>
      </trkpt>
      <trkpt lat="41.37814" lon="-124.05271">
        <ele>165.0</ele>
      </trkpt>
      <trkpt lat="41.37818" lon="-124.05281">
        <ele>165.0</ele>
      </trkpt>
      <trkpt lat="41.37829" lon="-124.05288">
        <ele>157.0</ele>
      </trkpt>
      <trkpt lat="41.37829" lon="-124.053">
        <ele>151.0</ele>
      </trkpt>
      <trkpt lat="41.37825" lon="-124.05314">
        <ele>151.0</ele>
      </trkpt>
      <trkpt lat="41.37809" lon="-124.05341">
        <ele>153.0</ele>
      </trkpt>
      <trkpt lat="41.37812" lon="-124.05342">
        <ele>153.0</ele>
      </trkpt>
      <trkpt lat="41.37815" lon="-124.05337">
        <ele>153.0</ele>
      </trkpt>
      <trkpt lat="41.37853" lon="-124.05322">
        <ele>142.0</ele>
      </trkpt>
      <trkpt lat="41.37853" lon="-124.05316">
        <ele>145.0</ele>
      </trkpt>
      <trkpt lat="41.37848" lon="-124.05314">
        <ele>145.0</ele>
      </trkpt>
      <trkpt lat="41.37842" lon="-124.05299">
        <ele>151.0</ele>
      </trkpt>
      <trkpt lat="41.37839" lon="-124.05282">
        <ele>157.0</ele>
      </trkpt>
      <trkpt lat="41.37834" lon="-124.05271">
        <ele>157.0</ele>
      </trkpt>
      <trkpt lat="41.37829" lon="-124.05266">
        <ele>157.0</ele>
      </trkpt>
      <trkpt lat="41.3783" lon="-124.05264">
        <ele>157.0</ele>
      </trkpt>
      <trkpt lat="41.37866" lon="-124.05275">
        <ele>152.0</ele>
      </trkpt>
      <trkpt lat="41.37886" lon="-124.05285">
        <ele>149.0</ele>
      </trkpt>
      <trkpt lat="41.37893" lon="-124.05282">
        <ele>149.0</ele>
      </trkpt>
      <trkpt lat="41.37897" lon="-124.05274">
        <ele>149.0</ele>
      </trkpt>
      <trkpt lat="41.37897" lon="-124.05259">
        <ele>156.0</ele>
      </trkpt>
      <trkpt lat="41.379" lon="-124.05252">
        <ele>156.0</ele>
      </trkpt>
      <trkpt lat="41.37918" lon="-124.05235">
        <ele>155.0</ele>
      </trkpt>
      <trkpt lat="41.37922" lon="-124.05226">
        <ele>155.0</ele>
      </trkpt>
      <trkpt lat="41.37924275522844" lon="-124.0519035014211">
        <ele>163.0</ele>
      </trkpt>
      <trkpt lat="41.3792427552297" lon="-124.051903501421">
        <ele>163.0</ele>
      </trkpt>
      <trkpt lat="41.37925" lon="-124.05179">
        <ele>166.0</ele>
      </trkpt>
      <trkpt lat="41.37932" lon="-124.05165">
        <ele>163.0</ele>
      </trkpt>
      <trkpt lat="41.3793" lon="-124.05095">
        <ele>161.0</ele>
      </trkpt>
      <trkpt lat="41.37938" lon="-124.05103">
        <ele>162.0</ele>
      </trkpt>
      <trkpt lat="41.37942" lon="-124.05113">
        <ele>162.0</ele>
      </trkpt>
      <trkpt lat="41.37984" lon="-124.05112">
        <ele>162.0</ele>
      </trkpt>
      <trkpt lat="41.37982" lon="-124.05116">
        <ele>162.0</ele>
      </trkpt>
      <trkpt lat="41.37958" lon="-124.05125">
        <ele>162.0</ele>
      </trkpt>
      <trkpt lat="41.37954" lon="-124.05144">
        <ele>163.0</ele>
      </trkpt>
      <trkpt lat="41.37963" lon="-124.05179">
        <ele>161.0</ele>
      </trkpt>
      <trkpt lat="41.37965" lon="-124.05201">
        <ele>161.0</ele>
      </trkpt>
      <trkpt lat="41.37972" lon="-124.0522">
        <ele>161.0</ele>
      </trkpt>
      <trkpt lat="41.37972" lon="-124.05231">
        <ele>161.0</ele>
      </trkpt>
      <trkpt lat="41.37976" lon="-124.0524">
        <ele>155.0</ele>
      </trkpt>
      <trkpt lat="41.37982" lon="-124.05242">
        <ele>155.0</ele>
      </trkpt>
      <trkpt lat="41.37986" lon="-124.05261">
        <ele>155.0</ele>
      </trkpt>
      <trkpt lat="41.37971" lon="-124.05264">
        <ele>157.0</ele>
      </trkpt>
      <trkpt lat="41.37965" lon="-124.05274">
        <ele>157.0</ele>
      </trkpt>
      <trkpt lat="41.37962" lon="-124.05264">
        <ele>157.0</ele>
      </trkpt>
      <trkpt lat="41.37959" lon="-124.05278">
        <ele>157.0</ele>
      </trkpt>
      <trkpt lat="41.3796" lon="-124.05288">
        <ele>157.0</ele>
      </trkpt>
      <trkpt lat="41.37953" lon="-124.05315">
        <ele>144.0</ele>
      </trkpt>
      <trkpt lat="41.37954" lon="-124.0533">
        <ele>145.0</ele>
      </trkpt>
      <trkpt lat="41.37951" lon="-124.0534">
        <ele>145.0</ele>
      </trkpt>
      <trkpt lat="41.37943" lon="-124.05353">
        <ele>147.0</ele>
      </trkpt>
      <trkpt lat="41.37942" lon="-124.05368">
        <ele>147.0</ele>
      </trkpt>
      <trkpt lat="41.37947" lon="-124.05378">
        <ele>142.0</ele>
      </trkpt>
      <trkpt lat="41.37955" lon="-124.05382">
        <ele>142.0</ele>
      </trkpt>
      <trkpt lat="41.37962" lon="-124.05397">
        <ele>159.0</ele>
      </trkpt>
      <trkpt lat="41.37951" lon="-124.05415">
        <ele>143.0</ele>
      </trkpt>
      <trkpt lat="41.37945" lon="-124.05417">
        <ele>143.0</ele>
      </trkpt>
      <trkpt lat="41.37936" lon="-124.05415">
        <ele>143.0</ele>
      </trkpt>
      <trkpt lat="41.37933" lon="-124.05422">
        <ele>143.0</ele>
      </trkpt>
      <trkpt lat="41.37937" lon="-124.0543">
        <ele>143.0</ele>
      </trkpt>
      <trkpt lat="41.37959" lon="-124.05439">
        <ele>154.0</ele>
      </trkpt>
      <trkpt lat="41.37965" lon="-124.0545">
        <ele>154.0</ele>
      </trkpt>
      <trkpt lat="41.37942" lon="-124.05481">
        <ele>145.0</ele>
      </trkpt>
      <trkpt lat="41.37938" lon="-124.05485">
        <ele>145.0</ele>
      </trkpt>
      <trkpt lat="41.37928" lon="-124.05485">
        <ele>140.0</ele>
      </trkpt>
      <trkpt lat="41.37917" lon="-124.0549">
        <ele>141.0</ele>
      </trkpt>
      <trkpt lat="41.37918" lon="-124.05501">
        <ele>141.0</ele>
      </trkpt>
      <trkpt lat="41.37923" lon="-124.05508">
        <ele>141.0</ele>
      </trkpt>
      <trkpt lat="41.37923" lon="-124.05522">
        <ele>143.0</ele>
      </trkpt>
      <trkpt lat="41.37921" lon="-124.05533">
        <ele>143.0</ele>
      </trkpt>
      <trkpt lat="41.37913" lon="-124.05545">
        <ele>153.0</ele>
      </trkpt>
      <trkpt lat="41.37905" lon="-124.05551">
        <ele>153.0</ele>
      </trkpt>
      <trkpt lat="41.37894" lon="-124.05552">
        <ele>143.0</ele>
      </trkpt>
      <trkpt lat="41.37884" lon="-124.05544">
        <ele>143.0</ele>
      </trkpt>
      <trkpt lat="41.37861" lon="-124.05561">
        <ele>137.0</ele>
      </trkpt>
      <trkpt lat="41.37856" lon="-124.05576">
        <ele>141.0</ele>
      </trkpt>
      <trkpt lat="41.37857" lon="-124.05595">
        <ele>141.0</ele>
      </trkpt>
      <trkpt lat="41.37855" lon="-124.05605">
        <ele>144.0</ele>
      </trkpt>
      <trkpt lat="41.37848" lon="-124.0561">
        <ele>144.0</ele>
      </trkpt>
      <trkpt lat="41.37832" lon="-124.05608">
        <ele>141.0</ele>
      </trkpt>
      <trkpt lat="41.37825" lon="-124.05609">
        <ele>141.0</ele>
      </trkpt>
      <trkpt lat="41.37816" lon="-124.05633">
        <ele>143.0</ele>
      </trkpt>
      <trkpt lat="41.37816" lon="-124.05644">
        <ele>143.0</ele>
      </trkpt>
      <trkpt lat="41.37813" lon="-124.05648">
        <ele>143.0</ele>
      </trkpt>
      <trkpt lat="41.37807" lon="-124.05645">
        <ele>143.0</ele>
      </trkpt>
      <trkpt lat="41.37803" lon="-124.05635">
        <ele>143.0</ele>
      </trkpt>
      <trkpt lat="41.37787" lon="-124.05622">
        <ele>129.0</ele>
      </trkpt>
      <trkpt lat="41.37778" lon="-124.0562">
        <ele>129.0</ele>
      </trkpt>
      <trkpt lat="41.37772" lon="-124.05622">
        <ele>129.0</ele>
      </trkpt>
      <trkpt lat="41.37766" lon="-124.05628">
        <ele>135.0</ele>
      </trkpt>
      <trkpt lat="41.37764" lon="-124.05636">
        <ele>135.0</ele>
      </trkpt>
      <trkpt lat="41.37757" lon="-124.05647">
        <ele>129.0</ele>
      </trkpt>
      <trkpt lat="41.37741" lon="-124.05647">
        <ele>129.0</ele>
      </trkpt>
      <trkpt lat="41.37721" lon="-124.05669">
        <ele>128.0</ele>
      </trkpt>
      <trkpt lat="41.37707" lon="-124.05691">
        <ele>118.0</ele>
      </trkpt>
      <trkpt lat="41.377" lon="-124.05696">
        <ele>118.0</ele>
      </trkpt>
      <trkpt lat="41.37681" lon="-124.05694">
        <ele>118.0</ele>
      </trkpt>
      <trkpt lat="41.37681" lon="-124.05694">
        <ele>118.0</ele>
      </trkpt>
      <trkpt lat="41.37667" lon="-124.05691">
        <ele>104.0</ele>
      </trkpt>
      <trkpt lat="41.37654" lon="-124.057">
        <ele>104.0</ele>
      </trkpt>
      <trkpt lat="41.37628" lon="-124.05701">
        <ele>94.0</ele>
      </trkpt>
      <trkpt lat="41.37616" lon="-124.05707">
        <ele>89.0</ele>
      </trkpt>
      <trkpt lat="41.37595" lon="-124.05728">
        <ele>89.0</ele>
      </trkpt>
      <trkpt lat="41.3759" lon="-124.0574">
        <ele>84.0</ele>
      </trkpt>
      <trkpt lat="41.3759" lon="-124.05753">
        <ele>84.0</ele>
      </trkpt>
      <trkpt lat="41.37594" lon="-124.05762">
        <ele>84.0</ele>
      </trkpt>
      <trkpt lat="41.37594" lon="-124.05762">
        <ele>84.0</ele>
      </trkpt>
      <trkpt lat="41.37621" lon="-124.05804">
        <ele>77.0</ele>
      </trkpt>
      <trkpt lat="41.37639" lon="-124.05823">
        <ele>70.0</ele>
      </trkpt>
      <trkpt lat="41.37651" lon="-124.05841">
        <ele>70.0</ele>
      </trkpt>
      <trkpt lat="41.37654" lon="-124.0585">
        <ele>63.0</ele>
      </trkpt>
      <trkpt lat="41.37681" lon="-124.0588">
        <ele>62.0</ele>
      </trkpt>
      <trkpt lat="41.37681" lon="-124.0588">
        <ele>62.0</ele>
      </trkpt>
      <trkpt lat="41.37697" lon="-124.05904">
        <ele>64.0</ele>
      </trkpt>
      <trkpt lat="41.37704858568127" lon="-124.0590961326295">
        <ele>64.0</ele>
      </trkpt>
      <trkpt lat="41.37704858571838" lon="-124.0590961326295">
        <ele>64.0</ele>
      </trkpt>
      <trkpt lat="41.37711" lon="-124.05914">
        <ele>65.0</ele>
      </trkpt>
      <trkpt lat="41.37713" lon="-124.05916">
        <ele>65.0</ele>
      </trkpt>
      <trkpt lat="41.37716" lon="-124.05923">
        <ele>65.0</ele>
      </trkpt>
      <trkpt lat="41.37727" lon="-124.05928">
        <ele>65.0</ele>
      </trkpt>
      <trkpt lat="41.37746" lon="-124.05945">
        <ele>69.0</ele>
      </trkpt>
      <trkpt lat="41.37768" lon="-124.05962">
        <ele>71.0</ele>
      </trkpt>
      <trkpt lat="41.37775" lon="-124.05962">
        <ele>71.0</ele>
      </trkpt>
      <trkpt lat="41.37775" lon="-124.05962">
        <ele>71.0</ele>
      </trkpt>
      <trkpt lat="41.37776" lon="-124.05959">
        <ele>71.0</ele>
      </trkpt>
      <trkpt lat="41.37776" lon="-124.05959">
        <ele>71.0</ele>
      </trkpt>
      <trkpt lat="41.37782" lon="-124.05957">
        <ele>75.0</ele>
      </trkpt>
      <trkpt lat="41.37791" lon="-124.05979">
        <ele>71.0</ele>
      </trkpt>
      <trkpt lat="41.378" lon="-124.05986">
        <ele>78.0</ele>
      </trkpt>
      <trkpt lat="41.378" lon="-124.05986">
        <ele>78.0</ele>
      </trkpt>
      <trkpt lat="41.37803" lon="-124.05988">
        <ele>73.0</ele>
      </trkpt>
      <trkpt lat="41.37803" lon="-124.05988">
        <ele>73.0</ele>
      </trkpt>
      <trkpt lat="41.37811" lon="-124.05995">
        <ele>73.0</ele>
      </trkpt>
      <trkpt lat="41.37813" lon="-124.05997">
        <ele>73.0</ele>
      </trkpt>
      <trkpt lat="41.37834" lon="-124.06018">
        <ele>73.0</ele>
      </trkpt>
      <trkpt lat="41.37836" lon="-124.06019">
        <ele>73.0</ele>
      </trkpt>
      <trkpt lat="41.37845" lon="-124.06026">
        <ele>73.0</ele>
      </trkpt>
      <trkpt lat="41.37852" lon="-124.06039">
        <ele>70.0</ele>
      </trkpt>
      <trkpt lat="41.37905" lon="-124.06085">
        <ele>69.0</ele>
      </trkpt>
      <trkpt lat="41.37919" lon="-124.06101">
        <ele>65.0</ele>
      </trkpt>
      <trkpt lat="41.37936" lon="-124.06106">
        <ele>67.0</ele>
      </trkpt>
      <trkpt lat="41.37947" lon="-124.06106">
        <ele>67.0</ele>
      </trkpt>
      <trkpt lat="41.37947" lon="-124.06106">
        <ele>67.0</ele>
      </trkpt>
      <trkpt lat="41.37948" lon="-124.06101">
        <ele>67.0</ele>
      </trkpt>
      <trkpt lat="41.37948" lon="-124.06101">
        <ele>67.0</ele>
      </trkpt>
      <trkpt lat="41.37953" lon="-124.06099">
        <ele>67.0</ele>
      </trkpt>
      <trkpt lat="41.37957" lon="-124.06101">
        <ele>67.0</ele>
      </trkpt>
      <trkpt lat="41.37969" lon="-124.06115">
        <ele>65.0</ele>
      </trkpt>
      <trkpt lat="41.38012" lon="-124.06177">
        <ele>60.0</ele>
      </trkpt>
      <trkpt lat="41.38034" lon="-124.06214">
        <ele>57.0</ele>
      </trkpt>
      <trkpt lat="41.38034" lon="-124.06214">
        <ele>57.0</ele>
      </trkpt>
      <trkpt lat="41.38039" lon="-124.06224">
        <ele>57.0</ele>
      </trkpt>
      <trkpt lat="41.38039" lon="-124.06224">
        <ele>57.0</ele>
      </trkpt>
      <trkpt lat="41.38043" lon="-124.06233">
        <ele>60.0</ele>
      </trkpt>
      <trkpt lat="41.38061" lon="-124.06246">
        <ele>58.0</ele>
      </trkpt>
      <trkpt lat="41.38071" lon="-124.06262">
        <ele>60.0</ele>
      </trkpt>
      <trkpt lat="41.3809" lon="-124.06278">
        <ele>59.0</ele>
      </trkpt>
      <trkpt lat="41.38099" lon="-124.0629">
        <ele>68.0</ele>
      </trkpt>
      <trkpt lat="41.38126" lon="-124.06299">
        <ele>67.0</ele>
      </trkpt>
      <trkpt lat="41.38145" lon="-124.0631">
        <ele>67.0</ele>
      </trkpt>
      <trkpt lat="41.3817" lon="-124.06337">
        <ele>62.0</ele>
      </trkpt>
      <trkpt lat="41.38212" lon="-124.06365">
        <ele>55.0</ele>
      </trkpt>
      <trkpt lat="41.38232" lon="-124.06388">
        <ele>53.0</ele>
      </trkpt>
      <trkpt lat="41.38232" lon="-124.06388">
        <ele>53.0</ele>
      </trkpt>
      <trkpt lat="41.38236" lon="-124.06395">
        <ele>53.0</ele>
      </trkpt>
      <trkpt lat="41.38236" lon="-124.06395">
        <ele>53.0</ele>
      </trkpt>
      <trkpt lat="41.38237" lon="-124.064">
        <ele>55.0</ele>
      </trkpt>
      <trkpt lat="41.38269" lon="-124.06438">
        <ele>54.0</ele>
      </trkpt>
      <trkpt lat="41.38277" lon="-124.06451">
        <ele>54.0</ele>
      </trkpt>
      <trkpt lat="41.38289" lon="-124.06462">
        <ele>52.0</ele>
      </trkpt>
      <trkpt lat="41.38296" lon="-124.06494">
        <ele>54.0</ele>
      </trkpt>
      <trkpt lat="41.38302" lon="-124.06506">
        <ele>54.0</ele>
      </trkpt>
      <trkpt lat="41.38318" lon="-124.06525">
        <ele>53.0</ele>
      </trkpt>
      <trkpt lat="41.38332" lon="-124.06531">
        <ele>57.0</ele>
      </trkpt>
      <trkpt lat="41.38376" lon="-124.06569">
        <ele>58.0</ele>
      </trkpt>
      <trkpt lat="41.38397" lon="-124.06577">
        <ele>53.0</ele>
      </trkpt>
      <trkpt lat="41.38448" lon="-124.06615">
        <ele>53.0</ele>
      </trkpt>
      <trkpt lat="41.38454" lon="-124.06623">
        <ele>53.0</ele>
      </trkpt>
      <trkpt lat="41.38457" lon="-124.06637">
        <ele>47.0</ele>
      </trkpt>
      <trkpt lat="41.38456" lon="-124.06707">
        <ele>37.0</ele>
      </trkpt>
      <trkpt lat="41.38456" lon="-124.06707">
        <ele>37.0</ele>
      </trkpt>
      <trkpt lat="41.38457" lon="-124.06721">
        <ele>37.0</ele>
      </trkpt>
      <trkpt lat="41.38457" lon="-124.06721">
        <ele>37.0</ele>
      </trkpt>
      <trkpt lat="41.38468" lon="-124.06743">
        <ele>28.0</ele>
      </trkpt>
      <trkpt lat="41.38475043757881" lon="-124.0676569655317">
        <ele>26.0</ele>
      </trkpt>
      <trkpt lat="41.38475043758939" lon="-124.0676569655317">
        <ele>26.0</ele>
      </trkpt>
      <trkpt lat="41.38477" lon="-124.06772">
        <ele>26.0</ele>
      </trkpt>
      <trkpt lat="41.38485" lon="-124.06781">
        <ele>26.0</ele>
      </trkpt>
      <trkpt lat="41.38485" lon="-124.06781">
        <ele>26.0</ele>
      </trkpt>
      <trkpt lat="41.38475" lon="-124.06807">
        <ele>22.0</ele>
      </trkpt>
      <trkpt lat="41.38464" lon="-124.06821">
        <ele>17.0</ele>
      </trkpt>
      <trkpt lat="41.38442" lon="-124.06834">
        <ele>19.0</ele>
      </trkpt>
      <trkpt lat="41.38411" lon="-124.06847">
        <ele>18.0</ele>
      </trkpt>
      <trkpt lat="41.38363971134821" lon="-124.0685468741065">
        <ele>15.0</ele>
      </trkpt>
      <trkpt lat="41.38364" lon="-124.06855">
        <ele>15.0</ele>
      </trkpt>
      <trkpt lat="41.38371" lon="-124.06924">
        <ele>12.0</ele>
      </trkpt>
      <trkpt lat="41.38371" lon="-124.06924">
        <ele>12.0</ele>
      </trkpt>
      <trkpt lat="41.38372912078664" lon="-124.0692337986638">
        <ele>12.0</ele>
      </trkpt>
      <trkpt lat="41.38372912089264" lon="-124.0692337986638">
        <ele>12.0</ele>
      </trkpt>
      <trkpt lat="41.38445" lon="-124.069">
        <ele>11.0</ele>
      </trkpt>
      <trkpt lat="41.38467" lon="-124.06896">
        <ele>10.0</ele>
      </trkpt>
      <trkpt lat="41.38487" lon="-124.06902">
        <ele>12.0</ele>
      </trkpt>
      <trkpt lat="41.38502" lon="-124.06926">
        <ele>11.0</ele>
      </trkpt>
      <trkpt lat="41.38505" lon="-124.06943">
        <ele>11.0</ele>
      </trkpt>
      <trkpt lat="41.38504" lon="-124.06952">
        <ele>11.0</ele>
      </trkpt>
      <trkpt lat="41.385" lon="-124.0696">
        <ele>10.0</ele>
      </trkpt>
      <trkpt lat="41.38448" lon="-124.06985">
        <ele>10.0</ele>
      </trkpt>
      <trkpt lat="41.38407" lon="-124.06983">
        <ele>10.0</ele>
      </trkpt>
      <trkpt lat="41.38375" lon="-124.06987">
        <ele>10.0</ele>
      </trkpt>
      <trkpt lat="41.38370006968971" lon="-124.0698667786897">
        <ele>10.0</ele>
      </trkpt>
      <trkpt lat="41.3837" lon="-124.06987">
        <ele>10.0</ele>
      </trkpt>
      <trkpt lat="41.38373" lon="-124.07005">
        <ele>10.0</ele>
      </trkpt>
      <trkpt lat="41.38368" lon="-124.07025">
        <ele>10.0</ele>
      </trkpt>
      <trkpt lat="41.38367" lon="-124.07044">
        <ele>12.0</ele>
      </trkpt>
      <trkpt lat="41.38371" lon="-124.07074">
        <ele>14.0</ele>
      </trkpt>
      <trkpt lat="41.38371043034993" lon="-124.0707457267748">
        <ele>14.0</ele>
      </trkpt>
      <trkpt lat="41.38554" lon="-124.0705">
        <ele>10.0</ele>
      </trkpt>
      <trkpt lat="41.38815" lon="-124.07028">
        <ele>12.0</ele>
      </trkpt>
      <trkpt lat="41.38971" lon="-124.0702">
        <ele>12.0</ele>
      </trkpt>
      <trkpt lat="41.3917" lon="-124.06981">
        <ele>11.0</ele>
      </trkpt>
      <trkpt lat="41.39242" lon="-124.0696">
        <ele>12.0</ele>
      </trkpt>
      <trkpt lat="41.39329" lon="-124.06949">
        <ele>11.0</ele>
      </trkpt>
      <trkpt lat="41.39329" lon="-124.06949">
        <ele>11.0</ele>
      </trkpt>
      <trkpt lat="41.3941975722594" lon="-124.0693821067943">
        <ele>10.0</ele>
      </trkpt>
      <trkpt lat="41.39419757590647" lon="-124.0693821067943">
        <ele>10.0</ele>
      </trkpt>
      <trkpt lat="41.39472" lon="-124.06932">
        <ele>10.0</ele>
      </trkpt>
      <trkpt lat="41.39651" lon="-124.06917">
        <ele>11.0</ele>
      </trkpt>
      <trkpt lat="41.39804" lon="-124.06912">
        <ele>9.0</ele>
      </trkpt>
      <trkpt lat="41.39894" lon="-124.06893">
        <ele>11.0</ele>
      </trkpt>
      <trkpt lat="41.39968" lon="-124.06835">
        <ele>9.0</ele>
      </trkpt>
      <trkpt lat="41.4004351319684" lon="-124.0669574189674">
        <ele>7.0</ele>
      </trkpt>
      <trkpt lat="41.40043513205478" lon="-124.0669574189674">
        <ele>7.0</ele>
      </trkpt>
      <trkpt lat="41.40045" lon="-124.06693">
        <ele>7.0</ele>
      </trkpt>
      <trkpt lat="41.40063" lon="-124.06635">
        <ele>8.0</ele>
      </trkpt>
      <trkpt lat="41.40062" lon="-124.06604">
        <ele>9.0</ele>
      </trkpt>
      <trkpt lat="41.40061977114402" lon="-124.06603">
        <ele>9.0</ele>
      </trkpt>
      <trkpt lat="41.40066" lon="-124.06603">
        <ele>9.0</ele>
      </trkpt>
      <trkpt lat="41.40073" lon="-124.06596">
        <ele>10.0</ele>
      </trkpt>
      <trkpt lat="41.40073" lon="-124.0659">
        <ele>10.0</ele>
      </trkpt>
      <trkpt lat="41.40064" lon="-124.06555">
        <ele>11.0</ele>
      </trkpt>
      <trkpt lat="41.40064061838498" lon="-124.0655524059703">
        <ele>11.0</ele>
      </trkpt>
      <trkpt lat="41.40076" lon="-124.06549">
        <ele>10.0</ele>
      </trkpt>
      <trkpt lat="41.40076" lon="-124.06549">
        <ele>10.0</ele>
      </trkpt>
      <trkpt lat="41.40105" lon="-124.06537">
        <ele>13.0</ele>
      </trkpt>
      <trkpt lat="41.40113" lon="-124.06528">
        <ele>13.0</ele>
      </trkpt>
      <trkpt lat="41.40143" lon="-124.06517">
        <ele>14.0</ele>
      </trkpt>
      <trkpt lat="41.40159" lon="-124.06507">
        <ele>23.0</ele>
      </trkpt>
      <trkpt lat="41.40204" lon="-124.06494">
        <ele>24.0</ele>
      </trkpt>
      <trkpt lat="41.40216" lon="-124.06486">
        <ele>31.0</ele>
      </trkpt>
      <trkpt lat="41.40226" lon="-124.06474">
        <ele>31.0</ele>
      </trkpt>
      <trkpt lat="41.40294" lon="-124.06413">
        <ele>30.0</ele>
      </trkpt>
      <trkpt lat="41.40314" lon="-124.06407">
        <ele>30.0</ele>
      </trkpt>
      <trkpt lat="41.40333" lon="-124.06412">
        <ele>21.0</ele>
      </trkpt>
      <trkpt lat="41.40333" lon="-124.06412">
        <ele>21.0</ele>
      </trkpt>
      <trkpt lat="41.40354" lon="-124.06409">
        <ele>20.0</ele>
      </trkpt>
      <trkpt lat="41.40361" lon="-124.06403">
        <ele>20.0</ele>
      </trkpt>
      <trkpt lat="41.4036370291975" lon="-124.063986753284">
        <ele>25.0</ele>
      </trkpt>
      <trkpt lat="41.4036370291975" lon="-124.063986753284">
        <ele>25.0</ele>
      </trkpt>
      <trkpt lat="41.40366" lon="-124.06395">
        <ele>25.0</ele>
      </trkpt>
      <trkpt lat="41.40368" lon="-124.06388">
        <ele>25.0</ele>
      </trkpt>
      <trkpt lat="41.40368" lon="-124.06388">
        <ele>25.0</ele>
      </trkpt>
      <trkpt lat="41.40394" lon="-124.06377">
        <ele>25.0</ele>
      </trkpt>
      <trkpt lat="41.40394" lon="-124.06377">
        <ele>25.0</ele>
      </trkpt>
      <trkpt lat="41.40402" lon="-124.06346">
        <ele>42.0</ele>
      </trkpt>
      <trkpt lat="41.40399" lon="-124.06324">
        <ele>42.0</ele>
      </trkpt>
      <trkpt lat="41.40388" lon="-124.06306">
        <ele>48.0</ele>
      </trkpt>
      <trkpt lat="41.40373" lon="-124.06298">
        <ele>39.0</ele>
      </trkpt>
      <trkpt lat="41.40369229975515" lon="-124.0629387092556">
        <ele>39.0</ele>
      </trkpt>
      <trkpt lat="41.4036922998051" lon="-124.0629387092556">
        <ele>39.0</ele>
      </trkpt>
      <trkpt lat="41.40352" lon="-124.06275">
        <ele>44.0</ele>
      </trkpt>
      <trkpt lat="41.40338" lon="-124.06253">
        <ele>42.0</ele>
      </trkpt>
      <trkpt lat="41.40331" lon="-124.06228">
        <ele>51.0</ele>
      </trkpt>
      <trkpt lat="41.4033" lon="-124.06213">
        <ele>51.0</ele>
      </trkpt>
      <trkpt lat="41.40336" lon="-124.0618">
        <ele>56.0</ele>
      </trkpt>
      <trkpt lat="41.40325" lon="-124.06153">
        <ele>56.0</ele>
      </trkpt>
      <trkpt lat="41.40322" lon="-124.06136">
        <ele>66.0</ele>
      </trkpt>
      <trkpt lat="41.4033" lon="-124.06115">
        <ele>84.0</ele>
      </trkpt>
      <trkpt lat="41.40332" lon="-124.06088">
        <ele>93.0</ele>
      </trkpt>
      <trkpt lat="41.40329" lon="-124.06076">
        <ele>93.0</ele>
      </trkpt>
      <trkpt lat="41.40305" lon="-124.06067">
        <ele>74.0</ele>
      </trkpt>
      <trkpt lat="41.40273775435112" lon="-124.0602692847506">
        <ele>70.0</ele>
      </trkpt>
      <trkpt lat="41.40273775435112" lon="-124.0602692847506">
        <ele>70.0</ele>
      </trkpt>
      <trkpt lat="41.40245" lon="-124.0599">
        <ele>78.0</ele>
      </trkpt>
      <trkpt lat="41.40245" lon="-124.0599">
        <ele>78.0</ele>
      </trkpt>
      <trkpt lat="41.40239" lon="-124.05979">
        <ele>104.0</ele>
      </trkpt>
      <trkpt lat="41.40239" lon="-124.05979">
        <ele>104.0</ele>
      </trkpt>
      <trkpt lat="41.40236976518716" lon="-124.059723344146">
        <ele>104.0</ele>
      </trkpt>
      <trkpt lat="41.40236577155989" lon="-124.0597101886679">
        <ele>104.0</ele>
      </trkpt>
      <trkpt lat="41.40222" lon="-124.05923">
        <ele>101.0</ele>
      </trkpt>
      <trkpt lat="41.40212" lon="-124.05904">
        <ele>101.0</ele>
      </trkpt>
      <trkpt lat="41.40192" lon="-124.05848">
        <ele>100.0</ele>
      </trkpt>
      <trkpt lat="41.40193" lon="-124.05817">
        <ele>97.0</ele>
      </trkpt>
      <trkpt lat="41.40203" lon="-124.05762">
        <ele>87.0</ele>
      </trkpt>
      <trkpt lat="41.40203" lon="-124.05762">
        <ele>87.0</ele>
      </trkpt>
      <trkpt lat="41.40208096002483" lon="-124.0571387108766">
        <ele>84.0</ele>
      </trkpt>
      <trkpt lat="41.40208096004012" lon="-124.0571387108766">
        <ele>84.0</ele>
      </trkpt>
      <trkpt lat="41.40212" lon="-124.05677">
        <ele>107.0</ele>
      </trkpt>
      <trkpt lat="41.4023" lon="-124.05639">
        <ele>107.0</ele>
      </trkpt>
      <trkpt lat="41.40237" lon="-124.05621">
        <ele>105.0</ele>
      </trkpt>
      <trkpt lat="41.40237" lon="-124.05621">
        <ele>105.0</ele>
      </trkpt>
      <trkpt lat="41.40245" lon="-124.05612">
        <ele>105.0</ele>
      </trkpt>
      <trkpt lat="41.40245" lon="-124.05612">
        <ele>105.0</ele>
      </trkpt>
      <trkpt lat="41.40245" lon="-124.05603">
        <ele>105.0</ele>
      </trkpt>
      <trkpt lat="41.4024" lon="-124.05594">
        <ele>107.0</ele>
      </trkpt>
      <trkpt lat="41.40246" lon="-124.05578">
        <ele>107.0</ele>
      </trkpt>
      <trkpt lat="41.40256300443605" lon="-124.0556232549781">
        <ele>112.0</ele>
      </trkpt>
      <trkpt lat="41.40256300443605" lon="-124.0556232549781">
        <ele>112.0</ele>
      </trkpt>
      <trkpt lat="41.40269" lon="-124.05543">
        <ele>113.0</ele>
      </trkpt>
      <trkpt lat="41.40281" lon="-124.05518">
        <ele>119.0</ele>
      </trkpt>
      <trkpt lat="41.40293" lon="-124.05512">
        <ele>118.0</ele>
      </trkpt>
      <trkpt lat="41.40298" lon="-124.055">
        <ele>118.0</ele>
      </trkpt>
      <trkpt lat="41.40292" lon="-124.05465">
        <ele>117.0</ele>
      </trkpt>
      <trkpt lat="41.40297" lon="-124.05455">
        <ele>113.0</ele>
      </trkpt>
      <trkpt lat="41.40304" lon="-124.05447">
        <ele>113.0</ele>
      </trkpt>
      <trkpt lat="41.40304" lon="-124.05447">
        <ele>113.0</ele>
      </trkpt>
      <trkpt lat="41.403" lon="-124.05439">
        <ele>113.0</ele>
      </trkpt>
      <trkpt lat="41.403" lon="-124.05439">
        <ele>113.0</ele>
      </trkpt>
      <trkpt lat="41.40292" lon="-124.05446">
        <ele>113.0</ele>
      </trkpt>
      <trkpt lat="41.40288" lon="-124.05442">
        <ele>122.0</ele>
      </trkpt>
      <trkpt lat="41.4028" lon="-124.05447">
        <ele>122.0</ele>
      </trkpt>
      <trkpt lat="41.40279" lon="-124.0546">
        <ele>124.0</ele>
      </trkpt>
      <trkpt lat="41.40271" lon="-124.05473">
        <ele>124.0</ele>
      </trkpt>
      <trkpt lat="41.40253" lon="-124.05494">
        <ele>123.0</ele>
      </trkpt>
      <trkpt lat="41.40218" lon="-124.05524">
        <ele>121.0</ele>
      </trkpt>
      <trkpt lat="41.40204" lon="-124.05552">
        <ele>123.0</ele>
      </trkpt>
      <trkpt lat="41.40187" lon="-124.05557">
        <ele>123.0</ele>
      </trkpt>
      <trkpt lat="41.40175" lon="-124.05564">
        <ele>128.0</ele>
      </trkpt>
      <trkpt lat="41.40158" lon="-124.05589">
        <ele>125.0</ele>
      </trkpt>
      <trkpt lat="41.40149" lon="-124.05593">
        <ele>127.0</ele>
      </trkpt>
      <trkpt lat="41.4014" lon="-124.05587">
        <ele>127.0</ele>
      </trkpt>
      <trkpt lat="41.40137" lon="-124.05576">
        <ele>127.0</ele>
      </trkpt>
      <trkpt lat="41.40123" lon="-124.05569">
        <ele>140.0</ele>
      </trkpt>
      <trkpt lat="41.40115" lon="-124.05584">
        <ele>133.0</ele>
      </trkpt>
      <trkpt lat="41.40095" lon="-124.05658">
        <ele>129.0</ele>
      </trkpt>
      <trkpt lat="41.40093" lon="-124.05676">
        <ele>129.0</ele>
      </trkpt>
      <trkpt lat="41.40062" lon="-124.05689">
        <ele>127.0</ele>
      </trkpt>
      <trkpt lat="41.40055" lon="-124.05698">
        <ele>127.0</ele>
      </trkpt>
      <trkpt lat="41.40052" lon="-124.05709">
        <ele>119.0</ele>
      </trkpt>
      <trkpt lat="41.4005" lon="-124.05711">
        <ele>119.0</ele>
      </trkpt>
      <trkpt lat="41.40033" lon="-124.05712">
        <ele>111.0</ele>
      </trkpt>
      <trkpt lat="41.3997" lon="-124.05701">
        <ele>106.0</ele>
      </trkpt>
      <trkpt lat="41.39956" lon="-124.05693">
        <ele>102.0</ele>
      </trkpt>
      <trkpt lat="41.39946" lon="-124.05682">
        <ele>102.0</ele>
      </trkpt>
      <trkpt lat="41.39948" lon="-124.05662">
        <ele>105.0</ele>
      </trkpt>
      <trkpt lat="41.39942" lon="-124.05656">
        <ele>105.0</ele>
      </trkpt>
      <trkpt lat="41.39934" lon="-124.05656">
        <ele>105.0</ele>
      </trkpt>
      <trkpt lat="41.39918" lon="-124.05635">
        <ele>99.0</ele>
      </trkpt>
      <trkpt lat="41.39898" lon="-124.05646">
        <ele>95.0</ele>
      </trkpt>
      <trkpt lat="41.39889" lon="-124.05642">
        <ele>95.0</ele>
      </trkpt>
      <trkpt lat="41.39878" lon="-124.05649">
        <ele>95.0</ele>
      </trkpt>
      <trkpt lat="41.39879" lon="-124.05639">
        <ele>95.0</ele>
      </trkpt>
      <trkpt lat="41.39876" lon="-124.05627">
        <ele>95.0</ele>
      </trkpt>
      <trkpt lat="41.39855" lon="-124.05601">
        <ele>94.0</ele>
      </trkpt>
      <trkpt lat="41.39843" lon="-124.0559">
        <ele>96.0</ele>
      </trkpt>
      <trkpt lat="41.39836" lon="-124.05587">
        <ele>96.0</ele>
      </trkpt>
      <trkpt lat="41.39821" lon="-124.05551">
        <ele>98.0</ele>
      </trkpt>
      <trkpt lat="41.39809" lon="-124.05538">
        <ele>102.0</ele>
      </trkpt>
      <trkpt lat="41.39778" lon="-124.05492">
        <ele>107.0</ele>
      </trkpt>
      <trkpt lat="41.39763" lon="-124.05478">
        <ele>114.0</ele>
      </trkpt>
      <trkpt lat="41.39747" lon="-124.05476">
        <ele>114.0</ele>
      </trkpt>
      <trkpt lat="41.39737" lon="-124.05482">
        <ele>114.0</ele>
      </trkpt>
      <trkpt lat="41.39723" lon="-124.05469">
        <ele>109.0</ele>
      </trkpt>
      <trkpt lat="41.39698" lon="-124.05404">
        <ele>126.0</ele>
      </trkpt>
      <trkpt lat="41.39698" lon="-124.05404">
        <ele>126.0</ele>
      </trkpt>
      <trkpt lat="41.39686" lon="-124.05397">
        <ele>128.0</ele>
      </trkpt>
      <trkpt lat="41.39686" lon="-124.05397">
        <ele>128.0</ele>
      </trkpt>
      <trkpt lat="41.39664" lon="-124.05394">
        <ele>117.0</ele>
      </trkpt>
      <trkpt lat="41.39654" lon="-124.05386">
        <ele>117.0</ele>
      </trkpt>
      <trkpt lat="41.39635" lon="-124.05384">
        <ele>106.0</ele>
      </trkpt>
      <trkpt lat="41.39625" lon="-124.05373">
        <ele>108.0</ele>
      </trkpt>
      <trkpt lat="41.39622" lon="-124.05353">
        <ele>108.0</ele>
      </trkpt>
      <trkpt lat="41.39612" lon="-124.05346">
        <ele>111.0</ele>
      </trkpt>
      <trkpt lat="41.39559" lon="-124.05292">
        <ele>108.0</ele>
      </trkpt>
      <trkpt lat="41.39552" lon="-124.05287">
        <ele>105.0</ele>
      </trkpt>
      <trkpt lat="41.39525" lon="-124.05277">
        <ele>104.0</ele>
      </trkpt>
      <trkpt lat="41.39525" lon="-124.05277">
        <ele>104.0</ele>
      </trkpt>
      <trkpt lat="41.39513" lon="-124.05274">
        <ele>103.0</ele>
      </trkpt>
      <trkpt lat="41.39513" lon="-124.05274">
        <ele>103.0</ele>
      </trkpt>
      <trkpt lat="41.39495" lon="-124.05273">
        <ele>103.0</ele>
      </trkpt>
      <trkpt lat="41.39473" lon="-124.05231">
        <ele>99.0</ele>
      </trkpt>
      <trkpt lat="41.39464" lon="-124.05228">
        <ele>99.0</ele>
      </trkpt>
      <trkpt lat="41.39439" lon="-124.0524">
        <ele>107.0</ele>
      </trkpt>
      <trkpt lat="41.39433739717161" lon="-124.0523899804137">
        <ele>107.0</ele>
      </trkpt>
      <trkpt lat="41.3943373972353" lon="-124.0523899804136">
        <ele>107.0</ele>
      </trkpt>
      <trkpt lat="41.39418" lon="-124.05236">
        <ele>112.0</ele>
      </trkpt>
      <trkpt lat="41.39404" lon="-124.05227">
        <ele>112.0</ele>
      </trkpt>
      <trkpt lat="41.39396" lon="-124.05217">
        <ele>118.0</ele>
      </trkpt>
      <trkpt lat="41.39385" lon="-124.0521">
        <ele>118.0</ele>
      </trkpt>
      <trkpt lat="41.39342" lon="-124.052">
        <ele>124.0</ele>
      </trkpt>
      <trkpt lat="41.39329" lon="-124.05194">
        <ele>124.0</ele>
      </trkpt>
      <trkpt lat="41.39329" lon="-124.05194">
        <ele>124.0</ele>
      </trkpt>
      <trkpt lat="41.39317" lon="-124.05188">
        <ele>123.0</ele>
      </trkpt>
      <trkpt lat="41.39292" lon="-124.05169">
        <ele>129.0</ele>
      </trkpt>
      <trkpt lat="41.39225" lon="-124.05128">
        <ele>121.0</ele>
      </trkpt>
      <trkpt lat="41.39204" lon="-124.05105">
        <ele>128.0</ele>
      </trkpt>
      <trkpt lat="41.39189" lon="-124.05085">
        <ele>132.0</ele>
      </trkpt>
      <trkpt lat="41.39157" lon="-124.05054">
        <ele>133.0</ele>
      </trkpt>
      <trkpt lat="41.39157" lon="-124.05054">
        <ele>133.0</ele>
      </trkpt>
      <trkpt lat="41.3914" lon="-124.05062">
        <ele>122.0</ele>
      </trkpt>
      <trkpt lat="41.3914" lon="-124.05062">
        <ele>122.0</ele>
      </trkpt>
      <trkpt lat="41.39124" lon="-124.05058">
        <ele>119.0</ele>
      </trkpt>
      <trkpt lat="41.39085" lon="-124.05">
        <ele>119.0</ele>
      </trkpt>
      <trkpt lat="41.39069" lon="-124.04985">
        <ele>123.0</ele>
      </trkpt>
      <trkpt lat="41.39033" lon="-124.04966">
        <ele>129.0</ele>
      </trkpt>
      <trkpt lat="41.39016" lon="-124.0495">
        <ele>124.0</ele>
      </trkpt>
      <trkpt lat="41.38981" lon="-124.04928">
        <ele>133.0</ele>
      </trkpt>
      <trkpt lat="41.38964" lon="-124.04924">
        <ele>133.0</ele>
      </trkpt>
      <trkpt lat="41.38949" lon="-124.04913">
        <ele>142.0</ele>
      </trkpt>
      <trkpt lat="41.38943" lon="-124.04903">
        <ele>142.0</ele>
      </trkpt>
      <trkpt lat="41.38939" lon="-124.04881">
        <ele>133.0</ele>
      </trkpt>
      <trkpt lat="41.38932" lon="-124.04871">
        <ele>126.0</ele>
      </trkpt>
      <trkpt lat="41.38911" lon="-124.0486">
        <ele>129.0</ele>
      </trkpt>
      <trkpt lat="41.38894386602867" lon="-124.0485808306956">
        <ele>135.0</ele>
      </trkpt>
      <trkpt lat="41.38894248294266" lon="-124.048580671095">
        <ele>135.0</ele>
      </trkpt>
      <trkpt lat="41.38885" lon="-124.04857">
        <ele>135.0</ele>
      </trkpt>
      <trkpt lat="41.38857" lon="-124.04847">
        <ele>139.0</ele>
      </trkpt>
      <trkpt lat="41.38851" lon="-124.04842">
        <ele>139.0</ele>
      </trkpt>
      <trkpt lat="41.3884" lon="-124.0482">
        <ele>148.0</ele>
      </trkpt>
      <trkpt lat="41.38831" lon="-124.04813">
        <ele>140.0</ele>
      </trkpt>
      <trkpt lat="41.38823" lon="-124.04799">
        <ele>140.0</ele>
      </trkpt>
      <trkpt lat="41.38823" lon="-124.04799">
        <ele>140.0</ele>
      </trkpt>
      <trkpt lat="41.38809" lon="-124.04801">
        <ele>150.0</ele>
      </trkpt>
      <trkpt lat="41.38774095282484" lon="-124.0481638173992">
        <ele>152.0</ele>
      </trkpt>
      <trkpt lat="41.38774" lon="-124.04816">
        <ele>152.0</ele>
      </trkpt>
      <trkpt lat="41.38807" lon="-124.04814">
        <ele>150.0</ele>
      </trkpt>
      <trkpt lat="41.38845" lon="-124.04848">
        <ele>153.0</ele>
      </trkpt>
      <trkpt lat="41.3887" lon="-124.04937">
        <ele>161.0</ele>
      </trkpt>
      <trkpt lat="41.38876" lon="-124.04993">
        <ele>165.0</ele>
      </trkpt>
      <trkpt lat="41.38927" lon="-124.05067">
        <ele>166.0</ele>
      </trkpt>
      <trkpt lat="41.38933" lon="-124.05092">
        <ele>162.0</ele>
      </trkpt>
      <trkpt lat="41.38898" lon="-124.05088">
        <ele>172.0</ele>
      </trkpt>
      <trkpt lat="41.38862" lon="-124.05127">
        <ele>180.0</ele>
      </trkpt>
      <trkpt lat="41.38862" lon="-124.05175">
        <ele>182.0</ele>
      </trkpt>
      <trkpt lat="41.38899" lon="-124.05224">
        <ele>188.0</ele>
      </trkpt>
      <trkpt lat="41.38921" lon="-124.05266">
        <ele>185.0</ele>
      </trkpt>
      <trkpt lat="41.3895" lon="-124.05261">
        <ele>183.0</ele>
      </trkpt>
      <trkpt lat="41.3899" lon="-124.05284">
        <ele>181.0</ele>
      </trkpt>
      <trkpt lat="41.39028" lon="-124.053">
        <ele>181.0</ele>
      </trkpt>
      <trkpt lat="41.3902" lon="-124.05335">
        <ele>184.0</ele>
      </trkpt>
      <trkpt lat="41.38974" lon="-124.053">
        <ele>186.0</ele>
      </trkpt>
      <trkpt lat="41.38936" lon="-124.05305">
        <ele>184.0</ele>
      </trkpt>
      <trkpt lat="41.38911" lon="-124.05285">
        <ele>185.0</ele>
      </trkpt>
      <trkpt lat="41.389" lon="-124.05264">
        <ele>187.0</ele>
      </trkpt>
      <trkpt lat="41.3882" lon="-124.05196">
        <ele>189.0</ele>
      </trkpt>
      <trkpt lat="41.38761" lon="-124.05141">
        <ele>191.0</ele>
      </trkpt>
      <trkpt lat="41.38732" lon="-124.05152">
        <ele>182.0</ele>
      </trkpt>
      <trkpt lat="41.3873" lon="-124.05192">
        <ele>179.0</ele>
      </trkpt>
      <trkpt lat="41.38686" lon="-124.05201">
        <ele>179.0</ele>
      </trkpt>
      <trkpt lat="41.38653" lon="-124.05185">
        <ele>180.0</ele>
      </trkpt>
      <trkpt lat="41.38627056260849" lon="-124.0515833560143">
        <ele>183.0</ele>
      </trkpt>
      <trkpt lat="41.3862705628091" lon="-124.0515833560143">
        <ele>183.0</ele>
      </trkpt>
      <trkpt lat="41.38617" lon="-124.05148">
        <ele>187.0</ele>
      </trkpt>
      <trkpt lat="41.38567" lon="-124.05143">
        <ele>181.0</ele>
      </trkpt>
      <trkpt lat="41.3853" lon="-124.05078">
        <ele>180.0</ele>
      </trkpt>
      <trkpt lat="41.38532" lon="-124.04964">
        <ele>187.0</ele>
      </trkpt>
      <trkpt lat="41.38517" lon="-124.04858">
        <ele>180.0</ele>
      </trkpt>
      <trkpt lat="41.38489" lon="-124.04842">
        <ele>172.0</ele>
      </trkpt>
      <trkpt lat="41.38443" lon="-124.04823">
        <ele>183.0</ele>
      </trkpt>
      <trkpt lat="41.38353" lon="-124.04874">
        <ele>185.0</ele>
      </trkpt>
      <trkpt lat="41.3824" lon="-124.04893">
        <ele>193.0</ele>
      </trkpt>
      <trkpt lat="41.38229" lon="-124.04925">
        <ele>192.0</ele>
      </trkpt>
      <trkpt lat="41.3816" lon="-124.04916">
        <ele>199.0</ele>
      </trkpt>
      <trkpt lat="41.3813" lon="-124.04941">
        <ele>193.0</ele>
      </trkpt>
      <trkpt lat="41.38026" lon="-124.04932">
        <ele>191.0</ele>
      </trkpt>
      <trkpt lat="41.37985" lon="-124.04882">
        <ele>197.0</ele>
      </trkpt>
      <trkpt lat="41.37964" lon="-124.04879">
        <ele>197.0</ele>
      </trkpt>
      <trkpt lat="41.37943" lon="-124.04882">
        <ele>199.0</ele>
      </trkpt>
      <trkpt lat="41.37943" lon="-124.04882">
        <ele>199.0</ele>
      </trkpt>
      <trkpt lat="41.37939" lon="-124.04855">
        <ele>201.0</ele>
      </trkpt>
      <trkpt lat="41.37934" lon="-124.04847">
        <ele>203.0</ele>
      </trkpt>
      <trkpt lat="41.37915" lon="-124.04843">
        <ele>201.0</ele>
      </trkpt>
      <trkpt lat="41.37872" lon="-124.04842">
        <ele>198.0</ele>
      </trkpt>
      <trkpt lat="41.37848" lon="-124.04837">
        <ele>198.0</ele>
      </trkpt>
      <trkpt lat="41.37862" lon="-124.04823">
        <ele>198.0</ele>
      </trkpt>
      <trkpt lat="41.37887" lon="-124.04817">
        <ele>202.0</ele>
      </trkpt>
      <trkpt lat="41.37897" lon="-124.04799">
        <ele>202.0</ele>
      </trkpt>
      <trkpt lat="41.37941" lon="-124.04766">
        <ele>204.0</ele>
      </trkpt>
      <trkpt lat="41.37947" lon="-124.04751">
        <ele>208.0</ele>
      </trkpt>
      <trkpt lat="41.37952" lon="-124.04722">
        <ele>210.0</ele>
      </trkpt>
      <trkpt lat="41.37952" lon="-124.04669">
        <ele>211.0</ele>
      </trkpt>
      <trkpt lat="41.37943" lon="-124.0465">
        <ele>211.0</ele>
      </trkpt>
      <trkpt lat="41.37938" lon="-124.0463">
        <ele>211.0</ele>
      </trkpt>
      <trkpt lat="41.379366983005" lon="-124.0461871860433">
        <ele>211.0</ele>
      </trkpt>
      <trkpt lat="41.37936698300669" lon="-124.0461871860433">
        <ele>211.0</ele>
      </trkpt>
      <trkpt lat="41.37935" lon="-124.04604">
        <ele>211.0</ele>
      </trkpt>
      <trkpt lat="41.37934" lon="-124.04577">
        <ele>213.0</ele>
      </trkpt>
      <trkpt lat="41.37927" lon="-124.04567">
        <ele>213.0</ele>
      </trkpt>
      <trkpt lat="41.37912" lon="-124.04558">
        <ele>213.0</ele>
      </trkpt>
      <trkpt lat="41.37887" lon="-124.04537">
        <ele>214.0</ele>
      </trkpt>
      <trkpt lat="41.37873" lon="-124.0453">
        <ele>210.0</ele>
      </trkpt>
      <trkpt lat="41.37832" lon="-124.0447">
        <ele>212.0</ele>
      </trkpt>
      <trkpt lat="41.37775" lon="-124.04431">
        <ele>213.0</ele>
      </trkpt>
      <trkpt lat="41.37759" lon="-124.04426">
        <ele>219.0</ele>
      </trkpt>
      <trkpt lat="41.37744" lon="-124.0441">
        <ele>219.0</ele>
      </trkpt>
      <trkpt lat="41.37718" lon="-124.04398">
        <ele>219.0</ele>
      </trkpt>
      <trkpt lat="41.37709" lon="-124.04389">
        <ele>219.0</ele>
      </trkpt>
      <trkpt lat="41.37701" lon="-124.04379">
        <ele>221.0</ele>
      </trkpt>
      <trkpt lat="41.37693" lon="-124.04357">
        <ele>220.0</ele>
      </trkpt>
      <trkpt lat="41.37681" lon="-124.04294">
        <ele>219.0</ele>
      </trkpt>
      <trkpt lat="41.37681" lon="-124.04294">
        <ele>219.0</ele>
      </trkpt>
      <trkpt lat="41.37677" lon="-124.04278">
        <ele>215.0</ele>
      </trkpt>
      <trkpt lat="41.37663" lon="-124.04255">
        <ele>209.0</ele>
      </trkpt>
      <trkpt lat="41.37648" lon="-124.04242">
        <ele>211.0</ele>
      </trkpt>
      <trkpt lat="41.3764" lon="-124.04231">
        <ele>207.0</ele>
      </trkpt>
      <trkpt lat="41.37627" lon="-124.04204">
        <ele>208.0</ele>
      </trkpt>
      <trkpt lat="41.37547" lon="-124.04136">
        <ele>212.0</ele>
      </trkpt>
      <trkpt lat="41.37534" lon="-124.04133">
        <ele>210.0</ele>
      </trkpt>
      <trkpt lat="41.37516" lon="-124.04098">
        <ele>213.0</ele>
      </trkpt>
      <trkpt lat="41.37481" lon="-124.04056">
        <ele>221.0</ele>
      </trkpt>
      <trkpt lat="41.37457" lon="-124.04054">
        <ele>222.0</ele>
      </trkpt>
      <trkpt lat="41.37429" lon="-124.04043">
        <ele>226.0</ele>
      </trkpt>
      <trkpt lat="41.37383" lon="-124.04041">
        <ele>234.0</ele>
      </trkpt>
      <trkpt lat="41.37334" lon="-124.03995">
        <ele>239.0</ele>
      </trkpt>
      <trkpt lat="41.37306" lon="-124.03978">
        <ele>237.0</ele>
      </trkpt>
      <trkpt lat="41.37281" lon="-124.03971">
        <ele>238.0</ele>
      </trkpt>
      <trkpt lat="41.37262" lon="-124.03959">
        <ele>233.0</ele>
      </trkpt>
      <trkpt lat="41.37213" lon="-124.03911">
        <ele>234.0</ele>
      </trkpt>
      <trkpt lat="41.37197" lon="-124.03907">
        <ele>230.0</ele>
      </trkpt>
      <trkpt lat="41.37181" lon="-124.03909">
        <ele>230.0</ele>
      </trkpt>
      <trkpt lat="41.37173" lon="-124.03899">
        <ele>234.0</ele>
      </trkpt>
      <trkpt lat="41.37172" lon="-124.03884">
        <ele>234.0</ele>
      </trkpt>
      <trkpt lat="41.37189" lon="-124.03768">
        <ele>243.0</ele>
      </trkpt>
      <trkpt lat="41.37181" lon="-124.03743">
        <ele>242.0</ele>
      </trkpt>
      <trkpt lat="41.37183" lon="-124.03717">
        <ele>243.0</ele>
      </trkpt>
      <trkpt lat="41.3717" lon="-124.03686">
        <ele>241.0</ele>
      </trkpt>
      <trkpt lat="41.37183" lon="-124.03717">
        <ele>243.0</ele>
      </trkpt>
      <trkpt lat="41.3717" lon="-124.03686">
        <ele>241.0</ele>
      </trkpt>
      <trkpt lat="41.37169" lon="-124.03672">
        <ele>238.0</ele>
      </trkpt>
      <trkpt lat="41.37182" lon="-124.03592">
        <ele>222.0</ele>
      </trkpt>
      <trkpt lat="41.3719" lon="-124.03564">
        <ele>218.0</ele>
      </trkpt>
      <trkpt lat="41.3719" lon="-124.03564">
        <ele>218.0</ele>
      </trkpt>
      <trkpt lat="41.37191" lon="-124.0355">
        <ele>218.0</ele>
      </trkpt>
      <trkpt lat="41.37197" lon="-124.03531">
        <ele>216.0</ele>
      </trkpt>
      <trkpt lat="41.37193" lon="-124.03517">
        <ele>216.0</ele>
      </trkpt>
      <trkpt lat="41.37197" lon="-124.03503">
        <ele>214.0</ele>
      </trkpt>
      <trkpt lat="41.3721" lon="-124.03501">
        <ele>216.0</ele>
      </trkpt>
      <trkpt lat="41.37219" lon="-124.03493">
        <ele>216.0</ele>
      </trkpt>
      <trkpt lat="41.3722" lon="-124.03482">
        <ele>214.0</ele>
      </trkpt>
      <trkpt lat="41.37237" lon="-124.03442">
        <ele>213.0</ele>
      </trkpt>
      <trkpt lat="41.37255" lon="-124.03416">
        <ele>209.0</ele>
      </trkpt>
      <trkpt lat="41.37268" lon="-124.03382">
        <ele>204.0</ele>
      </trkpt>
      <trkpt lat="41.37268" lon="-124.03361">
        <ele>205.0</ele>
      </trkpt>
      <trkpt lat="41.37256" lon="-124.03347">
        <ele>204.0</ele>
      </trkpt>
      <trkpt lat="41.3725" lon="-124.03304">
        <ele>204.0</ele>
      </trkpt>
      <trkpt lat="41.37238" lon="-124.03288">
        <ele>206.0</ele>
      </trkpt>
      <trkpt lat="41.3722" lon="-124.03239">
        <ele>211.0</ele>
      </trkpt>
      <trkpt lat="41.37192" lon="-124.03227">
        <ele>204.0</ele>
      </trkpt>
      <trkpt lat="41.37179" lon="-124.03207">
        <ele>195.0</ele>
      </trkpt>
      <trkpt lat="41.37179" lon="-124.0319">
        <ele>195.0</ele>
      </trkpt>
      <trkpt lat="41.37187" lon="-124.0318">
        <ele>204.0</ele>
      </trkpt>
      <trkpt lat="41.37192" lon="-124.03162">
        <ele>204.0</ele>
      </trkpt>
      <trkpt lat="41.3719" lon="-124.03153">
        <ele>204.0</ele>
      </trkpt>
      <trkpt lat="41.37177" lon="-124.03145">
        <ele>199.0</ele>
      </trkpt>
      <trkpt lat="41.37166" lon="-124.03129">
        <ele>199.0</ele>
      </trkpt>
      <trkpt lat="41.37159" lon="-124.03098">
        <ele>194.0</ele>
      </trkpt>
      <trkpt lat="41.37151" lon="-124.03088">
        <ele>192.0</ele>
      </trkpt>
      <trkpt lat="41.37147" lon="-124.03012">
        <ele>200.0</ele>
      </trkpt>
      <trkpt lat="41.3707" lon="-124.02939">
        <ele>186.0</ele>
      </trkpt>
      <trkpt lat="41.37065" lon="-124.02928">
        <ele>186.0</ele>
      </trkpt>
      <trkpt lat="41.37063" lon="-124.0291">
        <ele>186.0</ele>
      </trkpt>
      <trkpt lat="41.37065" lon="-124.02895">
        <ele>178.0</ele>
      </trkpt>
      <trkpt lat="41.37061" lon="-124.02886">
        <ele>178.0</ele>
      </trkpt>
      <trkpt lat="41.37033" lon="-124.02862">
        <ele>171.0</ele>
      </trkpt>
      <trkpt lat="41.37012" lon="-124.02856">
        <ele>158.0</ele>
      </trkpt>
      <trkpt lat="41.36987" lon="-124.02814">
        <ele>160.0</ele>
      </trkpt>
      <trkpt lat="41.36987" lon="-124.02814">
        <ele>160.0</ele>
      </trkpt>
      <trkpt lat="41.36987" lon="-124.02814">
        <ele>160.0</ele>
      </trkpt>
      <trkpt lat="41.36993749755626" lon="-124.0282009655347">
        <ele>160.0</ele>
      </trkpt>
      <trkpt lat="41.36993749768205" lon="-124.0282009655347">
        <ele>160.0</ele>
      </trkpt>
      <trkpt lat="41.36987" lon="-124.02814">
        <ele>160.0</ele>
      </trkpt>
      <trkpt lat="41.36987" lon="-124.02814">
        <ele>160.0</ele>
      </trkpt>
      <trkpt lat="41.36987" lon="-124.02814">
        <ele>160.0</ele>
      </trkpt>
      <trkpt lat="41.36967" lon="-124.02805">
        <ele>162.0</ele>
      </trkpt>
      <trkpt lat="41.36951" lon="-124.0279">
        <ele>161.0</ele>
      </trkpt>
      <trkpt lat="41.3694" lon="-124.02769">
        <ele>161.0</ele>
      </trkpt>
      <trkpt lat="41.36916" lon="-124.0274">
        <ele>159.0</ele>
      </trkpt>
      <trkpt lat="41.36902" lon="-124.02732">
        <ele>153.0</ele>
      </trkpt>
      <trkpt lat="41.36896" lon="-124.02727">
        <ele>153.0</ele>
      </trkpt>
      <trkpt lat="41.36892" lon="-124.02719">
        <ele>153.0</ele>
      </trkpt>
      <trkpt lat="41.36893" lon="-124.02714">
        <ele>153.0</ele>
      </trkpt>
      <trkpt lat="41.36904" lon="-124.02709">
        <ele>158.0</ele>
      </trkpt>
      <trkpt lat="41.36916" lon="-124.02709">
        <ele>158.0</ele>
      </trkpt>
      <trkpt lat="41.36926" lon="-124.02704">
        <ele>153.0</ele>
      </trkpt>
      <trkpt lat="41.36939" lon="-124.02705">
        <ele>149.0</ele>
      </trkpt>
      <trkpt lat="41.36972" lon="-124.0272">
        <ele>147.0</ele>
      </trkpt>
      <trkpt lat="41.36978" lon="-124.02736">
        <ele>147.0</ele>
      </trkpt>
      <trkpt lat="41.36983" lon="-124.02741">
        <ele>156.0</ele>
      </trkpt>
      <trkpt lat="41.37017" lon="-124.02762">
        <ele>148.0</ele>
      </trkpt>
      <trkpt lat="41.37022" lon="-124.02762">
        <ele>148.0</ele>
      </trkpt>
      <trkpt lat="41.37022" lon="-124.0275">
        <ele>148.0</ele>
      </trkpt>
      <trkpt lat="41.37014" lon="-124.02736">
        <ele>141.0</ele>
      </trkpt>
      <trkpt lat="41.37003" lon="-124.02704">
        <ele>137.0</ele>
      </trkpt>
      <trkpt lat="41.36985" lon="-124.02667">
        <ele>137.0</ele>
      </trkpt>
      <trkpt lat="41.36935" lon="-124.02638">
        <ele>133.0</ele>
      </trkpt>
      <trkpt lat="41.36865" lon="-124.02581">
        <ele>128.0</ele>
      </trkpt>
      <trkpt lat="41.36857" lon="-124.0257">
        <ele>128.0</ele>
      </trkpt>
      <trkpt lat="41.36813" lon="-124.02534">
        <ele>124.0</ele>
      </trkpt>
      <trkpt lat="41.36798" lon="-124.0252">
        <ele>124.0</ele>
      </trkpt>
      <trkpt lat="41.3679" lon="-124.02505">
        <ele>117.0</ele>
      </trkpt>
      <trkpt lat="41.36778" lon="-124.02499">
        <ele>117.0</ele>
      </trkpt>
      <trkpt lat="41.36778" lon="-124.02499">
        <ele>117.0</ele>
      </trkpt>
      <trkpt lat="41.36742" lon="-124.02483">
        <ele>112.0</ele>
      </trkpt>
      <trkpt lat="41.36725" lon="-124.02461">
        <ele>114.0</ele>
      </trkpt>
      <trkpt lat="41.36713" lon="-124.02453">
        <ele>106.0</ele>
      </trkpt>
      <trkpt lat="41.36681" lon="-124.02439">
        <ele>101.0</ele>
      </trkpt>
      <trkpt lat="41.36654" lon="-124.02421">
        <ele>91.0</ele>
      </trkpt>
      <trkpt lat="41.36617" lon="-124.02409">
        <ele>94.0</ele>
      </trkpt>
      <trkpt lat="41.36603" lon="-124.02386">
        <ele>87.0</ele>
      </trkpt>
      <trkpt lat="41.36592" lon="-124.02386">
        <ele>80.0</ele>
      </trkpt>
      <trkpt lat="41.36568" lon="-124.02392">
        <ele>71.0</ele>
      </trkpt>
      <trkpt lat="41.36556" lon="-124.02389">
        <ele>71.0</ele>
      </trkpt>
      <trkpt lat="41.36556" lon="-124.02389">
        <ele>71.0</ele>
      </trkpt>
      <trkpt lat="41.36551" lon="-124.02387">
        <ele>71.0</ele>
      </trkpt>
      <trkpt lat="41.3654" lon="-124.02389">
        <ele>61.0</ele>
      </trkpt>
      <trkpt lat="41.3654" lon="-124.02389">
        <ele>61.0</ele>
      </trkpt>
      <trkpt lat="41.36537" lon="-124.02368">
        <ele>62.0</ele>
      </trkpt>
      <trkpt lat="41.36531" lon="-124.02364">
        <ele>62.0</ele>
      </trkpt>
      <trkpt lat="41.36531" lon="-124.02364">
        <ele>62.0</ele>
      </trkpt>
      <trkpt lat="41.36525" lon="-124.02354">
        <ele>62.0</ele>
      </trkpt>
      <trkpt lat="41.36525" lon="-124.02354">
        <ele>62.0</ele>
      </trkpt>
      <trkpt lat="41.36524" lon="-124.0234">
        <ele>66.0</ele>
      </trkpt>
      <trkpt lat="41.36531" lon="-124.02321">
        <ele>66.0</ele>
      </trkpt>
      <trkpt lat="41.36531" lon="-124.02314">
        <ele>70.0</ele>
      </trkpt>
      <trkpt lat="41.36531" lon="-124.02314">
        <ele>70.0</ele>
      </trkpt>
      <trkpt lat="41.36531" lon="-124.02314">
        <ele>70.0</ele>
      </trkpt>
      <trkpt lat="41.36568" lon="-124.02288">
        <ele>91.0</ele>
      </trkpt>
      <trkpt lat="41.36608" lon="-124.02268">
        <ele>102.0</ele>
      </trkpt>
      <trkpt lat="41.36639" lon="-124.02275">
        <ele>102.0</ele>
      </trkpt>
      <trkpt lat="41.36688" lon="-124.02272">
        <ele>106.0</ele>
      </trkpt>
      <trkpt lat="41.36697" lon="-124.02301">
        <ele>98.0</ele>
      </trkpt>
      <trkpt lat="41.3673" lon="-124.023">
        <ele>100.0</ele>
      </trkpt>
      <trkpt lat="41.36708" lon="-124.02261">
        <ele>115.0</ele>
      </trkpt>
      <trkpt lat="41.36713" lon="-124.02249">
        <ele>118.0</ele>
      </trkpt>
      <trkpt lat="41.36742" lon="-124.02282">
        <ele>115.0</ele>
      </trkpt>
      <trkpt lat="41.36731" lon="-124.02227">
        <ele>128.0</ele>
      </trkpt>
      <trkpt lat="41.36738" lon="-124.02178">
        <ele>144.0</ele>
      </trkpt>
      <trkpt lat="41.36751" lon="-124.02168">
        <ele>144.0</ele>
      </trkpt>
      <trkpt lat="41.36768" lon="-124.02184">
        <ele>140.0</ele>
      </trkpt>
      <trkpt lat="41.36783" lon="-124.02121">
        <ele>152.0</ele>
      </trkpt>
      <trkpt lat="41.36795" lon="-124.02134">
        <ele>155.0</ele>
      </trkpt>
      <trkpt lat="41.36901" lon="-124.02088">
        <ele>170.0</ele>
      </trkpt>
      <trkpt lat="41.36912540725633" lon="-124.0207945131435">
        <ele>176.0</ele>
      </trkpt>
      <trkpt lat="41.36912540763291" lon="-124.0207945131435">
        <ele>176.0</ele>
      </trkpt>
      <trkpt lat="41.36955" lon="-124.02048">
        <ele>173.0</ele>
      </trkpt>
      <trkpt lat="41.36999" lon="-124.02082">
        <ele>187.0</ele>
      </trkpt>
      <trkpt lat="41.37016" lon="-124.02067">
        <ele>184.0</ele>
      </trkpt>
      <trkpt lat="41.37019" lon="-124.02037">
        <ele>179.0</ele>
      </trkpt>
      <trkpt lat="41.37043" lon="-124.02021">
        <ele>187.0</ele>
      </trkpt>
      <trkpt lat="41.37088" lon="-124.02018">
        <ele>196.0</ele>
      </trkpt>
      <trkpt lat="41.37119" lon="-124.02043">
        <ele>202.0</ele>
      </trkpt>
      <trkpt lat="41.37148" lon="-124.02019">
        <ele>204.0</ele>
      </trkpt>
      <trkpt lat="41.37178" lon="-124.02008">
        <ele>201.0</ele>
      </trkpt>
      <trkpt lat="41.37226" lon="-124.02016">
        <ele>218.0</ele>
      </trkpt>
      <trkpt lat="41.37257" lon="-124.02085">
        <ele>223.0</ele>
      </trkpt>
      <trkpt lat="41.37269" lon="-124.02085">
        <ele>223.0</ele>
      </trkpt>
      <trkpt lat="41.3729" lon="-124.02052">
        <ele>223.0</ele>
      </trkpt>
      <trkpt lat="41.37327" lon="-124.0204">
        <ele>212.0</ele>
      </trkpt>
      <trkpt lat="41.37388" lon="-124.02077">
        <ele>230.0</ele>
      </trkpt>
      <trkpt lat="41.37408" lon="-124.02081">
        <ele>233.0</ele>
      </trkpt>
      <trkpt lat="41.37434" lon="-124.02068">
        <ele>234.0</ele>
      </trkpt>
      <trkpt lat="41.37466" lon="-124.02015">
        <ele>232.0</ele>
      </trkpt>
      <trkpt lat="41.37511" lon="-124.01997">
        <ele>233.0</ele>
      </trkpt>
      <trkpt lat="41.37562" lon="-124.01991">
        <ele>232.0</ele>
      </trkpt>
      <trkpt lat="41.3758" lon="-124.02019">
        <ele>230.0</ele>
      </trkpt>
      <trkpt lat="41.37601" lon="-124.02002">
        <ele>228.0</ele>
      </trkpt>
      <trkpt lat="41.37676" lon="-124.02027">
        <ele>231.0</ele>
      </trkpt>
      <trkpt lat="41.37681" lon="-124.02023">
        <ele>236.0</ele>
      </trkpt>
      <trkpt lat="41.37681" lon="-124.02023">
        <ele>236.0</ele>
      </trkpt>
      <trkpt lat="41.37705" lon="-124.02001">
        <ele>234.0</ele>
      </trkpt>
      <trkpt lat="41.37742" lon="-124.01999">
        <ele>231.0</ele>
      </trkpt>
      <trkpt lat="41.37766" lon="-124.0201">
        <ele>231.0</ele>
      </trkpt>
      <trkpt lat="41.37785" lon="-124.02043">
        <ele>234.0</ele>
      </trkpt>
      <trkpt lat="41.37824" lon="-124.02088">
        <ele>231.0</ele>
      </trkpt>
      <trkpt lat="41.37828" lon="-124.02137">
        <ele>229.0</ele>
      </trkpt>
      <trkpt lat="41.37862" lon="-124.02202">
        <ele>235.0</ele>
      </trkpt>
      <trkpt lat="41.37881" lon="-124.02262">
        <ele>237.0</ele>
      </trkpt>
      <trkpt lat="41.37902" lon="-124.02289">
        <ele>240.0</ele>
      </trkpt>
      <trkpt lat="41.37917521529228" lon="-124.0231863201034">
        <ele>245.0</ele>
      </trkpt>
      <trkpt lat="41.3791752153696" lon="-124.0231863201034">
        <ele>245.0</ele>
      </trkpt>
      <trkpt lat="41.37924" lon="-124.02331">
        <ele>246.0</ele>
      </trkpt>
      <trkpt lat="41.37946" lon="-124.02337">
        <ele>250.0</ele>
      </trkpt>
      <trkpt lat="41.37987" lon="-124.02329">
        <ele>254.0</ele>
      </trkpt>
      <trkpt lat="41.38022" lon="-124.02335">
        <ele>255.0</ele>
      </trkpt>
      <trkpt lat="41.38097" lon="-124.02324">
        <ele>258.0</ele>
      </trkpt>
      <trkpt lat="41.38136" lon="-124.02339">
        <ele>260.0</ele>
      </trkpt>
      <trkpt lat="41.38189" lon="-124.02405">
        <ele>258.0</ele>
      </trkpt>
      <trkpt lat="41.38233" lon="-124.02427">
        <ele>262.0</ele>
      </trkpt>
      <trkpt lat="41.38289" lon="-124.02444">
        <ele>265.0</ele>
      </trkpt>
      <trkpt lat="41.38361" lon="-124.02444">
        <ele>255.0</ele>
      </trkpt>
      <trkpt lat="41.38374" lon="-124.02421">
        <ele>252.0</ele>
      </trkpt>
      <trkpt lat="41.38391" lon="-124.02419">
        <ele>263.0</ele>
      </trkpt>
      <trkpt lat="41.38401" lon="-124.02433">
        <ele>262.0</ele>
      </trkpt>
      <trkpt lat="41.3842" lon="-124.02444">
        <ele>267.0</ele>
      </trkpt>
      <trkpt lat="41.38435" lon="-124.02461">
        <ele>263.0</ele>
      </trkpt>
      <trkpt lat="41.38439" lon="-124.02499">
        <ele>259.0</ele>
      </trkpt>
      <trkpt lat="41.38473" lon="-124.0247">
        <ele>259.0</ele>
      </trkpt>
      <trkpt lat="41.38506" lon="-124.02463">
        <ele>259.0</ele>
      </trkpt>
      <trkpt lat="41.38529" lon="-124.02476">
        <ele>257.0</ele>
      </trkpt>
      <trkpt lat="41.38567" lon="-124.02474">
        <ele>253.0</ele>
      </trkpt>
      <trkpt lat="41.38596" lon="-124.02483">
        <ele>250.0</ele>
      </trkpt>
      <trkpt lat="41.38644" lon="-124.02504">
        <ele>266.0</ele>
      </trkpt>
      <trkpt lat="41.38664" lon="-124.02539">
        <ele>267.0</ele>
      </trkpt>
      <trkpt lat="41.38698" lon="-124.02565">
        <ele>260.0</ele>
      </trkpt>
      <trkpt lat="41.38709" lon="-124.02592">
        <ele>253.0</ele>
      </trkpt>
      <trkpt lat="41.38724" lon="-124.02617">
        <ele>251.0</ele>
      </trkpt>
      <trkpt lat="41.38727" lon="-124.02658">
        <ele>253.0</ele>
      </trkpt>
      <trkpt lat="41.38727" lon="-124.02689">
        <ele>253.0</ele>
      </trkpt>
      <trkpt lat="41.3875" lon="-124.02704">
        <ele>258.0</ele>
      </trkpt>
      <trkpt lat="41.38761" lon="-124.02729">
        <ele>262.0</ele>
      </trkpt>
      <trkpt lat="41.38786" lon="-124.02741">
        <ele>270.0</ele>
      </trkpt>
      <trkpt lat="41.38812" lon="-124.02765">
        <ele>270.0</ele>
      </trkpt>
      <trkpt lat="41.38842" lon="-124.02776">
        <ele>266.0</ele>
      </trkpt>
      <trkpt lat="41.38914" lon="-124.02745">
        <ele>248.0</ele>
      </trkpt>
      <trkpt lat="41.38952" lon="-124.02712">
        <ele>257.0</ele>
      </trkpt>
      <trkpt lat="41.38952" lon="-124.02712">
        <ele>257.0</ele>
      </trkpt>
      <trkpt lat="41.38962" lon="-124.02669">
        <ele>247.0</ele>
      </trkpt>
      <trkpt lat="41.38978" lon="-124.02642">
        <ele>240.0</ele>
      </trkpt>
      <trkpt lat="41.39032" lon="-124.02608">
        <ele>240.0</ele>
      </trkpt>
      <trkpt lat="41.39067" lon="-124.02594">
        <ele>241.0</ele>
      </trkpt>
      <trkpt lat="41.39127" lon="-124.02579">
        <ele>232.0</ele>
      </trkpt>
      <trkpt lat="41.39133" lon="-124.02556">
        <ele>230.0</ele>
      </trkpt>
      <trkpt lat="41.39145" lon="-124.02585">
        <ele>232.0</ele>
      </trkpt>
      <trkpt lat="41.3916" lon="-124.02591">
        <ele>225.0</ele>
      </trkpt>
      <trkpt lat="41.39189" lon="-124.0259">
        <ele>216.0</ele>
      </trkpt>
      <trkpt lat="41.39212" lon="-124.02554">
        <ele>208.0</ele>
      </trkpt>
      <trkpt lat="41.39288" lon="-124.02535">
        <ele>192.0</ele>
      </trkpt>
      <trkpt lat="41.39303" lon="-124.02525">
        <ele>188.0</ele>
      </trkpt>
      <trkpt lat="41.39316" lon="-124.02489">
        <ele>184.0</ele>
      </trkpt>
      <trkpt lat="41.39307" lon="-124.02464">
        <ele>173.0</ele>
      </trkpt>
      <trkpt lat="41.39318" lon="-124.02411">
        <ele>160.0</ele>
      </trkpt>
      <trkpt lat="41.39315" lon="-124.02375">
        <ele>136.0</ele>
      </trkpt>
      <trkpt lat="41.39315" lon="-124.02375">
        <ele>136.0</ele>
      </trkpt>
      <trkpt lat="41.3931" lon="-124.02366">
        <ele>136.0</ele>
      </trkpt>
      <trkpt lat="41.39313" lon="-124.02352">
        <ele>136.0</ele>
      </trkpt>
      <trkpt lat="41.39314" lon="-124.02327">
        <ele>128.0</ele>
      </trkpt>
      <trkpt lat="41.39305" lon="-124.02296">
        <ele>125.0</ele>
      </trkpt>
      <trkpt lat="41.39292" lon="-124.02292">
        <ele>125.0</ele>
      </trkpt>
      <trkpt lat="41.39275" lon="-124.02277">
        <ele>126.0</ele>
      </trkpt>
      <trkpt lat="41.39241" lon="-124.0222">
        <ele>121.0</ele>
      </trkpt>
      <trkpt lat="41.39236" lon="-124.02218">
        <ele>119.0</ele>
      </trkpt>
      <trkpt lat="41.39227" lon="-124.02222">
        <ele>119.0</ele>
      </trkpt>
      <trkpt lat="41.3921" lon="-124.02219">
        <ele>119.0</ele>
      </trkpt>
      <trkpt lat="41.39197" lon="-124.02213">
        <ele>123.0</ele>
      </trkpt>
      <trkpt lat="41.39193" lon="-124.02205">
        <ele>119.0</ele>
      </trkpt>
      <trkpt lat="41.39195" lon="-124.02193">
        <ele>119.0</ele>
      </trkpt>
      <trkpt lat="41.39195" lon="-124.02193">
        <ele>119.0</ele>
      </trkpt>
      <trkpt lat="41.39194" lon="-124.02162">
        <ele>118.0</ele>
      </trkpt>
      <trkpt lat="41.39194" lon="-124.02162">
        <ele>118.0</ele>
      </trkpt>
      <trkpt lat="41.39197" lon="-124.02147">
        <ele>113.0</ele>
      </trkpt>
      <trkpt lat="41.39211" lon="-124.02126">
        <ele>119.0</ele>
      </trkpt>
      <trkpt lat="41.39209" lon="-124.02105">
        <ele>124.0</ele>
      </trkpt>
      <trkpt lat="41.39189" lon="-124.02086">
        <ele>123.0</ele>
      </trkpt>
      <trkpt lat="41.39171" lon="-124.02083">
        <ele>127.0</ele>
      </trkpt>
      <trkpt lat="41.3914" lon="-124.02072">
        <ele>128.0</ele>
      </trkpt>
      <trkpt lat="41.39132" lon="-124.02078">
        <ele>128.0</ele>
      </trkpt>
      <trkpt lat="41.3912" lon="-124.02096">
        <ele>133.0</ele>
      </trkpt>
      <trkpt lat="41.39101" lon="-124.02104">
        <ele>129.0</ele>
      </trkpt>
      <trkpt lat="41.39085" lon="-124.02097">
        <ele>144.0</ele>
      </trkpt>
      <trkpt lat="41.39071" lon="-124.02103">
        <ele>143.0</ele>
      </trkpt>
      <trkpt lat="41.39043" lon="-124.02135">
        <ele>151.0</ele>
      </trkpt>
      <trkpt lat="41.39026" lon="-124.02139">
        <ele>154.0</ele>
      </trkpt>
      <trkpt lat="41.39014" lon="-124.02133">
        <ele>154.0</ele>
      </trkpt>
      <trkpt lat="41.38953" lon="-124.02048">
        <ele>140.0</ele>
      </trkpt>
      <trkpt lat="41.38942" lon="-124.02022">
        <ele>141.0</ele>
      </trkpt>
      <trkpt lat="41.3893" lon="-124.01979">
        <ele>142.0</ele>
      </trkpt>
      <trkpt lat="41.38917" lon="-124.01978">
        <ele>142.0</ele>
      </trkpt>
      <trkpt lat="41.38887" lon="-124.01987">
        <ele>146.0</ele>
      </trkpt>
      <trkpt lat="41.38873" lon="-124.01994">
        <ele>149.0</ele>
      </trkpt>
      <trkpt lat="41.38862" lon="-124.0199">
        <ele>149.0</ele>
      </trkpt>
      <trkpt lat="41.38864" lon="-124.01973">
        <ele>151.0</ele>
      </trkpt>
      <trkpt lat="41.38861" lon="-124.01961">
        <ele>151.0</ele>
      </trkpt>
      <trkpt lat="41.38847" lon="-124.01958">
        <ele>151.0</ele>
      </trkpt>
      <trkpt lat="41.38816" lon="-124.01945">
        <ele>145.0</ele>
      </trkpt>
      <trkpt lat="41.38778" lon="-124.01939">
        <ele>136.0</ele>
      </trkpt>
      <trkpt lat="41.38771" lon="-124.01931">
        <ele>136.0</ele>
      </trkpt>
      <trkpt lat="41.38763" lon="-124.01916">
        <ele>137.0</ele>
      </trkpt>
      <trkpt lat="41.38763" lon="-124.01916">
        <ele>137.0</ele>
      </trkpt>
      <trkpt lat="41.38735" lon="-124.01896">
        <ele>140.0</ele>
      </trkpt>
      <trkpt lat="41.38735" lon="-124.01896">
        <ele>140.0</ele>
      </trkpt>
      <trkpt lat="41.38726" lon="-124.01916">
        <ele>140.0</ele>
      </trkpt>
      <trkpt lat="41.38717" lon="-124.01921">
        <ele>140.0</ele>
      </trkpt>
      <trkpt lat="41.38674" lon="-124.01913">
        <ele>151.0</ele>
      </trkpt>
      <trkpt lat="41.38662" lon="-124.01895">
        <ele>154.0</ele>
      </trkpt>
      <trkpt lat="41.38614" lon="-124.01903">
        <ele>149.0</ele>
      </trkpt>
      <trkpt lat="41.38566" lon="-124.01881">
        <ele>144.0</ele>
      </trkpt>
      <trkpt lat="41.38511" lon="-124.01844">
        <ele>124.0</ele>
      </trkpt>
      <trkpt lat="41.38487" lon="-124.01822">
        <ele>124.0</ele>
      </trkpt>
      <trkpt lat="41.38469" lon="-124.01746">
        <ele>100.0</ele>
      </trkpt>
      <trkpt lat="41.38458" lon="-124.01728">
        <ele>90.0</ele>
      </trkpt>
      <trkpt lat="41.3845" lon="-124.01694">
        <ele>93.0</ele>
      </trkpt>
      <trkpt lat="41.38436" lon="-124.01683">
        <ele>93.0</ele>
      </trkpt>
      <trkpt lat="41.38429" lon="-124.01668">
        <ele>87.0</ele>
      </trkpt>
      <trkpt lat="41.38423" lon="-124.01666">
        <ele>87.0</ele>
      </trkpt>
      <trkpt lat="41.38413" lon="-124.01668">
        <ele>87.0</ele>
      </trkpt>
      <trkpt lat="41.38399" lon="-124.01657">
        <ele>81.0</ele>
      </trkpt>
      <trkpt lat="41.38384" lon="-124.01663">
        <ele>81.0</ele>
      </trkpt>
      <trkpt lat="41.3837" lon="-124.01658">
        <ele>79.0</ele>
      </trkpt>
      <trkpt lat="41.38353" lon="-124.01657">
        <ele>79.0</ele>
      </trkpt>
      <trkpt lat="41.38332" lon="-124.01633">
        <ele>89.0</ele>
      </trkpt>
      <trkpt lat="41.38328" lon="-124.01634">
        <ele>89.0</ele>
      </trkpt>
      <trkpt lat="41.38322" lon="-124.01641">
        <ele>89.0</ele>
      </trkpt>
      <trkpt lat="41.38315" lon="-124.01641">
        <ele>90.0</ele>
      </trkpt>
      <trkpt lat="41.38297" lon="-124.0163">
        <ele>90.0</ele>
      </trkpt>
      <trkpt lat="41.38291" lon="-124.01642">
        <ele>97.0</ele>
      </trkpt>
      <trkpt lat="41.38277" lon="-124.01647">
        <ele>97.0</ele>
      </trkpt>
      <trkpt lat="41.38265" lon="-124.01645">
        <ele>97.0</ele>
      </trkpt>
      <trkpt lat="41.38255" lon="-124.01635">
        <ele>98.0</ele>
      </trkpt>
      <trkpt lat="41.3822" lon="-124.0164">
        <ele>99.0</ele>
      </trkpt>
      <trkpt lat="41.38207" lon="-124.01636">
        <ele>97.0</ele>
      </trkpt>
      <trkpt lat="41.38199" lon="-124.0164">
        <ele>97.0</ele>
      </trkpt>
      <trkpt lat="41.38173" lon="-124.01615">
        <ele>99.0</ele>
      </trkpt>
      <trkpt lat="41.38145" lon="-124.01605">
        <ele>99.0</ele>
      </trkpt>
      <trkpt lat="41.38132" lon="-124.01618">
        <ele>99.0</ele>
      </trkpt>
      <trkpt lat="41.38121" lon="-124.01625">
        <ele>102.0</ele>
      </trkpt>
      <trkpt lat="41.38116" lon="-124.01623">
        <ele>102.0</ele>
      </trkpt>
      <trkpt lat="41.38116" lon="-124.01623">
        <ele>102.0</ele>
      </trkpt>
      <trkpt lat="41.38115" lon="-124.01619">
        <ele>102.0</ele>
      </trkpt>
      <trkpt lat="41.38115" lon="-124.01619">
        <ele>102.0</ele>
      </trkpt>
      <trkpt lat="41.38126" lon="-124.01608">
        <ele>99.0</ele>
      </trkpt>
      <trkpt lat="41.38117" lon="-124.01604">
        <ele>102.0</ele>
      </trkpt>
      <trkpt lat="41.38109" lon="-124.01606">
        <ele>102.0</ele>
      </trkpt>
      <trkpt lat="41.38109" lon="-124.01606">
        <ele>102.0</ele>
      </trkpt>
      <trkpt lat="41.38109" lon="-124.01606">
        <ele>102.0</ele>
      </trkpt>
      <trkpt lat="41.38105" lon="-124.01616">
        <ele>102.0</ele>
      </trkpt>
      <trkpt lat="41.38096" lon="-124.01625">
        <ele>100.0</ele>
      </trkpt>
      <trkpt lat="41.38085" lon="-124.01631">
        <ele>94.0</ele>
      </trkpt>
      <trkpt lat="41.38061" lon="-124.01631">
        <ele>98.0</ele>
      </trkpt>
      <trkpt lat="41.38049" lon="-124.01626">
        <ele>98.0</ele>
      </trkpt>
      <trkpt lat="41.38043" lon="-124.01627">
        <ele>98.0</ele>
      </trkpt>
      <trkpt lat="41.38034" lon="-124.01635">
        <ele>105.0</ele>
      </trkpt>
      <trkpt lat="41.38018" lon="-124.01635">
        <ele>105.0</ele>
      </trkpt>
      <trkpt lat="41.38" lon="-124.01615">
        <ele>118.0</ele>
      </trkpt>
      <trkpt lat="41.37985" lon="-124.01623">
        <ele>114.0</ele>
      </trkpt>
      <trkpt lat="41.37977" lon="-124.01623">
        <ele>114.0</ele>
      </trkpt>
      <trkpt lat="41.37957865593583" lon="-124.0159883022347">
        <ele>106.0</ele>
      </trkpt>
      <trkpt lat="41.37957865621335" lon="-124.0159883022347">
        <ele>106.0</ele>
      </trkpt>
      <trkpt lat="41.37939" lon="-124.01575">
        <ele>109.0</ele>
      </trkpt>
      <trkpt lat="41.37914" lon="-124.01572">
        <ele>101.0</ele>
      </trkpt>
      <trkpt lat="41.37866" lon="-124.01536">
        <ele>91.0</ele>
      </trkpt>
      <trkpt lat="41.37859" lon="-124.01522">
        <ele>91.0</ele>
      </trkpt>
      <trkpt lat="41.37854" lon="-124.01508">
        <ele>94.0</ele>
      </trkpt>
      <trkpt lat="41.37843" lon="-124.01501">
        <ele>106.0</ele>
      </trkpt>
      <trkpt lat="41.37832" lon="-124.0151">
        <ele>106.0</ele>
      </trkpt>
      <trkpt lat="41.37825" lon="-124.01513">
        <ele>106.0</ele>
      </trkpt>
      <trkpt lat="41.37812" lon="-124.01494">
        <ele>115.0</ele>
      </trkpt>
      <trkpt lat="41.37794" lon="-124.01494">
        <ele>115.0</ele>
      </trkpt>
      <trkpt lat="41.37767" lon="-124.01531">
        <ele>121.0</ele>
      </trkpt>
      <trkpt lat="41.37758" lon="-124.01535">
        <ele>125.0</ele>
      </trkpt>
      <trkpt lat="41.37747" lon="-124.01526">
        <ele>125.0</ele>
      </trkpt>
      <trkpt lat="41.37743" lon="-124.01507">
        <ele>123.0</ele>
      </trkpt>
      <trkpt lat="41.37744" lon="-124.01486">
        <ele>122.0</ele>
      </trkpt>
      <trkpt lat="41.37739" lon="-124.01477">
        <ele>122.0</ele>
      </trkpt>
      <trkpt lat="41.37729" lon="-124.01479">
        <ele>124.0</ele>
      </trkpt>
      <trkpt lat="41.37729" lon="-124.01479">
        <ele>124.0</ele>
      </trkpt>
      <trkpt lat="41.37716" lon="-124.01487">
        <ele>124.0</ele>
      </trkpt>
      <trkpt lat="41.37716" lon="-124.01487">
        <ele>124.0</ele>
      </trkpt>
      <trkpt lat="41.37707" lon="-124.015">
        <ele>125.0</ele>
      </trkpt>
      <trkpt lat="41.377" lon="-124.01516">
        <ele>123.0</ele>
      </trkpt>
      <trkpt lat="41.37681" lon="-124.01533">
        <ele>123.0</ele>
      </trkpt>
      <trkpt lat="41.37681" lon="-124.01533">
        <ele>123.0</ele>
      </trkpt>
      <trkpt lat="41.37668" lon="-124.0155">
        <ele>125.0</ele>
      </trkpt>
      <trkpt lat="41.37667" lon="-124.01564">
        <ele>125.0</ele>
      </trkpt>
      <trkpt lat="41.3767" lon="-124.01583">
        <ele>119.0</ele>
      </trkpt>
      <trkpt lat="41.37668" lon="-124.01591">
        <ele>119.0</ele>
      </trkpt>
      <trkpt lat="41.37658" lon="-124.01595">
        <ele>119.0</ele>
      </trkpt>
      <trkpt lat="41.37644" lon="-124.01612">
        <ele>113.0</ele>
      </trkpt>
      <trkpt lat="41.37639" lon="-124.01616">
        <ele>113.0</ele>
      </trkpt>
      <trkpt lat="41.37634" lon="-124.01613">
        <ele>113.0</ele>
      </trkpt>
      <trkpt lat="41.37627" lon="-124.01584">
        <ele>121.0</ele>
      </trkpt>
      <trkpt lat="41.37614" lon="-124.01577">
        <ele>115.0</ele>
      </trkpt>
      <trkpt lat="41.37614" lon="-124.01577">
        <ele>115.0</ele>
      </trkpt>
      <trkpt lat="41.3759" lon="-124.01592">
        <ele>117.0</ele>
      </trkpt>
      <trkpt lat="41.37579" lon="-124.01593">
        <ele>117.0</ele>
      </trkpt>
      <trkpt lat="41.37576" lon="-124.01592">
        <ele>117.0</ele>
      </trkpt>
      <trkpt lat="41.37568" lon="-124.01576">
        <ele>112.0</ele>
      </trkpt>
      <trkpt lat="41.37555" lon="-124.01568">
        <ele>107.0</ele>
      </trkpt>
      <trkpt lat="41.37555" lon="-124.01561">
        <ele>107.0</ele>
      </trkpt>
      <trkpt lat="41.37555" lon="-124.01561">
        <ele>107.0</ele>
      </trkpt>
      <trkpt lat="41.37551" lon="-124.01556">
        <ele>107.0</ele>
      </trkpt>
      <trkpt lat="41.37551" lon="-124.01556">
        <ele>107.0</ele>
      </trkpt>
      <trkpt lat="41.37537" lon="-124.0156">
        <ele>103.0</ele>
      </trkpt>
      <trkpt lat="41.37534" lon="-124.01558">
        <ele>103.0</ele>
      </trkpt>
      <trkpt lat="41.37526" lon="-124.01542">
        <ele>103.0</ele>
      </trkpt>
      <trkpt lat="41.37511" lon="-124.01537">
        <ele>102.0</ele>
      </trkpt>
      <trkpt lat="41.37489" lon="-124.01552">
        <ele>95.0</ele>
      </trkpt>
      <trkpt lat="41.37454" lon="-124.01543">
        <ele>89.0</ele>
      </trkpt>
      <trkpt lat="41.37439" lon="-124.01543">
        <ele>89.0</ele>
      </trkpt>
      <trkpt lat="41.3743" lon="-124.01549">
        <ele>89.0</ele>
      </trkpt>
      <trkpt lat="41.37421" lon="-124.01565">
        <ele>89.0</ele>
      </trkpt>
      <trkpt lat="41.37417" lon="-124.01563">
        <ele>89.0</ele>
      </trkpt>
      <trkpt lat="41.37418" lon="-124.01555">
        <ele>89.0</ele>
      </trkpt>
      <trkpt lat="41.37415" lon="-124.01553">
        <ele>89.0</ele>
      </trkpt>
      <trkpt lat="41.37378" lon="-124.01551">
        <ele>86.0</ele>
      </trkpt>
      <trkpt lat="41.37368" lon="-124.0156">
        <ele>90.0</ele>
      </trkpt>
      <trkpt lat="41.37353" lon="-124.01565">
        <ele>90.0</ele>
      </trkpt>
      <trkpt lat="41.37345" lon="-124.01578">
        <ele>101.0</ele>
      </trkpt>
      <trkpt lat="41.37342" lon="-124.01571">
        <ele>101.0</ele>
      </trkpt>
      <trkpt lat="41.37337" lon="-124.01579">
        <ele>101.0</ele>
      </trkpt>
      <trkpt lat="41.37328" lon="-124.01575">
        <ele>101.0</ele>
      </trkpt>
      <trkpt lat="41.37324" lon="-124.01581">
        <ele>101.0</ele>
      </trkpt>
      <trkpt lat="41.37321" lon="-124.01595">
        <ele>101.0</ele>
      </trkpt>
      <trkpt lat="41.37312" lon="-124.01611">
        <ele>107.0</ele>
      </trkpt>
      <trkpt lat="41.3731" lon="-124.01613">
        <ele>107.0</ele>
      </trkpt>
      <trkpt lat="41.37304" lon="-124.01612">
        <ele>107.0</ele>
      </trkpt>
      <trkpt lat="41.3728" lon="-124.01627">
        <ele>106.0</ele>
      </trkpt>
      <trkpt lat="41.3727" lon="-124.01625">
        <ele>102.0</ele>
      </trkpt>
      <trkpt lat="41.37254" lon="-124.01604">
        <ele>103.0</ele>
      </trkpt>
      <trkpt lat="41.37254" lon="-124.01604">
        <ele>103.0</ele>
      </trkpt>
      <trkpt lat="41.37251" lon="-124.016">
        <ele>103.0</ele>
      </trkpt>
      <trkpt lat="41.37251" lon="-124.016">
        <ele>103.0</ele>
      </trkpt>
      <trkpt lat="41.37241" lon="-124.01587">
        <ele>101.0</ele>
      </trkpt>
      <trkpt lat="41.37199" lon="-124.01593">
        <ele>91.0</ele>
      </trkpt>
      <trkpt lat="41.37191" lon="-124.01589">
        <ele>91.0</ele>
      </trkpt>
      <trkpt lat="41.37182" lon="-124.01592">
        <ele>91.0</ele>
      </trkpt>
      <trkpt lat="41.37182" lon="-124.01592">
        <ele>91.0</ele>
      </trkpt>
      <trkpt lat="41.37175" lon="-124.01595">
        <ele>81.0</ele>
      </trkpt>
      <trkpt lat="41.37173" lon="-124.01602">
        <ele>87.0</ele>
      </trkpt>
      <trkpt lat="41.37173" lon="-124.01602">
        <ele>87.0</ele>
      </trkpt>
      <trkpt lat="41.37167" lon="-124.01608">
        <ele>87.0</ele>
      </trkpt>
      <trkpt lat="41.37159" lon="-124.01605">
        <ele>87.0</ele>
      </trkpt>
      <trkpt lat="41.37153" lon="-124.01607">
        <ele>87.0</ele>
      </trkpt>
      <trkpt lat="41.37151" lon="-124.01624">
        <ele>86.0</ele>
      </trkpt>
      <trkpt lat="41.37141" lon="-124.01634">
        <ele>98.0</ele>
      </trkpt>
      <trkpt lat="41.37142" lon="-124.01646">
        <ele>98.0</ele>
      </trkpt>
      <trkpt lat="41.37137" lon="-124.01648">
        <ele>98.0</ele>
      </trkpt>
      <trkpt lat="41.3713" lon="-124.01643">
        <ele>98.0</ele>
      </trkpt>
      <trkpt lat="41.37126" lon="-124.0166">
        <ele>114.0</ele>
      </trkpt>
      <trkpt lat="41.37117" lon="-124.0167">
        <ele>106.0</ele>
      </trkpt>
      <trkpt lat="41.37113" lon="-124.01679">
        <ele>106.0</ele>
      </trkpt>
      <trkpt lat="41.3709" lon="-124.01701">
        <ele>99.0</ele>
      </trkpt>
      <trkpt lat="41.37087688547156" lon="-124.0170628332079">
        <ele>99.0</ele>
      </trkpt>
      <trkpt lat="41.37087688547988" lon="-124.0170628332079">
        <ele>99.0</ele>
      </trkpt>
      <trkpt lat="41.37083" lon="-124.01717">
        <ele>106.0</ele>
      </trkpt>
      <trkpt lat="41.37051" lon="-124.01751">
        <ele>107.0</ele>
      </trkpt>
      <trkpt lat="41.37031" lon="-124.01786">
        <ele>108.0</ele>
      </trkpt>
      <trkpt lat="41.37031" lon="-124.01786">
        <ele>108.0</ele>
      </trkpt>
      <trkpt lat="41.37017" lon="-124.01798">
        <ele>122.0</ele>
      </trkpt>
      <trkpt lat="41.37017" lon="-124.01798">
        <ele>122.0</ele>
      </trkpt>
      <trkpt lat="41.36988" lon="-124.01811">
        <ele>117.0</ele>
      </trkpt>
      <trkpt lat="41.36959" lon="-124.0182">
        <ele>122.0</ele>
      </trkpt>
      <trkpt lat="41.3695" lon="-124.01831">
        <ele>111.0</ele>
      </trkpt>
      <trkpt lat="41.36927" lon="-124.01838">
        <ele>111.0</ele>
      </trkpt>
      <trkpt lat="41.36922" lon="-124.01847">
        <ele>111.0</ele>
      </trkpt>
      <trkpt lat="41.36919" lon="-124.01863">
        <ele>117.0</ele>
      </trkpt>
      <trkpt lat="41.36901" lon="-124.01883">
        <ele>112.0</ele>
      </trkpt>
      <trkpt lat="41.36887" lon="-124.01886">
        <ele>112.0</ele>
      </trkpt>
      <trkpt lat="41.36869" lon="-124.01905">
        <ele>108.0</ele>
      </trkpt>
      <trkpt lat="41.36816" lon="-124.01928">
        <ele>114.0</ele>
      </trkpt>
      <trkpt lat="41.36811" lon="-124.01937">
        <ele>116.0</ele>
      </trkpt>
      <trkpt lat="41.36776" lon="-124.01968">
        <ele>108.0</ele>
      </trkpt>
      <trkpt lat="41.36744" lon="-124.01983">
        <ele>101.0</ele>
      </trkpt>
      <trkpt lat="41.36731" lon="-124.01994">
        <ele>104.0</ele>
      </trkpt>
      <trkpt lat="41.36726" lon="-124.02004">
        <ele>104.0</ele>
      </trkpt>
      <trkpt lat="41.36719" lon="-124.02008">
        <ele>104.0</ele>
      </trkpt>
      <trkpt lat="41.36711314457486" lon="-124.0200714605083">
        <ele>104.0</ele>
      </trkpt>
      <trkpt lat="41.36711314458262" lon="-124.0200714605083">
        <ele>104.0</ele>
      </trkpt>
      <trkpt lat="41.3671" lon="-124.02007">
        <ele>104.0</ele>
      </trkpt>
      <trkpt lat="41.36697" lon="-124.01998">
        <ele>110.0</ele>
      </trkpt>
      <trkpt lat="41.36691" lon="-124.02005">
        <ele>110.0</ele>
      </trkpt>
      <trkpt lat="41.36664" lon="-124.02019">
        <ele>115.0</ele>
      </trkpt>
      <trkpt lat="41.36653" lon="-124.02035">
        <ele>115.0</ele>
      </trkpt>
      <trkpt lat="41.36645" lon="-124.0205">
        <ele>105.0</ele>
      </trkpt>
      <trkpt lat="41.36616" lon="-124.02077">
        <ele>92.0</ele>
      </trkpt>
      <trkpt lat="41.36589" lon="-124.02079">
        <ele>90.0</ele>
      </trkpt>
      <trkpt lat="41.3658" lon="-124.02084">
        <ele>90.0</ele>
      </trkpt>
      <trkpt lat="41.36569" lon="-124.02103">
        <ele>90.0</ele>
      </trkpt>
      <trkpt lat="41.36546" lon="-124.02127">
        <ele>98.0</ele>
      </trkpt>
      <trkpt lat="41.36536" lon="-124.0214">
        <ele>86.0</ele>
      </trkpt>
      <trkpt lat="41.36525" lon="-124.02162">
        <ele>85.0</ele>
      </trkpt>
      <trkpt lat="41.3652" lon="-124.02189">
        <ele>86.0</ele>
      </trkpt>
      <trkpt lat="41.36528" lon="-124.02217">
        <ele>84.0</ele>
      </trkpt>
      <trkpt lat="41.36526" lon="-124.02226">
        <ele>84.0</ele>
      </trkpt>
      <trkpt lat="41.36518" lon="-124.02224">
        <ele>84.0</ele>
      </trkpt>
      <trkpt lat="41.36518" lon="-124.02224">
        <ele>84.0</ele>
      </trkpt>
      <trkpt lat="41.36518" lon="-124.02224">
        <ele>84.0</ele>
      </trkpt>
      <trkpt lat="41.36501" lon="-124.02204">
        <ele>77.0</ele>
      </trkpt>
      <trkpt lat="41.36496" lon="-124.02191">
        <ele>77.0</ele>
      </trkpt>
      <trkpt lat="41.36485" lon="-124.02186">
        <ele>68.0</ele>
      </trkpt>
      <trkpt lat="41.36476" lon="-124.02193">
        <ele>68.0</ele>
      </trkpt>
      <trkpt lat="41.36471" lon="-124.02208">
        <ele>68.0</ele>
      </trkpt>
      <trkpt lat="41.36468" lon="-124.02211">
        <ele>71.0</ele>
      </trkpt>
      <trkpt lat="41.36451" lon="-124.02214">
        <ele>64.0</ele>
      </trkpt>
      <trkpt lat="41.36451" lon="-124.02214">
        <ele>64.0</ele>
      </trkpt>
      <trkpt lat="41.36432" lon="-124.02233">
        <ele>64.0</ele>
      </trkpt>
      <trkpt lat="41.36432" lon="-124.02233">
        <ele>64.0</ele>
      </trkpt>
      <trkpt lat="41.36419" lon="-124.02243">
        <ele>66.0</ele>
      </trkpt>
      <trkpt lat="41.36417" lon="-124.02262">
        <ele>66.0</ele>
      </trkpt>
      <trkpt lat="41.36417" lon="-124.02262">
        <ele>66.0</ele>
      </trkpt>
      <trkpt lat="41.36425182863367" lon="-124.022820025549">
        <ele>67.0</ele>
      </trkpt>
      <trkpt lat="41.36425182863881" lon="-124.022820025549">
        <ele>67.0</ele>
      </trkpt>
      <trkpt lat="41.36426" lon="-124.02284">
        <ele>67.0</ele>
      </trkpt>
      <trkpt lat="41.36427355728095" lon="-124.0229620136955">
        <ele>68.0</ele>
      </trkpt>
      <trkpt lat="41.36428" lon="-124.02296">
        <ele>68.0</ele>
      </trkpt>
      <trkpt lat="41.36412" lon="-124.02301">
        <ele>68.0</ele>
      </trkpt>
      <trkpt lat="41.36412" lon="-124.02301">
        <ele>68.0</ele>
      </trkpt>
    </trkseg>
  </trk>
</gpx>
