<?xml version="1.0" encoding="UTF-8"?>
<gpx xmlns:xsi="http://www.w3.org/2001/XMLSchema-instance" version="1.1" creator="The Outbound Collective, Inc. 1.1.1 -- https://www.theoutbound.com" xsi:schemaLocation="http://www.topografix.com/GPX/1/1 http://www.topografix.com/GPX/1/1/gpx.xsd">
  <metadata>
    <name/>
    <time>2026-02-19T21:52:09+00:00</time>
    <bound minlat="37.72825" minlon="-119.60187" maxlat="37.73703" maxlon="-119.57291"/>
  </metadata>
  <trk>
    <name/>
    <trkseg>
      <trkpt lat="37.73385" lon="-119.60187">
        <ele>1213.0</ele>
      </trkpt>
      <trkpt lat="37.73375" lon="-119.60187">
        <ele>1213.0</ele>
      </trkpt>
      <trkpt lat="37.73378" lon="-119.6018">
        <ele>1213.1</ele>
      </trkpt>
      <trkpt lat="37.73374" lon="-119.60175">
        <ele>1213.65</ele>
      </trkpt>
      <trkpt lat="37.73371" lon="-119.60168">
        <ele>1213.99</ele>
      </trkpt>
      <trkpt lat="37.73368" lon="-119.6016">
        <ele>1214.18</ele>
      </trkpt>
      <trkpt lat="37.73364" lon="-119.60153">
        <ele>1214.84</ele>
      </trkpt>
      <trkpt lat="37.73359" lon="-119.60147">
        <ele>1215.03</ele>
      </trkpt>
      <trkpt lat="37.73355" lon="-119.60142">
        <ele>1215.44</ele>
      </trkpt>
      <trkpt lat="37.73348" lon="-119.60138">
        <ele>1216.0</ele>
      </trkpt>
      <trkpt lat="37.73342" lon="-119.60134">
        <ele>1216.0</ele>
      </trkpt>
      <trkpt lat="37.73336" lon="-119.6013">
        <ele>1216.0</ele>
      </trkpt>
      <trkpt lat="37.73331" lon="-119.60124">
        <ele>1216.15</ele>
      </trkpt>
      <trkpt lat="37.73327" lon="-119.6012">
        <ele>1216.7</ele>
      </trkpt>
      <trkpt lat="37.73322" lon="-119.60114">
        <ele>1217.0</ele>
      </trkpt>
      <trkpt lat="37.73317" lon="-119.60108">
        <ele>1217.26</ele>
      </trkpt>
      <trkpt lat="37.73312" lon="-119.60103">
        <ele>1217.88</ele>
      </trkpt>
      <trkpt lat="37.73306" lon="-119.60102">
        <ele>1217.98</ele>
      </trkpt>
      <trkpt lat="37.733" lon="-119.60101">
        <ele>1218.0</ele>
      </trkpt>
      <trkpt lat="37.73295" lon="-119.60096">
        <ele>1218.0</ele>
      </trkpt>
      <trkpt lat="37.7329" lon="-119.60089">
        <ele>1218.0</ele>
      </trkpt>
      <trkpt lat="37.73284" lon="-119.60085">
        <ele>1218.27</ele>
      </trkpt>
      <trkpt lat="37.73278" lon="-119.60083">
        <ele>1218.98</ele>
      </trkpt>
      <trkpt lat="37.73271" lon="-119.60082">
        <ele>1219.0</ele>
      </trkpt>
      <trkpt lat="37.73265" lon="-119.60081">
        <ele>1219.0</ele>
      </trkpt>
      <trkpt lat="37.7326" lon="-119.60075">
        <ele>1219.0</ele>
      </trkpt>
      <trkpt lat="37.73257" lon="-119.60067">
        <ele>1219.0</ele>
      </trkpt>
      <trkpt lat="37.73251" lon="-119.60066">
        <ele>1219.0</ele>
      </trkpt>
      <trkpt lat="37.73247" lon="-119.6006">
        <ele>1219.32</ele>
      </trkpt>
      <trkpt lat="37.7324" lon="-119.60059">
        <ele>1220.0</ele>
      </trkpt>
      <trkpt lat="37.73234" lon="-119.60061">
        <ele>1220.0</ele>
      </trkpt>
      <trkpt lat="37.73228" lon="-119.60066">
        <ele>1220.38</ele>
      </trkpt>
      <trkpt lat="37.73223" lon="-119.6007">
        <ele>1220.92</ele>
      </trkpt>
      <trkpt lat="37.73218" lon="-119.60076">
        <ele>1221.46</ele>
      </trkpt>
      <trkpt lat="37.73214" lon="-119.60081">
        <ele>1221.89</ele>
      </trkpt>
      <trkpt lat="37.7321" lon="-119.60086">
        <ele>1222.12</ele>
      </trkpt>
      <trkpt lat="37.73203" lon="-119.60087">
        <ele>1223.08</ele>
      </trkpt>
      <trkpt lat="37.73198" lon="-119.60091">
        <ele>1223.62</ele>
      </trkpt>
      <trkpt lat="37.73194" lon="-119.60097">
        <ele>1224.07</ele>
      </trkpt>
      <trkpt lat="37.73193" lon="-119.60104">
        <ele>1224.16</ele>
      </trkpt>
      <trkpt lat="37.73187" lon="-119.60108">
        <ele>1224.8</ele>
      </trkpt>
      <trkpt lat="37.73181" lon="-119.6011">
        <ele>1225.51</ele>
      </trkpt>
      <trkpt lat="37.73175" lon="-119.60109">
        <ele>1226.41</ele>
      </trkpt>
      <trkpt lat="37.7317" lon="-119.60107">
        <ele>1227.44</ele>
      </trkpt>
      <trkpt lat="37.73163" lon="-119.60106">
        <ele>1228.4</ele>
      </trkpt>
      <trkpt lat="37.73157" lon="-119.60105">
        <ele>1229.07</ele>
      </trkpt>
      <trkpt lat="37.73151" lon="-119.60104">
        <ele>1230.22</ele>
      </trkpt>
      <trkpt lat="37.73144" lon="-119.60104">
        <ele>1231.32</ele>
      </trkpt>
      <trkpt lat="37.73138" lon="-119.60103">
        <ele>1232.19</ele>
      </trkpt>
      <trkpt lat="37.73131" lon="-119.60101">
        <ele>1233.8</ele>
      </trkpt>
      <trkpt lat="37.73125" lon="-119.601">
        <ele>1235.7</ele>
      </trkpt>
      <trkpt lat="37.73118" lon="-119.60099">
        <ele>1237.82</ele>
      </trkpt>
      <trkpt lat="37.73113" lon="-119.60095">
        <ele>1239.33</ele>
      </trkpt>
      <trkpt lat="37.73107" lon="-119.60093">
        <ele>1241.29</ele>
      </trkpt>
      <trkpt lat="37.73101" lon="-119.60091">
        <ele>1243.36</ele>
      </trkpt>
      <trkpt lat="37.73096" lon="-119.60086">
        <ele>1244.98</ele>
      </trkpt>
      <trkpt lat="37.73091" lon="-119.6008">
        <ele>1246.88</ele>
      </trkpt>
      <trkpt lat="37.73086" lon="-119.60075">
        <ele>1249.04</ele>
      </trkpt>
      <trkpt lat="37.73081" lon="-119.60069">
        <ele>1251.17</ele>
      </trkpt>
      <trkpt lat="37.73079" lon="-119.60062">
        <ele>1252.08</ele>
      </trkpt>
      <trkpt lat="37.73077" lon="-119.60055">
        <ele>1253.11</ele>
      </trkpt>
      <trkpt lat="37.73074" lon="-119.60048">
        <ele>1254.84</ele>
      </trkpt>
      <trkpt lat="37.73072" lon="-119.6004">
        <ele>1255.82</ele>
      </trkpt>
      <trkpt lat="37.73071" lon="-119.60032">
        <ele>1256.69</ele>
      </trkpt>
      <trkpt lat="37.73075" lon="-119.60027">
        <ele>1255.79</ele>
      </trkpt>
      <trkpt lat="37.73078" lon="-119.60021">
        <ele>1255.77</ele>
      </trkpt>
      <trkpt lat="37.73079" lon="-119.60013">
        <ele>1257.41</ele>
      </trkpt>
      <trkpt lat="37.73082" lon="-119.60006">
        <ele>1258.19</ele>
      </trkpt>
      <trkpt lat="37.73083" lon="-119.59998">
        <ele>1259.79</ele>
      </trkpt>
      <trkpt lat="37.73087" lon="-119.59992">
        <ele>1260.06</ele>
      </trkpt>
      <trkpt lat="37.73088" lon="-119.59984">
        <ele>1261.8</ele>
      </trkpt>
      <trkpt lat="37.73091" lon="-119.59976">
        <ele>1262.04</ele>
      </trkpt>
      <trkpt lat="37.73094" lon="-119.59968">
        <ele>1262.15</ele>
      </trkpt>
      <trkpt lat="37.73095" lon="-119.59961">
        <ele>1263.02</ele>
      </trkpt>
      <trkpt lat="37.73098" lon="-119.59954">
        <ele>1263.18</ele>
      </trkpt>
      <trkpt lat="37.73102" lon="-119.59948">
        <ele>1263.82</ele>
      </trkpt>
      <trkpt lat="37.73106" lon="-119.59942">
        <ele>1264.9</ele>
      </trkpt>
      <trkpt lat="37.73109" lon="-119.59935">
        <ele>1266.54</ele>
      </trkpt>
      <trkpt lat="37.73107" lon="-119.59929">
        <ele>1269.56</ele>
      </trkpt>
      <trkpt lat="37.731" lon="-119.59929">
        <ele>1271.27</ele>
      </trkpt>
      <trkpt lat="37.73093" lon="-119.5993">
        <ele>1273.11</ele>
      </trkpt>
      <trkpt lat="37.73088" lon="-119.59932">
        <ele>1273.69</ele>
      </trkpt>
      <trkpt lat="37.73082" lon="-119.59936">
        <ele>1274.32</ele>
      </trkpt>
      <trkpt lat="37.73076" lon="-119.59939">
        <ele>1276.26</ele>
      </trkpt>
      <trkpt lat="37.7307" lon="-119.59941">
        <ele>1278.34</ele>
      </trkpt>
      <trkpt lat="37.73064" lon="-119.59944">
        <ele>1280.49</ele>
      </trkpt>
      <trkpt lat="37.73063" lon="-119.59937">
        <ele>1281.78</ele>
      </trkpt>
      <trkpt lat="37.73066" lon="-119.59932">
        <ele>1281.6</ele>
      </trkpt>
      <trkpt lat="37.73071" lon="-119.59925">
        <ele>1281.73</ele>
      </trkpt>
      <trkpt lat="37.73075" lon="-119.59919">
        <ele>1282.77</ele>
      </trkpt>
      <trkpt lat="37.73078" lon="-119.59912">
        <ele>1285.46</ele>
      </trkpt>
      <trkpt lat="37.7308" lon="-119.59905">
        <ele>1288.38</ele>
      </trkpt>
      <trkpt lat="37.73084" lon="-119.59898">
        <ele>1290.86</ele>
      </trkpt>
      <trkpt lat="37.73088" lon="-119.59892">
        <ele>1292.81</ele>
      </trkpt>
      <trkpt lat="37.73093" lon="-119.59887">
        <ele>1293.89</ele>
      </trkpt>
      <trkpt lat="37.73096" lon="-119.59881">
        <ele>1296.16</ele>
      </trkpt>
      <trkpt lat="37.7309" lon="-119.5988">
        <ele>1298.64</ele>
      </trkpt>
      <trkpt lat="37.73085" lon="-119.59886">
        <ele>1297.02</ele>
      </trkpt>
      <trkpt lat="37.73075" lon="-119.59891">
        <ele>1298.25</ele>
      </trkpt>
      <trkpt lat="37.73063" lon="-119.59893">
        <ele>1301.37</ele>
      </trkpt>
      <trkpt lat="37.73052" lon="-119.59897">
        <ele>1302.77</ele>
      </trkpt>
      <trkpt lat="37.7304" lon="-119.59898">
        <ele>1306.12</ele>
      </trkpt>
      <trkpt lat="37.73043" lon="-119.59883">
        <ele>1312.61</ele>
      </trkpt>
      <trkpt lat="37.73049" lon="-119.59871">
        <ele>1316.8</ele>
      </trkpt>
      <trkpt lat="37.73058" lon="-119.59861">
        <ele>1319.26</ele>
      </trkpt>
      <trkpt lat="37.7306" lon="-119.59855">
        <ele>1321.2</ele>
      </trkpt>
      <trkpt lat="37.73056" lon="-119.59851">
        <ele>1324.13</ele>
      </trkpt>
      <trkpt lat="37.73047" lon="-119.59849">
        <ele>1327.98</ele>
      </trkpt>
      <trkpt lat="37.73041" lon="-119.59849">
        <ele>1330.52</ele>
      </trkpt>
      <trkpt lat="37.73035" lon="-119.5985">
        <ele>1332.5</ele>
      </trkpt>
      <trkpt lat="37.73029" lon="-119.59848">
        <ele>1335.63</ele>
      </trkpt>
      <trkpt lat="37.73017" lon="-119.59854">
        <ele>1337.62</ele>
      </trkpt>
      <trkpt lat="37.73008" lon="-119.59863">
        <ele>1336.32</ele>
      </trkpt>
      <trkpt lat="37.72997" lon="-119.59868">
        <ele>1338.07</ele>
      </trkpt>
      <trkpt lat="37.72988" lon="-119.59878">
        <ele>1335.36</ele>
      </trkpt>
      <trkpt lat="37.72977" lon="-119.59885">
        <ele>1336.32</ele>
      </trkpt>
      <trkpt lat="37.72968" lon="-119.59893">
        <ele>1338.65</ele>
      </trkpt>
      <trkpt lat="37.72962" lon="-119.59907">
        <ele>1336.7</ele>
      </trkpt>
      <trkpt lat="37.72954" lon="-119.59917">
        <ele>1335.73</ele>
      </trkpt>
      <trkpt lat="37.72944" lon="-119.59926">
        <ele>1336.15</ele>
      </trkpt>
      <trkpt lat="37.72932" lon="-119.59931">
        <ele>1338.64</ele>
      </trkpt>
      <trkpt lat="37.72921" lon="-119.59939">
        <ele>1340.74</ele>
      </trkpt>
      <trkpt lat="37.72912" lon="-119.5995">
        <ele>1343.03</ele>
      </trkpt>
      <trkpt lat="37.72905" lon="-119.59961">
        <ele>1344.2</ele>
      </trkpt>
      <trkpt lat="37.729" lon="-119.59976">
        <ele>1341.37</ele>
      </trkpt>
      <trkpt lat="37.7289" lon="-119.59984">
        <ele>1343.58</ele>
      </trkpt>
      <trkpt lat="37.72885" lon="-119.59971">
        <ele>1351.57</ele>
      </trkpt>
      <trkpt lat="37.72885" lon="-119.59956">
        <ele>1356.94</ele>
      </trkpt>
      <trkpt lat="37.72886" lon="-119.59941">
        <ele>1361.36</ele>
      </trkpt>
      <trkpt lat="37.72886" lon="-119.59932">
        <ele>1364.39</ele>
      </trkpt>
      <trkpt lat="37.72886" lon="-119.59924">
        <ele>1367.18</ele>
      </trkpt>
      <trkpt lat="37.72888" lon="-119.59917">
        <ele>1368.37</ele>
      </trkpt>
      <trkpt lat="37.72892" lon="-119.5991">
        <ele>1369.29</ele>
      </trkpt>
      <trkpt lat="37.72894" lon="-119.59904">
        <ele>1370.71</ele>
      </trkpt>
      <trkpt lat="37.72898" lon="-119.59896">
        <ele>1372.01</ele>
      </trkpt>
      <trkpt lat="37.72901" lon="-119.5989">
        <ele>1373.29</ele>
      </trkpt>
      <trkpt lat="37.72903" lon="-119.59883">
        <ele>1375.45</ele>
      </trkpt>
      <trkpt lat="37.72907" lon="-119.59877">
        <ele>1376.04</ele>
      </trkpt>
      <trkpt lat="37.72911" lon="-119.59871">
        <ele>1375.86</ele>
      </trkpt>
      <trkpt lat="37.72914" lon="-119.59864">
        <ele>1375.82</ele>
      </trkpt>
      <trkpt lat="37.7292" lon="-119.59858">
        <ele>1375.26</ele>
      </trkpt>
      <trkpt lat="37.72924" lon="-119.59853">
        <ele>1376.13</ele>
      </trkpt>
      <trkpt lat="37.72929" lon="-119.59848">
        <ele>1376.47</ele>
      </trkpt>
      <trkpt lat="37.72932" lon="-119.59841">
        <ele>1378.89</ele>
      </trkpt>
      <trkpt lat="37.72936" lon="-119.59835">
        <ele>1380.84</ele>
      </trkpt>
      <trkpt lat="37.72941" lon="-119.59831">
        <ele>1381.12</ele>
      </trkpt>
      <trkpt lat="37.72946" lon="-119.59827">
        <ele>1381.06</ele>
      </trkpt>
      <trkpt lat="37.72951" lon="-119.59821">
        <ele>1381.5</ele>
      </trkpt>
      <trkpt lat="37.72953" lon="-119.59813">
        <ele>1383.91</ele>
      </trkpt>
      <trkpt lat="37.72956" lon="-119.59807">
        <ele>1384.33</ele>
      </trkpt>
      <trkpt lat="37.72959" lon="-119.598">
        <ele>1384.6</ele>
      </trkpt>
      <trkpt lat="37.72964" lon="-119.59796">
        <ele>1382.42</ele>
      </trkpt>
      <trkpt lat="37.72967" lon="-119.59789">
        <ele>1382.75</ele>
      </trkpt>
      <trkpt lat="37.72969" lon="-119.59782">
        <ele>1385.52</ele>
      </trkpt>
      <trkpt lat="37.72972" lon="-119.59775">
        <ele>1388.59</ele>
      </trkpt>
      <trkpt lat="37.72973" lon="-119.59767">
        <ele>1392.5</ele>
      </trkpt>
      <trkpt lat="37.72978" lon="-119.59769">
        <ele>1389.21</ele>
      </trkpt>
      <trkpt lat="37.72983" lon="-119.59775">
        <ele>1383.26</ele>
      </trkpt>
      <trkpt lat="37.72992" lon="-119.59767">
        <ele>1384.25</ele>
      </trkpt>
      <trkpt lat="37.73001" lon="-119.59757">
        <ele>1384.52</ele>
      </trkpt>
      <trkpt lat="37.73011" lon="-119.59749">
        <ele>1382.09</ele>
      </trkpt>
      <trkpt lat="37.7302" lon="-119.5974">
        <ele>1379.07</ele>
      </trkpt>
      <trkpt lat="37.73029" lon="-119.59729">
        <ele>1382.34</ele>
      </trkpt>
      <trkpt lat="37.73041" lon="-119.59726">
        <ele>1383.53</ele>
      </trkpt>
      <trkpt lat="37.73053" lon="-119.59723">
        <ele>1383.13</ele>
      </trkpt>
      <trkpt lat="37.73065" lon="-119.59717">
        <ele>1382.76</ele>
      </trkpt>
      <trkpt lat="37.73075" lon="-119.59709">
        <ele>1383.41</ele>
      </trkpt>
      <trkpt lat="37.73084" lon="-119.597">
        <ele>1384.38</ele>
      </trkpt>
      <trkpt lat="37.73093" lon="-119.59691">
        <ele>1385.31</ele>
      </trkpt>
      <trkpt lat="37.73099" lon="-119.59678">
        <ele>1388.34</ele>
      </trkpt>
      <trkpt lat="37.73105" lon="-119.59666">
        <ele>1390.95</ele>
      </trkpt>
      <trkpt lat="37.7311" lon="-119.5966">
        <ele>1390.81</ele>
      </trkpt>
      <trkpt lat="37.73114" lon="-119.59653">
        <ele>1391.33</ele>
      </trkpt>
      <trkpt lat="37.73118" lon="-119.59648">
        <ele>1391.86</ele>
      </trkpt>
      <trkpt lat="37.73122" lon="-119.59642">
        <ele>1394.52</ele>
      </trkpt>
      <trkpt lat="37.73126" lon="-119.59637">
        <ele>1396.4</ele>
      </trkpt>
      <trkpt lat="37.73131" lon="-119.59631">
        <ele>1398.54</ele>
      </trkpt>
      <trkpt lat="37.73134" lon="-119.59624">
        <ele>1401.76</ele>
      </trkpt>
      <trkpt lat="37.73138" lon="-119.59618">
        <ele>1403.92</ele>
      </trkpt>
      <trkpt lat="37.73141" lon="-119.59612">
        <ele>1406.28</ele>
      </trkpt>
      <trkpt lat="37.73142" lon="-119.59603">
        <ele>1410.7</ele>
      </trkpt>
      <trkpt lat="37.73145" lon="-119.59596">
        <ele>1412.86</ele>
      </trkpt>
      <trkpt lat="37.73149" lon="-119.59591">
        <ele>1413.4</ele>
      </trkpt>
      <trkpt lat="37.73154" lon="-119.59587">
        <ele>1412.86</ele>
      </trkpt>
      <trkpt lat="37.7316" lon="-119.59587">
        <ele>1409.34</ele>
      </trkpt>
      <trkpt lat="37.73166" lon="-119.59583">
        <ele>1407.61</ele>
      </trkpt>
      <trkpt lat="37.7317" lon="-119.59578">
        <ele>1407.72</ele>
      </trkpt>
      <trkpt lat="37.73174" lon="-119.59572">
        <ele>1408.37</ele>
      </trkpt>
      <trkpt lat="37.73177" lon="-119.59565">
        <ele>1410.2</ele>
      </trkpt>
      <trkpt lat="37.73181" lon="-119.59559">
        <ele>1410.85</ele>
      </trkpt>
      <trkpt lat="37.73184" lon="-119.59551">
        <ele>1413.59</ele>
      </trkpt>
      <trkpt lat="37.73188" lon="-119.59545">
        <ele>1416.35</ele>
      </trkpt>
      <trkpt lat="37.7319" lon="-119.59538">
        <ele>1419.49</ele>
      </trkpt>
      <trkpt lat="37.73189" lon="-119.59529">
        <ele>1423.65</ele>
      </trkpt>
      <trkpt lat="37.73191" lon="-119.59521">
        <ele>1426.48</ele>
      </trkpt>
      <trkpt lat="37.73191" lon="-119.59513">
        <ele>1429.87</ele>
      </trkpt>
      <trkpt lat="37.73194" lon="-119.59506">
        <ele>1431.95</ele>
      </trkpt>
      <trkpt lat="37.73196" lon="-119.59499">
        <ele>1434.66</ele>
      </trkpt>
      <trkpt lat="37.732" lon="-119.59492">
        <ele>1435.28</ele>
      </trkpt>
      <trkpt lat="37.73206" lon="-119.59489">
        <ele>1431.83</ele>
      </trkpt>
      <trkpt lat="37.73211" lon="-119.59483">
        <ele>1429.99</ele>
      </trkpt>
      <trkpt lat="37.73215" lon="-119.59477">
        <ele>1430.43</ele>
      </trkpt>
      <trkpt lat="37.7322" lon="-119.59473">
        <ele>1430.48</ele>
      </trkpt>
      <trkpt lat="37.73225" lon="-119.59469">
        <ele>1431.38</ele>
      </trkpt>
      <trkpt lat="37.73231" lon="-119.59468">
        <ele>1430.41</ele>
      </trkpt>
      <trkpt lat="37.73235" lon="-119.59462">
        <ele>1432.42</ele>
      </trkpt>
      <trkpt lat="37.73242" lon="-119.59464">
        <ele>1429.31</ele>
      </trkpt>
      <trkpt lat="37.73248" lon="-119.59465">
        <ele>1428.51</ele>
      </trkpt>
      <trkpt lat="37.73255" lon="-119.59466">
        <ele>1427.34</ele>
      </trkpt>
      <trkpt lat="37.73261" lon="-119.59463">
        <ele>1428.22</ele>
      </trkpt>
      <trkpt lat="37.73271" lon="-119.59456">
        <ele>1428.17</ele>
      </trkpt>
      <trkpt lat="37.73281" lon="-119.59447">
        <ele>1427.88</ele>
      </trkpt>
      <trkpt lat="37.73286" lon="-119.59438">
        <ele>1430.12</ele>
      </trkpt>
      <trkpt lat="37.73287" lon="-119.59431">
        <ele>1433.73</ele>
      </trkpt>
      <trkpt lat="37.73289" lon="-119.59424">
        <ele>1436.77</ele>
      </trkpt>
      <trkpt lat="37.73289" lon="-119.59416">
        <ele>1441.16</ele>
      </trkpt>
      <trkpt lat="37.73289" lon="-119.59409">
        <ele>1445.7</ele>
      </trkpt>
      <trkpt lat="37.73292" lon="-119.59403">
        <ele>1447.16</ele>
      </trkpt>
      <trkpt lat="37.73298" lon="-119.59398">
        <ele>1445.8</ele>
      </trkpt>
      <trkpt lat="37.73299" lon="-119.59391">
        <ele>1449.27</ele>
      </trkpt>
      <trkpt lat="37.73302" lon="-119.59384">
        <ele>1452.62</ele>
      </trkpt>
      <trkpt lat="37.73306" lon="-119.59379">
        <ele>1454.3</ele>
      </trkpt>
      <trkpt lat="37.73311" lon="-119.59374">
        <ele>1455.57</ele>
      </trkpt>
      <trkpt lat="37.73317" lon="-119.59372">
        <ele>1452.92</ele>
      </trkpt>
      <trkpt lat="37.73323" lon="-119.59374">
        <ele>1446.53</ele>
      </trkpt>
      <trkpt lat="37.7333" lon="-119.59375">
        <ele>1440.2</ele>
      </trkpt>
      <trkpt lat="37.73335" lon="-119.59368">
        <ele>1440.41</ele>
      </trkpt>
      <trkpt lat="37.73341" lon="-119.59366">
        <ele>1437.47</ele>
      </trkpt>
      <trkpt lat="37.73348" lon="-119.59364">
        <ele>1436.09</ele>
      </trkpt>
      <trkpt lat="37.73356" lon="-119.59354">
        <ele>1441.9</ele>
      </trkpt>
      <trkpt lat="37.73368" lon="-119.59351">
        <ele>1441.39</ele>
      </trkpt>
      <trkpt lat="37.7338" lon="-119.59352">
        <ele>1439.96</ele>
      </trkpt>
      <trkpt lat="37.73391" lon="-119.59349">
        <ele>1443.08</ele>
      </trkpt>
      <trkpt lat="37.734" lon="-119.59338">
        <ele>1450.58</ele>
      </trkpt>
      <trkpt lat="37.7341" lon="-119.59329">
        <ele>1457.09</ele>
      </trkpt>
      <trkpt lat="37.73421" lon="-119.59324">
        <ele>1461.06</ele>
      </trkpt>
      <trkpt lat="37.73433" lon="-119.59325">
        <ele>1461.16</ele>
      </trkpt>
      <trkpt lat="37.73446" lon="-119.59322">
        <ele>1463.57</ele>
      </trkpt>
      <trkpt lat="37.73457" lon="-119.59318">
        <ele>1466.59</ele>
      </trkpt>
      <trkpt lat="37.73468" lon="-119.59312">
        <ele>1470.58</ele>
      </trkpt>
      <trkpt lat="37.7348" lon="-119.59309">
        <ele>1472.4</ele>
      </trkpt>
      <trkpt lat="37.73486" lon="-119.59313">
        <ele>1469.28</ele>
      </trkpt>
      <trkpt lat="37.73497" lon="-119.59315">
        <ele>1467.88</ele>
      </trkpt>
      <trkpt lat="37.73504" lon="-119.59307">
        <ele>1471.72</ele>
      </trkpt>
      <trkpt lat="37.73509" lon="-119.59303">
        <ele>1473.42</ele>
      </trkpt>
      <trkpt lat="37.73514" lon="-119.59298">
        <ele>1474.03</ele>
      </trkpt>
      <trkpt lat="37.73519" lon="-119.59293">
        <ele>1474.49</ele>
      </trkpt>
      <trkpt lat="37.73524" lon="-119.59287">
        <ele>1475.06</ele>
      </trkpt>
      <trkpt lat="37.73531" lon="-119.59287">
        <ele>1471.98</ele>
      </trkpt>
      <trkpt lat="37.73537" lon="-119.59286">
        <ele>1470.8</ele>
      </trkpt>
      <trkpt lat="37.73543" lon="-119.59285">
        <ele>1470.9</ele>
      </trkpt>
      <trkpt lat="37.73546" lon="-119.59278">
        <ele>1475.86</ele>
      </trkpt>
      <trkpt lat="37.73547" lon="-119.59271">
        <ele>1480.24</ele>
      </trkpt>
      <trkpt lat="37.73551" lon="-119.59264">
        <ele>1483.91</ele>
      </trkpt>
      <trkpt lat="37.73555" lon="-119.59258">
        <ele>1486.81</ele>
      </trkpt>
      <trkpt lat="37.73559" lon="-119.59252">
        <ele>1489.18</ele>
      </trkpt>
      <trkpt lat="37.73564" lon="-119.59246">
        <ele>1491.34</ele>
      </trkpt>
      <trkpt lat="37.7356" lon="-119.59254">
        <ele>1487.88</ele>
      </trkpt>
      <trkpt lat="37.73555" lon="-119.59259">
        <ele>1486.26</ele>
      </trkpt>
      <trkpt lat="37.73549" lon="-119.5926">
        <ele>1486.94</ele>
      </trkpt>
      <trkpt lat="37.73543" lon="-119.59258">
        <ele>1489.53</ele>
      </trkpt>
      <trkpt lat="37.73537" lon="-119.59254">
        <ele>1493.41</ele>
      </trkpt>
      <trkpt lat="37.73532" lon="-119.59249">
        <ele>1497.19</ele>
      </trkpt>
      <trkpt lat="37.73526" lon="-119.59249">
        <ele>1498.03</ele>
      </trkpt>
      <trkpt lat="37.7352" lon="-119.59253">
        <ele>1497.28</ele>
      </trkpt>
      <trkpt lat="37.73515" lon="-119.59257">
        <ele>1497.59</ele>
      </trkpt>
      <trkpt lat="37.73509" lon="-119.59258">
        <ele>1499.79</ele>
      </trkpt>
      <trkpt lat="37.73503" lon="-119.59259">
        <ele>1501.83</ele>
      </trkpt>
      <trkpt lat="37.73499" lon="-119.59253">
        <ele>1505.92</ele>
      </trkpt>
      <trkpt lat="37.73503" lon="-119.59247">
        <ele>1507.54</ele>
      </trkpt>
      <trkpt lat="37.73508" lon="-119.59242">
        <ele>1507.98</ele>
      </trkpt>
      <trkpt lat="37.73512" lon="-119.59236">
        <ele>1509.82</ele>
      </trkpt>
      <trkpt lat="37.73517" lon="-119.59232">
        <ele>1511.0</ele>
      </trkpt>
      <trkpt lat="37.73523" lon="-119.59231">
        <ele>1510.83</ele>
      </trkpt>
      <trkpt lat="37.73527" lon="-119.59236">
        <ele>1506.71</ele>
      </trkpt>
      <trkpt lat="37.7353" lon="-119.59229">
        <ele>1511.13</ele>
      </trkpt>
      <trkpt lat="37.73533" lon="-119.59222">
        <ele>1515.0</ele>
      </trkpt>
      <trkpt lat="37.73527" lon="-119.5922">
        <ele>1517.52</ele>
      </trkpt>
      <trkpt lat="37.73522" lon="-119.59215">
        <ele>1521.3</ele>
      </trkpt>
      <trkpt lat="37.73515" lon="-119.59214">
        <ele>1522.75</ele>
      </trkpt>
      <trkpt lat="37.7351" lon="-119.59216">
        <ele>1522.25</ele>
      </trkpt>
      <trkpt lat="37.73504" lon="-119.59219">
        <ele>1522.64</ele>
      </trkpt>
      <trkpt lat="37.73497" lon="-119.59222">
        <ele>1523.13</ele>
      </trkpt>
      <trkpt lat="37.73491" lon="-119.59223">
        <ele>1524.41</ele>
      </trkpt>
      <trkpt lat="37.73485" lon="-119.59222">
        <ele>1527.05</ele>
      </trkpt>
      <trkpt lat="37.73479" lon="-119.59217">
        <ele>1533.32</ele>
      </trkpt>
      <trkpt lat="37.73474" lon="-119.59214">
        <ele>1537.53</ele>
      </trkpt>
      <trkpt lat="37.73468" lon="-119.59214">
        <ele>1539.47</ele>
      </trkpt>
      <trkpt lat="37.73462" lon="-119.59214">
        <ele>1541.21</ele>
      </trkpt>
      <trkpt lat="37.73456" lon="-119.59211">
        <ele>1544.45</ele>
      </trkpt>
      <trkpt lat="37.73461" lon="-119.59208">
        <ele>1546.5</ele>
      </trkpt>
      <trkpt lat="37.73467" lon="-119.59206">
        <ele>1547.04</ele>
      </trkpt>
      <trkpt lat="37.73473" lon="-119.59208">
        <ele>1543.53</ele>
      </trkpt>
      <trkpt lat="37.73479" lon="-119.59209">
        <ele>1540.34</ele>
      </trkpt>
      <trkpt lat="37.73485" lon="-119.59209">
        <ele>1538.12</ele>
      </trkpt>
      <trkpt lat="37.73491" lon="-119.59206">
        <ele>1538.15</ele>
      </trkpt>
      <trkpt lat="37.73495" lon="-119.59198">
        <ele>1542.47</ele>
      </trkpt>
      <trkpt lat="37.73498" lon="-119.59192">
        <ele>1545.71</ele>
      </trkpt>
      <trkpt lat="37.73492" lon="-119.59193">
        <ele>1547.55</ele>
      </trkpt>
      <trkpt lat="37.73486" lon="-119.59194">
        <ele>1549.36</ele>
      </trkpt>
      <trkpt lat="37.73484" lon="-119.59196">
        <ele>1548.74</ele>
      </trkpt>
      <trkpt lat="37.73481" lon="-119.59194">
        <ele>1551.5</ele>
      </trkpt>
      <trkpt lat="37.73479" lon="-119.59192">
        <ele>1553.73</ele>
      </trkpt>
      <trkpt lat="37.73476" lon="-119.5919">
        <ele>1556.53</ele>
      </trkpt>
      <trkpt lat="37.73475" lon="-119.59187">
        <ele>1559.19</ele>
      </trkpt>
      <trkpt lat="37.73478" lon="-119.59184">
        <ele>1560.0</ele>
      </trkpt>
      <trkpt lat="37.7348" lon="-119.5918">
        <ele>1562.46</ele>
      </trkpt>
      <trkpt lat="37.73481" lon="-119.59177">
        <ele>1564.42</ele>
      </trkpt>
      <trkpt lat="37.73484" lon="-119.59174">
        <ele>1565.76</ele>
      </trkpt>
      <trkpt lat="37.73485" lon="-119.59169">
        <ele>1570.48</ele>
      </trkpt>
      <trkpt lat="37.73486" lon="-119.59165">
        <ele>1573.99</ele>
      </trkpt>
      <trkpt lat="37.73487" lon="-119.59162">
        <ele>1576.38</ele>
      </trkpt>
      <trkpt lat="37.7349" lon="-119.5916">
        <ele>1575.29</ele>
      </trkpt>
      <trkpt lat="37.73493" lon="-119.59159">
        <ele>1573.63</ele>
      </trkpt>
      <trkpt lat="37.73496" lon="-119.59158">
        <ele>1571.99</ele>
      </trkpt>
      <trkpt lat="37.73499" lon="-119.59159">
        <ele>1568.78</ele>
      </trkpt>
      <trkpt lat="37.73502" lon="-119.59157">
        <ele>1568.43</ele>
      </trkpt>
      <trkpt lat="37.73504" lon="-119.59155">
        <ele>1568.98</ele>
      </trkpt>
      <trkpt lat="37.73507" lon="-119.59154">
        <ele>1568.27</ele>
      </trkpt>
      <trkpt lat="37.7351" lon="-119.59153">
        <ele>1567.7</ele>
      </trkpt>
      <trkpt lat="37.73513" lon="-119.59153">
        <ele>1567.05</ele>
      </trkpt>
      <trkpt lat="37.73511" lon="-119.5915">
        <ele>1569.42</ele>
      </trkpt>
      <trkpt lat="37.73508" lon="-119.5915">
        <ele>1570.45</ele>
      </trkpt>
      <trkpt lat="37.73503" lon="-119.5915">
        <ele>1573.04</ele>
      </trkpt>
      <trkpt lat="37.73497" lon="-119.59148">
        <ele>1579.72</ele>
      </trkpt>
      <trkpt lat="37.73503" lon="-119.59152">
        <ele>1571.6</ele>
      </trkpt>
      <trkpt lat="37.73509" lon="-119.59154">
        <ele>1567.33</ele>
      </trkpt>
      <trkpt lat="37.73515" lon="-119.59158">
        <ele>1563.38</ele>
      </trkpt>
      <trkpt lat="37.7352" lon="-119.59153">
        <ele>1565.54</ele>
      </trkpt>
      <trkpt lat="37.73524" lon="-119.59147">
        <ele>1568.54</ele>
      </trkpt>
      <trkpt lat="37.73529" lon="-119.59143">
        <ele>1569.12</ele>
      </trkpt>
      <trkpt lat="37.73528" lon="-119.59135">
        <ele>1574.39</ele>
      </trkpt>
      <trkpt lat="37.73523" lon="-119.59134">
        <ele>1577.78</ele>
      </trkpt>
      <trkpt lat="37.73517" lon="-119.59131">
        <ele>1583.54</ele>
      </trkpt>
      <trkpt lat="37.73511" lon="-119.59129">
        <ele>1589.35</ele>
      </trkpt>
      <trkpt lat="37.73509" lon="-119.59122">
        <ele>1606.44</ele>
      </trkpt>
      <trkpt lat="37.73514" lon="-119.59118">
        <ele>1604.77</ele>
      </trkpt>
      <trkpt lat="37.73517" lon="-119.59111">
        <ele>1609.91</ele>
      </trkpt>
      <trkpt lat="37.73511" lon="-119.59112">
        <ele>1615.98</ele>
      </trkpt>
      <trkpt lat="37.73513" lon="-119.59105">
        <ele>1619.32</ele>
      </trkpt>
      <trkpt lat="37.73514" lon="-119.59097">
        <ele>1624.29</ele>
      </trkpt>
      <trkpt lat="37.73515" lon="-119.5909">
        <ele>1628.25</ele>
      </trkpt>
      <trkpt lat="37.7352" lon="-119.59085">
        <ele>1626.36</ele>
      </trkpt>
      <trkpt lat="37.73528" lon="-119.59084">
        <ele>1619.51</ele>
      </trkpt>
      <trkpt lat="37.73536" lon="-119.59084">
        <ele>1614.88</ele>
      </trkpt>
      <trkpt lat="37.73543" lon="-119.59085">
        <ele>1613.73</ele>
      </trkpt>
      <trkpt lat="37.73549" lon="-119.59084">
        <ele>1615.48</ele>
      </trkpt>
      <trkpt lat="37.73544" lon="-119.59079">
        <ele>1618.56</ele>
      </trkpt>
      <trkpt lat="37.73539" lon="-119.59075">
        <ele>1620.61</ele>
      </trkpt>
      <trkpt lat="37.73546" lon="-119.59075">
        <ele>1621.37</ele>
      </trkpt>
      <trkpt lat="37.73552" lon="-119.59074">
        <ele>1622.66</ele>
      </trkpt>
      <trkpt lat="37.7355" lon="-119.59066">
        <ele>1627.63</ele>
      </trkpt>
      <trkpt lat="37.73545" lon="-119.59062">
        <ele>1629.95</ele>
      </trkpt>
      <trkpt lat="37.7355" lon="-119.59059">
        <ele>1633.05</ele>
      </trkpt>
      <trkpt lat="37.73556" lon="-119.59061">
        <ele>1632.2</ele>
      </trkpt>
      <trkpt lat="37.73562" lon="-119.59062">
        <ele>1630.04</ele>
      </trkpt>
      <trkpt lat="37.73567" lon="-119.59065">
        <ele>1626.39</ele>
      </trkpt>
      <trkpt lat="37.73573" lon="-119.59063">
        <ele>1626.63</ele>
      </trkpt>
      <trkpt lat="37.73578" lon="-119.59059">
        <ele>1627.7</ele>
      </trkpt>
      <trkpt lat="37.73583" lon="-119.5905">
        <ele>1632.94</ele>
      </trkpt>
      <trkpt lat="37.73584" lon="-119.59043">
        <ele>1638.51</ele>
      </trkpt>
      <trkpt lat="37.73585" lon="-119.59035">
        <ele>1644.06</ele>
      </trkpt>
      <trkpt lat="37.73589" lon="-119.59029">
        <ele>1645.75</ele>
      </trkpt>
      <trkpt lat="37.73592" lon="-119.59022">
        <ele>1647.27</ele>
      </trkpt>
      <trkpt lat="37.73595" lon="-119.59016">
        <ele>1648.55</ele>
      </trkpt>
      <trkpt lat="37.73591" lon="-119.59022">
        <ele>1647.31</ele>
      </trkpt>
      <trkpt lat="37.73585" lon="-119.59026">
        <ele>1647.05</ele>
      </trkpt>
      <trkpt lat="37.7358" lon="-119.59029">
        <ele>1646.65</ele>
      </trkpt>
      <trkpt lat="37.73574" lon="-119.59031">
        <ele>1646.31</ele>
      </trkpt>
      <trkpt lat="37.73568" lon="-119.59032">
        <ele>1647.04</ele>
      </trkpt>
      <trkpt lat="37.73562" lon="-119.5903">
        <ele>1647.76</ele>
      </trkpt>
      <trkpt lat="37.73556" lon="-119.59026">
        <ele>1648.94</ele>
      </trkpt>
      <trkpt lat="37.73551" lon="-119.59022">
        <ele>1651.12</ele>
      </trkpt>
      <trkpt lat="37.73545" lon="-119.59023">
        <ele>1650.51</ele>
      </trkpt>
      <trkpt lat="37.73539" lon="-119.59022">
        <ele>1650.63</ele>
      </trkpt>
      <trkpt lat="37.73545" lon="-119.59018">
        <ele>1653.24</ele>
      </trkpt>
      <trkpt lat="37.73551" lon="-119.59018">
        <ele>1653.39</ele>
      </trkpt>
      <trkpt lat="37.73558" lon="-119.59017">
        <ele>1653.66</ele>
      </trkpt>
      <trkpt lat="37.73563" lon="-119.59014">
        <ele>1655.2</ele>
      </trkpt>
      <trkpt lat="37.73568" lon="-119.59009">
        <ele>1658.57</ele>
      </trkpt>
      <trkpt lat="37.7357" lon="-119.59002">
        <ele>1664.84</ele>
      </trkpt>
      <trkpt lat="37.73573" lon="-119.58995">
        <ele>1669.24</ele>
      </trkpt>
      <trkpt lat="37.73577" lon="-119.58989">
        <ele>1671.86</ele>
      </trkpt>
      <trkpt lat="37.7358" lon="-119.58982">
        <ele>1675.1</ele>
      </trkpt>
      <trkpt lat="37.73583" lon="-119.58976">
        <ele>1676.53</ele>
      </trkpt>
      <trkpt lat="37.73586" lon="-119.58969">
        <ele>1677.38</ele>
      </trkpt>
      <trkpt lat="37.73589" lon="-119.58962">
        <ele>1678.24</ele>
      </trkpt>
      <trkpt lat="37.7359" lon="-119.58955">
        <ele>1681.26</ele>
      </trkpt>
      <trkpt lat="37.73593" lon="-119.58949">
        <ele>1681.72</ele>
      </trkpt>
      <trkpt lat="37.73597" lon="-119.58943">
        <ele>1682.01</ele>
      </trkpt>
      <trkpt lat="37.73603" lon="-119.58939">
        <ele>1680.84</ele>
      </trkpt>
      <trkpt lat="37.73608" lon="-119.5894">
        <ele>1679.71</ele>
      </trkpt>
      <trkpt lat="37.73614" lon="-119.58943">
        <ele>1677.04</ele>
      </trkpt>
      <trkpt lat="37.73621" lon="-119.58945">
        <ele>1675.45</ele>
      </trkpt>
      <trkpt lat="37.73626" lon="-119.58948">
        <ele>1672.33</ele>
      </trkpt>
      <trkpt lat="37.73632" lon="-119.58952">
        <ele>1668.59</ele>
      </trkpt>
      <trkpt lat="37.73638" lon="-119.58952">
        <ele>1667.3</ele>
      </trkpt>
      <trkpt lat="37.73644" lon="-119.58947">
        <ele>1669.24</ele>
      </trkpt>
      <trkpt lat="37.73647" lon="-119.58939">
        <ele>1674.36</ele>
      </trkpt>
      <trkpt lat="37.73649" lon="-119.58932">
        <ele>1679.1</ele>
      </trkpt>
      <trkpt lat="37.73651" lon="-119.58924">
        <ele>1684.02</ele>
      </trkpt>
      <trkpt lat="37.73654" lon="-119.58917">
        <ele>1687.26</ele>
      </trkpt>
      <trkpt lat="37.73657" lon="-119.5891">
        <ele>1691.22</ele>
      </trkpt>
      <trkpt lat="37.73661" lon="-119.58903">
        <ele>1693.53</ele>
      </trkpt>
      <trkpt lat="37.73667" lon="-119.589">
        <ele>1691.73</ele>
      </trkpt>
      <trkpt lat="37.73673" lon="-119.58899">
        <ele>1691.08</ele>
      </trkpt>
      <trkpt lat="37.73679" lon="-119.58898">
        <ele>1690.43</ele>
      </trkpt>
      <trkpt lat="37.73686" lon="-119.58899">
        <ele>1688.2</ele>
      </trkpt>
      <trkpt lat="37.73693" lon="-119.58901">
        <ele>1684.34</ele>
      </trkpt>
      <trkpt lat="37.73698" lon="-119.58901">
        <ele>1679.4</ele>
      </trkpt>
      <trkpt lat="37.73696" lon="-119.58903">
        <ele>1681.06</ele>
      </trkpt>
      <trkpt lat="37.73694" lon="-119.589">
        <ele>1684.38</ele>
      </trkpt>
      <trkpt lat="37.73692" lon="-119.58897">
        <ele>1686.4</ele>
      </trkpt>
      <trkpt lat="37.73689" lon="-119.58896">
        <ele>1688.23</ele>
      </trkpt>
      <trkpt lat="37.73685" lon="-119.58896">
        <ele>1690.2</ele>
      </trkpt>
      <trkpt lat="37.73682" lon="-119.58896">
        <ele>1690.93</ele>
      </trkpt>
      <trkpt lat="37.73679" lon="-119.58896">
        <ele>1691.65</ele>
      </trkpt>
      <trkpt lat="37.73675" lon="-119.58896">
        <ele>1692.59</ele>
      </trkpt>
      <trkpt lat="37.73671" lon="-119.58895">
        <ele>1694.1</ele>
      </trkpt>
      <trkpt lat="37.73668" lon="-119.58894">
        <ele>1695.4</ele>
      </trkpt>
      <trkpt lat="37.73665" lon="-119.58894">
        <ele>1696.77</ele>
      </trkpt>
      <trkpt lat="37.73662" lon="-119.58893">
        <ele>1699.36</ele>
      </trkpt>
      <trkpt lat="37.73658" lon="-119.58893">
        <ele>1701.95</ele>
      </trkpt>
      <trkpt lat="37.73655" lon="-119.58893">
        <ele>1703.64</ele>
      </trkpt>
      <trkpt lat="37.73652" lon="-119.58894">
        <ele>1704.61</ele>
      </trkpt>
      <trkpt lat="37.73649" lon="-119.58895">
        <ele>1705.58</ele>
      </trkpt>
      <trkpt lat="37.73646" lon="-119.58896">
        <ele>1705.91</ele>
      </trkpt>
      <trkpt lat="37.73643" lon="-119.58897">
        <ele>1705.92</ele>
      </trkpt>
      <trkpt lat="37.7364" lon="-119.58899">
        <ele>1705.12</ele>
      </trkpt>
      <trkpt lat="37.73637" lon="-119.589">
        <ele>1704.8</ele>
      </trkpt>
      <trkpt lat="37.73635" lon="-119.58902">
        <ele>1703.51</ele>
      </trkpt>
      <trkpt lat="37.73631" lon="-119.58905">
        <ele>1701.67</ele>
      </trkpt>
      <trkpt lat="37.73628" lon="-119.58906">
        <ele>1701.06</ele>
      </trkpt>
      <trkpt lat="37.73625" lon="-119.58906">
        <ele>1701.06</ele>
      </trkpt>
      <trkpt lat="37.73622" lon="-119.58906">
        <ele>1701.06</ele>
      </trkpt>
      <trkpt lat="37.73619" lon="-119.58906">
        <ele>1701.19</ele>
      </trkpt>
      <trkpt lat="37.73616" lon="-119.58905">
        <ele>1702.17</ele>
      </trkpt>
      <trkpt lat="37.73613" lon="-119.58904">
        <ele>1703.08</ele>
      </trkpt>
      <trkpt lat="37.7361" lon="-119.58903">
        <ele>1704.15</ele>
      </trkpt>
      <trkpt lat="37.73606" lon="-119.58903">
        <ele>1705.22</ele>
      </trkpt>
      <trkpt lat="37.73603" lon="-119.58903">
        <ele>1706.02</ele>
      </trkpt>
      <trkpt lat="37.73599" lon="-119.58903">
        <ele>1707.42</ele>
      </trkpt>
      <trkpt lat="37.73596" lon="-119.58902">
        <ele>1709.25</ele>
      </trkpt>
      <trkpt lat="37.73592" lon="-119.58901">
        <ele>1711.62</ele>
      </trkpt>
      <trkpt lat="37.73589" lon="-119.58901">
        <ele>1713.99</ele>
      </trkpt>
      <trkpt lat="37.73586" lon="-119.58901">
        <ele>1716.36</ele>
      </trkpt>
      <trkpt lat="37.73583" lon="-119.58901">
        <ele>1718.74</ele>
      </trkpt>
      <trkpt lat="37.73577" lon="-119.58904">
        <ele>1721.88</ele>
      </trkpt>
      <trkpt lat="37.73572" lon="-119.58909">
        <ele>1722.26</ele>
      </trkpt>
      <trkpt lat="37.73568" lon="-119.58913">
        <ele>1722.26</ele>
      </trkpt>
      <trkpt lat="37.73562" lon="-119.58916">
        <ele>1723.29</ele>
      </trkpt>
      <trkpt lat="37.73557" lon="-119.58921">
        <ele>1722.12</ele>
      </trkpt>
      <trkpt lat="37.73552" lon="-119.58926">
        <ele>1721.49</ele>
      </trkpt>
      <trkpt lat="37.73547" lon="-119.58927">
        <ele>1723.0</ele>
      </trkpt>
      <trkpt lat="37.73551" lon="-119.58922">
        <ele>1724.3</ele>
      </trkpt>
      <trkpt lat="37.73553" lon="-119.58914">
        <ele>1728.11</ele>
      </trkpt>
      <trkpt lat="37.73555" lon="-119.58907">
        <ele>1731.52</ele>
      </trkpt>
      <trkpt lat="37.73557" lon="-119.589">
        <ele>1734.5</ele>
      </trkpt>
      <trkpt lat="37.73561" lon="-119.58893">
        <ele>1736.69</ele>
      </trkpt>
      <trkpt lat="37.73556" lon="-119.58896">
        <ele>1737.0</ele>
      </trkpt>
      <trkpt lat="37.73551" lon="-119.58902">
        <ele>1736.67</ele>
      </trkpt>
      <trkpt lat="37.73548" lon="-119.58908">
        <ele>1734.7</ele>
      </trkpt>
      <trkpt lat="37.73546" lon="-119.58901">
        <ele>1740.34</ele>
      </trkpt>
      <trkpt lat="37.73547" lon="-119.58894">
        <ele>1743.78</ele>
      </trkpt>
      <trkpt lat="37.7355" lon="-119.58887">
        <ele>1745.42</ele>
      </trkpt>
      <trkpt lat="37.73554" lon="-119.58881">
        <ele>1745.42</ele>
      </trkpt>
      <trkpt lat="37.73556" lon="-119.58873">
        <ele>1746.91</ele>
      </trkpt>
      <trkpt lat="37.73558" lon="-119.58866">
        <ele>1747.97</ele>
      </trkpt>
      <trkpt lat="37.7356" lon="-119.58858">
        <ele>1749.11</ele>
      </trkpt>
      <trkpt lat="37.73565" lon="-119.58855">
        <ele>1747.59</ele>
      </trkpt>
      <trkpt lat="37.7357" lon="-119.58851">
        <ele>1748.39</ele>
      </trkpt>
      <trkpt lat="37.73575" lon="-119.58848">
        <ele>1749.3</ele>
      </trkpt>
      <trkpt lat="37.73582" lon="-119.58847">
        <ele>1748.43</ele>
      </trkpt>
      <trkpt lat="37.73588" lon="-119.58847">
        <ele>1747.38</ele>
      </trkpt>
      <trkpt lat="37.73595" lon="-119.58846">
        <ele>1747.42</ele>
      </trkpt>
      <trkpt lat="37.73601" lon="-119.58846">
        <ele>1748.07</ele>
      </trkpt>
      <trkpt lat="37.73608" lon="-119.58847">
        <ele>1748.28</ele>
      </trkpt>
      <trkpt lat="37.73614" lon="-119.58849">
        <ele>1747.32</ele>
      </trkpt>
      <trkpt lat="37.7362" lon="-119.58851">
        <ele>1745.59</ele>
      </trkpt>
      <trkpt lat="37.73626" lon="-119.5885">
        <ele>1746.08</ele>
      </trkpt>
      <trkpt lat="37.73624" lon="-119.58852">
        <ele>1744.88</ele>
      </trkpt>
      <trkpt lat="37.7362" lon="-119.58852">
        <ele>1744.93</ele>
      </trkpt>
      <trkpt lat="37.73618" lon="-119.58849">
        <ele>1747.03</ele>
      </trkpt>
      <trkpt lat="37.73615" lon="-119.58845">
        <ele>1749.59</ele>
      </trkpt>
      <trkpt lat="37.73614" lon="-119.58842">
        <ele>1751.32</ele>
      </trkpt>
      <trkpt lat="37.73611" lon="-119.58839">
        <ele>1752.93</ele>
      </trkpt>
      <trkpt lat="37.73607" lon="-119.58838">
        <ele>1753.04</ele>
      </trkpt>
      <trkpt lat="37.73604" lon="-119.58837">
        <ele>1753.25</ele>
      </trkpt>
      <trkpt lat="37.736" lon="-119.58836">
        <ele>1753.36</ele>
      </trkpt>
      <trkpt lat="37.73597" lon="-119.58835">
        <ele>1753.58</ele>
      </trkpt>
      <trkpt lat="37.73594" lon="-119.58834">
        <ele>1753.79</ele>
      </trkpt>
      <trkpt lat="37.73591" lon="-119.58834">
        <ele>1754.14</ele>
      </trkpt>
      <trkpt lat="37.73587" lon="-119.58833">
        <ele>1756.06</ele>
      </trkpt>
      <trkpt lat="37.73584" lon="-119.58831">
        <ele>1758.55</ele>
      </trkpt>
      <trkpt lat="37.73583" lon="-119.58829">
        <ele>1760.33</ele>
      </trkpt>
      <trkpt lat="37.73585" lon="-119.58826">
        <ele>1762.0</ele>
      </trkpt>
      <trkpt lat="37.73588" lon="-119.58825">
        <ele>1761.79</ele>
      </trkpt>
      <trkpt lat="37.73592" lon="-119.58825">
        <ele>1760.49</ele>
      </trkpt>
      <trkpt lat="37.73598" lon="-119.58823">
        <ele>1761.91</ele>
      </trkpt>
      <trkpt lat="37.73604" lon="-119.5882">
        <ele>1764.21</ele>
      </trkpt>
      <trkpt lat="37.73609" lon="-119.58816">
        <ele>1767.2</ele>
      </trkpt>
      <trkpt lat="37.73613" lon="-119.58813">
        <ele>1769.33</ele>
      </trkpt>
      <trkpt lat="37.73611" lon="-119.58812">
        <ele>1770.13</ele>
      </trkpt>
      <trkpt lat="37.73608" lon="-119.58813">
        <ele>1769.37</ele>
      </trkpt>
      <trkpt lat="37.73605" lon="-119.58813">
        <ele>1769.37</ele>
      </trkpt>
      <trkpt lat="37.73601" lon="-119.58813">
        <ele>1769.56</ele>
      </trkpt>
      <trkpt lat="37.73598" lon="-119.58813">
        <ele>1770.2</ele>
      </trkpt>
      <trkpt lat="37.73595" lon="-119.58812">
        <ele>1771.61</ele>
      </trkpt>
      <trkpt lat="37.73592" lon="-119.5881">
        <ele>1773.77</ele>
      </trkpt>
      <trkpt lat="37.73589" lon="-119.58808">
        <ele>1775.93</ele>
      </trkpt>
      <trkpt lat="37.73586" lon="-119.58807">
        <ele>1777.33</ele>
      </trkpt>
      <trkpt lat="37.73582" lon="-119.58807">
        <ele>1777.91</ele>
      </trkpt>
      <trkpt lat="37.7358" lon="-119.58809">
        <ele>1776.4</ele>
      </trkpt>
      <trkpt lat="37.73577" lon="-119.58812">
        <ele>1774.13</ele>
      </trkpt>
      <trkpt lat="37.73573" lon="-119.58813">
        <ele>1773.37</ele>
      </trkpt>
      <trkpt lat="37.73568" lon="-119.58813">
        <ele>1773.37</ele>
      </trkpt>
      <trkpt lat="37.73562" lon="-119.58813">
        <ele>1773.07</ele>
      </trkpt>
      <trkpt lat="37.73556" lon="-119.58811">
        <ele>1773.93</ele>
      </trkpt>
      <trkpt lat="37.7355" lon="-119.5881">
        <ele>1776.42</ele>
      </trkpt>
      <trkpt lat="37.73545" lon="-119.58815">
        <ele>1776.46</ele>
      </trkpt>
      <trkpt lat="37.73541" lon="-119.58821">
        <ele>1778.62</ele>
      </trkpt>
      <trkpt lat="37.73537" lon="-119.58827">
        <ele>1780.79</ele>
      </trkpt>
      <trkpt lat="37.73533" lon="-119.58832">
        <ele>1783.87</ele>
      </trkpt>
      <trkpt lat="37.73534" lon="-119.58824">
        <ele>1786.3</ele>
      </trkpt>
      <trkpt lat="37.73539" lon="-119.58819">
        <ele>1781.86</ele>
      </trkpt>
      <trkpt lat="37.73542" lon="-119.58812">
        <ele>1781.48</ele>
      </trkpt>
      <trkpt lat="37.73546" lon="-119.58806">
        <ele>1780.08</ele>
      </trkpt>
      <trkpt lat="37.73552" lon="-119.58804">
        <ele>1780.09</ele>
      </trkpt>
      <trkpt lat="37.73558" lon="-119.58805">
        <ele>1778.79</ele>
      </trkpt>
      <trkpt lat="37.73563" lon="-119.58803">
        <ele>1781.07</ele>
      </trkpt>
      <trkpt lat="37.73558" lon="-119.58798">
        <ele>1785.39</ele>
      </trkpt>
      <trkpt lat="37.73551" lon="-119.58796">
        <ele>1786.8</ele>
      </trkpt>
      <trkpt lat="37.73545" lon="-119.58793">
        <ele>1790.12</ele>
      </trkpt>
      <trkpt lat="37.73539" lon="-119.58792">
        <ele>1795.02</ele>
      </trkpt>
      <trkpt lat="37.73533" lon="-119.58793">
        <ele>1805.25</ele>
      </trkpt>
      <trkpt lat="37.73535" lon="-119.58786">
        <ele>1804.79</ele>
      </trkpt>
      <trkpt lat="37.73541" lon="-119.58785">
        <ele>1799.02</ele>
      </trkpt>
      <trkpt lat="37.73548" lon="-119.58786">
        <ele>1796.19</ele>
      </trkpt>
      <trkpt lat="37.73554" lon="-119.58786">
        <ele>1796.84</ele>
      </trkpt>
      <trkpt lat="37.7356" lon="-119.58788">
        <ele>1795.06</ele>
      </trkpt>
      <trkpt lat="37.73555" lon="-119.58785">
        <ele>1797.92</ele>
      </trkpt>
      <trkpt lat="37.73558" lon="-119.58779">
        <ele>1803.81</ele>
      </trkpt>
      <trkpt lat="37.73565" lon="-119.58778">
        <ele>1804.78</ele>
      </trkpt>
      <trkpt lat="37.7357" lon="-119.58775">
        <ele>1807.66</ele>
      </trkpt>
      <trkpt lat="37.73564" lon="-119.58772">
        <ele>1811.24</ele>
      </trkpt>
      <trkpt lat="37.73558" lon="-119.5877">
        <ele>1813.4</ele>
      </trkpt>
      <trkpt lat="37.73552" lon="-119.5877">
        <ele>1813.02</ele>
      </trkpt>
      <trkpt lat="37.73546" lon="-119.58771">
        <ele>1811.38</ele>
      </trkpt>
      <trkpt lat="37.73552" lon="-119.5877">
        <ele>1813.02</ele>
      </trkpt>
      <trkpt lat="37.73557" lon="-119.58766">
        <ele>1817.45</ele>
      </trkpt>
      <trkpt lat="37.73564" lon="-119.58763">
        <ele>1820.36</ele>
      </trkpt>
      <trkpt lat="37.7357" lon="-119.58762">
        <ele>1820.61</ele>
      </trkpt>
      <trkpt lat="37.73576" lon="-119.58759">
        <ele>1822.4</ele>
      </trkpt>
      <trkpt lat="37.73582" lon="-119.58757">
        <ele>1821.74</ele>
      </trkpt>
      <trkpt lat="37.73588" lon="-119.58757">
        <ele>1820.31</ele>
      </trkpt>
      <trkpt lat="37.73594" lon="-119.58757">
        <ele>1819.29</ele>
      </trkpt>
      <trkpt lat="37.736" lon="-119.58755">
        <ele>1820.8</ele>
      </trkpt>
      <trkpt lat="37.73594" lon="-119.58753">
        <ele>1823.61</ele>
      </trkpt>
      <trkpt lat="37.73587" lon="-119.58754">
        <ele>1823.54</ele>
      </trkpt>
      <trkpt lat="37.73581" lon="-119.58755">
        <ele>1824.03</ele>
      </trkpt>
      <trkpt lat="37.73574" lon="-119.58754">
        <ele>1827.55</ele>
      </trkpt>
      <trkpt lat="37.73572" lon="-119.58747">
        <ele>1832.84</ele>
      </trkpt>
      <trkpt lat="37.73578" lon="-119.58744">
        <ele>1833.24</ele>
      </trkpt>
      <trkpt lat="37.73583" lon="-119.58741">
        <ele>1833.91</ele>
      </trkpt>
      <trkpt lat="37.73591" lon="-119.58739">
        <ele>1834.27</ele>
      </trkpt>
      <trkpt lat="37.73596" lon="-119.58737">
        <ele>1834.54</ele>
      </trkpt>
      <trkpt lat="37.73601" lon="-119.58732">
        <ele>1835.99</ele>
      </trkpt>
      <trkpt lat="37.736" lon="-119.58725">
        <ele>1839.54</ele>
      </trkpt>
      <trkpt lat="37.73598" lon="-119.58719">
        <ele>1842.56</ele>
      </trkpt>
      <trkpt lat="37.73599" lon="-119.58716">
        <ele>1843.04</ele>
      </trkpt>
      <trkpt lat="37.736" lon="-119.58712">
        <ele>1843.7</ele>
      </trkpt>
      <trkpt lat="37.73602" lon="-119.58709">
        <ele>1843.29</ele>
      </trkpt>
      <trkpt lat="37.73604" lon="-119.58706">
        <ele>1841.84</ele>
      </trkpt>
      <trkpt lat="37.73606" lon="-119.58709">
        <ele>1839.59</ele>
      </trkpt>
      <trkpt lat="37.73603" lon="-119.5871">
        <ele>1842.24</ele>
      </trkpt>
      <trkpt lat="37.736" lon="-119.58709">
        <ele>1844.03</ele>
      </trkpt>
      <trkpt lat="37.73597" lon="-119.58708">
        <ele>1845.11</ele>
      </trkpt>
      <trkpt lat="37.73593" lon="-119.58707">
        <ele>1846.51</ele>
      </trkpt>
      <trkpt lat="37.73591" lon="-119.58705">
        <ele>1847.5</ele>
      </trkpt>
      <trkpt lat="37.73588" lon="-119.58704">
        <ele>1848.92</ele>
      </trkpt>
      <trkpt lat="37.73585" lon="-119.58702">
        <ele>1850.06</ele>
      </trkpt>
      <trkpt lat="37.73582" lon="-119.587">
        <ele>1851.18</ele>
      </trkpt>
      <trkpt lat="37.7358" lon="-119.58697">
        <ele>1851.72</ele>
      </trkpt>
      <trkpt lat="37.73578" lon="-119.58694">
        <ele>1852.02</ele>
      </trkpt>
      <trkpt lat="37.73576" lon="-119.58694">
        <ele>1852.88</ele>
      </trkpt>
      <trkpt lat="37.73572" lon="-119.58693">
        <ele>1853.51</ele>
      </trkpt>
      <trkpt lat="37.73569" lon="-119.58692">
        <ele>1853.51</ele>
      </trkpt>
      <trkpt lat="37.73566" lon="-119.58692">
        <ele>1854.16</ele>
      </trkpt>
      <trkpt lat="37.73564" lon="-119.58694">
        <ele>1855.97</ele>
      </trkpt>
      <trkpt lat="37.73561" lon="-119.58694">
        <ele>1856.93</ele>
      </trkpt>
      <trkpt lat="37.73558" lon="-119.58695">
        <ele>1858.36</ele>
      </trkpt>
      <trkpt lat="37.73555" lon="-119.58694">
        <ele>1858.9</ele>
      </trkpt>
      <trkpt lat="37.73552" lon="-119.58694">
        <ele>1860.18</ele>
      </trkpt>
      <trkpt lat="37.73547" lon="-119.58696">
        <ele>1863.36</ele>
      </trkpt>
      <trkpt lat="37.73544" lon="-119.58698">
        <ele>1865.38</ele>
      </trkpt>
      <trkpt lat="37.7354" lon="-119.58699">
        <ele>1867.34</ele>
      </trkpt>
      <trkpt lat="37.73537" lon="-119.58699">
        <ele>1868.49</ele>
      </trkpt>
      <trkpt lat="37.73534" lon="-119.58695">
        <ele>1868.04</ele>
      </trkpt>
      <trkpt lat="37.73528" lon="-119.58692">
        <ele>1867.47</ele>
      </trkpt>
      <trkpt lat="37.73522" lon="-119.58692">
        <ele>1868.82</ele>
      </trkpt>
      <trkpt lat="37.73517" lon="-119.58687">
        <ele>1863.04</ele>
      </trkpt>
      <trkpt lat="37.73511" lon="-119.58685">
        <ele>1862.32</ele>
      </trkpt>
      <trkpt lat="37.73504" lon="-119.58687">
        <ele>1870.33</ele>
      </trkpt>
      <trkpt lat="37.73498" lon="-119.58687">
        <ele>1875.95</ele>
      </trkpt>
      <trkpt lat="37.73493" lon="-119.58682">
        <ele>1878.7</ele>
      </trkpt>
      <trkpt lat="37.73491" lon="-119.58675">
        <ele>1879.76</ele>
      </trkpt>
      <trkpt lat="37.73488" lon="-119.58667">
        <ele>1884.52</ele>
      </trkpt>
      <trkpt lat="37.73487" lon="-119.58659">
        <ele>1885.85</ele>
      </trkpt>
      <trkpt lat="37.73487" lon="-119.58651">
        <ele>1885.85</ele>
      </trkpt>
      <trkpt lat="37.73486" lon="-119.58644">
        <ele>1887.59</ele>
      </trkpt>
      <trkpt lat="37.73485" lon="-119.58636">
        <ele>1889.44</ele>
      </trkpt>
      <trkpt lat="37.73484" lon="-119.58628">
        <ele>1890.43</ele>
      </trkpt>
      <trkpt lat="37.73484" lon="-119.5862">
        <ele>1888.84</ele>
      </trkpt>
      <trkpt lat="37.73483" lon="-119.58612">
        <ele>1886.12</ele>
      </trkpt>
      <trkpt lat="37.73487" lon="-119.58606">
        <ele>1880.68</ele>
      </trkpt>
      <trkpt lat="37.73493" lon="-119.58604">
        <ele>1875.77</ele>
      </trkpt>
      <trkpt lat="37.73499" lon="-119.58601">
        <ele>1872.0</ele>
      </trkpt>
      <trkpt lat="37.73504" lon="-119.58597">
        <ele>1872.27</ele>
      </trkpt>
      <trkpt lat="37.73498" lon="-119.58597">
        <ele>1874.17</ele>
      </trkpt>
      <trkpt lat="37.73494" lon="-119.58596">
        <ele>1876.6</ele>
      </trkpt>
      <trkpt lat="37.73491" lon="-119.58597">
        <ele>1877.91</ele>
      </trkpt>
      <trkpt lat="37.73488" lon="-119.58598">
        <ele>1879.48</ele>
      </trkpt>
      <trkpt lat="37.73484" lon="-119.58596">
        <ele>1882.17</ele>
      </trkpt>
      <trkpt lat="37.73481" lon="-119.58595">
        <ele>1884.17</ele>
      </trkpt>
      <trkpt lat="37.73478" lon="-119.58595">
        <ele>1886.85</ele>
      </trkpt>
      <trkpt lat="37.73476" lon="-119.58598">
        <ele>1888.5</ele>
      </trkpt>
      <trkpt lat="37.73474" lon="-119.58595">
        <ele>1890.41</ele>
      </trkpt>
      <trkpt lat="37.73475" lon="-119.58591">
        <ele>1890.1</ele>
      </trkpt>
      <trkpt lat="37.73477" lon="-119.58588">
        <ele>1889.63</ele>
      </trkpt>
      <trkpt lat="37.7348" lon="-119.58585">
        <ele>1888.99</ele>
      </trkpt>
      <trkpt lat="37.73483" lon="-119.58578">
        <ele>1891.99</ele>
      </trkpt>
      <trkpt lat="37.73488" lon="-119.58573">
        <ele>1894.21</ele>
      </trkpt>
      <trkpt lat="37.73494" lon="-119.58571">
        <ele>1893.25</ele>
      </trkpt>
      <trkpt lat="37.735" lon="-119.58569">
        <ele>1891.74</ele>
      </trkpt>
      <trkpt lat="37.73506" lon="-119.58569">
        <ele>1890.8</ele>
      </trkpt>
      <trkpt lat="37.73512" lon="-119.58568">
        <ele>1890.83</ele>
      </trkpt>
      <trkpt lat="37.73518" lon="-119.58564">
        <ele>1893.28</ele>
      </trkpt>
      <trkpt lat="37.73519" lon="-119.58559">
        <ele>1894.62</ele>
      </trkpt>
      <trkpt lat="37.73516" lon="-119.58559">
        <ele>1895.4</ele>
      </trkpt>
      <trkpt lat="37.73512" lon="-119.58559">
        <ele>1896.21</ele>
      </trkpt>
      <trkpt lat="37.7351" lon="-119.58559">
        <ele>1896.62</ele>
      </trkpt>
      <trkpt lat="37.73507" lon="-119.58558">
        <ele>1897.66</ele>
      </trkpt>
      <trkpt lat="37.73504" lon="-119.58559">
        <ele>1897.34</ele>
      </trkpt>
      <trkpt lat="37.735" lon="-119.58559">
        <ele>1897.77</ele>
      </trkpt>
      <trkpt lat="37.73497" lon="-119.58559">
        <ele>1898.66</ele>
      </trkpt>
      <trkpt lat="37.73493" lon="-119.58559">
        <ele>1899.84</ele>
      </trkpt>
      <trkpt lat="37.7349" lon="-119.58559">
        <ele>1900.85</ele>
      </trkpt>
      <trkpt lat="37.73487" lon="-119.58559">
        <ele>1902.23</ele>
      </trkpt>
      <trkpt lat="37.73483" lon="-119.58559">
        <ele>1904.07</ele>
      </trkpt>
      <trkpt lat="37.7348" lon="-119.58559">
        <ele>1905.51</ele>
      </trkpt>
      <trkpt lat="37.73477" lon="-119.58561">
        <ele>1905.61</ele>
      </trkpt>
      <trkpt lat="37.73474" lon="-119.58563">
        <ele>1905.57</ele>
      </trkpt>
      <trkpt lat="37.7347" lon="-119.58564">
        <ele>1906.34</ele>
      </trkpt>
      <trkpt lat="37.73468" lon="-119.58567">
        <ele>1905.06</ele>
      </trkpt>
      <trkpt lat="37.73464" lon="-119.58568">
        <ele>1905.91</ele>
      </trkpt>
      <trkpt lat="37.73461" lon="-119.58568">
        <ele>1907.98</ele>
      </trkpt>
      <trkpt lat="37.73459" lon="-119.58565">
        <ele>1910.92</ele>
      </trkpt>
      <trkpt lat="37.7346" lon="-119.58561">
        <ele>1912.73</ele>
      </trkpt>
      <trkpt lat="37.73462" lon="-119.58557">
        <ele>1914.37</ele>
      </trkpt>
      <trkpt lat="37.73463" lon="-119.58555">
        <ele>1915.35</ele>
      </trkpt>
      <trkpt lat="37.73466" lon="-119.58552">
        <ele>1916.32</ele>
      </trkpt>
      <trkpt lat="37.73469" lon="-119.58549">
        <ele>1917.29</ele>
      </trkpt>
      <trkpt lat="37.73471" lon="-119.58548">
        <ele>1917.29</ele>
      </trkpt>
      <trkpt lat="37.73474" lon="-119.58545">
        <ele>1917.43</ele>
      </trkpt>
      <trkpt lat="37.73476" lon="-119.58543">
        <ele>1917.12</ele>
      </trkpt>
      <trkpt lat="37.73477" lon="-119.58539">
        <ele>1918.46</ele>
      </trkpt>
      <trkpt lat="37.73475" lon="-119.58537">
        <ele>1920.52</ele>
      </trkpt>
      <trkpt lat="37.73472" lon="-119.58539">
        <ele>1921.26</ele>
      </trkpt>
      <trkpt lat="37.73469" lon="-119.58541">
        <ele>1921.73</ele>
      </trkpt>
      <trkpt lat="37.73466" lon="-119.58542">
        <ele>1922.5</ele>
      </trkpt>
      <trkpt lat="37.73463" lon="-119.58545">
        <ele>1921.83</ele>
      </trkpt>
      <trkpt lat="37.7346" lon="-119.58546">
        <ele>1922.48</ele>
      </trkpt>
      <trkpt lat="37.73457" lon="-119.58548">
        <ele>1922.47</ele>
      </trkpt>
      <trkpt lat="37.73456" lon="-119.58551">
        <ele>1920.96</ele>
      </trkpt>
      <trkpt lat="37.73453" lon="-119.58554">
        <ele>1921.01</ele>
      </trkpt>
      <trkpt lat="37.73449" lon="-119.58556">
        <ele>1925.99</ele>
      </trkpt>
      <trkpt lat="37.73447" lon="-119.58559">
        <ele>1928.46</ele>
      </trkpt>
      <trkpt lat="37.73445" lon="-119.58562">
        <ele>1931.34</ele>
      </trkpt>
      <trkpt lat="37.73442" lon="-119.58564">
        <ele>1936.84</ele>
      </trkpt>
      <trkpt lat="37.7344" lon="-119.58568">
        <ele>1940.64</ele>
      </trkpt>
      <trkpt lat="37.73438" lon="-119.58571">
        <ele>1944.53</ele>
      </trkpt>
      <trkpt lat="37.73437" lon="-119.58575">
        <ele>1946.47</ele>
      </trkpt>
      <trkpt lat="37.73437" lon="-119.58581">
        <ele>1946.47</ele>
      </trkpt>
      <trkpt lat="37.73437" lon="-119.58584">
        <ele>1946.41</ele>
      </trkpt>
      <trkpt lat="37.73437" lon="-119.58591">
        <ele>1945.81</ele>
      </trkpt>
      <trkpt lat="37.73434" lon="-119.58598">
        <ele>1949.95</ele>
      </trkpt>
      <trkpt lat="37.73434" lon="-119.58606">
        <ele>1949.03</ele>
      </trkpt>
      <trkpt lat="37.73436" lon="-119.58614">
        <ele>1945.0</ele>
      </trkpt>
      <trkpt lat="37.73436" lon="-119.58622">
        <ele>1943.53</ele>
      </trkpt>
      <trkpt lat="37.73437" lon="-119.58626">
        <ele>1941.69</ele>
      </trkpt>
      <trkpt lat="37.73437" lon="-119.58629">
        <ele>1941.49</ele>
      </trkpt>
      <trkpt lat="37.73438" lon="-119.58634">
        <ele>1940.48</ele>
      </trkpt>
      <trkpt lat="37.73438" lon="-119.58638">
        <ele>1940.87</ele>
      </trkpt>
      <trkpt lat="37.73437" lon="-119.58643">
        <ele>1942.21</ele>
      </trkpt>
      <trkpt lat="37.73436" lon="-119.5865">
        <ele>1943.11</ele>
      </trkpt>
      <trkpt lat="37.73436" lon="-119.58659">
        <ele>1942.04</ele>
      </trkpt>
      <trkpt lat="37.73434" lon="-119.58668">
        <ele>1941.22</ele>
      </trkpt>
      <trkpt lat="37.73431" lon="-119.58675">
        <ele>1941.01</ele>
      </trkpt>
      <trkpt lat="37.73428" lon="-119.58683">
        <ele>1940.58</ele>
      </trkpt>
      <trkpt lat="37.73425" lon="-119.5869">
        <ele>1940.11</ele>
      </trkpt>
      <trkpt lat="37.73428" lon="-119.58697">
        <ele>1937.61</ele>
      </trkpt>
      <trkpt lat="37.73431" lon="-119.58703">
        <ele>1935.47</ele>
      </trkpt>
      <trkpt lat="37.73431" lon="-119.5871">
        <ele>1934.68</ele>
      </trkpt>
      <trkpt lat="37.73426" lon="-119.58715">
        <ele>1935.54</ele>
      </trkpt>
      <trkpt lat="37.73419" lon="-119.58715">
        <ele>1936.31</ele>
      </trkpt>
      <trkpt lat="37.73413" lon="-119.58717">
        <ele>1936.13</ele>
      </trkpt>
      <trkpt lat="37.73408" lon="-119.58719">
        <ele>1935.7</ele>
      </trkpt>
      <trkpt lat="37.73404" lon="-119.5872">
        <ele>1935.85</ele>
      </trkpt>
      <trkpt lat="37.73401" lon="-119.58721">
        <ele>1935.96</ele>
      </trkpt>
      <trkpt lat="37.73398" lon="-119.58722">
        <ele>1936.05</ele>
      </trkpt>
      <trkpt lat="37.73395" lon="-119.58722">
        <ele>1936.05</ele>
      </trkpt>
      <trkpt lat="37.73392" lon="-119.58722">
        <ele>1936.05</ele>
      </trkpt>
      <trkpt lat="37.73389" lon="-119.5872">
        <ele>1936.48</ele>
      </trkpt>
      <trkpt lat="37.73386" lon="-119.5872">
        <ele>1936.48</ele>
      </trkpt>
      <trkpt lat="37.73383" lon="-119.58721">
        <ele>1936.26</ele>
      </trkpt>
      <trkpt lat="37.73381" lon="-119.58723">
        <ele>1935.75</ele>
      </trkpt>
      <trkpt lat="37.73377" lon="-119.58724">
        <ele>1935.71</ele>
      </trkpt>
      <trkpt lat="37.73374" lon="-119.58726">
        <ele>1935.38</ele>
      </trkpt>
      <trkpt lat="37.7337" lon="-119.58728">
        <ele>1935.17</ele>
      </trkpt>
      <trkpt lat="37.73367" lon="-119.58728">
        <ele>1935.49</ele>
      </trkpt>
      <trkpt lat="37.73364" lon="-119.58728">
        <ele>1935.82</ele>
      </trkpt>
      <trkpt lat="37.73361" lon="-119.58729">
        <ele>1935.82</ele>
      </trkpt>
      <trkpt lat="37.73358" lon="-119.58731">
        <ele>1935.51</ele>
      </trkpt>
      <trkpt lat="37.73355" lon="-119.58732">
        <ele>1935.44</ele>
      </trkpt>
      <trkpt lat="37.73352" lon="-119.58732">
        <ele>1935.76</ele>
      </trkpt>
      <trkpt lat="37.73349" lon="-119.58734">
        <ele>1935.22</ele>
      </trkpt>
      <trkpt lat="37.73346" lon="-119.58734">
        <ele>1935.54</ele>
      </trkpt>
      <trkpt lat="37.73343" lon="-119.58735">
        <ele>1935.44</ele>
      </trkpt>
      <trkpt lat="37.73338" lon="-119.58735">
        <ele>1935.98</ele>
      </trkpt>
      <trkpt lat="37.73335" lon="-119.58735">
        <ele>1936.3</ele>
      </trkpt>
      <trkpt lat="37.73332" lon="-119.58735">
        <ele>1936.71</ele>
      </trkpt>
      <trkpt lat="37.73329" lon="-119.58734">
        <ele>1937.72</ele>
      </trkpt>
      <trkpt lat="37.73326" lon="-119.58735">
        <ele>1937.76</ele>
      </trkpt>
      <trkpt lat="37.73323" lon="-119.58734">
        <ele>1938.67</ele>
      </trkpt>
      <trkpt lat="37.73319" lon="-119.58734">
        <ele>1938.79</ele>
      </trkpt>
      <trkpt lat="37.73317" lon="-119.58735">
        <ele>1938.39</ele>
      </trkpt>
      <trkpt lat="37.73314" lon="-119.58737">
        <ele>1937.65</ele>
      </trkpt>
      <trkpt lat="37.73317" lon="-119.58735">
        <ele>1938.39</ele>
      </trkpt>
      <trkpt lat="37.7332" lon="-119.58734">
        <ele>1938.76</ele>
      </trkpt>
      <trkpt lat="37.73322" lon="-119.58732">
        <ele>1939.73</ele>
      </trkpt>
      <trkpt lat="37.73326" lon="-119.58727">
        <ele>1941.62</ele>
      </trkpt>
      <trkpt lat="37.73328" lon="-119.58724">
        <ele>1942.73</ele>
      </trkpt>
      <trkpt lat="37.73331" lon="-119.58721">
        <ele>1943.81</ele>
      </trkpt>
      <trkpt lat="37.73333" lon="-119.58718">
        <ele>1944.88</ele>
      </trkpt>
      <trkpt lat="37.73335" lon="-119.58715">
        <ele>1945.76</ele>
      </trkpt>
      <trkpt lat="37.73338" lon="-119.58712">
        <ele>1946.46</ele>
      </trkpt>
      <trkpt lat="37.73341" lon="-119.5871">
        <ele>1946.68</ele>
      </trkpt>
      <trkpt lat="37.73343" lon="-119.58709">
        <ele>1946.62</ele>
      </trkpt>
      <trkpt lat="37.73346" lon="-119.58706">
        <ele>1947.27</ele>
      </trkpt>
      <trkpt lat="37.73348" lon="-119.58704">
        <ele>1947.7</ele>
      </trkpt>
      <trkpt lat="37.7335" lon="-119.58699">
        <ele>1949.43</ele>
      </trkpt>
      <trkpt lat="37.73353" lon="-119.58695">
        <ele>1950.51</ele>
      </trkpt>
      <trkpt lat="37.73356" lon="-119.58692">
        <ele>1951.04</ele>
      </trkpt>
      <trkpt lat="37.73359" lon="-119.58689">
        <ele>1951.35</ele>
      </trkpt>
      <trkpt lat="37.73361" lon="-119.58686">
        <ele>1951.77</ele>
      </trkpt>
      <trkpt lat="37.73362" lon="-119.58682">
        <ele>1953.18</ele>
      </trkpt>
      <trkpt lat="37.73364" lon="-119.58679">
        <ele>1954.05</ele>
      </trkpt>
      <trkpt lat="37.73366" lon="-119.58676">
        <ele>1954.91</ele>
      </trkpt>
      <trkpt lat="37.73369" lon="-119.58673">
        <ele>1955.56</ele>
      </trkpt>
      <trkpt lat="37.73372" lon="-119.5867">
        <ele>1956.21</ele>
      </trkpt>
      <trkpt lat="37.73374" lon="-119.58667">
        <ele>1957.07</ele>
      </trkpt>
      <trkpt lat="37.73375" lon="-119.58663">
        <ele>1958.39</ele>
      </trkpt>
      <trkpt lat="37.73377" lon="-119.58661">
        <ele>1958.84</ele>
      </trkpt>
      <trkpt lat="37.73379" lon="-119.58658">
        <ele>1959.82</ele>
      </trkpt>
      <trkpt lat="37.73381" lon="-119.58654">
        <ele>1961.01</ele>
      </trkpt>
      <trkpt lat="37.73383" lon="-119.58651">
        <ele>1961.96</ele>
      </trkpt>
      <trkpt lat="37.73381" lon="-119.58648">
        <ele>1963.06</ele>
      </trkpt>
      <trkpt lat="37.7338" lon="-119.58644">
        <ele>1964.77</ele>
      </trkpt>
      <trkpt lat="37.73379" lon="-119.58641">
        <ele>1966.16</ele>
      </trkpt>
      <trkpt lat="37.73377" lon="-119.5864">
        <ele>1966.8</ele>
      </trkpt>
      <trkpt lat="37.73373" lon="-119.58641">
        <ele>1966.8</ele>
      </trkpt>
      <trkpt lat="37.7337" lon="-119.58642">
        <ele>1966.78</ele>
      </trkpt>
      <trkpt lat="37.73366" lon="-119.58643">
        <ele>1967.64</ele>
      </trkpt>
      <trkpt lat="37.73363" lon="-119.58645">
        <ele>1967.75</ele>
      </trkpt>
      <trkpt lat="37.73361" lon="-119.58648">
        <ele>1967.1</ele>
      </trkpt>
      <trkpt lat="37.73358" lon="-119.5865">
        <ele>1967.41</ele>
      </trkpt>
      <trkpt lat="37.73355" lon="-119.5865">
        <ele>1968.38</ele>
      </trkpt>
      <trkpt lat="37.73352" lon="-119.58651">
        <ele>1969.03</ele>
      </trkpt>
      <trkpt lat="37.73348" lon="-119.58652">
        <ele>1970.0</ele>
      </trkpt>
      <trkpt lat="37.73345" lon="-119.58653">
        <ele>1970.65</ele>
      </trkpt>
      <trkpt lat="37.73342" lon="-119.58654">
        <ele>1971.26</ele>
      </trkpt>
      <trkpt lat="37.73339" lon="-119.58654">
        <ele>1972.02</ele>
      </trkpt>
      <trkpt lat="37.73336" lon="-119.58656">
        <ele>1971.99</ele>
      </trkpt>
      <trkpt lat="37.73333" lon="-119.58658">
        <ele>1971.82</ele>
      </trkpt>
      <trkpt lat="37.73331" lon="-119.58661">
        <ele>1971.05</ele>
      </trkpt>
      <trkpt lat="37.73328" lon="-119.58664">
        <ele>1970.71</ele>
      </trkpt>
      <trkpt lat="37.73326" lon="-119.58666">
        <ele>1970.61</ele>
      </trkpt>
      <trkpt lat="37.73323" lon="-119.58665">
        <ele>1971.79</ele>
      </trkpt>
      <trkpt lat="37.7332" lon="-119.58665">
        <ele>1972.5</ele>
      </trkpt>
      <trkpt lat="37.73317" lon="-119.58665">
        <ele>1973.21</ele>
      </trkpt>
      <trkpt lat="37.73314" lon="-119.58665">
        <ele>1973.98</ele>
      </trkpt>
      <trkpt lat="37.73311" lon="-119.58666">
        <ele>1974.52</ele>
      </trkpt>
      <trkpt lat="37.73308" lon="-119.58665">
        <ele>1975.93</ele>
      </trkpt>
      <trkpt lat="37.73305" lon="-119.58665">
        <ele>1976.9</ele>
      </trkpt>
      <trkpt lat="37.73302" lon="-119.58664">
        <ele>1978.3</ele>
      </trkpt>
      <trkpt lat="37.73298" lon="-119.58664">
        <ele>1979.6</ele>
      </trkpt>
      <trkpt lat="37.73295" lon="-119.58664">
        <ele>1980.33</ele>
      </trkpt>
      <trkpt lat="37.73291" lon="-119.58665">
        <ele>1980.39</ele>
      </trkpt>
      <trkpt lat="37.73287" lon="-119.58667">
        <ele>1979.83</ele>
      </trkpt>
      <trkpt lat="37.73284" lon="-119.58668">
        <ele>1979.89</ele>
      </trkpt>
      <trkpt lat="37.7328" lon="-119.58669">
        <ele>1980.07</ele>
      </trkpt>
      <trkpt lat="37.73278" lon="-119.5867">
        <ele>1979.8</ele>
      </trkpt>
      <trkpt lat="37.73275" lon="-119.5867">
        <ele>1980.14</ele>
      </trkpt>
      <trkpt lat="37.73272" lon="-119.58671">
        <ele>1979.82</ele>
      </trkpt>
      <trkpt lat="37.73268" lon="-119.58673">
        <ele>1978.95</ele>
      </trkpt>
      <trkpt lat="37.73265" lon="-119.58676">
        <ele>1977.33</ele>
      </trkpt>
      <trkpt lat="37.73265" lon="-119.58679">
        <ele>1975.26</ele>
      </trkpt>
      <trkpt lat="37.73264" lon="-119.58676">
        <ele>1977.44</ele>
      </trkpt>
      <trkpt lat="37.73267" lon="-119.58675">
        <ele>1977.76</ele>
      </trkpt>
      <trkpt lat="37.73264" lon="-119.58676">
        <ele>1977.44</ele>
      </trkpt>
      <trkpt lat="37.73267" lon="-119.58676">
        <ele>1977.11</ele>
      </trkpt>
      <trkpt lat="37.73265" lon="-119.58677">
        <ele>1976.64</ele>
      </trkpt>
      <trkpt lat="37.73263" lon="-119.58674">
        <ele>1978.84</ele>
      </trkpt>
      <trkpt lat="37.73264" lon="-119.58678">
        <ele>1976.03</ele>
      </trkpt>
      <trkpt lat="37.73267" lon="-119.58676">
        <ele>1977.11</ele>
      </trkpt>
      <trkpt lat="37.7327" lon="-119.58673">
        <ele>1978.74</ele>
      </trkpt>
      <trkpt lat="37.73273" lon="-119.58671">
        <ele>1979.71</ele>
      </trkpt>
      <trkpt lat="37.73277" lon="-119.58668">
        <ele>1981.22</ele>
      </trkpt>
      <trkpt lat="37.73279" lon="-119.58666">
        <ele>1982.1</ele>
      </trkpt>
      <trkpt lat="37.73282" lon="-119.58662">
        <ele>1983.61</ele>
      </trkpt>
      <trkpt lat="37.73285" lon="-119.58659">
        <ele>1984.58</ele>
      </trkpt>
      <trkpt lat="37.73287" lon="-119.58655">
        <ele>1986.31</ele>
      </trkpt>
      <trkpt lat="37.73289" lon="-119.58652">
        <ele>1987.37</ele>
      </trkpt>
      <trkpt lat="37.73291" lon="-119.58649">
        <ele>1988.3</ele>
      </trkpt>
      <trkpt lat="37.73294" lon="-119.58646">
        <ele>1988.85</ele>
      </trkpt>
      <trkpt lat="37.73296" lon="-119.58643">
        <ele>1989.86</ele>
      </trkpt>
      <trkpt lat="37.73299" lon="-119.5864">
        <ele>1990.56</ele>
      </trkpt>
      <trkpt lat="37.73301" lon="-119.58637">
        <ele>1991.29</ele>
      </trkpt>
      <trkpt lat="37.73304" lon="-119.58634">
        <ele>1991.62</ele>
      </trkpt>
      <trkpt lat="37.73306" lon="-119.5863">
        <ele>1992.65</ele>
      </trkpt>
      <trkpt lat="37.73309" lon="-119.58626">
        <ele>1993.08</ele>
      </trkpt>
      <trkpt lat="37.73312" lon="-119.58624">
        <ele>1992.65</ele>
      </trkpt>
      <trkpt lat="37.73314" lon="-119.58621">
        <ele>1993.08</ele>
      </trkpt>
      <trkpt lat="37.73316" lon="-119.58618">
        <ele>1993.64</ele>
      </trkpt>
      <trkpt lat="37.73318" lon="-119.58615">
        <ele>1994.29</ele>
      </trkpt>
      <trkpt lat="37.73321" lon="-119.58613">
        <ele>1994.18</ele>
      </trkpt>
      <trkpt lat="37.73322" lon="-119.58609">
        <ele>1995.58</ele>
      </trkpt>
      <trkpt lat="37.73322" lon="-119.58605">
        <ele>1997.31</ele>
      </trkpt>
      <trkpt lat="37.73323" lon="-119.586">
        <ele>1999.17</ele>
      </trkpt>
      <trkpt lat="37.73324" lon="-119.58597">
        <ele>2000.12</ele>
      </trkpt>
      <trkpt lat="37.73325" lon="-119.58593">
        <ele>2001.52</ele>
      </trkpt>
      <trkpt lat="37.73327" lon="-119.58588">
        <ele>2003.38</ele>
      </trkpt>
      <trkpt lat="37.73329" lon="-119.58586">
        <ele>2003.59</ele>
      </trkpt>
      <trkpt lat="37.73332" lon="-119.58584">
        <ele>2003.28</ele>
      </trkpt>
      <trkpt lat="37.73329" lon="-119.58581">
        <ele>2006.13</ele>
      </trkpt>
      <trkpt lat="37.73327" lon="-119.58584">
        <ele>2005.4</ele>
      </trkpt>
      <trkpt lat="37.73325" lon="-119.58586">
        <ele>2005.19</ele>
      </trkpt>
      <trkpt lat="37.73322" lon="-119.58587">
        <ele>2005.92</ele>
      </trkpt>
      <trkpt lat="37.73318" lon="-119.58588">
        <ele>2007.1</ele>
      </trkpt>
      <trkpt lat="37.73315" lon="-119.58589">
        <ele>2007.86</ele>
      </trkpt>
      <trkpt lat="37.73312" lon="-119.5859">
        <ele>2008.62</ele>
      </trkpt>
      <trkpt lat="37.7331" lon="-119.58592">
        <ele>2008.4</ele>
      </trkpt>
      <trkpt lat="37.73307" lon="-119.58595">
        <ele>2008.08</ele>
      </trkpt>
      <trkpt lat="37.73304" lon="-119.58597">
        <ele>2008.29</ele>
      </trkpt>
      <trkpt lat="37.733" lon="-119.58599">
        <ele>2008.94</ele>
      </trkpt>
      <trkpt lat="37.73297" lon="-119.586">
        <ele>2009.7</ele>
      </trkpt>
      <trkpt lat="37.73294" lon="-119.58601">
        <ele>2010.45</ele>
      </trkpt>
      <trkpt lat="37.73291" lon="-119.58602">
        <ele>2011.21</ele>
      </trkpt>
      <trkpt lat="37.73288" lon="-119.58604">
        <ele>2011.42</ele>
      </trkpt>
      <trkpt lat="37.73285" lon="-119.58606">
        <ele>2011.42</ele>
      </trkpt>
      <trkpt lat="37.73282" lon="-119.58607">
        <ele>2011.85</ele>
      </trkpt>
      <trkpt lat="37.73279" lon="-119.58607">
        <ele>2012.82</ele>
      </trkpt>
      <trkpt lat="37.73276" lon="-119.58608">
        <ele>2013.38</ele>
      </trkpt>
      <trkpt lat="37.73273" lon="-119.58609">
        <ele>2014.09</ele>
      </trkpt>
      <trkpt lat="37.73269" lon="-119.5861">
        <ele>2015.28</ele>
      </trkpt>
      <trkpt lat="37.73266" lon="-119.58611">
        <ele>2015.05</ele>
      </trkpt>
      <trkpt lat="37.73267" lon="-119.58607">
        <ele>2016.85</ele>
      </trkpt>
      <trkpt lat="37.7327" lon="-119.58605">
        <ele>2017.11</ele>
      </trkpt>
      <trkpt lat="37.73272" lon="-119.58602">
        <ele>2017.8</ele>
      </trkpt>
      <trkpt lat="37.73275" lon="-119.586">
        <ele>2017.9</ele>
      </trkpt>
      <trkpt lat="37.73277" lon="-119.58595">
        <ele>2019.95</ele>
      </trkpt>
      <trkpt lat="37.73281" lon="-119.58589">
        <ele>2021.76</ele>
      </trkpt>
      <trkpt lat="37.73286" lon="-119.58583">
        <ele>2022.62</ele>
      </trkpt>
      <trkpt lat="37.73291" lon="-119.58578">
        <ele>2023.35</ele>
      </trkpt>
      <trkpt lat="37.73294" lon="-119.58571">
        <ele>2025.57</ele>
      </trkpt>
      <trkpt lat="37.73298" lon="-119.58565">
        <ele>2027.16</ele>
      </trkpt>
      <trkpt lat="37.73302" lon="-119.58558">
        <ele>2029.22</ele>
      </trkpt>
      <trkpt lat="37.73306" lon="-119.58551">
        <ele>2031.32</ele>
      </trkpt>
      <trkpt lat="37.7331" lon="-119.58544">
        <ele>2033.68</ele>
      </trkpt>
      <trkpt lat="37.73314" lon="-119.5854">
        <ele>2034.04</ele>
      </trkpt>
      <trkpt lat="37.7332" lon="-119.58533">
        <ele>2035.26</ele>
      </trkpt>
      <trkpt lat="37.73324" lon="-119.58528">
        <ele>2035.94</ele>
      </trkpt>
      <trkpt lat="37.73329" lon="-119.58522">
        <ele>2036.9</ele>
      </trkpt>
      <trkpt lat="37.73334" lon="-119.58517">
        <ele>2037.5</ele>
      </trkpt>
      <trkpt lat="37.7334" lon="-119.58515">
        <ele>2036.81</ele>
      </trkpt>
      <trkpt lat="37.73344" lon="-119.5851">
        <ele>2037.44</ele>
      </trkpt>
      <trkpt lat="37.73348" lon="-119.58504">
        <ele>2038.77</ele>
      </trkpt>
      <trkpt lat="37.73341" lon="-119.58505">
        <ele>2040.36</ele>
      </trkpt>
      <trkpt lat="37.73335" lon="-119.58507">
        <ele>2041.44</ele>
      </trkpt>
      <trkpt lat="37.73329" lon="-119.58511">
        <ele>2042.03</ele>
      </trkpt>
      <trkpt lat="37.73324" lon="-119.58514">
        <ele>2042.47</ele>
      </trkpt>
      <trkpt lat="37.73317" lon="-119.58517">
        <ele>2043.75</ele>
      </trkpt>
      <trkpt lat="37.73312" lon="-119.5852">
        <ele>2044.53</ele>
      </trkpt>
      <trkpt lat="37.73307" lon="-119.58524">
        <ele>2044.51</ele>
      </trkpt>
      <trkpt lat="37.73301" lon="-119.58528">
        <ele>2044.86</ele>
      </trkpt>
      <trkpt lat="37.73295" lon="-119.58532">
        <ele>2045.28</ele>
      </trkpt>
      <trkpt lat="37.7329" lon="-119.58537">
        <ele>2044.74</ele>
      </trkpt>
      <trkpt lat="37.73287" lon="-119.58539">
        <ele>2044.96</ele>
      </trkpt>
      <trkpt lat="37.73284" lon="-119.58541">
        <ele>2045.17</ele>
      </trkpt>
      <trkpt lat="37.73281" lon="-119.58542">
        <ele>2045.93</ele>
      </trkpt>
      <trkpt lat="37.73278" lon="-119.58543">
        <ele>2046.68</ele>
      </trkpt>
      <trkpt lat="37.73275" lon="-119.58542">
        <ele>2048.52</ele>
      </trkpt>
      <trkpt lat="37.73272" lon="-119.58542">
        <ele>2049.82</ele>
      </trkpt>
      <trkpt lat="37.73269" lon="-119.58543">
        <ele>2050.57</ele>
      </trkpt>
      <trkpt lat="37.73267" lon="-119.5854">
        <ele>2053.0</ele>
      </trkpt>
      <trkpt lat="37.73269" lon="-119.58536">
        <ele>2054.35</ele>
      </trkpt>
      <trkpt lat="37.7327" lon="-119.58533">
        <ele>2055.54</ele>
      </trkpt>
      <trkpt lat="37.73273" lon="-119.58531">
        <ele>2055.32</ele>
      </trkpt>
      <trkpt lat="37.73275" lon="-119.58529">
        <ele>2055.54</ele>
      </trkpt>
      <trkpt lat="37.73278" lon="-119.58526">
        <ele>2055.86</ele>
      </trkpt>
      <trkpt lat="37.7328" lon="-119.58523">
        <ele>2056.62</ele>
      </trkpt>
      <trkpt lat="37.73282" lon="-119.5852">
        <ele>2057.38</ele>
      </trkpt>
      <trkpt lat="37.73284" lon="-119.58516">
        <ele>2058.67</ele>
      </trkpt>
      <trkpt lat="37.73285" lon="-119.58513">
        <ele>2059.86</ele>
      </trkpt>
      <trkpt lat="37.73286" lon="-119.58509">
        <ele>2061.56</ele>
      </trkpt>
      <trkpt lat="37.73288" lon="-119.58506">
        <ele>2061.92</ele>
      </trkpt>
      <trkpt lat="37.7329" lon="-119.58503">
        <ele>2062.32</ele>
      </trkpt>
      <trkpt lat="37.73293" lon="-119.585">
        <ele>2062.42</ele>
      </trkpt>
      <trkpt lat="37.73296" lon="-119.58498">
        <ele>2061.99</ele>
      </trkpt>
      <trkpt lat="37.73298" lon="-119.58495">
        <ele>2062.52</ele>
      </trkpt>
      <trkpt lat="37.73299" lon="-119.58491">
        <ele>2064.0</ele>
      </trkpt>
      <trkpt lat="37.73302" lon="-119.58488">
        <ele>2064.15</ele>
      </trkpt>
      <trkpt lat="37.73304" lon="-119.58485">
        <ele>2064.47</ele>
      </trkpt>
      <trkpt lat="37.73307" lon="-119.58483">
        <ele>2063.99</ele>
      </trkpt>
      <trkpt lat="37.73309" lon="-119.58481">
        <ele>2064.07</ele>
      </trkpt>
      <trkpt lat="37.73313" lon="-119.5848">
        <ele>2063.1</ele>
      </trkpt>
      <trkpt lat="37.73315" lon="-119.58477">
        <ele>2063.38</ele>
      </trkpt>
      <trkpt lat="37.73317" lon="-119.58475">
        <ele>2063.32</ele>
      </trkpt>
      <trkpt lat="37.73319" lon="-119.58472">
        <ele>2063.73</ele>
      </trkpt>
      <trkpt lat="37.7332" lon="-119.58469">
        <ele>2064.52</ele>
      </trkpt>
      <trkpt lat="37.73322" lon="-119.58466">
        <ele>2064.84</ele>
      </trkpt>
      <trkpt lat="37.73323" lon="-119.58462">
        <ele>2065.78</ele>
      </trkpt>
      <trkpt lat="37.73325" lon="-119.58458">
        <ele>2066.31</ele>
      </trkpt>
      <trkpt lat="37.73326" lon="-119.58453">
        <ele>2067.6</ele>
      </trkpt>
      <trkpt lat="37.73326" lon="-119.5845">
        <ele>2068.58</ele>
      </trkpt>
      <trkpt lat="37.73327" lon="-119.58445">
        <ele>2069.87</ele>
      </trkpt>
      <trkpt lat="37.73329" lon="-119.58442">
        <ele>2070.32</ele>
      </trkpt>
      <trkpt lat="37.73331" lon="-119.58439">
        <ele>2070.67</ele>
      </trkpt>
      <trkpt lat="37.73333" lon="-119.58436">
        <ele>2070.88</ele>
      </trkpt>
      <trkpt lat="37.73334" lon="-119.58432">
        <ele>2071.74</ele>
      </trkpt>
      <trkpt lat="37.73335" lon="-119.58428">
        <ele>2072.61</ele>
      </trkpt>
      <trkpt lat="37.73336" lon="-119.58425">
        <ele>2073.22</ele>
      </trkpt>
      <trkpt lat="37.73339" lon="-119.58423">
        <ele>2072.62</ele>
      </trkpt>
      <trkpt lat="37.73342" lon="-119.5842">
        <ele>2072.22</ele>
      </trkpt>
      <trkpt lat="37.73338" lon="-119.5842">
        <ele>2074.22</ele>
      </trkpt>
      <trkpt lat="37.73335" lon="-119.58421">
        <ele>2075.31</ele>
      </trkpt>
      <trkpt lat="37.73332" lon="-119.58422">
        <ele>2076.62</ele>
      </trkpt>
      <trkpt lat="37.73328" lon="-119.58424">
        <ele>2078.41</ele>
      </trkpt>
      <trkpt lat="37.73325" lon="-119.58426">
        <ele>2079.36</ele>
      </trkpt>
      <trkpt lat="37.73322" lon="-119.58427">
        <ele>2080.99</ele>
      </trkpt>
      <trkpt lat="37.73319" lon="-119.58429">
        <ele>2082.18</ele>
      </trkpt>
      <trkpt lat="37.73316" lon="-119.58431">
        <ele>2083.36</ele>
      </trkpt>
      <trkpt lat="37.73313" lon="-119.58434">
        <ele>2083.99</ele>
      </trkpt>
      <trkpt lat="37.73311" lon="-119.58436">
        <ele>2084.36</ele>
      </trkpt>
      <trkpt lat="37.73309" lon="-119.58439">
        <ele>2083.92</ele>
      </trkpt>
      <trkpt lat="37.73306" lon="-119.58442">
        <ele>2084.25</ele>
      </trkpt>
      <trkpt lat="37.73303" lon="-119.58445">
        <ele>2084.57</ele>
      </trkpt>
      <trkpt lat="37.73301" lon="-119.58448">
        <ele>2084.14</ele>
      </trkpt>
      <trkpt lat="37.73299" lon="-119.58451">
        <ele>2083.71</ele>
      </trkpt>
      <trkpt lat="37.73296" lon="-119.58453">
        <ele>2084.68</ele>
      </trkpt>
      <trkpt lat="37.73295" lon="-119.58457">
        <ele>2082.84</ele>
      </trkpt>
      <trkpt lat="37.73292" lon="-119.5846">
        <ele>2083.17</ele>
      </trkpt>
      <trkpt lat="37.73289" lon="-119.58462">
        <ele>2084.14</ele>
      </trkpt>
      <trkpt lat="37.73286" lon="-119.58462">
        <ele>2086.38</ele>
      </trkpt>
      <trkpt lat="37.73283" lon="-119.58463">
        <ele>2088.03</ele>
      </trkpt>
      <trkpt lat="37.7328" lon="-119.58465">
        <ele>2089.0</ele>
      </trkpt>
      <trkpt lat="37.73277" lon="-119.58468">
        <ele>2089.16</ele>
      </trkpt>
      <trkpt lat="37.73274" lon="-119.5847">
        <ele>2089.69</ele>
      </trkpt>
      <trkpt lat="37.73272" lon="-119.58475">
        <ele>2087.94</ele>
      </trkpt>
      <trkpt lat="37.73269" lon="-119.58479">
        <ele>2087.3</ele>
      </trkpt>
      <trkpt lat="37.73267" lon="-119.58481">
        <ele>2087.12</ele>
      </trkpt>
      <trkpt lat="37.73264" lon="-119.58484">
        <ele>2086.94</ele>
      </trkpt>
      <trkpt lat="37.73262" lon="-119.58487">
        <ele>2086.36</ele>
      </trkpt>
      <trkpt lat="37.7326" lon="-119.5849">
        <ele>2085.93</ele>
      </trkpt>
      <trkpt lat="37.73257" lon="-119.58492">
        <ele>2086.16</ele>
      </trkpt>
      <trkpt lat="37.73254" lon="-119.58494">
        <ele>2086.16</ele>
      </trkpt>
      <trkpt lat="37.73251" lon="-119.58494">
        <ele>2087.46</ele>
      </trkpt>
      <trkpt lat="37.73252" lon="-119.5849">
        <ele>2089.54</ele>
      </trkpt>
      <trkpt lat="37.73253" lon="-119.58486">
        <ele>2091.26</ele>
      </trkpt>
      <trkpt lat="37.73255" lon="-119.58483">
        <ele>2092.02</ele>
      </trkpt>
      <trkpt lat="37.73256" lon="-119.5848">
        <ele>2093.21</ele>
      </trkpt>
      <trkpt lat="37.73257" lon="-119.58475">
        <ele>2095.48</ele>
      </trkpt>
      <trkpt lat="37.73258" lon="-119.58471">
        <ele>2097.2</ele>
      </trkpt>
      <trkpt lat="37.73258" lon="-119.58467">
        <ele>2099.36</ele>
      </trkpt>
      <trkpt lat="37.73259" lon="-119.58463">
        <ele>2101.09</ele>
      </trkpt>
      <trkpt lat="37.73261" lon="-119.5846">
        <ele>2101.4</ele>
      </trkpt>
      <trkpt lat="37.73262" lon="-119.58457">
        <ele>2102.29</ele>
      </trkpt>
      <trkpt lat="37.73264" lon="-119.58453">
        <ele>2103.26</ele>
      </trkpt>
      <trkpt lat="37.73265" lon="-119.5845">
        <ele>2104.12</ele>
      </trkpt>
      <trkpt lat="37.73266" lon="-119.58445">
        <ele>2105.85</ele>
      </trkpt>
      <trkpt lat="37.73268" lon="-119.58441">
        <ele>2106.36</ele>
      </trkpt>
      <trkpt lat="37.73269" lon="-119.58438">
        <ele>2106.88</ele>
      </trkpt>
      <trkpt lat="37.73271" lon="-119.58435">
        <ele>2107.0</ele>
      </trkpt>
      <trkpt lat="37.73272" lon="-119.58431">
        <ele>2108.13</ele>
      </trkpt>
      <trkpt lat="37.7327" lon="-119.58435">
        <ele>2107.44</ele>
      </trkpt>
      <trkpt lat="37.73269" lon="-119.58439">
        <ele>2106.56</ele>
      </trkpt>
      <trkpt lat="37.73268" lon="-119.58442">
        <ele>2106.03</ele>
      </trkpt>
      <trkpt lat="37.73266" lon="-119.58444">
        <ele>2106.25</ele>
      </trkpt>
      <trkpt lat="37.73263" lon="-119.58448">
        <ele>2105.85</ele>
      </trkpt>
      <trkpt lat="37.73261" lon="-119.5845">
        <ele>2105.85</ele>
      </trkpt>
      <trkpt lat="37.73258" lon="-119.58452">
        <ele>2106.39</ele>
      </trkpt>
      <trkpt lat="37.73255" lon="-119.58454">
        <ele>2107.16</ele>
      </trkpt>
      <trkpt lat="37.73252" lon="-119.58455">
        <ele>2108.25</ele>
      </trkpt>
      <trkpt lat="37.73249" lon="-119.58457">
        <ele>2108.58</ele>
      </trkpt>
      <trkpt lat="37.73247" lon="-119.58459">
        <ele>2108.3</ele>
      </trkpt>
      <trkpt lat="37.73243" lon="-119.58459">
        <ele>2109.84</ele>
      </trkpt>
      <trkpt lat="37.7324" lon="-119.58459">
        <ele>2110.87</ele>
      </trkpt>
      <trkpt lat="37.73239" lon="-119.58462">
        <ele>2109.79</ele>
      </trkpt>
      <trkpt lat="37.73239" lon="-119.58466">
        <ele>2107.41</ele>
      </trkpt>
      <trkpt lat="37.73237" lon="-119.58468">
        <ele>2106.54</ele>
      </trkpt>
      <trkpt lat="37.73237" lon="-119.58464">
        <ele>2109.14</ele>
      </trkpt>
      <trkpt lat="37.73239" lon="-119.58462">
        <ele>2109.79</ele>
      </trkpt>
      <trkpt lat="37.73241" lon="-119.58458">
        <ele>2111.05</ele>
      </trkpt>
      <trkpt lat="37.73243" lon="-119.58453">
        <ele>2112.55</ele>
      </trkpt>
      <trkpt lat="37.73245" lon="-119.58448">
        <ele>2113.8</ele>
      </trkpt>
      <trkpt lat="37.73246" lon="-119.58445">
        <ele>2114.52</ele>
      </trkpt>
      <trkpt lat="37.73249" lon="-119.58442">
        <ele>2114.49</ele>
      </trkpt>
      <trkpt lat="37.73251" lon="-119.58439">
        <ele>2114.92</ele>
      </trkpt>
      <trkpt lat="37.73252" lon="-119.58435">
        <ele>2116.21</ele>
      </trkpt>
      <trkpt lat="37.73253" lon="-119.58432">
        <ele>2116.97</ele>
      </trkpt>
      <trkpt lat="37.73254" lon="-119.58428">
        <ele>2118.04</ele>
      </trkpt>
      <trkpt lat="37.73251" lon="-119.5843">
        <ele>2118.75</ele>
      </trkpt>
      <trkpt lat="37.73249" lon="-119.58433">
        <ele>2118.38</ele>
      </trkpt>
      <trkpt lat="37.73247" lon="-119.58434">
        <ele>2118.81</ele>
      </trkpt>
      <trkpt lat="37.73243" lon="-119.58436">
        <ele>2119.67</ele>
      </trkpt>
      <trkpt lat="37.7324" lon="-119.58437">
        <ele>2120.44</ele>
      </trkpt>
      <trkpt lat="37.73237" lon="-119.58438">
        <ele>2120.87</ele>
      </trkpt>
      <trkpt lat="37.73234" lon="-119.58439">
        <ele>2121.24</ele>
      </trkpt>
      <trkpt lat="37.73231" lon="-119.58441">
        <ele>2120.93</ele>
      </trkpt>
      <trkpt lat="37.73229" lon="-119.58443">
        <ele>2120.09</ele>
      </trkpt>
      <trkpt lat="37.73226" lon="-119.58443">
        <ele>2120.46</ele>
      </trkpt>
      <trkpt lat="37.73223" lon="-119.58444">
        <ele>2120.2</ele>
      </trkpt>
      <trkpt lat="37.7322" lon="-119.58443">
        <ele>2120.97</ele>
      </trkpt>
      <trkpt lat="37.73217" lon="-119.58443">
        <ele>2121.02</ele>
      </trkpt>
      <trkpt lat="37.73213" lon="-119.58442">
        <ele>2121.85</ele>
      </trkpt>
      <trkpt lat="37.7321" lon="-119.58443">
        <ele>2121.68</ele>
      </trkpt>
      <trkpt lat="37.73208" lon="-119.58441">
        <ele>2123.48</ele>
      </trkpt>
      <trkpt lat="37.73209" lon="-119.58438">
        <ele>2125.43</ele>
      </trkpt>
      <trkpt lat="37.73213" lon="-119.58436">
        <ele>2126.38</ele>
      </trkpt>
      <trkpt lat="37.73216" lon="-119.58434">
        <ele>2127.53</ele>
      </trkpt>
      <trkpt lat="37.73219" lon="-119.58432">
        <ele>2128.53</ele>
      </trkpt>
      <trkpt lat="37.73221" lon="-119.58429">
        <ele>2130.23</ele>
      </trkpt>
      <trkpt lat="37.73224" lon="-119.58427">
        <ele>2130.75</ele>
      </trkpt>
      <trkpt lat="37.73226" lon="-119.58424">
        <ele>2131.94</ele>
      </trkpt>
      <trkpt lat="37.73228" lon="-119.5842">
        <ele>2133.57</ele>
      </trkpt>
      <trkpt lat="37.73228" lon="-119.58416">
        <ele>2135.85</ele>
      </trkpt>
      <trkpt lat="37.73228" lon="-119.58411">
        <ele>2138.41</ele>
      </trkpt>
      <trkpt lat="37.73227" lon="-119.58407">
        <ele>2141.04</ele>
      </trkpt>
      <trkpt lat="37.73225" lon="-119.58404">
        <ele>2143.3</ele>
      </trkpt>
      <trkpt lat="37.73224" lon="-119.58401">
        <ele>2144.92</ele>
      </trkpt>
      <trkpt lat="37.73222" lon="-119.58397">
        <ele>2147.37</ele>
      </trkpt>
      <trkpt lat="37.7322" lon="-119.58392">
        <ele>2149.69</ele>
      </trkpt>
      <trkpt lat="37.73218" lon="-119.58388">
        <ele>2151.78</ele>
      </trkpt>
      <trkpt lat="37.73217" lon="-119.58383">
        <ele>2152.74</ele>
      </trkpt>
      <trkpt lat="37.73216" lon="-119.58379">
        <ele>2153.64</ele>
      </trkpt>
      <trkpt lat="37.73215" lon="-119.58375">
        <ele>2153.96</ele>
      </trkpt>
      <trkpt lat="37.73215" lon="-119.5837">
        <ele>2153.42</ele>
      </trkpt>
      <trkpt lat="37.73214" lon="-119.58363">
        <ele>2153.42</ele>
      </trkpt>
      <trkpt lat="37.73214" lon="-119.58359">
        <ele>2152.99</ele>
      </trkpt>
      <trkpt lat="37.73214" lon="-119.58355">
        <ele>2152.56</ele>
      </trkpt>
      <trkpt lat="37.73212" lon="-119.5835">
        <ele>2153.53</ele>
      </trkpt>
      <trkpt lat="37.73211" lon="-119.58344">
        <ele>2153.64</ele>
      </trkpt>
      <trkpt lat="37.73209" lon="-119.58338">
        <ele>2154.0</ele>
      </trkpt>
      <trkpt lat="37.73208" lon="-119.58333">
        <ele>2153.64</ele>
      </trkpt>
      <trkpt lat="37.73206" lon="-119.58329">
        <ele>2153.86</ele>
      </trkpt>
      <trkpt lat="37.73204" lon="-119.58325">
        <ele>2154.08</ele>
      </trkpt>
      <trkpt lat="37.73203" lon="-119.58321">
        <ele>2153.15</ele>
      </trkpt>
      <trkpt lat="37.73202" lon="-119.58317">
        <ele>2152.19</ele>
      </trkpt>
      <trkpt lat="37.73202" lon="-119.58313">
        <ele>2151.29</ele>
      </trkpt>
      <trkpt lat="37.73202" lon="-119.58309">
        <ele>2151.29</ele>
      </trkpt>
      <trkpt lat="37.73201" lon="-119.58306">
        <ele>2152.04</ele>
      </trkpt>
      <trkpt lat="37.732" lon="-119.58302">
        <ele>2153.88</ele>
      </trkpt>
      <trkpt lat="37.73199" lon="-119.58306">
        <ele>2153.56</ele>
      </trkpt>
      <trkpt lat="37.73199" lon="-119.58302">
        <ele>2154.71</ele>
      </trkpt>
      <trkpt lat="37.73199" lon="-119.58298">
        <ele>2156.02</ele>
      </trkpt>
      <trkpt lat="37.732" lon="-119.58294">
        <ele>2156.79</ele>
      </trkpt>
      <trkpt lat="37.732" lon="-119.58289">
        <ele>2159.38</ele>
      </trkpt>
      <trkpt lat="37.73201" lon="-119.58285">
        <ele>2160.22</ele>
      </trkpt>
      <trkpt lat="37.73202" lon="-119.58281">
        <ele>2160.87</ele>
      </trkpt>
      <trkpt lat="37.73204" lon="-119.58277">
        <ele>2159.98</ele>
      </trkpt>
      <trkpt lat="37.73205" lon="-119.58274">
        <ele>2160.25</ele>
      </trkpt>
      <trkpt lat="37.73207" lon="-119.58271">
        <ele>2159.46</ele>
      </trkpt>
      <trkpt lat="37.7321" lon="-119.58269">
        <ele>2157.15</ele>
      </trkpt>
      <trkpt lat="37.73212" lon="-119.58267">
        <ele>2156.6</ele>
      </trkpt>
      <trkpt lat="37.73215" lon="-119.58264">
        <ele>2156.52</ele>
      </trkpt>
      <trkpt lat="37.73217" lon="-119.58261">
        <ele>2157.47</ele>
      </trkpt>
      <trkpt lat="37.7322" lon="-119.58258">
        <ele>2157.38</ele>
      </trkpt>
      <trkpt lat="37.73222" lon="-119.58255">
        <ele>2157.94</ele>
      </trkpt>
      <trkpt lat="37.73224" lon="-119.58252">
        <ele>2158.24</ele>
      </trkpt>
      <trkpt lat="37.73227" lon="-119.58249">
        <ele>2156.97</ele>
      </trkpt>
      <trkpt lat="37.7323" lon="-119.58246">
        <ele>2155.06</ele>
      </trkpt>
      <trkpt lat="37.73231" lon="-119.58242">
        <ele>2155.98</ele>
      </trkpt>
      <trkpt lat="37.73232" lon="-119.58239">
        <ele>2156.56</ele>
      </trkpt>
      <trkpt lat="37.73233" lon="-119.58235">
        <ele>2157.98</ele>
      </trkpt>
      <trkpt lat="37.73235" lon="-119.58232">
        <ele>2157.51</ele>
      </trkpt>
      <trkpt lat="37.73235" lon="-119.58228">
        <ele>2159.7</ele>
      </trkpt>
      <trkpt lat="37.73236" lon="-119.58224">
        <ele>2160.67</ele>
      </trkpt>
      <trkpt lat="37.73237" lon="-119.58219">
        <ele>2161.77</ele>
      </trkpt>
      <trkpt lat="37.73238" lon="-119.58215">
        <ele>2162.06</ele>
      </trkpt>
      <trkpt lat="37.73239" lon="-119.58211">
        <ele>2162.16</ele>
      </trkpt>
      <trkpt lat="37.73239" lon="-119.58207">
        <ele>2163.62</ele>
      </trkpt>
      <trkpt lat="37.73239" lon="-119.58201">
        <ele>2165.93</ele>
      </trkpt>
      <trkpt lat="37.73238" lon="-119.58197">
        <ele>2169.12</ele>
      </trkpt>
      <trkpt lat="37.73236" lon="-119.58194">
        <ele>2173.29</ele>
      </trkpt>
      <trkpt lat="37.73235" lon="-119.5819">
        <ele>2175.94</ele>
      </trkpt>
      <trkpt lat="37.73235" lon="-119.58186">
        <ele>2177.07</ele>
      </trkpt>
      <trkpt lat="37.73235" lon="-119.58182">
        <ele>2177.64</ele>
      </trkpt>
      <trkpt lat="37.73235" lon="-119.58178">
        <ele>2178.08</ele>
      </trkpt>
      <trkpt lat="37.73235" lon="-119.58174">
        <ele>2178.17</ele>
      </trkpt>
      <trkpt lat="37.73235" lon="-119.58171">
        <ele>2177.97</ele>
      </trkpt>
      <trkpt lat="37.73236" lon="-119.58166">
        <ele>2176.2</ele>
      </trkpt>
      <trkpt lat="37.73237" lon="-119.58162">
        <ele>2174.96</ele>
      </trkpt>
      <trkpt lat="37.73238" lon="-119.58158">
        <ele>2173.8</ele>
      </trkpt>
      <trkpt lat="37.7324" lon="-119.58155">
        <ele>2171.02</ele>
      </trkpt>
      <trkpt lat="37.73242" lon="-119.58151">
        <ele>2168.33</ele>
      </trkpt>
      <trkpt lat="37.73245" lon="-119.58148">
        <ele>2164.49</ele>
      </trkpt>
      <trkpt lat="37.73248" lon="-119.58145">
        <ele>2161.13</ele>
      </trkpt>
      <trkpt lat="37.73251" lon="-119.58142">
        <ele>2158.46</ele>
      </trkpt>
      <trkpt lat="37.73254" lon="-119.5814">
        <ele>2156.3</ele>
      </trkpt>
      <trkpt lat="37.73256" lon="-119.58136">
        <ele>2155.24</ele>
      </trkpt>
      <trkpt lat="37.73257" lon="-119.58133">
        <ele>2154.74</ele>
      </trkpt>
      <trkpt lat="37.73257" lon="-119.58129">
        <ele>2155.21</ele>
      </trkpt>
      <trkpt lat="37.73258" lon="-119.58124">
        <ele>2154.31</ele>
      </trkpt>
      <trkpt lat="37.73258" lon="-119.5812">
        <ele>2154.35</ele>
      </trkpt>
      <trkpt lat="37.73258" lon="-119.58116">
        <ele>2154.3</ele>
      </trkpt>
      <trkpt lat="37.73258" lon="-119.58112">
        <ele>2154.24</ele>
      </trkpt>
      <trkpt lat="37.73258" lon="-119.58109">
        <ele>2153.96</ele>
      </trkpt>
      <trkpt lat="37.73256" lon="-119.58105">
        <ele>2155.28</ele>
      </trkpt>
      <trkpt lat="37.73255" lon="-119.58102">
        <ele>2155.7</ele>
      </trkpt>
      <trkpt lat="37.73253" lon="-119.58097">
        <ele>2156.01</ele>
      </trkpt>
      <trkpt lat="37.73252" lon="-119.58092">
        <ele>2155.17</ele>
      </trkpt>
      <trkpt lat="37.73252" lon="-119.58088">
        <ele>2153.01</ele>
      </trkpt>
      <trkpt lat="37.7325" lon="-119.58084">
        <ele>2152.36</ele>
      </trkpt>
      <trkpt lat="37.7325" lon="-119.5808">
        <ele>2149.84</ele>
      </trkpt>
      <trkpt lat="37.73248" lon="-119.58077">
        <ele>2149.41</ele>
      </trkpt>
      <trkpt lat="37.73248" lon="-119.58073">
        <ele>2146.87</ele>
      </trkpt>
      <trkpt lat="37.73248" lon="-119.58068">
        <ele>2143.86</ele>
      </trkpt>
      <trkpt lat="37.73247" lon="-119.58064">
        <ele>2142.92</ele>
      </trkpt>
      <trkpt lat="37.73246" lon="-119.58059">
        <ele>2143.89</ele>
      </trkpt>
      <trkpt lat="37.73245" lon="-119.58056">
        <ele>2144.86</ele>
      </trkpt>
      <trkpt lat="37.73244" lon="-119.58051">
        <ele>2146.15</ele>
      </trkpt>
      <trkpt lat="37.73242" lon="-119.58047">
        <ele>2148.57</ele>
      </trkpt>
      <trkpt lat="37.7324" lon="-119.58045">
        <ele>2150.2</ele>
      </trkpt>
      <trkpt lat="37.73238" lon="-119.58042">
        <ele>2150.85</ele>
      </trkpt>
      <trkpt lat="37.73235" lon="-119.58039">
        <ele>2152.14</ele>
      </trkpt>
      <trkpt lat="37.73232" lon="-119.58035">
        <ele>2152.8</ele>
      </trkpt>
      <trkpt lat="37.73231" lon="-119.58033">
        <ele>2152.42</ele>
      </trkpt>
      <trkpt lat="37.73228" lon="-119.58031">
        <ele>2152.41</ele>
      </trkpt>
      <trkpt lat="37.73226" lon="-119.58028">
        <ele>2151.31</ele>
      </trkpt>
      <trkpt lat="37.73224" lon="-119.58025">
        <ele>2149.82</ele>
      </trkpt>
      <trkpt lat="37.73221" lon="-119.58021">
        <ele>2148.46</ele>
      </trkpt>
      <trkpt lat="37.73219" lon="-119.58018">
        <ele>2148.19</ele>
      </trkpt>
      <trkpt lat="37.73217" lon="-119.58014">
        <ele>2148.06</ele>
      </trkpt>
      <trkpt lat="37.73214" lon="-119.58011">
        <ele>2149.6</ele>
      </trkpt>
      <trkpt lat="37.73213" lon="-119.58007">
        <ele>2148.74</ele>
      </trkpt>
      <trkpt lat="37.73211" lon="-119.58005">
        <ele>2148.65</ele>
      </trkpt>
      <trkpt lat="37.73209" lon="-119.58001">
        <ele>2147.63</ele>
      </trkpt>
      <trkpt lat="37.73206" lon="-119.57999">
        <ele>2148.22</ele>
      </trkpt>
      <trkpt lat="37.73203" lon="-119.57997">
        <ele>2148.61</ele>
      </trkpt>
      <trkpt lat="37.732" lon="-119.57995">
        <ele>2148.5</ele>
      </trkpt>
      <trkpt lat="37.73198" lon="-119.57992">
        <ele>2147.53</ele>
      </trkpt>
      <trkpt lat="37.73197" lon="-119.57988">
        <ele>2145.69</ele>
      </trkpt>
      <trkpt lat="37.73195" lon="-119.57985">
        <ele>2144.72</ele>
      </trkpt>
      <trkpt lat="37.73192" lon="-119.57983">
        <ele>2143.86</ele>
      </trkpt>
      <trkpt lat="37.73189" lon="-119.5798">
        <ele>2141.97</ele>
      </trkpt>
      <trkpt lat="37.73187" lon="-119.57978">
        <ele>2140.67</ele>
      </trkpt>
      <trkpt lat="37.73183" lon="-119.57975">
        <ele>2139.53</ele>
      </trkpt>
      <trkpt lat="37.73181" lon="-119.57972">
        <ele>2138.69</ele>
      </trkpt>
      <trkpt lat="37.73177" lon="-119.5797">
        <ele>2139.52</ele>
      </trkpt>
      <trkpt lat="37.73175" lon="-119.57967">
        <ele>2139.4</ele>
      </trkpt>
      <trkpt lat="37.73172" lon="-119.57965">
        <ele>2140.75</ele>
      </trkpt>
      <trkpt lat="37.7317" lon="-119.57961">
        <ele>2140.71</ele>
      </trkpt>
      <trkpt lat="37.73168" lon="-119.57958">
        <ele>2140.93</ele>
      </trkpt>
      <trkpt lat="37.73165" lon="-119.57954">
        <ele>2141.56</ele>
      </trkpt>
      <trkpt lat="37.73163" lon="-119.5795">
        <ele>2141.17</ele>
      </trkpt>
      <trkpt lat="37.73161" lon="-119.57948">
        <ele>2141.82</ele>
      </trkpt>
      <trkpt lat="37.73159" lon="-119.57944">
        <ele>2141.35</ele>
      </trkpt>
      <trkpt lat="37.73158" lon="-119.5794">
        <ele>2139.67</ele>
      </trkpt>
      <trkpt lat="37.73156" lon="-119.57935">
        <ele>2137.97</ele>
      </trkpt>
      <trkpt lat="37.73155" lon="-119.57931">
        <ele>2136.68</ele>
      </trkpt>
      <trkpt lat="37.73153" lon="-119.57928">
        <ele>2136.82</ele>
      </trkpt>
      <trkpt lat="37.73151" lon="-119.57925">
        <ele>2137.34</ele>
      </trkpt>
      <trkpt lat="37.73148" lon="-119.57922">
        <ele>2139.27</ele>
      </trkpt>
      <trkpt lat="37.73146" lon="-119.57919">
        <ele>2140.3</ele>
      </trkpt>
      <trkpt lat="37.73144" lon="-119.57916">
        <ele>2141.51</ele>
      </trkpt>
      <trkpt lat="37.73141" lon="-119.57913">
        <ele>2143.78</ele>
      </trkpt>
      <trkpt lat="37.73138" lon="-119.57909">
        <ele>2145.75</ele>
      </trkpt>
      <trkpt lat="37.73136" lon="-119.57907">
        <ele>2146.8</ele>
      </trkpt>
      <trkpt lat="37.73133" lon="-119.57904">
        <ele>2148.31</ele>
      </trkpt>
      <trkpt lat="37.73129" lon="-119.57902">
        <ele>2150.68</ele>
      </trkpt>
      <trkpt lat="37.73127" lon="-119.57899">
        <ele>2151.0</ele>
      </trkpt>
      <trkpt lat="37.73125" lon="-119.57895">
        <ele>2150.65</ele>
      </trkpt>
      <trkpt lat="37.73123" lon="-119.57892">
        <ele>2150.63</ele>
      </trkpt>
      <trkpt lat="37.73121" lon="-119.57889">
        <ele>2150.75</ele>
      </trkpt>
      <trkpt lat="37.73119" lon="-119.57886">
        <ele>2150.55</ele>
      </trkpt>
      <trkpt lat="37.73117" lon="-119.57884">
        <ele>2150.7</ele>
      </trkpt>
      <trkpt lat="37.73113" lon="-119.57883">
        <ele>2151.99</ele>
      </trkpt>
      <trkpt lat="37.73111" lon="-119.57881">
        <ele>2152.33</ele>
      </trkpt>
      <trkpt lat="37.73108" lon="-119.5788">
        <ele>2153.1</ele>
      </trkpt>
      <trkpt lat="37.73105" lon="-119.57879">
        <ele>2153.8</ele>
      </trkpt>
      <trkpt lat="37.73102" lon="-119.57876">
        <ele>2153.78</ele>
      </trkpt>
      <trkpt lat="37.73099" lon="-119.57874">
        <ele>2154.22</ele>
      </trkpt>
      <trkpt lat="37.73097" lon="-119.5787">
        <ele>2153.43</ele>
      </trkpt>
      <trkpt lat="37.73094" lon="-119.57868">
        <ele>2153.56</ele>
      </trkpt>
      <trkpt lat="37.73092" lon="-119.57865">
        <ele>2152.94</ele>
      </trkpt>
      <trkpt lat="37.73089" lon="-119.57863">
        <ele>2153.37</ele>
      </trkpt>
      <trkpt lat="37.73086" lon="-119.57861">
        <ele>2153.8</ele>
      </trkpt>
      <trkpt lat="37.73083" lon="-119.57858">
        <ele>2153.76</ele>
      </trkpt>
      <trkpt lat="37.7308" lon="-119.57856">
        <ele>2153.87</ele>
      </trkpt>
      <trkpt lat="37.73077" lon="-119.57854">
        <ele>2153.98</ele>
      </trkpt>
      <trkpt lat="37.73074" lon="-119.57851">
        <ele>2153.65</ele>
      </trkpt>
      <trkpt lat="37.7307" lon="-119.57849">
        <ele>2153.65</ele>
      </trkpt>
      <trkpt lat="37.73067" lon="-119.57847">
        <ele>2153.43</ele>
      </trkpt>
      <trkpt lat="37.73065" lon="-119.57844">
        <ele>2152.57</ele>
      </trkpt>
      <trkpt lat="37.73063" lon="-119.5784">
        <ele>2151.24</ele>
      </trkpt>
      <trkpt lat="37.73062" lon="-119.57836">
        <ele>2149.57</ele>
      </trkpt>
      <trkpt lat="37.7306" lon="-119.57832">
        <ele>2148.51</ele>
      </trkpt>
      <trkpt lat="37.73059" lon="-119.57828">
        <ele>2147.36</ele>
      </trkpt>
      <trkpt lat="37.73058" lon="-119.57824">
        <ele>2146.4</ele>
      </trkpt>
      <trkpt lat="37.73058" lon="-119.57819">
        <ele>2145.18</ele>
      </trkpt>
      <trkpt lat="37.73057" lon="-119.57816">
        <ele>2145.18</ele>
      </trkpt>
      <trkpt lat="37.73056" lon="-119.57812">
        <ele>2145.04</ele>
      </trkpt>
      <trkpt lat="37.73054" lon="-119.57809">
        <ele>2145.86</ele>
      </trkpt>
      <trkpt lat="37.73051" lon="-119.57807">
        <ele>2147.68</ele>
      </trkpt>
      <trkpt lat="37.73048" lon="-119.57805">
        <ele>2149.54</ele>
      </trkpt>
      <trkpt lat="37.73045" lon="-119.57803">
        <ele>2150.73</ele>
      </trkpt>
      <trkpt lat="37.73042" lon="-119.57801">
        <ele>2151.38</ele>
      </trkpt>
      <trkpt lat="37.73039" lon="-119.578">
        <ele>2152.35</ele>
      </trkpt>
      <trkpt lat="37.73034" lon="-119.57797">
        <ele>2153.54</ele>
      </trkpt>
      <trkpt lat="37.73029" lon="-119.57791">
        <ele>2153.83</ele>
      </trkpt>
      <trkpt lat="37.73024" lon="-119.57787">
        <ele>2154.21</ele>
      </trkpt>
      <trkpt lat="37.73018" lon="-119.57785">
        <ele>2155.45</ele>
      </trkpt>
      <trkpt lat="37.73013" lon="-119.57782">
        <ele>2155.56</ele>
      </trkpt>
      <trkpt lat="37.73008" lon="-119.57776">
        <ele>2154.56</ele>
      </trkpt>
      <trkpt lat="37.73005" lon="-119.57769">
        <ele>2152.62</ele>
      </trkpt>
      <trkpt lat="37.73" lon="-119.57763">
        <ele>2151.21</ele>
      </trkpt>
      <trkpt lat="37.72997" lon="-119.57756">
        <ele>2148.71</ele>
      </trkpt>
      <trkpt lat="37.72996" lon="-119.57748">
        <ele>2145.66</ele>
      </trkpt>
      <trkpt lat="37.72993" lon="-119.57741">
        <ele>2143.6</ele>
      </trkpt>
      <trkpt lat="37.72989" lon="-119.57734">
        <ele>2142.52</ele>
      </trkpt>
      <trkpt lat="37.72983" lon="-119.57727">
        <ele>2142.81</ele>
      </trkpt>
      <trkpt lat="37.72978" lon="-119.57722">
        <ele>2143.82</ele>
      </trkpt>
      <trkpt lat="37.72974" lon="-119.57716">
        <ele>2144.15</ele>
      </trkpt>
      <trkpt lat="37.72971" lon="-119.57709">
        <ele>2143.24</ele>
      </trkpt>
      <trkpt lat="37.72968" lon="-119.57702">
        <ele>2142.27</ele>
      </trkpt>
      <trkpt lat="37.72964" lon="-119.57696">
        <ele>2142.06</ele>
      </trkpt>
      <trkpt lat="37.7296" lon="-119.57689">
        <ele>2142.56</ele>
      </trkpt>
      <trkpt lat="37.72957" lon="-119.57682">
        <ele>2143.68</ele>
      </trkpt>
      <trkpt lat="37.72954" lon="-119.57675">
        <ele>2145.81</ele>
      </trkpt>
      <trkpt lat="37.7295" lon="-119.57669">
        <ele>2147.2</ele>
      </trkpt>
      <trkpt lat="37.72947" lon="-119.57663">
        <ele>2148.06</ele>
      </trkpt>
      <trkpt lat="37.72945" lon="-119.57654">
        <ele>2148.37</ele>
      </trkpt>
      <trkpt lat="37.72942" lon="-119.57647">
        <ele>2148.31</ele>
      </trkpt>
      <trkpt lat="37.72937" lon="-119.57641">
        <ele>2148.68</ele>
      </trkpt>
      <trkpt lat="37.72933" lon="-119.57633">
        <ele>2148.35</ele>
      </trkpt>
      <trkpt lat="37.72929" lon="-119.57625">
        <ele>2148.17</ele>
      </trkpt>
      <trkpt lat="37.72926" lon="-119.57619">
        <ele>2147.99</ele>
      </trkpt>
      <trkpt lat="37.72924" lon="-119.57612">
        <ele>2148.44</ele>
      </trkpt>
      <trkpt lat="37.72921" lon="-119.57604">
        <ele>2149.83</ele>
      </trkpt>
      <trkpt lat="37.7292" lon="-119.57596">
        <ele>2150.51</ele>
      </trkpt>
      <trkpt lat="37.72917" lon="-119.57589">
        <ele>2151.35</ele>
      </trkpt>
      <trkpt lat="37.72912" lon="-119.57583">
        <ele>2152.54</ele>
      </trkpt>
      <trkpt lat="37.72908" lon="-119.57577">
        <ele>2153.62</ele>
      </trkpt>
      <trkpt lat="37.72905" lon="-119.57571">
        <ele>2154.51</ele>
      </trkpt>
      <trkpt lat="37.72903" lon="-119.57563">
        <ele>2155.2</ele>
      </trkpt>
      <trkpt lat="37.729" lon="-119.57557">
        <ele>2155.84</ele>
      </trkpt>
      <trkpt lat="37.72898" lon="-119.57549">
        <ele>2157.42</ele>
      </trkpt>
      <trkpt lat="37.72896" lon="-119.57541">
        <ele>2158.44</ele>
      </trkpt>
      <trkpt lat="37.72895" lon="-119.57531">
        <ele>2159.53</ele>
      </trkpt>
      <trkpt lat="37.72894" lon="-119.57523">
        <ele>2160.8</ele>
      </trkpt>
      <trkpt lat="37.72894" lon="-119.57516">
        <ele>2161.95</ele>
      </trkpt>
      <trkpt lat="37.72895" lon="-119.5751">
        <ele>2162.89</ele>
      </trkpt>
      <trkpt lat="37.72895" lon="-119.57506">
        <ele>2163.35</ele>
      </trkpt>
      <trkpt lat="37.72897" lon="-119.57502">
        <ele>2163.78</ele>
      </trkpt>
      <trkpt lat="37.72899" lon="-119.57499">
        <ele>2164.22</ele>
      </trkpt>
      <trkpt lat="37.72901" lon="-119.57496">
        <ele>2164.86</ele>
      </trkpt>
      <trkpt lat="37.72903" lon="-119.57493">
        <ele>2165.51</ele>
      </trkpt>
      <trkpt lat="37.72905" lon="-119.5749">
        <ele>2166.16</ele>
      </trkpt>
      <trkpt lat="37.72908" lon="-119.57486">
        <ele>2167.02</ele>
      </trkpt>
      <trkpt lat="37.72909" lon="-119.57483">
        <ele>2167.67</ele>
      </trkpt>
      <trkpt lat="37.72911" lon="-119.57478">
        <ele>2168.75</ele>
      </trkpt>
      <trkpt lat="37.72914" lon="-119.57475">
        <ele>2169.4</ele>
      </trkpt>
      <trkpt lat="37.72916" lon="-119.57473">
        <ele>2169.83</ele>
      </trkpt>
      <trkpt lat="37.72919" lon="-119.5747">
        <ele>2170.48</ele>
      </trkpt>
      <trkpt lat="37.72922" lon="-119.57468">
        <ele>2170.91</ele>
      </trkpt>
      <trkpt lat="37.72925" lon="-119.57467">
        <ele>2171.13</ele>
      </trkpt>
      <trkpt lat="37.72927" lon="-119.57464">
        <ele>2171.78</ele>
      </trkpt>
      <trkpt lat="37.7293" lon="-119.57462">
        <ele>2172.21</ele>
      </trkpt>
      <trkpt lat="37.72932" lon="-119.5746">
        <ele>2172.64</ele>
      </trkpt>
      <trkpt lat="37.72935" lon="-119.57459">
        <ele>2172.86</ele>
      </trkpt>
      <trkpt lat="37.72934" lon="-119.57455">
        <ele>2173.72</ele>
      </trkpt>
      <trkpt lat="37.72932" lon="-119.57452">
        <ele>2174.55</ele>
      </trkpt>
      <trkpt lat="37.7293" lon="-119.57449">
        <ele>2175.52</ele>
      </trkpt>
      <trkpt lat="37.72927" lon="-119.57446">
        <ele>2176.5</ele>
      </trkpt>
      <trkpt lat="37.72926" lon="-119.57442">
        <ele>2177.53</ele>
      </trkpt>
      <trkpt lat="37.72924" lon="-119.57438">
        <ele>2178.18</ele>
      </trkpt>
      <trkpt lat="37.72922" lon="-119.57435">
        <ele>2178.64</ele>
      </trkpt>
      <trkpt lat="37.72919" lon="-119.57434">
        <ele>2178.64</ele>
      </trkpt>
      <trkpt lat="37.72915" lon="-119.57432">
        <ele>2178.79</ele>
      </trkpt>
      <trkpt lat="37.72913" lon="-119.57429">
        <ele>2179.34</ele>
      </trkpt>
      <trkpt lat="37.72911" lon="-119.57425">
        <ele>2179.98</ele>
      </trkpt>
      <trkpt lat="37.72911" lon="-119.5742">
        <ele>2181.06</ele>
      </trkpt>
      <trkpt lat="37.7291" lon="-119.57417">
        <ele>2181.49</ele>
      </trkpt>
      <trkpt lat="37.7291" lon="-119.57413">
        <ele>2182.24</ele>
      </trkpt>
      <trkpt lat="37.72909" lon="-119.57409">
        <ele>2182.86</ele>
      </trkpt>
      <trkpt lat="37.72908" lon="-119.57404">
        <ele>2183.43</ele>
      </trkpt>
      <trkpt lat="37.72907" lon="-119.574">
        <ele>2183.75</ele>
      </trkpt>
      <trkpt lat="37.72905" lon="-119.57397">
        <ele>2183.96</ele>
      </trkpt>
      <trkpt lat="37.72902" lon="-119.57395">
        <ele>2183.9</ele>
      </trkpt>
      <trkpt lat="37.729" lon="-119.57393">
        <ele>2183.87</ele>
      </trkpt>
      <trkpt lat="37.72896" lon="-119.57391">
        <ele>2183.31</ele>
      </trkpt>
      <trkpt lat="37.72893" lon="-119.57388">
        <ele>2183.08</ele>
      </trkpt>
      <trkpt lat="37.7289" lon="-119.57385">
        <ele>2183.08</ele>
      </trkpt>
      <trkpt lat="37.72888" lon="-119.57382">
        <ele>2183.49</ele>
      </trkpt>
      <trkpt lat="37.72886" lon="-119.57379">
        <ele>2184.18</ele>
      </trkpt>
      <trkpt lat="37.72887" lon="-119.57382">
        <ele>2183.49</ele>
      </trkpt>
      <trkpt lat="37.7289" lon="-119.57383">
        <ele>2183.51</ele>
      </trkpt>
      <trkpt lat="37.72893" lon="-119.57384">
        <ele>2183.94</ele>
      </trkpt>
      <trkpt lat="37.72896" lon="-119.57385">
        <ele>2184.38</ele>
      </trkpt>
      <trkpt lat="37.72899" lon="-119.57386">
        <ele>2184.81</ele>
      </trkpt>
      <trkpt lat="37.72901" lon="-119.57388">
        <ele>2184.81</ele>
      </trkpt>
      <trkpt lat="37.72904" lon="-119.5739">
        <ele>2185.07</ele>
      </trkpt>
      <trkpt lat="37.72908" lon="-119.57389">
        <ele>2186.04</ele>
      </trkpt>
      <trkpt lat="37.7291" lon="-119.57388">
        <ele>2186.47</ele>
      </trkpt>
      <trkpt lat="37.72913" lon="-119.57389">
        <ele>2186.58</ele>
      </trkpt>
      <trkpt lat="37.72916" lon="-119.5739">
        <ele>2186.69</ele>
      </trkpt>
      <trkpt lat="37.72919" lon="-119.57391">
        <ele>2186.8</ele>
      </trkpt>
      <trkpt lat="37.72923" lon="-119.57391">
        <ele>2187.23</ele>
      </trkpt>
      <trkpt lat="37.72926" lon="-119.57388">
        <ele>2188.3</ele>
      </trkpt>
      <trkpt lat="37.72929" lon="-119.57387">
        <ele>2188.88</ele>
      </trkpt>
      <trkpt lat="37.72932" lon="-119.57386">
        <ele>2189.39</ele>
      </trkpt>
      <trkpt lat="37.72935" lon="-119.57385">
        <ele>2189.83</ele>
      </trkpt>
      <trkpt lat="37.72937" lon="-119.57382">
        <ele>2190.68</ele>
      </trkpt>
      <trkpt lat="37.7294" lon="-119.57381">
        <ele>2191.22</ele>
      </trkpt>
      <trkpt lat="37.72943" lon="-119.57382">
        <ele>2191.33</ele>
      </trkpt>
      <trkpt lat="37.72947" lon="-119.57383">
        <ele>2191.17</ele>
      </trkpt>
      <trkpt lat="37.72951" lon="-119.57383">
        <ele>2191.01</ele>
      </trkpt>
      <trkpt lat="37.72955" lon="-119.57383">
        <ele>2190.91</ele>
      </trkpt>
      <trkpt lat="37.72959" lon="-119.57382">
        <ele>2191.23</ele>
      </trkpt>
      <trkpt lat="37.72962" lon="-119.57381">
        <ele>2191.56</ele>
      </trkpt>
      <trkpt lat="37.72965" lon="-119.57378">
        <ele>2192.13</ele>
      </trkpt>
      <trkpt lat="37.72966" lon="-119.57375">
        <ele>2192.67</ele>
      </trkpt>
      <trkpt lat="37.72969" lon="-119.57374">
        <ele>2192.56</ele>
      </trkpt>
      <trkpt lat="37.72972" lon="-119.57371">
        <ele>2192.89</ele>
      </trkpt>
      <trkpt lat="37.72976" lon="-119.5737">
        <ele>2193.08</ele>
      </trkpt>
      <trkpt lat="37.72979" lon="-119.5737">
        <ele>2193.08</ele>
      </trkpt>
      <trkpt lat="37.72982" lon="-119.57371">
        <ele>2193.04</ele>
      </trkpt>
      <trkpt lat="37.72985" lon="-119.57372">
        <ele>2193.45</ele>
      </trkpt>
      <trkpt lat="37.72988" lon="-119.57373">
        <ele>2193.72</ele>
      </trkpt>
      <trkpt lat="37.72992" lon="-119.57372">
        <ele>2194.5</ele>
      </trkpt>
      <trkpt lat="37.72995" lon="-119.57371">
        <ele>2194.83</ele>
      </trkpt>
      <trkpt lat="37.73" lon="-119.57371">
        <ele>2194.86</ele>
      </trkpt>
      <trkpt lat="37.73003" lon="-119.57371">
        <ele>2195.19</ele>
      </trkpt>
      <trkpt lat="37.73007" lon="-119.57371">
        <ele>2195.62</ele>
      </trkpt>
      <trkpt lat="37.7301" lon="-119.57371">
        <ele>2195.86</ele>
      </trkpt>
      <trkpt lat="37.73014" lon="-119.57371">
        <ele>2195.86</ele>
      </trkpt>
      <trkpt lat="37.73017" lon="-119.57371">
        <ele>2195.86</ele>
      </trkpt>
      <trkpt lat="37.7302" lon="-119.57371">
        <ele>2195.73</ele>
      </trkpt>
      <trkpt lat="37.73023" lon="-119.57372">
        <ele>2195.33</ele>
      </trkpt>
      <trkpt lat="37.73026" lon="-119.57373">
        <ele>2195.08</ele>
      </trkpt>
      <trkpt lat="37.73029" lon="-119.57371">
        <ele>2194.5</ele>
      </trkpt>
      <trkpt lat="37.73032" lon="-119.57371">
        <ele>2193.27</ele>
      </trkpt>
      <trkpt lat="37.73035" lon="-119.5737">
        <ele>2191.67</ele>
      </trkpt>
      <trkpt lat="37.73039" lon="-119.57372">
        <ele>2187.66</ele>
      </trkpt>
      <trkpt lat="37.73041" lon="-119.57375">
        <ele>2186.08</ele>
      </trkpt>
      <trkpt lat="37.73044" lon="-119.57377">
        <ele>2183.49</ele>
      </trkpt>
      <trkpt lat="37.73048" lon="-119.57379">
        <ele>2177.62</ele>
      </trkpt>
      <trkpt lat="37.73051" lon="-119.5738">
        <ele>2170.03</ele>
      </trkpt>
      <trkpt lat="37.73054" lon="-119.57382">
        <ele>2166.27</ele>
      </trkpt>
      <trkpt lat="37.73057" lon="-119.57384">
        <ele>2162.4</ele>
      </trkpt>
      <trkpt lat="37.73059" lon="-119.57385">
        <ele>2157.77</ele>
      </trkpt>
      <trkpt lat="37.73062" lon="-119.57385">
        <ele>2146.04</ele>
      </trkpt>
      <trkpt lat="37.73064" lon="-119.57382">
        <ele>2126.2</ele>
      </trkpt>
      <trkpt lat="37.73064" lon="-119.57378">
        <ele>2110.35</ele>
      </trkpt>
      <trkpt lat="37.73063" lon="-119.57374">
        <ele>2100.05</ele>
      </trkpt>
      <trkpt lat="37.7306" lon="-119.57372">
        <ele>2109.07</ele>
      </trkpt>
      <trkpt lat="37.73057" lon="-119.57372">
        <ele>2125.61</ele>
      </trkpt>
      <trkpt lat="37.73056" lon="-119.57374">
        <ele>2136.85</ele>
      </trkpt>
      <trkpt lat="37.73057" lon="-119.57371">
        <ele>2122.62</ele>
      </trkpt>
      <trkpt lat="37.73058" lon="-119.57368">
        <ele>2115.8</ele>
      </trkpt>
      <trkpt lat="37.73059" lon="-119.57365">
        <ele>2110.39</ele>
      </trkpt>
      <trkpt lat="37.73058" lon="-119.5736">
        <ele>2123.2</ele>
      </trkpt>
      <trkpt lat="37.73057" lon="-119.57357">
        <ele>2142.16</ele>
      </trkpt>
      <trkpt lat="37.73058" lon="-119.57353">
        <ele>2155.34</ele>
      </trkpt>
      <trkpt lat="37.73059" lon="-119.57349">
        <ele>2166.84</ele>
      </trkpt>
      <trkpt lat="37.73059" lon="-119.57345">
        <ele>2179.82</ele>
      </trkpt>
      <trkpt lat="37.73059" lon="-119.57342">
        <ele>2185.54</ele>
      </trkpt>
      <trkpt lat="37.73058" lon="-119.57344">
        <ele>2183.61</ele>
      </trkpt>
      <trkpt lat="37.73055" lon="-119.57347">
        <ele>2178.98</ele>
      </trkpt>
      <trkpt lat="37.73052" lon="-119.5735">
        <ele>2176.3</ele>
      </trkpt>
      <trkpt lat="37.7305" lon="-119.57351">
        <ele>2177.14</ele>
      </trkpt>
      <trkpt lat="37.73047" lon="-119.57352">
        <ele>2179.79</ele>
      </trkpt>
      <trkpt lat="37.73044" lon="-119.57351">
        <ele>2182.91</ele>
      </trkpt>
      <trkpt lat="37.73041" lon="-119.57352">
        <ele>2183.21</ele>
      </trkpt>
      <trkpt lat="37.73038" lon="-119.57353">
        <ele>2184.43</ele>
      </trkpt>
      <trkpt lat="37.73036" lon="-119.57355">
        <ele>2185.71</ele>
      </trkpt>
      <trkpt lat="37.73034" lon="-119.57359">
        <ele>2187.22</ele>
      </trkpt>
      <trkpt lat="37.73032" lon="-119.5736">
        <ele>2188.74</ele>
      </trkpt>
      <trkpt lat="37.73029" lon="-119.5736">
        <ele>2190.97</ele>
      </trkpt>
      <trkpt lat="37.73026" lon="-119.5736">
        <ele>2192.46</ele>
      </trkpt>
      <trkpt lat="37.73022" lon="-119.57358">
        <ele>2193.54</ele>
      </trkpt>
      <trkpt lat="37.73019" lon="-119.57359">
        <ele>2194.62</ele>
      </trkpt>
      <trkpt lat="37.73017" lon="-119.57361">
        <ele>2195.15</ele>
      </trkpt>
      <trkpt lat="37.73014" lon="-119.57361">
        <ele>2195.48</ele>
      </trkpt>
      <trkpt lat="37.73011" lon="-119.5736">
        <ele>2195.79</ele>
      </trkpt>
      <trkpt lat="37.73008" lon="-119.57359">
        <ele>2196.03</ele>
      </trkpt>
      <trkpt lat="37.73004" lon="-119.57358">
        <ele>2196.19</ele>
      </trkpt>
      <trkpt lat="37.73001" lon="-119.57357">
        <ele>2196.4</ele>
      </trkpt>
      <trkpt lat="37.72997" lon="-119.57358">
        <ele>2196.34</ele>
      </trkpt>
      <trkpt lat="37.72995" lon="-119.57358">
        <ele>2196.34</ele>
      </trkpt>
      <trkpt lat="37.72991" lon="-119.57357">
        <ele>2196.44</ele>
      </trkpt>
      <trkpt lat="37.72988" lon="-119.57356">
        <ele>2196.42</ele>
      </trkpt>
      <trkpt lat="37.72984" lon="-119.57356">
        <ele>2196.23</ele>
      </trkpt>
      <trkpt lat="37.72981" lon="-119.57355">
        <ele>2196.32</ele>
      </trkpt>
      <trkpt lat="37.72977" lon="-119.57355">
        <ele>2196.32</ele>
      </trkpt>
      <trkpt lat="37.72975" lon="-119.57354">
        <ele>2196.54</ele>
      </trkpt>
      <trkpt lat="37.7297" lon="-119.57354">
        <ele>2196.59</ele>
      </trkpt>
      <trkpt lat="37.72966" lon="-119.57354">
        <ele>2196.69</ele>
      </trkpt>
      <trkpt lat="37.72963" lon="-119.57354">
        <ele>2196.77</ele>
      </trkpt>
      <trkpt lat="37.7296" lon="-119.57354">
        <ele>2197.01</ele>
      </trkpt>
      <trkpt lat="37.72957" lon="-119.57354">
        <ele>2197.26</ele>
      </trkpt>
      <trkpt lat="37.72954" lon="-119.57353">
        <ele>2197.72</ele>
      </trkpt>
      <trkpt lat="37.72951" lon="-119.57353">
        <ele>2197.75</ele>
      </trkpt>
      <trkpt lat="37.72947" lon="-119.57353">
        <ele>2197.75</ele>
      </trkpt>
      <trkpt lat="37.72944" lon="-119.57352">
        <ele>2197.92</ele>
      </trkpt>
      <trkpt lat="37.72942" lon="-119.57349">
        <ele>2198.21</ele>
      </trkpt>
      <trkpt lat="37.72939" lon="-119.57346">
        <ele>2198.79</ele>
      </trkpt>
      <trkpt lat="37.72938" lon="-119.57342">
        <ele>2199.95</ele>
      </trkpt>
      <trkpt lat="37.72936" lon="-119.57338">
        <ele>2201.9</ele>
      </trkpt>
      <trkpt lat="37.72936" lon="-119.57334">
        <ele>2203.62</ele>
      </trkpt>
      <trkpt lat="37.72936" lon="-119.5733">
        <ele>2204.96</ele>
      </trkpt>
      <trkpt lat="37.72938" lon="-119.57326">
        <ele>2205.83</ele>
      </trkpt>
      <trkpt lat="37.72939" lon="-119.57322">
        <ele>2205.9</ele>
      </trkpt>
      <trkpt lat="37.72939" lon="-119.57319">
        <ele>2205.5</ele>
      </trkpt>
      <trkpt lat="37.72937" lon="-119.57316">
        <ele>2206.1</ele>
      </trkpt>
      <trkpt lat="37.72937" lon="-119.57312">
        <ele>2204.56</ele>
      </trkpt>
      <trkpt lat="37.72934" lon="-119.57312">
        <ele>2205.77</ele>
      </trkpt>
      <trkpt lat="37.72931" lon="-119.57313">
        <ele>2207.01</ele>
      </trkpt>
      <trkpt lat="37.72928" lon="-119.57311">
        <ele>2206.81</ele>
      </trkpt>
      <trkpt lat="37.72926" lon="-119.57309">
        <ele>2206.47</ele>
      </trkpt>
      <trkpt lat="37.72923" lon="-119.57308">
        <ele>2206.29</ele>
      </trkpt>
      <trkpt lat="37.7292" lon="-119.57306">
        <ele>2205.8</ele>
      </trkpt>
      <trkpt lat="37.72919" lon="-119.57309">
        <ele>2206.96</ele>
      </trkpt>
      <trkpt lat="37.72916" lon="-119.57309">
        <ele>2207.16</ele>
      </trkpt>
      <trkpt lat="37.72913" lon="-119.57307">
        <ele>2206.8</ele>
      </trkpt>
      <trkpt lat="37.72916" lon="-119.57307">
        <ele>2206.53</ele>
      </trkpt>
      <trkpt lat="37.72919" lon="-119.57309">
        <ele>2206.96</ele>
      </trkpt>
      <trkpt lat="37.72918" lon="-119.57312">
        <ele>2208.04</ele>
      </trkpt>
      <trkpt lat="37.72915" lon="-119.57313">
        <ele>2208.45</ele>
      </trkpt>
      <trkpt lat="37.72914" lon="-119.57316">
        <ele>2208.84</ele>
      </trkpt>
      <trkpt lat="37.72911" lon="-119.57316">
        <ele>2208.79</ele>
      </trkpt>
      <trkpt lat="37.72908" lon="-119.57317">
        <ele>2208.54</ele>
      </trkpt>
      <trkpt lat="37.72905" lon="-119.57317">
        <ele>2207.75</ele>
      </trkpt>
      <trkpt lat="37.72901" lon="-119.57317">
        <ele>2206.45</ele>
      </trkpt>
      <trkpt lat="37.72899" lon="-119.57317">
        <ele>2205.8</ele>
      </trkpt>
      <trkpt lat="37.72894" lon="-119.57316">
        <ele>2204.34</ele>
      </trkpt>
      <trkpt lat="37.72892" lon="-119.57315">
        <ele>2203.95</ele>
      </trkpt>
      <trkpt lat="37.72888" lon="-119.57315">
        <ele>2202.65</ele>
      </trkpt>
      <trkpt lat="37.72889" lon="-119.57311">
        <ele>2202.21</ele>
      </trkpt>
      <trkpt lat="37.7289" lon="-119.57308">
        <ele>2201.89</ele>
      </trkpt>
      <trkpt lat="37.72892" lon="-119.57304">
        <ele>2201.39</ele>
      </trkpt>
      <trkpt lat="37.72893" lon="-119.573">
        <ele>2200.0</ele>
      </trkpt>
      <trkpt lat="37.72895" lon="-119.57297">
        <ele>2198.99</ele>
      </trkpt>
      <trkpt lat="37.72898" lon="-119.57294">
        <ele>2197.5</ele>
      </trkpt>
      <trkpt lat="37.729" lon="-119.57291">
        <ele>2195.65</ele>
      </trkpt>
      <trkpt lat="37.72898" lon="-119.57296">
        <ele>2198.79</ele>
      </trkpt>
      <trkpt lat="37.72897" lon="-119.57299">
        <ele>2200.26</ele>
      </trkpt>
      <trkpt lat="37.72894" lon="-119.57302">
        <ele>2201.08</ele>
      </trkpt>
      <trkpt lat="37.7289" lon="-119.57304">
        <ele>2200.82</ele>
      </trkpt>
      <trkpt lat="37.72888" lon="-119.57307">
        <ele>2201.11</ele>
      </trkpt>
      <trkpt lat="37.72888" lon="-119.57311">
        <ele>2201.93</ele>
      </trkpt>
      <trkpt lat="37.72887" lon="-119.57315">
        <ele>2202.33</ele>
      </trkpt>
      <trkpt lat="37.72885" lon="-119.57319">
        <ele>2200.57</ele>
      </trkpt>
      <trkpt lat="37.72881" lon="-119.57319">
        <ele>2199.47</ele>
      </trkpt>
      <trkpt lat="37.72877" lon="-119.57318">
        <ele>2199.13</ele>
      </trkpt>
      <trkpt lat="37.72874" lon="-119.57317">
        <ele>2199.06</ele>
      </trkpt>
      <trkpt lat="37.7287" lon="-119.57316">
        <ele>2198.83</ele>
      </trkpt>
      <trkpt lat="37.72867" lon="-119.57315">
        <ele>2198.62</ele>
      </trkpt>
      <trkpt lat="37.72864" lon="-119.57314">
        <ele>2198.31</ele>
      </trkpt>
      <trkpt lat="37.72861" lon="-119.57314">
        <ele>2198.0</ele>
      </trkpt>
      <trkpt lat="37.72858" lon="-119.57315">
        <ele>2197.98</ele>
      </trkpt>
      <trkpt lat="37.72854" lon="-119.57316">
        <ele>2197.87</ele>
      </trkpt>
      <trkpt lat="37.72852" lon="-119.57317">
        <ele>2197.76</ele>
      </trkpt>
      <trkpt lat="37.72849" lon="-119.57318">
        <ele>2197.15</ele>
      </trkpt>
      <trkpt lat="37.72847" lon="-119.5732">
        <ele>2196.69</ele>
      </trkpt>
      <trkpt lat="37.72845" lon="-119.57317">
        <ele>2196.46</ele>
      </trkpt>
      <trkpt lat="37.72847" lon="-119.57315">
        <ele>2196.94</ele>
      </trkpt>
      <trkpt lat="37.72849" lon="-119.57314">
        <ele>2197.32</ele>
      </trkpt>
      <trkpt lat="37.72848" lon="-119.57311">
        <ele>2196.93</ele>
      </trkpt>
      <trkpt lat="37.72845" lon="-119.57309">
        <ele>2196.36</ele>
      </trkpt>
      <trkpt lat="37.72842" lon="-119.57308">
        <ele>2195.89</ele>
      </trkpt>
      <trkpt lat="37.72839" lon="-119.57308">
        <ele>2195.33</ele>
      </trkpt>
      <trkpt lat="37.72836" lon="-119.57308">
        <ele>2194.76</ele>
      </trkpt>
      <trkpt lat="37.72834" lon="-119.57308">
        <ele>2194.39</ele>
      </trkpt>
      <trkpt lat="37.72831" lon="-119.57308">
        <ele>2194.08</ele>
      </trkpt>
      <trkpt lat="37.72827" lon="-119.57308">
        <ele>2193.76</ele>
      </trkpt>
      <trkpt lat="37.72825" lon="-119.5731">
        <ele>2194.01</ele>
      </trkpt>
      <trkpt lat="37.72827" lon="-119.57314">
        <ele>2194.85</ele>
      </trkpt>
      <trkpt lat="37.7283" lon="-119.57317">
        <ele>2195.0</ele>
      </trkpt>
      <trkpt lat="37.72833" lon="-119.57318">
        <ele>2195.0</ele>
      </trkpt>
      <trkpt lat="37.72835" lon="-119.57318">
        <ele>2195.18</ele>
      </trkpt>
      <trkpt lat="37.72839" lon="-119.57319">
        <ele>2195.61</ele>
      </trkpt>
      <trkpt lat="37.72841" lon="-119.5732">
        <ele>2195.83</ele>
      </trkpt>
      <trkpt lat="37.72845" lon="-119.5732">
        <ele>2196.37</ele>
      </trkpt>
      <trkpt lat="37.72849" lon="-119.5732">
        <ele>2197.0</ele>
      </trkpt>
      <trkpt lat="37.72852" lon="-119.5732">
        <ele>2197.44</ele>
      </trkpt>
      <trkpt lat="37.72856" lon="-119.5732">
        <ele>2197.44</ele>
      </trkpt>
      <trkpt lat="37.72859" lon="-119.5732">
        <ele>2197.44</ele>
      </trkpt>
      <trkpt lat="37.72862" lon="-119.5732">
        <ele>2197.54</ele>
      </trkpt>
      <trkpt lat="37.72865" lon="-119.57323">
        <ele>2197.54</ele>
      </trkpt>
      <trkpt lat="37.72868" lon="-119.57326">
        <ele>2197.38</ele>
      </trkpt>
      <trkpt lat="37.72868" lon="-119.57329">
        <ele>2196.82</ele>
      </trkpt>
      <trkpt lat="37.72869" lon="-119.57334">
        <ele>2195.86</ele>
      </trkpt>
      <trkpt lat="37.72871" lon="-119.57337">
        <ele>2195.21</ele>
      </trkpt>
      <trkpt lat="37.72872" lon="-119.57341">
        <ele>2194.34</ele>
      </trkpt>
      <trkpt lat="37.72872" lon="-119.57345">
        <ele>2193.48</ele>
      </trkpt>
      <trkpt lat="37.72873" lon="-119.57348">
        <ele>2192.83</ele>
      </trkpt>
      <trkpt lat="37.72876" lon="-119.57347">
        <ele>2193.05</ele>
      </trkpt>
      <trkpt lat="37.7288" lon="-119.57349">
        <ele>2192.63</ele>
      </trkpt>
      <trkpt lat="37.72883" lon="-119.57352">
        <ele>2191.96</ele>
      </trkpt>
      <trkpt lat="37.72884" lon="-119.57355">
        <ele>2191.14</ele>
      </trkpt>
      <trkpt lat="37.72885" lon="-119.57359">
        <ele>2190.13</ele>
      </trkpt>
      <trkpt lat="37.72882" lon="-119.5736">
        <ele>2189.59</ele>
      </trkpt>
      <trkpt lat="37.72882" lon="-119.57366">
        <ele>2187.67</ele>
      </trkpt>
      <trkpt lat="37.72882" lon="-119.57369">
        <ele>2186.7</ele>
      </trkpt>
      <trkpt lat="37.72883" lon="-119.57373">
        <ele>2185.69</ele>
      </trkpt>
      <trkpt lat="37.72884" lon="-119.57377">
        <ele>2184.7</ele>
      </trkpt>
      <trkpt lat="37.72886" lon="-119.5738">
        <ele>2183.92</ele>
      </trkpt>
      <trkpt lat="37.72887" lon="-119.57384">
        <ele>2183.06</ele>
      </trkpt>
      <trkpt lat="37.72889" lon="-119.57388">
        <ele>2182.22</ele>
      </trkpt>
      <trkpt lat="37.7289" lon="-119.57392">
        <ele>2181.9</ele>
      </trkpt>
      <trkpt lat="37.72892" lon="-119.57395">
        <ele>2182.01</ele>
      </trkpt>
      <trkpt lat="37.72894" lon="-119.57399">
        <ele>2181.96</ele>
      </trkpt>
      <trkpt lat="37.72896" lon="-119.57402">
        <ele>2181.8</ele>
      </trkpt>
      <trkpt lat="37.72898" lon="-119.57406">
        <ele>2181.29</ele>
      </trkpt>
      <trkpt lat="37.72899" lon="-119.57409">
        <ele>2181.0</ele>
      </trkpt>
      <trkpt lat="37.729" lon="-119.57414">
        <ele>2180.55</ele>
      </trkpt>
      <trkpt lat="37.72901" lon="-119.57418">
        <ele>2180.02</ele>
      </trkpt>
      <trkpt lat="37.72904" lon="-119.57421">
        <ele>2179.7</ele>
      </trkpt>
      <trkpt lat="37.72906" lon="-119.57425">
        <ele>2179.05</ele>
      </trkpt>
      <trkpt lat="37.72908" lon="-119.57428">
        <ele>2178.67</ele>
      </trkpt>
      <trkpt lat="37.72912" lon="-119.57432">
        <ele>2178.35</ele>
      </trkpt>
      <trkpt lat="37.72915" lon="-119.57435">
        <ele>2177.88</ele>
      </trkpt>
      <trkpt lat="37.72918" lon="-119.57439">
        <ele>2177.32</ele>
      </trkpt>
      <trkpt lat="37.7292" lon="-119.57443">
        <ele>2176.67</ele>
      </trkpt>
      <trkpt lat="37.72923" lon="-119.57447">
        <ele>2175.94</ele>
      </trkpt>
      <trkpt lat="37.72926" lon="-119.5745">
        <ele>2175.2</ele>
      </trkpt>
      <trkpt lat="37.72928" lon="-119.57453">
        <ele>2174.23</ele>
      </trkpt>
      <trkpt lat="37.72931" lon="-119.57455">
        <ele>2173.72</ele>
      </trkpt>
      <trkpt lat="37.72932" lon="-119.57459">
        <ele>2172.86</ele>
      </trkpt>
      <trkpt lat="37.72929" lon="-119.57462">
        <ele>2172.21</ele>
      </trkpt>
      <trkpt lat="37.72926" lon="-119.57462">
        <ele>2172.21</ele>
      </trkpt>
      <trkpt lat="37.72923" lon="-119.57463">
        <ele>2171.99</ele>
      </trkpt>
      <trkpt lat="37.72921" lon="-119.57467">
        <ele>2171.13</ele>
      </trkpt>
      <trkpt lat="37.72918" lon="-119.57469">
        <ele>2170.7</ele>
      </trkpt>
      <trkpt lat="37.72916" lon="-119.57471">
        <ele>2170.26</ele>
      </trkpt>
      <trkpt lat="37.72914" lon="-119.57475">
        <ele>2169.4</ele>
      </trkpt>
      <trkpt lat="37.72911" lon="-119.57479">
        <ele>2168.54</ele>
      </trkpt>
      <trkpt lat="37.72909" lon="-119.57481">
        <ele>2168.1</ele>
      </trkpt>
      <trkpt lat="37.72909" lon="-119.5749">
        <ele>2166.16</ele>
      </trkpt>
      <trkpt lat="37.72906" lon="-119.57498">
        <ele>2164.43</ele>
      </trkpt>
      <trkpt lat="37.72904" lon="-119.57505">
        <ele>2163.12</ele>
      </trkpt>
      <trkpt lat="37.72902" lon="-119.57513">
        <ele>2162.18</ele>
      </trkpt>
      <trkpt lat="37.72901" lon="-119.5752">
        <ele>2161.42</ele>
      </trkpt>
      <trkpt lat="37.729" lon="-119.57528">
        <ele>2159.98</ele>
      </trkpt>
      <trkpt lat="37.72898" lon="-119.57537">
        <ele>2158.99</ele>
      </trkpt>
      <trkpt lat="37.72897" lon="-119.57546">
        <ele>2158.03</ele>
      </trkpt>
      <trkpt lat="37.72896" lon="-119.57554">
        <ele>2156.53</ele>
      </trkpt>
      <trkpt lat="37.72898" lon="-119.57562">
        <ele>2155.32</ele>
      </trkpt>
      <trkpt lat="37.729" lon="-119.5757">
        <ele>2154.89</ele>
      </trkpt>
      <trkpt lat="37.72903" lon="-119.57577">
        <ele>2154.16</ele>
      </trkpt>
      <trkpt lat="37.72906" lon="-119.57584">
        <ele>2153.15</ele>
      </trkpt>
      <trkpt lat="37.72909" lon="-119.5759">
        <ele>2152.7</ele>
      </trkpt>
      <trkpt lat="37.72911" lon="-119.57597">
        <ele>2152.22</ele>
      </trkpt>
      <trkpt lat="37.72913" lon="-119.57604">
        <ele>2151.74</ele>
      </trkpt>
      <trkpt lat="37.72916" lon="-119.57611">
        <ele>2150.3</ele>
      </trkpt>
      <trkpt lat="37.72918" lon="-119.57618">
        <ele>2150.35</ele>
      </trkpt>
      <trkpt lat="37.72921" lon="-119.57625">
        <ele>2150.6</ele>
      </trkpt>
      <trkpt lat="37.72925" lon="-119.57634">
        <ele>2150.77</ele>
      </trkpt>
      <trkpt lat="37.72927" lon="-119.57641">
        <ele>2151.2</ele>
      </trkpt>
      <trkpt lat="37.72931" lon="-119.5765">
        <ele>2151.56</ele>
      </trkpt>
      <trkpt lat="37.72935" lon="-119.57656">
        <ele>2150.91</ele>
      </trkpt>
      <trkpt lat="37.72938" lon="-119.5766">
        <ele>2150.59</ele>
      </trkpt>
      <trkpt lat="37.72941" lon="-119.57663">
        <ele>2149.97</ele>
      </trkpt>
      <trkpt lat="37.72944" lon="-119.57667">
        <ele>2149.14</ele>
      </trkpt>
      <trkpt lat="37.72946" lon="-119.5767">
        <ele>2148.5</ele>
      </trkpt>
      <trkpt lat="37.72949" lon="-119.57677">
        <ele>2147.41</ele>
      </trkpt>
      <trkpt lat="37.72952" lon="-119.57685">
        <ele>2145.57</ele>
      </trkpt>
      <trkpt lat="37.72956" lon="-119.57691">
        <ele>2144.16</ele>
      </trkpt>
      <trkpt lat="37.72959" lon="-119.57697">
        <ele>2143.99</ele>
      </trkpt>
      <trkpt lat="37.72963" lon="-119.57704">
        <ele>2145.08</ele>
      </trkpt>
      <trkpt lat="37.72966" lon="-119.57712">
        <ele>2146.38</ele>
      </trkpt>
      <trkpt lat="37.72969" lon="-119.57718">
        <ele>2147.02</ele>
      </trkpt>
      <trkpt lat="37.72974" lon="-119.57723">
        <ele>2146.22</ele>
      </trkpt>
      <trkpt lat="37.72978" lon="-119.57728">
        <ele>2145.52</ele>
      </trkpt>
      <trkpt lat="37.72983" lon="-119.57733">
        <ele>2144.7</ele>
      </trkpt>
      <trkpt lat="37.72986" lon="-119.5774">
        <ele>2145.34</ele>
      </trkpt>
      <trkpt lat="37.72989" lon="-119.57748">
        <ele>2146.92</ele>
      </trkpt>
      <trkpt lat="37.72992" lon="-119.57755">
        <ele>2148.56</ele>
      </trkpt>
      <trkpt lat="37.72995" lon="-119.57763">
        <ele>2151.21</ele>
      </trkpt>
      <trkpt lat="37.73" lon="-119.57769">
        <ele>2153.16</ele>
      </trkpt>
      <trkpt lat="37.73006" lon="-119.57772">
        <ele>2153.48</ele>
      </trkpt>
      <trkpt lat="37.7301" lon="-119.57777">
        <ele>2154.59</ele>
      </trkpt>
      <trkpt lat="37.73015" lon="-119.57783">
        <ele>2155.45</ele>
      </trkpt>
      <trkpt lat="37.73019" lon="-119.57789">
        <ele>2156.48</ele>
      </trkpt>
      <trkpt lat="37.73024" lon="-119.57794">
        <ele>2156.48</ele>
      </trkpt>
      <trkpt lat="37.7303" lon="-119.57798">
        <ele>2155.59</ele>
      </trkpt>
      <trkpt lat="37.73035" lon="-119.57804">
        <ele>2155.38</ele>
      </trkpt>
      <trkpt lat="37.73039" lon="-119.5781">
        <ele>2155.01</ele>
      </trkpt>
      <trkpt lat="37.73043" lon="-119.57817">
        <ele>2154.49</ele>
      </trkpt>
      <trkpt lat="37.73047" lon="-119.57823">
        <ele>2154.13</ele>
      </trkpt>
      <trkpt lat="37.73052" lon="-119.5783">
        <ele>2152.36</ele>
      </trkpt>
      <trkpt lat="37.73055" lon="-119.57835">
        <ele>2152.07</ele>
      </trkpt>
      <trkpt lat="37.73058" lon="-119.57837">
        <ele>2151.63</ele>
      </trkpt>
      <trkpt lat="37.7306" lon="-119.5784">
        <ele>2152.31</ele>
      </trkpt>
      <trkpt lat="37.73062" lon="-119.57843">
        <ele>2153.06</ele>
      </trkpt>
      <trkpt lat="37.73065" lon="-119.57847">
        <ele>2153.86</ele>
      </trkpt>
      <trkpt lat="37.73067" lon="-119.57851">
        <ele>2155.16</ele>
      </trkpt>
      <trkpt lat="37.7307" lon="-119.57854">
        <ele>2155.81</ele>
      </trkpt>
      <trkpt lat="37.73072" lon="-119.57857">
        <ele>2156.67</ele>
      </trkpt>
      <trkpt lat="37.73074" lon="-119.57861">
        <ele>2157.97</ele>
      </trkpt>
      <trkpt lat="37.73077" lon="-119.57864">
        <ele>2158.3</ele>
      </trkpt>
      <trkpt lat="37.73078" lon="-119.57868">
        <ele>2159.7</ele>
      </trkpt>
      <trkpt lat="37.73081" lon="-119.5787">
        <ele>2159.6</ele>
      </trkpt>
      <trkpt lat="37.73083" lon="-119.57873">
        <ele>2159.97</ele>
      </trkpt>
      <trkpt lat="37.73087" lon="-119.57875">
        <ele>2159.11</ele>
      </trkpt>
      <trkpt lat="37.73089" lon="-119.57878">
        <ele>2159.53</ele>
      </trkpt>
      <trkpt lat="37.73093" lon="-119.57881">
        <ele>2159.27</ele>
      </trkpt>
      <trkpt lat="37.73095" lon="-119.57884">
        <ele>2159.38</ele>
      </trkpt>
      <trkpt lat="37.73097" lon="-119.57888">
        <ele>2159.81</ele>
      </trkpt>
      <trkpt lat="37.731" lon="-119.57891">
        <ele>2159.53</ele>
      </trkpt>
      <trkpt lat="37.73104" lon="-119.57894">
        <ele>2158.73</ele>
      </trkpt>
      <trkpt lat="37.73106" lon="-119.57897">
        <ele>2158.84</ele>
      </trkpt>
      <trkpt lat="37.73108" lon="-119.579">
        <ele>2158.94</ele>
      </trkpt>
      <trkpt lat="37.73111" lon="-119.57902">
        <ele>2158.3</ele>
      </trkpt>
      <trkpt lat="37.73115" lon="-119.57905">
        <ele>2157.54</ele>
      </trkpt>
      <trkpt lat="37.73118" lon="-119.57908">
        <ele>2157.17</ele>
      </trkpt>
      <trkpt lat="37.7312" lon="-119.57913">
        <ele>2157.39</ele>
      </trkpt>
      <trkpt lat="37.73123" lon="-119.57919">
        <ele>2156.73</ele>
      </trkpt>
      <trkpt lat="37.73127" lon="-119.57926">
        <ele>2154.99</ele>
      </trkpt>
      <trkpt lat="37.73132" lon="-119.57932">
        <ele>2152.29</ele>
      </trkpt>
      <trkpt lat="37.73137" lon="-119.57937">
        <ele>2150.76</ele>
      </trkpt>
      <trkpt lat="37.7314" lon="-119.57943">
        <ele>2151.88</ele>
      </trkpt>
      <trkpt lat="37.73144" lon="-119.57949">
        <ele>2152.98</ele>
      </trkpt>
      <trkpt lat="37.73148" lon="-119.57955">
        <ele>2153.64</ele>
      </trkpt>
      <trkpt lat="37.73153" lon="-119.57961">
        <ele>2153.12</ele>
      </trkpt>
      <trkpt lat="37.73156" lon="-119.57967">
        <ele>2153.29</ele>
      </trkpt>
      <trkpt lat="37.7316" lon="-119.57973">
        <ele>2152.35</ele>
      </trkpt>
      <trkpt lat="37.73165" lon="-119.57979">
        <ele>2150.59</ele>
      </trkpt>
      <trkpt lat="37.7317" lon="-119.57983">
        <ele>2148.61</ele>
      </trkpt>
      <trkpt lat="37.73175" lon="-119.57989">
        <ele>2149.31</ele>
      </trkpt>
      <trkpt lat="37.73181" lon="-119.57993">
        <ele>2150.89</ele>
      </trkpt>
      <trkpt lat="37.73185" lon="-119.58">
        <ele>2154.06</ele>
      </trkpt>
      <trkpt lat="37.73189" lon="-119.58006">
        <ele>2156.94</ele>
      </trkpt>
      <trkpt lat="37.73194" lon="-119.5801">
        <ele>2157.63</ele>
      </trkpt>
      <trkpt lat="37.73198" lon="-119.58012">
        <ele>2157.51</ele>
      </trkpt>
      <trkpt lat="37.73201" lon="-119.58015">
        <ele>2158.16</ele>
      </trkpt>
      <trkpt lat="37.73204" lon="-119.58018">
        <ele>2158.53</ele>
      </trkpt>
      <trkpt lat="37.73207" lon="-119.58021">
        <ele>2157.94</ele>
      </trkpt>
      <trkpt lat="37.73209" lon="-119.58024">
        <ele>2157.94</ele>
      </trkpt>
      <trkpt lat="37.73211" lon="-119.58027">
        <ele>2157.94</ele>
      </trkpt>
      <trkpt lat="37.73213" lon="-119.5803">
        <ele>2157.94</ele>
      </trkpt>
      <trkpt lat="37.73216" lon="-119.58033">
        <ele>2157.99</ele>
      </trkpt>
      <trkpt lat="37.73218" lon="-119.58035">
        <ele>2158.25</ele>
      </trkpt>
      <trkpt lat="37.73222" lon="-119.58038">
        <ele>2158.49</ele>
      </trkpt>
      <trkpt lat="37.73225" lon="-119.5804">
        <ele>2157.89</ele>
      </trkpt>
      <trkpt lat="37.73228" lon="-119.58042">
        <ele>2156.98</ele>
      </trkpt>
      <trkpt lat="37.73231" lon="-119.58044">
        <ele>2155.79</ele>
      </trkpt>
      <trkpt lat="37.73234" lon="-119.58047">
        <ele>2154.35</ele>
      </trkpt>
      <trkpt lat="37.73236" lon="-119.58049">
        <ele>2152.93</ele>
      </trkpt>
      <trkpt lat="37.73239" lon="-119.58053">
        <ele>2150.54</ele>
      </trkpt>
      <trkpt lat="37.73239" lon="-119.58057">
        <ele>2150.35</ele>
      </trkpt>
      <trkpt lat="37.73238" lon="-119.58061">
        <ele>2151.25</ele>
      </trkpt>
      <trkpt lat="37.73237" lon="-119.58066">
        <ele>2152.69</ele>
      </trkpt>
      <trkpt lat="37.73237" lon="-119.5807">
        <ele>2154.25</ele>
      </trkpt>
      <trkpt lat="37.73238" lon="-119.58075">
        <ele>2155.67</ele>
      </trkpt>
      <trkpt lat="37.7324" lon="-119.5808">
        <ele>2157.4</ele>
      </trkpt>
      <trkpt lat="37.73242" lon="-119.58085">
        <ele>2158.95</ele>
      </trkpt>
      <trkpt lat="37.73242" lon="-119.58089">
        <ele>2161.11</ele>
      </trkpt>
      <trkpt lat="37.73244" lon="-119.58093">
        <ele>2161.7</ele>
      </trkpt>
      <trkpt lat="37.73246" lon="-119.58096">
        <ele>2161.29</ele>
      </trkpt>
      <trkpt lat="37.73248" lon="-119.58099">
        <ele>2160.74</ele>
      </trkpt>
      <trkpt lat="37.73248" lon="-119.58103">
        <ele>2161.98</ele>
      </trkpt>
      <trkpt lat="37.7325" lon="-119.58106">
        <ele>2160.9</ele>
      </trkpt>
      <trkpt lat="37.73251" lon="-119.5811">
        <ele>2160.8</ele>
      </trkpt>
      <trkpt lat="37.73252" lon="-119.58114">
        <ele>2160.3</ele>
      </trkpt>
      <trkpt lat="37.73253" lon="-119.58117">
        <ele>2159.51</ele>
      </trkpt>
      <trkpt lat="37.73253" lon="-119.58122">
        <ele>2159.64</ele>
      </trkpt>
      <trkpt lat="37.73254" lon="-119.58126">
        <ele>2158.33</ele>
      </trkpt>
      <trkpt lat="37.73255" lon="-119.5813">
        <ele>2157.08</ele>
      </trkpt>
      <trkpt lat="37.73255" lon="-119.58134">
        <ele>2156.45</ele>
      </trkpt>
      <trkpt lat="37.73251" lon="-119.58137">
        <ele>2159.52</ele>
      </trkpt>
      <trkpt lat="37.73248" lon="-119.58139">
        <ele>2162.14</ele>
      </trkpt>
      <trkpt lat="37.73245" lon="-119.58142">
        <ele>2165.09</ele>
      </trkpt>
      <trkpt lat="37.73243" lon="-119.58146">
        <ele>2167.19</ele>
      </trkpt>
      <trkpt lat="37.73241" lon="-119.58149">
        <ele>2169.66</ele>
      </trkpt>
      <trkpt lat="37.73239" lon="-119.58152">
        <ele>2172.33</ele>
      </trkpt>
      <trkpt lat="37.73238" lon="-119.58156">
        <ele>2173.8</ele>
      </trkpt>
      <trkpt lat="37.73237" lon="-119.5816">
        <ele>2175.09</ele>
      </trkpt>
      <trkpt lat="37.73237" lon="-119.58164">
        <ele>2174.83</ele>
      </trkpt>
      <trkpt lat="37.73236" lon="-119.58168">
        <ele>2176.24</ele>
      </trkpt>
      <trkpt lat="37.73237" lon="-119.58171">
        <ele>2174.85</ele>
      </trkpt>
      <trkpt lat="37.73238" lon="-119.58175">
        <ele>2173.41</ele>
      </trkpt>
      <trkpt lat="37.73239" lon="-119.58179">
        <ele>2171.49</ele>
      </trkpt>
      <trkpt lat="37.7324" lon="-119.58182">
        <ele>2169.54</ele>
      </trkpt>
      <trkpt lat="37.73241" lon="-119.58186">
        <ele>2167.4</ele>
      </trkpt>
      <trkpt lat="37.73242" lon="-119.58191">
        <ele>2164.7</ele>
      </trkpt>
      <trkpt lat="37.7324" lon="-119.58196">
        <ele>2166.46</ele>
      </trkpt>
      <trkpt lat="37.73238" lon="-119.582">
        <ele>2167.92</ele>
      </trkpt>
      <trkpt lat="37.73236" lon="-119.58203">
        <ele>2169.95</ele>
      </trkpt>
      <trkpt lat="37.73234" lon="-119.58206">
        <ele>2171.81</ele>
      </trkpt>
      <trkpt lat="37.73233" lon="-119.5821">
        <ele>2171.36</ele>
      </trkpt>
      <trkpt lat="37.73232" lon="-119.58213">
        <ele>2171.25</ele>
      </trkpt>
      <trkpt lat="37.73231" lon="-119.58217">
        <ele>2170.55</ele>
      </trkpt>
      <trkpt lat="37.73231" lon="-119.58221">
        <ele>2168.39</ele>
      </trkpt>
      <trkpt lat="37.73229" lon="-119.58225">
        <ele>2169.25</ele>
      </trkpt>
      <trkpt lat="37.73227" lon="-119.58228">
        <ele>2170.66</ele>
      </trkpt>
      <trkpt lat="37.73225" lon="-119.58231">
        <ele>2172.06</ele>
      </trkpt>
      <trkpt lat="37.73222" lon="-119.58234">
        <ele>2174.41</ele>
      </trkpt>
      <trkpt lat="37.73219" lon="-119.58236">
        <ele>2177.11</ele>
      </trkpt>
      <trkpt lat="37.73217" lon="-119.58239">
        <ele>2177.65</ele>
      </trkpt>
      <trkpt lat="37.73214" lon="-119.58241">
        <ele>2180.35</ele>
      </trkpt>
      <trkpt lat="37.73212" lon="-119.58243">
        <ele>2181.28</ele>
      </trkpt>
      <trkpt lat="37.73209" lon="-119.58247">
        <ele>2180.97</ele>
      </trkpt>
      <trkpt lat="37.73205" lon="-119.58254">
        <ele>2177.44</ele>
      </trkpt>
      <trkpt lat="37.73203" lon="-119.58261">
        <ele>2172.36</ele>
      </trkpt>
      <trkpt lat="37.73202" lon="-119.58268">
        <ele>2167.82</ele>
      </trkpt>
      <trkpt lat="37.732" lon="-119.58276">
        <ele>2166.16</ele>
      </trkpt>
      <trkpt lat="37.73199" lon="-119.58284">
        <ele>2163.23</ele>
      </trkpt>
      <trkpt lat="37.73201" lon="-119.58293">
        <ele>2156.26</ele>
      </trkpt>
      <trkpt lat="37.73203" lon="-119.583">
        <ele>2151.82</ele>
      </trkpt>
      <trkpt lat="37.73204" lon="-119.58307">
        <ele>2149.72</ele>
      </trkpt>
      <trkpt lat="37.73207" lon="-119.58315">
        <ele>2147.59</ele>
      </trkpt>
      <trkpt lat="37.73208" lon="-119.5832">
        <ele>2148.99</ele>
      </trkpt>
      <trkpt lat="37.7321" lon="-119.58323">
        <ele>2148.78</ele>
      </trkpt>
      <trkpt lat="37.73211" lon="-119.58326">
        <ele>2149.11</ele>
      </trkpt>
      <trkpt lat="37.73214" lon="-119.5833">
        <ele>2148.1</ele>
      </trkpt>
      <trkpt lat="37.73217" lon="-119.58334">
        <ele>2147.06</ele>
      </trkpt>
      <trkpt lat="37.7322" lon="-119.58338">
        <ele>2145.3</ele>
      </trkpt>
      <trkpt lat="37.73222" lon="-119.58341">
        <ele>2144.02</ele>
      </trkpt>
      <trkpt lat="37.73222" lon="-119.58346">
        <ele>2144.92</ele>
      </trkpt>
      <trkpt lat="37.73221" lon="-119.58349">
        <ele>2146.35</ele>
      </trkpt>
      <trkpt lat="37.7322" lon="-119.58353">
        <ele>2147.8</ele>
      </trkpt>
      <trkpt lat="37.73221" lon="-119.58359">
        <ele>2147.7</ele>
      </trkpt>
      <trkpt lat="37.73221" lon="-119.58364">
        <ele>2148.24</ele>
      </trkpt>
      <trkpt lat="37.73221" lon="-119.58369">
        <ele>2148.78</ele>
      </trkpt>
      <trkpt lat="37.73221" lon="-119.58373">
        <ele>2149.21</ele>
      </trkpt>
      <trkpt lat="37.73222" lon="-119.58376">
        <ele>2148.78</ele>
      </trkpt>
      <trkpt lat="37.73223" lon="-119.58382">
        <ele>2148.29</ele>
      </trkpt>
      <trkpt lat="37.73226" lon="-119.58386">
        <ele>2145.89</ele>
      </trkpt>
      <trkpt lat="37.73228" lon="-119.58395">
        <ele>2143.72</ele>
      </trkpt>
      <trkpt lat="37.7323" lon="-119.584">
        <ele>2141.36</ele>
      </trkpt>
      <trkpt lat="37.73232" lon="-119.58405">
        <ele>2138.49</ele>
      </trkpt>
      <trkpt lat="37.73234" lon="-119.58409">
        <ele>2135.95</ele>
      </trkpt>
      <trkpt lat="37.73235" lon="-119.58414">
        <ele>2133.25</ele>
      </trkpt>
      <trkpt lat="37.73237" lon="-119.58418">
        <ele>2130.39</ele>
      </trkpt>
      <trkpt lat="37.73235" lon="-119.58421">
        <ele>2129.94</ele>
      </trkpt>
      <trkpt lat="37.73232" lon="-119.58422">
        <ele>2130.87</ele>
      </trkpt>
      <trkpt lat="37.73229" lon="-119.58424">
        <ele>2130.9</ele>
      </trkpt>
      <trkpt lat="37.73226" lon="-119.58426">
        <ele>2130.73</ele>
      </trkpt>
      <trkpt lat="37.73223" lon="-119.58428">
        <ele>2130.42</ele>
      </trkpt>
      <trkpt lat="37.7322" lon="-119.58429">
        <ele>2130.41</ele>
      </trkpt>
      <trkpt lat="37.73217" lon="-119.58431">
        <ele>2129.53</ele>
      </trkpt>
      <trkpt lat="37.73217" lon="-119.58434">
        <ele>2127.4</ele>
      </trkpt>
      <trkpt lat="37.7322" lon="-119.58436">
        <ele>2125.69</ele>
      </trkpt>
      <trkpt lat="37.73224" lon="-119.58437">
        <ele>2124.48</ele>
      </trkpt>
      <trkpt lat="37.73227" lon="-119.58439">
        <ele>2122.71</ele>
      </trkpt>
      <trkpt lat="37.7323" lon="-119.5844">
        <ele>2121.64</ele>
      </trkpt>
      <trkpt lat="37.73233" lon="-119.5844">
        <ele>2120.99</ele>
      </trkpt>
      <trkpt lat="37.73236" lon="-119.58439">
        <ele>2120.68</ele>
      </trkpt>
      <trkpt lat="37.73239" lon="-119.58436">
        <ele>2121.2</ele>
      </trkpt>
      <trkpt lat="37.73242" lon="-119.58434">
        <ele>2120.97</ele>
      </trkpt>
      <trkpt lat="37.73245" lon="-119.58431">
        <ele>2120.97</ele>
      </trkpt>
      <trkpt lat="37.73247" lon="-119.58427">
        <ele>2121.83</ele>
      </trkpt>
      <trkpt lat="37.73249" lon="-119.58425">
        <ele>2121.83</ele>
      </trkpt>
      <trkpt lat="37.73249" lon="-119.58429">
        <ele>2120.1</ele>
      </trkpt>
      <trkpt lat="37.73249" lon="-119.58432">
        <ele>2118.81</ele>
      </trkpt>
      <trkpt lat="37.73248" lon="-119.58436">
        <ele>2117.51</ele>
      </trkpt>
      <trkpt lat="37.73247" lon="-119.5844">
        <ele>2116.22</ele>
      </trkpt>
      <trkpt lat="37.73244" lon="-119.58444">
        <ele>2115.78</ele>
      </trkpt>
      <trkpt lat="37.73242" lon="-119.58448">
        <ele>2114.97</ele>
      </trkpt>
      <trkpt lat="37.73239" lon="-119.58451">
        <ele>2114.54</ele>
      </trkpt>
      <trkpt lat="37.73238" lon="-119.58454">
        <ele>2113.46</ele>
      </trkpt>
      <trkpt lat="37.7324" lon="-119.58456">
        <ele>2112.17</ele>
      </trkpt>
      <trkpt lat="37.73244" lon="-119.58456">
        <ele>2110.86</ele>
      </trkpt>
      <trkpt lat="37.73247" lon="-119.58454">
        <ele>2110.82</ele>
      </trkpt>
      <trkpt lat="37.73249" lon="-119.58453">
        <ele>2110.56</ele>
      </trkpt>
      <trkpt lat="37.73253" lon="-119.58451">
        <ele>2109.35</ele>
      </trkpt>
      <trkpt lat="37.73256" lon="-119.58449">
        <ele>2108.61</ele>
      </trkpt>
      <trkpt lat="37.73258" lon="-119.58447">
        <ele>2108.48</ele>
      </trkpt>
      <trkpt lat="37.73261" lon="-119.58445">
        <ele>2108.01</ele>
      </trkpt>
      <trkpt lat="37.73263" lon="-119.58442">
        <ele>2108.33</ele>
      </trkpt>
      <trkpt lat="37.73264" lon="-119.58438">
        <ele>2109.38</ele>
      </trkpt>
      <trkpt lat="37.73265" lon="-119.58434">
        <ele>2110.36</ele>
      </trkpt>
      <trkpt lat="37.73268" lon="-119.58432">
        <ele>2109.64</ele>
      </trkpt>
      <trkpt lat="37.73271" lon="-119.58434">
        <ele>2107.41</ele>
      </trkpt>
      <trkpt lat="37.73272" lon="-119.58437">
        <ele>2105.91</ele>
      </trkpt>
      <trkpt lat="37.73272" lon="-119.5844">
        <ele>2104.94</ele>
      </trkpt>
      <trkpt lat="37.7327" lon="-119.58444">
        <ele>2104.5</ele>
      </trkpt>
      <trkpt lat="37.7327" lon="-119.58448">
        <ele>2102.76</ele>
      </trkpt>
      <trkpt lat="37.73269" lon="-119.58452">
        <ele>2101.49</ele>
      </trkpt>
      <trkpt lat="37.73267" lon="-119.58455">
        <ele>2100.98</ele>
      </trkpt>
      <trkpt lat="37.73266" lon="-119.58459">
        <ele>2099.38</ele>
      </trkpt>
      <trkpt lat="37.73264" lon="-119.58462">
        <ele>2098.91</ele>
      </trkpt>
      <trkpt lat="37.73262" lon="-119.58465">
        <ele>2098.49</ele>
      </trkpt>
      <trkpt lat="37.7326" lon="-119.58468">
        <ele>2097.92</ele>
      </trkpt>
      <trkpt lat="37.73258" lon="-119.58471">
        <ele>2097.2</ele>
      </trkpt>
      <trkpt lat="37.73257" lon="-119.58474">
        <ele>2096.02</ele>
      </trkpt>
      <trkpt lat="37.73255" lon="-119.58477">
        <ele>2095.26</ele>
      </trkpt>
      <trkpt lat="37.73253" lon="-119.5848">
        <ele>2094.5</ele>
      </trkpt>
      <trkpt lat="37.73253" lon="-119.58484">
        <ele>2092.34</ele>
      </trkpt>
      <trkpt lat="37.73252" lon="-119.58487">
        <ele>2091.16</ele>
      </trkpt>
      <trkpt lat="37.73255" lon="-119.58485">
        <ele>2090.94</ele>
      </trkpt>
      <trkpt lat="37.73257" lon="-119.58482">
        <ele>2091.7</ele>
      </trkpt>
      <trkpt lat="37.73259" lon="-119.5848">
        <ele>2091.91</ele>
      </trkpt>
      <trkpt lat="37.73262" lon="-119.58478">
        <ele>2091.51</ele>
      </trkpt>
      <trkpt lat="37.73265" lon="-119.58476">
        <ele>2091.23</ele>
      </trkpt>
      <trkpt lat="37.73268" lon="-119.58475">
        <ele>2090.44</ele>
      </trkpt>
      <trkpt lat="37.73271" lon="-119.58473">
        <ele>2089.89</ele>
      </trkpt>
      <trkpt lat="37.73274" lon="-119.5847">
        <ele>2089.69</ele>
      </trkpt>
      <trkpt lat="37.73276" lon="-119.58466">
        <ele>2090.93</ele>
      </trkpt>
      <trkpt lat="37.73277" lon="-119.58463">
        <ele>2092.31</ele>
      </trkpt>
      <trkpt lat="37.73279" lon="-119.58459">
        <ele>2092.9</ele>
      </trkpt>
      <trkpt lat="37.73281" lon="-119.58456">
        <ele>2093.1</ele>
      </trkpt>
      <trkpt lat="37.73284" lon="-119.58453">
        <ele>2093.02</ele>
      </trkpt>
      <trkpt lat="37.73287" lon="-119.5845">
        <ele>2093.02</ele>
      </trkpt>
      <trkpt lat="37.7329" lon="-119.58448">
        <ele>2092.04</ele>
      </trkpt>
      <trkpt lat="37.73293" lon="-119.58445">
        <ele>2091.8</ele>
      </trkpt>
      <trkpt lat="37.73296" lon="-119.58442">
        <ele>2091.25</ele>
      </trkpt>
      <trkpt lat="37.73298" lon="-119.58439">
        <ele>2091.28</ele>
      </trkpt>
      <trkpt lat="37.73301" lon="-119.58435">
        <ele>2091.54</ele>
      </trkpt>
      <trkpt lat="37.73305" lon="-119.58434">
        <ele>2089.81</ele>
      </trkpt>
      <trkpt lat="37.73308" lon="-119.58432">
        <ele>2088.62</ele>
      </trkpt>
      <trkpt lat="37.73312" lon="-119.5843">
        <ele>2086.76</ele>
      </trkpt>
      <trkpt lat="37.73316" lon="-119.58427">
        <ele>2085.52</ele>
      </trkpt>
      <trkpt lat="37.73319" lon="-119.58425">
        <ele>2084.23</ele>
      </trkpt>
      <trkpt lat="37.73323" lon="-119.58424">
        <ele>2081.8</ele>
      </trkpt>
      <trkpt lat="37.73325" lon="-119.58422">
        <ele>2081.48</ele>
      </trkpt>
      <trkpt lat="37.73329" lon="-119.5842">
        <ele>2079.67</ele>
      </trkpt>
      <trkpt lat="37.73332" lon="-119.58418">
        <ele>2078.41</ele>
      </trkpt>
      <trkpt lat="37.73334" lon="-119.58416">
        <ele>2077.85</ele>
      </trkpt>
      <trkpt lat="37.73336" lon="-119.58414">
        <ele>2077.34</ele>
      </trkpt>
      <trkpt lat="37.73339" lon="-119.58413">
        <ele>2075.89</ele>
      </trkpt>
      <trkpt lat="37.73342" lon="-119.58413">
        <ele>2074.14</ele>
      </trkpt>
      <trkpt lat="37.73346" lon="-119.58413">
        <ele>2071.81</ele>
      </trkpt>
      <trkpt lat="37.73348" lon="-119.58411">
        <ele>2070.95</ele>
      </trkpt>
      <trkpt lat="37.73351" lon="-119.58409">
        <ele>2069.36</ele>
      </trkpt>
      <trkpt lat="37.73353" lon="-119.58409">
        <ele>2068.33</ele>
      </trkpt>
      <trkpt lat="37.73351" lon="-119.58411">
        <ele>2069.13</ele>
      </trkpt>
      <trkpt lat="37.73348" lon="-119.58412">
        <ele>2070.79</ele>
      </trkpt>
      <trkpt lat="37.73347" lon="-119.58416">
        <ele>2070.73</ele>
      </trkpt>
      <trkpt lat="37.73345" lon="-119.58419">
        <ele>2070.94</ele>
      </trkpt>
      <trkpt lat="37.73343" lon="-119.58423">
        <ele>2070.73</ele>
      </trkpt>
      <trkpt lat="37.7334" lon="-119.58426">
        <ele>2071.1</ele>
      </trkpt>
      <trkpt lat="37.73338" lon="-119.58429">
        <ele>2070.99</ele>
      </trkpt>
      <trkpt lat="37.73336" lon="-119.58432">
        <ele>2070.88</ele>
      </trkpt>
      <trkpt lat="37.73333" lon="-119.58435">
        <ele>2071.21</ele>
      </trkpt>
      <trkpt lat="37.73331" lon="-119.58438">
        <ele>2071.02</ele>
      </trkpt>
      <trkpt lat="37.73329" lon="-119.58441">
        <ele>2070.69</ele>
      </trkpt>
      <trkpt lat="37.73327" lon="-119.58444">
        <ele>2070.23</ele>
      </trkpt>
      <trkpt lat="37.73326" lon="-119.58448">
        <ele>2069.22</ele>
      </trkpt>
      <trkpt lat="37.73325" lon="-119.58452">
        <ele>2068.25</ele>
      </trkpt>
      <trkpt lat="37.73323" lon="-119.58455">
        <ele>2068.04</ele>
      </trkpt>
      <trkpt lat="37.7332" lon="-119.58459">
        <ele>2068.04</ele>
      </trkpt>
      <trkpt lat="37.73317" lon="-119.58462">
        <ele>2068.37</ele>
      </trkpt>
      <trkpt lat="37.73315" lon="-119.58465">
        <ele>2068.04</ele>
      </trkpt>
      <trkpt lat="37.73313" lon="-119.5847">
        <ele>2066.7</ele>
      </trkpt>
      <trkpt lat="37.73311" lon="-119.58474">
        <ele>2065.99</ele>
      </trkpt>
      <trkpt lat="37.7331" lon="-119.58479">
        <ele>2064.5</ele>
      </trkpt>
      <trkpt lat="37.73309" lon="-119.58482">
        <ele>2063.67</ele>
      </trkpt>
      <trkpt lat="37.73307" lon="-119.58486">
        <ele>2062.92</ele>
      </trkpt>
      <trkpt lat="37.73305" lon="-119.58488">
        <ele>2063.09</ele>
      </trkpt>
      <trkpt lat="37.73303" lon="-119.58492">
        <ele>2062.19</ele>
      </trkpt>
      <trkpt lat="37.73301" lon="-119.58495">
        <ele>2061.4</ele>
      </trkpt>
      <trkpt lat="37.73299" lon="-119.58497">
        <ele>2061.22</ele>
      </trkpt>
      <trkpt lat="37.73297" lon="-119.58501">
        <ele>2060.16</ele>
      </trkpt>
      <trkpt lat="37.73295" lon="-119.58504">
        <ele>2059.46</ele>
      </trkpt>
      <trkpt lat="37.73293" lon="-119.58508">
        <ele>2058.41</ele>
      </trkpt>
      <trkpt lat="37.73291" lon="-119.58511">
        <ele>2058.0</ele>
      </trkpt>
      <trkpt lat="37.73289" lon="-119.58514">
        <ele>2057.49</ele>
      </trkpt>
      <trkpt lat="37.73286" lon="-119.58519">
        <ele>2056.19</ele>
      </trkpt>
      <trkpt lat="37.73284" lon="-119.58523">
        <ele>2054.89</ele>
      </trkpt>
      <trkpt lat="37.73281" lon="-119.58528">
        <ele>2053.49</ele>
      </trkpt>
      <trkpt lat="37.73278" lon="-119.58531">
        <ele>2053.16</ele>
      </trkpt>
      <trkpt lat="37.73275" lon="-119.58535">
        <ele>2052.3</ele>
      </trkpt>
      <trkpt lat="37.73273" lon="-119.58538">
        <ele>2051.54</ele>
      </trkpt>
      <trkpt lat="37.73276" lon="-119.58538">
        <ele>2050.25</ele>
      </trkpt>
      <trkpt lat="37.7328" lon="-119.58538">
        <ele>2048.52</ele>
      </trkpt>
      <trkpt lat="37.73283" lon="-119.58538">
        <ele>2047.22</ele>
      </trkpt>
      <trkpt lat="37.73286" lon="-119.58536">
        <ele>2047.01</ele>
      </trkpt>
      <trkpt lat="37.73288" lon="-119.58534">
        <ele>2047.22</ele>
      </trkpt>
      <trkpt lat="37.73291" lon="-119.58532">
        <ele>2047.01</ele>
      </trkpt>
      <trkpt lat="37.73294" lon="-119.5853">
        <ele>2046.79</ele>
      </trkpt>
      <trkpt lat="37.73297" lon="-119.58528">
        <ele>2046.58</ele>
      </trkpt>
      <trkpt lat="37.733" lon="-119.58526">
        <ele>2046.36</ele>
      </trkpt>
      <trkpt lat="37.73303" lon="-119.58523">
        <ele>2046.68</ele>
      </trkpt>
      <trkpt lat="37.73308" lon="-119.58522">
        <ele>2045.16</ele>
      </trkpt>
      <trkpt lat="37.73312" lon="-119.58521">
        <ele>2044.06</ele>
      </trkpt>
      <trkpt lat="37.73317" lon="-119.5852">
        <ele>2042.42</ele>
      </trkpt>
      <trkpt lat="37.7332" lon="-119.58518">
        <ele>2042.02</ele>
      </trkpt>
      <trkpt lat="37.73324" lon="-119.58516">
        <ele>2041.39</ele>
      </trkpt>
      <trkpt lat="37.73328" lon="-119.58514">
        <ele>2040.96</ele>
      </trkpt>
      <trkpt lat="37.73332" lon="-119.58512">
        <ele>2040.35</ele>
      </trkpt>
      <trkpt lat="37.73334" lon="-119.58511">
        <ele>2040.05</ele>
      </trkpt>
      <trkpt lat="37.73337" lon="-119.5851">
        <ele>2039.52</ele>
      </trkpt>
      <trkpt lat="37.73341" lon="-119.58508">
        <ele>2039.06</ele>
      </trkpt>
      <trkpt lat="37.73345" lon="-119.58507">
        <ele>2038.39</ele>
      </trkpt>
      <trkpt lat="37.73348" lon="-119.58507">
        <ele>2037.67</ele>
      </trkpt>
      <trkpt lat="37.73348" lon="-119.58511">
        <ele>2036.16</ele>
      </trkpt>
      <trkpt lat="37.73346" lon="-119.58514">
        <ele>2035.54</ele>
      </trkpt>
      <trkpt lat="37.73345" lon="-119.58519">
        <ele>2034.01</ele>
      </trkpt>
      <trkpt lat="37.73342" lon="-119.58521">
        <ele>2034.06</ele>
      </trkpt>
      <trkpt lat="37.73339" lon="-119.58523">
        <ele>2033.84</ele>
      </trkpt>
      <trkpt lat="37.73336" lon="-119.58526">
        <ele>2033.19</ele>
      </trkpt>
      <trkpt lat="37.73333" lon="-119.58529">
        <ele>2032.58</ele>
      </trkpt>
      <trkpt lat="37.7333" lon="-119.58534">
        <ele>2031.39</ele>
      </trkpt>
      <trkpt lat="37.73327" lon="-119.58539">
        <ele>2030.2</ele>
      </trkpt>
      <trkpt lat="37.73324" lon="-119.58544">
        <ele>2029.02</ele>
      </trkpt>
      <trkpt lat="37.73322" lon="-119.58547">
        <ele>2028.29</ele>
      </trkpt>
      <trkpt lat="37.73319" lon="-119.5855">
        <ele>2027.64</ele>
      </trkpt>
      <trkpt lat="37.73316" lon="-119.58553">
        <ele>2027.0</ele>
      </trkpt>
      <trkpt lat="37.73314" lon="-119.58556">
        <ele>2026.02</ele>
      </trkpt>
      <trkpt lat="37.73312" lon="-119.58559">
        <ele>2025.05</ele>
      </trkpt>
      <trkpt lat="37.73311" lon="-119.58563">
        <ele>2023.22</ele>
      </trkpt>
      <trkpt lat="37.73307" lon="-119.58565">
        <ele>2023.43</ele>
      </trkpt>
      <trkpt lat="37.73305" lon="-119.58568">
        <ele>2022.52</ele>
      </trkpt>
      <trkpt lat="37.73302" lon="-119.5857">
        <ele>2022.74</ele>
      </trkpt>
      <trkpt lat="37.73299" lon="-119.58573">
        <ele>2022.41</ele>
      </trkpt>
      <trkpt lat="37.73297" lon="-119.58576">
        <ele>2021.86</ele>
      </trkpt>
      <trkpt lat="37.73294" lon="-119.58579">
        <ele>2021.73</ele>
      </trkpt>
      <trkpt lat="37.73292" lon="-119.58581">
        <ele>2021.52</ele>
      </trkpt>
      <trkpt lat="37.73289" lon="-119.58584">
        <ele>2021.06</ele>
      </trkpt>
      <trkpt lat="37.73287" lon="-119.58585">
        <ele>2021.3</ele>
      </trkpt>
      <trkpt lat="37.73284" lon="-119.58588">
        <ele>2021.13</ele>
      </trkpt>
      <trkpt lat="37.73282" lon="-119.58591">
        <ele>2020.41</ele>
      </trkpt>
      <trkpt lat="37.73281" lon="-119.58595">
        <ele>2018.66</ele>
      </trkpt>
      <trkpt lat="37.73278" lon="-119.58598">
        <ele>2018.01</ele>
      </trkpt>
      <trkpt lat="37.73276" lon="-119.58601">
        <ele>2017.04</ele>
      </trkpt>
      <trkpt lat="37.73274" lon="-119.58605">
        <ele>2015.66</ele>
      </trkpt>
      <trkpt lat="37.73272" lon="-119.58608">
        <ele>2014.97</ele>
      </trkpt>
      <trkpt lat="37.73276" lon="-119.58609">
        <ele>2012.86</ele>
      </trkpt>
      <trkpt lat="37.73279" lon="-119.58608">
        <ele>2012.28</ele>
      </trkpt>
      <trkpt lat="37.73282" lon="-119.58608">
        <ele>2011.31</ele>
      </trkpt>
      <trkpt lat="37.73287" lon="-119.58608">
        <ele>2009.69</ele>
      </trkpt>
      <trkpt lat="37.73291" lon="-119.58607">
        <ele>2008.51</ele>
      </trkpt>
      <trkpt lat="37.73295" lon="-119.58606">
        <ele>2007.32</ele>
      </trkpt>
      <trkpt lat="37.73298" lon="-119.58606">
        <ele>2006.11</ele>
      </trkpt>
      <trkpt lat="37.733" lon="-119.58604">
        <ele>2006.33</ele>
      </trkpt>
      <trkpt lat="37.73303" lon="-119.58602">
        <ele>2006.04</ele>
      </trkpt>
      <trkpt lat="37.73307" lon="-119.58599">
        <ele>2005.92</ele>
      </trkpt>
      <trkpt lat="37.73311" lon="-119.58597">
        <ele>2005.27</ele>
      </trkpt>
      <trkpt lat="37.73315" lon="-119.58594">
        <ele>2005.16</ele>
      </trkpt>
      <trkpt lat="37.73319" lon="-119.58592">
        <ele>2004.51</ele>
      </trkpt>
      <trkpt lat="37.73322" lon="-119.5859">
        <ele>2004.3</ele>
      </trkpt>
      <trkpt lat="37.73325" lon="-119.58587">
        <ele>2004.66</ele>
      </trkpt>
      <trkpt lat="37.7333" lon="-119.58585">
        <ele>2003.66</ele>
      </trkpt>
      <trkpt lat="37.73334" lon="-119.58583">
        <ele>2002.89</ele>
      </trkpt>
      <trkpt lat="37.73337" lon="-119.58583">
        <ele>2001.6</ele>
      </trkpt>
      <trkpt lat="37.73341" lon="-119.58583">
        <ele>1999.87</ele>
      </trkpt>
      <trkpt lat="37.73342" lon="-119.58587">
        <ele>1997.67</ele>
      </trkpt>
      <trkpt lat="37.73339" lon="-119.58591">
        <ele>1997.24</ele>
      </trkpt>
      <trkpt lat="37.73336" lon="-119.58596">
        <ele>1996.38</ele>
      </trkpt>
      <trkpt lat="37.73333" lon="-119.586">
        <ele>1995.91</ele>
      </trkpt>
      <trkpt lat="37.73331" lon="-119.58604">
        <ele>1994.83</ele>
      </trkpt>
      <trkpt lat="37.73328" lon="-119.58607">
        <ele>1994.5</ele>
      </trkpt>
      <trkpt lat="37.73325" lon="-119.58611">
        <ele>1993.75</ele>
      </trkpt>
      <trkpt lat="37.7332" lon="-119.58615">
        <ele>1993.64</ele>
      </trkpt>
      <trkpt lat="37.73318" lon="-119.58618">
        <ele>1992.99</ele>
      </trkpt>
      <trkpt lat="37.73314" lon="-119.58621">
        <ele>1993.08</ele>
      </trkpt>
      <trkpt lat="37.73312" lon="-119.58624">
        <ele>1992.65</ele>
      </trkpt>
      <trkpt lat="37.7331" lon="-119.58626">
        <ele>1992.65</ele>
      </trkpt>
      <trkpt lat="37.73306" lon="-119.58628">
        <ele>1993.51</ele>
      </trkpt>
      <trkpt lat="37.73304" lon="-119.5863">
        <ele>1993.34</ele>
      </trkpt>
      <trkpt lat="37.73301" lon="-119.58632">
        <ele>1993.45</ele>
      </trkpt>
      <trkpt lat="37.73299" lon="-119.58635">
        <ele>1992.8</ele>
      </trkpt>
      <trkpt lat="37.73297" lon="-119.58637">
        <ele>1992.59</ele>
      </trkpt>
      <trkpt lat="37.73295" lon="-119.5864">
        <ele>1991.7</ele>
      </trkpt>
      <trkpt lat="37.73292" lon="-119.58643">
        <ele>1990.91</ele>
      </trkpt>
      <trkpt lat="37.7329" lon="-119.58645">
        <ele>1990.51</ele>
      </trkpt>
      <trkpt lat="37.73287" lon="-119.58647">
        <ele>1990.5</ele>
      </trkpt>
      <trkpt lat="37.73285" lon="-119.5865">
        <ele>1989.44</ele>
      </trkpt>
      <trkpt lat="37.73283" lon="-119.58653">
        <ele>1988.25</ele>
      </trkpt>
      <trkpt lat="37.7328" lon="-119.58656">
        <ele>1987.28</ele>
      </trkpt>
      <trkpt lat="37.73277" lon="-119.58659">
        <ele>1986.22</ele>
      </trkpt>
      <trkpt lat="37.73275" lon="-119.58662">
        <ele>1984.82</ele>
      </trkpt>
      <trkpt lat="37.73273" lon="-119.58665">
        <ele>1983.42</ele>
      </trkpt>
      <trkpt lat="37.73271" lon="-119.58667">
        <ele>1982.52</ele>
      </trkpt>
      <trkpt lat="37.73269" lon="-119.5867">
        <ele>1980.79</ele>
      </trkpt>
      <trkpt lat="37.73272" lon="-119.58673">
        <ele>1978.52</ele>
      </trkpt>
      <trkpt lat="37.73277" lon="-119.58672">
        <ele>1978.63</ele>
      </trkpt>
      <trkpt lat="37.73282" lon="-119.5867">
        <ele>1979.09</ele>
      </trkpt>
      <trkpt lat="37.73284" lon="-119.58669">
        <ele>1979.31</ele>
      </trkpt>
      <trkpt lat="37.73287" lon="-119.58668">
        <ele>1979.29</ele>
      </trkpt>
      <trkpt lat="37.7329" lon="-119.58668">
        <ele>1978.96</ele>
      </trkpt>
      <trkpt lat="37.73295" lon="-119.58668">
        <ele>1978.42</ele>
      </trkpt>
      <trkpt lat="37.73299" lon="-119.58668">
        <ele>1977.4</ele>
      </trkpt>
      <trkpt lat="37.73303" lon="-119.58668">
        <ele>1976.11</ele>
      </trkpt>
      <trkpt lat="37.73307" lon="-119.58667">
        <ele>1975.36</ele>
      </trkpt>
      <trkpt lat="37.7331" lon="-119.58667">
        <ele>1974.4</ele>
      </trkpt>
      <trkpt lat="37.73315" lon="-119.58666">
        <ele>1973.25</ele>
      </trkpt>
      <trkpt lat="37.7332" lon="-119.58666">
        <ele>1972.13</ele>
      </trkpt>
      <trkpt lat="37.73322" lon="-119.58665">
        <ele>1972.03</ele>
      </trkpt>
      <trkpt lat="37.73326" lon="-119.58663">
        <ele>1971.65</ele>
      </trkpt>
      <trkpt lat="37.73329" lon="-119.58661">
        <ele>1971.57</ele>
      </trkpt>
      <trkpt lat="37.73333" lon="-119.58659">
        <ele>1971.39</ele>
      </trkpt>
      <trkpt lat="37.73337" lon="-119.58657">
        <ele>1971.37</ele>
      </trkpt>
      <trkpt lat="37.73341" lon="-119.58655">
        <ele>1971.17</ele>
      </trkpt>
      <trkpt lat="37.73345" lon="-119.58654">
        <ele>1970.32</ele>
      </trkpt>
      <trkpt lat="37.73349" lon="-119.58654">
        <ele>1969.03</ele>
      </trkpt>
      <trkpt lat="37.73355" lon="-119.58654">
        <ele>1967.08</ele>
      </trkpt>
      <trkpt lat="37.73358" lon="-119.58654">
        <ele>1966.11</ele>
      </trkpt>
      <trkpt lat="37.73362" lon="-119.58654">
        <ele>1964.82</ele>
      </trkpt>
      <trkpt lat="37.73366" lon="-119.58654">
        <ele>1963.52</ele>
      </trkpt>
      <trkpt lat="37.73371" lon="-119.58653">
        <ele>1962.36</ele>
      </trkpt>
      <trkpt lat="37.73374" lon="-119.58652">
        <ele>1962.36</ele>
      </trkpt>
      <trkpt lat="37.73377" lon="-119.58652">
        <ele>1962.04</ele>
      </trkpt>
      <trkpt lat="37.73383" lon="-119.58652">
        <ele>1961.6</ele>
      </trkpt>
      <trkpt lat="37.73385" lon="-119.58655">
        <ele>1960.35</ele>
      </trkpt>
      <trkpt lat="37.73383" lon="-119.58658">
        <ele>1959.38</ele>
      </trkpt>
      <trkpt lat="37.7338" lon="-119.58662">
        <ele>1957.98</ele>
      </trkpt>
      <trkpt lat="37.73377" lon="-119.58665">
        <ele>1957.24</ele>
      </trkpt>
      <trkpt lat="37.73374" lon="-119.58668">
        <ele>1956.64</ele>
      </trkpt>
      <trkpt lat="37.73371" lon="-119.58672">
        <ele>1955.56</ele>
      </trkpt>
      <trkpt lat="37.73367" lon="-119.58676">
        <ele>1954.7</ele>
      </trkpt>
      <trkpt lat="37.73364" lon="-119.58681">
        <ele>1953.18</ele>
      </trkpt>
      <trkpt lat="37.73362" lon="-119.58684">
        <ele>1952.32</ele>
      </trkpt>
      <trkpt lat="37.73359" lon="-119.58688">
        <ele>1951.7</ele>
      </trkpt>
      <trkpt lat="37.73357" lon="-119.58691">
        <ele>1951.17</ele>
      </trkpt>
      <trkpt lat="37.73355" lon="-119.58694">
        <ele>1950.5</ele>
      </trkpt>
      <trkpt lat="37.73353" lon="-119.58696">
        <ele>1950.08</ele>
      </trkpt>
      <trkpt lat="37.7335" lon="-119.58701">
        <ele>1948.57</ele>
      </trkpt>
      <trkpt lat="37.73348" lon="-119.58704">
        <ele>1947.7</ele>
      </trkpt>
      <trkpt lat="37.73345" lon="-119.58707">
        <ele>1947.06</ele>
      </trkpt>
      <trkpt lat="37.73342" lon="-119.5871">
        <ele>1946.43</ele>
      </trkpt>
      <trkpt lat="37.73339" lon="-119.58713">
        <ele>1945.76</ele>
      </trkpt>
      <trkpt lat="37.73335" lon="-119.58716">
        <ele>1945.33</ele>
      </trkpt>
      <trkpt lat="37.73333" lon="-119.58719">
        <ele>1944.44</ele>
      </trkpt>
      <trkpt lat="37.73331" lon="-119.58722">
        <ele>1943.35</ele>
      </trkpt>
      <trkpt lat="37.7333" lon="-119.58725">
        <ele>1941.97</ele>
      </trkpt>
      <trkpt lat="37.73332" lon="-119.58729">
        <ele>1939.59</ele>
      </trkpt>
      <trkpt lat="37.73335" lon="-119.58729">
        <ele>1939.11</ele>
      </trkpt>
      <trkpt lat="37.73339" lon="-119.58729">
        <ele>1938.56</ele>
      </trkpt>
      <trkpt lat="37.73342" lon="-119.58729">
        <ele>1938.15</ele>
      </trkpt>
      <trkpt lat="37.73344" lon="-119.58731">
        <ele>1937.06</ele>
      </trkpt>
      <trkpt lat="37.73347" lon="-119.58732">
        <ele>1936.3</ele>
      </trkpt>
      <trkpt lat="37.7335" lon="-119.58731">
        <ele>1936.41</ele>
      </trkpt>
      <trkpt lat="37.73353" lon="-119.58731">
        <ele>1936.08</ele>
      </trkpt>
      <trkpt lat="37.73358" lon="-119.5873">
        <ele>1935.87</ele>
      </trkpt>
      <trkpt lat="37.73362" lon="-119.5873">
        <ele>1935.38</ele>
      </trkpt>
      <trkpt lat="37.73365" lon="-119.58729">
        <ele>1935.38</ele>
      </trkpt>
      <trkpt lat="37.73368" lon="-119.58729">
        <ele>1935.06</ele>
      </trkpt>
      <trkpt lat="37.73371" lon="-119.58728">
        <ele>1935.06</ele>
      </trkpt>
      <trkpt lat="37.73376" lon="-119.58726">
        <ele>1935.17</ele>
      </trkpt>
      <trkpt lat="37.73379" lon="-119.58725">
        <ele>1935.17</ele>
      </trkpt>
      <trkpt lat="37.73382" lon="-119.58725">
        <ele>1935.1</ele>
      </trkpt>
      <trkpt lat="37.73386" lon="-119.58724">
        <ele>1935.42</ele>
      </trkpt>
      <trkpt lat="37.7339" lon="-119.58724">
        <ele>1935.45</ele>
      </trkpt>
      <trkpt lat="37.73394" lon="-119.58723">
        <ele>1935.79</ele>
      </trkpt>
      <trkpt lat="37.73398" lon="-119.58723">
        <ele>1935.83</ele>
      </trkpt>
      <trkpt lat="37.734" lon="-119.58723">
        <ele>1935.63</ele>
      </trkpt>
      <trkpt lat="37.73405" lon="-119.58723">
        <ele>1935.09</ele>
      </trkpt>
      <trkpt lat="37.73408" lon="-119.58723">
        <ele>1934.83</ele>
      </trkpt>
      <trkpt lat="37.73411" lon="-119.58722">
        <ele>1935.05</ele>
      </trkpt>
      <trkpt lat="37.73415" lon="-119.58723">
        <ele>1934.83</ele>
      </trkpt>
      <trkpt lat="37.73418" lon="-119.58723">
        <ele>1934.7</ele>
      </trkpt>
      <trkpt lat="37.73421" lon="-119.58724">
        <ele>1934.24</ele>
      </trkpt>
      <trkpt lat="37.73425" lon="-119.58725">
        <ele>1933.77</ele>
      </trkpt>
      <trkpt lat="37.73429" lon="-119.58728">
        <ele>1933.04</ele>
      </trkpt>
      <trkpt lat="37.73431" lon="-119.58732">
        <ele>1932.37</ele>
      </trkpt>
      <trkpt lat="37.73434" lon="-119.58735">
        <ele>1931.7</ele>
      </trkpt>
      <trkpt lat="37.73439" lon="-119.58736">
        <ele>1931.31</ele>
      </trkpt>
      <trkpt lat="37.73442" lon="-119.58736">
        <ele>1931.15</ele>
      </trkpt>
      <trkpt lat="37.73445" lon="-119.58737">
        <ele>1930.76</ele>
      </trkpt>
      <trkpt lat="37.73449" lon="-119.58738">
        <ele>1930.3</ele>
      </trkpt>
      <trkpt lat="37.73452" lon="-119.5874">
        <ele>1930.03</ele>
      </trkpt>
      <trkpt lat="37.73455" lon="-119.58744">
        <ele>1929.16</ele>
      </trkpt>
      <trkpt lat="37.73457" lon="-119.58747">
        <ele>1928.29</ele>
      </trkpt>
      <trkpt lat="37.73459" lon="-119.58751">
        <ele>1927.04</ele>
      </trkpt>
      <trkpt lat="37.73462" lon="-119.58754">
        <ele>1925.42</ele>
      </trkpt>
      <trkpt lat="37.73465" lon="-119.58757">
        <ele>1923.04</ele>
      </trkpt>
      <trkpt lat="37.73467" lon="-119.5876">
        <ele>1920.97</ele>
      </trkpt>
      <trkpt lat="37.73469" lon="-119.58763">
        <ele>1919.04</ele>
      </trkpt>
      <trkpt lat="37.73472" lon="-119.58765">
        <ele>1917.22</ele>
      </trkpt>
      <trkpt lat="37.73475" lon="-119.58765">
        <ele>1915.27</ele>
      </trkpt>
      <trkpt lat="37.73478" lon="-119.58765">
        <ele>1913.25</ele>
      </trkpt>
      <trkpt lat="37.73481" lon="-119.58764">
        <ele>1911.75</ele>
      </trkpt>
      <trkpt lat="37.73484" lon="-119.58766">
        <ele>1907.37</ele>
      </trkpt>
      <trkpt lat="37.73482" lon="-119.58763">
        <ele>1911.36</ele>
      </trkpt>
      <trkpt lat="37.73479" lon="-119.58763">
        <ele>1913.54</ele>
      </trkpt>
      <trkpt lat="37.73476" lon="-119.58763">
        <ele>1915.42</ele>
      </trkpt>
      <trkpt lat="37.73473" lon="-119.58763">
        <ele>1917.3</ele>
      </trkpt>
      <trkpt lat="37.7347" lon="-119.58759">
        <ele>1920.05</ele>
      </trkpt>
      <trkpt lat="37.73468" lon="-119.58754">
        <ele>1922.79</ele>
      </trkpt>
      <trkpt lat="37.73466" lon="-119.58751">
        <ele>1924.96</ele>
      </trkpt>
      <trkpt lat="37.73464" lon="-119.58748">
        <ele>1926.87</ele>
      </trkpt>
      <trkpt lat="37.73462" lon="-119.58744">
        <ele>1928.4</ele>
      </trkpt>
      <trkpt lat="37.7346" lon="-119.5874">
        <ele>1929.27</ele>
      </trkpt>
      <trkpt lat="37.73458" lon="-119.58738">
        <ele>1929.4</ele>
      </trkpt>
      <trkpt lat="37.73456" lon="-119.58736">
        <ele>1929.63</ele>
      </trkpt>
      <trkpt lat="37.73453" lon="-119.58734">
        <ele>1930.11</ele>
      </trkpt>
      <trkpt lat="37.73449" lon="-119.58733">
        <ele>1930.85</ele>
      </trkpt>
      <trkpt lat="37.73446" lon="-119.58732">
        <ele>1931.57</ele>
      </trkpt>
      <trkpt lat="37.73443" lon="-119.58731">
        <ele>1931.96</ele>
      </trkpt>
      <trkpt lat="37.7344" lon="-119.58731">
        <ele>1932.0</ele>
      </trkpt>
      <trkpt lat="37.73437" lon="-119.5873">
        <ele>1932.1</ele>
      </trkpt>
      <trkpt lat="37.73435" lon="-119.58728">
        <ele>1932.4</ele>
      </trkpt>
      <trkpt lat="37.73434" lon="-119.58724">
        <ele>1932.94</ele>
      </trkpt>
      <trkpt lat="37.73434" lon="-119.5872">
        <ele>1933.19</ele>
      </trkpt>
      <trkpt lat="37.73435" lon="-119.58716">
        <ele>1933.05</ele>
      </trkpt>
      <trkpt lat="37.73436" lon="-119.58712">
        <ele>1932.74</ele>
      </trkpt>
      <trkpt lat="37.73439" lon="-119.58708">
        <ele>1931.67</ele>
      </trkpt>
      <trkpt lat="37.7344" lon="-119.58704">
        <ele>1931.38</ele>
      </trkpt>
      <trkpt lat="37.73442" lon="-119.587">
        <ele>1931.01</ele>
      </trkpt>
      <trkpt lat="37.73443" lon="-119.58696">
        <ele>1931.31</ele>
      </trkpt>
      <trkpt lat="37.73444" lon="-119.58691">
        <ele>1931.58</ele>
      </trkpt>
      <trkpt lat="37.73445" lon="-119.58687">
        <ele>1931.32</ele>
      </trkpt>
      <trkpt lat="37.73445" lon="-119.58683">
        <ele>1931.77</ele>
      </trkpt>
      <trkpt lat="37.73446" lon="-119.58679">
        <ele>1931.44</ele>
      </trkpt>
      <trkpt lat="37.73447" lon="-119.58675">
        <ele>1931.17</ele>
      </trkpt>
      <trkpt lat="37.73447" lon="-119.58671">
        <ele>1931.6</ele>
      </trkpt>
      <trkpt lat="37.73446" lon="-119.58666">
        <ele>1932.96</ele>
      </trkpt>
      <trkpt lat="37.73445" lon="-119.58661">
        <ele>1934.77</ele>
      </trkpt>
      <trkpt lat="37.73444" lon="-119.58657">
        <ele>1936.34</ele>
      </trkpt>
      <trkpt lat="37.73443" lon="-119.58654">
        <ele>1937.15</ele>
      </trkpt>
      <trkpt lat="37.73441" lon="-119.5865">
        <ele>1938.9</ele>
      </trkpt>
      <trkpt lat="37.73439" lon="-119.58644">
        <ele>1940.33</ele>
      </trkpt>
      <trkpt lat="37.73438" lon="-119.5864">
        <ele>1941.03</ele>
      </trkpt>
      <trkpt lat="37.73437" lon="-119.58634">
        <ele>1941.73</ele>
      </trkpt>
      <trkpt lat="37.73437" lon="-119.58626">
        <ele>1941.69</ele>
      </trkpt>
      <trkpt lat="37.73436" lon="-119.58622">
        <ele>1943.53</ele>
      </trkpt>
      <trkpt lat="37.73436" lon="-119.58617">
        <ele>1944.38</ele>
      </trkpt>
      <trkpt lat="37.73436" lon="-119.58614">
        <ele>1945.0</ele>
      </trkpt>
      <trkpt lat="37.73436" lon="-119.58609">
        <ele>1945.8</ele>
      </trkpt>
      <trkpt lat="37.73436" lon="-119.58603">
        <ele>1946.39</ele>
      </trkpt>
      <trkpt lat="37.73437" lon="-119.58597">
        <ele>1945.19</ele>
      </trkpt>
      <trkpt lat="37.73438" lon="-119.58588">
        <ele>1944.18</ele>
      </trkpt>
      <trkpt lat="37.73439" lon="-119.58584">
        <ele>1942.54</ele>
      </trkpt>
      <trkpt lat="37.7344" lon="-119.5858">
        <ele>1940.64</ele>
      </trkpt>
      <trkpt lat="37.73442" lon="-119.58573">
        <ele>1936.75</ele>
      </trkpt>
      <trkpt lat="37.73444" lon="-119.5857">
        <ele>1932.86</ele>
      </trkpt>
      <trkpt lat="37.73446" lon="-119.58565">
        <ele>1929.14</ele>
      </trkpt>
      <trkpt lat="37.73448" lon="-119.58562">
        <ele>1926.13</ele>
      </trkpt>
      <trkpt lat="37.73451" lon="-119.58557">
        <ele>1922.6</ele>
      </trkpt>
      <trkpt lat="37.73454" lon="-119.58555">
        <ele>1919.23</ele>
      </trkpt>
      <trkpt lat="37.73458" lon="-119.58553">
        <ele>1918.8</ele>
      </trkpt>
      <trkpt lat="37.73463" lon="-119.5855">
        <ele>1918.59</ele>
      </trkpt>
      <trkpt lat="37.73467" lon="-119.58548">
        <ele>1918.59</ele>
      </trkpt>
      <trkpt lat="37.73471" lon="-119.58546">
        <ele>1918.53</ele>
      </trkpt>
      <trkpt lat="37.73475" lon="-119.58546">
        <ele>1916.34</ele>
      </trkpt>
      <trkpt lat="37.73478" lon="-119.58547">
        <ele>1913.85</ele>
      </trkpt>
      <trkpt lat="37.73478" lon="-119.58552">
        <ele>1910.94</ele>
      </trkpt>
      <trkpt lat="37.73476" lon="-119.58556">
        <ele>1909.64</ele>
      </trkpt>
      <trkpt lat="37.73473" lon="-119.5856">
        <ele>1908.26</ele>
      </trkpt>
      <trkpt lat="37.73472" lon="-119.58563">
        <ele>1906.44</ele>
      </trkpt>
      <trkpt lat="37.7347" lon="-119.58567">
        <ele>1904.36</ele>
      </trkpt>
      <trkpt lat="37.73467" lon="-119.58571">
        <ele>1903.06</ele>
      </trkpt>
      <trkpt lat="37.73466" lon="-119.58575">
        <ele>1901.39</ele>
      </trkpt>
      <trkpt lat="37.73466" lon="-119.58579">
        <ele>1900.1</ele>
      </trkpt>
      <trkpt lat="37.73468" lon="-119.58574">
        <ele>1900.87</ele>
      </trkpt>
      <trkpt lat="37.73471" lon="-119.58571">
        <ele>1901.48</ele>
      </trkpt>
      <trkpt lat="37.73474" lon="-119.58569">
        <ele>1901.52</ele>
      </trkpt>
      <trkpt lat="37.73477" lon="-119.58568">
        <ele>1900.87</ele>
      </trkpt>
      <trkpt lat="37.73482" lon="-119.58567">
        <ele>1899.43</ele>
      </trkpt>
      <trkpt lat="37.73485" lon="-119.58567">
        <ele>1898.53</ele>
      </trkpt>
      <trkpt lat="37.73489" lon="-119.58568">
        <ele>1896.78</ele>
      </trkpt>
      <trkpt lat="37.73494" lon="-119.58568">
        <ele>1894.87</ele>
      </trkpt>
      <trkpt lat="37.73499" lon="-119.58567">
        <ele>1893.25</ele>
      </trkpt>
      <trkpt lat="37.73503" lon="-119.58565">
        <ele>1893.57</ele>
      </trkpt>
      <trkpt lat="37.73506" lon="-119.58564">
        <ele>1893.88</ele>
      </trkpt>
      <trkpt lat="37.7351" lon="-119.58564">
        <ele>1893.51</ele>
      </trkpt>
      <trkpt lat="37.73514" lon="-119.58564">
        <ele>1893.39</ele>
      </trkpt>
      <trkpt lat="37.73517" lon="-119.58565">
        <ele>1892.86</ele>
      </trkpt>
      <trkpt lat="37.7352" lon="-119.58567">
        <ele>1890.55</ele>
      </trkpt>
      <trkpt lat="37.7352" lon="-119.58572">
        <ele>1886.77</ele>
      </trkpt>
      <trkpt lat="37.73517" lon="-119.58575">
        <ele>1885.65</ele>
      </trkpt>
      <trkpt lat="37.73513" lon="-119.58576">
        <ele>1885.43</ele>
      </trkpt>
      <trkpt lat="37.7351" lon="-119.58576">
        <ele>1885.69</ele>
      </trkpt>
      <trkpt lat="37.73507" lon="-119.58575">
        <ele>1886.84</ele>
      </trkpt>
      <trkpt lat="37.73504" lon="-119.58575">
        <ele>1887.42</ele>
      </trkpt>
      <trkpt lat="37.73501" lon="-119.58576">
        <ele>1887.16</ele>
      </trkpt>
      <trkpt lat="37.73496" lon="-119.58578">
        <ele>1887.34</ele>
      </trkpt>
      <trkpt lat="37.73492" lon="-119.5858">
        <ele>1887.34</ele>
      </trkpt>
      <trkpt lat="37.73489" lon="-119.58582">
        <ele>1886.85</ele>
      </trkpt>
      <trkpt lat="37.73487" lon="-119.58586">
        <ele>1885.0</ele>
      </trkpt>
      <trkpt lat="37.73485" lon="-119.58591">
        <ele>1883.03</ele>
      </trkpt>
      <trkpt lat="37.73483" lon="-119.58596">
        <ele>1882.75</ele>
      </trkpt>
      <trkpt lat="37.73486" lon="-119.58598">
        <ele>1880.69</ele>
      </trkpt>
      <trkpt lat="37.73489" lon="-119.58599">
        <ele>1878.69</ele>
      </trkpt>
      <trkpt lat="37.73492" lon="-119.586">
        <ele>1876.64</ele>
      </trkpt>
      <trkpt lat="37.73495" lon="-119.58601">
        <ele>1874.51</ele>
      </trkpt>
      <trkpt lat="37.73498" lon="-119.58602">
        <ele>1872.28</ele>
      </trkpt>
      <trkpt lat="37.73501" lon="-119.58602">
        <ele>1870.53</ele>
      </trkpt>
      <trkpt lat="37.73503" lon="-119.58605">
        <ele>1868.58</ele>
      </trkpt>
      <trkpt lat="37.73502" lon="-119.58611">
        <ele>1867.31</ele>
      </trkpt>
      <trkpt lat="37.735" lon="-119.58614">
        <ele>1869.31</ele>
      </trkpt>
      <trkpt lat="37.73499" lon="-119.58619">
        <ele>1871.02</ele>
      </trkpt>
      <trkpt lat="37.73498" lon="-119.58624">
        <ele>1872.46</ele>
      </trkpt>
      <trkpt lat="37.73498" lon="-119.58631">
        <ele>1872.48</ele>
      </trkpt>
      <trkpt lat="37.73498" lon="-119.58635">
        <ele>1872.14</ele>
      </trkpt>
      <trkpt lat="37.73498" lon="-119.58639">
        <ele>1871.81</ele>
      </trkpt>
      <trkpt lat="37.73499" lon="-119.58644">
        <ele>1870.34</ele>
      </trkpt>
      <trkpt lat="37.73499" lon="-119.58649">
        <ele>1870.3</ele>
      </trkpt>
      <trkpt lat="37.735" lon="-119.58654">
        <ele>1869.0</ele>
      </trkpt>
      <trkpt lat="37.735" lon="-119.5866">
        <ele>1869.0</ele>
      </trkpt>
      <trkpt lat="37.735" lon="-119.58664">
        <ele>1869.0</ele>
      </trkpt>
      <trkpt lat="37.735" lon="-119.58669">
        <ele>1868.75</ele>
      </trkpt>
      <trkpt lat="37.735" lon="-119.58674">
        <ele>1868.21</ele>
      </trkpt>
      <trkpt lat="37.73502" lon="-119.58677">
        <ele>1866.33</ele>
      </trkpt>
      <trkpt lat="37.73505" lon="-119.58678">
        <ele>1863.62</ele>
      </trkpt>
      <trkpt lat="37.73509" lon="-119.58679">
        <ele>1859.93</ele>
      </trkpt>
      <trkpt lat="37.73513" lon="-119.58681">
        <ele>1858.98</ele>
      </trkpt>
      <trkpt lat="37.73516" lon="-119.58683">
        <ele>1859.12</ele>
      </trkpt>
      <trkpt lat="37.73519" lon="-119.58686">
        <ele>1861.04</ele>
      </trkpt>
      <trkpt lat="37.73522" lon="-119.58689">
        <ele>1864.6</ele>
      </trkpt>
      <trkpt lat="37.73525" lon="-119.58691">
        <ele>1866.76</ele>
      </trkpt>
      <trkpt lat="37.73528" lon="-119.58692">
        <ele>1867.47</ele>
      </trkpt>
      <trkpt lat="37.73534" lon="-119.58692">
        <ele>1864.92</ele>
      </trkpt>
      <trkpt lat="37.73536" lon="-119.58691">
        <ele>1863.05</ele>
      </trkpt>
      <trkpt lat="37.73541" lon="-119.58691">
        <ele>1861.53</ele>
      </trkpt>
      <trkpt lat="37.73545" lon="-119.5869">
        <ele>1859.51</ele>
      </trkpt>
      <trkpt lat="37.73549" lon="-119.5869">
        <ele>1858.13</ele>
      </trkpt>
      <trkpt lat="37.73554" lon="-119.58689">
        <ele>1855.46</ele>
      </trkpt>
      <trkpt lat="37.73557" lon="-119.58688">
        <ele>1853.77</ele>
      </trkpt>
      <trkpt lat="37.7356" lon="-119.58687">
        <ele>1852.32</ele>
      </trkpt>
      <trkpt lat="37.73563" lon="-119.58687">
        <ele>1851.61</ele>
      </trkpt>
      <trkpt lat="37.73566" lon="-119.58688">
        <ele>1851.57</ele>
      </trkpt>
      <trkpt lat="37.73569" lon="-119.5869">
        <ele>1852.22</ele>
      </trkpt>
      <trkpt lat="37.73571" lon="-119.58689">
        <ele>1851.14</ele>
      </trkpt>
      <trkpt lat="37.73574" lon="-119.58691">
        <ele>1851.78</ele>
      </trkpt>
      <trkpt lat="37.73576" lon="-119.58694">
        <ele>1852.88</ele>
      </trkpt>
      <trkpt lat="37.73578" lon="-119.58696">
        <ele>1852.47</ele>
      </trkpt>
      <trkpt lat="37.73581" lon="-119.587">
        <ele>1851.61</ele>
      </trkpt>
      <trkpt lat="37.73584" lon="-119.58703">
        <ele>1850.63</ele>
      </trkpt>
      <trkpt lat="37.73587" lon="-119.58705">
        <ele>1849.11</ele>
      </trkpt>
      <trkpt lat="37.7359" lon="-119.58709">
        <ele>1847.23</ele>
      </trkpt>
      <trkpt lat="37.73592" lon="-119.58712">
        <ele>1846.25</ele>
      </trkpt>
      <trkpt lat="37.73595" lon="-119.58716">
        <ele>1844.48</ele>
      </trkpt>
      <trkpt lat="37.73597" lon="-119.58721">
        <ele>1842.42</ele>
      </trkpt>
      <trkpt lat="37.73598" lon="-119.58725">
        <ele>1840.34</ele>
      </trkpt>
      <trkpt lat="37.736" lon="-119.5873">
        <ele>1837.27</ele>
      </trkpt>
      <trkpt lat="37.73601" lon="-119.58734">
        <ele>1834.89</ele>
      </trkpt>
      <trkpt lat="37.73597" lon="-119.58737">
        <ele>1834.28</ele>
      </trkpt>
      <trkpt lat="37.73592" lon="-119.58738">
        <ele>1834.82</ele>
      </trkpt>
      <trkpt lat="37.73589" lon="-119.58739">
        <ele>1834.44</ele>
      </trkpt>
      <trkpt lat="37.73586" lon="-119.58739">
        <ele>1834.71</ele>
      </trkpt>
      <trkpt lat="37.73582" lon="-119.5874">
        <ele>1834.68</ele>
      </trkpt>
      <trkpt lat="37.73578" lon="-119.58741">
        <ele>1835.0</ele>
      </trkpt>
      <trkpt lat="37.73576" lon="-119.58743">
        <ele>1834.31</ele>
      </trkpt>
      <trkpt lat="37.73578" lon="-119.58745">
        <ele>1832.66</ele>
      </trkpt>
      <trkpt lat="37.73582" lon="-119.58744">
        <ele>1832.23</ele>
      </trkpt>
      <trkpt lat="37.73585" lon="-119.58744">
        <ele>1831.71</ele>
      </trkpt>
      <trkpt lat="37.73588" lon="-119.58744">
        <ele>1831.38</ele>
      </trkpt>
      <trkpt lat="37.73591" lon="-119.58745">
        <ele>1830.41</ele>
      </trkpt>
      <trkpt lat="37.73595" lon="-119.58747">
        <ele>1828.6</ele>
      </trkpt>
      <trkpt lat="37.73598" lon="-119.58748">
        <ele>1827.59</ele>
      </trkpt>
      <trkpt lat="37.73601" lon="-119.58747">
        <ele>1827.74</ele>
      </trkpt>
      <trkpt lat="37.73598" lon="-119.58749">
        <ele>1827.0</ele>
      </trkpt>
      <trkpt lat="37.73596" lon="-119.5875">
        <ele>1826.63</ele>
      </trkpt>
      <trkpt lat="37.73592" lon="-119.58752">
        <ele>1824.92</ele>
      </trkpt>
      <trkpt lat="37.73586" lon="-119.58753">
        <ele>1824.7</ele>
      </trkpt>
      <trkpt lat="37.73579" lon="-119.58756">
        <ele>1823.88</ele>
      </trkpt>
      <trkpt lat="37.73573" lon="-119.58758">
        <ele>1824.2</ele>
      </trkpt>
      <trkpt lat="37.73567" lon="-119.58759">
        <ele>1823.99</ele>
      </trkpt>
      <trkpt lat="37.73561" lon="-119.58761">
        <ele>1822.31</ele>
      </trkpt>
      <trkpt lat="37.73556" lon="-119.58764">
        <ele>1819.39</ele>
      </trkpt>
      <trkpt lat="37.73562" lon="-119.58765">
        <ele>1818.42</ele>
      </trkpt>
      <trkpt lat="37.73569" lon="-119.58766">
        <ele>1816.67</ele>
      </trkpt>
      <trkpt lat="37.73563" lon="-119.58769">
        <ele>1814.48</ele>
      </trkpt>
      <trkpt lat="37.73557" lon="-119.58771">
        <ele>1812.32</ele>
      </trkpt>
      <trkpt lat="37.73552" lon="-119.58773">
        <ele>1809.78</ele>
      </trkpt>
      <trkpt lat="37.73557" lon="-119.58776">
        <ele>1806.92</ele>
      </trkpt>
      <trkpt lat="37.73551" lon="-119.58776">
        <ele>1806.43</ele>
      </trkpt>
      <trkpt lat="37.73545" lon="-119.58777">
        <ele>1805.12</ele>
      </trkpt>
      <trkpt lat="37.73539" lon="-119.58781">
        <ele>1802.99</ele>
      </trkpt>
      <trkpt lat="37.73533" lon="-119.58785">
        <ele>1810.38</ele>
      </trkpt>
      <trkpt lat="37.73539" lon="-119.58788">
        <ele>1797.54</ele>
      </trkpt>
      <trkpt lat="37.73544" lon="-119.58792">
        <ele>1791.7</ele>
      </trkpt>
      <trkpt lat="37.73544" lon="-119.58806">
        <ele>1782.25</ele>
      </trkpt>
      <trkpt lat="37.73556" lon="-119.58809">
        <ele>1775.44</ele>
      </trkpt>
      <trkpt lat="37.73545" lon="-119.58818">
        <ele>1775.16</ele>
      </trkpt>
      <trkpt lat="37.73558" lon="-119.58818">
        <ele>1769.36</ele>
      </trkpt>
      <trkpt lat="37.73571" lon="-119.58818">
        <ele>1769.59</ele>
      </trkpt>
      <trkpt lat="37.73582" lon="-119.58813">
        <ele>1773.37</ele>
      </trkpt>
      <trkpt lat="37.73593" lon="-119.58816">
        <ele>1768.77</ele>
      </trkpt>
      <trkpt lat="37.73606" lon="-119.58818">
        <ele>1765.75</ele>
      </trkpt>
      <trkpt lat="37.73618" lon="-119.58819">
        <ele>1765.29</ele>
      </trkpt>
      <trkpt lat="37.73605" lon="-119.58819">
        <ele>1764.99</ele>
      </trkpt>
      <trkpt lat="37.73594" lon="-119.58825">
        <ele>1760.32</ele>
      </trkpt>
      <trkpt lat="37.73601" lon="-119.58835">
        <ele>1754.01</ele>
      </trkpt>
      <trkpt lat="37.73607" lon="-119.58837">
        <ele>1753.58</ele>
      </trkpt>
      <trkpt lat="37.73613" lon="-119.58842">
        <ele>1751.32</ele>
      </trkpt>
      <trkpt lat="37.73619" lon="-119.58846">
        <ele>1748.85</ele>
      </trkpt>
      <trkpt lat="37.73625" lon="-119.58848">
        <ele>1747.29</ele>
      </trkpt>
      <trkpt lat="37.7363" lon="-119.5885">
        <ele>1745.92</ele>
      </trkpt>
      <trkpt lat="37.73624" lon="-119.58853">
        <ele>1744.03</ele>
      </trkpt>
      <trkpt lat="37.73617" lon="-119.5885">
        <ele>1746.49</ele>
      </trkpt>
      <trkpt lat="37.73609" lon="-119.58848">
        <ele>1747.85</ele>
      </trkpt>
      <trkpt lat="37.73602" lon="-119.58849">
        <ele>1746.56</ele>
      </trkpt>
      <trkpt lat="37.73595" lon="-119.58849">
        <ele>1745.8</ele>
      </trkpt>
      <trkpt lat="37.73588" lon="-119.58849">
        <ele>1746.19</ele>
      </trkpt>
      <trkpt lat="37.73582" lon="-119.58851">
        <ele>1745.84</ele>
      </trkpt>
      <trkpt lat="37.73578" lon="-119.58857">
        <ele>1743.61</ele>
      </trkpt>
      <trkpt lat="37.73574" lon="-119.58865">
        <ele>1740.77</ele>
      </trkpt>
      <trkpt lat="37.73571" lon="-119.58871">
        <ele>1740.12</ele>
      </trkpt>
      <trkpt lat="37.73567" lon="-119.58879">
        <ele>1739.26</ele>
      </trkpt>
      <trkpt lat="37.73562" lon="-119.58886">
        <ele>1739.25</ele>
      </trkpt>
      <trkpt lat="37.73558" lon="-119.58895">
        <ele>1736.82</ele>
      </trkpt>
      <trkpt lat="37.73554" lon="-119.58907">
        <ele>1732.07</ele>
      </trkpt>
      <trkpt lat="37.73556" lon="-119.58893">
        <ele>1738.61</ele>
      </trkpt>
      <trkpt lat="37.7355" lon="-119.58906">
        <ele>1734.85</ele>
      </trkpt>
      <trkpt lat="37.73543" lon="-119.58919">
        <ele>1730.18</ele>
      </trkpt>
      <trkpt lat="37.73553" lon="-119.58914">
        <ele>1728.11</ele>
      </trkpt>
      <trkpt lat="37.73563" lon="-119.58903">
        <ele>1730.55</ele>
      </trkpt>
      <trkpt lat="37.73571" lon="-119.58892">
        <ele>1732.76</ele>
      </trkpt>
      <trkpt lat="37.73583" lon="-119.58891">
        <ele>1724.89</ele>
      </trkpt>
      <trkpt lat="37.73595" lon="-119.58895">
        <ele>1714.6</ele>
      </trkpt>
      <trkpt lat="37.73607" lon="-119.58898">
        <ele>1708.47</ele>
      </trkpt>
      <trkpt lat="37.73619" lon="-119.58904">
        <ele>1702.67</ele>
      </trkpt>
      <trkpt lat="37.73631" lon="-119.58906">
        <ele>1700.92</ele>
      </trkpt>
      <trkpt lat="37.73642" lon="-119.58904">
        <ele>1700.9</ele>
      </trkpt>
      <trkpt lat="37.73651" lon="-119.58894">
        <ele>1705.15</ele>
      </trkpt>
      <trkpt lat="37.73663" lon="-119.5889">
        <ele>1700.66</ele>
      </trkpt>
      <trkpt lat="37.73674" lon="-119.58894">
        <ele>1694.1</ele>
      </trkpt>
      <trkpt lat="37.73686" lon="-119.58895">
        <ele>1690.26</ele>
      </trkpt>
      <trkpt lat="37.73692" lon="-119.58898">
        <ele>1686.1</ele>
      </trkpt>
      <trkpt lat="37.73697" lon="-119.58901">
        <ele>1680.63</ele>
      </trkpt>
      <trkpt lat="37.73703" lon="-119.58903">
        <ele>1672.78</ele>
      </trkpt>
      <trkpt lat="37.73701" lon="-119.58905">
        <ele>1674.59</ele>
      </trkpt>
      <trkpt lat="37.73698" lon="-119.58905">
        <ele>1678.0</ele>
      </trkpt>
      <trkpt lat="37.73694" lon="-119.58903">
        <ele>1683.07</ele>
      </trkpt>
      <trkpt lat="37.73691" lon="-119.589">
        <ele>1685.61</ele>
      </trkpt>
      <trkpt lat="37.73688" lon="-119.58898">
        <ele>1687.85</ele>
      </trkpt>
      <trkpt lat="37.73685" lon="-119.58896">
        <ele>1690.2</ele>
      </trkpt>
      <trkpt lat="37.73682" lon="-119.58896">
        <ele>1690.93</ele>
      </trkpt>
      <trkpt lat="37.73679" lon="-119.58897">
        <ele>1691.04</ele>
      </trkpt>
      <trkpt lat="37.73677" lon="-119.58898">
        <ele>1690.86</ele>
      </trkpt>
      <trkpt lat="37.73674" lon="-119.589">
        <ele>1690.22</ele>
      </trkpt>
      <trkpt lat="37.73671" lon="-119.58904">
        <ele>1688.27</ele>
      </trkpt>
      <trkpt lat="37.73668" lon="-119.58908">
        <ele>1686.33</ele>
      </trkpt>
      <trkpt lat="37.73663" lon="-119.58912">
        <ele>1686.2</ele>
      </trkpt>
      <trkpt lat="37.73659" lon="-119.58919">
        <ele>1683.63</ele>
      </trkpt>
      <trkpt lat="37.73656" lon="-119.58926">
        <ele>1680.56</ele>
      </trkpt>
      <trkpt lat="37.73652" lon="-119.58933">
        <ele>1677.31</ele>
      </trkpt>
      <trkpt lat="37.73649" lon="-119.5894">
        <ele>1673.13</ele>
      </trkpt>
      <trkpt lat="37.73645" lon="-119.58946">
        <ele>1669.67</ele>
      </trkpt>
      <trkpt lat="37.73639" lon="-119.58945">
        <ele>1671.62</ele>
      </trkpt>
      <trkpt lat="37.73632" lon="-119.58942">
        <ele>1675.34</ele>
      </trkpt>
      <trkpt lat="37.73627" lon="-119.5894">
        <ele>1677.79</ele>
      </trkpt>
      <trkpt lat="37.7362" lon="-119.58938">
        <ele>1680.2</ele>
      </trkpt>
      <trkpt lat="37.73613" lon="-119.58939">
        <ele>1680.0</ele>
      </trkpt>
      <trkpt lat="37.73608" lon="-119.58946">
        <ele>1675.66</ele>
      </trkpt>
      <trkpt lat="37.73603" lon="-119.58953">
        <ele>1672.21</ele>
      </trkpt>
      <trkpt lat="37.73599" lon="-119.58959">
        <ele>1672.0</ele>
      </trkpt>
      <trkpt lat="37.73595" lon="-119.58966">
        <ele>1671.95</ele>
      </trkpt>
      <trkpt lat="37.73592" lon="-119.58973">
        <ele>1671.11</ele>
      </trkpt>
      <trkpt lat="37.73589" lon="-119.5898">
        <ele>1670.36</ele>
      </trkpt>
      <trkpt lat="37.73583" lon="-119.58987">
        <ele>1670.57</ele>
      </trkpt>
      <trkpt lat="37.73579" lon="-119.58992">
        <ele>1668.99</ele>
      </trkpt>
      <trkpt lat="37.73573" lon="-119.58995">
        <ele>1669.24</ele>
      </trkpt>
      <trkpt lat="37.73566" lon="-119.58996">
        <ele>1671.51</ele>
      </trkpt>
      <trkpt lat="37.73558" lon="-119.58997">
        <ele>1671.03</ele>
      </trkpt>
      <trkpt lat="37.73552" lon="-119.58998">
        <ele>1669.06</ele>
      </trkpt>
      <trkpt lat="37.73545" lon="-119.59002">
        <ele>1664.42</ele>
      </trkpt>
      <trkpt lat="37.73541" lon="-119.59009">
        <ele>1659.02</ele>
      </trkpt>
      <trkpt lat="37.73542" lon="-119.59017">
        <ele>1653.61</ele>
      </trkpt>
      <trkpt lat="37.73548" lon="-119.59019">
        <ele>1652.74</ele>
      </trkpt>
      <trkpt lat="37.73554" lon="-119.59022">
        <ele>1651.12</ele>
      </trkpt>
      <trkpt lat="37.73559" lon="-119.59026">
        <ele>1648.82</ele>
      </trkpt>
      <trkpt lat="37.73566" lon="-119.5903">
        <ele>1647.6</ele>
      </trkpt>
      <trkpt lat="37.73571" lon="-119.59033">
        <ele>1646.39</ele>
      </trkpt>
      <trkpt lat="37.73577" lon="-119.59037">
        <ele>1644.69</ele>
      </trkpt>
      <trkpt lat="37.73584" lon="-119.59033">
        <ele>1645.11</ele>
      </trkpt>
      <trkpt lat="37.73588" lon="-119.59026">
        <ele>1646.78</ele>
      </trkpt>
      <trkpt lat="37.7359" lon="-119.59019">
        <ele>1647.91</ele>
      </trkpt>
      <trkpt lat="37.73596" lon="-119.59021">
        <ele>1646.9</ele>
      </trkpt>
      <trkpt lat="37.73596" lon="-119.59029">
        <ele>1644.01</ele>
      </trkpt>
      <trkpt lat="37.73593" lon="-119.59037">
        <ele>1639.8</ele>
      </trkpt>
      <trkpt lat="37.7359" lon="-119.59043">
        <ele>1635.5</ele>
      </trkpt>
      <trkpt lat="37.73584" lon="-119.59046">
        <ele>1635.9</ele>
      </trkpt>
      <trkpt lat="37.73577" lon="-119.59049">
        <ele>1636.4</ele>
      </trkpt>
      <trkpt lat="37.73571" lon="-119.5905">
        <ele>1637.8</ele>
      </trkpt>
      <trkpt lat="37.73565" lon="-119.5905">
        <ele>1639.74</ele>
      </trkpt>
      <trkpt lat="37.73558" lon="-119.59049">
        <ele>1641.61</ele>
      </trkpt>
      <trkpt lat="37.73555" lon="-119.59056">
        <ele>1636.5</ele>
      </trkpt>
      <trkpt lat="37.73561" lon="-119.59062">
        <ele>1630.26</ele>
      </trkpt>
      <trkpt lat="37.73555" lon="-119.59062">
        <ele>1631.35</ele>
      </trkpt>
      <trkpt lat="37.73548" lon="-119.59063">
        <ele>1629.59</ele>
      </trkpt>
      <trkpt lat="37.73546" lon="-119.59071">
        <ele>1623.96</ele>
      </trkpt>
      <trkpt lat="37.73549" lon="-119.59077">
        <ele>1620.4</ele>
      </trkpt>
      <trkpt lat="37.73544" lon="-119.59081">
        <ele>1617.26</ele>
      </trkpt>
      <trkpt lat="37.73541" lon="-119.59087">
        <ele>1611.3</ele>
      </trkpt>
      <trkpt lat="37.73535" lon="-119.59091">
        <ele>1608.73</ele>
      </trkpt>
      <trkpt lat="37.7353" lon="-119.59095">
        <ele>1609.81</ele>
      </trkpt>
      <trkpt lat="37.73524" lon="-119.591">
        <ele>1611.49</ele>
      </trkpt>
      <trkpt lat="37.73519" lon="-119.59106">
        <ele>1612.25</ele>
      </trkpt>
      <trkpt lat="37.73515" lon="-119.59112">
        <ele>1611.02</ele>
      </trkpt>
      <trkpt lat="37.73518" lon="-119.59118">
        <ele>1598.41</ele>
      </trkpt>
      <trkpt lat="37.73515" lon="-119.59124">
        <ele>1594.52</ele>
      </trkpt>
      <trkpt lat="37.73512" lon="-119.59131">
        <ele>1585.92</ele>
      </trkpt>
      <trkpt lat="37.73518" lon="-119.59131">
        <ele>1583.06</ele>
      </trkpt>
      <trkpt lat="37.73523" lon="-119.59126">
        <ele>1584.07</ele>
      </trkpt>
      <trkpt lat="37.73517" lon="-119.59129">
        <ele>1585.62</ele>
      </trkpt>
      <trkpt lat="37.7351" lon="-119.5913">
        <ele>1588.13</ele>
      </trkpt>
      <trkpt lat="37.73505" lon="-119.59135">
        <ele>1585.91</ele>
      </trkpt>
      <trkpt lat="37.73505" lon="-119.59142">
        <ele>1578.2</ele>
      </trkpt>
      <trkpt lat="37.73511" lon="-119.59145">
        <ele>1572.73</ele>
      </trkpt>
      <trkpt lat="37.73517" lon="-119.59147">
        <ele>1570.18</ele>
      </trkpt>
      <trkpt lat="37.73511" lon="-119.5915">
        <ele>1569.42</ele>
      </trkpt>
      <trkpt lat="37.73506" lon="-119.59153">
        <ele>1569.43</ele>
      </trkpt>
      <trkpt lat="37.73501" lon="-119.59157">
        <ele>1568.87</ele>
      </trkpt>
      <trkpt lat="37.73497" lon="-119.59163">
        <ele>1567.38</ele>
      </trkpt>
      <trkpt lat="37.73493" lon="-119.5917">
        <ele>1563.99</ele>
      </trkpt>
      <trkpt lat="37.7349" lon="-119.59177">
        <ele>1559.69</ele>
      </trkpt>
      <trkpt lat="37.73486" lon="-119.59184">
        <ele>1556.44</ele>
      </trkpt>
      <trkpt lat="37.7348" lon="-119.59188">
        <ele>1555.93</ele>
      </trkpt>
      <trkpt lat="37.73481" lon="-119.59196">
        <ele>1550.03</ele>
      </trkpt>
      <trkpt lat="37.73488" lon="-119.59196">
        <ele>1547.01</ele>
      </trkpt>
      <trkpt lat="37.73494" lon="-119.59192">
        <ele>1547.44</ele>
      </trkpt>
      <trkpt lat="37.73491" lon="-119.59199">
        <ele>1543.44</ele>
      </trkpt>
      <trkpt lat="37.73484" lon="-119.59202">
        <ele>1544.2</ele>
      </trkpt>
      <trkpt lat="37.73478" lon="-119.59203">
        <ele>1546.04</ele>
      </trkpt>
      <trkpt lat="37.73471" lon="-119.59203">
        <ele>1548.8</ele>
      </trkpt>
      <trkpt lat="37.73465" lon="-119.59204">
        <ele>1549.3</ele>
      </trkpt>
      <trkpt lat="37.73459" lon="-119.59206">
        <ele>1548.44</ele>
      </trkpt>
      <trkpt lat="37.73454" lon="-119.5921">
        <ele>1545.53</ele>
      </trkpt>
      <trkpt lat="37.73459" lon="-119.59215">
        <ele>1540.67</ele>
      </trkpt>
      <trkpt lat="37.73466" lon="-119.59217">
        <ele>1537.53</ele>
      </trkpt>
      <trkpt lat="37.73473" lon="-119.5922">
        <ele>1532.67</ele>
      </trkpt>
      <trkpt lat="37.7348" lon="-119.59223">
        <ele>1527.96</ele>
      </trkpt>
      <trkpt lat="37.73486" lon="-119.59224">
        <ele>1525.38</ele>
      </trkpt>
      <trkpt lat="37.73492" lon="-119.59221">
        <ele>1525.61</ele>
      </trkpt>
      <trkpt lat="37.73498" lon="-119.59216">
        <ele>1526.97</ele>
      </trkpt>
      <trkpt lat="37.73505" lon="-119.59216">
        <ele>1524.05</ele>
      </trkpt>
      <trkpt lat="37.73512" lon="-119.59218">
        <ele>1520.82</ele>
      </trkpt>
      <trkpt lat="37.73519" lon="-119.59218">
        <ele>1519.68</ele>
      </trkpt>
      <trkpt lat="37.73524" lon="-119.59216">
        <ele>1520.44</ele>
      </trkpt>
      <trkpt lat="37.73519" lon="-119.5922">
        <ele>1518.39</ele>
      </trkpt>
      <trkpt lat="37.73513" lon="-119.59226">
        <ele>1515.74</ele>
      </trkpt>
      <trkpt lat="37.73509" lon="-119.59231">
        <ele>1513.4</ele>
      </trkpt>
      <trkpt lat="37.73506" lon="-119.59239">
        <ele>1510.28</ele>
      </trkpt>
      <trkpt lat="37.73506" lon="-119.59246">
        <ele>1506.94</ele>
      </trkpt>
      <trkpt lat="37.73503" lon="-119.59253">
        <ele>1504.63</ele>
      </trkpt>
      <trkpt lat="37.73497" lon="-119.59255">
        <ele>1505.49</ele>
      </trkpt>
      <trkpt lat="37.73492" lon="-119.59259">
        <ele>1504.84</ele>
      </trkpt>
      <trkpt lat="37.73497" lon="-119.59264">
        <ele>1501.09</ele>
      </trkpt>
      <trkpt lat="37.73503" lon="-119.59262">
        <ele>1500.22</ele>
      </trkpt>
      <trkpt lat="37.73508" lon="-119.59256">
        <ele>1501.26</ele>
      </trkpt>
      <trkpt lat="37.73514" lon="-119.59252">
        <ele>1500.47</ele>
      </trkpt>
      <trkpt lat="37.7352" lon="-119.59252">
        <ele>1497.75</ele>
      </trkpt>
      <trkpt lat="37.73527" lon="-119.59255">
        <ele>1494.02</ele>
      </trkpt>
      <trkpt lat="37.73534" lon="-119.59257">
        <ele>1491.79</ele>
      </trkpt>
      <trkpt lat="37.73539" lon="-119.59254">
        <ele>1492.98</ele>
      </trkpt>
      <trkpt lat="37.73545" lon="-119.5925">
        <ele>1494.28</ele>
      </trkpt>
      <trkpt lat="37.73551" lon="-119.59246">
        <ele>1494.64</ele>
      </trkpt>
      <trkpt lat="37.73557" lon="-119.59244">
        <ele>1493.93</ele>
      </trkpt>
      <trkpt lat="37.73559" lon="-119.59251">
        <ele>1489.72</ele>
      </trkpt>
      <trkpt lat="37.73555" lon="-119.59258">
        <ele>1486.81</ele>
      </trkpt>
      <trkpt lat="37.73552" lon="-119.59265">
        <ele>1483.05</ele>
      </trkpt>
      <trkpt lat="37.73548" lon="-119.59271">
        <ele>1480.02</ele>
      </trkpt>
      <trkpt lat="37.73543" lon="-119.59274">
        <ele>1478.8</ele>
      </trkpt>
      <trkpt lat="37.73537" lon="-119.59276">
        <ele>1478.16</ele>
      </trkpt>
      <trkpt lat="37.73532" lon="-119.59283">
        <ele>1474.45</ele>
      </trkpt>
      <trkpt lat="37.73527" lon="-119.59288">
        <ele>1472.8</ele>
      </trkpt>
      <trkpt lat="37.73522" lon="-119.59294">
        <ele>1472.08</ele>
      </trkpt>
      <trkpt lat="37.73517" lon="-119.59297">
        <ele>1473.28</ele>
      </trkpt>
      <trkpt lat="37.7351" lon="-119.59298">
        <ele>1475.76</ele>
      </trkpt>
      <trkpt lat="37.73503" lon="-119.59299">
        <ele>1477.17</ele>
      </trkpt>
      <trkpt lat="37.73497" lon="-119.593">
        <ele>1477.52</ele>
      </trkpt>
      <trkpt lat="37.7349" lon="-119.59301">
        <ele>1477.52</ele>
      </trkpt>
      <trkpt lat="37.73484" lon="-119.59303">
        <ele>1476.66</ele>
      </trkpt>
      <trkpt lat="37.73477" lon="-119.59306">
        <ele>1474.66</ele>
      </trkpt>
      <trkpt lat="37.7347" lon="-119.59306">
        <ele>1474.9</ele>
      </trkpt>
      <trkpt lat="37.73464" lon="-119.59306">
        <ele>1475.55</ele>
      </trkpt>
      <trkpt lat="37.73458" lon="-119.59306">
        <ele>1475.66</ele>
      </trkpt>
      <trkpt lat="37.7345" lon="-119.59307">
        <ele>1474.91</ele>
      </trkpt>
      <trkpt lat="37.73443" lon="-119.59309">
        <ele>1473.34</ele>
      </trkpt>
      <trkpt lat="37.73436" lon="-119.5931">
        <ele>1472.2</ele>
      </trkpt>
      <trkpt lat="37.7343" lon="-119.59312">
        <ele>1470.43</ele>
      </trkpt>
      <trkpt lat="37.73425" lon="-119.59317">
        <ele>1466.35</ele>
      </trkpt>
      <trkpt lat="37.73419" lon="-119.59323">
        <ele>1461.81</ele>
      </trkpt>
      <trkpt lat="37.73413" lon="-119.59325">
        <ele>1460.0</ele>
      </trkpt>
      <trkpt lat="37.73408" lon="-119.59329">
        <ele>1456.87</ele>
      </trkpt>
      <trkpt lat="37.734" lon="-119.59332">
        <ele>1454.06</ele>
      </trkpt>
      <trkpt lat="37.73392" lon="-119.59334">
        <ele>1452.59</ele>
      </trkpt>
      <trkpt lat="37.73387" lon="-119.59336">
        <ele>1451.27</ele>
      </trkpt>
      <trkpt lat="37.73381" lon="-119.59336">
        <ele>1451.27</ele>
      </trkpt>
      <trkpt lat="37.73375" lon="-119.59338">
        <ele>1451.22</ele>
      </trkpt>
      <trkpt lat="37.7337" lon="-119.59341">
        <ele>1450.36</ele>
      </trkpt>
      <trkpt lat="37.73365" lon="-119.59345">
        <ele>1448.68</ele>
      </trkpt>
      <trkpt lat="37.73359" lon="-119.59346">
        <ele>1449.49</ele>
      </trkpt>
      <trkpt lat="37.73352" lon="-119.59348">
        <ele>1449.12</ele>
      </trkpt>
      <trkpt lat="37.73344" lon="-119.59353">
        <ele>1445.7</ele>
      </trkpt>
      <trkpt lat="37.73338" lon="-119.59359">
        <ele>1444.3</ele>
      </trkpt>
      <trkpt lat="37.73333" lon="-119.59364">
        <ele>1444.44</ele>
      </trkpt>
      <trkpt lat="37.73329" lon="-119.5937">
        <ele>1444.0</ele>
      </trkpt>
      <trkpt lat="37.73324" lon="-119.59375">
        <ele>1445.06</ele>
      </trkpt>
      <trkpt lat="37.73317" lon="-119.59381">
        <ele>1446.35</ele>
      </trkpt>
      <trkpt lat="37.73313" lon="-119.59386">
        <ele>1445.16</ele>
      </trkpt>
      <trkpt lat="37.73306" lon="-119.5939">
        <ele>1445.93</ele>
      </trkpt>
      <trkpt lat="37.73301" lon="-119.59396">
        <ele>1444.84</ele>
      </trkpt>
      <trkpt lat="37.73297" lon="-119.59405">
        <ele>1442.77</ele>
      </trkpt>
      <trkpt lat="37.73293" lon="-119.59413">
        <ele>1440.51</ele>
      </trkpt>
      <trkpt lat="37.7329" lon="-119.59421">
        <ele>1437.74</ele>
      </trkpt>
      <trkpt lat="37.73286" lon="-119.59429">
        <ele>1435.61</ele>
      </trkpt>
      <trkpt lat="37.73282" lon="-119.59434">
        <ele>1434.96</ele>
      </trkpt>
      <trkpt lat="37.73278" lon="-119.59439">
        <ele>1434.39</ele>
      </trkpt>
      <trkpt lat="37.73272" lon="-119.59444">
        <ele>1434.44</ele>
      </trkpt>
      <trkpt lat="37.73267" lon="-119.59449">
        <ele>1434.36</ele>
      </trkpt>
      <trkpt lat="37.73261" lon="-119.59452">
        <ele>1435.47</ele>
      </trkpt>
      <trkpt lat="37.73256" lon="-119.59456">
        <ele>1434.13</ele>
      </trkpt>
      <trkpt lat="37.73251" lon="-119.59461">
        <ele>1431.35</ele>
      </trkpt>
      <trkpt lat="37.73245" lon="-119.5946">
        <ele>1432.07</ele>
      </trkpt>
      <trkpt lat="37.73241" lon="-119.59466">
        <ele>1428.02</ele>
      </trkpt>
      <trkpt lat="37.7324" lon="-119.59474">
        <ele>1423.34</ele>
      </trkpt>
      <trkpt lat="37.73234" lon="-119.59477">
        <ele>1423.96</ele>
      </trkpt>
      <trkpt lat="37.73228" lon="-119.5948">
        <ele>1423.71</ele>
      </trkpt>
      <trkpt lat="37.73222" lon="-119.59491">
        <ele>1420.09</ele>
      </trkpt>
      <trkpt lat="37.73215" lon="-119.59503">
        <ele>1421.78</ele>
      </trkpt>
      <trkpt lat="37.73205" lon="-119.59513">
        <ele>1424.09</ele>
      </trkpt>
      <trkpt lat="37.73197" lon="-119.59523">
        <ele>1423.59</ele>
      </trkpt>
      <trkpt lat="37.73191" lon="-119.59536">
        <ele>1420.19</ele>
      </trkpt>
      <trkpt lat="37.73182" lon="-119.59546">
        <ele>1417.54</ele>
      </trkpt>
      <trkpt lat="37.73181" lon="-119.5956">
        <ele>1410.31</ele>
      </trkpt>
      <trkpt lat="37.73171" lon="-119.59569">
        <ele>1411.93</ele>
      </trkpt>
      <trkpt lat="37.73163" lon="-119.59581">
        <ele>1410.64</ele>
      </trkpt>
      <trkpt lat="37.73156" lon="-119.59593">
        <ele>1408.54</ele>
      </trkpt>
      <trkpt lat="37.73147" lon="-119.59604">
        <ele>1407.46</ele>
      </trkpt>
      <trkpt lat="37.7314" lon="-119.59616">
        <ele>1404.23</ele>
      </trkpt>
      <trkpt lat="37.73131" lon="-119.59628">
        <ele>1400.46</ele>
      </trkpt>
      <trkpt lat="37.73124" lon="-119.5964">
        <ele>1395.15</ele>
      </trkpt>
      <trkpt lat="37.73115" lon="-119.5965">
        <ele>1392.06</ele>
      </trkpt>
      <trkpt lat="37.73107" lon="-119.59662">
        <ele>1391.74</ele>
      </trkpt>
      <trkpt lat="37.73101" lon="-119.59676">
        <ele>1388.34</ele>
      </trkpt>
      <trkpt lat="37.73093" lon="-119.59687">
        <ele>1387.04</ele>
      </trkpt>
      <trkpt lat="37.73084" lon="-119.59698">
        <ele>1385.25</ele>
      </trkpt>
      <trkpt lat="37.73074" lon="-119.59705">
        <ele>1385.46</ele>
      </trkpt>
      <trkpt lat="37.73063" lon="-119.59711">
        <ele>1386.48</ele>
      </trkpt>
      <trkpt lat="37.7305" lon="-119.59714">
        <ele>1389.17</ele>
      </trkpt>
      <trkpt lat="37.73039" lon="-119.59712">
        <ele>1391.58</ele>
      </trkpt>
      <trkpt lat="37.73027" lon="-119.59718">
        <ele>1389.1</ele>
      </trkpt>
      <trkpt lat="37.73025" lon="-119.59733">
        <ele>1381.19</ele>
      </trkpt>
      <trkpt lat="37.73021" lon="-119.59747">
        <ele>1376.75</ele>
      </trkpt>
      <trkpt lat="37.73014" lon="-119.59761">
        <ele>1376.78</ele>
      </trkpt>
      <trkpt lat="37.73006" lon="-119.59773">
        <ele>1375.47</ele>
      </trkpt>
      <trkpt lat="37.72998" lon="-119.59786">
        <ele>1372.21</ele>
      </trkpt>
      <trkpt lat="37.72992" lon="-119.598">
        <ele>1367.39</ele>
      </trkpt>
      <trkpt lat="37.72987" lon="-119.59814">
        <ele>1366.2</ele>
      </trkpt>
      <trkpt lat="37.72979" lon="-119.59826">
        <ele>1366.45</ele>
      </trkpt>
      <trkpt lat="37.72971" lon="-119.59839">
        <ele>1364.42</ele>
      </trkpt>
      <trkpt lat="37.72961" lon="-119.59846">
        <ele>1365.01</ele>
      </trkpt>
      <trkpt lat="37.7295" lon="-119.59854">
        <ele>1365.44</ele>
      </trkpt>
      <trkpt lat="37.7294" lon="-119.59861">
        <ele>1365.5</ele>
      </trkpt>
      <trkpt lat="37.72934" lon="-119.59874">
        <ele>1363.46</ele>
      </trkpt>
      <trkpt lat="37.72925" lon="-119.59884">
        <ele>1364.98</ele>
      </trkpt>
      <trkpt lat="37.72919" lon="-119.59895">
        <ele>1363.52</ele>
      </trkpt>
      <trkpt lat="37.72916" lon="-119.59902">
        <ele>1361.62</ele>
      </trkpt>
      <trkpt lat="37.72911" lon="-119.59908">
        <ele>1361.19</ele>
      </trkpt>
      <trkpt lat="37.72907" lon="-119.59914">
        <ele>1360.36</ele>
      </trkpt>
      <trkpt lat="37.72903" lon="-119.5992">
        <ele>1359.94</ele>
      </trkpt>
      <trkpt lat="37.72899" lon="-119.59928">
        <ele>1358.85</ele>
      </trkpt>
      <trkpt lat="37.72896" lon="-119.59934">
        <ele>1358.54</ele>
      </trkpt>
      <trkpt lat="37.72894" lon="-119.59941">
        <ele>1357.36</ele>
      </trkpt>
      <trkpt lat="37.72891" lon="-119.59948">
        <ele>1356.71</ele>
      </trkpt>
      <trkpt lat="37.72887" lon="-119.59954">
        <ele>1356.72</ele>
      </trkpt>
      <trkpt lat="37.72882" lon="-119.59959">
        <ele>1357.26</ele>
      </trkpt>
      <trkpt lat="37.72879" lon="-119.59966">
        <ele>1356.29</ele>
      </trkpt>
      <trkpt lat="37.72877" lon="-119.59974">
        <ele>1354.42</ele>
      </trkpt>
      <trkpt lat="37.72876" lon="-119.59982">
        <ele>1351.77</ele>
      </trkpt>
      <trkpt lat="37.72876" lon="-119.59991">
        <ele>1348.46</ele>
      </trkpt>
      <trkpt lat="37.72879" lon="-119.59984">
        <ele>1349.51</ele>
      </trkpt>
      <trkpt lat="37.72884" lon="-119.59976">
        <ele>1350.01</ele>
      </trkpt>
      <trkpt lat="37.72889" lon="-119.5997">
        <ele>1349.9</ele>
      </trkpt>
      <trkpt lat="37.72894" lon="-119.59963">
        <ele>1350.22</ele>
      </trkpt>
      <trkpt lat="37.729" lon="-119.59956">
        <ele>1349.06</ele>
      </trkpt>
      <trkpt lat="37.72905" lon="-119.59951">
        <ele>1347.44</ele>
      </trkpt>
      <trkpt lat="37.72909" lon="-119.59946">
        <ele>1346.32</ele>
      </trkpt>
      <trkpt lat="37.72914" lon="-119.5994">
        <ele>1344.8</ele>
      </trkpt>
      <trkpt lat="37.7292" lon="-119.59933">
        <ele>1344.02</ele>
      </trkpt>
      <trkpt lat="37.72926" lon="-119.59927">
        <ele>1343.39</ele>
      </trkpt>
      <trkpt lat="37.72931" lon="-119.59923">
        <ele>1343.53</ele>
      </trkpt>
      <trkpt lat="37.72936" lon="-119.59918">
        <ele>1343.85</ele>
      </trkpt>
      <trkpt lat="37.72942" lon="-119.59912">
        <ele>1343.97</ele>
      </trkpt>
      <trkpt lat="37.72947" lon="-119.59908">
        <ele>1343.58</ele>
      </trkpt>
      <trkpt lat="37.72952" lon="-119.59904">
        <ele>1343.28</ele>
      </trkpt>
      <trkpt lat="37.72957" lon="-119.59899">
        <ele>1342.85</ele>
      </trkpt>
      <trkpt lat="37.72963" lon="-119.59897">
        <ele>1340.35</ele>
      </trkpt>
      <trkpt lat="37.72969" lon="-119.59894">
        <ele>1337.79</ele>
      </trkpt>
      <trkpt lat="37.72975" lon="-119.59891">
        <ele>1334.98</ele>
      </trkpt>
      <trkpt lat="37.72981" lon="-119.59886">
        <ele>1333.8</ele>
      </trkpt>
      <trkpt lat="37.72987" lon="-119.59883">
        <ele>1332.8</ele>
      </trkpt>
      <trkpt lat="37.72992" lon="-119.59877">
        <ele>1334.41</ele>
      </trkpt>
      <trkpt lat="37.72996" lon="-119.59871">
        <ele>1336.72</ele>
      </trkpt>
      <trkpt lat="37.73002" lon="-119.59869">
        <ele>1335.02</ele>
      </trkpt>
      <trkpt lat="37.73007" lon="-119.59864">
        <ele>1336.1</ele>
      </trkpt>
      <trkpt lat="37.73012" lon="-119.5986">
        <ele>1336.5</ele>
      </trkpt>
      <trkpt lat="37.73017" lon="-119.59855">
        <ele>1337.06</ele>
      </trkpt>
      <trkpt lat="37.73023" lon="-119.59852">
        <ele>1335.99</ele>
      </trkpt>
      <trkpt lat="37.73029" lon="-119.59849">
        <ele>1335.1</ele>
      </trkpt>
      <trkpt lat="37.73035" lon="-119.59848">
        <ele>1333.42</ele>
      </trkpt>
      <trkpt lat="37.73042" lon="-119.59847">
        <ele>1330.95</ele>
      </trkpt>
      <trkpt lat="37.73037" lon="-119.59851">
        <ele>1331.38</ele>
      </trkpt>
      <trkpt lat="37.73034" lon="-119.59859">
        <ele>1328.38</ele>
      </trkpt>
      <trkpt lat="37.73033" lon="-119.59866">
        <ele>1324.87</ele>
      </trkpt>
      <trkpt lat="37.73031" lon="-119.59875">
        <ele>1320.46</ele>
      </trkpt>
      <trkpt lat="37.73027" lon="-119.59886">
        <ele>1315.81</ele>
      </trkpt>
      <trkpt lat="37.73024" lon="-119.59898">
        <ele>1311.29</ele>
      </trkpt>
      <trkpt lat="37.7303" lon="-119.59894">
        <ele>1311.18</ele>
      </trkpt>
      <trkpt lat="37.73036" lon="-119.5989">
        <ele>1311.64</ele>
      </trkpt>
      <trkpt lat="37.73041" lon="-119.59885">
        <ele>1312.4</ele>
      </trkpt>
      <trkpt lat="37.73046" lon="-119.59881">
        <ele>1312.5</ele>
      </trkpt>
      <trkpt lat="37.73053" lon="-119.5988">
        <ele>1311.36</ele>
      </trkpt>
      <trkpt lat="37.7306" lon="-119.59879">
        <ele>1309.83</ele>
      </trkpt>
      <trkpt lat="37.73067" lon="-119.59878">
        <ele>1308.0</ele>
      </trkpt>
      <trkpt lat="37.73073" lon="-119.59877">
        <ele>1306.48</ele>
      </trkpt>
      <trkpt lat="37.73078" lon="-119.59875">
        <ele>1305.52</ele>
      </trkpt>
      <trkpt lat="37.73075" lon="-119.5988">
        <ele>1304.4</ele>
      </trkpt>
      <trkpt lat="37.73071" lon="-119.59887">
        <ele>1302.02</ele>
      </trkpt>
      <trkpt lat="37.7307" lon="-119.59895">
        <ele>1297.65</ele>
      </trkpt>
      <trkpt lat="37.73072" lon="-119.59903">
        <ele>1292.28</ele>
      </trkpt>
      <trkpt lat="37.73067" lon="-119.59916">
        <ele>1287.42</ele>
      </trkpt>
      <trkpt lat="37.73062" lon="-119.59924">
        <ele>1286.05</ele>
      </trkpt>
      <trkpt lat="37.73059" lon="-119.59933">
        <ele>1284.7</ele>
      </trkpt>
      <trkpt lat="37.73059" lon="-119.5994">
        <ele>1283.62</ele>
      </trkpt>
      <trkpt lat="37.73064" lon="-119.59935">
        <ele>1281.5</ele>
      </trkpt>
      <trkpt lat="37.73069" lon="-119.59932">
        <ele>1280.52</ele>
      </trkpt>
      <trkpt lat="37.73074" lon="-119.59927">
        <ele>1279.8</ele>
      </trkpt>
      <trkpt lat="37.73079" lon="-119.59921">
        <ele>1280.82</ele>
      </trkpt>
      <trkpt lat="37.73086" lon="-119.59919">
        <ele>1279.95</ele>
      </trkpt>
      <trkpt lat="37.73092" lon="-119.59918">
        <ele>1278.61</ele>
      </trkpt>
      <trkpt lat="37.73098" lon="-119.59919">
        <ele>1276.24</ele>
      </trkpt>
      <trkpt lat="37.73101" lon="-119.59925">
        <ele>1272.68</ele>
      </trkpt>
      <trkpt lat="37.73106" lon="-119.59931">
        <ele>1268.91</ele>
      </trkpt>
      <trkpt lat="37.73109" lon="-119.59938">
        <ele>1265.54</ele>
      </trkpt>
      <trkpt lat="37.73111" lon="-119.59946">
        <ele>1262.52</ele>
      </trkpt>
      <trkpt lat="37.73111" lon="-119.59955">
        <ele>1259.6</ele>
      </trkpt>
      <trkpt lat="37.73111" lon="-119.59965">
        <ele>1256.37</ele>
      </trkpt>
      <trkpt lat="37.73109" lon="-119.59973">
        <ele>1254.52</ele>
      </trkpt>
      <trkpt lat="37.73106" lon="-119.59981">
        <ele>1253.76</ele>
      </trkpt>
      <trkpt lat="37.73102" lon="-119.5999">
        <ele>1254.0</ele>
      </trkpt>
      <trkpt lat="37.731" lon="-119.59997">
        <ele>1252.91</ele>
      </trkpt>
      <trkpt lat="37.73097" lon="-119.60004">
        <ele>1252.53</ele>
      </trkpt>
      <trkpt lat="37.73093" lon="-119.6001">
        <ele>1252.66</ele>
      </trkpt>
      <trkpt lat="37.73089" lon="-119.60017">
        <ele>1252.88</ele>
      </trkpt>
      <trkpt lat="37.73084" lon="-119.60024">
        <ele>1253.57</ele>
      </trkpt>
      <trkpt lat="37.7308" lon="-119.60033">
        <ele>1253.52</ele>
      </trkpt>
      <trkpt lat="37.73078" lon="-119.60041">
        <ele>1253.73</ele>
      </trkpt>
      <trkpt lat="37.73076" lon="-119.6005">
        <ele>1253.98</ele>
      </trkpt>
      <trkpt lat="37.73076" lon="-119.60058">
        <ele>1253.17</ele>
      </trkpt>
      <trkpt lat="37.73078" lon="-119.60067">
        <ele>1252.05</ele>
      </trkpt>
      <trkpt lat="37.73079" lon="-119.60075">
        <ele>1251.3</ele>
      </trkpt>
      <trkpt lat="37.73082" lon="-119.60083">
        <ele>1249.47</ele>
      </trkpt>
      <trkpt lat="37.73085" lon="-119.60091">
        <ele>1247.63</ele>
      </trkpt>
      <trkpt lat="37.73088" lon="-119.60098">
        <ele>1246.2</ele>
      </trkpt>
      <trkpt lat="37.73093" lon="-119.60103">
        <ele>1244.74</ele>
      </trkpt>
      <trkpt lat="37.73099" lon="-119.60107">
        <ele>1242.37</ele>
      </trkpt>
      <trkpt lat="37.73105" lon="-119.60108">
        <ele>1240.54</ele>
      </trkpt>
      <trkpt lat="37.73112" lon="-119.60108">
        <ele>1238.74</ele>
      </trkpt>
      <trkpt lat="37.73118" lon="-119.60109">
        <ele>1236.94</ele>
      </trkpt>
      <trkpt lat="37.73124" lon="-119.6011">
        <ele>1235.29</ele>
      </trkpt>
      <trkpt lat="37.73131" lon="-119.60112">
        <ele>1233.61</ele>
      </trkpt>
      <trkpt lat="37.73137" lon="-119.60114">
        <ele>1232.1</ele>
      </trkpt>
      <trkpt lat="37.73144" lon="-119.60116">
        <ele>1230.66</ele>
      </trkpt>
      <trkpt lat="37.7315" lon="-119.60118">
        <ele>1229.8</ele>
      </trkpt>
      <trkpt lat="37.73156" lon="-119.60119">
        <ele>1229.15</ele>
      </trkpt>
      <trkpt lat="37.73164" lon="-119.60118">
        <ele>1228.29</ele>
      </trkpt>
      <trkpt lat="37.73171" lon="-119.60117">
        <ele>1227.06</ele>
      </trkpt>
      <trkpt lat="37.73178" lon="-119.60114">
        <ele>1225.78</ele>
      </trkpt>
      <trkpt lat="37.73182" lon="-119.60107">
        <ele>1225.5</ele>
      </trkpt>
      <trkpt lat="37.73186" lon="-119.60101">
        <ele>1225.0</ele>
      </trkpt>
      <trkpt lat="37.73193" lon="-119.60095">
        <ele>1224.27</ele>
      </trkpt>
      <trkpt lat="37.73201" lon="-119.6009">
        <ele>1223.29</ele>
      </trkpt>
      <trkpt lat="37.73207" lon="-119.60082">
        <ele>1222.64</ele>
      </trkpt>
      <trkpt lat="37.73215" lon="-119.60077">
        <ele>1221.78</ele>
      </trkpt>
      <trkpt lat="37.73221" lon="-119.60072">
        <ele>1221.13</ele>
      </trkpt>
      <trkpt lat="37.73227" lon="-119.60067">
        <ele>1220.48</ele>
      </trkpt>
      <trkpt lat="37.73233" lon="-119.6006">
        <ele>1220.0</ele>
      </trkpt>
      <trkpt lat="37.73237" lon="-119.60056">
        <ele>1220.0</ele>
      </trkpt>
      <trkpt lat="37.73244" lon="-119.60057">
        <ele>1219.65</ele>
      </trkpt>
      <trkpt lat="37.7325" lon="-119.60061">
        <ele>1219.0</ele>
      </trkpt>
      <trkpt lat="37.73254" lon="-119.60066">
        <ele>1219.0</ele>
      </trkpt>
      <trkpt lat="37.73259" lon="-119.60071">
        <ele>1219.0</ele>
      </trkpt>
      <trkpt lat="37.73264" lon="-119.60076">
        <ele>1219.0</ele>
      </trkpt>
      <trkpt lat="37.73269" lon="-119.60081">
        <ele>1219.0</ele>
      </trkpt>
      <trkpt lat="37.73274" lon="-119.60085">
        <ele>1218.89</ele>
      </trkpt>
      <trkpt lat="37.7328" lon="-119.60086">
        <ele>1218.54</ele>
      </trkpt>
      <trkpt lat="37.73286" lon="-119.60091">
        <ele>1218.02</ele>
      </trkpt>
      <trkpt lat="37.7329" lon="-119.60098">
        <ele>1218.0</ele>
      </trkpt>
      <trkpt lat="37.73294" lon="-119.60103">
        <ele>1217.91</ele>
      </trkpt>
      <trkpt lat="37.73301" lon="-119.60107">
        <ele>1217.44</ele>
      </trkpt>
      <trkpt lat="37.73307" lon="-119.6011">
        <ele>1217.12</ele>
      </trkpt>
      <trkpt lat="37.73312" lon="-119.60115">
        <ele>1217.0</ele>
      </trkpt>
      <trkpt lat="37.73317" lon="-119.60119">
        <ele>1217.0</ele>
      </trkpt>
      <trkpt lat="37.73323" lon="-119.60122">
        <ele>1216.84</ele>
      </trkpt>
      <trkpt lat="37.73328" lon="-119.60127">
        <ele>1216.16</ele>
      </trkpt>
      <trkpt lat="37.73333" lon="-119.60131">
        <ele>1216.0</ele>
      </trkpt>
      <trkpt lat="37.73339" lon="-119.60135">
        <ele>1216.0</ele>
      </trkpt>
      <trkpt lat="37.73344" lon="-119.6014">
        <ele>1215.88</ele>
      </trkpt>
      <trkpt lat="37.73348" lon="-119.60146">
        <ele>1215.23</ele>
      </trkpt>
      <trkpt lat="37.73351" lon="-119.60152">
        <ele>1215.0</ele>
      </trkpt>
      <trkpt lat="37.73355" lon="-119.60158">
        <ele>1214.98</ele>
      </trkpt>
      <trkpt lat="37.73357" lon="-119.60166">
        <ele>1214.48</ele>
      </trkpt>
      <trkpt lat="37.73363" lon="-119.6017">
        <ele>1214.0</ele>
      </trkpt>
      <trkpt lat="37.73369" lon="-119.60174">
        <ele>1214.0</ele>
      </trkpt>
      <trkpt lat="37.73374" lon="-119.60178">
        <ele>1213.47</ele>
      </trkpt>
      <trkpt lat="37.7338" lon="-119.60182">
        <ele>1213.0</ele>
      </trkpt>
      <trkpt lat="37.73385" lon="-119.60187">
        <ele>1213.0</ele>
      </trkpt>
    </trkseg>
  </trk>
</gpx>
