<?xml version="1.0" encoding="UTF-8"?>
<gpx xmlns:xsi="http://www.w3.org/2001/XMLSchema-instance" version="1.1" creator="The Outbound Collective, Inc. 1.1.1 -- https://www.theoutbound.com" xsi:schemaLocation="http://www.topografix.com/GPX/1/1 http://www.topografix.com/GPX/1/1/gpx.xsd">
  <metadata>
    <name/>
    <time>2026-02-19T21:52:25+00:00</time>
    <bound minlat="37.70998" minlon="-119.57381" maxlat="37.76771254546063" maxlon="-119.48919"/>
  </metadata>
  <trk>
    <name/>
    <trkseg>
      <trkpt lat="37.72834099210497" lon="-119.5730710029602">
        <ele>2181.0</ele>
      </trkpt>
      <trkpt lat="37.72833706521125" lon="-119.5730914046481">
        <ele>2181.0</ele>
      </trkpt>
      <trkpt lat="37.72817" lon="-119.57304">
        <ele>2181.0</ele>
      </trkpt>
      <trkpt lat="37.72817" lon="-119.57304">
        <ele>2181.0</ele>
      </trkpt>
      <trkpt lat="37.72817" lon="-119.57304">
        <ele>2181.0</ele>
      </trkpt>
      <trkpt lat="37.72829" lon="-119.57317">
        <ele>2181.0</ele>
      </trkpt>
      <trkpt lat="37.72838" lon="-119.5732">
        <ele>2188.0</ele>
      </trkpt>
      <trkpt lat="37.72842" lon="-119.57326">
        <ele>2188.0</ele>
      </trkpt>
      <trkpt lat="37.72842042225887" lon="-119.5732622287474">
        <ele>2188.0</ele>
      </trkpt>
      <trkpt lat="37.72836" lon="-119.57328">
        <ele>2188.0</ele>
      </trkpt>
      <trkpt lat="37.72836" lon="-119.57328">
        <ele>2188.0</ele>
      </trkpt>
      <trkpt lat="37.72824" lon="-119.57322">
        <ele>2188.0</ele>
      </trkpt>
      <trkpt lat="37.72815" lon="-119.57322">
        <ele>2185.0</ele>
      </trkpt>
      <trkpt lat="37.72815" lon="-119.57322">
        <ele>2185.0</ele>
      </trkpt>
      <trkpt lat="37.72815" lon="-119.57322">
        <ele>2185.0</ele>
      </trkpt>
      <trkpt lat="37.72801" lon="-119.57326">
        <ele>2185.0</ele>
      </trkpt>
      <trkpt lat="37.72801" lon="-119.57326">
        <ele>2185.0</ele>
      </trkpt>
      <trkpt lat="37.72792" lon="-119.57326">
        <ele>2185.0</ele>
      </trkpt>
      <trkpt lat="37.72792" lon="-119.57326">
        <ele>2185.0</ele>
      </trkpt>
      <trkpt lat="37.72789" lon="-119.57326">
        <ele>2188.0</ele>
      </trkpt>
      <trkpt lat="37.72789" lon="-119.57326">
        <ele>2188.0</ele>
      </trkpt>
      <trkpt lat="37.7278" lon="-119.57328">
        <ele>2188.0</ele>
      </trkpt>
      <trkpt lat="37.7278" lon="-119.57328">
        <ele>2188.0</ele>
      </trkpt>
      <trkpt lat="37.72763" lon="-119.57345">
        <ele>2197.0</ele>
      </trkpt>
      <trkpt lat="37.72752" lon="-119.57353">
        <ele>2201.0</ele>
      </trkpt>
      <trkpt lat="37.72743" lon="-119.57356">
        <ele>2201.0</ele>
      </trkpt>
      <trkpt lat="37.72729" lon="-119.57373">
        <ele>2209.0</ele>
      </trkpt>
      <trkpt lat="37.72724" lon="-119.57374">
        <ele>2209.0</ele>
      </trkpt>
      <trkpt lat="37.72711" lon="-119.57367">
        <ele>2209.0</ele>
      </trkpt>
      <trkpt lat="37.72693" lon="-119.57381">
        <ele>2213.0</ele>
      </trkpt>
      <trkpt lat="37.72693" lon="-119.57381">
        <ele>2213.0</ele>
      </trkpt>
      <trkpt lat="37.72683" lon="-119.57376">
        <ele>2213.0</ele>
      </trkpt>
      <trkpt lat="37.72674" lon="-119.57366">
        <ele>2210.0</ele>
      </trkpt>
      <trkpt lat="37.72665" lon="-119.57347">
        <ele>2202.0</ele>
      </trkpt>
      <trkpt lat="37.7266" lon="-119.5734">
        <ele>2202.0</ele>
      </trkpt>
      <trkpt lat="37.72625" lon="-119.57311">
        <ele>2195.0</ele>
      </trkpt>
      <trkpt lat="37.72617" lon="-119.57317">
        <ele>2195.0</ele>
      </trkpt>
      <trkpt lat="37.72572" lon="-119.57324">
        <ele>2208.0</ele>
      </trkpt>
      <trkpt lat="37.72537" lon="-119.5731">
        <ele>2202.0</ele>
      </trkpt>
      <trkpt lat="37.72449" lon="-119.57265">
        <ele>2194.0</ele>
      </trkpt>
      <trkpt lat="37.72443" lon="-119.57259">
        <ele>2186.0</ele>
      </trkpt>
      <trkpt lat="37.72452" lon="-119.57253">
        <ele>2186.0</ele>
      </trkpt>
      <trkpt lat="37.72482" lon="-119.57242">
        <ele>2184.0</ele>
      </trkpt>
      <trkpt lat="37.72509" lon="-119.57241">
        <ele>2181.0</ele>
      </trkpt>
      <trkpt lat="37.72533" lon="-119.57248">
        <ele>2178.0</ele>
      </trkpt>
      <trkpt lat="37.72574" lon="-119.5723">
        <ele>2166.0</ele>
      </trkpt>
      <trkpt lat="37.72586" lon="-119.57231">
        <ele>2166.0</ele>
      </trkpt>
      <trkpt lat="37.72611" lon="-119.57225">
        <ele>2170.0</ele>
      </trkpt>
      <trkpt lat="37.72611" lon="-119.57221">
        <ele>2170.0</ele>
      </trkpt>
      <trkpt lat="37.72547" lon="-119.57177">
        <ele>2152.0</ele>
      </trkpt>
      <trkpt lat="37.72521" lon="-119.57162">
        <ele>2152.0</ele>
      </trkpt>
      <trkpt lat="37.72511" lon="-119.57152">
        <ele>2144.0</ele>
      </trkpt>
      <trkpt lat="37.72455" lon="-119.57129">
        <ele>2149.0</ele>
      </trkpt>
      <trkpt lat="37.72351" lon="-119.57142">
        <ele>2151.0</ele>
      </trkpt>
      <trkpt lat="37.72345" lon="-119.5714">
        <ele>2154.0</ele>
      </trkpt>
      <trkpt lat="37.72337" lon="-119.57134">
        <ele>2154.0</ele>
      </trkpt>
      <trkpt lat="37.72335" lon="-119.57124">
        <ele>2148.0</ele>
      </trkpt>
      <trkpt lat="37.7232" lon="-119.571">
        <ele>2148.0</ele>
      </trkpt>
      <trkpt lat="37.72283" lon="-119.57058">
        <ele>2134.0</ele>
      </trkpt>
      <trkpt lat="37.72257" lon="-119.57043">
        <ele>2142.0</ele>
      </trkpt>
      <trkpt lat="37.72211" lon="-119.57">
        <ele>2130.0</ele>
      </trkpt>
      <trkpt lat="37.72196" lon="-119.56991">
        <ele>2133.0</ele>
      </trkpt>
      <trkpt lat="37.72149" lon="-119.5698">
        <ele>2096.0</ele>
      </trkpt>
      <trkpt lat="37.72143" lon="-119.56984">
        <ele>2096.0</ele>
      </trkpt>
      <trkpt lat="37.72116" lon="-119.5702">
        <ele>2118.0</ele>
      </trkpt>
      <trkpt lat="37.72101" lon="-119.57025">
        <ele>2118.0</ele>
      </trkpt>
      <trkpt lat="37.72088" lon="-119.57034">
        <ele>2107.0</ele>
      </trkpt>
      <trkpt lat="37.72062" lon="-119.57043">
        <ele>2126.0</ele>
      </trkpt>
      <trkpt lat="37.72049" lon="-119.57045">
        <ele>2126.0</ele>
      </trkpt>
      <trkpt lat="37.72002" lon="-119.57033">
        <ele>2104.0</ele>
      </trkpt>
      <trkpt lat="37.71968" lon="-119.57003">
        <ele>2095.0</ele>
      </trkpt>
      <trkpt lat="37.71916" lon="-119.56996">
        <ele>2096.0</ele>
      </trkpt>
      <trkpt lat="37.71907" lon="-119.5698">
        <ele>2083.0</ele>
      </trkpt>
      <trkpt lat="37.71898" lon="-119.56974">
        <ele>2088.0</ele>
      </trkpt>
      <trkpt lat="37.71892" lon="-119.56971">
        <ele>2088.0</ele>
      </trkpt>
      <trkpt lat="37.71867" lon="-119.56969">
        <ele>2092.0</ele>
      </trkpt>
      <trkpt lat="37.71859" lon="-119.56961">
        <ele>2092.0</ele>
      </trkpt>
      <trkpt lat="37.71859" lon="-119.56961">
        <ele>2092.0</ele>
      </trkpt>
      <trkpt lat="37.71849" lon="-119.56944">
        <ele>2078.0</ele>
      </trkpt>
      <trkpt lat="37.71843" lon="-119.56938">
        <ele>2075.0</ele>
      </trkpt>
      <trkpt lat="37.71819" lon="-119.56926">
        <ele>2063.0</ele>
      </trkpt>
      <trkpt lat="37.71803" lon="-119.56921">
        <ele>2063.0</ele>
      </trkpt>
      <trkpt lat="37.71773" lon="-119.5692">
        <ele>2069.0</ele>
      </trkpt>
      <trkpt lat="37.71736" lon="-119.56912">
        <ele>2072.0</ele>
      </trkpt>
      <trkpt lat="37.71711" lon="-119.56919">
        <ele>2072.0</ele>
      </trkpt>
      <trkpt lat="37.7168" lon="-119.56903">
        <ele>2071.0</ele>
      </trkpt>
      <trkpt lat="37.71657" lon="-119.56896">
        <ele>2056.0</ele>
      </trkpt>
      <trkpt lat="37.71623" lon="-119.56898">
        <ele>2054.0</ele>
      </trkpt>
      <trkpt lat="37.71519" lon="-119.56858">
        <ele>2042.0</ele>
      </trkpt>
      <trkpt lat="37.71492" lon="-119.56852">
        <ele>2041.0</ele>
      </trkpt>
      <trkpt lat="37.71455" lon="-119.5683">
        <ele>2033.0</ele>
      </trkpt>
      <trkpt lat="37.71429" lon="-119.56822">
        <ele>2035.0</ele>
      </trkpt>
      <trkpt lat="37.71411" lon="-119.56805">
        <ele>2019.0</ele>
      </trkpt>
      <trkpt lat="37.71338" lon="-119.56792">
        <ele>2030.0</ele>
      </trkpt>
      <trkpt lat="37.71325" lon="-119.56774">
        <ele>2015.0</ele>
      </trkpt>
      <trkpt lat="37.71304" lon="-119.56764">
        <ele>2016.0</ele>
      </trkpt>
      <trkpt lat="37.71289" lon="-119.56752">
        <ele>2001.0</ele>
      </trkpt>
      <trkpt lat="37.71254" lon="-119.56734">
        <ele>1988.0</ele>
      </trkpt>
      <trkpt lat="37.71244" lon="-119.56732">
        <ele>1988.0</ele>
      </trkpt>
      <trkpt lat="37.71234" lon="-119.56722">
        <ele>1990.0</ele>
      </trkpt>
      <trkpt lat="37.71195" lon="-119.56703">
        <ele>1984.0</ele>
      </trkpt>
      <trkpt lat="37.7117" lon="-119.56687">
        <ele>1992.0</ele>
      </trkpt>
      <trkpt lat="37.71133" lon="-119.56671">
        <ele>1988.0</ele>
      </trkpt>
      <trkpt lat="37.71119" lon="-119.56655">
        <ele>1993.0</ele>
      </trkpt>
      <trkpt lat="37.7111" lon="-119.5665">
        <ele>1980.0</ele>
      </trkpt>
      <trkpt lat="37.711" lon="-119.5663">
        <ele>1980.0</ele>
      </trkpt>
      <trkpt lat="37.71094" lon="-119.56626">
        <ele>1983.0</ele>
      </trkpt>
      <trkpt lat="37.71079" lon="-119.56593">
        <ele>1963.0</ele>
      </trkpt>
      <trkpt lat="37.71069" lon="-119.5656">
        <ele>1963.0</ele>
      </trkpt>
      <trkpt lat="37.71057" lon="-119.5655">
        <ele>1963.0</ele>
      </trkpt>
      <trkpt lat="37.71039" lon="-119.56539">
        <ele>1959.0</ele>
      </trkpt>
      <trkpt lat="37.70999" lon="-119.56525">
        <ele>1958.0</ele>
      </trkpt>
      <trkpt lat="37.70998" lon="-119.56521">
        <ele>1958.0</ele>
      </trkpt>
      <trkpt lat="37.71002" lon="-119.56516">
        <ele>1958.0</ele>
      </trkpt>
      <trkpt lat="37.71002" lon="-119.56516">
        <ele>1958.0</ele>
      </trkpt>
      <trkpt lat="37.71042" lon="-119.56498">
        <ele>1947.0</ele>
      </trkpt>
      <trkpt lat="37.71078" lon="-119.56497">
        <ele>1941.0</ele>
      </trkpt>
      <trkpt lat="37.71098" lon="-119.56507">
        <ele>1930.0</ele>
      </trkpt>
      <trkpt lat="37.71111" lon="-119.5652">
        <ele>1937.0</ele>
      </trkpt>
      <trkpt lat="37.71115" lon="-119.56517">
        <ele>1937.0</ele>
      </trkpt>
      <trkpt lat="37.71101" lon="-119.56492">
        <ele>1930.0</ele>
      </trkpt>
      <trkpt lat="37.71083" lon="-119.56468">
        <ele>1929.0</ele>
      </trkpt>
      <trkpt lat="37.7105" lon="-119.56438">
        <ele>1923.0</ele>
      </trkpt>
      <trkpt lat="37.71069" lon="-119.56437">
        <ele>1923.0</ele>
      </trkpt>
      <trkpt lat="37.71093" lon="-119.56441">
        <ele>1917.0</ele>
      </trkpt>
      <trkpt lat="37.71138" lon="-119.56468">
        <ele>1918.0</ele>
      </trkpt>
      <trkpt lat="37.71151" lon="-119.56465">
        <ele>1918.0</ele>
      </trkpt>
      <trkpt lat="37.71151" lon="-119.56459">
        <ele>1918.0</ele>
      </trkpt>
      <trkpt lat="37.71142" lon="-119.56454">
        <ele>1907.0</ele>
      </trkpt>
      <trkpt lat="37.71134" lon="-119.5644">
        <ele>1907.0</ele>
      </trkpt>
      <trkpt lat="37.71122" lon="-119.56413">
        <ele>1899.0</ele>
      </trkpt>
      <trkpt lat="37.71117" lon="-119.56406">
        <ele>1899.0</ele>
      </trkpt>
      <trkpt lat="37.71091" lon="-119.56384">
        <ele>1895.0</ele>
      </trkpt>
      <trkpt lat="37.71059" lon="-119.56363">
        <ele>1887.0</ele>
      </trkpt>
      <trkpt lat="37.71044" lon="-119.5635">
        <ele>1887.0</ele>
      </trkpt>
      <trkpt lat="37.71053" lon="-119.56343">
        <ele>1882.0</ele>
      </trkpt>
      <trkpt lat="37.71142" lon="-119.56332">
        <ele>1870.0</ele>
      </trkpt>
      <trkpt lat="37.71193" lon="-119.56311">
        <ele>1861.0</ele>
      </trkpt>
      <trkpt lat="37.71254" lon="-119.56308">
        <ele>1852.0</ele>
      </trkpt>
      <trkpt lat="37.71274" lon="-119.56329">
        <ele>1849.0</ele>
      </trkpt>
      <trkpt lat="37.71296" lon="-119.56332">
        <ele>1841.0</ele>
      </trkpt>
      <trkpt lat="37.71298" lon="-119.56321">
        <ele>1841.0</ele>
      </trkpt>
      <trkpt lat="37.71294" lon="-119.56302">
        <ele>1831.0</ele>
      </trkpt>
      <trkpt lat="37.71288" lon="-119.5629">
        <ele>1835.0</ele>
      </trkpt>
      <trkpt lat="37.71272" lon="-119.56277">
        <ele>1835.0</ele>
      </trkpt>
      <trkpt lat="37.71258" lon="-119.56244">
        <ele>1838.0</ele>
      </trkpt>
      <trkpt lat="37.7116" lon="-119.56163">
        <ele>1830.0</ele>
      </trkpt>
      <trkpt lat="37.71135" lon="-119.56146">
        <ele>1831.0</ele>
      </trkpt>
      <trkpt lat="37.71109" lon="-119.56135">
        <ele>1833.0</ele>
      </trkpt>
      <trkpt lat="37.71094" lon="-119.56122">
        <ele>1823.0</ele>
      </trkpt>
      <trkpt lat="37.71086" lon="-119.56099">
        <ele>1823.0</ele>
      </trkpt>
      <trkpt lat="37.711" lon="-119.56106">
        <ele>1826.0</ele>
      </trkpt>
      <trkpt lat="37.71109" lon="-119.56096">
        <ele>1813.0</ele>
      </trkpt>
      <trkpt lat="37.7113" lon="-119.56085">
        <ele>1813.0</ele>
      </trkpt>
      <trkpt lat="37.71152" lon="-119.5609">
        <ele>1813.0</ele>
      </trkpt>
      <trkpt lat="37.71182" lon="-119.56108">
        <ele>1798.0</ele>
      </trkpt>
      <trkpt lat="37.71198" lon="-119.56102">
        <ele>1798.0</ele>
      </trkpt>
      <trkpt lat="37.71208" lon="-119.56085">
        <ele>1799.0</ele>
      </trkpt>
      <trkpt lat="37.71208" lon="-119.56085">
        <ele>1799.0</ele>
      </trkpt>
      <trkpt lat="37.71219" lon="-119.56055">
        <ele>1801.0</ele>
      </trkpt>
      <trkpt lat="37.71219" lon="-119.56055">
        <ele>1801.0</ele>
      </trkpt>
      <trkpt lat="37.71221" lon="-119.56051">
        <ele>1801.0</ele>
      </trkpt>
      <trkpt lat="37.71227" lon="-119.56054">
        <ele>1801.0</ele>
      </trkpt>
      <trkpt lat="37.71242" lon="-119.56055">
        <ele>1801.0</ele>
      </trkpt>
      <trkpt lat="37.71304" lon="-119.56042">
        <ele>1796.0</ele>
      </trkpt>
      <trkpt lat="37.71332" lon="-119.56043">
        <ele>1799.0</ele>
      </trkpt>
      <trkpt lat="37.71349" lon="-119.56048">
        <ele>1798.0</ele>
      </trkpt>
      <trkpt lat="37.71384" lon="-119.56073">
        <ele>1794.0</ele>
      </trkpt>
      <trkpt lat="37.71396" lon="-119.56074">
        <ele>1794.0</ele>
      </trkpt>
      <trkpt lat="37.71419" lon="-119.56069">
        <ele>1804.0</ele>
      </trkpt>
      <trkpt lat="37.71439" lon="-119.56059">
        <ele>1806.0</ele>
      </trkpt>
      <trkpt lat="37.71452" lon="-119.56047">
        <ele>1806.0</ele>
      </trkpt>
      <trkpt lat="37.71484" lon="-119.55992">
        <ele>1818.0</ele>
      </trkpt>
      <trkpt lat="37.71524" lon="-119.5595">
        <ele>1826.0</ele>
      </trkpt>
      <trkpt lat="37.71523" lon="-119.55947">
        <ele>1826.0</ele>
      </trkpt>
      <trkpt lat="37.71519" lon="-119.55944">
        <ele>1826.0</ele>
      </trkpt>
      <trkpt lat="37.71506" lon="-119.55941">
        <ele>1826.0</ele>
      </trkpt>
      <trkpt lat="37.71505" lon="-119.55938">
        <ele>1826.0</ele>
      </trkpt>
      <trkpt lat="37.71507" lon="-119.55934">
        <ele>1826.0</ele>
      </trkpt>
      <trkpt lat="37.7154" lon="-119.55915">
        <ele>1831.0</ele>
      </trkpt>
      <trkpt lat="37.71553" lon="-119.55902">
        <ele>1845.0</ele>
      </trkpt>
      <trkpt lat="37.7155" lon="-119.55898">
        <ele>1845.0</ele>
      </trkpt>
      <trkpt lat="37.71521" lon="-119.55882">
        <ele>1837.0</ele>
      </trkpt>
      <trkpt lat="37.71521" lon="-119.55878">
        <ele>1837.0</ele>
      </trkpt>
      <trkpt lat="37.71568" lon="-119.55866">
        <ele>1853.0</ele>
      </trkpt>
      <trkpt lat="37.71515" lon="-119.55835">
        <ele>1854.0</ele>
      </trkpt>
      <trkpt lat="37.71511" lon="-119.55826">
        <ele>1849.0</ele>
      </trkpt>
      <trkpt lat="37.71522" lon="-119.55816">
        <ele>1866.0</ele>
      </trkpt>
      <trkpt lat="37.71547" lon="-119.55807">
        <ele>1872.0</ele>
      </trkpt>
      <trkpt lat="37.71489" lon="-119.55771">
        <ele>1874.0</ele>
      </trkpt>
      <trkpt lat="37.71472" lon="-119.55766">
        <ele>1868.0</ele>
      </trkpt>
      <trkpt lat="37.71457" lon="-119.55765">
        <ele>1868.0</ele>
      </trkpt>
      <trkpt lat="37.71449" lon="-119.55762">
        <ele>1876.0</ele>
      </trkpt>
      <trkpt lat="37.71446" lon="-119.55755">
        <ele>1876.0</ele>
      </trkpt>
      <trkpt lat="37.71448" lon="-119.55746">
        <ele>1876.0</ele>
      </trkpt>
      <trkpt lat="37.71452" lon="-119.5574">
        <ele>1876.0</ele>
      </trkpt>
      <trkpt lat="37.71476" lon="-119.5572">
        <ele>1891.0</ele>
      </trkpt>
      <trkpt lat="37.71494" lon="-119.5571">
        <ele>1896.0</ele>
      </trkpt>
      <trkpt lat="37.7153" lon="-119.55707">
        <ele>1905.0</ele>
      </trkpt>
      <trkpt lat="37.71543" lon="-119.55702">
        <ele>1907.0</ele>
      </trkpt>
      <trkpt lat="37.71559" lon="-119.557">
        <ele>1907.0</ele>
      </trkpt>
      <trkpt lat="37.71569" lon="-119.55705">
        <ele>1907.0</ele>
      </trkpt>
      <trkpt lat="37.7159" lon="-119.55732">
        <ele>1896.0</ele>
      </trkpt>
      <trkpt lat="37.71606" lon="-119.55746">
        <ele>1888.0</ele>
      </trkpt>
      <trkpt lat="37.71606" lon="-119.55746">
        <ele>1888.0</ele>
      </trkpt>
      <trkpt lat="37.71606" lon="-119.55746">
        <ele>1888.0</ele>
      </trkpt>
      <trkpt lat="37.71618" lon="-119.55743">
        <ele>1888.0</ele>
      </trkpt>
      <trkpt lat="37.71635" lon="-119.55721">
        <ele>1902.0</ele>
      </trkpt>
      <trkpt lat="37.71652" lon="-119.55691">
        <ele>1911.0</ele>
      </trkpt>
      <trkpt lat="37.71666" lon="-119.55683">
        <ele>1909.0</ele>
      </trkpt>
      <trkpt lat="37.71719" lon="-119.55642">
        <ele>1916.0</ele>
      </trkpt>
      <trkpt lat="37.71736" lon="-119.55622">
        <ele>1925.0</ele>
      </trkpt>
      <trkpt lat="37.71828" lon="-119.55539">
        <ele>1937.0</ele>
      </trkpt>
      <trkpt lat="37.71859" lon="-119.55506">
        <ele>1942.0</ele>
      </trkpt>
      <trkpt lat="37.71859" lon="-119.55506">
        <ele>1942.0</ele>
      </trkpt>
      <trkpt lat="37.71915" lon="-119.55456">
        <ele>1951.0</ele>
      </trkpt>
      <trkpt lat="37.71919" lon="-119.55449">
        <ele>1951.0</ele>
      </trkpt>
      <trkpt lat="37.71915" lon="-119.55445">
        <ele>1951.0</ele>
      </trkpt>
      <trkpt lat="37.7189" lon="-119.55443">
        <ele>1958.0</ele>
      </trkpt>
      <trkpt lat="37.71887" lon="-119.55441">
        <ele>1958.0</ele>
      </trkpt>
      <trkpt lat="37.71888" lon="-119.55436">
        <ele>1958.0</ele>
      </trkpt>
      <trkpt lat="37.71907" lon="-119.5542">
        <ele>1959.0</ele>
      </trkpt>
      <trkpt lat="37.71924" lon="-119.55402">
        <ele>1967.0</ele>
      </trkpt>
      <trkpt lat="37.71949" lon="-119.5539">
        <ele>1961.0</ele>
      </trkpt>
      <trkpt lat="37.71963" lon="-119.55373">
        <ele>1963.0</ele>
      </trkpt>
      <trkpt lat="37.71969" lon="-119.55354">
        <ele>1963.0</ele>
      </trkpt>
      <trkpt lat="37.71987" lon="-119.55322">
        <ele>1966.0</ele>
      </trkpt>
      <trkpt lat="37.71987" lon="-119.55322">
        <ele>1966.0</ele>
      </trkpt>
      <trkpt lat="37.72009" lon="-119.55217">
        <ele>1996.0</ele>
      </trkpt>
      <trkpt lat="37.7198" lon="-119.55231">
        <ele>2011.0</ele>
      </trkpt>
      <trkpt lat="37.71957" lon="-119.55249">
        <ele>2014.0</ele>
      </trkpt>
      <trkpt lat="37.7194" lon="-119.55268">
        <ele>1999.0</ele>
      </trkpt>
      <trkpt lat="37.71899" lon="-119.55296">
        <ele>2020.0</ele>
      </trkpt>
      <trkpt lat="37.71891" lon="-119.55295">
        <ele>2020.0</ele>
      </trkpt>
      <trkpt lat="37.71906" lon="-119.55261">
        <ele>2031.0</ele>
      </trkpt>
      <trkpt lat="37.71934" lon="-119.55175">
        <ele>2035.0</ele>
      </trkpt>
      <trkpt lat="37.71972" lon="-119.55099">
        <ele>2030.0</ele>
      </trkpt>
      <trkpt lat="37.72005" lon="-119.55055">
        <ele>2030.0</ele>
      </trkpt>
      <trkpt lat="37.72041" lon="-119.55019">
        <ele>2019.0</ele>
      </trkpt>
      <trkpt lat="37.72060350039576" lon="-119.5498997494064">
        <ele>2021.0</ele>
      </trkpt>
      <trkpt lat="37.7206035004565" lon="-119.5498997494064">
        <ele>2021.0</ele>
      </trkpt>
      <trkpt lat="37.72065" lon="-119.54983">
        <ele>2028.0</ele>
      </trkpt>
      <trkpt lat="37.72083" lon="-119.54947">
        <ele>2022.0</ele>
      </trkpt>
      <trkpt lat="37.72102" lon="-119.54863">
        <ele>2012.0</ele>
      </trkpt>
      <trkpt lat="37.72112" lon="-119.54761">
        <ele>2018.0</ele>
      </trkpt>
      <trkpt lat="37.7211" lon="-119.54735">
        <ele>2018.0</ele>
      </trkpt>
      <trkpt lat="37.72104" lon="-119.54709">
        <ele>2018.0</ele>
      </trkpt>
      <trkpt lat="37.72067" lon="-119.54611">
        <ele>2021.0</ele>
      </trkpt>
      <trkpt lat="37.72023" lon="-119.54466">
        <ele>2016.0</ele>
      </trkpt>
      <trkpt lat="37.71997" lon="-119.54363">
        <ele>2011.0</ele>
      </trkpt>
      <trkpt lat="37.71991" lon="-119.54323">
        <ele>2012.0</ele>
      </trkpt>
      <trkpt lat="37.71987" lon="-119.54259">
        <ele>2009.0</ele>
      </trkpt>
      <trkpt lat="37.71994" lon="-119.5422">
        <ele>2008.0</ele>
      </trkpt>
      <trkpt lat="37.71989" lon="-119.54185">
        <ele>2007.0</ele>
      </trkpt>
      <trkpt lat="37.71991" lon="-119.54167">
        <ele>2008.0</ele>
      </trkpt>
      <trkpt lat="37.71998" lon="-119.54149">
        <ele>2007.0</ele>
      </trkpt>
      <trkpt lat="37.71999" lon="-119.54124">
        <ele>2006.0</ele>
      </trkpt>
      <trkpt lat="37.71989" lon="-119.54059">
        <ele>2006.0</ele>
      </trkpt>
      <trkpt lat="37.71989" lon="-119.54032">
        <ele>2005.0</ele>
      </trkpt>
      <trkpt lat="37.71985" lon="-119.53997">
        <ele>2010.0</ele>
      </trkpt>
      <trkpt lat="37.71985" lon="-119.53997">
        <ele>2010.0</ele>
      </trkpt>
      <trkpt lat="37.7198" lon="-119.53945">
        <ele>2002.0</ele>
      </trkpt>
      <trkpt lat="37.71971" lon="-119.53906">
        <ele>1999.0</ele>
      </trkpt>
      <trkpt lat="37.71986" lon="-119.53915">
        <ele>1999.0</ele>
      </trkpt>
      <trkpt lat="37.71983" lon="-119.53894">
        <ele>1996.0</ele>
      </trkpt>
      <trkpt lat="37.7197" lon="-119.53864">
        <ele>1990.0</ele>
      </trkpt>
      <trkpt lat="37.71961" lon="-119.53857">
        <ele>1990.0</ele>
      </trkpt>
      <trkpt lat="37.71946" lon="-119.53836">
        <ele>1996.0</ele>
      </trkpt>
      <trkpt lat="37.71937" lon="-119.53818">
        <ele>1994.0</ele>
      </trkpt>
      <trkpt lat="37.7193" lon="-119.538">
        <ele>2000.0</ele>
      </trkpt>
      <trkpt lat="37.71925" lon="-119.53778">
        <ele>1998.0</ele>
      </trkpt>
      <trkpt lat="37.71923" lon="-119.5375">
        <ele>1994.0</ele>
      </trkpt>
      <trkpt lat="37.71924" lon="-119.53711">
        <ele>1990.0</ele>
      </trkpt>
      <trkpt lat="37.71928" lon="-119.53687">
        <ele>1989.0</ele>
      </trkpt>
      <trkpt lat="37.71938" lon="-119.53645">
        <ele>1978.0</ele>
      </trkpt>
      <trkpt lat="37.71943" lon="-119.53651">
        <ele>1978.0</ele>
      </trkpt>
      <trkpt lat="37.71945" lon="-119.53675">
        <ele>1980.0</ele>
      </trkpt>
      <trkpt lat="37.71973" lon="-119.53746">
        <ele>1975.0</ele>
      </trkpt>
      <trkpt lat="37.71977" lon="-119.53747">
        <ele>1975.0</ele>
      </trkpt>
      <trkpt lat="37.71979" lon="-119.53662">
        <ele>1965.0</ele>
      </trkpt>
      <trkpt lat="37.71982" lon="-119.53663">
        <ele>1965.0</ele>
      </trkpt>
      <trkpt lat="37.72003" lon="-119.53708">
        <ele>1960.0</ele>
      </trkpt>
      <trkpt lat="37.72018" lon="-119.5371">
        <ele>1952.0</ele>
      </trkpt>
      <trkpt lat="37.72043" lon="-119.53723">
        <ele>1930.0</ele>
      </trkpt>
      <trkpt lat="37.72044" lon="-119.53715">
        <ele>1930.0</ele>
      </trkpt>
      <trkpt lat="37.7203" lon="-119.53676">
        <ele>1943.0</ele>
      </trkpt>
      <trkpt lat="37.72025" lon="-119.53649">
        <ele>1938.0</ele>
      </trkpt>
      <trkpt lat="37.72045" lon="-119.53668">
        <ele>1926.0</ele>
      </trkpt>
      <trkpt lat="37.72068" lon="-119.537">
        <ele>1932.0</ele>
      </trkpt>
      <trkpt lat="37.72061" lon="-119.53669">
        <ele>1926.0</ele>
      </trkpt>
      <trkpt lat="37.72054" lon="-119.53654">
        <ele>1926.0</ele>
      </trkpt>
      <trkpt lat="37.72055" lon="-119.53633">
        <ele>1921.0</ele>
      </trkpt>
      <trkpt lat="37.7206" lon="-119.53624">
        <ele>1919.0</ele>
      </trkpt>
      <trkpt lat="37.72067" lon="-119.53625">
        <ele>1919.0</ele>
      </trkpt>
      <trkpt lat="37.72085" lon="-119.53661">
        <ele>1910.0</ele>
      </trkpt>
      <trkpt lat="37.72093" lon="-119.53668">
        <ele>1910.0</ele>
      </trkpt>
      <trkpt lat="37.72092" lon="-119.53653">
        <ele>1910.0</ele>
      </trkpt>
      <trkpt lat="37.72094" lon="-119.53637">
        <ele>1906.0</ele>
      </trkpt>
      <trkpt lat="37.72101" lon="-119.53627">
        <ele>1893.0</ele>
      </trkpt>
      <trkpt lat="37.72113" lon="-119.53622">
        <ele>1891.0</ele>
      </trkpt>
      <trkpt lat="37.72116" lon="-119.5361">
        <ele>1891.0</ele>
      </trkpt>
      <trkpt lat="37.72111" lon="-119.53562">
        <ele>1894.0</ele>
      </trkpt>
      <trkpt lat="37.72113" lon="-119.5355">
        <ele>1894.0</ele>
      </trkpt>
      <trkpt lat="37.72127" lon="-119.53578">
        <ele>1885.0</ele>
      </trkpt>
      <trkpt lat="37.72149" lon="-119.5361">
        <ele>1883.0</ele>
      </trkpt>
      <trkpt lat="37.72181" lon="-119.53645">
        <ele>1860.0</ele>
      </trkpt>
      <trkpt lat="37.72185" lon="-119.53632">
        <ele>1860.0</ele>
      </trkpt>
      <trkpt lat="37.72186" lon="-119.53619">
        <ele>1863.0</ele>
      </trkpt>
      <trkpt lat="37.72179" lon="-119.53573">
        <ele>1873.0</ele>
      </trkpt>
      <trkpt lat="37.72181" lon="-119.53565">
        <ele>1861.0</ele>
      </trkpt>
      <trkpt lat="37.72188" lon="-119.53561">
        <ele>1861.0</ele>
      </trkpt>
      <trkpt lat="37.72202" lon="-119.53573">
        <ele>1863.0</ele>
      </trkpt>
      <trkpt lat="37.72209" lon="-119.53571">
        <ele>1853.0</ele>
      </trkpt>
      <trkpt lat="37.72216" lon="-119.53561">
        <ele>1849.0</ele>
      </trkpt>
      <trkpt lat="37.72218" lon="-119.53546">
        <ele>1849.0</ele>
      </trkpt>
      <trkpt lat="37.72213" lon="-119.53534">
        <ele>1847.0</ele>
      </trkpt>
      <trkpt lat="37.72206" lon="-119.5353">
        <ele>1858.0</ele>
      </trkpt>
      <trkpt lat="37.72201" lon="-119.53521">
        <ele>1858.0</ele>
      </trkpt>
      <trkpt lat="37.72202" lon="-119.53506">
        <ele>1855.0</ele>
      </trkpt>
      <trkpt lat="37.72217" lon="-119.53489">
        <ele>1846.0</ele>
      </trkpt>
      <trkpt lat="37.72222" lon="-119.53488">
        <ele>1846.0</ele>
      </trkpt>
      <trkpt lat="37.72225" lon="-119.53494">
        <ele>1846.0</ele>
      </trkpt>
      <trkpt lat="37.72224" lon="-119.53503">
        <ele>1846.0</ele>
      </trkpt>
      <trkpt lat="37.7224" lon="-119.53521">
        <ele>1838.0</ele>
      </trkpt>
      <trkpt lat="37.7224" lon="-119.53521">
        <ele>1838.0</ele>
      </trkpt>
      <trkpt lat="37.72246" lon="-119.53506">
        <ele>1838.0</ele>
      </trkpt>
      <trkpt lat="37.72259" lon="-119.53488">
        <ele>1838.0</ele>
      </trkpt>
      <trkpt lat="37.72261" lon="-119.53477">
        <ele>1836.0</ele>
      </trkpt>
      <trkpt lat="37.72285" lon="-119.5346">
        <ele>1825.0</ele>
      </trkpt>
      <trkpt lat="37.72304" lon="-119.53453">
        <ele>1823.0</ele>
      </trkpt>
      <trkpt lat="37.72323" lon="-119.53432">
        <ele>1820.0</ele>
      </trkpt>
      <trkpt lat="37.72347" lon="-119.53414">
        <ele>1825.0</ele>
      </trkpt>
      <trkpt lat="37.72361" lon="-119.53396">
        <ele>1830.0</ele>
      </trkpt>
      <trkpt lat="37.72374" lon="-119.53369">
        <ele>1835.0</ele>
      </trkpt>
      <trkpt lat="37.72383" lon="-119.5336">
        <ele>1827.0</ele>
      </trkpt>
      <trkpt lat="37.72421" lon="-119.53346">
        <ele>1824.0</ele>
      </trkpt>
      <trkpt lat="37.7246" lon="-119.53309">
        <ele>1815.0</ele>
      </trkpt>
      <trkpt lat="37.7246" lon="-119.53309">
        <ele>1815.0</ele>
      </trkpt>
      <trkpt lat="37.72485" lon="-119.53301">
        <ele>1815.0</ele>
      </trkpt>
      <trkpt lat="37.72485" lon="-119.53301">
        <ele>1815.0</ele>
      </trkpt>
      <trkpt lat="37.72486947225757" lon="-119.532979906511">
        <ele>1816.0</ele>
      </trkpt>
      <trkpt lat="37.72486947225757" lon="-119.532979906511">
        <ele>1816.0</ele>
      </trkpt>
      <trkpt lat="37.72529" lon="-119.53233">
        <ele>1817.0</ele>
      </trkpt>
      <trkpt lat="37.72549" lon="-119.5318">
        <ele>1823.0</ele>
      </trkpt>
      <trkpt lat="37.72562" lon="-119.53157">
        <ele>1823.0</ele>
      </trkpt>
      <trkpt lat="37.72571" lon="-119.53125">
        <ele>1827.0</ele>
      </trkpt>
      <trkpt lat="37.72571" lon="-119.53125">
        <ele>1827.0</ele>
      </trkpt>
      <trkpt lat="37.72574" lon="-119.53101">
        <ele>1827.0</ele>
      </trkpt>
      <trkpt lat="37.72586" lon="-119.53074">
        <ele>1829.0</ele>
      </trkpt>
      <trkpt lat="37.72594" lon="-119.53045">
        <ele>1832.0</ele>
      </trkpt>
      <trkpt lat="37.72614" lon="-119.53036">
        <ele>1834.0</ele>
      </trkpt>
      <trkpt lat="37.72614" lon="-119.53036">
        <ele>1834.0</ele>
      </trkpt>
      <trkpt lat="37.72635" lon="-119.53036">
        <ele>1833.0</ele>
      </trkpt>
      <trkpt lat="37.72644" lon="-119.53043">
        <ele>1832.0</ele>
      </trkpt>
      <trkpt lat="37.72655" lon="-119.53043">
        <ele>1837.0</ele>
      </trkpt>
      <trkpt lat="37.72648" lon="-119.53033">
        <ele>1833.0</ele>
      </trkpt>
      <trkpt lat="37.72646" lon="-119.53015">
        <ele>1833.0</ele>
      </trkpt>
      <trkpt lat="37.72628" lon="-119.53009">
        <ele>1834.0</ele>
      </trkpt>
      <trkpt lat="37.72631" lon="-119.53002">
        <ele>1834.0</ele>
      </trkpt>
      <trkpt lat="37.7265" lon="-119.52994">
        <ele>1834.0</ele>
      </trkpt>
      <trkpt lat="37.72669" lon="-119.5298">
        <ele>1834.0</ele>
      </trkpt>
      <trkpt lat="37.72689" lon="-119.52958">
        <ele>1845.0</ele>
      </trkpt>
      <trkpt lat="37.72708" lon="-119.52953">
        <ele>1845.0</ele>
      </trkpt>
      <trkpt lat="37.72715" lon="-119.52939">
        <ele>1853.0</ele>
      </trkpt>
      <trkpt lat="37.72741" lon="-119.52921">
        <ele>1859.0</ele>
      </trkpt>
      <trkpt lat="37.72745" lon="-119.52914">
        <ele>1859.0</ele>
      </trkpt>
      <trkpt lat="37.72742" lon="-119.52908">
        <ele>1859.0</ele>
      </trkpt>
      <trkpt lat="37.72716" lon="-119.52905">
        <ele>1852.0</ele>
      </trkpt>
      <trkpt lat="37.7273" lon="-119.52892">
        <ele>1851.0</ele>
      </trkpt>
      <trkpt lat="37.72764" lon="-119.52875">
        <ele>1871.0</ele>
      </trkpt>
      <trkpt lat="37.72784" lon="-119.5288">
        <ele>1869.0</ele>
      </trkpt>
      <trkpt lat="37.72799" lon="-119.52875">
        <ele>1881.0</ele>
      </trkpt>
      <trkpt lat="37.72814" lon="-119.52866">
        <ele>1881.0</ele>
      </trkpt>
      <trkpt lat="37.72839" lon="-119.52841">
        <ele>1884.0</ele>
      </trkpt>
      <trkpt lat="37.72848" lon="-119.52812">
        <ele>1882.0</ele>
      </trkpt>
      <trkpt lat="37.72861" lon="-119.52806">
        <ele>1882.0</ele>
      </trkpt>
      <trkpt lat="37.72878" lon="-119.52787">
        <ele>1880.0</ele>
      </trkpt>
      <trkpt lat="37.72911" lon="-119.52756">
        <ele>1879.0</ele>
      </trkpt>
      <trkpt lat="37.72979" lon="-119.52666">
        <ele>1878.0</ele>
      </trkpt>
      <trkpt lat="37.72994" lon="-119.52626">
        <ele>1875.0</ele>
      </trkpt>
      <trkpt lat="37.73011" lon="-119.52607">
        <ele>1872.0</ele>
      </trkpt>
      <trkpt lat="37.73016" lon="-119.52592">
        <ele>1869.0</ele>
      </trkpt>
      <trkpt lat="37.7302" lon="-119.5257">
        <ele>1869.0</ele>
      </trkpt>
      <trkpt lat="37.73017" lon="-119.5252">
        <ele>1865.0</ele>
      </trkpt>
      <trkpt lat="37.7301" lon="-119.52476">
        <ele>1863.0</ele>
      </trkpt>
      <trkpt lat="37.7301" lon="-119.52476">
        <ele>1863.0</ele>
      </trkpt>
      <trkpt lat="37.7301" lon="-119.52476">
        <ele>1863.0</ele>
      </trkpt>
      <trkpt lat="37.73011" lon="-119.52462">
        <ele>1863.0</ele>
      </trkpt>
      <trkpt lat="37.73021" lon="-119.52441">
        <ele>1865.0</ele>
      </trkpt>
      <trkpt lat="37.73035" lon="-119.52419">
        <ele>1866.0</ele>
      </trkpt>
      <trkpt lat="37.73059" lon="-119.52325">
        <ele>1872.0</ele>
      </trkpt>
      <trkpt lat="37.73073" lon="-119.52293">
        <ele>1869.0</ele>
      </trkpt>
      <trkpt lat="37.73073" lon="-119.52293">
        <ele>1869.0</ele>
      </trkpt>
      <trkpt lat="37.73073" lon="-119.52293">
        <ele>1869.0</ele>
      </trkpt>
      <trkpt lat="37.73082" lon="-119.52282">
        <ele>1868.0</ele>
      </trkpt>
      <trkpt lat="37.73102" lon="-119.5222">
        <ele>1866.0</ele>
      </trkpt>
      <trkpt lat="37.73117" lon="-119.52205">
        <ele>1866.0</ele>
      </trkpt>
      <trkpt lat="37.73141" lon="-119.52169">
        <ele>1865.0</ele>
      </trkpt>
      <trkpt lat="37.73149716419011" lon="-119.5214285074297">
        <ele>1866.0</ele>
      </trkpt>
      <trkpt lat="37.73149716419011" lon="-119.5214285074297">
        <ele>1866.0</ele>
      </trkpt>
      <trkpt lat="37.73155" lon="-119.52127">
        <ele>1867.0</ele>
      </trkpt>
      <trkpt lat="37.73222" lon="-119.52027">
        <ele>1865.0</ele>
      </trkpt>
      <trkpt lat="37.73249" lon="-119.51994">
        <ele>1865.0</ele>
      </trkpt>
      <trkpt lat="37.73271" lon="-119.51957">
        <ele>1868.0</ele>
      </trkpt>
      <trkpt lat="37.73323" lon="-119.51942">
        <ele>1864.0</ele>
      </trkpt>
      <trkpt lat="37.73342" lon="-119.51903">
        <ele>1861.0</ele>
      </trkpt>
      <trkpt lat="37.73354" lon="-119.51818">
        <ele>1861.0</ele>
      </trkpt>
      <trkpt lat="37.73378" lon="-119.5175">
        <ele>1862.0</ele>
      </trkpt>
      <trkpt lat="37.73392" lon="-119.51702">
        <ele>1865.0</ele>
      </trkpt>
      <trkpt lat="37.73403" lon="-119.51659">
        <ele>1865.0</ele>
      </trkpt>
      <trkpt lat="37.73405" lon="-119.51635">
        <ele>1862.0</ele>
      </trkpt>
      <trkpt lat="37.73422" lon="-119.51605">
        <ele>1864.0</ele>
      </trkpt>
      <trkpt lat="37.73422" lon="-119.51605">
        <ele>1864.0</ele>
      </trkpt>
      <trkpt lat="37.73422" lon="-119.51605">
        <ele>1864.0</ele>
      </trkpt>
      <trkpt lat="37.73447" lon="-119.51514">
        <ele>1864.0</ele>
      </trkpt>
      <trkpt lat="37.73452999745221" lon="-119.5149900007701">
        <ele>1866.0</ele>
      </trkpt>
      <trkpt lat="37.73452999745221" lon="-119.5149900007701">
        <ele>1866.0</ele>
      </trkpt>
      <trkpt lat="37.73453" lon="-119.51499">
        <ele>1866.0</ele>
      </trkpt>
      <trkpt lat="37.73494" lon="-119.51457">
        <ele>1869.0</ele>
      </trkpt>
      <trkpt lat="37.73494" lon="-119.51457">
        <ele>1869.0</ele>
      </trkpt>
      <trkpt lat="37.73494" lon="-119.51457">
        <ele>1869.0</ele>
      </trkpt>
      <trkpt lat="37.73531" lon="-119.51413">
        <ele>1877.0</ele>
      </trkpt>
      <trkpt lat="37.73543" lon="-119.51412">
        <ele>1891.0</ele>
      </trkpt>
      <trkpt lat="37.73536" lon="-119.5145">
        <ele>1877.0</ele>
      </trkpt>
      <trkpt lat="37.73541" lon="-119.51455">
        <ele>1877.0</ele>
      </trkpt>
      <trkpt lat="37.73565" lon="-119.51441">
        <ele>1899.0</ele>
      </trkpt>
      <trkpt lat="37.73579" lon="-119.51441">
        <ele>1903.0</ele>
      </trkpt>
      <trkpt lat="37.73576" lon="-119.51483">
        <ele>1906.0</ele>
      </trkpt>
      <trkpt lat="37.73582" lon="-119.51486">
        <ele>1906.0</ele>
      </trkpt>
      <trkpt lat="37.73597" lon="-119.51478">
        <ele>1906.0</ele>
      </trkpt>
      <trkpt lat="37.73597" lon="-119.51478">
        <ele>1906.0</ele>
      </trkpt>
      <trkpt lat="37.73618" lon="-119.51467">
        <ele>1911.0</ele>
      </trkpt>
      <trkpt lat="37.73622" lon="-119.51496">
        <ele>1917.0</ele>
      </trkpt>
      <trkpt lat="37.7365" lon="-119.51487">
        <ele>1922.0</ele>
      </trkpt>
      <trkpt lat="37.73671" lon="-119.51494">
        <ele>1928.0</ele>
      </trkpt>
      <trkpt lat="37.73698" lon="-119.51496">
        <ele>1937.0</ele>
      </trkpt>
      <trkpt lat="37.73749" lon="-119.51493">
        <ele>1947.0</ele>
      </trkpt>
      <trkpt lat="37.73771" lon="-119.51465">
        <ele>1952.0</ele>
      </trkpt>
      <trkpt lat="37.73795" lon="-119.51444">
        <ele>1960.0</ele>
      </trkpt>
      <trkpt lat="37.7381" lon="-119.51438">
        <ele>1960.0</ele>
      </trkpt>
      <trkpt lat="37.73835" lon="-119.51452">
        <ele>1963.0</ele>
      </trkpt>
      <trkpt lat="37.7387" lon="-119.51487">
        <ele>1960.0</ele>
      </trkpt>
      <trkpt lat="37.739" lon="-119.51512">
        <ele>1963.0</ele>
      </trkpt>
      <trkpt lat="37.7397" lon="-119.51517">
        <ele>1977.0</ele>
      </trkpt>
      <trkpt lat="37.73977" lon="-119.51532">
        <ele>1977.0</ele>
      </trkpt>
      <trkpt lat="37.73987" lon="-119.51544">
        <ele>1978.0</ele>
      </trkpt>
      <trkpt lat="37.74002" lon="-119.51543">
        <ele>1978.0</ele>
      </trkpt>
      <trkpt lat="37.74024" lon="-119.51522">
        <ele>1979.0</ele>
      </trkpt>
      <trkpt lat="37.74037" lon="-119.51488">
        <ele>1992.0</ele>
      </trkpt>
      <trkpt lat="37.74057" lon="-119.51482">
        <ele>1996.0</ele>
      </trkpt>
      <trkpt lat="37.74083" lon="-119.51446">
        <ele>1986.0</ele>
      </trkpt>
      <trkpt lat="37.74085" lon="-119.51408">
        <ele>1991.0</ele>
      </trkpt>
      <trkpt lat="37.74078" lon="-119.51377">
        <ele>1995.0</ele>
      </trkpt>
      <trkpt lat="37.74072" lon="-119.51323">
        <ele>1994.0</ele>
      </trkpt>
      <trkpt lat="37.74057" lon="-119.51297">
        <ele>1994.0</ele>
      </trkpt>
      <trkpt lat="37.7406" lon="-119.5127">
        <ele>1999.0</ele>
      </trkpt>
      <trkpt lat="37.74071" lon="-119.51234">
        <ele>2010.0</ele>
      </trkpt>
      <trkpt lat="37.74078" lon="-119.51219">
        <ele>2010.0</ele>
      </trkpt>
      <trkpt lat="37.74096" lon="-119.51246">
        <ele>2005.0</ele>
      </trkpt>
      <trkpt lat="37.74106" lon="-119.51243">
        <ele>2009.0</ele>
      </trkpt>
      <trkpt lat="37.7411" lon="-119.51206">
        <ele>2013.0</ele>
      </trkpt>
      <trkpt lat="37.74123" lon="-119.5119">
        <ele>2013.0</ele>
      </trkpt>
      <trkpt lat="37.74127" lon="-119.51154">
        <ele>2022.0</ele>
      </trkpt>
      <trkpt lat="37.74143" lon="-119.51118">
        <ele>2027.0</ele>
      </trkpt>
      <trkpt lat="37.74154" lon="-119.5112">
        <ele>2036.0</ele>
      </trkpt>
      <trkpt lat="37.74195" lon="-119.51181">
        <ele>2042.0</ele>
      </trkpt>
      <trkpt lat="37.74215" lon="-119.51225">
        <ele>2053.0</ele>
      </trkpt>
      <trkpt lat="37.74219" lon="-119.51249">
        <ele>2051.0</ele>
      </trkpt>
      <trkpt lat="37.74232" lon="-119.51262">
        <ele>2051.0</ele>
      </trkpt>
      <trkpt lat="37.74238" lon="-119.51274">
        <ele>2061.0</ele>
      </trkpt>
      <trkpt lat="37.74261" lon="-119.51263">
        <ele>2064.0</ele>
      </trkpt>
      <trkpt lat="37.74261" lon="-119.51241">
        <ele>2064.0</ele>
      </trkpt>
      <trkpt lat="37.74254" lon="-119.51185">
        <ele>2065.0</ele>
      </trkpt>
      <trkpt lat="37.7426" lon="-119.51178">
        <ele>2064.0</ele>
      </trkpt>
      <trkpt lat="37.74291" lon="-119.51212">
        <ele>2071.0</ele>
      </trkpt>
      <trkpt lat="37.7431" lon="-119.51216">
        <ele>2074.0</ele>
      </trkpt>
      <trkpt lat="37.74327" lon="-119.5125">
        <ele>2083.0</ele>
      </trkpt>
      <trkpt lat="37.74338" lon="-119.51284">
        <ele>2087.0</ele>
      </trkpt>
      <trkpt lat="37.74349" lon="-119.51293">
        <ele>2101.0</ele>
      </trkpt>
      <trkpt lat="37.74354" lon="-119.51286">
        <ele>2100.0</ele>
      </trkpt>
      <trkpt lat="37.74362" lon="-119.51283">
        <ele>2100.0</ele>
      </trkpt>
      <trkpt lat="37.74369" lon="-119.51226">
        <ele>2087.0</ele>
      </trkpt>
      <trkpt lat="37.74375" lon="-119.51207">
        <ele>2089.0</ele>
      </trkpt>
      <trkpt lat="37.744" lon="-119.51234">
        <ele>2107.0</ele>
      </trkpt>
      <trkpt lat="37.74414" lon="-119.51226">
        <ele>2116.0</ele>
      </trkpt>
      <trkpt lat="37.74439" lon="-119.51262">
        <ele>2127.0</ele>
      </trkpt>
      <trkpt lat="37.74462" lon="-119.51281">
        <ele>2137.0</ele>
      </trkpt>
      <trkpt lat="37.7449" lon="-119.51284">
        <ele>2136.0</ele>
      </trkpt>
      <trkpt lat="37.745" lon="-119.51279">
        <ele>2136.0</ele>
      </trkpt>
      <trkpt lat="37.74506" lon="-119.51272">
        <ele>2136.0</ele>
      </trkpt>
      <trkpt lat="37.74506" lon="-119.51272">
        <ele>2136.0</ele>
      </trkpt>
      <trkpt lat="37.74506" lon="-119.51272">
        <ele>2136.0</ele>
      </trkpt>
      <trkpt lat="37.74506" lon="-119.51243">
        <ele>2134.0</ele>
      </trkpt>
      <trkpt lat="37.74499" lon="-119.51209">
        <ele>2135.0</ele>
      </trkpt>
      <trkpt lat="37.745" lon="-119.51188">
        <ele>2130.0</ele>
      </trkpt>
      <trkpt lat="37.74489" lon="-119.51151">
        <ele>2129.0</ele>
      </trkpt>
      <trkpt lat="37.74478" lon="-119.51069">
        <ele>2127.0</ele>
      </trkpt>
      <trkpt lat="37.74458" lon="-119.50991">
        <ele>2126.0</ele>
      </trkpt>
      <trkpt lat="37.74457" lon="-119.50978">
        <ele>2129.0</ele>
      </trkpt>
      <trkpt lat="37.74454989090786" lon="-119.5097340363608">
        <ele>2129.0</ele>
      </trkpt>
      <trkpt lat="37.74357118744906" lon="-119.505500793457">
        <ele>2166.0</ele>
      </trkpt>
      <trkpt lat="37.74465712069939" lon="-119.5035266876221">
        <ele>2195.0</ele>
      </trkpt>
      <trkpt lat="37.74560729922351" lon="-119.503698348999">
        <ele>2215.0</ele>
      </trkpt>
      <trkpt lat="37.74710041225793" lon="-119.5025825500488">
        <ele>2247.0</ele>
      </trkpt>
      <trkpt lat="37.74784695747876" lon="-119.5048141479492">
        <ele>2255.0</ele>
      </trkpt>
      <trkpt lat="37.74947575727452" lon="-119.5058441162109">
        <ele>2289.0</ele>
      </trkpt>
      <trkpt lat="37.7510366567712" lon="-119.5053291320801">
        <ele>2316.0</ele>
      </trkpt>
      <trkpt lat="37.7521224804801" lon="-119.5053291320801">
        <ele>2352.0</ele>
      </trkpt>
      <trkpt lat="37.75375118616729" lon="-119.503698348999">
        <ele>2391.0</ele>
      </trkpt>
      <trkpt lat="37.75377444478101" lon="-119.5037355552564">
        <ele>2391.0</ele>
      </trkpt>
      <trkpt lat="37.75384" lon="-119.50367">
        <ele>2391.0</ele>
      </trkpt>
      <trkpt lat="37.75409" lon="-119.50353">
        <ele>2400.0</ele>
      </trkpt>
      <trkpt lat="37.75441" lon="-119.50326">
        <ele>2411.0</ele>
      </trkpt>
      <trkpt lat="37.75445" lon="-119.50313">
        <ele>2409.0</ele>
      </trkpt>
      <trkpt lat="37.75454" lon="-119.50312">
        <ele>2409.0</ele>
      </trkpt>
      <trkpt lat="37.75496" lon="-119.50389">
        <ele>2421.0</ele>
      </trkpt>
      <trkpt lat="37.75515" lon="-119.50416">
        <ele>2429.0</ele>
      </trkpt>
      <trkpt lat="37.75528" lon="-119.5042">
        <ele>2429.0</ele>
      </trkpt>
      <trkpt lat="37.75544" lon="-119.50399">
        <ele>2435.0</ele>
      </trkpt>
      <trkpt lat="37.75554294684085" lon="-119.5036770416038">
        <ele>2435.0</ele>
      </trkpt>
      <trkpt lat="37.75554294694316" lon="-119.5036770416038">
        <ele>2435.0</ele>
      </trkpt>
      <trkpt lat="37.75569" lon="-119.50323">
        <ele>2435.0</ele>
      </trkpt>
      <trkpt lat="37.7557" lon="-119.5029">
        <ele>2442.0</ele>
      </trkpt>
      <trkpt lat="37.75584" lon="-119.50247">
        <ele>2443.0</ele>
      </trkpt>
      <trkpt lat="37.75595" lon="-119.50199">
        <ele>2446.0</ele>
      </trkpt>
      <trkpt lat="37.75599" lon="-119.5015">
        <ele>2479.0</ele>
      </trkpt>
      <trkpt lat="37.75608" lon="-119.5012">
        <ele>2485.0</ele>
      </trkpt>
      <trkpt lat="37.75611" lon="-119.5009">
        <ele>2489.0</ele>
      </trkpt>
      <trkpt lat="37.75611" lon="-119.50049">
        <ele>2491.0</ele>
      </trkpt>
      <trkpt lat="37.75617" lon="-119.49986">
        <ele>2491.0</ele>
      </trkpt>
      <trkpt lat="37.75619" lon="-119.49925">
        <ele>2499.0</ele>
      </trkpt>
      <trkpt lat="37.75626" lon="-119.49928">
        <ele>2508.0</ele>
      </trkpt>
      <trkpt lat="37.75643" lon="-119.49958">
        <ele>2506.0</ele>
      </trkpt>
      <trkpt lat="37.75645" lon="-119.49932">
        <ele>2506.0</ele>
      </trkpt>
      <trkpt lat="37.75675" lon="-119.50001">
        <ele>2514.0</ele>
      </trkpt>
      <trkpt lat="37.75684" lon="-119.50029">
        <ele>2526.0</ele>
      </trkpt>
      <trkpt lat="37.75698" lon="-119.50059">
        <ele>2520.0</ele>
      </trkpt>
      <trkpt lat="37.75709" lon="-119.50069">
        <ele>2538.0</ele>
      </trkpt>
      <trkpt lat="37.75704" lon="-119.50048">
        <ele>2520.0</ele>
      </trkpt>
      <trkpt lat="37.75704" lon="-119.50024">
        <ele>2526.0</ele>
      </trkpt>
      <trkpt lat="37.75707" lon="-119.5001">
        <ele>2533.0</ele>
      </trkpt>
      <trkpt lat="37.75707" lon="-119.5">
        <ele>2533.0</ele>
      </trkpt>
      <trkpt lat="37.75716" lon="-119.4998">
        <ele>2552.0</ele>
      </trkpt>
      <trkpt lat="37.75733" lon="-119.50022">
        <ele>2545.0</ele>
      </trkpt>
      <trkpt lat="37.75739" lon="-119.5005">
        <ele>2558.0</ele>
      </trkpt>
      <trkpt lat="37.75747" lon="-119.50056">
        <ele>2558.0</ele>
      </trkpt>
      <trkpt lat="37.75751" lon="-119.50007">
        <ele>2563.0</ele>
      </trkpt>
      <trkpt lat="37.75748" lon="-119.49982">
        <ele>2563.0</ele>
      </trkpt>
      <trkpt lat="37.75748" lon="-119.49938">
        <ele>2561.0</ele>
      </trkpt>
      <trkpt lat="37.75772" lon="-119.49982">
        <ele>2573.0</ele>
      </trkpt>
      <trkpt lat="37.75813" lon="-119.5009">
        <ele>2577.0</ele>
      </trkpt>
      <trkpt lat="37.75819" lon="-119.50071">
        <ele>2577.0</ele>
      </trkpt>
      <trkpt lat="37.75825" lon="-119.49992">
        <ele>2598.0</ele>
      </trkpt>
      <trkpt lat="37.75829" lon="-119.49992">
        <ele>2598.0</ele>
      </trkpt>
      <trkpt lat="37.75846" lon="-119.50031">
        <ele>2594.0</ele>
      </trkpt>
      <trkpt lat="37.75872" lon="-119.50109">
        <ele>2603.0</ele>
      </trkpt>
      <trkpt lat="37.75876" lon="-119.50112">
        <ele>2620.0</ele>
      </trkpt>
      <trkpt lat="37.7588" lon="-119.50105">
        <ele>2620.0</ele>
      </trkpt>
      <trkpt lat="37.75884" lon="-119.50077">
        <ele>2619.0</ele>
      </trkpt>
      <trkpt lat="37.75883" lon="-119.50006">
        <ele>2630.0</ele>
      </trkpt>
      <trkpt lat="37.75924" lon="-119.50077">
        <ele>2631.0</ele>
      </trkpt>
      <trkpt lat="37.75936" lon="-119.50102">
        <ele>2641.0</ele>
      </trkpt>
      <trkpt lat="37.75939" lon="-119.50092">
        <ele>2646.0</ele>
      </trkpt>
      <trkpt lat="37.75939" lon="-119.50063">
        <ele>2650.0</ele>
      </trkpt>
      <trkpt lat="37.7592" lon="-119.50002">
        <ele>2645.0</ele>
      </trkpt>
      <trkpt lat="37.75882" lon="-119.49816">
        <ele>2679.0</ele>
      </trkpt>
      <trkpt lat="37.75882" lon="-119.49786">
        <ele>2684.0</ele>
      </trkpt>
      <trkpt lat="37.75878" lon="-119.49759">
        <ele>2690.0</ele>
      </trkpt>
      <trkpt lat="37.75877" lon="-119.49726">
        <ele>2694.0</ele>
      </trkpt>
      <trkpt lat="37.75863" lon="-119.49589">
        <ele>2713.0</ele>
      </trkpt>
      <trkpt lat="37.75847" lon="-119.49559">
        <ele>2712.0</ele>
      </trkpt>
      <trkpt lat="37.75834" lon="-119.49529">
        <ele>2719.0</ele>
      </trkpt>
      <trkpt lat="37.75816" lon="-119.49509">
        <ele>2717.0</ele>
      </trkpt>
      <trkpt lat="37.75811" lon="-119.49485">
        <ele>2717.0</ele>
      </trkpt>
      <trkpt lat="37.75829" lon="-119.49471">
        <ele>2721.0</ele>
      </trkpt>
      <trkpt lat="37.75871" lon="-119.49465">
        <ele>2727.0</ele>
      </trkpt>
      <trkpt lat="37.75911" lon="-119.49449">
        <ele>2738.0</ele>
      </trkpt>
      <trkpt lat="37.75924" lon="-119.49455">
        <ele>2738.0</ele>
      </trkpt>
      <trkpt lat="37.75942" lon="-119.49478">
        <ele>2745.0</ele>
      </trkpt>
      <trkpt lat="37.75952" lon="-119.49481">
        <ele>2745.0</ele>
      </trkpt>
      <trkpt lat="37.75976" lon="-119.4945">
        <ele>2750.0</ele>
      </trkpt>
      <trkpt lat="37.75987" lon="-119.49424">
        <ele>2758.0</ele>
      </trkpt>
      <trkpt lat="37.76013" lon="-119.49383">
        <ele>2755.0</ele>
      </trkpt>
      <trkpt lat="37.76034" lon="-119.49353">
        <ele>2759.0</ele>
      </trkpt>
      <trkpt lat="37.76051" lon="-119.49335">
        <ele>2769.0</ele>
      </trkpt>
      <trkpt lat="37.76123" lon="-119.49285">
        <ele>2784.0</ele>
      </trkpt>
      <trkpt lat="37.76161" lon="-119.49271">
        <ele>2793.0</ele>
      </trkpt>
      <trkpt lat="37.7619" lon="-119.49255">
        <ele>2794.0</ele>
      </trkpt>
      <trkpt lat="37.76226" lon="-119.49242">
        <ele>2801.0</ele>
      </trkpt>
      <trkpt lat="37.76249" lon="-119.49226">
        <ele>2801.0</ele>
      </trkpt>
      <trkpt lat="37.7629" lon="-119.49207">
        <ele>2804.0</ele>
      </trkpt>
      <trkpt lat="37.76312" lon="-119.4919">
        <ele>2815.0</ele>
      </trkpt>
      <trkpt lat="37.76361" lon="-119.49136">
        <ele>2829.0</ele>
      </trkpt>
      <trkpt lat="37.76391" lon="-119.49096">
        <ele>2835.0</ele>
      </trkpt>
      <trkpt lat="37.76406" lon="-119.49066">
        <ele>2845.0</ele>
      </trkpt>
      <trkpt lat="37.76418" lon="-119.49017">
        <ele>2847.0</ele>
      </trkpt>
      <trkpt lat="37.76421" lon="-119.48984">
        <ele>2852.0</ele>
      </trkpt>
      <trkpt lat="37.76421829067508" lon="-119.4898013089746">
        <ele>2852.0</ele>
      </trkpt>
      <trkpt lat="37.76422118625046" lon="-119.4897877958675">
        <ele>2852.0</ele>
      </trkpt>
      <trkpt lat="37.76427" lon="-119.48956">
        <ele>2853.0</ele>
      </trkpt>
      <trkpt lat="37.76434" lon="-119.48936">
        <ele>2861.0</ele>
      </trkpt>
      <trkpt lat="37.76443" lon="-119.48919">
        <ele>2861.0</ele>
      </trkpt>
      <trkpt lat="37.76469" lon="-119.48965">
        <ele>2867.0</ele>
      </trkpt>
      <trkpt lat="37.76487" lon="-119.49005">
        <ele>2878.0</ele>
      </trkpt>
      <trkpt lat="37.76493" lon="-119.49008">
        <ele>2878.0</ele>
      </trkpt>
      <trkpt lat="37.76506" lon="-119.48981">
        <ele>2880.0</ele>
      </trkpt>
      <trkpt lat="37.76521" lon="-119.48923">
        <ele>2890.0</ele>
      </trkpt>
      <trkpt lat="37.76529" lon="-119.48926">
        <ele>2890.0</ele>
      </trkpt>
      <trkpt lat="37.76544" lon="-119.4902">
        <ele>2907.0</ele>
      </trkpt>
      <trkpt lat="37.7655" lon="-119.49037">
        <ele>2907.0</ele>
      </trkpt>
      <trkpt lat="37.7655" lon="-119.4906">
        <ele>2908.0</ele>
      </trkpt>
      <trkpt lat="37.76555" lon="-119.49078">
        <ele>2911.0</ele>
      </trkpt>
      <trkpt lat="37.76558" lon="-119.49125">
        <ele>2912.0</ele>
      </trkpt>
      <trkpt lat="37.76561" lon="-119.49141">
        <ele>2913.0</ele>
      </trkpt>
      <trkpt lat="37.76565" lon="-119.49151">
        <ele>2913.0</ele>
      </trkpt>
      <trkpt lat="37.76584" lon="-119.49152">
        <ele>2927.0</ele>
      </trkpt>
      <trkpt lat="37.76596" lon="-119.49144">
        <ele>2927.0</ele>
      </trkpt>
      <trkpt lat="37.76607" lon="-119.49131">
        <ele>2944.0</ele>
      </trkpt>
      <trkpt lat="37.76629" lon="-119.49101">
        <ele>2953.0</ele>
      </trkpt>
      <trkpt lat="37.76629" lon="-119.49087">
        <ele>2953.0</ele>
      </trkpt>
      <trkpt lat="37.76639" lon="-119.49069">
        <ele>2952.0</ele>
      </trkpt>
      <trkpt lat="37.76641" lon="-119.49053">
        <ele>2952.0</ele>
      </trkpt>
      <trkpt lat="37.76648" lon="-119.49047">
        <ele>2952.0</ele>
      </trkpt>
      <trkpt lat="37.76652" lon="-119.49037">
        <ele>2949.0</ele>
      </trkpt>
      <trkpt lat="37.76661" lon="-119.4903">
        <ele>2964.0</ele>
      </trkpt>
      <trkpt lat="37.76685" lon="-119.48978">
        <ele>2973.0</ele>
      </trkpt>
      <trkpt lat="37.7669" lon="-119.48976">
        <ele>2973.0</ele>
      </trkpt>
      <trkpt lat="37.76705" lon="-119.48982">
        <ele>2973.0</ele>
      </trkpt>
      <trkpt lat="37.7671" lon="-119.48966">
        <ele>2982.0</ele>
      </trkpt>
      <trkpt lat="37.76729" lon="-119.48962">
        <ele>2982.0</ele>
      </trkpt>
      <trkpt lat="37.76761" lon="-119.48939">
        <ele>2993.0</ele>
      </trkpt>
      <trkpt lat="37.7677" lon="-119.48939">
        <ele>2991.0</ele>
      </trkpt>
      <trkpt lat="37.7677125454566" lon="-119.4893690909057">
        <ele>2991.0</ele>
      </trkpt>
      <trkpt lat="37.76771254546063" lon="-119.4893690909057">
        <ele>2991.0</ele>
      </trkpt>
      <trkpt lat="37.7677" lon="-119.48939">
        <ele>2991.0</ele>
      </trkpt>
      <trkpt lat="37.76761" lon="-119.48939">
        <ele>2993.0</ele>
      </trkpt>
      <trkpt lat="37.76729" lon="-119.48962">
        <ele>2982.0</ele>
      </trkpt>
      <trkpt lat="37.7671" lon="-119.48966">
        <ele>2982.0</ele>
      </trkpt>
      <trkpt lat="37.76705" lon="-119.48982">
        <ele>2973.0</ele>
      </trkpt>
      <trkpt lat="37.7669" lon="-119.48976">
        <ele>2973.0</ele>
      </trkpt>
      <trkpt lat="37.76685" lon="-119.48978">
        <ele>2973.0</ele>
      </trkpt>
      <trkpt lat="37.76661" lon="-119.4903">
        <ele>2964.0</ele>
      </trkpt>
      <trkpt lat="37.76652" lon="-119.49037">
        <ele>2949.0</ele>
      </trkpt>
      <trkpt lat="37.76648" lon="-119.49047">
        <ele>2952.0</ele>
      </trkpt>
      <trkpt lat="37.76641" lon="-119.49053">
        <ele>2952.0</ele>
      </trkpt>
      <trkpt lat="37.76639" lon="-119.49069">
        <ele>2952.0</ele>
      </trkpt>
      <trkpt lat="37.76629" lon="-119.49087">
        <ele>2953.0</ele>
      </trkpt>
      <trkpt lat="37.76629" lon="-119.49101">
        <ele>2953.0</ele>
      </trkpt>
      <trkpt lat="37.76607" lon="-119.49131">
        <ele>2944.0</ele>
      </trkpt>
      <trkpt lat="37.76596" lon="-119.49144">
        <ele>2927.0</ele>
      </trkpt>
      <trkpt lat="37.76584" lon="-119.49152">
        <ele>2927.0</ele>
      </trkpt>
      <trkpt lat="37.76565" lon="-119.49151">
        <ele>2913.0</ele>
      </trkpt>
      <trkpt lat="37.76561" lon="-119.49141">
        <ele>2913.0</ele>
      </trkpt>
      <trkpt lat="37.76558" lon="-119.49125">
        <ele>2912.0</ele>
      </trkpt>
      <trkpt lat="37.76555" lon="-119.49078">
        <ele>2911.0</ele>
      </trkpt>
      <trkpt lat="37.7655" lon="-119.4906">
        <ele>2908.0</ele>
      </trkpt>
      <trkpt lat="37.7655" lon="-119.49037">
        <ele>2907.0</ele>
      </trkpt>
      <trkpt lat="37.76544" lon="-119.4902">
        <ele>2907.0</ele>
      </trkpt>
      <trkpt lat="37.76529" lon="-119.48926">
        <ele>2890.0</ele>
      </trkpt>
      <trkpt lat="37.76521" lon="-119.48923">
        <ele>2890.0</ele>
      </trkpt>
      <trkpt lat="37.76506" lon="-119.48981">
        <ele>2880.0</ele>
      </trkpt>
      <trkpt lat="37.76493" lon="-119.49008">
        <ele>2878.0</ele>
      </trkpt>
      <trkpt lat="37.76487" lon="-119.49005">
        <ele>2878.0</ele>
      </trkpt>
      <trkpt lat="37.76469" lon="-119.48965">
        <ele>2867.0</ele>
      </trkpt>
      <trkpt lat="37.76443" lon="-119.48919">
        <ele>2861.0</ele>
      </trkpt>
      <trkpt lat="37.76434" lon="-119.48936">
        <ele>2861.0</ele>
      </trkpt>
      <trkpt lat="37.76427" lon="-119.48956">
        <ele>2853.0</ele>
      </trkpt>
      <trkpt lat="37.76422118625046" lon="-119.4897877958675">
        <ele>2852.0</ele>
      </trkpt>
      <trkpt lat="37.76421829067508" lon="-119.4898013089746">
        <ele>2852.0</ele>
      </trkpt>
      <trkpt lat="37.76421" lon="-119.48984">
        <ele>2852.0</ele>
      </trkpt>
      <trkpt lat="37.76418" lon="-119.49017">
        <ele>2847.0</ele>
      </trkpt>
      <trkpt lat="37.76406" lon="-119.49066">
        <ele>2845.0</ele>
      </trkpt>
      <trkpt lat="37.76391" lon="-119.49096">
        <ele>2835.0</ele>
      </trkpt>
      <trkpt lat="37.76361" lon="-119.49136">
        <ele>2829.0</ele>
      </trkpt>
      <trkpt lat="37.76312" lon="-119.4919">
        <ele>2815.0</ele>
      </trkpt>
      <trkpt lat="37.7629" lon="-119.49207">
        <ele>2804.0</ele>
      </trkpt>
      <trkpt lat="37.76249" lon="-119.49226">
        <ele>2801.0</ele>
      </trkpt>
      <trkpt lat="37.76226" lon="-119.49242">
        <ele>2801.0</ele>
      </trkpt>
      <trkpt lat="37.7619" lon="-119.49255">
        <ele>2794.0</ele>
      </trkpt>
      <trkpt lat="37.76161" lon="-119.49271">
        <ele>2793.0</ele>
      </trkpt>
      <trkpt lat="37.76123" lon="-119.49285">
        <ele>2784.0</ele>
      </trkpt>
      <trkpt lat="37.76051" lon="-119.49335">
        <ele>2769.0</ele>
      </trkpt>
      <trkpt lat="37.76034" lon="-119.49353">
        <ele>2759.0</ele>
      </trkpt>
      <trkpt lat="37.76013" lon="-119.49383">
        <ele>2755.0</ele>
      </trkpt>
      <trkpt lat="37.75987" lon="-119.49424">
        <ele>2758.0</ele>
      </trkpt>
      <trkpt lat="37.75976" lon="-119.4945">
        <ele>2750.0</ele>
      </trkpt>
      <trkpt lat="37.75952" lon="-119.49481">
        <ele>2745.0</ele>
      </trkpt>
      <trkpt lat="37.75942" lon="-119.49478">
        <ele>2745.0</ele>
      </trkpt>
      <trkpt lat="37.75924" lon="-119.49455">
        <ele>2738.0</ele>
      </trkpt>
      <trkpt lat="37.75911" lon="-119.49449">
        <ele>2738.0</ele>
      </trkpt>
      <trkpt lat="37.75871" lon="-119.49465">
        <ele>2727.0</ele>
      </trkpt>
      <trkpt lat="37.75829" lon="-119.49471">
        <ele>2721.0</ele>
      </trkpt>
      <trkpt lat="37.75811" lon="-119.49485">
        <ele>2717.0</ele>
      </trkpt>
      <trkpt lat="37.75816" lon="-119.49509">
        <ele>2717.0</ele>
      </trkpt>
      <trkpt lat="37.75834" lon="-119.49529">
        <ele>2719.0</ele>
      </trkpt>
      <trkpt lat="37.75847" lon="-119.49559">
        <ele>2712.0</ele>
      </trkpt>
      <trkpt lat="37.75863" lon="-119.49589">
        <ele>2713.0</ele>
      </trkpt>
      <trkpt lat="37.75877" lon="-119.49726">
        <ele>2694.0</ele>
      </trkpt>
      <trkpt lat="37.75878" lon="-119.49759">
        <ele>2690.0</ele>
      </trkpt>
      <trkpt lat="37.75882" lon="-119.49786">
        <ele>2684.0</ele>
      </trkpt>
      <trkpt lat="37.75882" lon="-119.49816">
        <ele>2679.0</ele>
      </trkpt>
      <trkpt lat="37.75896200105408" lon="-119.498855057791">
        <ele>2660.0</ele>
      </trkpt>
      <trkpt lat="37.75896200128251" lon="-119.498855057791">
        <ele>2660.0</ele>
      </trkpt>
      <trkpt lat="37.7592" lon="-119.50002">
        <ele>2645.0</ele>
      </trkpt>
      <trkpt lat="37.75939" lon="-119.50063">
        <ele>2650.0</ele>
      </trkpt>
      <trkpt lat="37.75939" lon="-119.50092">
        <ele>2646.0</ele>
      </trkpt>
      <trkpt lat="37.75936" lon="-119.50102">
        <ele>2641.0</ele>
      </trkpt>
      <trkpt lat="37.75924" lon="-119.50077">
        <ele>2631.0</ele>
      </trkpt>
      <trkpt lat="37.75883" lon="-119.50006">
        <ele>2630.0</ele>
      </trkpt>
      <trkpt lat="37.75884" lon="-119.50077">
        <ele>2619.0</ele>
      </trkpt>
      <trkpt lat="37.7588" lon="-119.50105">
        <ele>2620.0</ele>
      </trkpt>
      <trkpt lat="37.75876" lon="-119.50112">
        <ele>2620.0</ele>
      </trkpt>
      <trkpt lat="37.75872" lon="-119.50109">
        <ele>2603.0</ele>
      </trkpt>
      <trkpt lat="37.75846" lon="-119.50031">
        <ele>2594.0</ele>
      </trkpt>
      <trkpt lat="37.75829" lon="-119.49992">
        <ele>2598.0</ele>
      </trkpt>
      <trkpt lat="37.75825" lon="-119.49992">
        <ele>2598.0</ele>
      </trkpt>
      <trkpt lat="37.75819" lon="-119.50071">
        <ele>2577.0</ele>
      </trkpt>
      <trkpt lat="37.75813" lon="-119.5009">
        <ele>2577.0</ele>
      </trkpt>
      <trkpt lat="37.75772" lon="-119.49982">
        <ele>2573.0</ele>
      </trkpt>
      <trkpt lat="37.75748" lon="-119.49938">
        <ele>2561.0</ele>
      </trkpt>
      <trkpt lat="37.75748" lon="-119.49982">
        <ele>2563.0</ele>
      </trkpt>
      <trkpt lat="37.75751" lon="-119.50007">
        <ele>2563.0</ele>
      </trkpt>
      <trkpt lat="37.75747" lon="-119.50056">
        <ele>2558.0</ele>
      </trkpt>
      <trkpt lat="37.75739" lon="-119.5005">
        <ele>2558.0</ele>
      </trkpt>
      <trkpt lat="37.75733" lon="-119.50022">
        <ele>2545.0</ele>
      </trkpt>
      <trkpt lat="37.75716" lon="-119.4998">
        <ele>2552.0</ele>
      </trkpt>
      <trkpt lat="37.75707" lon="-119.5">
        <ele>2533.0</ele>
      </trkpt>
      <trkpt lat="37.75707" lon="-119.5001">
        <ele>2533.0</ele>
      </trkpt>
      <trkpt lat="37.75704" lon="-119.50024">
        <ele>2526.0</ele>
      </trkpt>
      <trkpt lat="37.75704" lon="-119.50048">
        <ele>2520.0</ele>
      </trkpt>
      <trkpt lat="37.75709" lon="-119.50069">
        <ele>2538.0</ele>
      </trkpt>
      <trkpt lat="37.75698" lon="-119.50059">
        <ele>2520.0</ele>
      </trkpt>
      <trkpt lat="37.75684" lon="-119.50029">
        <ele>2526.0</ele>
      </trkpt>
      <trkpt lat="37.75675" lon="-119.50001">
        <ele>2514.0</ele>
      </trkpt>
      <trkpt lat="37.75645" lon="-119.49932">
        <ele>2506.0</ele>
      </trkpt>
      <trkpt lat="37.75643" lon="-119.49958">
        <ele>2506.0</ele>
      </trkpt>
      <trkpt lat="37.75626" lon="-119.49928">
        <ele>2508.0</ele>
      </trkpt>
      <trkpt lat="37.75619" lon="-119.49925">
        <ele>2499.0</ele>
      </trkpt>
      <trkpt lat="37.75617" lon="-119.49986">
        <ele>2491.0</ele>
      </trkpt>
      <trkpt lat="37.75611" lon="-119.50049">
        <ele>2491.0</ele>
      </trkpt>
      <trkpt lat="37.75611" lon="-119.5009">
        <ele>2489.0</ele>
      </trkpt>
      <trkpt lat="37.75608" lon="-119.5012">
        <ele>2485.0</ele>
      </trkpt>
      <trkpt lat="37.75599" lon="-119.5015">
        <ele>2479.0</ele>
      </trkpt>
      <trkpt lat="37.75595" lon="-119.50199">
        <ele>2446.0</ele>
      </trkpt>
      <trkpt lat="37.75584" lon="-119.50247">
        <ele>2443.0</ele>
      </trkpt>
      <trkpt lat="37.7557" lon="-119.5029">
        <ele>2442.0</ele>
      </trkpt>
      <trkpt lat="37.75569" lon="-119.50323">
        <ele>2435.0</ele>
      </trkpt>
      <trkpt lat="37.75544" lon="-119.50399">
        <ele>2435.0</ele>
      </trkpt>
      <trkpt lat="37.75528" lon="-119.5042">
        <ele>2429.0</ele>
      </trkpt>
      <trkpt lat="37.75515" lon="-119.50416">
        <ele>2429.0</ele>
      </trkpt>
      <trkpt lat="37.75496" lon="-119.50389">
        <ele>2421.0</ele>
      </trkpt>
      <trkpt lat="37.75454" lon="-119.50312">
        <ele>2409.0</ele>
      </trkpt>
      <trkpt lat="37.75445" lon="-119.50313">
        <ele>2409.0</ele>
      </trkpt>
      <trkpt lat="37.75441" lon="-119.50326">
        <ele>2411.0</ele>
      </trkpt>
      <trkpt lat="37.75409" lon="-119.50353">
        <ele>2400.0</ele>
      </trkpt>
      <trkpt lat="37.75384" lon="-119.50367">
        <ele>2391.0</ele>
      </trkpt>
      <trkpt lat="37.75369" lon="-119.50382">
        <ele>2383.0</ele>
      </trkpt>
      <trkpt lat="37.75366" lon="-119.50389">
        <ele>2383.0</ele>
      </trkpt>
      <trkpt lat="37.75356345137388" lon="-119.5039823508598">
        <ele>2383.0</ele>
      </trkpt>
      <trkpt lat="37.75225820732335" lon="-119.5052433013916">
        <ele>2352.0</ele>
      </trkpt>
      <trkpt lat="37.75124024993034" lon="-119.5051574707031">
        <ele>2316.0</ele>
      </trkpt>
      <trkpt lat="37.74974722042171" lon="-119.5057582855225">
        <ele>2294.0</ele>
      </trkpt>
      <trkpt lat="37.74784695747876" lon="-119.5048141479492">
        <ele>2255.0</ele>
      </trkpt>
      <trkpt lat="37.74710041225793" lon="-119.5027542114258">
        <ele>2248.0</ele>
      </trkpt>
      <trkpt lat="37.7454036905667" lon="-119.5036125183106">
        <ele>2208.0</ele>
      </trkpt>
      <trkpt lat="37.74465712069939" lon="-119.503698348999">
        <ele>2195.0</ele>
      </trkpt>
      <trkpt lat="37.74370692997667" lon="-119.5054149627686">
        <ele>2169.0</ele>
      </trkpt>
      <trkpt lat="37.74458925033802" lon="-119.5091056823731">
        <ele>2144.0</ele>
      </trkpt>
      <trkpt lat="37.74444000000002" lon="-119.50928">
        <ele>2137.0</ele>
      </trkpt>
      <trkpt lat="37.74451" lon="-119.5094">
        <ele>2133.0</ele>
      </trkpt>
      <trkpt lat="37.7445" lon="-119.50962">
        <ele>2129.0</ele>
      </trkpt>
      <trkpt lat="37.74457" lon="-119.50978">
        <ele>2129.0</ele>
      </trkpt>
      <trkpt lat="37.74458" lon="-119.50991">
        <ele>2126.0</ele>
      </trkpt>
      <trkpt lat="37.74478" lon="-119.51069">
        <ele>2127.0</ele>
      </trkpt>
      <trkpt lat="37.74489" lon="-119.51151">
        <ele>2129.0</ele>
      </trkpt>
      <trkpt lat="37.745" lon="-119.51188">
        <ele>2130.0</ele>
      </trkpt>
      <trkpt lat="37.74499" lon="-119.51209">
        <ele>2135.0</ele>
      </trkpt>
      <trkpt lat="37.74506" lon="-119.51243">
        <ele>2134.0</ele>
      </trkpt>
      <trkpt lat="37.74506" lon="-119.51272">
        <ele>2136.0</ele>
      </trkpt>
      <trkpt lat="37.74506" lon="-119.51272">
        <ele>2136.0</ele>
      </trkpt>
      <trkpt lat="37.74506" lon="-119.51272">
        <ele>2136.0</ele>
      </trkpt>
      <trkpt lat="37.745" lon="-119.51279">
        <ele>2136.0</ele>
      </trkpt>
      <trkpt lat="37.7449" lon="-119.51284">
        <ele>2136.0</ele>
      </trkpt>
      <trkpt lat="37.74462" lon="-119.51281">
        <ele>2137.0</ele>
      </trkpt>
      <trkpt lat="37.74439" lon="-119.51262">
        <ele>2127.0</ele>
      </trkpt>
      <trkpt lat="37.74414" lon="-119.51226">
        <ele>2116.0</ele>
      </trkpt>
      <trkpt lat="37.744" lon="-119.51234">
        <ele>2107.0</ele>
      </trkpt>
      <trkpt lat="37.74375" lon="-119.51207">
        <ele>2089.0</ele>
      </trkpt>
      <trkpt lat="37.74369" lon="-119.51226">
        <ele>2087.0</ele>
      </trkpt>
      <trkpt lat="37.74362" lon="-119.51283">
        <ele>2100.0</ele>
      </trkpt>
      <trkpt lat="37.74354" lon="-119.51286">
        <ele>2100.0</ele>
      </trkpt>
      <trkpt lat="37.74349" lon="-119.51293">
        <ele>2101.0</ele>
      </trkpt>
      <trkpt lat="37.74338" lon="-119.51284">
        <ele>2087.0</ele>
      </trkpt>
      <trkpt lat="37.74327" lon="-119.5125">
        <ele>2083.0</ele>
      </trkpt>
      <trkpt lat="37.7431" lon="-119.51216">
        <ele>2074.0</ele>
      </trkpt>
      <trkpt lat="37.74291" lon="-119.51212">
        <ele>2071.0</ele>
      </trkpt>
      <trkpt lat="37.7426" lon="-119.51178">
        <ele>2064.0</ele>
      </trkpt>
      <trkpt lat="37.74254" lon="-119.51185">
        <ele>2065.0</ele>
      </trkpt>
      <trkpt lat="37.74261" lon="-119.51241">
        <ele>2064.0</ele>
      </trkpt>
      <trkpt lat="37.74261" lon="-119.51263">
        <ele>2064.0</ele>
      </trkpt>
      <trkpt lat="37.74238" lon="-119.51274">
        <ele>2061.0</ele>
      </trkpt>
      <trkpt lat="37.74232" lon="-119.51262">
        <ele>2051.0</ele>
      </trkpt>
      <trkpt lat="37.74219" lon="-119.51249">
        <ele>2051.0</ele>
      </trkpt>
      <trkpt lat="37.74215" lon="-119.51225">
        <ele>2053.0</ele>
      </trkpt>
      <trkpt lat="37.74195" lon="-119.51181">
        <ele>2042.0</ele>
      </trkpt>
      <trkpt lat="37.74154" lon="-119.5112">
        <ele>2036.0</ele>
      </trkpt>
      <trkpt lat="37.74143" lon="-119.51118">
        <ele>2027.0</ele>
      </trkpt>
      <trkpt lat="37.74127" lon="-119.51154">
        <ele>2022.0</ele>
      </trkpt>
      <trkpt lat="37.74123" lon="-119.5119">
        <ele>2013.0</ele>
      </trkpt>
      <trkpt lat="37.7411" lon="-119.51206">
        <ele>2013.0</ele>
      </trkpt>
      <trkpt lat="37.74106" lon="-119.51243">
        <ele>2009.0</ele>
      </trkpt>
      <trkpt lat="37.74096" lon="-119.51246">
        <ele>2005.0</ele>
      </trkpt>
      <trkpt lat="37.74078" lon="-119.51219">
        <ele>2010.0</ele>
      </trkpt>
      <trkpt lat="37.74071" lon="-119.51234">
        <ele>2010.0</ele>
      </trkpt>
      <trkpt lat="37.7406" lon="-119.5127">
        <ele>1999.0</ele>
      </trkpt>
      <trkpt lat="37.74057" lon="-119.51297">
        <ele>1994.0</ele>
      </trkpt>
      <trkpt lat="37.74072" lon="-119.51323">
        <ele>1994.0</ele>
      </trkpt>
      <trkpt lat="37.74078" lon="-119.51377">
        <ele>1995.0</ele>
      </trkpt>
      <trkpt lat="37.74085" lon="-119.51408">
        <ele>1991.0</ele>
      </trkpt>
      <trkpt lat="37.74083" lon="-119.51446">
        <ele>1986.0</ele>
      </trkpt>
      <trkpt lat="37.74057" lon="-119.51482">
        <ele>1996.0</ele>
      </trkpt>
      <trkpt lat="37.74037" lon="-119.51488">
        <ele>1992.0</ele>
      </trkpt>
      <trkpt lat="37.74024" lon="-119.51522">
        <ele>1979.0</ele>
      </trkpt>
      <trkpt lat="37.74002" lon="-119.51543">
        <ele>1978.0</ele>
      </trkpt>
      <trkpt lat="37.73987" lon="-119.51544">
        <ele>1978.0</ele>
      </trkpt>
      <trkpt lat="37.73977" lon="-119.51532">
        <ele>1977.0</ele>
      </trkpt>
      <trkpt lat="37.7397" lon="-119.51517">
        <ele>1977.0</ele>
      </trkpt>
      <trkpt lat="37.739" lon="-119.51512">
        <ele>1963.0</ele>
      </trkpt>
      <trkpt lat="37.7387" lon="-119.51487">
        <ele>1960.0</ele>
      </trkpt>
      <trkpt lat="37.73835" lon="-119.51452">
        <ele>1963.0</ele>
      </trkpt>
      <trkpt lat="37.7381" lon="-119.51438">
        <ele>1960.0</ele>
      </trkpt>
      <trkpt lat="37.73795" lon="-119.51444">
        <ele>1960.0</ele>
      </trkpt>
      <trkpt lat="37.73771" lon="-119.51465">
        <ele>1952.0</ele>
      </trkpt>
      <trkpt lat="37.73749" lon="-119.51493">
        <ele>1947.0</ele>
      </trkpt>
      <trkpt lat="37.73698" lon="-119.51496">
        <ele>1937.0</ele>
      </trkpt>
      <trkpt lat="37.73671" lon="-119.51494">
        <ele>1928.0</ele>
      </trkpt>
      <trkpt lat="37.7365" lon="-119.51487">
        <ele>1922.0</ele>
      </trkpt>
      <trkpt lat="37.73622" lon="-119.51496">
        <ele>1917.0</ele>
      </trkpt>
      <trkpt lat="37.73618" lon="-119.51467">
        <ele>1911.0</ele>
      </trkpt>
      <trkpt lat="37.73597" lon="-119.51478">
        <ele>1906.0</ele>
      </trkpt>
      <trkpt lat="37.73597" lon="-119.51478">
        <ele>1906.0</ele>
      </trkpt>
      <trkpt lat="37.73582" lon="-119.51486">
        <ele>1906.0</ele>
      </trkpt>
      <trkpt lat="37.73576" lon="-119.51483">
        <ele>1906.0</ele>
      </trkpt>
      <trkpt lat="37.73579" lon="-119.51441">
        <ele>1903.0</ele>
      </trkpt>
      <trkpt lat="37.73565" lon="-119.51441">
        <ele>1899.0</ele>
      </trkpt>
      <trkpt lat="37.73541" lon="-119.51455">
        <ele>1877.0</ele>
      </trkpt>
      <trkpt lat="37.73536" lon="-119.5145">
        <ele>1877.0</ele>
      </trkpt>
      <trkpt lat="37.73543" lon="-119.51412">
        <ele>1891.0</ele>
      </trkpt>
      <trkpt lat="37.73531" lon="-119.51413">
        <ele>1877.0</ele>
      </trkpt>
      <trkpt lat="37.73494" lon="-119.51457">
        <ele>1869.0</ele>
      </trkpt>
      <trkpt lat="37.73494" lon="-119.51457">
        <ele>1869.0</ele>
      </trkpt>
      <trkpt lat="37.73494" lon="-119.51457">
        <ele>1869.0</ele>
      </trkpt>
      <trkpt lat="37.73453" lon="-119.51499">
        <ele>1866.0</ele>
      </trkpt>
      <trkpt lat="37.73452999745221" lon="-119.5149900007701">
        <ele>1866.0</ele>
      </trkpt>
      <trkpt lat="37.73452999745221" lon="-119.5149900007701">
        <ele>1866.0</ele>
      </trkpt>
      <trkpt lat="37.73447" lon="-119.51514">
        <ele>1864.0</ele>
      </trkpt>
      <trkpt lat="37.73422" lon="-119.51605">
        <ele>1864.0</ele>
      </trkpt>
      <trkpt lat="37.73422" lon="-119.51605">
        <ele>1864.0</ele>
      </trkpt>
      <trkpt lat="37.73422" lon="-119.51605">
        <ele>1864.0</ele>
      </trkpt>
      <trkpt lat="37.73405" lon="-119.51635">
        <ele>1862.0</ele>
      </trkpt>
      <trkpt lat="37.73403" lon="-119.51659">
        <ele>1865.0</ele>
      </trkpt>
      <trkpt lat="37.73392" lon="-119.51702">
        <ele>1865.0</ele>
      </trkpt>
      <trkpt lat="37.73378" lon="-119.5175">
        <ele>1862.0</ele>
      </trkpt>
      <trkpt lat="37.73354" lon="-119.51818">
        <ele>1861.0</ele>
      </trkpt>
      <trkpt lat="37.73342" lon="-119.51903">
        <ele>1861.0</ele>
      </trkpt>
      <trkpt lat="37.73323" lon="-119.51942">
        <ele>1864.0</ele>
      </trkpt>
      <trkpt lat="37.73271" lon="-119.51957">
        <ele>1868.0</ele>
      </trkpt>
      <trkpt lat="37.73249" lon="-119.51994">
        <ele>1865.0</ele>
      </trkpt>
      <trkpt lat="37.73222" lon="-119.52027">
        <ele>1865.0</ele>
      </trkpt>
      <trkpt lat="37.73155" lon="-119.52127">
        <ele>1867.0</ele>
      </trkpt>
      <trkpt lat="37.73149716419011" lon="-119.5214285074297">
        <ele>1866.0</ele>
      </trkpt>
      <trkpt lat="37.73149716419011" lon="-119.5214285074297">
        <ele>1866.0</ele>
      </trkpt>
      <trkpt lat="37.73141" lon="-119.52169">
        <ele>1865.0</ele>
      </trkpt>
      <trkpt lat="37.73117" lon="-119.52205">
        <ele>1866.0</ele>
      </trkpt>
      <trkpt lat="37.73102" lon="-119.5222">
        <ele>1866.0</ele>
      </trkpt>
      <trkpt lat="37.73082" lon="-119.52282">
        <ele>1868.0</ele>
      </trkpt>
      <trkpt lat="37.73073" lon="-119.52293">
        <ele>1869.0</ele>
      </trkpt>
      <trkpt lat="37.73073" lon="-119.52293">
        <ele>1869.0</ele>
      </trkpt>
      <trkpt lat="37.73073" lon="-119.52293">
        <ele>1869.0</ele>
      </trkpt>
      <trkpt lat="37.73059" lon="-119.52325">
        <ele>1872.0</ele>
      </trkpt>
      <trkpt lat="37.73035" lon="-119.52419">
        <ele>1866.0</ele>
      </trkpt>
      <trkpt lat="37.73021" lon="-119.52441">
        <ele>1865.0</ele>
      </trkpt>
      <trkpt lat="37.73011" lon="-119.52462">
        <ele>1863.0</ele>
      </trkpt>
      <trkpt lat="37.7301" lon="-119.52476">
        <ele>1863.0</ele>
      </trkpt>
      <trkpt lat="37.7301" lon="-119.52476">
        <ele>1863.0</ele>
      </trkpt>
      <trkpt lat="37.7301" lon="-119.52476">
        <ele>1863.0</ele>
      </trkpt>
      <trkpt lat="37.73017" lon="-119.5252">
        <ele>1865.0</ele>
      </trkpt>
      <trkpt lat="37.7302" lon="-119.5257">
        <ele>1869.0</ele>
      </trkpt>
      <trkpt lat="37.73016" lon="-119.52592">
        <ele>1869.0</ele>
      </trkpt>
      <trkpt lat="37.73011" lon="-119.52607">
        <ele>1872.0</ele>
      </trkpt>
      <trkpt lat="37.72994" lon="-119.52626">
        <ele>1875.0</ele>
      </trkpt>
      <trkpt lat="37.72979" lon="-119.52666">
        <ele>1878.0</ele>
      </trkpt>
      <trkpt lat="37.72911" lon="-119.52756">
        <ele>1879.0</ele>
      </trkpt>
      <trkpt lat="37.72878" lon="-119.52787">
        <ele>1880.0</ele>
      </trkpt>
      <trkpt lat="37.72861" lon="-119.52806">
        <ele>1882.0</ele>
      </trkpt>
      <trkpt lat="37.72848" lon="-119.52812">
        <ele>1882.0</ele>
      </trkpt>
      <trkpt lat="37.72839" lon="-119.52841">
        <ele>1884.0</ele>
      </trkpt>
      <trkpt lat="37.72814" lon="-119.52866">
        <ele>1881.0</ele>
      </trkpt>
      <trkpt lat="37.72799" lon="-119.52875">
        <ele>1881.0</ele>
      </trkpt>
      <trkpt lat="37.72784" lon="-119.5288">
        <ele>1869.0</ele>
      </trkpt>
      <trkpt lat="37.72764" lon="-119.52875">
        <ele>1871.0</ele>
      </trkpt>
      <trkpt lat="37.7273" lon="-119.52892">
        <ele>1851.0</ele>
      </trkpt>
      <trkpt lat="37.72716" lon="-119.52905">
        <ele>1852.0</ele>
      </trkpt>
      <trkpt lat="37.72742" lon="-119.52908">
        <ele>1859.0</ele>
      </trkpt>
      <trkpt lat="37.72745" lon="-119.52914">
        <ele>1859.0</ele>
      </trkpt>
      <trkpt lat="37.72741" lon="-119.52921">
        <ele>1859.0</ele>
      </trkpt>
      <trkpt lat="37.72715" lon="-119.52939">
        <ele>1853.0</ele>
      </trkpt>
      <trkpt lat="37.72708" lon="-119.52953">
        <ele>1845.0</ele>
      </trkpt>
      <trkpt lat="37.72689" lon="-119.52958">
        <ele>1845.0</ele>
      </trkpt>
      <trkpt lat="37.72669" lon="-119.5298">
        <ele>1834.0</ele>
      </trkpt>
      <trkpt lat="37.7265" lon="-119.52994">
        <ele>1834.0</ele>
      </trkpt>
      <trkpt lat="37.72631" lon="-119.53002">
        <ele>1834.0</ele>
      </trkpt>
      <trkpt lat="37.72628" lon="-119.53009">
        <ele>1834.0</ele>
      </trkpt>
      <trkpt lat="37.72646" lon="-119.53015">
        <ele>1833.0</ele>
      </trkpt>
      <trkpt lat="37.72648" lon="-119.53033">
        <ele>1833.0</ele>
      </trkpt>
      <trkpt lat="37.72655" lon="-119.53043">
        <ele>1837.0</ele>
      </trkpt>
      <trkpt lat="37.72644" lon="-119.53043">
        <ele>1832.0</ele>
      </trkpt>
      <trkpt lat="37.72635" lon="-119.53036">
        <ele>1833.0</ele>
      </trkpt>
      <trkpt lat="37.72614" lon="-119.53036">
        <ele>1834.0</ele>
      </trkpt>
      <trkpt lat="37.72614" lon="-119.53036">
        <ele>1834.0</ele>
      </trkpt>
      <trkpt lat="37.72594" lon="-119.53045">
        <ele>1832.0</ele>
      </trkpt>
      <trkpt lat="37.72586" lon="-119.53074">
        <ele>1829.0</ele>
      </trkpt>
      <trkpt lat="37.72574" lon="-119.53101">
        <ele>1827.0</ele>
      </trkpt>
      <trkpt lat="37.72571" lon="-119.53125">
        <ele>1827.0</ele>
      </trkpt>
      <trkpt lat="37.72571" lon="-119.53125">
        <ele>1827.0</ele>
      </trkpt>
      <trkpt lat="37.72562" lon="-119.53157">
        <ele>1823.0</ele>
      </trkpt>
      <trkpt lat="37.72549" lon="-119.5318">
        <ele>1823.0</ele>
      </trkpt>
      <trkpt lat="37.72529" lon="-119.53233">
        <ele>1817.0</ele>
      </trkpt>
      <trkpt lat="37.72486947225757" lon="-119.532979906511">
        <ele>1816.0</ele>
      </trkpt>
      <trkpt lat="37.72486947225757" lon="-119.532979906511">
        <ele>1816.0</ele>
      </trkpt>
      <trkpt lat="37.72485" lon="-119.53301">
        <ele>1815.0</ele>
      </trkpt>
      <trkpt lat="37.72485" lon="-119.53301">
        <ele>1815.0</ele>
      </trkpt>
      <trkpt lat="37.7246" lon="-119.53309">
        <ele>1815.0</ele>
      </trkpt>
      <trkpt lat="37.7246" lon="-119.53309">
        <ele>1815.0</ele>
      </trkpt>
      <trkpt lat="37.72421" lon="-119.53346">
        <ele>1824.0</ele>
      </trkpt>
      <trkpt lat="37.72383" lon="-119.5336">
        <ele>1827.0</ele>
      </trkpt>
      <trkpt lat="37.72374" lon="-119.53369">
        <ele>1835.0</ele>
      </trkpt>
      <trkpt lat="37.72361" lon="-119.53396">
        <ele>1830.0</ele>
      </trkpt>
      <trkpt lat="37.72347" lon="-119.53414">
        <ele>1825.0</ele>
      </trkpt>
      <trkpt lat="37.72323" lon="-119.53432">
        <ele>1820.0</ele>
      </trkpt>
      <trkpt lat="37.72304" lon="-119.53453">
        <ele>1823.0</ele>
      </trkpt>
      <trkpt lat="37.72285" lon="-119.5346">
        <ele>1825.0</ele>
      </trkpt>
      <trkpt lat="37.72261" lon="-119.53477">
        <ele>1836.0</ele>
      </trkpt>
      <trkpt lat="37.72259" lon="-119.53488">
        <ele>1838.0</ele>
      </trkpt>
      <trkpt lat="37.72246" lon="-119.53506">
        <ele>1838.0</ele>
      </trkpt>
      <trkpt lat="37.7224" lon="-119.53521">
        <ele>1838.0</ele>
      </trkpt>
      <trkpt lat="37.7224" lon="-119.53521">
        <ele>1838.0</ele>
      </trkpt>
      <trkpt lat="37.72224" lon="-119.53503">
        <ele>1846.0</ele>
      </trkpt>
      <trkpt lat="37.72225" lon="-119.53494">
        <ele>1846.0</ele>
      </trkpt>
      <trkpt lat="37.72222" lon="-119.53488">
        <ele>1846.0</ele>
      </trkpt>
      <trkpt lat="37.72217" lon="-119.53489">
        <ele>1846.0</ele>
      </trkpt>
      <trkpt lat="37.72202" lon="-119.53506">
        <ele>1855.0</ele>
      </trkpt>
      <trkpt lat="37.72201" lon="-119.53521">
        <ele>1858.0</ele>
      </trkpt>
      <trkpt lat="37.72206" lon="-119.5353">
        <ele>1858.0</ele>
      </trkpt>
      <trkpt lat="37.72213" lon="-119.53534">
        <ele>1847.0</ele>
      </trkpt>
      <trkpt lat="37.72218" lon="-119.53546">
        <ele>1849.0</ele>
      </trkpt>
      <trkpt lat="37.72216" lon="-119.53561">
        <ele>1849.0</ele>
      </trkpt>
      <trkpt lat="37.72209" lon="-119.53571">
        <ele>1853.0</ele>
      </trkpt>
      <trkpt lat="37.72202" lon="-119.53573">
        <ele>1863.0</ele>
      </trkpt>
      <trkpt lat="37.72188" lon="-119.53561">
        <ele>1861.0</ele>
      </trkpt>
      <trkpt lat="37.72181" lon="-119.53565">
        <ele>1861.0</ele>
      </trkpt>
      <trkpt lat="37.72179" lon="-119.53573">
        <ele>1873.0</ele>
      </trkpt>
      <trkpt lat="37.72186" lon="-119.53619">
        <ele>1863.0</ele>
      </trkpt>
      <trkpt lat="37.72185" lon="-119.53632">
        <ele>1860.0</ele>
      </trkpt>
      <trkpt lat="37.72181" lon="-119.53645">
        <ele>1860.0</ele>
      </trkpt>
      <trkpt lat="37.72149" lon="-119.5361">
        <ele>1883.0</ele>
      </trkpt>
      <trkpt lat="37.72127" lon="-119.53578">
        <ele>1885.0</ele>
      </trkpt>
      <trkpt lat="37.72113" lon="-119.5355">
        <ele>1894.0</ele>
      </trkpt>
      <trkpt lat="37.72111" lon="-119.53562">
        <ele>1894.0</ele>
      </trkpt>
      <trkpt lat="37.72116" lon="-119.5361">
        <ele>1891.0</ele>
      </trkpt>
      <trkpt lat="37.72113" lon="-119.53622">
        <ele>1891.0</ele>
      </trkpt>
      <trkpt lat="37.72101" lon="-119.53627">
        <ele>1893.0</ele>
      </trkpt>
      <trkpt lat="37.72094" lon="-119.53637">
        <ele>1906.0</ele>
      </trkpt>
      <trkpt lat="37.72092" lon="-119.53653">
        <ele>1910.0</ele>
      </trkpt>
      <trkpt lat="37.72093" lon="-119.53668">
        <ele>1910.0</ele>
      </trkpt>
      <trkpt lat="37.72085" lon="-119.53661">
        <ele>1910.0</ele>
      </trkpt>
      <trkpt lat="37.72067" lon="-119.53625">
        <ele>1919.0</ele>
      </trkpt>
      <trkpt lat="37.7206" lon="-119.53624">
        <ele>1919.0</ele>
      </trkpt>
      <trkpt lat="37.72055" lon="-119.53633">
        <ele>1921.0</ele>
      </trkpt>
      <trkpt lat="37.72054" lon="-119.53654">
        <ele>1926.0</ele>
      </trkpt>
      <trkpt lat="37.72061" lon="-119.53669">
        <ele>1926.0</ele>
      </trkpt>
      <trkpt lat="37.72068" lon="-119.537">
        <ele>1932.0</ele>
      </trkpt>
      <trkpt lat="37.72045" lon="-119.53668">
        <ele>1926.0</ele>
      </trkpt>
      <trkpt lat="37.72025" lon="-119.53649">
        <ele>1938.0</ele>
      </trkpt>
      <trkpt lat="37.7203" lon="-119.53676">
        <ele>1943.0</ele>
      </trkpt>
      <trkpt lat="37.72044" lon="-119.53715">
        <ele>1930.0</ele>
      </trkpt>
      <trkpt lat="37.72043" lon="-119.53723">
        <ele>1930.0</ele>
      </trkpt>
      <trkpt lat="37.72018" lon="-119.5371">
        <ele>1952.0</ele>
      </trkpt>
      <trkpt lat="37.72003" lon="-119.53708">
        <ele>1960.0</ele>
      </trkpt>
      <trkpt lat="37.71982" lon="-119.53663">
        <ele>1965.0</ele>
      </trkpt>
      <trkpt lat="37.71979" lon="-119.53662">
        <ele>1965.0</ele>
      </trkpt>
      <trkpt lat="37.71977" lon="-119.53747">
        <ele>1975.0</ele>
      </trkpt>
      <trkpt lat="37.71973" lon="-119.53746">
        <ele>1975.0</ele>
      </trkpt>
      <trkpt lat="37.71945" lon="-119.53675">
        <ele>1980.0</ele>
      </trkpt>
      <trkpt lat="37.71943" lon="-119.53651">
        <ele>1978.0</ele>
      </trkpt>
      <trkpt lat="37.71938" lon="-119.53645">
        <ele>1978.0</ele>
      </trkpt>
      <trkpt lat="37.71928" lon="-119.53687">
        <ele>1989.0</ele>
      </trkpt>
      <trkpt lat="37.71924" lon="-119.53711">
        <ele>1990.0</ele>
      </trkpt>
      <trkpt lat="37.71923" lon="-119.5375">
        <ele>1994.0</ele>
      </trkpt>
      <trkpt lat="37.71925" lon="-119.53778">
        <ele>1998.0</ele>
      </trkpt>
      <trkpt lat="37.7193" lon="-119.538">
        <ele>2000.0</ele>
      </trkpt>
      <trkpt lat="37.71937" lon="-119.53818">
        <ele>1994.0</ele>
      </trkpt>
      <trkpt lat="37.71946" lon="-119.53836">
        <ele>1996.0</ele>
      </trkpt>
      <trkpt lat="37.71961" lon="-119.53857">
        <ele>1990.0</ele>
      </trkpt>
      <trkpt lat="37.7197" lon="-119.53864">
        <ele>1990.0</ele>
      </trkpt>
      <trkpt lat="37.71983" lon="-119.53894">
        <ele>1996.0</ele>
      </trkpt>
      <trkpt lat="37.71986" lon="-119.53915">
        <ele>1999.0</ele>
      </trkpt>
      <trkpt lat="37.71971" lon="-119.53906">
        <ele>1999.0</ele>
      </trkpt>
      <trkpt lat="37.7198" lon="-119.53945">
        <ele>2002.0</ele>
      </trkpt>
      <trkpt lat="37.71985" lon="-119.53997">
        <ele>2010.0</ele>
      </trkpt>
      <trkpt lat="37.71985" lon="-119.53997">
        <ele>2010.0</ele>
      </trkpt>
      <trkpt lat="37.71989" lon="-119.54032">
        <ele>2005.0</ele>
      </trkpt>
      <trkpt lat="37.71989" lon="-119.54059">
        <ele>2006.0</ele>
      </trkpt>
      <trkpt lat="37.71999" lon="-119.54124">
        <ele>2006.0</ele>
      </trkpt>
      <trkpt lat="37.71998" lon="-119.54149">
        <ele>2007.0</ele>
      </trkpt>
      <trkpt lat="37.71991" lon="-119.54167">
        <ele>2008.0</ele>
      </trkpt>
      <trkpt lat="37.71989" lon="-119.54185">
        <ele>2007.0</ele>
      </trkpt>
      <trkpt lat="37.71994" lon="-119.5422">
        <ele>2008.0</ele>
      </trkpt>
      <trkpt lat="37.71987" lon="-119.54259">
        <ele>2009.0</ele>
      </trkpt>
      <trkpt lat="37.71991" lon="-119.54323">
        <ele>2012.0</ele>
      </trkpt>
      <trkpt lat="37.71997" lon="-119.54363">
        <ele>2011.0</ele>
      </trkpt>
      <trkpt lat="37.72023" lon="-119.54466">
        <ele>2016.0</ele>
      </trkpt>
      <trkpt lat="37.72067" lon="-119.54611">
        <ele>2021.0</ele>
      </trkpt>
      <trkpt lat="37.72104" lon="-119.54709">
        <ele>2018.0</ele>
      </trkpt>
      <trkpt lat="37.7211" lon="-119.54735">
        <ele>2018.0</ele>
      </trkpt>
      <trkpt lat="37.72112" lon="-119.54761">
        <ele>2018.0</ele>
      </trkpt>
      <trkpt lat="37.72102" lon="-119.54863">
        <ele>2012.0</ele>
      </trkpt>
      <trkpt lat="37.72083" lon="-119.54947">
        <ele>2022.0</ele>
      </trkpt>
      <trkpt lat="37.72065" lon="-119.54983">
        <ele>2028.0</ele>
      </trkpt>
      <trkpt lat="37.72041" lon="-119.55019">
        <ele>2019.0</ele>
      </trkpt>
      <trkpt lat="37.72005" lon="-119.55055">
        <ele>2030.0</ele>
      </trkpt>
      <trkpt lat="37.71972" lon="-119.55099">
        <ele>2030.0</ele>
      </trkpt>
      <trkpt lat="37.71934" lon="-119.55175">
        <ele>2035.0</ele>
      </trkpt>
      <trkpt lat="37.71906" lon="-119.55261">
        <ele>2031.0</ele>
      </trkpt>
      <trkpt lat="37.71891" lon="-119.55295">
        <ele>2020.0</ele>
      </trkpt>
      <trkpt lat="37.71899" lon="-119.55296">
        <ele>2020.0</ele>
      </trkpt>
      <trkpt lat="37.7194" lon="-119.55268">
        <ele>1999.0</ele>
      </trkpt>
      <trkpt lat="37.71957" lon="-119.55249">
        <ele>2014.0</ele>
      </trkpt>
      <trkpt lat="37.7198" lon="-119.55231">
        <ele>2011.0</ele>
      </trkpt>
      <trkpt lat="37.72009" lon="-119.55217">
        <ele>1996.0</ele>
      </trkpt>
      <trkpt lat="37.71987" lon="-119.55322">
        <ele>1966.0</ele>
      </trkpt>
      <trkpt lat="37.71987" lon="-119.55322">
        <ele>1966.0</ele>
      </trkpt>
      <trkpt lat="37.71969" lon="-119.55354">
        <ele>1963.0</ele>
      </trkpt>
      <trkpt lat="37.71963" lon="-119.55373">
        <ele>1963.0</ele>
      </trkpt>
      <trkpt lat="37.71949" lon="-119.5539">
        <ele>1961.0</ele>
      </trkpt>
      <trkpt lat="37.71924" lon="-119.55402">
        <ele>1967.0</ele>
      </trkpt>
      <trkpt lat="37.71907" lon="-119.5542">
        <ele>1959.0</ele>
      </trkpt>
      <trkpt lat="37.71888" lon="-119.55436">
        <ele>1958.0</ele>
      </trkpt>
      <trkpt lat="37.71887" lon="-119.55441">
        <ele>1958.0</ele>
      </trkpt>
      <trkpt lat="37.7189" lon="-119.55443">
        <ele>1958.0</ele>
      </trkpt>
      <trkpt lat="37.71915" lon="-119.55445">
        <ele>1951.0</ele>
      </trkpt>
      <trkpt lat="37.71919" lon="-119.55449">
        <ele>1951.0</ele>
      </trkpt>
      <trkpt lat="37.71915" lon="-119.55456">
        <ele>1951.0</ele>
      </trkpt>
      <trkpt lat="37.71859" lon="-119.55506">
        <ele>1942.0</ele>
      </trkpt>
      <trkpt lat="37.71859" lon="-119.55506">
        <ele>1942.0</ele>
      </trkpt>
      <trkpt lat="37.71828" lon="-119.55539">
        <ele>1937.0</ele>
      </trkpt>
      <trkpt lat="37.71736" lon="-119.55622">
        <ele>1925.0</ele>
      </trkpt>
      <trkpt lat="37.71719" lon="-119.55642">
        <ele>1916.0</ele>
      </trkpt>
      <trkpt lat="37.71666" lon="-119.55683">
        <ele>1909.0</ele>
      </trkpt>
      <trkpt lat="37.71652" lon="-119.55691">
        <ele>1911.0</ele>
      </trkpt>
      <trkpt lat="37.71635" lon="-119.55721">
        <ele>1902.0</ele>
      </trkpt>
      <trkpt lat="37.71618" lon="-119.55743">
        <ele>1888.0</ele>
      </trkpt>
      <trkpt lat="37.71606" lon="-119.55746">
        <ele>1888.0</ele>
      </trkpt>
      <trkpt lat="37.71606" lon="-119.55746">
        <ele>1888.0</ele>
      </trkpt>
      <trkpt lat="37.71606" lon="-119.55746">
        <ele>1888.0</ele>
      </trkpt>
      <trkpt lat="37.7159" lon="-119.55732">
        <ele>1896.0</ele>
      </trkpt>
      <trkpt lat="37.71569" lon="-119.55705">
        <ele>1907.0</ele>
      </trkpt>
      <trkpt lat="37.71559" lon="-119.557">
        <ele>1907.0</ele>
      </trkpt>
      <trkpt lat="37.71543" lon="-119.55702">
        <ele>1907.0</ele>
      </trkpt>
      <trkpt lat="37.7153" lon="-119.55707">
        <ele>1905.0</ele>
      </trkpt>
      <trkpt lat="37.71494" lon="-119.5571">
        <ele>1896.0</ele>
      </trkpt>
      <trkpt lat="37.71476" lon="-119.5572">
        <ele>1891.0</ele>
      </trkpt>
      <trkpt lat="37.71452" lon="-119.5574">
        <ele>1876.0</ele>
      </trkpt>
      <trkpt lat="37.71448" lon="-119.55746">
        <ele>1876.0</ele>
      </trkpt>
      <trkpt lat="37.71446" lon="-119.55755">
        <ele>1876.0</ele>
      </trkpt>
      <trkpt lat="37.71449" lon="-119.55762">
        <ele>1876.0</ele>
      </trkpt>
      <trkpt lat="37.71457" lon="-119.55765">
        <ele>1868.0</ele>
      </trkpt>
      <trkpt lat="37.71472" lon="-119.55766">
        <ele>1868.0</ele>
      </trkpt>
      <trkpt lat="37.71489" lon="-119.55771">
        <ele>1874.0</ele>
      </trkpt>
      <trkpt lat="37.71547" lon="-119.55807">
        <ele>1872.0</ele>
      </trkpt>
      <trkpt lat="37.71522" lon="-119.55816">
        <ele>1866.0</ele>
      </trkpt>
      <trkpt lat="37.71511" lon="-119.55826">
        <ele>1849.0</ele>
      </trkpt>
      <trkpt lat="37.71515" lon="-119.55835">
        <ele>1854.0</ele>
      </trkpt>
      <trkpt lat="37.71568" lon="-119.55866">
        <ele>1853.0</ele>
      </trkpt>
      <trkpt lat="37.71521" lon="-119.55878">
        <ele>1837.0</ele>
      </trkpt>
      <trkpt lat="37.71521" lon="-119.55882">
        <ele>1837.0</ele>
      </trkpt>
      <trkpt lat="37.7155" lon="-119.55898">
        <ele>1845.0</ele>
      </trkpt>
      <trkpt lat="37.71553" lon="-119.55902">
        <ele>1845.0</ele>
      </trkpt>
      <trkpt lat="37.7154" lon="-119.55915">
        <ele>1831.0</ele>
      </trkpt>
      <trkpt lat="37.71507" lon="-119.55934">
        <ele>1826.0</ele>
      </trkpt>
      <trkpt lat="37.71505" lon="-119.55938">
        <ele>1826.0</ele>
      </trkpt>
      <trkpt lat="37.71506" lon="-119.55941">
        <ele>1826.0</ele>
      </trkpt>
      <trkpt lat="37.71519" lon="-119.55944">
        <ele>1826.0</ele>
      </trkpt>
      <trkpt lat="37.71523" lon="-119.55947">
        <ele>1826.0</ele>
      </trkpt>
      <trkpt lat="37.71524" lon="-119.5595">
        <ele>1826.0</ele>
      </trkpt>
      <trkpt lat="37.71484" lon="-119.55992">
        <ele>1818.0</ele>
      </trkpt>
      <trkpt lat="37.71452" lon="-119.56047">
        <ele>1806.0</ele>
      </trkpt>
      <trkpt lat="37.71439" lon="-119.56059">
        <ele>1806.0</ele>
      </trkpt>
      <trkpt lat="37.71419" lon="-119.56069">
        <ele>1804.0</ele>
      </trkpt>
      <trkpt lat="37.71396" lon="-119.56074">
        <ele>1794.0</ele>
      </trkpt>
      <trkpt lat="37.71384" lon="-119.56073">
        <ele>1794.0</ele>
      </trkpt>
      <trkpt lat="37.71349" lon="-119.56048">
        <ele>1798.0</ele>
      </trkpt>
      <trkpt lat="37.71332" lon="-119.56043">
        <ele>1799.0</ele>
      </trkpt>
      <trkpt lat="37.71304" lon="-119.56042">
        <ele>1796.0</ele>
      </trkpt>
      <trkpt lat="37.71242" lon="-119.56055">
        <ele>1801.0</ele>
      </trkpt>
      <trkpt lat="37.71227" lon="-119.56054">
        <ele>1801.0</ele>
      </trkpt>
      <trkpt lat="37.71221" lon="-119.56051">
        <ele>1801.0</ele>
      </trkpt>
      <trkpt lat="37.71219" lon="-119.56055">
        <ele>1801.0</ele>
      </trkpt>
      <trkpt lat="37.71219" lon="-119.56055">
        <ele>1801.0</ele>
      </trkpt>
      <trkpt lat="37.71208" lon="-119.56085">
        <ele>1799.0</ele>
      </trkpt>
      <trkpt lat="37.71208" lon="-119.56085">
        <ele>1799.0</ele>
      </trkpt>
      <trkpt lat="37.71198" lon="-119.56102">
        <ele>1798.0</ele>
      </trkpt>
      <trkpt lat="37.71182" lon="-119.56108">
        <ele>1798.0</ele>
      </trkpt>
      <trkpt lat="37.71152" lon="-119.5609">
        <ele>1813.0</ele>
      </trkpt>
      <trkpt lat="37.7113" lon="-119.56085">
        <ele>1813.0</ele>
      </trkpt>
      <trkpt lat="37.71109" lon="-119.56096">
        <ele>1813.0</ele>
      </trkpt>
      <trkpt lat="37.711" lon="-119.56106">
        <ele>1826.0</ele>
      </trkpt>
      <trkpt lat="37.71086" lon="-119.56099">
        <ele>1823.0</ele>
      </trkpt>
      <trkpt lat="37.71094" lon="-119.56122">
        <ele>1823.0</ele>
      </trkpt>
      <trkpt lat="37.71109" lon="-119.56135">
        <ele>1833.0</ele>
      </trkpt>
      <trkpt lat="37.71135" lon="-119.56146">
        <ele>1831.0</ele>
      </trkpt>
      <trkpt lat="37.7116" lon="-119.56163">
        <ele>1830.0</ele>
      </trkpt>
      <trkpt lat="37.71258" lon="-119.56244">
        <ele>1838.0</ele>
      </trkpt>
      <trkpt lat="37.71272" lon="-119.56277">
        <ele>1835.0</ele>
      </trkpt>
      <trkpt lat="37.71288" lon="-119.5629">
        <ele>1835.0</ele>
      </trkpt>
      <trkpt lat="37.71294" lon="-119.56302">
        <ele>1831.0</ele>
      </trkpt>
      <trkpt lat="37.71298" lon="-119.56321">
        <ele>1841.0</ele>
      </trkpt>
      <trkpt lat="37.71296" lon="-119.56332">
        <ele>1841.0</ele>
      </trkpt>
      <trkpt lat="37.71274" lon="-119.56329">
        <ele>1849.0</ele>
      </trkpt>
      <trkpt lat="37.71254" lon="-119.56308">
        <ele>1852.0</ele>
      </trkpt>
      <trkpt lat="37.71193" lon="-119.56311">
        <ele>1861.0</ele>
      </trkpt>
      <trkpt lat="37.71142" lon="-119.56332">
        <ele>1870.0</ele>
      </trkpt>
      <trkpt lat="37.71053" lon="-119.56343">
        <ele>1882.0</ele>
      </trkpt>
      <trkpt lat="37.71044" lon="-119.5635">
        <ele>1887.0</ele>
      </trkpt>
      <trkpt lat="37.71059" lon="-119.56363">
        <ele>1887.0</ele>
      </trkpt>
      <trkpt lat="37.71091" lon="-119.56384">
        <ele>1895.0</ele>
      </trkpt>
      <trkpt lat="37.71117" lon="-119.56406">
        <ele>1899.0</ele>
      </trkpt>
      <trkpt lat="37.71122" lon="-119.56413">
        <ele>1899.0</ele>
      </trkpt>
      <trkpt lat="37.71134" lon="-119.5644">
        <ele>1907.0</ele>
      </trkpt>
      <trkpt lat="37.71142" lon="-119.56454">
        <ele>1907.0</ele>
      </trkpt>
      <trkpt lat="37.71151" lon="-119.56459">
        <ele>1918.0</ele>
      </trkpt>
      <trkpt lat="37.71151" lon="-119.56465">
        <ele>1918.0</ele>
      </trkpt>
      <trkpt lat="37.71138" lon="-119.56468">
        <ele>1918.0</ele>
      </trkpt>
      <trkpt lat="37.71093" lon="-119.56441">
        <ele>1917.0</ele>
      </trkpt>
      <trkpt lat="37.71069" lon="-119.56437">
        <ele>1923.0</ele>
      </trkpt>
      <trkpt lat="37.7105" lon="-119.56438">
        <ele>1923.0</ele>
      </trkpt>
      <trkpt lat="37.71083" lon="-119.56468">
        <ele>1929.0</ele>
      </trkpt>
      <trkpt lat="37.71101" lon="-119.56492">
        <ele>1930.0</ele>
      </trkpt>
      <trkpt lat="37.71115" lon="-119.56517">
        <ele>1937.0</ele>
      </trkpt>
      <trkpt lat="37.71111" lon="-119.5652">
        <ele>1937.0</ele>
      </trkpt>
      <trkpt lat="37.71098" lon="-119.56507">
        <ele>1930.0</ele>
      </trkpt>
      <trkpt lat="37.71078" lon="-119.56497">
        <ele>1941.0</ele>
      </trkpt>
      <trkpt lat="37.71042" lon="-119.56498">
        <ele>1947.0</ele>
      </trkpt>
      <trkpt lat="37.71002" lon="-119.56516">
        <ele>1958.0</ele>
      </trkpt>
      <trkpt lat="37.71002" lon="-119.56516">
        <ele>1958.0</ele>
      </trkpt>
      <trkpt lat="37.70998" lon="-119.56521">
        <ele>1958.0</ele>
      </trkpt>
      <trkpt lat="37.70999" lon="-119.56525">
        <ele>1958.0</ele>
      </trkpt>
      <trkpt lat="37.71039" lon="-119.56539">
        <ele>1959.0</ele>
      </trkpt>
      <trkpt lat="37.71057" lon="-119.5655">
        <ele>1963.0</ele>
      </trkpt>
      <trkpt lat="37.71069" lon="-119.5656">
        <ele>1963.0</ele>
      </trkpt>
      <trkpt lat="37.71079" lon="-119.56593">
        <ele>1963.0</ele>
      </trkpt>
      <trkpt lat="37.71094" lon="-119.56626">
        <ele>1983.0</ele>
      </trkpt>
      <trkpt lat="37.711" lon="-119.5663">
        <ele>1980.0</ele>
      </trkpt>
      <trkpt lat="37.7111" lon="-119.5665">
        <ele>1980.0</ele>
      </trkpt>
      <trkpt lat="37.71119" lon="-119.56655">
        <ele>1993.0</ele>
      </trkpt>
      <trkpt lat="37.71133" lon="-119.56671">
        <ele>1988.0</ele>
      </trkpt>
      <trkpt lat="37.7117" lon="-119.56687">
        <ele>1992.0</ele>
      </trkpt>
      <trkpt lat="37.71195" lon="-119.56703">
        <ele>1984.0</ele>
      </trkpt>
      <trkpt lat="37.71234" lon="-119.56722">
        <ele>1990.0</ele>
      </trkpt>
      <trkpt lat="37.71244" lon="-119.56732">
        <ele>1988.0</ele>
      </trkpt>
      <trkpt lat="37.71254" lon="-119.56734">
        <ele>1988.0</ele>
      </trkpt>
      <trkpt lat="37.71289" lon="-119.56752">
        <ele>2001.0</ele>
      </trkpt>
      <trkpt lat="37.71304" lon="-119.56764">
        <ele>2016.0</ele>
      </trkpt>
      <trkpt lat="37.71325" lon="-119.56774">
        <ele>2015.0</ele>
      </trkpt>
      <trkpt lat="37.71338" lon="-119.56792">
        <ele>2030.0</ele>
      </trkpt>
      <trkpt lat="37.71411" lon="-119.56805">
        <ele>2019.0</ele>
      </trkpt>
      <trkpt lat="37.71429" lon="-119.56822">
        <ele>2035.0</ele>
      </trkpt>
      <trkpt lat="37.71455" lon="-119.5683">
        <ele>2033.0</ele>
      </trkpt>
      <trkpt lat="37.71492" lon="-119.56852">
        <ele>2041.0</ele>
      </trkpt>
      <trkpt lat="37.71519" lon="-119.56858">
        <ele>2042.0</ele>
      </trkpt>
      <trkpt lat="37.71623" lon="-119.56898">
        <ele>2054.0</ele>
      </trkpt>
      <trkpt lat="37.71657" lon="-119.56896">
        <ele>2056.0</ele>
      </trkpt>
      <trkpt lat="37.7168" lon="-119.56903">
        <ele>2071.0</ele>
      </trkpt>
      <trkpt lat="37.71711" lon="-119.56919">
        <ele>2072.0</ele>
      </trkpt>
      <trkpt lat="37.71736" lon="-119.56912">
        <ele>2072.0</ele>
      </trkpt>
      <trkpt lat="37.71773" lon="-119.5692">
        <ele>2069.0</ele>
      </trkpt>
      <trkpt lat="37.71803" lon="-119.56921">
        <ele>2063.0</ele>
      </trkpt>
      <trkpt lat="37.71819" lon="-119.56926">
        <ele>2063.0</ele>
      </trkpt>
      <trkpt lat="37.71843" lon="-119.56938">
        <ele>2075.0</ele>
      </trkpt>
      <trkpt lat="37.71849" lon="-119.56944">
        <ele>2078.0</ele>
      </trkpt>
      <trkpt lat="37.71859" lon="-119.56961">
        <ele>2092.0</ele>
      </trkpt>
      <trkpt lat="37.71859" lon="-119.56961">
        <ele>2092.0</ele>
      </trkpt>
      <trkpt lat="37.71867" lon="-119.56969">
        <ele>2092.0</ele>
      </trkpt>
      <trkpt lat="37.71892" lon="-119.56971">
        <ele>2088.0</ele>
      </trkpt>
      <trkpt lat="37.71898" lon="-119.56974">
        <ele>2088.0</ele>
      </trkpt>
      <trkpt lat="37.71907" lon="-119.5698">
        <ele>2083.0</ele>
      </trkpt>
      <trkpt lat="37.71916" lon="-119.56996">
        <ele>2096.0</ele>
      </trkpt>
      <trkpt lat="37.71968" lon="-119.57003">
        <ele>2095.0</ele>
      </trkpt>
      <trkpt lat="37.72002" lon="-119.57033">
        <ele>2104.0</ele>
      </trkpt>
      <trkpt lat="37.72049" lon="-119.57045">
        <ele>2126.0</ele>
      </trkpt>
      <trkpt lat="37.72062" lon="-119.57043">
        <ele>2126.0</ele>
      </trkpt>
      <trkpt lat="37.72088" lon="-119.57034">
        <ele>2107.0</ele>
      </trkpt>
      <trkpt lat="37.72101" lon="-119.57025">
        <ele>2118.0</ele>
      </trkpt>
      <trkpt lat="37.72116" lon="-119.5702">
        <ele>2118.0</ele>
      </trkpt>
      <trkpt lat="37.72143" lon="-119.56984">
        <ele>2096.0</ele>
      </trkpt>
      <trkpt lat="37.72149" lon="-119.5698">
        <ele>2096.0</ele>
      </trkpt>
      <trkpt lat="37.72196" lon="-119.56991">
        <ele>2133.0</ele>
      </trkpt>
      <trkpt lat="37.72211" lon="-119.57">
        <ele>2130.0</ele>
      </trkpt>
      <trkpt lat="37.72257" lon="-119.57043">
        <ele>2142.0</ele>
      </trkpt>
      <trkpt lat="37.72283" lon="-119.57058">
        <ele>2134.0</ele>
      </trkpt>
      <trkpt lat="37.7232" lon="-119.571">
        <ele>2148.0</ele>
      </trkpt>
      <trkpt lat="37.72335" lon="-119.57124">
        <ele>2148.0</ele>
      </trkpt>
      <trkpt lat="37.72337" lon="-119.57134">
        <ele>2154.0</ele>
      </trkpt>
      <trkpt lat="37.72345" lon="-119.5714">
        <ele>2154.0</ele>
      </trkpt>
      <trkpt lat="37.72351" lon="-119.57142">
        <ele>2151.0</ele>
      </trkpt>
      <trkpt lat="37.72455" lon="-119.57129">
        <ele>2149.0</ele>
      </trkpt>
      <trkpt lat="37.72511" lon="-119.57152">
        <ele>2144.0</ele>
      </trkpt>
      <trkpt lat="37.72521" lon="-119.57162">
        <ele>2152.0</ele>
      </trkpt>
      <trkpt lat="37.72547" lon="-119.57177">
        <ele>2152.0</ele>
      </trkpt>
      <trkpt lat="37.72611" lon="-119.57221">
        <ele>2170.0</ele>
      </trkpt>
      <trkpt lat="37.72611" lon="-119.57225">
        <ele>2170.0</ele>
      </trkpt>
      <trkpt lat="37.72586" lon="-119.57231">
        <ele>2166.0</ele>
      </trkpt>
      <trkpt lat="37.72574" lon="-119.5723">
        <ele>2166.0</ele>
      </trkpt>
      <trkpt lat="37.72533" lon="-119.57248">
        <ele>2178.0</ele>
      </trkpt>
      <trkpt lat="37.72509" lon="-119.57241">
        <ele>2181.0</ele>
      </trkpt>
      <trkpt lat="37.72482" lon="-119.57242">
        <ele>2184.0</ele>
      </trkpt>
      <trkpt lat="37.72452" lon="-119.57253">
        <ele>2186.0</ele>
      </trkpt>
      <trkpt lat="37.72443" lon="-119.57259">
        <ele>2186.0</ele>
      </trkpt>
      <trkpt lat="37.72449" lon="-119.57265">
        <ele>2194.0</ele>
      </trkpt>
      <trkpt lat="37.72537" lon="-119.5731">
        <ele>2202.0</ele>
      </trkpt>
      <trkpt lat="37.72572" lon="-119.57324">
        <ele>2208.0</ele>
      </trkpt>
      <trkpt lat="37.72617" lon="-119.57317">
        <ele>2195.0</ele>
      </trkpt>
      <trkpt lat="37.72625" lon="-119.57311">
        <ele>2195.0</ele>
      </trkpt>
      <trkpt lat="37.7266" lon="-119.5734">
        <ele>2202.0</ele>
      </trkpt>
      <trkpt lat="37.72665" lon="-119.57347">
        <ele>2202.0</ele>
      </trkpt>
      <trkpt lat="37.72674" lon="-119.57366">
        <ele>2210.0</ele>
      </trkpt>
      <trkpt lat="37.72683" lon="-119.57376">
        <ele>2213.0</ele>
      </trkpt>
      <trkpt lat="37.72693" lon="-119.57381">
        <ele>2213.0</ele>
      </trkpt>
      <trkpt lat="37.72693" lon="-119.57381">
        <ele>2213.0</ele>
      </trkpt>
      <trkpt lat="37.72711" lon="-119.57367">
        <ele>2209.0</ele>
      </trkpt>
      <trkpt lat="37.72724" lon="-119.57374">
        <ele>2209.0</ele>
      </trkpt>
      <trkpt lat="37.72729" lon="-119.57373">
        <ele>2209.0</ele>
      </trkpt>
      <trkpt lat="37.72743" lon="-119.57356">
        <ele>2201.0</ele>
      </trkpt>
      <trkpt lat="37.72752" lon="-119.57353">
        <ele>2201.0</ele>
      </trkpt>
      <trkpt lat="37.72763" lon="-119.57345">
        <ele>2197.0</ele>
      </trkpt>
      <trkpt lat="37.7278" lon="-119.57328">
        <ele>2188.0</ele>
      </trkpt>
      <trkpt lat="37.7278" lon="-119.57328">
        <ele>2188.0</ele>
      </trkpt>
      <trkpt lat="37.72789" lon="-119.57326">
        <ele>2188.0</ele>
      </trkpt>
      <trkpt lat="37.72789" lon="-119.57326">
        <ele>2188.0</ele>
      </trkpt>
      <trkpt lat="37.72792" lon="-119.57326">
        <ele>2185.0</ele>
      </trkpt>
      <trkpt lat="37.72792" lon="-119.57326">
        <ele>2185.0</ele>
      </trkpt>
      <trkpt lat="37.72801" lon="-119.57326">
        <ele>2185.0</ele>
      </trkpt>
      <trkpt lat="37.72801" lon="-119.57326">
        <ele>2185.0</ele>
      </trkpt>
      <trkpt lat="37.72815" lon="-119.57322">
        <ele>2185.0</ele>
      </trkpt>
      <trkpt lat="37.72815" lon="-119.57322">
        <ele>2185.0</ele>
      </trkpt>
      <trkpt lat="37.72815" lon="-119.57322">
        <ele>2185.0</ele>
      </trkpt>
      <trkpt lat="37.72824" lon="-119.57322">
        <ele>2188.0</ele>
      </trkpt>
      <trkpt lat="37.72836" lon="-119.57328">
        <ele>2188.0</ele>
      </trkpt>
    </trkseg>
  </trk>
</gpx>
