<?xml version="1.0" encoding="UTF-8"?>
<gpx xmlns:xsi="http://www.w3.org/2001/XMLSchema-instance" version="1.1" creator="The Outbound Collective, Inc. 1.1.1 -- https://www.theoutbound.com" xsi:schemaLocation="http://www.topografix.com/GPX/1/1 http://www.topografix.com/GPX/1/1/gpx.xsd">
  <metadata>
    <name/>
    <time>2026-02-19T21:54:56+00:00</time>
    <bound minlat="37.18771" minlon="-118.9418077468872" maxlat="37.24996" maxlon="-118.7428270809677"/>
  </metadata>
  <trk>
    <name/>
    <trkseg>
      <trkpt lat="37.24970007095533" lon="-118.9418077468872">
        <ele>2225.0</ele>
      </trkpt>
      <trkpt lat="37.249660000000006" lon="-118.94178">
        <ele>2229.0</ele>
      </trkpt>
      <trkpt lat="37.24973" lon="-118.94157">
        <ele>2229.0</ele>
      </trkpt>
      <trkpt lat="37.24973" lon="-118.94157">
        <ele>2229.0</ele>
      </trkpt>
      <trkpt lat="37.24987" lon="-118.94106">
        <ele>2235.0</ele>
      </trkpt>
      <trkpt lat="37.24986955925525" lon="-118.9410605724231">
        <ele>2235.0</ele>
      </trkpt>
      <trkpt lat="37.24982" lon="-118.941">
        <ele>2235.0</ele>
      </trkpt>
      <trkpt lat="37.24978" lon="-118.94087">
        <ele>2237.0</ele>
      </trkpt>
      <trkpt lat="37.2498" lon="-118.94068">
        <ele>2241.0</ele>
      </trkpt>
      <trkpt lat="37.24987" lon="-118.94057">
        <ele>2242.0</ele>
      </trkpt>
      <trkpt lat="37.2499" lon="-118.94039">
        <ele>2245.0</ele>
      </trkpt>
      <trkpt lat="37.24982" lon="-118.94007">
        <ele>2250.0</ele>
      </trkpt>
      <trkpt lat="37.24987" lon="-118.93989">
        <ele>2251.0</ele>
      </trkpt>
      <trkpt lat="37.24996" lon="-118.93978">
        <ele>2257.0</ele>
      </trkpt>
      <trkpt lat="37.24994" lon="-118.93963">
        <ele>2257.0</ele>
      </trkpt>
      <trkpt lat="37.24967" lon="-118.93932">
        <ele>2262.0</ele>
      </trkpt>
      <trkpt lat="37.24945" lon="-118.9392">
        <ele>2264.0</ele>
      </trkpt>
      <trkpt lat="37.24916" lon="-118.93894">
        <ele>2268.0</ele>
      </trkpt>
      <trkpt lat="37.24888" lon="-118.9388">
        <ele>2267.0</ele>
      </trkpt>
      <trkpt lat="37.24819" lon="-118.9388">
        <ele>2286.0</ele>
      </trkpt>
      <trkpt lat="37.24811" lon="-118.93889">
        <ele>2286.0</ele>
      </trkpt>
      <trkpt lat="37.24802" lon="-118.93891">
        <ele>2286.0</ele>
      </trkpt>
      <trkpt lat="37.24782" lon="-118.93887">
        <ele>2294.0</ele>
      </trkpt>
      <trkpt lat="37.24782" lon="-118.93887">
        <ele>2294.0</ele>
      </trkpt>
      <trkpt lat="37.24773" lon="-118.93883">
        <ele>2294.0</ele>
      </trkpt>
      <trkpt lat="37.24753" lon="-118.93883">
        <ele>2301.0</ele>
      </trkpt>
      <trkpt lat="37.24719" lon="-118.939">
        <ele>2308.0</ele>
      </trkpt>
      <trkpt lat="37.24679" lon="-118.9395">
        <ele>2314.0</ele>
      </trkpt>
      <trkpt lat="37.2467" lon="-118.93956">
        <ele>2314.0</ele>
      </trkpt>
      <trkpt lat="37.24663" lon="-118.93951">
        <ele>2314.0</ele>
      </trkpt>
      <trkpt lat="37.24642" lon="-118.9392">
        <ele>2314.0</ele>
      </trkpt>
      <trkpt lat="37.24638" lon="-118.93905">
        <ele>2314.0</ele>
      </trkpt>
      <trkpt lat="37.2463" lon="-118.93894">
        <ele>2317.0</ele>
      </trkpt>
      <trkpt lat="37.2463" lon="-118.93861">
        <ele>2321.0</ele>
      </trkpt>
      <trkpt lat="37.24608" lon="-118.93817">
        <ele>2317.0</ele>
      </trkpt>
      <trkpt lat="37.24586" lon="-118.93799">
        <ele>2313.0</ele>
      </trkpt>
      <trkpt lat="37.24586" lon="-118.93799">
        <ele>2313.0</ele>
      </trkpt>
      <trkpt lat="37.2457" lon="-118.93786">
        <ele>2313.0</ele>
      </trkpt>
      <trkpt lat="37.2457" lon="-118.93786">
        <ele>2313.0</ele>
      </trkpt>
      <trkpt lat="37.24566" lon="-118.9374">
        <ele>2308.0</ele>
      </trkpt>
      <trkpt lat="37.24553" lon="-118.93717">
        <ele>2310.0</ele>
      </trkpt>
      <trkpt lat="37.24555" lon="-118.93705">
        <ele>2314.0</ele>
      </trkpt>
      <trkpt lat="37.24585" lon="-118.93653">
        <ele>2321.0</ele>
      </trkpt>
      <trkpt lat="37.24591" lon="-118.93648">
        <ele>2321.0</ele>
      </trkpt>
      <trkpt lat="37.24597" lon="-118.93638">
        <ele>2321.0</ele>
      </trkpt>
      <trkpt lat="37.24611" lon="-118.93603">
        <ele>2329.0</ele>
      </trkpt>
      <trkpt lat="37.24627" lon="-118.93583">
        <ele>2334.0</ele>
      </trkpt>
      <trkpt lat="37.24629" lon="-118.93553">
        <ele>2330.0</ele>
      </trkpt>
      <trkpt lat="37.24647" lon="-118.93541">
        <ele>2326.0</ele>
      </trkpt>
      <trkpt lat="37.24661" lon="-118.93509">
        <ele>2330.0</ele>
      </trkpt>
      <trkpt lat="37.24674" lon="-118.9347">
        <ele>2331.0</ele>
      </trkpt>
      <trkpt lat="37.24672" lon="-118.93446">
        <ele>2330.0</ele>
      </trkpt>
      <trkpt lat="37.2466" lon="-118.93429">
        <ele>2329.0</ele>
      </trkpt>
      <trkpt lat="37.24656" lon="-118.93419">
        <ele>2329.0</ele>
      </trkpt>
      <trkpt lat="37.24672" lon="-118.93407">
        <ele>2329.0</ele>
      </trkpt>
      <trkpt lat="37.24682" lon="-118.93392">
        <ele>2330.0</ele>
      </trkpt>
      <trkpt lat="37.24685" lon="-118.93361">
        <ele>2330.0</ele>
      </trkpt>
      <trkpt lat="37.24692" lon="-118.9334">
        <ele>2331.0</ele>
      </trkpt>
      <trkpt lat="37.24693" lon="-118.93327">
        <ele>2331.0</ele>
      </trkpt>
      <trkpt lat="37.2469" lon="-118.93318">
        <ele>2335.0</ele>
      </trkpt>
      <trkpt lat="37.24681" lon="-118.933">
        <ele>2335.0</ele>
      </trkpt>
      <trkpt lat="37.24681" lon="-118.93293">
        <ele>2335.0</ele>
      </trkpt>
      <trkpt lat="37.24718" lon="-118.93268">
        <ele>2343.0</ele>
      </trkpt>
      <trkpt lat="37.24718" lon="-118.93262">
        <ele>2349.0</ele>
      </trkpt>
      <trkpt lat="37.24711" lon="-118.93254">
        <ele>2349.0</ele>
      </trkpt>
      <trkpt lat="37.24711" lon="-118.93245">
        <ele>2349.0</ele>
      </trkpt>
      <trkpt lat="37.24707" lon="-118.93238">
        <ele>2348.0</ele>
      </trkpt>
      <trkpt lat="37.24701" lon="-118.93237">
        <ele>2348.0</ele>
      </trkpt>
      <trkpt lat="37.24693" lon="-118.93228">
        <ele>2352.0</ele>
      </trkpt>
      <trkpt lat="37.24686" lon="-118.93211">
        <ele>2352.0</ele>
      </trkpt>
      <trkpt lat="37.24688" lon="-118.9313">
        <ele>2356.0</ele>
      </trkpt>
      <trkpt lat="37.24701" lon="-118.93099">
        <ele>2359.0</ele>
      </trkpt>
      <trkpt lat="37.24701" lon="-118.93088">
        <ele>2362.0</ele>
      </trkpt>
      <trkpt lat="37.24697" lon="-118.9307">
        <ele>2362.0</ele>
      </trkpt>
      <trkpt lat="37.247" lon="-118.93048">
        <ele>2366.0</ele>
      </trkpt>
      <trkpt lat="37.24699" lon="-118.9304">
        <ele>2368.0</ele>
      </trkpt>
      <trkpt lat="37.24692" lon="-118.93039">
        <ele>2368.0</ele>
      </trkpt>
      <trkpt lat="37.24687" lon="-118.93033">
        <ele>2368.0</ele>
      </trkpt>
      <trkpt lat="37.24687" lon="-118.93025">
        <ele>2368.0</ele>
      </trkpt>
      <trkpt lat="37.24683" lon="-118.93017">
        <ele>2368.0</ele>
      </trkpt>
      <trkpt lat="37.24653" lon="-118.93014">
        <ele>2365.0</ele>
      </trkpt>
      <trkpt lat="37.24646" lon="-118.93009">
        <ele>2361.0</ele>
      </trkpt>
      <trkpt lat="37.24641" lon="-118.93002">
        <ele>2361.0</ele>
      </trkpt>
      <trkpt lat="37.24643" lon="-118.92987">
        <ele>2361.0</ele>
      </trkpt>
      <trkpt lat="37.24641" lon="-118.92974">
        <ele>2364.0</ele>
      </trkpt>
      <trkpt lat="37.24643" lon="-118.92942">
        <ele>2366.0</ele>
      </trkpt>
      <trkpt lat="37.24646" lon="-118.92928">
        <ele>2367.0</ele>
      </trkpt>
      <trkpt lat="37.24659" lon="-118.92913">
        <ele>2373.0</ele>
      </trkpt>
      <trkpt lat="37.24666" lon="-118.929">
        <ele>2373.0</ele>
      </trkpt>
      <trkpt lat="37.24677" lon="-118.92866">
        <ele>2372.0</ele>
      </trkpt>
      <trkpt lat="37.24689" lon="-118.92844">
        <ele>2374.0</ele>
      </trkpt>
      <trkpt lat="37.24692" lon="-118.92831">
        <ele>2374.0</ele>
      </trkpt>
      <trkpt lat="37.24687" lon="-118.92817">
        <ele>2375.0</ele>
      </trkpt>
      <trkpt lat="37.24687" lon="-118.92808">
        <ele>2375.0</ele>
      </trkpt>
      <trkpt lat="37.24695" lon="-118.92792">
        <ele>2375.0</ele>
      </trkpt>
      <trkpt lat="37.24698" lon="-118.92777">
        <ele>2375.0</ele>
      </trkpt>
      <trkpt lat="37.24697" lon="-118.92758">
        <ele>2376.0</ele>
      </trkpt>
      <trkpt lat="37.247" lon="-118.92747">
        <ele>2376.0</ele>
      </trkpt>
      <trkpt lat="37.24723" lon="-118.92713">
        <ele>2376.0</ele>
      </trkpt>
      <trkpt lat="37.24725" lon="-118.92701">
        <ele>2374.0</ele>
      </trkpt>
      <trkpt lat="37.2474" lon="-118.92663">
        <ele>2379.0</ele>
      </trkpt>
      <trkpt lat="37.2475" lon="-118.92648">
        <ele>2377.0</ele>
      </trkpt>
      <trkpt lat="37.24758328753383" lon="-118.9264345704361">
        <ele>2377.0</ele>
      </trkpt>
      <trkpt lat="37.24758328754861" lon="-118.9264345704361">
        <ele>2377.0</ele>
      </trkpt>
      <trkpt lat="37.24761" lon="-118.92642">
        <ele>2377.0</ele>
      </trkpt>
      <trkpt lat="37.24769" lon="-118.92625">
        <ele>2378.0</ele>
      </trkpt>
      <trkpt lat="37.24782" lon="-118.92611">
        <ele>2378.0</ele>
      </trkpt>
      <trkpt lat="37.24782" lon="-118.92611">
        <ele>2378.0</ele>
      </trkpt>
      <trkpt lat="37.24796" lon="-118.92578">
        <ele>2382.0</ele>
      </trkpt>
      <trkpt lat="37.24796" lon="-118.92578">
        <ele>2382.0</ele>
      </trkpt>
      <trkpt lat="37.24796" lon="-118.92578">
        <ele>2382.0</ele>
      </trkpt>
      <trkpt lat="37.24804" lon="-118.92544">
        <ele>2380.0</ele>
      </trkpt>
      <trkpt lat="37.24809" lon="-118.92507">
        <ele>2375.0</ele>
      </trkpt>
      <trkpt lat="37.24815" lon="-118.92485">
        <ele>2374.0</ele>
      </trkpt>
      <trkpt lat="37.24815" lon="-118.92485">
        <ele>2374.0</ele>
      </trkpt>
      <trkpt lat="37.24814" lon="-118.92471">
        <ele>2374.0</ele>
      </trkpt>
      <trkpt lat="37.24806" lon="-118.92459">
        <ele>2374.0</ele>
      </trkpt>
      <trkpt lat="37.24787" lon="-118.92445">
        <ele>2374.0</ele>
      </trkpt>
      <trkpt lat="37.24782" lon="-118.92432">
        <ele>2374.0</ele>
      </trkpt>
      <trkpt lat="37.24782" lon="-118.92432">
        <ele>2374.0</ele>
      </trkpt>
      <trkpt lat="37.24779" lon="-118.92321">
        <ele>2380.0</ele>
      </trkpt>
      <trkpt lat="37.24782" lon="-118.92309">
        <ele>2378.0</ele>
      </trkpt>
      <trkpt lat="37.24782" lon="-118.92309">
        <ele>2378.0</ele>
      </trkpt>
      <trkpt lat="37.24798" lon="-118.92246">
        <ele>2372.0</ele>
      </trkpt>
      <trkpt lat="37.2481" lon="-118.92209">
        <ele>2371.0</ele>
      </trkpt>
      <trkpt lat="37.24818" lon="-118.92193">
        <ele>2371.0</ele>
      </trkpt>
      <trkpt lat="37.24822448623173" lon="-118.9214495486973">
        <ele>2369.0</ele>
      </trkpt>
      <trkpt lat="37.24822448623173" lon="-118.9214495486973">
        <ele>2369.0</ele>
      </trkpt>
      <trkpt lat="37.24823" lon="-118.92139">
        <ele>2369.0</ele>
      </trkpt>
      <trkpt lat="37.24819" lon="-118.92123">
        <ele>2371.0</ele>
      </trkpt>
      <trkpt lat="37.24823" lon="-118.92109">
        <ele>2369.0</ele>
      </trkpt>
      <trkpt lat="37.24842" lon="-118.9209">
        <ele>2371.0</ele>
      </trkpt>
      <trkpt lat="37.24847" lon="-118.9207">
        <ele>2371.0</ele>
      </trkpt>
      <trkpt lat="37.24856" lon="-118.92057">
        <ele>2368.0</ele>
      </trkpt>
      <trkpt lat="37.24882" lon="-118.92048">
        <ele>2375.0</ele>
      </trkpt>
      <trkpt lat="37.24892" lon="-118.92039">
        <ele>2375.0</ele>
      </trkpt>
      <trkpt lat="37.24901" lon="-118.92023">
        <ele>2375.0</ele>
      </trkpt>
      <trkpt lat="37.24902" lon="-118.91982">
        <ele>2372.0</ele>
      </trkpt>
      <trkpt lat="37.24905" lon="-118.91973">
        <ele>2382.0</ele>
      </trkpt>
      <trkpt lat="37.24931" lon="-118.91934">
        <ele>2386.0</ele>
      </trkpt>
      <trkpt lat="37.24932" lon="-118.91914">
        <ele>2382.0</ele>
      </trkpt>
      <trkpt lat="37.24942" lon="-118.91892">
        <ele>2379.0</ele>
      </trkpt>
      <trkpt lat="37.24943" lon="-118.91861">
        <ele>2379.0</ele>
      </trkpt>
      <trkpt lat="37.24931" lon="-118.91844">
        <ele>2380.0</ele>
      </trkpt>
      <trkpt lat="37.24925" lon="-118.91828">
        <ele>2379.0</ele>
      </trkpt>
      <trkpt lat="37.24927" lon="-118.91814">
        <ele>2380.0</ele>
      </trkpt>
      <trkpt lat="37.24952" lon="-118.91788">
        <ele>2380.0</ele>
      </trkpt>
      <trkpt lat="37.24958" lon="-118.9177">
        <ele>2380.0</ele>
      </trkpt>
      <trkpt lat="37.24947" lon="-118.91691">
        <ele>2381.0</ele>
      </trkpt>
      <trkpt lat="37.24947" lon="-118.91614">
        <ele>2385.0</ele>
      </trkpt>
      <trkpt lat="37.2494" lon="-118.91602">
        <ele>2385.0</ele>
      </trkpt>
      <trkpt lat="37.2494" lon="-118.91602">
        <ele>2385.0</ele>
      </trkpt>
      <trkpt lat="37.24917" lon="-118.91567">
        <ele>2385.0</ele>
      </trkpt>
      <trkpt lat="37.24919" lon="-118.91553">
        <ele>2385.0</ele>
      </trkpt>
      <trkpt lat="37.24932" lon="-118.91535">
        <ele>2385.0</ele>
      </trkpt>
      <trkpt lat="37.24932" lon="-118.91535">
        <ele>2385.0</ele>
      </trkpt>
      <trkpt lat="37.24932" lon="-118.91535">
        <ele>2385.0</ele>
      </trkpt>
      <trkpt lat="37.24935" lon="-118.91517">
        <ele>2385.0</ele>
      </trkpt>
      <trkpt lat="37.24934" lon="-118.91491">
        <ele>2386.0</ele>
      </trkpt>
      <trkpt lat="37.24941" lon="-118.91466">
        <ele>2387.0</ele>
      </trkpt>
      <trkpt lat="37.24942" lon="-118.91451">
        <ele>2389.0</ele>
      </trkpt>
      <trkpt lat="37.24924" lon="-118.91383">
        <ele>2395.0</ele>
      </trkpt>
      <trkpt lat="37.24924" lon="-118.91362">
        <ele>2395.0</ele>
      </trkpt>
      <trkpt lat="37.24915" lon="-118.91312">
        <ele>2398.0</ele>
      </trkpt>
      <trkpt lat="37.24906" lon="-118.91286">
        <ele>2401.0</ele>
      </trkpt>
      <trkpt lat="37.2488" lon="-118.91269">
        <ele>2401.0</ele>
      </trkpt>
      <trkpt lat="37.24865" lon="-118.91256">
        <ele>2406.0</ele>
      </trkpt>
      <trkpt lat="37.24824" lon="-118.91173">
        <ele>2400.0</ele>
      </trkpt>
      <trkpt lat="37.24808" lon="-118.91161">
        <ele>2399.0</ele>
      </trkpt>
      <trkpt lat="37.24791" lon="-118.91138">
        <ele>2395.0</ele>
      </trkpt>
      <trkpt lat="37.24782" lon="-118.91134">
        <ele>2395.0</ele>
      </trkpt>
      <trkpt lat="37.24782" lon="-118.91134">
        <ele>2395.0</ele>
      </trkpt>
      <trkpt lat="37.24769" lon="-118.91127">
        <ele>2395.0</ele>
      </trkpt>
      <trkpt lat="37.2476" lon="-118.91111">
        <ele>2394.0</ele>
      </trkpt>
      <trkpt lat="37.24761" lon="-118.91096">
        <ele>2392.0</ele>
      </trkpt>
      <trkpt lat="37.24757" lon="-118.91088">
        <ele>2392.0</ele>
      </trkpt>
      <trkpt lat="37.24748" lon="-118.91078">
        <ele>2392.0</ele>
      </trkpt>
      <trkpt lat="37.24748" lon="-118.91078">
        <ele>2392.0</ele>
      </trkpt>
      <trkpt lat="37.24747999999998" lon="-118.91078">
        <ele>2392.0</ele>
      </trkpt>
      <trkpt lat="37.2475" lon="-118.91061">
        <ele>2387.0</ele>
      </trkpt>
      <trkpt lat="37.2474" lon="-118.91044">
        <ele>2387.0</ele>
      </trkpt>
      <trkpt lat="37.2472" lon="-118.91023">
        <ele>2381.0</ele>
      </trkpt>
      <trkpt lat="37.24695" lon="-118.90991">
        <ele>2372.0</ele>
      </trkpt>
      <trkpt lat="37.24691" lon="-118.90976">
        <ele>2369.0</ele>
      </trkpt>
      <trkpt lat="37.24666" lon="-118.90938">
        <ele>2366.0</ele>
      </trkpt>
      <trkpt lat="37.24658" lon="-118.9092">
        <ele>2364.0</ele>
      </trkpt>
      <trkpt lat="37.24672" lon="-118.90894">
        <ele>2362.0</ele>
      </trkpt>
      <trkpt lat="37.24675" lon="-118.90874">
        <ele>2361.0</ele>
      </trkpt>
      <trkpt lat="37.2467" lon="-118.90842">
        <ele>2360.0</ele>
      </trkpt>
      <trkpt lat="37.24639" lon="-118.90804">
        <ele>2360.0</ele>
      </trkpt>
      <trkpt lat="37.24636" lon="-118.90794">
        <ele>2360.0</ele>
      </trkpt>
      <trkpt lat="37.24635" lon="-118.9076">
        <ele>2365.0</ele>
      </trkpt>
      <trkpt lat="37.24619" lon="-118.90728">
        <ele>2366.0</ele>
      </trkpt>
      <trkpt lat="37.24607" lon="-118.90691">
        <ele>2366.0</ele>
      </trkpt>
      <trkpt lat="37.24607" lon="-118.90677">
        <ele>2362.0</ele>
      </trkpt>
      <trkpt lat="37.24618" lon="-118.90644">
        <ele>2358.0</ele>
      </trkpt>
      <trkpt lat="37.24616838679931" lon="-118.9064109669983">
        <ele>2358.0</ele>
      </trkpt>
      <trkpt lat="37.24617" lon="-118.90641">
        <ele>2358.0</ele>
      </trkpt>
      <trkpt lat="37.2462" lon="-118.90606">
        <ele>2355.0</ele>
      </trkpt>
      <trkpt lat="37.24612000097649" lon="-118.9057600012921">
        <ele>2352.0</ele>
      </trkpt>
      <trkpt lat="37.24612000097649" lon="-118.9057600012921">
        <ele>2352.0</ele>
      </trkpt>
      <trkpt lat="37.24612" lon="-118.90576">
        <ele>2352.0</ele>
      </trkpt>
      <trkpt lat="37.24595" lon="-118.90541">
        <ele>2344.0</ele>
      </trkpt>
      <trkpt lat="37.24588" lon="-118.90513">
        <ele>2342.0</ele>
      </trkpt>
      <trkpt lat="37.24587" lon="-118.90483">
        <ele>2340.0</ele>
      </trkpt>
      <trkpt lat="37.2456" lon="-118.90443">
        <ele>2340.0</ele>
      </trkpt>
      <trkpt lat="37.24564" lon="-118.90418">
        <ele>2337.0</ele>
      </trkpt>
      <trkpt lat="37.24564" lon="-118.90377">
        <ele>2333.0</ele>
      </trkpt>
      <trkpt lat="37.24587" lon="-118.9031">
        <ele>2329.0</ele>
      </trkpt>
      <trkpt lat="37.24616" lon="-118.90258">
        <ele>2331.0</ele>
      </trkpt>
      <trkpt lat="37.24627" lon="-118.90229">
        <ele>2328.0</ele>
      </trkpt>
      <trkpt lat="37.24633" lon="-118.90195">
        <ele>2328.0</ele>
      </trkpt>
      <trkpt lat="37.2463" lon="-118.9014">
        <ele>2331.0</ele>
      </trkpt>
      <trkpt lat="37.24634" lon="-118.90119">
        <ele>2332.0</ele>
      </trkpt>
      <trkpt lat="37.24652" lon="-118.90079">
        <ele>2335.0</ele>
      </trkpt>
      <trkpt lat="37.24664" lon="-118.90036">
        <ele>2339.0</ele>
      </trkpt>
      <trkpt lat="37.24663" lon="-118.90005">
        <ele>2342.0</ele>
      </trkpt>
      <trkpt lat="37.24651" lon="-118.89973">
        <ele>2339.0</ele>
      </trkpt>
      <trkpt lat="37.24638" lon="-118.89928">
        <ele>2335.0</ele>
      </trkpt>
      <trkpt lat="37.24638537539288" lon="-118.8992831030535">
        <ele>2335.0</ele>
      </trkpt>
      <trkpt lat="37.24645" lon="-118.8991">
        <ele>2335.0</ele>
      </trkpt>
      <trkpt lat="37.24652" lon="-118.89873">
        <ele>2333.0</ele>
      </trkpt>
      <trkpt lat="37.24683" lon="-118.89829">
        <ele>2337.0</ele>
      </trkpt>
      <trkpt lat="37.24688" lon="-118.89812">
        <ele>2337.0</ele>
      </trkpt>
      <trkpt lat="37.24685" lon="-118.89802">
        <ele>2337.0</ele>
      </trkpt>
      <trkpt lat="37.24685" lon="-118.89721">
        <ele>2332.0</ele>
      </trkpt>
      <trkpt lat="37.24671" lon="-118.89692">
        <ele>2331.0</ele>
      </trkpt>
      <trkpt lat="37.24669" lon="-118.89677">
        <ele>2331.0</ele>
      </trkpt>
      <trkpt lat="37.24657" lon="-118.8966">
        <ele>2331.0</ele>
      </trkpt>
      <trkpt lat="37.24652" lon="-118.89647">
        <ele>2332.0</ele>
      </trkpt>
      <trkpt lat="37.24651" lon="-118.8961">
        <ele>2333.0</ele>
      </trkpt>
      <trkpt lat="37.24654" lon="-118.89591">
        <ele>2334.0</ele>
      </trkpt>
      <trkpt lat="37.24652" lon="-118.8957">
        <ele>2329.0</ele>
      </trkpt>
      <trkpt lat="37.24647" lon="-118.89548">
        <ele>2329.0</ele>
      </trkpt>
      <trkpt lat="37.24637" lon="-118.89528">
        <ele>2329.0</ele>
      </trkpt>
      <trkpt lat="37.24632" lon="-118.89495">
        <ele>2331.0</ele>
      </trkpt>
      <trkpt lat="37.24631" lon="-118.89465">
        <ele>2334.0</ele>
      </trkpt>
      <trkpt lat="37.24635" lon="-118.89421">
        <ele>2341.0</ele>
      </trkpt>
      <trkpt lat="37.24642" lon="-118.89404">
        <ele>2341.0</ele>
      </trkpt>
      <trkpt lat="37.24642" lon="-118.89404">
        <ele>2341.0</ele>
      </trkpt>
      <trkpt lat="37.24649" lon="-118.89382">
        <ele>2340.0</ele>
      </trkpt>
      <trkpt lat="37.24649" lon="-118.89366">
        <ele>2339.0</ele>
      </trkpt>
      <trkpt lat="37.24643" lon="-118.89346">
        <ele>2339.0</ele>
      </trkpt>
      <trkpt lat="37.24648" lon="-118.89324">
        <ele>2339.0</ele>
      </trkpt>
      <trkpt lat="37.24648" lon="-118.89301">
        <ele>2339.0</ele>
      </trkpt>
      <trkpt lat="37.24635" lon="-118.89254">
        <ele>2340.0</ele>
      </trkpt>
      <trkpt lat="37.24626" lon="-118.89233">
        <ele>2339.0</ele>
      </trkpt>
      <trkpt lat="37.24589" lon="-118.89174">
        <ele>2334.0</ele>
      </trkpt>
      <trkpt lat="37.24589" lon="-118.89174">
        <ele>2334.0</ele>
      </trkpt>
      <trkpt lat="37.24589" lon="-118.89174">
        <ele>2334.0</ele>
      </trkpt>
      <trkpt lat="37.24547" lon="-118.89126">
        <ele>2331.0</ele>
      </trkpt>
      <trkpt lat="37.24509" lon="-118.89072">
        <ele>2328.0</ele>
      </trkpt>
      <trkpt lat="37.2449" lon="-118.89061">
        <ele>2330.0</ele>
      </trkpt>
      <trkpt lat="37.2446" lon="-118.89023">
        <ele>2332.0</ele>
      </trkpt>
      <trkpt lat="37.24443383226884" lon="-118.8900638322689">
        <ele>2335.0</ele>
      </trkpt>
      <trkpt lat="37.24443383226884" lon="-118.8900638322689">
        <ele>2335.0</ele>
      </trkpt>
      <trkpt lat="37.24395" lon="-118.88958">
        <ele>2332.0</ele>
      </trkpt>
      <trkpt lat="37.24378" lon="-118.88924">
        <ele>2336.0</ele>
      </trkpt>
      <trkpt lat="37.24367" lon="-118.8889">
        <ele>2335.0</ele>
      </trkpt>
      <trkpt lat="37.24339" lon="-118.88861">
        <ele>2335.0</ele>
      </trkpt>
      <trkpt lat="37.2432746645633" lon="-118.8883569027917">
        <ele>2336.0</ele>
      </trkpt>
      <trkpt lat="37.24326604322497" lon="-118.8883379837437">
        <ele>2336.0</ele>
      </trkpt>
      <trkpt lat="37.24303" lon="-118.88782">
        <ele>2341.0</ele>
      </trkpt>
      <trkpt lat="37.24278" lon="-118.88716">
        <ele>2346.0</ele>
      </trkpt>
      <trkpt lat="37.2426" lon="-118.88678">
        <ele>2341.0</ele>
      </trkpt>
      <trkpt lat="37.24254" lon="-118.88656">
        <ele>2341.0</ele>
      </trkpt>
      <trkpt lat="37.24241" lon="-118.88642">
        <ele>2338.0</ele>
      </trkpt>
      <trkpt lat="37.24241" lon="-118.88642">
        <ele>2338.0</ele>
      </trkpt>
      <trkpt lat="37.24241" lon="-118.88642">
        <ele>2338.0</ele>
      </trkpt>
      <trkpt lat="37.24205" lon="-118.88559">
        <ele>2335.0</ele>
      </trkpt>
      <trkpt lat="37.241987832236" lon="-118.8853351111537">
        <ele>2334.0</ele>
      </trkpt>
      <trkpt lat="37.241987832236" lon="-118.8853351111537">
        <ele>2334.0</ele>
      </trkpt>
      <trkpt lat="37.24185" lon="-118.88477">
        <ele>2333.0</ele>
      </trkpt>
      <trkpt lat="37.24174" lon="-118.88446">
        <ele>2338.0</ele>
      </trkpt>
      <trkpt lat="37.24133" lon="-118.88372">
        <ele>2349.0</ele>
      </trkpt>
      <trkpt lat="37.24124" lon="-118.88326">
        <ele>2347.0</ele>
      </trkpt>
      <trkpt lat="37.24095" lon="-118.88314">
        <ele>2344.0</ele>
      </trkpt>
      <trkpt lat="37.24061" lon="-118.88306">
        <ele>2342.0</ele>
      </trkpt>
      <trkpt lat="37.24007" lon="-118.8828">
        <ele>2339.0</ele>
      </trkpt>
      <trkpt lat="37.2401" lon="-118.88258">
        <ele>2338.0</ele>
      </trkpt>
      <trkpt lat="37.23992" lon="-118.88228">
        <ele>2339.0</ele>
      </trkpt>
      <trkpt lat="37.23959" lon="-118.88212">
        <ele>2341.0</ele>
      </trkpt>
      <trkpt lat="37.23959" lon="-118.88212">
        <ele>2341.0</ele>
      </trkpt>
      <trkpt lat="37.23959" lon="-118.88212">
        <ele>2341.0</ele>
      </trkpt>
      <trkpt lat="37.23944" lon="-118.88189">
        <ele>2344.0</ele>
      </trkpt>
      <trkpt lat="37.23899" lon="-118.88155">
        <ele>2342.0</ele>
      </trkpt>
      <trkpt lat="37.23847" lon="-118.88084">
        <ele>2352.0</ele>
      </trkpt>
      <trkpt lat="37.23788" lon="-118.88041">
        <ele>2362.0</ele>
      </trkpt>
      <trkpt lat="37.23738" lon="-118.8802">
        <ele>2360.0</ele>
      </trkpt>
      <trkpt lat="37.237" lon="-118.87994">
        <ele>2364.0</ele>
      </trkpt>
      <trkpt lat="37.237" lon="-118.87994">
        <ele>2364.0</ele>
      </trkpt>
      <trkpt lat="37.237" lon="-118.87994">
        <ele>2364.0</ele>
      </trkpt>
      <trkpt lat="37.23696" lon="-118.87981">
        <ele>2367.0</ele>
      </trkpt>
      <trkpt lat="37.23686" lon="-118.87963">
        <ele>2367.0</ele>
      </trkpt>
      <trkpt lat="37.23679" lon="-118.87943">
        <ele>2364.0</ele>
      </trkpt>
      <trkpt lat="37.23681" lon="-118.87926">
        <ele>2367.0</ele>
      </trkpt>
      <trkpt lat="37.23687" lon="-118.87908">
        <ele>2367.0</ele>
      </trkpt>
      <trkpt lat="37.23698" lon="-118.8789">
        <ele>2367.0</ele>
      </trkpt>
      <trkpt lat="37.23702" lon="-118.87877">
        <ele>2367.0</ele>
      </trkpt>
      <trkpt lat="37.237" lon="-118.87846">
        <ele>2368.0</ele>
      </trkpt>
      <trkpt lat="37.23706" lon="-118.87825">
        <ele>2368.0</ele>
      </trkpt>
      <trkpt lat="37.23709" lon="-118.87782">
        <ele>2377.0</ele>
      </trkpt>
      <trkpt lat="37.23709" lon="-118.87782">
        <ele>2377.0</ele>
      </trkpt>
      <trkpt lat="37.23709" lon="-118.87782">
        <ele>2377.0</ele>
      </trkpt>
      <trkpt lat="37.23678" lon="-118.87741">
        <ele>2375.0</ele>
      </trkpt>
      <trkpt lat="37.23674" lon="-118.87728">
        <ele>2378.0</ele>
      </trkpt>
      <trkpt lat="37.23674" lon="-118.87718">
        <ele>2378.0</ele>
      </trkpt>
      <trkpt lat="37.2367" lon="-118.87699">
        <ele>2380.0</ele>
      </trkpt>
      <trkpt lat="37.2366" lon="-118.87676">
        <ele>2383.0</ele>
      </trkpt>
      <trkpt lat="37.23654" lon="-118.87666">
        <ele>2383.0</ele>
      </trkpt>
      <trkpt lat="37.23638" lon="-118.8765">
        <ele>2383.0</ele>
      </trkpt>
      <trkpt lat="37.23619" lon="-118.87641">
        <ele>2381.0</ele>
      </trkpt>
      <trkpt lat="37.23613" lon="-118.87632">
        <ele>2381.0</ele>
      </trkpt>
      <trkpt lat="37.23604" lon="-118.87624">
        <ele>2383.0</ele>
      </trkpt>
      <trkpt lat="37.23582" lon="-118.87614">
        <ele>2379.0</ele>
      </trkpt>
      <trkpt lat="37.23561" lon="-118.87592">
        <ele>2381.0</ele>
      </trkpt>
      <trkpt lat="37.2353" lon="-118.8758">
        <ele>2382.0</ele>
      </trkpt>
      <trkpt lat="37.23521" lon="-118.87572">
        <ele>2382.0</ele>
      </trkpt>
      <trkpt lat="37.23481" lon="-118.87509">
        <ele>2385.0</ele>
      </trkpt>
      <trkpt lat="37.23477" lon="-118.87495">
        <ele>2385.0</ele>
      </trkpt>
      <trkpt lat="37.23463" lon="-118.87469">
        <ele>2389.0</ele>
      </trkpt>
      <trkpt lat="37.23459" lon="-118.8744">
        <ele>2393.0</ele>
      </trkpt>
      <trkpt lat="37.23443" lon="-118.87421">
        <ele>2393.0</ele>
      </trkpt>
      <trkpt lat="37.23433" lon="-118.87387">
        <ele>2399.0</ele>
      </trkpt>
      <trkpt lat="37.23433" lon="-118.87365">
        <ele>2404.0</ele>
      </trkpt>
      <trkpt lat="37.23415" lon="-118.87332">
        <ele>2405.0</ele>
      </trkpt>
      <trkpt lat="37.23389" lon="-118.87272">
        <ele>2410.0</ele>
      </trkpt>
      <trkpt lat="37.23365" lon="-118.87254">
        <ele>2412.0</ele>
      </trkpt>
      <trkpt lat="37.23317" lon="-118.87207">
        <ele>2406.0</ele>
      </trkpt>
      <trkpt lat="37.23317" lon="-118.87207">
        <ele>2406.0</ele>
      </trkpt>
      <trkpt lat="37.23311" lon="-118.87199">
        <ele>2406.0</ele>
      </trkpt>
      <trkpt lat="37.23301" lon="-118.87194">
        <ele>2406.0</ele>
      </trkpt>
      <trkpt lat="37.23272" lon="-118.87158">
        <ele>2400.0</ele>
      </trkpt>
      <trkpt lat="37.23258" lon="-118.87121">
        <ele>2401.0</ele>
      </trkpt>
      <trkpt lat="37.23249" lon="-118.87105">
        <ele>2401.0</ele>
      </trkpt>
      <trkpt lat="37.23237" lon="-118.87091">
        <ele>2403.0</ele>
      </trkpt>
      <trkpt lat="37.23222" lon="-118.87081">
        <ele>2398.0</ele>
      </trkpt>
      <trkpt lat="37.23215" lon="-118.87067">
        <ele>2401.0</ele>
      </trkpt>
      <trkpt lat="37.23197" lon="-118.87059">
        <ele>2388.0</ele>
      </trkpt>
      <trkpt lat="37.2319" lon="-118.87051">
        <ele>2388.0</ele>
      </trkpt>
      <trkpt lat="37.23163" lon="-118.87016">
        <ele>2392.0</ele>
      </trkpt>
      <trkpt lat="37.23144" lon="-118.86984">
        <ele>2401.0</ele>
      </trkpt>
      <trkpt lat="37.23128" lon="-118.86964">
        <ele>2401.0</ele>
      </trkpt>
      <trkpt lat="37.23114" lon="-118.8695">
        <ele>2400.0</ele>
      </trkpt>
      <trkpt lat="37.23074" lon="-118.86899">
        <ele>2404.0</ele>
      </trkpt>
      <trkpt lat="37.23059" lon="-118.86888">
        <ele>2405.0</ele>
      </trkpt>
      <trkpt lat="37.23033" lon="-118.86857">
        <ele>2406.0</ele>
      </trkpt>
      <trkpt lat="37.23033" lon="-118.86857">
        <ele>2406.0</ele>
      </trkpt>
      <trkpt lat="37.2302" lon="-118.86845">
        <ele>2406.0</ele>
      </trkpt>
      <trkpt lat="37.23003" lon="-118.86838">
        <ele>2401.0</ele>
      </trkpt>
      <trkpt lat="37.22991" lon="-118.86826">
        <ele>2401.0</ele>
      </trkpt>
      <trkpt lat="37.2296" lon="-118.8681">
        <ele>2397.0</ele>
      </trkpt>
      <trkpt lat="37.22957" lon="-118.86803">
        <ele>2393.0</ele>
      </trkpt>
      <trkpt lat="37.22969" lon="-118.86784">
        <ele>2402.0</ele>
      </trkpt>
      <trkpt lat="37.22965" lon="-118.86776">
        <ele>2402.0</ele>
      </trkpt>
      <trkpt lat="37.22946" lon="-118.8677">
        <ele>2395.0</ele>
      </trkpt>
      <trkpt lat="37.22915" lon="-118.86753">
        <ele>2388.0</ele>
      </trkpt>
      <trkpt lat="37.22906" lon="-118.86744">
        <ele>2388.0</ele>
      </trkpt>
      <trkpt lat="37.22887" lon="-118.86733">
        <ele>2377.0</ele>
      </trkpt>
      <trkpt lat="37.22882" lon="-118.86724">
        <ele>2377.0</ele>
      </trkpt>
      <trkpt lat="37.22883" lon="-118.86712">
        <ele>2377.0</ele>
      </trkpt>
      <trkpt lat="37.22879" lon="-118.86701">
        <ele>2380.0</ele>
      </trkpt>
      <trkpt lat="37.22867" lon="-118.86689">
        <ele>2371.0</ele>
      </trkpt>
      <trkpt lat="37.22825" lon="-118.8667">
        <ele>2368.0</ele>
      </trkpt>
      <trkpt lat="37.22812" lon="-118.86655">
        <ele>2365.0</ele>
      </trkpt>
      <trkpt lat="37.22798" lon="-118.86647">
        <ele>2369.0</ele>
      </trkpt>
      <trkpt lat="37.22776" lon="-118.86621">
        <ele>2375.0</ele>
      </trkpt>
      <trkpt lat="37.22752" lon="-118.86583">
        <ele>2379.0</ele>
      </trkpt>
      <trkpt lat="37.22747" lon="-118.86559">
        <ele>2382.0</ele>
      </trkpt>
      <trkpt lat="37.22738" lon="-118.86536">
        <ele>2385.0</ele>
      </trkpt>
      <trkpt lat="37.22708" lon="-118.86478">
        <ele>2391.0</ele>
      </trkpt>
      <trkpt lat="37.22706" lon="-118.86464">
        <ele>2391.0</ele>
      </trkpt>
      <trkpt lat="37.22697" lon="-118.86447">
        <ele>2390.0</ele>
      </trkpt>
      <trkpt lat="37.22674" lon="-118.86423">
        <ele>2388.0</ele>
      </trkpt>
      <trkpt lat="37.2266" lon="-118.86413">
        <ele>2388.0</ele>
      </trkpt>
      <trkpt lat="37.22646" lon="-118.86406">
        <ele>2386.0</ele>
      </trkpt>
      <trkpt lat="37.22621" lon="-118.86402">
        <ele>2388.0</ele>
      </trkpt>
      <trkpt lat="37.22611" lon="-118.86394">
        <ele>2388.0</ele>
      </trkpt>
      <trkpt lat="37.2261" lon="-118.86387">
        <ele>2388.0</ele>
      </trkpt>
      <trkpt lat="37.22591" lon="-118.86359">
        <ele>2387.0</ele>
      </trkpt>
      <trkpt lat="37.22586" lon="-118.86347">
        <ele>2388.0</ele>
      </trkpt>
      <trkpt lat="37.22587" lon="-118.86326">
        <ele>2388.0</ele>
      </trkpt>
      <trkpt lat="37.22585" lon="-118.8631">
        <ele>2392.0</ele>
      </trkpt>
      <trkpt lat="37.22587" lon="-118.86293">
        <ele>2392.0</ele>
      </trkpt>
      <trkpt lat="37.22594" lon="-118.86286">
        <ele>2396.0</ele>
      </trkpt>
      <trkpt lat="37.22595" lon="-118.86278">
        <ele>2396.0</ele>
      </trkpt>
      <trkpt lat="37.22592" lon="-118.8627">
        <ele>2396.0</ele>
      </trkpt>
      <trkpt lat="37.22578" lon="-118.86259">
        <ele>2402.0</ele>
      </trkpt>
      <trkpt lat="37.22573" lon="-118.86238">
        <ele>2402.0</ele>
      </trkpt>
      <trkpt lat="37.22569" lon="-118.86232">
        <ele>2399.0</ele>
      </trkpt>
      <trkpt lat="37.22567" lon="-118.86223">
        <ele>2399.0</ele>
      </trkpt>
      <trkpt lat="37.22569" lon="-118.86213">
        <ele>2399.0</ele>
      </trkpt>
      <trkpt lat="37.22578" lon="-118.86199">
        <ele>2405.0</ele>
      </trkpt>
      <trkpt lat="37.22577" lon="-118.86184">
        <ele>2405.0</ele>
      </trkpt>
      <trkpt lat="37.22572" lon="-118.86174">
        <ele>2405.0</ele>
      </trkpt>
      <trkpt lat="37.22576" lon="-118.86138">
        <ele>2409.0</ele>
      </trkpt>
      <trkpt lat="37.22579" lon="-118.86127">
        <ele>2409.0</ele>
      </trkpt>
      <trkpt lat="37.22579" lon="-118.86127">
        <ele>2409.0</ele>
      </trkpt>
      <trkpt lat="37.22572" lon="-118.86115">
        <ele>2412.0</ele>
      </trkpt>
      <trkpt lat="37.22544" lon="-118.86096">
        <ele>2413.0</ele>
      </trkpt>
      <trkpt lat="37.22508" lon="-118.86024">
        <ele>2409.0</ele>
      </trkpt>
      <trkpt lat="37.22442" lon="-118.85914">
        <ele>2405.0</ele>
      </trkpt>
      <trkpt lat="37.22413" lon="-118.85903">
        <ele>2405.0</ele>
      </trkpt>
      <trkpt lat="37.22404" lon="-118.85873">
        <ele>2409.0</ele>
      </trkpt>
      <trkpt lat="37.22395" lon="-118.8586">
        <ele>2403.0</ele>
      </trkpt>
      <trkpt lat="37.22392" lon="-118.85836">
        <ele>2403.0</ele>
      </trkpt>
      <trkpt lat="37.22405" lon="-118.85811">
        <ele>2410.0</ele>
      </trkpt>
      <trkpt lat="37.22405" lon="-118.85787">
        <ele>2412.0</ele>
      </trkpt>
      <trkpt lat="37.22398" lon="-118.85782">
        <ele>2406.0</ele>
      </trkpt>
      <trkpt lat="37.22364" lon="-118.85721">
        <ele>2411.0</ele>
      </trkpt>
      <trkpt lat="37.22354" lon="-118.85696">
        <ele>2416.0</ele>
      </trkpt>
      <trkpt lat="37.22337" lon="-118.85674">
        <ele>2411.0</ele>
      </trkpt>
      <trkpt lat="37.22329" lon="-118.85669">
        <ele>2411.0</ele>
      </trkpt>
      <trkpt lat="37.22325" lon="-118.85654">
        <ele>2411.0</ele>
      </trkpt>
      <trkpt lat="37.22319" lon="-118.85648">
        <ele>2401.0</ele>
      </trkpt>
      <trkpt lat="37.22309" lon="-118.85618">
        <ele>2402.0</ele>
      </trkpt>
      <trkpt lat="37.22309172763977" lon="-118.8560970732909">
        <ele>2402.0</ele>
      </trkpt>
      <trkpt lat="37.22309172763988" lon="-118.8560970732909">
        <ele>2402.0</ele>
      </trkpt>
      <trkpt lat="37.2231" lon="-118.8557">
        <ele>2403.0</ele>
      </trkpt>
      <trkpt lat="37.22307" lon="-118.85545">
        <ele>2404.0</ele>
      </trkpt>
      <trkpt lat="37.2229" lon="-118.85485">
        <ele>2406.0</ele>
      </trkpt>
      <trkpt lat="37.2226" lon="-118.85426">
        <ele>2413.0</ele>
      </trkpt>
      <trkpt lat="37.22241" lon="-118.85405">
        <ele>2413.0</ele>
      </trkpt>
      <trkpt lat="37.22231" lon="-118.85382">
        <ele>2416.0</ele>
      </trkpt>
      <trkpt lat="37.22231" lon="-118.85362">
        <ele>2417.0</ele>
      </trkpt>
      <trkpt lat="37.22238" lon="-118.8535">
        <ele>2418.0</ele>
      </trkpt>
      <trkpt lat="37.22236" lon="-118.85327">
        <ele>2417.0</ele>
      </trkpt>
      <trkpt lat="37.22237" lon="-118.85268">
        <ele>2421.0</ele>
      </trkpt>
      <trkpt lat="37.22232" lon="-118.85247">
        <ele>2419.0</ele>
      </trkpt>
      <trkpt lat="37.22237" lon="-118.85225">
        <ele>2423.0</ele>
      </trkpt>
      <trkpt lat="37.22237" lon="-118.85208">
        <ele>2425.0</ele>
      </trkpt>
      <trkpt lat="37.22243" lon="-118.8519">
        <ele>2425.0</ele>
      </trkpt>
      <trkpt lat="37.22243" lon="-118.85173">
        <ele>2426.0</ele>
      </trkpt>
      <trkpt lat="37.22257" lon="-118.8511">
        <ele>2425.0</ele>
      </trkpt>
      <trkpt lat="37.22258" lon="-118.85088">
        <ele>2425.0</ele>
      </trkpt>
      <trkpt lat="37.22254" lon="-118.85073">
        <ele>2425.0</ele>
      </trkpt>
      <trkpt lat="37.22254" lon="-118.85061">
        <ele>2425.0</ele>
      </trkpt>
      <trkpt lat="37.22255" lon="-118.85054">
        <ele>2425.0</ele>
      </trkpt>
      <trkpt lat="37.22261" lon="-118.85046">
        <ele>2425.0</ele>
      </trkpt>
      <trkpt lat="37.22276" lon="-118.8501">
        <ele>2430.0</ele>
      </trkpt>
      <trkpt lat="37.22276" lon="-118.8501">
        <ele>2430.0</ele>
      </trkpt>
      <trkpt lat="37.22279" lon="-118.84999">
        <ele>2430.0</ele>
      </trkpt>
      <trkpt lat="37.22278" lon="-118.84985">
        <ele>2429.0</ele>
      </trkpt>
      <trkpt lat="37.22271" lon="-118.84971">
        <ele>2429.0</ele>
      </trkpt>
      <trkpt lat="37.22268" lon="-118.84947">
        <ele>2426.0</ele>
      </trkpt>
      <trkpt lat="37.2227" lon="-118.84935">
        <ele>2426.0</ele>
      </trkpt>
      <trkpt lat="37.22266" lon="-118.84929">
        <ele>2425.0</ele>
      </trkpt>
      <trkpt lat="37.22253" lon="-118.84888">
        <ele>2420.0</ele>
      </trkpt>
      <trkpt lat="37.22258" lon="-118.84867">
        <ele>2420.0</ele>
      </trkpt>
      <trkpt lat="37.22266" lon="-118.84856">
        <ele>2426.0</ele>
      </trkpt>
      <trkpt lat="37.2226742097745" lon="-118.8485116867667">
        <ele>2426.0</ele>
      </trkpt>
      <trkpt lat="37.2226742097745" lon="-118.8485116867667">
        <ele>2426.0</ele>
      </trkpt>
      <trkpt lat="37.22276" lon="-118.84822">
        <ele>2424.0</ele>
      </trkpt>
      <trkpt lat="37.22293" lon="-118.84813">
        <ele>2425.0</ele>
      </trkpt>
      <trkpt lat="37.22305" lon="-118.84801">
        <ele>2425.0</ele>
      </trkpt>
      <trkpt lat="37.2231" lon="-118.84782">
        <ele>2420.0</ele>
      </trkpt>
      <trkpt lat="37.22312" lon="-118.84757">
        <ele>2417.0</ele>
      </trkpt>
      <trkpt lat="37.22321" lon="-118.84736">
        <ele>2415.0</ele>
      </trkpt>
      <trkpt lat="37.22342" lon="-118.84709">
        <ele>2415.0</ele>
      </trkpt>
      <trkpt lat="37.22349" lon="-118.84692">
        <ele>2415.0</ele>
      </trkpt>
      <trkpt lat="37.22352" lon="-118.84672">
        <ele>2415.0</ele>
      </trkpt>
      <trkpt lat="37.22363" lon="-118.84658">
        <ele>2415.0</ele>
      </trkpt>
      <trkpt lat="37.22379" lon="-118.84625">
        <ele>2413.0</ele>
      </trkpt>
      <trkpt lat="37.22383" lon="-118.84621">
        <ele>2413.0</ele>
      </trkpt>
      <trkpt lat="37.22407" lon="-118.84578">
        <ele>2418.0</ele>
      </trkpt>
      <trkpt lat="37.22411" lon="-118.84548">
        <ele>2418.0</ele>
      </trkpt>
      <trkpt lat="37.22422" lon="-118.84523">
        <ele>2417.0</ele>
      </trkpt>
      <trkpt lat="37.22456" lon="-118.84493">
        <ele>2412.0</ele>
      </trkpt>
      <trkpt lat="37.22468" lon="-118.84476">
        <ele>2408.0</ele>
      </trkpt>
      <trkpt lat="37.22476" lon="-118.84456">
        <ele>2409.0</ele>
      </trkpt>
      <trkpt lat="37.2249" lon="-118.84438">
        <ele>2411.0</ele>
      </trkpt>
      <trkpt lat="37.22497" lon="-118.84418">
        <ele>2415.0</ele>
      </trkpt>
      <trkpt lat="37.22506" lon="-118.84365">
        <ele>2419.0</ele>
      </trkpt>
      <trkpt lat="37.22511" lon="-118.84352">
        <ele>2419.0</ele>
      </trkpt>
      <trkpt lat="37.22518" lon="-118.84312">
        <ele>2419.0</ele>
      </trkpt>
      <trkpt lat="37.22532" lon="-118.84271">
        <ele>2421.0</ele>
      </trkpt>
      <trkpt lat="37.2253" lon="-118.84238">
        <ele>2422.0</ele>
      </trkpt>
      <trkpt lat="37.22497" lon="-118.84164">
        <ele>2423.0</ele>
      </trkpt>
      <trkpt lat="37.2248" lon="-118.84145">
        <ele>2426.0</ele>
      </trkpt>
      <trkpt lat="37.22462" lon="-118.84136">
        <ele>2426.0</ele>
      </trkpt>
      <trkpt lat="37.22429" lon="-118.84094">
        <ele>2428.0</ele>
      </trkpt>
      <trkpt lat="37.22402" lon="-118.84051">
        <ele>2434.0</ele>
      </trkpt>
      <trkpt lat="37.22374" lon="-118.83998">
        <ele>2438.0</ele>
      </trkpt>
      <trkpt lat="37.2237" lon="-118.83975">
        <ele>2437.0</ele>
      </trkpt>
      <trkpt lat="37.22361" lon="-118.83955">
        <ele>2434.0</ele>
      </trkpt>
      <trkpt lat="37.2236" lon="-118.83932">
        <ele>2434.0</ele>
      </trkpt>
      <trkpt lat="37.22365" lon="-118.83909">
        <ele>2432.0</ele>
      </trkpt>
      <trkpt lat="37.22364" lon="-118.83898">
        <ele>2431.0</ele>
      </trkpt>
      <trkpt lat="37.22369" lon="-118.83859">
        <ele>2431.0</ele>
      </trkpt>
      <trkpt lat="37.22392" lon="-118.83761">
        <ele>2435.0</ele>
      </trkpt>
      <trkpt lat="37.22414" lon="-118.83696">
        <ele>2441.0</ele>
      </trkpt>
      <trkpt lat="37.2244" lon="-118.83637">
        <ele>2440.0</ele>
      </trkpt>
      <trkpt lat="37.22452" lon="-118.83553">
        <ele>2439.0</ele>
      </trkpt>
      <trkpt lat="37.2246" lon="-118.83522">
        <ele>2445.0</ele>
      </trkpt>
      <trkpt lat="37.22452" lon="-118.83495">
        <ele>2442.0</ele>
      </trkpt>
      <trkpt lat="37.22462" lon="-118.83465">
        <ele>2449.0</ele>
      </trkpt>
      <trkpt lat="37.22464" lon="-118.83448">
        <ele>2450.0</ele>
      </trkpt>
      <trkpt lat="37.22472" lon="-118.83432">
        <ele>2450.0</ele>
      </trkpt>
      <trkpt lat="37.22476" lon="-118.83404">
        <ele>2453.0</ele>
      </trkpt>
      <trkpt lat="37.22479" lon="-118.83398">
        <ele>2456.0</ele>
      </trkpt>
      <trkpt lat="37.22483" lon="-118.83397">
        <ele>2456.0</ele>
      </trkpt>
      <trkpt lat="37.22485" lon="-118.83385">
        <ele>2456.0</ele>
      </trkpt>
      <trkpt lat="37.22492" lon="-118.83365">
        <ele>2459.0</ele>
      </trkpt>
      <trkpt lat="37.22519" lon="-118.83343">
        <ele>2457.0</ele>
      </trkpt>
      <trkpt lat="37.22519" lon="-118.83343">
        <ele>2457.0</ele>
      </trkpt>
      <trkpt lat="37.22519" lon="-118.83343">
        <ele>2457.0</ele>
      </trkpt>
      <trkpt lat="37.22522" lon="-118.83336">
        <ele>2457.0</ele>
      </trkpt>
      <trkpt lat="37.22522" lon="-118.83336">
        <ele>2457.0</ele>
      </trkpt>
      <trkpt lat="37.22531" lon="-118.83311">
        <ele>2454.0</ele>
      </trkpt>
      <trkpt lat="37.22531" lon="-118.83311">
        <ele>2454.0</ele>
      </trkpt>
      <trkpt lat="37.2253" lon="-118.83306">
        <ele>2454.0</ele>
      </trkpt>
      <trkpt lat="37.22525" lon="-118.833">
        <ele>2454.0</ele>
      </trkpt>
      <trkpt lat="37.22526" lon="-118.83292">
        <ele>2454.0</ele>
      </trkpt>
      <trkpt lat="37.2252" lon="-118.8328">
        <ele>2455.0</ele>
      </trkpt>
      <trkpt lat="37.22463" lon="-118.83213">
        <ele>2454.0</ele>
      </trkpt>
      <trkpt lat="37.22457" lon="-118.83203">
        <ele>2455.0</ele>
      </trkpt>
      <trkpt lat="37.22409" lon="-118.83173">
        <ele>2457.0</ele>
      </trkpt>
      <trkpt lat="37.22406" lon="-118.83146">
        <ele>2456.0</ele>
      </trkpt>
      <trkpt lat="37.22408" lon="-118.83117">
        <ele>2454.0</ele>
      </trkpt>
      <trkpt lat="37.22413" lon="-118.83101">
        <ele>2454.0</ele>
      </trkpt>
      <trkpt lat="37.22412" lon="-118.83091">
        <ele>2453.0</ele>
      </trkpt>
      <trkpt lat="37.22392" lon="-118.83051">
        <ele>2452.0</ele>
      </trkpt>
      <trkpt lat="37.22374" lon="-118.83007">
        <ele>2452.0</ele>
      </trkpt>
      <trkpt lat="37.22357" lon="-118.82978">
        <ele>2452.0</ele>
      </trkpt>
      <trkpt lat="37.22335" lon="-118.82966">
        <ele>2448.0</ele>
      </trkpt>
      <trkpt lat="37.22328" lon="-118.82951">
        <ele>2450.0</ele>
      </trkpt>
      <trkpt lat="37.22312" lon="-118.8293">
        <ele>2450.0</ele>
      </trkpt>
      <trkpt lat="37.22293" lon="-118.82909">
        <ele>2450.0</ele>
      </trkpt>
      <trkpt lat="37.22283" lon="-118.82904">
        <ele>2450.0</ele>
      </trkpt>
      <trkpt lat="37.22239" lon="-118.82812">
        <ele>2459.0</ele>
      </trkpt>
      <trkpt lat="37.22239" lon="-118.82812">
        <ele>2459.0</ele>
      </trkpt>
      <trkpt lat="37.2222" lon="-118.82782">
        <ele>2459.0</ele>
      </trkpt>
      <trkpt lat="37.22207" lon="-118.82748">
        <ele>2458.0</ele>
      </trkpt>
      <trkpt lat="37.22198" lon="-118.82739">
        <ele>2458.0</ele>
      </trkpt>
      <trkpt lat="37.22182" lon="-118.82706">
        <ele>2469.0</ele>
      </trkpt>
      <trkpt lat="37.22171" lon="-118.82691">
        <ele>2463.0</ele>
      </trkpt>
      <trkpt lat="37.22165" lon="-118.82688">
        <ele>2463.0</ele>
      </trkpt>
      <trkpt lat="37.22159" lon="-118.82677">
        <ele>2468.0</ele>
      </trkpt>
      <trkpt lat="37.22143" lon="-118.82637">
        <ele>2466.0</ele>
      </trkpt>
      <trkpt lat="37.22131" lon="-118.82601">
        <ele>2471.0</ele>
      </trkpt>
      <trkpt lat="37.22111" lon="-118.82565">
        <ele>2477.0</ele>
      </trkpt>
      <trkpt lat="37.22099" lon="-118.82527">
        <ele>2482.0</ele>
      </trkpt>
      <trkpt lat="37.22073" lon="-118.82504">
        <ele>2488.0</ele>
      </trkpt>
      <trkpt lat="37.22061" lon="-118.82503">
        <ele>2484.0</ele>
      </trkpt>
      <trkpt lat="37.22027" lon="-118.82451">
        <ele>2487.0</ele>
      </trkpt>
      <trkpt lat="37.2202" lon="-118.82449">
        <ele>2487.0</ele>
      </trkpt>
      <trkpt lat="37.21998" lon="-118.82453">
        <ele>2486.0</ele>
      </trkpt>
      <trkpt lat="37.21993" lon="-118.82452">
        <ele>2486.0</ele>
      </trkpt>
      <trkpt lat="37.21963" lon="-118.82431">
        <ele>2487.0</ele>
      </trkpt>
      <trkpt lat="37.21941" lon="-118.8241">
        <ele>2492.0</ele>
      </trkpt>
      <trkpt lat="37.21935" lon="-118.82409">
        <ele>2492.0</ele>
      </trkpt>
      <trkpt lat="37.21924" lon="-118.82414">
        <ele>2493.0</ele>
      </trkpt>
      <trkpt lat="37.21916" lon="-118.82426">
        <ele>2493.0</ele>
      </trkpt>
      <trkpt lat="37.2191" lon="-118.82459">
        <ele>2486.0</ele>
      </trkpt>
      <trkpt lat="37.21906" lon="-118.82463">
        <ele>2486.0</ele>
      </trkpt>
      <trkpt lat="37.21899" lon="-118.82483">
        <ele>2496.0</ele>
      </trkpt>
      <trkpt lat="37.21885" lon="-118.82488">
        <ele>2490.0</ele>
      </trkpt>
      <trkpt lat="37.21855" lon="-118.82518">
        <ele>2489.0</ele>
      </trkpt>
      <trkpt lat="37.21844" lon="-118.82518">
        <ele>2489.0</ele>
      </trkpt>
      <trkpt lat="37.21826" lon="-118.82525">
        <ele>2489.0</ele>
      </trkpt>
      <trkpt lat="37.21793" lon="-118.82518">
        <ele>2488.0</ele>
      </trkpt>
      <trkpt lat="37.21763" lon="-118.8252">
        <ele>2482.0</ele>
      </trkpt>
      <trkpt lat="37.21748" lon="-118.82508">
        <ele>2482.0</ele>
      </trkpt>
      <trkpt lat="37.21731" lon="-118.82475">
        <ele>2483.0</ele>
      </trkpt>
      <trkpt lat="37.21678" lon="-118.82431">
        <ele>2483.0</ele>
      </trkpt>
      <trkpt lat="37.21641" lon="-118.82394">
        <ele>2481.0</ele>
      </trkpt>
      <trkpt lat="37.21612" lon="-118.82347">
        <ele>2483.0</ele>
      </trkpt>
      <trkpt lat="37.21609" lon="-118.82328">
        <ele>2483.0</ele>
      </trkpt>
      <trkpt lat="37.21606" lon="-118.82327">
        <ele>2483.0</ele>
      </trkpt>
      <trkpt lat="37.216" lon="-118.82307">
        <ele>2484.0</ele>
      </trkpt>
      <trkpt lat="37.21595" lon="-118.82301">
        <ele>2483.0</ele>
      </trkpt>
      <trkpt lat="37.21584" lon="-118.82293">
        <ele>2483.0</ele>
      </trkpt>
      <trkpt lat="37.21582" lon="-118.82285">
        <ele>2484.0</ele>
      </trkpt>
      <trkpt lat="37.21576" lon="-118.82283">
        <ele>2484.0</ele>
      </trkpt>
      <trkpt lat="37.21573" lon="-118.82271">
        <ele>2484.0</ele>
      </trkpt>
      <trkpt lat="37.21565" lon="-118.82258">
        <ele>2483.0</ele>
      </trkpt>
      <trkpt lat="37.21559" lon="-118.82239">
        <ele>2483.0</ele>
      </trkpt>
      <trkpt lat="37.21542" lon="-118.82207">
        <ele>2485.0</ele>
      </trkpt>
      <trkpt lat="37.21527" lon="-118.82113">
        <ele>2486.0</ele>
      </trkpt>
      <trkpt lat="37.21514" lon="-118.82064">
        <ele>2495.0</ele>
      </trkpt>
      <trkpt lat="37.2148" lon="-118.82004">
        <ele>2488.0</ele>
      </trkpt>
      <trkpt lat="37.21472" lon="-118.8197">
        <ele>2491.0</ele>
      </trkpt>
      <trkpt lat="37.21475" lon="-118.81927">
        <ele>2498.0</ele>
      </trkpt>
      <trkpt lat="37.21471" lon="-118.81909">
        <ele>2498.0</ele>
      </trkpt>
      <trkpt lat="37.21411" lon="-118.81755">
        <ele>2497.0</ele>
      </trkpt>
      <trkpt lat="37.21371" lon="-118.81659">
        <ele>2494.0</ele>
      </trkpt>
      <trkpt lat="37.21349" lon="-118.81622">
        <ele>2502.0</ele>
      </trkpt>
      <trkpt lat="37.21327" lon="-118.81591">
        <ele>2500.0</ele>
      </trkpt>
      <trkpt lat="37.21312" lon="-118.81561">
        <ele>2501.0</ele>
      </trkpt>
      <trkpt lat="37.21296" lon="-118.81517">
        <ele>2506.0</ele>
      </trkpt>
      <trkpt lat="37.21283" lon="-118.81474">
        <ele>2507.0</ele>
      </trkpt>
      <trkpt lat="37.21283" lon="-118.81474">
        <ele>2507.0</ele>
      </trkpt>
      <trkpt lat="37.21278" lon="-118.81466">
        <ele>2507.0</ele>
      </trkpt>
      <trkpt lat="37.21278" lon="-118.81452">
        <ele>2507.0</ele>
      </trkpt>
      <trkpt lat="37.21269" lon="-118.81424">
        <ele>2508.0</ele>
      </trkpt>
      <trkpt lat="37.21258" lon="-118.81417">
        <ele>2507.0</ele>
      </trkpt>
      <trkpt lat="37.21251" lon="-118.81405">
        <ele>2507.0</ele>
      </trkpt>
      <trkpt lat="37.21226" lon="-118.81383">
        <ele>2504.0</ele>
      </trkpt>
      <trkpt lat="37.2121" lon="-118.81359">
        <ele>2507.0</ele>
      </trkpt>
      <trkpt lat="37.21186" lon="-118.81336">
        <ele>2507.0</ele>
      </trkpt>
      <trkpt lat="37.21176" lon="-118.8133">
        <ele>2504.0</ele>
      </trkpt>
      <trkpt lat="37.21167" lon="-118.8131">
        <ele>2509.0</ele>
      </trkpt>
      <trkpt lat="37.21162" lon="-118.81308">
        <ele>2509.0</ele>
      </trkpt>
      <trkpt lat="37.21149" lon="-118.81311">
        <ele>2507.0</ele>
      </trkpt>
      <trkpt lat="37.21138" lon="-118.81308">
        <ele>2507.0</ele>
      </trkpt>
      <trkpt lat="37.21073" lon="-118.81261">
        <ele>2513.0</ele>
      </trkpt>
      <trkpt lat="37.2107" lon="-118.81253">
        <ele>2513.0</ele>
      </trkpt>
      <trkpt lat="37.21063" lon="-118.81255">
        <ele>2515.0</ele>
      </trkpt>
      <trkpt lat="37.21052" lon="-118.8125">
        <ele>2515.0</ele>
      </trkpt>
      <trkpt lat="37.21047" lon="-118.81245">
        <ele>2515.0</ele>
      </trkpt>
      <trkpt lat="37.21034" lon="-118.81221">
        <ele>2515.0</ele>
      </trkpt>
      <trkpt lat="37.2102" lon="-118.81207">
        <ele>2520.0</ele>
      </trkpt>
      <trkpt lat="37.21005" lon="-118.81202">
        <ele>2514.0</ele>
      </trkpt>
      <trkpt lat="37.20967" lon="-118.81165">
        <ele>2514.0</ele>
      </trkpt>
      <trkpt lat="37.20926" lon="-118.81113">
        <ele>2521.0</ele>
      </trkpt>
      <trkpt lat="37.20912" lon="-118.81114">
        <ele>2521.0</ele>
      </trkpt>
      <trkpt lat="37.20904" lon="-118.81108">
        <ele>2521.0</ele>
      </trkpt>
      <trkpt lat="37.20895" lon="-118.81095">
        <ele>2522.0</ele>
      </trkpt>
      <trkpt lat="37.20883" lon="-118.8109">
        <ele>2522.0</ele>
      </trkpt>
      <trkpt lat="37.20881" lon="-118.81078">
        <ele>2522.0</ele>
      </trkpt>
      <trkpt lat="37.20868" lon="-118.81067">
        <ele>2522.0</ele>
      </trkpt>
      <trkpt lat="37.20837" lon="-118.81028">
        <ele>2527.0</ele>
      </trkpt>
      <trkpt lat="37.20833" lon="-118.81027">
        <ele>2527.0</ele>
      </trkpt>
      <trkpt lat="37.20829" lon="-118.81021">
        <ele>2527.0</ele>
      </trkpt>
      <trkpt lat="37.20819" lon="-118.81017">
        <ele>2528.0</ele>
      </trkpt>
      <trkpt lat="37.20809" lon="-118.80998">
        <ele>2530.0</ele>
      </trkpt>
      <trkpt lat="37.20793" lon="-118.80996">
        <ele>2530.0</ele>
      </trkpt>
      <trkpt lat="37.20790238284081" lon="-118.8099429036634">
        <ele>2533.0</ele>
      </trkpt>
      <trkpt lat="37.20790238287418" lon="-118.8099429036634">
        <ele>2533.0</ele>
      </trkpt>
      <trkpt lat="37.20772" lon="-118.80983">
        <ele>2538.0</ele>
      </trkpt>
      <trkpt lat="37.20763" lon="-118.80983">
        <ele>2535.0</ele>
      </trkpt>
      <trkpt lat="37.20746" lon="-118.80969">
        <ele>2535.0</ele>
      </trkpt>
      <trkpt lat="37.20734" lon="-118.80966">
        <ele>2532.0</ele>
      </trkpt>
      <trkpt lat="37.20729" lon="-118.80961">
        <ele>2532.0</ele>
      </trkpt>
      <trkpt lat="37.20726" lon="-118.80952">
        <ele>2538.0</ele>
      </trkpt>
      <trkpt lat="37.2071" lon="-118.80954">
        <ele>2538.0</ele>
      </trkpt>
      <trkpt lat="37.20707" lon="-118.80951">
        <ele>2535.0</ele>
      </trkpt>
      <trkpt lat="37.20692" lon="-118.8095">
        <ele>2535.0</ele>
      </trkpt>
      <trkpt lat="37.20659" lon="-118.8093">
        <ele>2533.0</ele>
      </trkpt>
      <trkpt lat="37.20648" lon="-118.80919">
        <ele>2526.0</ele>
      </trkpt>
      <trkpt lat="37.20644" lon="-118.80913">
        <ele>2526.0</ele>
      </trkpt>
      <trkpt lat="37.20637" lon="-118.80888">
        <ele>2531.0</ele>
      </trkpt>
      <trkpt lat="37.20633" lon="-118.8088">
        <ele>2531.0</ele>
      </trkpt>
      <trkpt lat="37.20607" lon="-118.80863">
        <ele>2531.0</ele>
      </trkpt>
      <trkpt lat="37.20595" lon="-118.80844">
        <ele>2533.0</ele>
      </trkpt>
      <trkpt lat="37.20585" lon="-118.80834">
        <ele>2533.0</ele>
      </trkpt>
      <trkpt lat="37.20578" lon="-118.80802">
        <ele>2539.0</ele>
      </trkpt>
      <trkpt lat="37.20562" lon="-118.80778">
        <ele>2539.0</ele>
      </trkpt>
      <trkpt lat="37.20539" lon="-118.80714">
        <ele>2539.0</ele>
      </trkpt>
      <trkpt lat="37.20509" lon="-118.80673">
        <ele>2540.0</ele>
      </trkpt>
      <trkpt lat="37.20494" lon="-118.80615">
        <ele>2546.0</ele>
      </trkpt>
      <trkpt lat="37.20494" lon="-118.80615">
        <ele>2546.0</ele>
      </trkpt>
      <trkpt lat="37.20487" lon="-118.8057">
        <ele>2554.0</ele>
      </trkpt>
      <trkpt lat="37.20468" lon="-118.80559">
        <ele>2552.0</ele>
      </trkpt>
      <trkpt lat="37.20462" lon="-118.80548">
        <ele>2552.0</ele>
      </trkpt>
      <trkpt lat="37.20458" lon="-118.80496">
        <ele>2547.0</ele>
      </trkpt>
      <trkpt lat="37.20449" lon="-118.80478">
        <ele>2547.0</ele>
      </trkpt>
      <trkpt lat="37.20444" lon="-118.8046">
        <ele>2547.0</ele>
      </trkpt>
      <trkpt lat="37.20437" lon="-118.80449">
        <ele>2548.0</ele>
      </trkpt>
      <trkpt lat="37.20433" lon="-118.80432">
        <ele>2548.0</ele>
      </trkpt>
      <trkpt lat="37.2043" lon="-118.80402">
        <ele>2551.0</ele>
      </trkpt>
      <trkpt lat="37.2043" lon="-118.80388">
        <ele>2551.0</ele>
      </trkpt>
      <trkpt lat="37.20424" lon="-118.80343">
        <ele>2555.0</ele>
      </trkpt>
      <trkpt lat="37.20419" lon="-118.80327">
        <ele>2555.0</ele>
      </trkpt>
      <trkpt lat="37.20411" lon="-118.80314">
        <ele>2555.0</ele>
      </trkpt>
      <trkpt lat="37.20384" lon="-118.8029">
        <ele>2553.0</ele>
      </trkpt>
      <trkpt lat="37.2037" lon="-118.80269">
        <ele>2554.0</ele>
      </trkpt>
      <trkpt lat="37.20355" lon="-118.80208">
        <ele>2553.0</ele>
      </trkpt>
      <trkpt lat="37.20353" lon="-118.80158">
        <ele>2552.0</ele>
      </trkpt>
      <trkpt lat="37.20332" lon="-118.80088">
        <ele>2555.0</ele>
      </trkpt>
      <trkpt lat="37.20326" lon="-118.80087">
        <ele>2555.0</ele>
      </trkpt>
      <trkpt lat="37.20326" lon="-118.80087">
        <ele>2555.0</ele>
      </trkpt>
      <trkpt lat="37.20309" lon="-118.80096">
        <ele>2553.0</ele>
      </trkpt>
      <trkpt lat="37.20309" lon="-118.80096">
        <ele>2553.0</ele>
      </trkpt>
      <trkpt lat="37.20305" lon="-118.80097">
        <ele>2553.0</ele>
      </trkpt>
      <trkpt lat="37.20299" lon="-118.80094">
        <ele>2553.0</ele>
      </trkpt>
      <trkpt lat="37.20292" lon="-118.80083">
        <ele>2553.0</ele>
      </trkpt>
      <trkpt lat="37.2028" lon="-118.80072">
        <ele>2548.0</ele>
      </trkpt>
      <trkpt lat="37.20253" lon="-118.80055">
        <ele>2549.0</ele>
      </trkpt>
      <trkpt lat="37.20229" lon="-118.80029">
        <ele>2553.0</ele>
      </trkpt>
      <trkpt lat="37.20222" lon="-118.80017">
        <ele>2553.0</ele>
      </trkpt>
      <trkpt lat="37.20204" lon="-118.80003">
        <ele>2554.0</ele>
      </trkpt>
      <trkpt lat="37.20181" lon="-118.79972">
        <ele>2551.0</ele>
      </trkpt>
      <trkpt lat="37.20169" lon="-118.79969">
        <ele>2554.0</ele>
      </trkpt>
      <trkpt lat="37.20162" lon="-118.79974">
        <ele>2554.0</ele>
      </trkpt>
      <trkpt lat="37.20157" lon="-118.79971">
        <ele>2554.0</ele>
      </trkpt>
      <trkpt lat="37.20152" lon="-118.79961">
        <ele>2555.0</ele>
      </trkpt>
      <trkpt lat="37.20125" lon="-118.79935">
        <ele>2559.0</ele>
      </trkpt>
      <trkpt lat="37.2011" lon="-118.79926">
        <ele>2556.0</ele>
      </trkpt>
      <trkpt lat="37.201" lon="-118.79914">
        <ele>2556.0</ele>
      </trkpt>
      <trkpt lat="37.20051" lon="-118.79874">
        <ele>2556.0</ele>
      </trkpt>
      <trkpt lat="37.20034" lon="-118.79855">
        <ele>2558.0</ele>
      </trkpt>
      <trkpt lat="37.20023" lon="-118.79847">
        <ele>2556.0</ele>
      </trkpt>
      <trkpt lat="37.20009" lon="-118.79842">
        <ele>2555.0</ele>
      </trkpt>
      <trkpt lat="37.19933" lon="-118.79837">
        <ele>2558.0</ele>
      </trkpt>
      <trkpt lat="37.19902" lon="-118.79822">
        <ele>2566.0</ele>
      </trkpt>
      <trkpt lat="37.19869" lon="-118.79812">
        <ele>2562.0</ele>
      </trkpt>
      <trkpt lat="37.19824" lon="-118.79815">
        <ele>2562.0</ele>
      </trkpt>
      <trkpt lat="37.19807" lon="-118.79835">
        <ele>2566.0</ele>
      </trkpt>
      <trkpt lat="37.19791" lon="-118.79848">
        <ele>2574.0</ele>
      </trkpt>
      <trkpt lat="37.1978" lon="-118.79853">
        <ele>2574.0</ele>
      </trkpt>
      <trkpt lat="37.19751" lon="-118.79853">
        <ele>2571.0</ele>
      </trkpt>
      <trkpt lat="37.1973" lon="-118.79847">
        <ele>2564.0</ele>
      </trkpt>
      <trkpt lat="37.19713" lon="-118.7985">
        <ele>2571.0</ele>
      </trkpt>
      <trkpt lat="37.19691" lon="-118.79846">
        <ele>2564.0</ele>
      </trkpt>
      <trkpt lat="37.1967" lon="-118.79838">
        <ele>2569.0</ele>
      </trkpt>
      <trkpt lat="37.19638" lon="-118.79818">
        <ele>2572.0</ele>
      </trkpt>
      <trkpt lat="37.19575" lon="-118.79815">
        <ele>2580.0</ele>
      </trkpt>
      <trkpt lat="37.19533" lon="-118.79801">
        <ele>2588.0</ele>
      </trkpt>
      <trkpt lat="37.19533" lon="-118.79801">
        <ele>2588.0</ele>
      </trkpt>
      <trkpt lat="37.19514" lon="-118.79795">
        <ele>2588.0</ele>
      </trkpt>
      <trkpt lat="37.19461" lon="-118.79742">
        <ele>2586.0</ele>
      </trkpt>
      <trkpt lat="37.19457" lon="-118.79725">
        <ele>2585.0</ele>
      </trkpt>
      <trkpt lat="37.19456" lon="-118.79709">
        <ele>2585.0</ele>
      </trkpt>
      <trkpt lat="37.1945" lon="-118.79693">
        <ele>2584.0</ele>
      </trkpt>
      <trkpt lat="37.19441" lon="-118.7968">
        <ele>2584.0</ele>
      </trkpt>
      <trkpt lat="37.19436" lon="-118.79626">
        <ele>2583.0</ele>
      </trkpt>
      <trkpt lat="37.1943" lon="-118.79612">
        <ele>2579.0</ele>
      </trkpt>
      <trkpt lat="37.19414" lon="-118.79596">
        <ele>2578.0</ele>
      </trkpt>
      <trkpt lat="37.19404" lon="-118.79582">
        <ele>2578.0</ele>
      </trkpt>
      <trkpt lat="37.19391" lon="-118.79575">
        <ele>2577.0</ele>
      </trkpt>
      <trkpt lat="37.19374" lon="-118.79572">
        <ele>2578.0</ele>
      </trkpt>
      <trkpt lat="37.19363" lon="-118.79563">
        <ele>2578.0</ele>
      </trkpt>
      <trkpt lat="37.19354" lon="-118.79567">
        <ele>2578.0</ele>
      </trkpt>
      <trkpt lat="37.19333" lon="-118.79557">
        <ele>2576.0</ele>
      </trkpt>
      <trkpt lat="37.19329" lon="-118.79554">
        <ele>2576.0</ele>
      </trkpt>
      <trkpt lat="37.19314" lon="-118.79526">
        <ele>2576.0</ele>
      </trkpt>
      <trkpt lat="37.19302" lon="-118.79515">
        <ele>2576.0</ele>
      </trkpt>
      <trkpt lat="37.19286" lon="-118.79508">
        <ele>2577.0</ele>
      </trkpt>
      <trkpt lat="37.19283" lon="-118.79501">
        <ele>2577.0</ele>
      </trkpt>
      <trkpt lat="37.19283" lon="-118.79501">
        <ele>2577.0</ele>
      </trkpt>
      <trkpt lat="37.19285" lon="-118.79488">
        <ele>2577.0</ele>
      </trkpt>
      <trkpt lat="37.19285" lon="-118.79488">
        <ele>2577.0</ele>
      </trkpt>
      <trkpt lat="37.19287" lon="-118.79476">
        <ele>2579.0</ele>
      </trkpt>
      <trkpt lat="37.19292" lon="-118.79473">
        <ele>2579.0</ele>
      </trkpt>
      <trkpt lat="37.19302" lon="-118.79471">
        <ele>2579.0</ele>
      </trkpt>
      <trkpt lat="37.19314" lon="-118.79475">
        <ele>2579.0</ele>
      </trkpt>
      <trkpt lat="37.19322" lon="-118.79468">
        <ele>2583.0</ele>
      </trkpt>
      <trkpt lat="37.1935" lon="-118.79459">
        <ele>2583.0</ele>
      </trkpt>
      <trkpt lat="37.19364" lon="-118.79463">
        <ele>2583.0</ele>
      </trkpt>
      <trkpt lat="37.19369" lon="-118.79468">
        <ele>2583.0</ele>
      </trkpt>
      <trkpt lat="37.19383" lon="-118.7947">
        <ele>2583.0</ele>
      </trkpt>
      <trkpt lat="37.19405" lon="-118.79478">
        <ele>2583.0</ele>
      </trkpt>
      <trkpt lat="37.19533" lon="-118.79493">
        <ele>2581.0</ele>
      </trkpt>
      <trkpt lat="37.19533" lon="-118.79493">
        <ele>2581.0</ele>
      </trkpt>
      <trkpt lat="37.19566" lon="-118.79478">
        <ele>2584.0</ele>
      </trkpt>
      <trkpt lat="37.19566" lon="-118.79471">
        <ele>2584.0</ele>
      </trkpt>
      <trkpt lat="37.1955" lon="-118.79469">
        <ele>2584.0</ele>
      </trkpt>
      <trkpt lat="37.19553" lon="-118.79464">
        <ele>2584.0</ele>
      </trkpt>
      <trkpt lat="37.19563" lon="-118.79462">
        <ele>2584.0</ele>
      </trkpt>
      <trkpt lat="37.19561" lon="-118.79459">
        <ele>2584.0</ele>
      </trkpt>
      <trkpt lat="37.19533" lon="-118.7945">
        <ele>2592.0</ele>
      </trkpt>
      <trkpt lat="37.19533" lon="-118.7945">
        <ele>2592.0</ele>
      </trkpt>
      <trkpt lat="37.19529" lon="-118.79449">
        <ele>2592.0</ele>
      </trkpt>
      <trkpt lat="37.19529" lon="-118.79446">
        <ele>2592.0</ele>
      </trkpt>
      <trkpt lat="37.19533" lon="-118.79445">
        <ele>2592.0</ele>
      </trkpt>
      <trkpt lat="37.19533" lon="-118.79445">
        <ele>2592.0</ele>
      </trkpt>
      <trkpt lat="37.19547" lon="-118.79438">
        <ele>2593.0</ele>
      </trkpt>
      <trkpt lat="37.19533" lon="-118.79434">
        <ele>2592.0</ele>
      </trkpt>
      <trkpt lat="37.19533" lon="-118.79434">
        <ele>2592.0</ele>
      </trkpt>
      <trkpt lat="37.19502" lon="-118.7943">
        <ele>2603.0</ele>
      </trkpt>
      <trkpt lat="37.195" lon="-118.79428">
        <ele>2603.0</ele>
      </trkpt>
      <trkpt lat="37.19507" lon="-118.79417">
        <ele>2603.0</ele>
      </trkpt>
      <trkpt lat="37.19506" lon="-118.79415">
        <ele>2603.0</ele>
      </trkpt>
      <trkpt lat="37.19492" lon="-118.79416">
        <ele>2603.0</ele>
      </trkpt>
      <trkpt lat="37.19474" lon="-118.79399">
        <ele>2612.0</ele>
      </trkpt>
      <trkpt lat="37.19456" lon="-118.79392">
        <ele>2608.0</ele>
      </trkpt>
      <trkpt lat="37.19464" lon="-118.79383">
        <ele>2612.0</ele>
      </trkpt>
      <trkpt lat="37.19483" lon="-118.79371">
        <ele>2629.0</ele>
      </trkpt>
      <trkpt lat="37.19479" lon="-118.79368">
        <ele>2629.0</ele>
      </trkpt>
      <trkpt lat="37.19454" lon="-118.79366">
        <ele>2628.0</ele>
      </trkpt>
      <trkpt lat="37.19452" lon="-118.79363">
        <ele>2628.0</ele>
      </trkpt>
      <trkpt lat="37.19455" lon="-118.79358">
        <ele>2628.0</ele>
      </trkpt>
      <trkpt lat="37.19471" lon="-118.79348">
        <ele>2629.0</ele>
      </trkpt>
      <trkpt lat="37.19464" lon="-118.79347">
        <ele>2643.0</ele>
      </trkpt>
      <trkpt lat="37.19463" lon="-118.79343">
        <ele>2643.0</ele>
      </trkpt>
      <trkpt lat="37.19439" lon="-118.79345">
        <ele>2644.0</ele>
      </trkpt>
      <trkpt lat="37.19419" lon="-118.79341">
        <ele>2643.0</ele>
      </trkpt>
      <trkpt lat="37.19419" lon="-118.79337">
        <ele>2643.0</ele>
      </trkpt>
      <trkpt lat="37.19443" lon="-118.79322">
        <ele>2644.0</ele>
      </trkpt>
      <trkpt lat="37.19442" lon="-118.79317">
        <ele>2657.0</ele>
      </trkpt>
      <trkpt lat="37.19431" lon="-118.79312">
        <ele>2657.0</ele>
      </trkpt>
      <trkpt lat="37.19417" lon="-118.79314">
        <ele>2659.0</ele>
      </trkpt>
      <trkpt lat="37.19415" lon="-118.79311">
        <ele>2659.0</ele>
      </trkpt>
      <trkpt lat="37.1942" lon="-118.79303">
        <ele>2659.0</ele>
      </trkpt>
      <trkpt lat="37.19413" lon="-118.79301">
        <ele>2659.0</ele>
      </trkpt>
      <trkpt lat="37.19376" lon="-118.793">
        <ele>2655.0</ele>
      </trkpt>
      <trkpt lat="37.19374" lon="-118.79297">
        <ele>2646.0</ele>
      </trkpt>
      <trkpt lat="37.19378" lon="-118.79292">
        <ele>2655.0</ele>
      </trkpt>
      <trkpt lat="37.19402" lon="-118.79286">
        <ele>2670.0</ele>
      </trkpt>
      <trkpt lat="37.19403" lon="-118.79283">
        <ele>2672.0</ele>
      </trkpt>
      <trkpt lat="37.19383" lon="-118.79279">
        <ele>2670.0</ele>
      </trkpt>
      <trkpt lat="37.19363" lon="-118.79267">
        <ele>2666.0</ele>
      </trkpt>
      <trkpt lat="37.19343" lon="-118.79259">
        <ele>2682.0</ele>
      </trkpt>
      <trkpt lat="37.1933" lon="-118.79258">
        <ele>2682.0</ele>
      </trkpt>
      <trkpt lat="37.19326" lon="-118.79254">
        <ele>2682.0</ele>
      </trkpt>
      <trkpt lat="37.19327" lon="-118.7925">
        <ele>2682.0</ele>
      </trkpt>
      <trkpt lat="37.19354" lon="-118.79245">
        <ele>2682.0</ele>
      </trkpt>
      <trkpt lat="37.19433" lon="-118.79241">
        <ele>2681.0</ele>
      </trkpt>
      <trkpt lat="37.19443" lon="-118.79231">
        <ele>2693.0</ele>
      </trkpt>
      <trkpt lat="37.19467" lon="-118.79233">
        <ele>2689.0</ele>
      </trkpt>
      <trkpt lat="37.19482" lon="-118.79224">
        <ele>2689.0</ele>
      </trkpt>
      <trkpt lat="37.19478" lon="-118.79181">
        <ele>2696.0</ele>
      </trkpt>
      <trkpt lat="37.19479" lon="-118.79174">
        <ele>2702.0</ele>
      </trkpt>
      <trkpt lat="37.19486" lon="-118.79167">
        <ele>2702.0</ele>
      </trkpt>
      <trkpt lat="37.19483" lon="-118.79159">
        <ele>2702.0</ele>
      </trkpt>
      <trkpt lat="37.1944" lon="-118.79169">
        <ele>2707.0</ele>
      </trkpt>
      <trkpt lat="37.19413" lon="-118.79158">
        <ele>2712.0</ele>
      </trkpt>
      <trkpt lat="37.19414" lon="-118.79152">
        <ele>2722.0</ele>
      </trkpt>
      <trkpt lat="37.19421" lon="-118.79145">
        <ele>2722.0</ele>
      </trkpt>
      <trkpt lat="37.19445" lon="-118.79137">
        <ele>2717.0</ele>
      </trkpt>
      <trkpt lat="37.19452" lon="-118.79128">
        <ele>2717.0</ele>
      </trkpt>
      <trkpt lat="37.19464" lon="-118.79079">
        <ele>2726.0</ele>
      </trkpt>
      <trkpt lat="37.19485" lon="-118.79026">
        <ele>2740.0</ele>
      </trkpt>
      <trkpt lat="37.19495" lon="-118.79008">
        <ele>2736.0</ele>
      </trkpt>
      <trkpt lat="37.19515" lon="-118.78995">
        <ele>2731.0</ele>
      </trkpt>
      <trkpt lat="37.19533" lon="-118.78971">
        <ele>2739.0</ele>
      </trkpt>
      <trkpt lat="37.19533" lon="-118.78971">
        <ele>2739.0</ele>
      </trkpt>
      <trkpt lat="37.19549" lon="-118.78961">
        <ele>2737.0</ele>
      </trkpt>
      <trkpt lat="37.19584" lon="-118.78928">
        <ele>2749.0</ele>
      </trkpt>
      <trkpt lat="37.19585" lon="-118.78923">
        <ele>2749.0</ele>
      </trkpt>
      <trkpt lat="37.19583" lon="-118.78921">
        <ele>2749.0</ele>
      </trkpt>
      <trkpt lat="37.19568" lon="-118.78924">
        <ele>2748.0</ele>
      </trkpt>
      <trkpt lat="37.19533" lon="-118.78921">
        <ele>2752.0</ele>
      </trkpt>
      <trkpt lat="37.19533" lon="-118.78921">
        <ele>2752.0</ele>
      </trkpt>
      <trkpt lat="37.1953" lon="-118.78919">
        <ele>2752.0</ele>
      </trkpt>
      <trkpt lat="37.19533" lon="-118.78914">
        <ele>2752.0</ele>
      </trkpt>
      <trkpt lat="37.19533" lon="-118.78914">
        <ele>2752.0</ele>
      </trkpt>
      <trkpt lat="37.19546" lon="-118.78896">
        <ele>2754.0</ele>
      </trkpt>
      <trkpt lat="37.19553" lon="-118.78882">
        <ele>2754.0</ele>
      </trkpt>
      <trkpt lat="37.19553" lon="-118.78879">
        <ele>2754.0</ele>
      </trkpt>
      <trkpt lat="37.19539" lon="-118.78883">
        <ele>2761.0</ele>
      </trkpt>
      <trkpt lat="37.19548" lon="-118.78858">
        <ele>2763.0</ele>
      </trkpt>
      <trkpt lat="37.19548" lon="-118.7885">
        <ele>2763.0</ele>
      </trkpt>
      <trkpt lat="37.19538" lon="-118.78805">
        <ele>2775.0</ele>
      </trkpt>
      <trkpt lat="37.19534" lon="-118.78796">
        <ele>2775.0</ele>
      </trkpt>
      <trkpt lat="37.19533" lon="-118.78783">
        <ele>2775.0</ele>
      </trkpt>
      <trkpt lat="37.19533" lon="-118.78783">
        <ele>2775.0</ele>
      </trkpt>
      <trkpt lat="37.19533" lon="-118.78772">
        <ele>2775.0</ele>
      </trkpt>
      <trkpt lat="37.19513" lon="-118.78737">
        <ele>2784.0</ele>
      </trkpt>
      <trkpt lat="37.19518" lon="-118.78714">
        <ele>2777.0</ele>
      </trkpt>
      <trkpt lat="37.19515" lon="-118.78679">
        <ele>2780.0</ele>
      </trkpt>
      <trkpt lat="37.19516" lon="-118.78667">
        <ele>2780.0</ele>
      </trkpt>
      <trkpt lat="37.19524" lon="-118.78647">
        <ele>2783.0</ele>
      </trkpt>
      <trkpt lat="37.19533" lon="-118.78636">
        <ele>2783.0</ele>
      </trkpt>
      <trkpt lat="37.19533" lon="-118.78636">
        <ele>2783.0</ele>
      </trkpt>
      <trkpt lat="37.19559" lon="-118.78589">
        <ele>2787.0</ele>
      </trkpt>
      <trkpt lat="37.19566" lon="-118.78568">
        <ele>2788.0</ele>
      </trkpt>
      <trkpt lat="37.19566" lon="-118.78563">
        <ele>2788.0</ele>
      </trkpt>
      <trkpt lat="37.19559" lon="-118.78558">
        <ele>2788.0</ele>
      </trkpt>
      <trkpt lat="37.19561" lon="-118.78552">
        <ele>2788.0</ele>
      </trkpt>
      <trkpt lat="37.1957" lon="-118.78546">
        <ele>2790.0</ele>
      </trkpt>
      <trkpt lat="37.19575" lon="-118.7853">
        <ele>2791.0</ele>
      </trkpt>
      <trkpt lat="37.19573" lon="-118.78514">
        <ele>2791.0</ele>
      </trkpt>
      <trkpt lat="37.19566" lon="-118.78504">
        <ele>2791.0</ele>
      </trkpt>
      <trkpt lat="37.19548" lon="-118.78464">
        <ele>2792.0</ele>
      </trkpt>
      <trkpt lat="37.19533" lon="-118.78441">
        <ele>2796.0</ele>
      </trkpt>
      <trkpt lat="37.19533" lon="-118.78441">
        <ele>2796.0</ele>
      </trkpt>
      <trkpt lat="37.19517" lon="-118.78418">
        <ele>2796.0</ele>
      </trkpt>
      <trkpt lat="37.19517" lon="-118.78418">
        <ele>2796.0</ele>
      </trkpt>
      <trkpt lat="37.19511" lon="-118.78411">
        <ele>2804.0</ele>
      </trkpt>
      <trkpt lat="37.19498" lon="-118.78378">
        <ele>2802.0</ele>
      </trkpt>
      <trkpt lat="37.19498" lon="-118.78344">
        <ele>2804.0</ele>
      </trkpt>
      <trkpt lat="37.19506" lon="-118.78325">
        <ele>2804.0</ele>
      </trkpt>
      <trkpt lat="37.19506" lon="-118.78308">
        <ele>2807.0</ele>
      </trkpt>
      <trkpt lat="37.19503" lon="-118.78304">
        <ele>2807.0</ele>
      </trkpt>
      <trkpt lat="37.19502" lon="-118.7829">
        <ele>2808.0</ele>
      </trkpt>
      <trkpt lat="37.19491" lon="-118.78261">
        <ele>2810.0</ele>
      </trkpt>
      <trkpt lat="37.1949" lon="-118.78236">
        <ele>2811.0</ele>
      </trkpt>
      <trkpt lat="37.19492" lon="-118.78224">
        <ele>2811.0</ele>
      </trkpt>
      <trkpt lat="37.19502" lon="-118.78203">
        <ele>2812.0</ele>
      </trkpt>
      <trkpt lat="37.19505" lon="-118.78188">
        <ele>2812.0</ele>
      </trkpt>
      <trkpt lat="37.19533" lon="-118.78181">
        <ele>2807.0</ele>
      </trkpt>
      <trkpt lat="37.19533" lon="-118.78181">
        <ele>2807.0</ele>
      </trkpt>
      <trkpt lat="37.1956" lon="-118.78177">
        <ele>2809.0</ele>
      </trkpt>
      <trkpt lat="37.1956" lon="-118.78177">
        <ele>2809.0</ele>
      </trkpt>
      <trkpt lat="37.1956" lon="-118.78177">
        <ele>2809.0</ele>
      </trkpt>
      <trkpt lat="37.19573" lon="-118.78147">
        <ele>2810.0</ele>
      </trkpt>
      <trkpt lat="37.19588" lon="-118.7804">
        <ele>2810.0</ele>
      </trkpt>
      <trkpt lat="37.19612" lon="-118.77987">
        <ele>2810.0</ele>
      </trkpt>
      <trkpt lat="37.19567" lon="-118.77871">
        <ele>2815.0</ele>
      </trkpt>
      <trkpt lat="37.19533" lon="-118.77874">
        <ele>2816.0</ele>
      </trkpt>
      <trkpt lat="37.19533" lon="-118.77874">
        <ele>2816.0</ele>
      </trkpt>
      <trkpt lat="37.19513" lon="-118.77865">
        <ele>2817.0</ele>
      </trkpt>
      <trkpt lat="37.195" lon="-118.778">
        <ele>2816.0</ele>
      </trkpt>
      <trkpt lat="37.19468" lon="-118.77744">
        <ele>2814.0</ele>
      </trkpt>
      <trkpt lat="37.19449" lon="-118.77667">
        <ele>2809.0</ele>
      </trkpt>
      <trkpt lat="37.19452" lon="-118.77613">
        <ele>2811.0</ele>
      </trkpt>
      <trkpt lat="37.19459" lon="-118.77564">
        <ele>2807.0</ele>
      </trkpt>
      <trkpt lat="37.19489" lon="-118.77511">
        <ele>2808.0</ele>
      </trkpt>
      <trkpt lat="37.19519" lon="-118.77485">
        <ele>2808.0</ele>
      </trkpt>
      <trkpt lat="37.19526" lon="-118.77461">
        <ele>2808.0</ele>
      </trkpt>
      <trkpt lat="37.19524" lon="-118.77432">
        <ele>2806.0</ele>
      </trkpt>
      <trkpt lat="37.19514" lon="-118.77382">
        <ele>2804.0</ele>
      </trkpt>
      <trkpt lat="37.19506" lon="-118.77349">
        <ele>2806.0</ele>
      </trkpt>
      <trkpt lat="37.19493" lon="-118.77324">
        <ele>2807.0</ele>
      </trkpt>
      <trkpt lat="37.19489" lon="-118.773">
        <ele>2805.0</ele>
      </trkpt>
      <trkpt lat="37.19489" lon="-118.773">
        <ele>2805.0</ele>
      </trkpt>
      <trkpt lat="37.19477" lon="-118.7729">
        <ele>2809.0</ele>
      </trkpt>
      <trkpt lat="37.19467" lon="-118.77268">
        <ele>2809.0</ele>
      </trkpt>
      <trkpt lat="37.19468" lon="-118.7725">
        <ele>2812.0</ele>
      </trkpt>
      <trkpt lat="37.19457" lon="-118.77215">
        <ele>2818.0</ele>
      </trkpt>
      <trkpt lat="37.19451" lon="-118.77179">
        <ele>2822.0</ele>
      </trkpt>
      <trkpt lat="37.19412" lon="-118.77108">
        <ele>2830.0</ele>
      </trkpt>
      <trkpt lat="37.19398" lon="-118.77089">
        <ele>2833.0</ele>
      </trkpt>
      <trkpt lat="37.19397" lon="-118.77043">
        <ele>2834.0</ele>
      </trkpt>
      <trkpt lat="37.19391" lon="-118.7703">
        <ele>2835.0</ele>
      </trkpt>
      <trkpt lat="37.19388" lon="-118.77007">
        <ele>2834.0</ele>
      </trkpt>
      <trkpt lat="37.19371" lon="-118.76983">
        <ele>2833.0</ele>
      </trkpt>
      <trkpt lat="37.19362" lon="-118.76959">
        <ele>2833.0</ele>
      </trkpt>
      <trkpt lat="37.19354" lon="-118.76957">
        <ele>2834.0</ele>
      </trkpt>
      <trkpt lat="37.1933" lon="-118.76934">
        <ele>2832.0</ele>
      </trkpt>
      <trkpt lat="37.19315" lon="-118.76903">
        <ele>2829.0</ele>
      </trkpt>
      <trkpt lat="37.19317" lon="-118.76865">
        <ele>2829.0</ele>
      </trkpt>
      <trkpt lat="37.19314" lon="-118.76848">
        <ele>2829.0</ele>
      </trkpt>
      <trkpt lat="37.19308" lon="-118.76835">
        <ele>2830.0</ele>
      </trkpt>
      <trkpt lat="37.19309" lon="-118.76822">
        <ele>2830.0</ele>
      </trkpt>
      <trkpt lat="37.19303" lon="-118.76799">
        <ele>2833.0</ele>
      </trkpt>
      <trkpt lat="37.19304" lon="-118.7678">
        <ele>2837.0</ele>
      </trkpt>
      <trkpt lat="37.19299" lon="-118.76765">
        <ele>2837.0</ele>
      </trkpt>
      <trkpt lat="37.19289" lon="-118.76685">
        <ele>2844.0</ele>
      </trkpt>
      <trkpt lat="37.193" lon="-118.76642">
        <ele>2850.0</ele>
      </trkpt>
      <trkpt lat="37.19292" lon="-118.76585">
        <ele>2852.0</ele>
      </trkpt>
      <trkpt lat="37.19276" lon="-118.76548">
        <ele>2853.0</ele>
      </trkpt>
      <trkpt lat="37.19269" lon="-118.76512">
        <ele>2856.0</ele>
      </trkpt>
      <trkpt lat="37.19265" lon="-118.76507">
        <ele>2856.0</ele>
      </trkpt>
      <trkpt lat="37.19254" lon="-118.76498">
        <ele>2858.0</ele>
      </trkpt>
      <trkpt lat="37.19234" lon="-118.7649">
        <ele>2859.0</ele>
      </trkpt>
      <trkpt lat="37.19232" lon="-118.76482">
        <ele>2861.0</ele>
      </trkpt>
      <trkpt lat="37.1922" lon="-118.76468">
        <ele>2861.0</ele>
      </trkpt>
      <trkpt lat="37.19219" lon="-118.76462">
        <ele>2861.0</ele>
      </trkpt>
      <trkpt lat="37.19224" lon="-118.76449">
        <ele>2864.0</ele>
      </trkpt>
      <trkpt lat="37.19226" lon="-118.76447">
        <ele>2864.0</ele>
      </trkpt>
      <trkpt lat="37.1924" lon="-118.76448">
        <ele>2863.0</ele>
      </trkpt>
      <trkpt lat="37.1924" lon="-118.76445">
        <ele>2863.0</ele>
      </trkpt>
      <trkpt lat="37.1924" lon="-118.76437">
        <ele>2863.0</ele>
      </trkpt>
      <trkpt lat="37.19232" lon="-118.76421">
        <ele>2866.0</ele>
      </trkpt>
      <trkpt lat="37.19241" lon="-118.76404">
        <ele>2867.0</ele>
      </trkpt>
      <trkpt lat="37.19234" lon="-118.76388">
        <ele>2869.0</ele>
      </trkpt>
      <trkpt lat="37.1924" lon="-118.76356">
        <ele>2873.0</ele>
      </trkpt>
      <trkpt lat="37.19232" lon="-118.76327">
        <ele>2873.0</ele>
      </trkpt>
      <trkpt lat="37.19228" lon="-118.76292">
        <ele>2875.0</ele>
      </trkpt>
      <trkpt lat="37.19224" lon="-118.76286">
        <ele>2879.0</ele>
      </trkpt>
      <trkpt lat="37.1921" lon="-118.76277">
        <ele>2879.0</ele>
      </trkpt>
      <trkpt lat="37.19187" lon="-118.76221">
        <ele>2886.0</ele>
      </trkpt>
      <trkpt lat="37.19187" lon="-118.76221">
        <ele>2886.0</ele>
      </trkpt>
      <trkpt lat="37.19182" lon="-118.76198">
        <ele>2889.0</ele>
      </trkpt>
      <trkpt lat="37.19177" lon="-118.76194">
        <ele>2888.0</ele>
      </trkpt>
      <trkpt lat="37.19174" lon="-118.76186">
        <ele>2888.0</ele>
      </trkpt>
      <trkpt lat="37.19171" lon="-118.76162">
        <ele>2888.0</ele>
      </trkpt>
      <trkpt lat="37.1917" lon="-118.76122">
        <ele>2887.0</ele>
      </trkpt>
      <trkpt lat="37.19164" lon="-118.76096">
        <ele>2887.0</ele>
      </trkpt>
      <trkpt lat="37.19154" lon="-118.76085">
        <ele>2887.0</ele>
      </trkpt>
      <trkpt lat="37.19151" lon="-118.76077">
        <ele>2880.0</ele>
      </trkpt>
      <trkpt lat="37.19149" lon="-118.76043">
        <ele>2882.0</ele>
      </trkpt>
      <trkpt lat="37.19141" lon="-118.76015">
        <ele>2887.0</ele>
      </trkpt>
      <trkpt lat="37.19136" lon="-118.76002">
        <ele>2890.0</ele>
      </trkpt>
      <trkpt lat="37.19122" lon="-118.75984">
        <ele>2891.0</ele>
      </trkpt>
      <trkpt lat="37.1912" lon="-118.75978">
        <ele>2891.0</ele>
      </trkpt>
      <trkpt lat="37.19124" lon="-118.75972">
        <ele>2891.0</ele>
      </trkpt>
      <trkpt lat="37.19126" lon="-118.75918">
        <ele>2898.0</ele>
      </trkpt>
      <trkpt lat="37.19131" lon="-118.75887">
        <ele>2900.0</ele>
      </trkpt>
      <trkpt lat="37.1914" lon="-118.7586">
        <ele>2901.0</ele>
      </trkpt>
      <trkpt lat="37.19142" lon="-118.75846">
        <ele>2903.0</ele>
      </trkpt>
      <trkpt lat="37.19139" lon="-118.75836">
        <ele>2903.0</ele>
      </trkpt>
      <trkpt lat="37.19118" lon="-118.75812">
        <ele>2899.0</ele>
      </trkpt>
      <trkpt lat="37.19099" lon="-118.75796">
        <ele>2899.0</ele>
      </trkpt>
      <trkpt lat="37.19085" lon="-118.7577">
        <ele>2895.0</ele>
      </trkpt>
      <trkpt lat="37.1906" lon="-118.75751">
        <ele>2892.0</ele>
      </trkpt>
      <trkpt lat="37.1904" lon="-118.75719">
        <ele>2895.0</ele>
      </trkpt>
      <trkpt lat="37.19038" lon="-118.75689">
        <ele>2899.0</ele>
      </trkpt>
      <trkpt lat="37.1903" lon="-118.75669">
        <ele>2900.0</ele>
      </trkpt>
      <trkpt lat="37.1901" lon="-118.75651">
        <ele>2898.0</ele>
      </trkpt>
      <trkpt lat="37.18999" lon="-118.75631">
        <ele>2898.0</ele>
      </trkpt>
      <trkpt lat="37.18995" lon="-118.75609">
        <ele>2899.0</ele>
      </trkpt>
      <trkpt lat="37.18992" lon="-118.75571">
        <ele>2901.0</ele>
      </trkpt>
      <trkpt lat="37.18991" lon="-118.75557">
        <ele>2902.0</ele>
      </trkpt>
      <trkpt lat="37.18997" lon="-118.75536">
        <ele>2903.0</ele>
      </trkpt>
      <trkpt lat="37.18993" lon="-118.75513">
        <ele>2904.0</ele>
      </trkpt>
      <trkpt lat="37.1899" lon="-118.75508">
        <ele>2904.0</ele>
      </trkpt>
      <trkpt lat="37.1897" lon="-118.75514">
        <ele>2898.0</ele>
      </trkpt>
      <trkpt lat="37.18964" lon="-118.75512">
        <ele>2899.0</ele>
      </trkpt>
      <trkpt lat="37.18959" lon="-118.75494">
        <ele>2899.0</ele>
      </trkpt>
      <trkpt lat="37.18942" lon="-118.75471">
        <ele>2899.0</ele>
      </trkpt>
      <trkpt lat="37.18932" lon="-118.75451">
        <ele>2901.0</ele>
      </trkpt>
      <trkpt lat="37.18928" lon="-118.75438">
        <ele>2902.0</ele>
      </trkpt>
      <trkpt lat="37.1893" lon="-118.75428">
        <ele>2903.0</ele>
      </trkpt>
      <trkpt lat="37.18927" lon="-118.75419">
        <ele>2903.0</ele>
      </trkpt>
      <trkpt lat="37.18905" lon="-118.75374">
        <ele>2905.0</ele>
      </trkpt>
      <trkpt lat="37.18906" lon="-118.75351">
        <ele>2905.0</ele>
      </trkpt>
      <trkpt lat="37.1891" lon="-118.75336">
        <ele>2905.0</ele>
      </trkpt>
      <trkpt lat="37.18924" lon="-118.75303">
        <ele>2905.0</ele>
      </trkpt>
      <trkpt lat="37.18923" lon="-118.75271">
        <ele>2907.0</ele>
      </trkpt>
      <trkpt lat="37.18917" lon="-118.75254">
        <ele>2910.0</ele>
      </trkpt>
      <trkpt lat="37.18919" lon="-118.75229">
        <ele>2913.0</ele>
      </trkpt>
      <trkpt lat="37.18908" lon="-118.75211">
        <ele>2913.0</ele>
      </trkpt>
      <trkpt lat="37.18895" lon="-118.75204">
        <ele>2909.0</ele>
      </trkpt>
      <trkpt lat="37.18888" lon="-118.7519">
        <ele>2909.0</ele>
      </trkpt>
      <trkpt lat="37.18885" lon="-118.75176">
        <ele>2911.0</ele>
      </trkpt>
      <trkpt lat="37.18884" lon="-118.75156">
        <ele>2911.0</ele>
      </trkpt>
      <trkpt lat="37.18879" lon="-118.7513">
        <ele>2913.0</ele>
      </trkpt>
      <trkpt lat="37.18883" lon="-118.75106">
        <ele>2915.0</ele>
      </trkpt>
      <trkpt lat="37.18892" lon="-118.75085">
        <ele>2917.0</ele>
      </trkpt>
      <trkpt lat="37.18893" lon="-118.75066">
        <ele>2920.0</ele>
      </trkpt>
      <trkpt lat="37.18882" lon="-118.75049">
        <ele>2920.0</ele>
      </trkpt>
      <trkpt lat="37.18883" lon="-118.75016">
        <ele>2924.0</ele>
      </trkpt>
      <trkpt lat="37.18878" lon="-118.74995">
        <ele>2928.0</ele>
      </trkpt>
      <trkpt lat="37.18867" lon="-118.74973">
        <ele>2925.0</ele>
      </trkpt>
      <trkpt lat="37.1886" lon="-118.74968">
        <ele>2925.0</ele>
      </trkpt>
      <trkpt lat="37.18864" lon="-118.74959">
        <ele>2925.0</ele>
      </trkpt>
      <trkpt lat="37.18859" lon="-118.74951">
        <ele>2927.0</ele>
      </trkpt>
      <trkpt lat="37.18864" lon="-118.74941">
        <ele>2927.0</ele>
      </trkpt>
      <trkpt lat="37.1886168078756" lon="-118.7493392029105">
        <ele>2927.0</ele>
      </trkpt>
      <trkpt lat="37.18845" lon="-118.74883">
        <ele>2930.0</ele>
      </trkpt>
      <trkpt lat="37.18844" lon="-118.74858">
        <ele>2931.0</ele>
      </trkpt>
      <trkpt lat="37.18838" lon="-118.748">
        <ele>2931.0</ele>
      </trkpt>
      <trkpt lat="37.18834" lon="-118.74785">
        <ele>2931.0</ele>
      </trkpt>
      <trkpt lat="37.18839" lon="-118.74772">
        <ele>2931.0</ele>
      </trkpt>
      <trkpt lat="37.18831" lon="-118.74762">
        <ele>2933.0</ele>
      </trkpt>
      <trkpt lat="37.18843" lon="-118.74743">
        <ele>2933.0</ele>
      </trkpt>
      <trkpt lat="37.1884" lon="-118.74737">
        <ele>2933.0</ele>
      </trkpt>
      <trkpt lat="37.18841" lon="-118.74698">
        <ele>2943.0</ele>
      </trkpt>
      <trkpt lat="37.18847" lon="-118.74683">
        <ele>2943.0</ele>
      </trkpt>
      <trkpt lat="37.18839" lon="-118.74666">
        <ele>2945.0</ele>
      </trkpt>
      <trkpt lat="37.18845" lon="-118.74648">
        <ele>2946.0</ele>
      </trkpt>
      <trkpt lat="37.18833" lon="-118.74628">
        <ele>2946.0</ele>
      </trkpt>
      <trkpt lat="37.18837" lon="-118.74605">
        <ele>2945.0</ele>
      </trkpt>
      <trkpt lat="37.18835" lon="-118.74591">
        <ele>2942.0</ele>
      </trkpt>
      <trkpt lat="37.18825" lon="-118.74571">
        <ele>2942.0</ele>
      </trkpt>
      <trkpt lat="37.18824" lon="-118.74565">
        <ele>2941.0</ele>
      </trkpt>
      <trkpt lat="37.18826" lon="-118.74559">
        <ele>2941.0</ele>
      </trkpt>
      <trkpt lat="37.18851" lon="-118.74534">
        <ele>2943.0</ele>
      </trkpt>
      <trkpt lat="37.18857" lon="-118.74511">
        <ele>2945.0</ele>
      </trkpt>
      <trkpt lat="37.18856" lon="-118.74493">
        <ele>2945.0</ele>
      </trkpt>
      <trkpt lat="37.18852" lon="-118.7447">
        <ele>2946.0</ele>
      </trkpt>
      <trkpt lat="37.18846" lon="-118.74454">
        <ele>2942.0</ele>
      </trkpt>
      <trkpt lat="37.18845" lon="-118.74433">
        <ele>2942.0</ele>
      </trkpt>
      <trkpt lat="37.18841" lon="-118.74421">
        <ele>2940.0</ele>
      </trkpt>
      <trkpt lat="37.1883" lon="-118.74407">
        <ele>2940.0</ele>
      </trkpt>
      <trkpt lat="37.18798" lon="-118.74375">
        <ele>2938.0</ele>
      </trkpt>
      <trkpt lat="37.18784" lon="-118.74345">
        <ele>2940.0</ele>
      </trkpt>
      <trkpt lat="37.18782" lon="-118.74323">
        <ele>2940.0</ele>
      </trkpt>
      <trkpt lat="37.18773" lon="-118.74307">
        <ele>2941.0</ele>
      </trkpt>
      <trkpt lat="37.18771" lon="-118.74288">
        <ele>2942.0</ele>
      </trkpt>
      <trkpt lat="37.18771705587097" lon="-118.7428270809677">
        <ele>2942.0</ele>
      </trkpt>
      <trkpt lat="37.18771705587157" lon="-118.7428270809677">
        <ele>2942.0</ele>
      </trkpt>
      <trkpt lat="37.18771" lon="-118.74288">
        <ele>2942.0</ele>
      </trkpt>
      <trkpt lat="37.18773" lon="-118.74307">
        <ele>2941.0</ele>
      </trkpt>
      <trkpt lat="37.18782" lon="-118.74323">
        <ele>2940.0</ele>
      </trkpt>
      <trkpt lat="37.18784" lon="-118.74345">
        <ele>2940.0</ele>
      </trkpt>
      <trkpt lat="37.18798" lon="-118.74375">
        <ele>2938.0</ele>
      </trkpt>
      <trkpt lat="37.1883" lon="-118.74407">
        <ele>2940.0</ele>
      </trkpt>
      <trkpt lat="37.18841" lon="-118.74421">
        <ele>2940.0</ele>
      </trkpt>
      <trkpt lat="37.18845" lon="-118.74433">
        <ele>2942.0</ele>
      </trkpt>
      <trkpt lat="37.18846" lon="-118.74454">
        <ele>2942.0</ele>
      </trkpt>
      <trkpt lat="37.18852" lon="-118.7447">
        <ele>2946.0</ele>
      </trkpt>
      <trkpt lat="37.18856" lon="-118.74493">
        <ele>2945.0</ele>
      </trkpt>
      <trkpt lat="37.18857" lon="-118.74511">
        <ele>2945.0</ele>
      </trkpt>
      <trkpt lat="37.18852442820523" lon="-118.74528469188">
        <ele>2943.0</ele>
      </trkpt>
      <trkpt lat="37.18852442820957" lon="-118.74528469188">
        <ele>2943.0</ele>
      </trkpt>
      <trkpt lat="37.18851" lon="-118.74534">
        <ele>2943.0</ele>
      </trkpt>
      <trkpt lat="37.18826" lon="-118.74559">
        <ele>2941.0</ele>
      </trkpt>
      <trkpt lat="37.18824" lon="-118.74565">
        <ele>2941.0</ele>
      </trkpt>
      <trkpt lat="37.18825" lon="-118.74571">
        <ele>2942.0</ele>
      </trkpt>
      <trkpt lat="37.18835" lon="-118.74591">
        <ele>2942.0</ele>
      </trkpt>
      <trkpt lat="37.18837" lon="-118.74605">
        <ele>2945.0</ele>
      </trkpt>
      <trkpt lat="37.18833" lon="-118.74628">
        <ele>2946.0</ele>
      </trkpt>
      <trkpt lat="37.18845" lon="-118.74648">
        <ele>2946.0</ele>
      </trkpt>
      <trkpt lat="37.18839" lon="-118.74666">
        <ele>2945.0</ele>
      </trkpt>
      <trkpt lat="37.18847" lon="-118.74683">
        <ele>2943.0</ele>
      </trkpt>
      <trkpt lat="37.18841" lon="-118.74698">
        <ele>2943.0</ele>
      </trkpt>
      <trkpt lat="37.1884" lon="-118.74737">
        <ele>2933.0</ele>
      </trkpt>
      <trkpt lat="37.18843" lon="-118.74743">
        <ele>2933.0</ele>
      </trkpt>
      <trkpt lat="37.18831" lon="-118.74762">
        <ele>2933.0</ele>
      </trkpt>
      <trkpt lat="37.18839" lon="-118.74772">
        <ele>2931.0</ele>
      </trkpt>
      <trkpt lat="37.18834" lon="-118.74785">
        <ele>2931.0</ele>
      </trkpt>
      <trkpt lat="37.18834123161763" lon="-118.7478546185662">
        <ele>2931.0</ele>
      </trkpt>
      <trkpt lat="37.18834123161795" lon="-118.7478546185662">
        <ele>2931.0</ele>
      </trkpt>
      <trkpt lat="37.18838" lon="-118.748">
        <ele>2931.0</ele>
      </trkpt>
      <trkpt lat="37.18844" lon="-118.74858">
        <ele>2931.0</ele>
      </trkpt>
      <trkpt lat="37.18845" lon="-118.74883">
        <ele>2930.0</ele>
      </trkpt>
      <trkpt lat="37.18864" lon="-118.74941">
        <ele>2927.0</ele>
      </trkpt>
      <trkpt lat="37.18859" lon="-118.74951">
        <ele>2927.0</ele>
      </trkpt>
      <trkpt lat="37.18864" lon="-118.74959">
        <ele>2925.0</ele>
      </trkpt>
      <trkpt lat="37.1886" lon="-118.74968">
        <ele>2925.0</ele>
      </trkpt>
      <trkpt lat="37.18867" lon="-118.74973">
        <ele>2925.0</ele>
      </trkpt>
      <trkpt lat="37.18878" lon="-118.74995">
        <ele>2928.0</ele>
      </trkpt>
      <trkpt lat="37.18883" lon="-118.75016">
        <ele>2924.0</ele>
      </trkpt>
      <trkpt lat="37.18882" lon="-118.75049">
        <ele>2920.0</ele>
      </trkpt>
      <trkpt lat="37.18893" lon="-118.75066">
        <ele>2920.0</ele>
      </trkpt>
      <trkpt lat="37.18892" lon="-118.75085">
        <ele>2917.0</ele>
      </trkpt>
      <trkpt lat="37.18883" lon="-118.75106">
        <ele>2915.0</ele>
      </trkpt>
      <trkpt lat="37.18879" lon="-118.7513">
        <ele>2913.0</ele>
      </trkpt>
      <trkpt lat="37.18884" lon="-118.75156">
        <ele>2911.0</ele>
      </trkpt>
      <trkpt lat="37.18885" lon="-118.75176">
        <ele>2911.0</ele>
      </trkpt>
      <trkpt lat="37.18888" lon="-118.7519">
        <ele>2909.0</ele>
      </trkpt>
      <trkpt lat="37.18895" lon="-118.75204">
        <ele>2909.0</ele>
      </trkpt>
      <trkpt lat="37.18908" lon="-118.75211">
        <ele>2913.0</ele>
      </trkpt>
      <trkpt lat="37.18919" lon="-118.75229">
        <ele>2913.0</ele>
      </trkpt>
      <trkpt lat="37.18917" lon="-118.75254">
        <ele>2910.0</ele>
      </trkpt>
      <trkpt lat="37.18923" lon="-118.75271">
        <ele>2907.0</ele>
      </trkpt>
      <trkpt lat="37.18924" lon="-118.75303">
        <ele>2905.0</ele>
      </trkpt>
      <trkpt lat="37.1891" lon="-118.75336">
        <ele>2905.0</ele>
      </trkpt>
      <trkpt lat="37.18906" lon="-118.75351">
        <ele>2905.0</ele>
      </trkpt>
      <trkpt lat="37.18905" lon="-118.75374">
        <ele>2905.0</ele>
      </trkpt>
      <trkpt lat="37.18927" lon="-118.75419">
        <ele>2903.0</ele>
      </trkpt>
      <trkpt lat="37.1893" lon="-118.75428">
        <ele>2903.0</ele>
      </trkpt>
      <trkpt lat="37.18928" lon="-118.75438">
        <ele>2902.0</ele>
      </trkpt>
      <trkpt lat="37.18932" lon="-118.75451">
        <ele>2901.0</ele>
      </trkpt>
      <trkpt lat="37.18942" lon="-118.75471">
        <ele>2899.0</ele>
      </trkpt>
      <trkpt lat="37.18959" lon="-118.75494">
        <ele>2899.0</ele>
      </trkpt>
      <trkpt lat="37.18964" lon="-118.75512">
        <ele>2899.0</ele>
      </trkpt>
      <trkpt lat="37.1897" lon="-118.75514">
        <ele>2898.0</ele>
      </trkpt>
      <trkpt lat="37.1899" lon="-118.75508">
        <ele>2904.0</ele>
      </trkpt>
      <trkpt lat="37.18993" lon="-118.75513">
        <ele>2904.0</ele>
      </trkpt>
      <trkpt lat="37.18997" lon="-118.75536">
        <ele>2903.0</ele>
      </trkpt>
      <trkpt lat="37.18991" lon="-118.75557">
        <ele>2902.0</ele>
      </trkpt>
      <trkpt lat="37.18992" lon="-118.75571">
        <ele>2901.0</ele>
      </trkpt>
      <trkpt lat="37.18995" lon="-118.75609">
        <ele>2899.0</ele>
      </trkpt>
      <trkpt lat="37.18999" lon="-118.75631">
        <ele>2898.0</ele>
      </trkpt>
      <trkpt lat="37.1901" lon="-118.75651">
        <ele>2898.0</ele>
      </trkpt>
      <trkpt lat="37.1903" lon="-118.75669">
        <ele>2900.0</ele>
      </trkpt>
      <trkpt lat="37.19038" lon="-118.75689">
        <ele>2899.0</ele>
      </trkpt>
      <trkpt lat="37.1904" lon="-118.75719">
        <ele>2895.0</ele>
      </trkpt>
      <trkpt lat="37.1906" lon="-118.75751">
        <ele>2892.0</ele>
      </trkpt>
      <trkpt lat="37.19085" lon="-118.7577">
        <ele>2895.0</ele>
      </trkpt>
      <trkpt lat="37.19099" lon="-118.75796">
        <ele>2899.0</ele>
      </trkpt>
      <trkpt lat="37.19118" lon="-118.75812">
        <ele>2899.0</ele>
      </trkpt>
      <trkpt lat="37.19139" lon="-118.75836">
        <ele>2903.0</ele>
      </trkpt>
      <trkpt lat="37.19142" lon="-118.75846">
        <ele>2903.0</ele>
      </trkpt>
      <trkpt lat="37.1914" lon="-118.7586">
        <ele>2901.0</ele>
      </trkpt>
      <trkpt lat="37.19131" lon="-118.75887">
        <ele>2900.0</ele>
      </trkpt>
      <trkpt lat="37.19126" lon="-118.75918">
        <ele>2898.0</ele>
      </trkpt>
      <trkpt lat="37.19124" lon="-118.75972">
        <ele>2891.0</ele>
      </trkpt>
      <trkpt lat="37.1912" lon="-118.75978">
        <ele>2891.0</ele>
      </trkpt>
      <trkpt lat="37.19122" lon="-118.75984">
        <ele>2891.0</ele>
      </trkpt>
      <trkpt lat="37.19136" lon="-118.76002">
        <ele>2890.0</ele>
      </trkpt>
      <trkpt lat="37.19141" lon="-118.76015">
        <ele>2887.0</ele>
      </trkpt>
      <trkpt lat="37.19149" lon="-118.76043">
        <ele>2882.0</ele>
      </trkpt>
      <trkpt lat="37.19151" lon="-118.76077">
        <ele>2880.0</ele>
      </trkpt>
      <trkpt lat="37.19154" lon="-118.76085">
        <ele>2887.0</ele>
      </trkpt>
      <trkpt lat="37.19164" lon="-118.76096">
        <ele>2887.0</ele>
      </trkpt>
      <trkpt lat="37.1917" lon="-118.76122">
        <ele>2887.0</ele>
      </trkpt>
      <trkpt lat="37.19171" lon="-118.76162">
        <ele>2888.0</ele>
      </trkpt>
      <trkpt lat="37.19174" lon="-118.76186">
        <ele>2888.0</ele>
      </trkpt>
      <trkpt lat="37.19177" lon="-118.76194">
        <ele>2888.0</ele>
      </trkpt>
      <trkpt lat="37.19182" lon="-118.76198">
        <ele>2889.0</ele>
      </trkpt>
      <trkpt lat="37.19187" lon="-118.76221">
        <ele>2886.0</ele>
      </trkpt>
      <trkpt lat="37.19187" lon="-118.76221">
        <ele>2886.0</ele>
      </trkpt>
      <trkpt lat="37.1921" lon="-118.76277">
        <ele>2879.0</ele>
      </trkpt>
      <trkpt lat="37.19224" lon="-118.76286">
        <ele>2879.0</ele>
      </trkpt>
      <trkpt lat="37.19228" lon="-118.76292">
        <ele>2875.0</ele>
      </trkpt>
      <trkpt lat="37.19232" lon="-118.76327">
        <ele>2873.0</ele>
      </trkpt>
      <trkpt lat="37.1924" lon="-118.76356">
        <ele>2873.0</ele>
      </trkpt>
      <trkpt lat="37.19234" lon="-118.76388">
        <ele>2869.0</ele>
      </trkpt>
      <trkpt lat="37.19241" lon="-118.76404">
        <ele>2867.0</ele>
      </trkpt>
      <trkpt lat="37.19232" lon="-118.76421">
        <ele>2866.0</ele>
      </trkpt>
      <trkpt lat="37.1924" lon="-118.76437">
        <ele>2863.0</ele>
      </trkpt>
      <trkpt lat="37.1924" lon="-118.76445">
        <ele>2863.0</ele>
      </trkpt>
      <trkpt lat="37.1924" lon="-118.76448">
        <ele>2863.0</ele>
      </trkpt>
      <trkpt lat="37.19226" lon="-118.76447">
        <ele>2864.0</ele>
      </trkpt>
      <trkpt lat="37.19224" lon="-118.76449">
        <ele>2864.0</ele>
      </trkpt>
      <trkpt lat="37.19219" lon="-118.76462">
        <ele>2861.0</ele>
      </trkpt>
      <trkpt lat="37.1922" lon="-118.76468">
        <ele>2861.0</ele>
      </trkpt>
      <trkpt lat="37.19232" lon="-118.76482">
        <ele>2861.0</ele>
      </trkpt>
      <trkpt lat="37.19234" lon="-118.7649">
        <ele>2859.0</ele>
      </trkpt>
      <trkpt lat="37.19254" lon="-118.76498">
        <ele>2858.0</ele>
      </trkpt>
      <trkpt lat="37.19265" lon="-118.76507">
        <ele>2856.0</ele>
      </trkpt>
      <trkpt lat="37.19269" lon="-118.76512">
        <ele>2856.0</ele>
      </trkpt>
      <trkpt lat="37.19276" lon="-118.76548">
        <ele>2853.0</ele>
      </trkpt>
      <trkpt lat="37.19292" lon="-118.76585">
        <ele>2852.0</ele>
      </trkpt>
      <trkpt lat="37.193" lon="-118.76642">
        <ele>2850.0</ele>
      </trkpt>
      <trkpt lat="37.19289" lon="-118.76685">
        <ele>2844.0</ele>
      </trkpt>
      <trkpt lat="37.19299" lon="-118.76765">
        <ele>2837.0</ele>
      </trkpt>
      <trkpt lat="37.19304" lon="-118.7678">
        <ele>2837.0</ele>
      </trkpt>
      <trkpt lat="37.19303" lon="-118.76799">
        <ele>2833.0</ele>
      </trkpt>
      <trkpt lat="37.19309" lon="-118.76822">
        <ele>2830.0</ele>
      </trkpt>
      <trkpt lat="37.19308" lon="-118.76835">
        <ele>2830.0</ele>
      </trkpt>
      <trkpt lat="37.19314" lon="-118.76848">
        <ele>2829.0</ele>
      </trkpt>
      <trkpt lat="37.19317" lon="-118.76865">
        <ele>2829.0</ele>
      </trkpt>
      <trkpt lat="37.19315878522582" lon="-118.7688630807096">
        <ele>2829.0</ele>
      </trkpt>
      <trkpt lat="37.19315878522648" lon="-118.7688630807096">
        <ele>2829.0</ele>
      </trkpt>
      <trkpt lat="37.19315" lon="-118.76903">
        <ele>2829.0</ele>
      </trkpt>
      <trkpt lat="37.1933" lon="-118.76934">
        <ele>2832.0</ele>
      </trkpt>
      <trkpt lat="37.19354" lon="-118.76957">
        <ele>2834.0</ele>
      </trkpt>
      <trkpt lat="37.19362" lon="-118.76959">
        <ele>2833.0</ele>
      </trkpt>
      <trkpt lat="37.19371" lon="-118.76983">
        <ele>2833.0</ele>
      </trkpt>
      <trkpt lat="37.19388" lon="-118.77007">
        <ele>2834.0</ele>
      </trkpt>
      <trkpt lat="37.19391" lon="-118.7703">
        <ele>2835.0</ele>
      </trkpt>
      <trkpt lat="37.19397" lon="-118.77043">
        <ele>2834.0</ele>
      </trkpt>
      <trkpt lat="37.19398" lon="-118.77089">
        <ele>2833.0</ele>
      </trkpt>
      <trkpt lat="37.19412" lon="-118.77108">
        <ele>2830.0</ele>
      </trkpt>
      <trkpt lat="37.19451" lon="-118.77179">
        <ele>2822.0</ele>
      </trkpt>
      <trkpt lat="37.19457" lon="-118.77215">
        <ele>2818.0</ele>
      </trkpt>
      <trkpt lat="37.19468" lon="-118.7725">
        <ele>2812.0</ele>
      </trkpt>
      <trkpt lat="37.19467" lon="-118.77268">
        <ele>2809.0</ele>
      </trkpt>
      <trkpt lat="37.19477" lon="-118.7729">
        <ele>2809.0</ele>
      </trkpt>
      <trkpt lat="37.19489" lon="-118.773">
        <ele>2805.0</ele>
      </trkpt>
      <trkpt lat="37.19489" lon="-118.773">
        <ele>2805.0</ele>
      </trkpt>
      <trkpt lat="37.19493" lon="-118.77324">
        <ele>2807.0</ele>
      </trkpt>
      <trkpt lat="37.19506" lon="-118.77349">
        <ele>2806.0</ele>
      </trkpt>
      <trkpt lat="37.19514" lon="-118.77382">
        <ele>2804.0</ele>
      </trkpt>
      <trkpt lat="37.19524" lon="-118.77432">
        <ele>2806.0</ele>
      </trkpt>
      <trkpt lat="37.19526" lon="-118.77461">
        <ele>2808.0</ele>
      </trkpt>
      <trkpt lat="37.19519" lon="-118.77485">
        <ele>2808.0</ele>
      </trkpt>
      <trkpt lat="37.19489" lon="-118.77511">
        <ele>2808.0</ele>
      </trkpt>
      <trkpt lat="37.19459" lon="-118.77564">
        <ele>2807.0</ele>
      </trkpt>
      <trkpt lat="37.19452" lon="-118.77613">
        <ele>2811.0</ele>
      </trkpt>
      <trkpt lat="37.19449" lon="-118.77667">
        <ele>2809.0</ele>
      </trkpt>
      <trkpt lat="37.19468" lon="-118.77744">
        <ele>2814.0</ele>
      </trkpt>
      <trkpt lat="37.195" lon="-118.778">
        <ele>2816.0</ele>
      </trkpt>
      <trkpt lat="37.19513" lon="-118.77865">
        <ele>2817.0</ele>
      </trkpt>
      <trkpt lat="37.19533" lon="-118.77874">
        <ele>2816.0</ele>
      </trkpt>
      <trkpt lat="37.19533" lon="-118.77874">
        <ele>2816.0</ele>
      </trkpt>
      <trkpt lat="37.19567" lon="-118.77871">
        <ele>2815.0</ele>
      </trkpt>
      <trkpt lat="37.19612" lon="-118.77987">
        <ele>2810.0</ele>
      </trkpt>
      <trkpt lat="37.19588" lon="-118.7804">
        <ele>2810.0</ele>
      </trkpt>
      <trkpt lat="37.19573" lon="-118.78147">
        <ele>2810.0</ele>
      </trkpt>
      <trkpt lat="37.1956" lon="-118.78177">
        <ele>2809.0</ele>
      </trkpt>
      <trkpt lat="37.1956" lon="-118.78177">
        <ele>2809.0</ele>
      </trkpt>
      <trkpt lat="37.1956" lon="-118.78177">
        <ele>2809.0</ele>
      </trkpt>
      <trkpt lat="37.19533" lon="-118.78181">
        <ele>2807.0</ele>
      </trkpt>
      <trkpt lat="37.19533" lon="-118.78181">
        <ele>2807.0</ele>
      </trkpt>
      <trkpt lat="37.19505" lon="-118.78188">
        <ele>2812.0</ele>
      </trkpt>
      <trkpt lat="37.19502" lon="-118.78203">
        <ele>2812.0</ele>
      </trkpt>
      <trkpt lat="37.19492" lon="-118.78224">
        <ele>2811.0</ele>
      </trkpt>
      <trkpt lat="37.1949" lon="-118.78236">
        <ele>2811.0</ele>
      </trkpt>
      <trkpt lat="37.19491" lon="-118.78261">
        <ele>2810.0</ele>
      </trkpt>
      <trkpt lat="37.19502" lon="-118.7829">
        <ele>2808.0</ele>
      </trkpt>
      <trkpt lat="37.19503" lon="-118.78304">
        <ele>2807.0</ele>
      </trkpt>
      <trkpt lat="37.19506" lon="-118.78308">
        <ele>2807.0</ele>
      </trkpt>
      <trkpt lat="37.19506" lon="-118.78325">
        <ele>2804.0</ele>
      </trkpt>
      <trkpt lat="37.19498" lon="-118.78344">
        <ele>2804.0</ele>
      </trkpt>
      <trkpt lat="37.19498" lon="-118.78378">
        <ele>2802.0</ele>
      </trkpt>
      <trkpt lat="37.19511" lon="-118.78411">
        <ele>2804.0</ele>
      </trkpt>
      <trkpt lat="37.19517" lon="-118.78418">
        <ele>2796.0</ele>
      </trkpt>
      <trkpt lat="37.19517" lon="-118.78418">
        <ele>2796.0</ele>
      </trkpt>
      <trkpt lat="37.19533" lon="-118.78441">
        <ele>2796.0</ele>
      </trkpt>
      <trkpt lat="37.19533" lon="-118.78441">
        <ele>2796.0</ele>
      </trkpt>
      <trkpt lat="37.19548" lon="-118.78464">
        <ele>2792.0</ele>
      </trkpt>
      <trkpt lat="37.19566" lon="-118.78504">
        <ele>2791.0</ele>
      </trkpt>
      <trkpt lat="37.19573" lon="-118.78514">
        <ele>2791.0</ele>
      </trkpt>
      <trkpt lat="37.19575" lon="-118.7853">
        <ele>2791.0</ele>
      </trkpt>
      <trkpt lat="37.1957" lon="-118.78546">
        <ele>2790.0</ele>
      </trkpt>
      <trkpt lat="37.19561" lon="-118.78552">
        <ele>2788.0</ele>
      </trkpt>
      <trkpt lat="37.19559" lon="-118.78558">
        <ele>2788.0</ele>
      </trkpt>
      <trkpt lat="37.19566" lon="-118.78563">
        <ele>2788.0</ele>
      </trkpt>
      <trkpt lat="37.19566" lon="-118.78568">
        <ele>2788.0</ele>
      </trkpt>
      <trkpt lat="37.19559" lon="-118.78589">
        <ele>2787.0</ele>
      </trkpt>
      <trkpt lat="37.19533" lon="-118.78636">
        <ele>2783.0</ele>
      </trkpt>
      <trkpt lat="37.19533" lon="-118.78636">
        <ele>2783.0</ele>
      </trkpt>
      <trkpt lat="37.19524" lon="-118.78647">
        <ele>2783.0</ele>
      </trkpt>
      <trkpt lat="37.19516" lon="-118.78667">
        <ele>2780.0</ele>
      </trkpt>
      <trkpt lat="37.19515" lon="-118.78679">
        <ele>2780.0</ele>
      </trkpt>
      <trkpt lat="37.19518" lon="-118.78714">
        <ele>2777.0</ele>
      </trkpt>
      <trkpt lat="37.19513" lon="-118.78737">
        <ele>2784.0</ele>
      </trkpt>
      <trkpt lat="37.19533" lon="-118.78772">
        <ele>2775.0</ele>
      </trkpt>
      <trkpt lat="37.19533" lon="-118.78783">
        <ele>2775.0</ele>
      </trkpt>
      <trkpt lat="37.19533" lon="-118.78783">
        <ele>2775.0</ele>
      </trkpt>
      <trkpt lat="37.19534" lon="-118.78796">
        <ele>2775.0</ele>
      </trkpt>
      <trkpt lat="37.19538" lon="-118.78805">
        <ele>2775.0</ele>
      </trkpt>
      <trkpt lat="37.19548" lon="-118.7885">
        <ele>2763.0</ele>
      </trkpt>
      <trkpt lat="37.19548" lon="-118.78858">
        <ele>2763.0</ele>
      </trkpt>
      <trkpt lat="37.19539" lon="-118.78883">
        <ele>2761.0</ele>
      </trkpt>
      <trkpt lat="37.19553" lon="-118.78879">
        <ele>2754.0</ele>
      </trkpt>
      <trkpt lat="37.19553" lon="-118.78882">
        <ele>2754.0</ele>
      </trkpt>
      <trkpt lat="37.19546" lon="-118.78896">
        <ele>2754.0</ele>
      </trkpt>
      <trkpt lat="37.19533" lon="-118.78914">
        <ele>2752.0</ele>
      </trkpt>
      <trkpt lat="37.19533" lon="-118.78914">
        <ele>2752.0</ele>
      </trkpt>
      <trkpt lat="37.1953" lon="-118.78919">
        <ele>2752.0</ele>
      </trkpt>
      <trkpt lat="37.19533" lon="-118.78921">
        <ele>2752.0</ele>
      </trkpt>
      <trkpt lat="37.19533" lon="-118.78921">
        <ele>2752.0</ele>
      </trkpt>
      <trkpt lat="37.19568" lon="-118.78924">
        <ele>2748.0</ele>
      </trkpt>
      <trkpt lat="37.19583" lon="-118.78921">
        <ele>2749.0</ele>
      </trkpt>
      <trkpt lat="37.19585" lon="-118.78923">
        <ele>2749.0</ele>
      </trkpt>
      <trkpt lat="37.19584" lon="-118.78928">
        <ele>2749.0</ele>
      </trkpt>
      <trkpt lat="37.19549" lon="-118.78961">
        <ele>2737.0</ele>
      </trkpt>
      <trkpt lat="37.19533" lon="-118.78971">
        <ele>2739.0</ele>
      </trkpt>
      <trkpt lat="37.19533" lon="-118.78971">
        <ele>2739.0</ele>
      </trkpt>
      <trkpt lat="37.19515" lon="-118.78995">
        <ele>2731.0</ele>
      </trkpt>
      <trkpt lat="37.19495" lon="-118.79008">
        <ele>2736.0</ele>
      </trkpt>
      <trkpt lat="37.19485" lon="-118.79026">
        <ele>2740.0</ele>
      </trkpt>
      <trkpt lat="37.19464" lon="-118.79079">
        <ele>2726.0</ele>
      </trkpt>
      <trkpt lat="37.19452" lon="-118.79128">
        <ele>2717.0</ele>
      </trkpt>
      <trkpt lat="37.19445" lon="-118.79137">
        <ele>2717.0</ele>
      </trkpt>
      <trkpt lat="37.19421" lon="-118.79145">
        <ele>2722.0</ele>
      </trkpt>
      <trkpt lat="37.19414" lon="-118.79152">
        <ele>2722.0</ele>
      </trkpt>
      <trkpt lat="37.19413" lon="-118.79158">
        <ele>2712.0</ele>
      </trkpt>
      <trkpt lat="37.1944" lon="-118.79169">
        <ele>2707.0</ele>
      </trkpt>
      <trkpt lat="37.19483" lon="-118.79159">
        <ele>2702.0</ele>
      </trkpt>
      <trkpt lat="37.19486" lon="-118.79167">
        <ele>2702.0</ele>
      </trkpt>
      <trkpt lat="37.19479" lon="-118.79174">
        <ele>2702.0</ele>
      </trkpt>
      <trkpt lat="37.19478" lon="-118.79181">
        <ele>2696.0</ele>
      </trkpt>
      <trkpt lat="37.19482" lon="-118.79224">
        <ele>2689.0</ele>
      </trkpt>
      <trkpt lat="37.19467" lon="-118.79233">
        <ele>2689.0</ele>
      </trkpt>
      <trkpt lat="37.19443" lon="-118.79231">
        <ele>2693.0</ele>
      </trkpt>
      <trkpt lat="37.19433" lon="-118.79241">
        <ele>2681.0</ele>
      </trkpt>
      <trkpt lat="37.19373953012675" lon="-118.7924398972088">
        <ele>2682.0</ele>
      </trkpt>
      <trkpt lat="37.19373953090697" lon="-118.7924398972088">
        <ele>2682.0</ele>
      </trkpt>
      <trkpt lat="37.19354" lon="-118.79245">
        <ele>2682.0</ele>
      </trkpt>
      <trkpt lat="37.19327" lon="-118.7925">
        <ele>2682.0</ele>
      </trkpt>
      <trkpt lat="37.19326" lon="-118.79254">
        <ele>2682.0</ele>
      </trkpt>
      <trkpt lat="37.1933" lon="-118.79258">
        <ele>2682.0</ele>
      </trkpt>
      <trkpt lat="37.19343" lon="-118.79259">
        <ele>2682.0</ele>
      </trkpt>
      <trkpt lat="37.19363" lon="-118.79267">
        <ele>2666.0</ele>
      </trkpt>
      <trkpt lat="37.19383" lon="-118.79279">
        <ele>2670.0</ele>
      </trkpt>
      <trkpt lat="37.19403" lon="-118.79283">
        <ele>2672.0</ele>
      </trkpt>
      <trkpt lat="37.19402" lon="-118.79286">
        <ele>2670.0</ele>
      </trkpt>
      <trkpt lat="37.19378" lon="-118.79292">
        <ele>2655.0</ele>
      </trkpt>
      <trkpt lat="37.19374" lon="-118.79297">
        <ele>2646.0</ele>
      </trkpt>
      <trkpt lat="37.19376" lon="-118.793">
        <ele>2655.0</ele>
      </trkpt>
      <trkpt lat="37.19413" lon="-118.79301">
        <ele>2659.0</ele>
      </trkpt>
      <trkpt lat="37.1942" lon="-118.79303">
        <ele>2659.0</ele>
      </trkpt>
      <trkpt lat="37.19415" lon="-118.79311">
        <ele>2659.0</ele>
      </trkpt>
      <trkpt lat="37.19417" lon="-118.79314">
        <ele>2659.0</ele>
      </trkpt>
      <trkpt lat="37.19431" lon="-118.79312">
        <ele>2657.0</ele>
      </trkpt>
      <trkpt lat="37.19442" lon="-118.79317">
        <ele>2657.0</ele>
      </trkpt>
      <trkpt lat="37.19443" lon="-118.79322">
        <ele>2644.0</ele>
      </trkpt>
      <trkpt lat="37.19419" lon="-118.79337">
        <ele>2643.0</ele>
      </trkpt>
      <trkpt lat="37.19419" lon="-118.79341">
        <ele>2643.0</ele>
      </trkpt>
      <trkpt lat="37.19439" lon="-118.79345">
        <ele>2644.0</ele>
      </trkpt>
      <trkpt lat="37.19463" lon="-118.79343">
        <ele>2643.0</ele>
      </trkpt>
      <trkpt lat="37.19464" lon="-118.79347">
        <ele>2643.0</ele>
      </trkpt>
      <trkpt lat="37.19471" lon="-118.79348">
        <ele>2629.0</ele>
      </trkpt>
      <trkpt lat="37.19455" lon="-118.79358">
        <ele>2628.0</ele>
      </trkpt>
      <trkpt lat="37.19452" lon="-118.79363">
        <ele>2628.0</ele>
      </trkpt>
      <trkpt lat="37.19454" lon="-118.79366">
        <ele>2628.0</ele>
      </trkpt>
      <trkpt lat="37.19479" lon="-118.79368">
        <ele>2629.0</ele>
      </trkpt>
      <trkpt lat="37.19483" lon="-118.79371">
        <ele>2629.0</ele>
      </trkpt>
      <trkpt lat="37.19464" lon="-118.79383">
        <ele>2612.0</ele>
      </trkpt>
      <trkpt lat="37.19456" lon="-118.79392">
        <ele>2608.0</ele>
      </trkpt>
      <trkpt lat="37.19474" lon="-118.79399">
        <ele>2612.0</ele>
      </trkpt>
      <trkpt lat="37.19492" lon="-118.79416">
        <ele>2603.0</ele>
      </trkpt>
      <trkpt lat="37.19506" lon="-118.79415">
        <ele>2603.0</ele>
      </trkpt>
      <trkpt lat="37.19507" lon="-118.79417">
        <ele>2603.0</ele>
      </trkpt>
      <trkpt lat="37.195" lon="-118.79428">
        <ele>2603.0</ele>
      </trkpt>
      <trkpt lat="37.19502" lon="-118.7943">
        <ele>2603.0</ele>
      </trkpt>
      <trkpt lat="37.19533" lon="-118.79434">
        <ele>2592.0</ele>
      </trkpt>
      <trkpt lat="37.19533" lon="-118.79434">
        <ele>2592.0</ele>
      </trkpt>
      <trkpt lat="37.19547" lon="-118.79438">
        <ele>2593.0</ele>
      </trkpt>
      <trkpt lat="37.19533" lon="-118.79445">
        <ele>2592.0</ele>
      </trkpt>
      <trkpt lat="37.19533" lon="-118.79445">
        <ele>2592.0</ele>
      </trkpt>
      <trkpt lat="37.19529" lon="-118.79446">
        <ele>2592.0</ele>
      </trkpt>
      <trkpt lat="37.19529" lon="-118.79449">
        <ele>2592.0</ele>
      </trkpt>
      <trkpt lat="37.19533" lon="-118.7945">
        <ele>2592.0</ele>
      </trkpt>
      <trkpt lat="37.19533" lon="-118.7945">
        <ele>2592.0</ele>
      </trkpt>
      <trkpt lat="37.19561" lon="-118.79459">
        <ele>2584.0</ele>
      </trkpt>
      <trkpt lat="37.19563" lon="-118.79462">
        <ele>2584.0</ele>
      </trkpt>
      <trkpt lat="37.19553" lon="-118.79464">
        <ele>2584.0</ele>
      </trkpt>
      <trkpt lat="37.1955" lon="-118.79469">
        <ele>2584.0</ele>
      </trkpt>
      <trkpt lat="37.19566" lon="-118.79471">
        <ele>2584.0</ele>
      </trkpt>
      <trkpt lat="37.19566" lon="-118.79478">
        <ele>2584.0</ele>
      </trkpt>
      <trkpt lat="37.19533" lon="-118.79493">
        <ele>2581.0</ele>
      </trkpt>
      <trkpt lat="37.19533" lon="-118.79493">
        <ele>2581.0</ele>
      </trkpt>
      <trkpt lat="37.19405" lon="-118.79478">
        <ele>2583.0</ele>
      </trkpt>
      <trkpt lat="37.19383" lon="-118.7947">
        <ele>2583.0</ele>
      </trkpt>
      <trkpt lat="37.19369" lon="-118.79468">
        <ele>2583.0</ele>
      </trkpt>
      <trkpt lat="37.19364" lon="-118.79463">
        <ele>2583.0</ele>
      </trkpt>
      <trkpt lat="37.1935" lon="-118.79459">
        <ele>2583.0</ele>
      </trkpt>
      <trkpt lat="37.19322" lon="-118.79468">
        <ele>2583.0</ele>
      </trkpt>
      <trkpt lat="37.19314" lon="-118.79475">
        <ele>2579.0</ele>
      </trkpt>
      <trkpt lat="37.19302" lon="-118.79471">
        <ele>2579.0</ele>
      </trkpt>
      <trkpt lat="37.19292" lon="-118.79473">
        <ele>2579.0</ele>
      </trkpt>
      <trkpt lat="37.19287" lon="-118.79476">
        <ele>2579.0</ele>
      </trkpt>
      <trkpt lat="37.19285" lon="-118.79488">
        <ele>2577.0</ele>
      </trkpt>
      <trkpt lat="37.19285" lon="-118.79488">
        <ele>2577.0</ele>
      </trkpt>
      <trkpt lat="37.19283" lon="-118.79501">
        <ele>2577.0</ele>
      </trkpt>
      <trkpt lat="37.19283" lon="-118.79501">
        <ele>2577.0</ele>
      </trkpt>
      <trkpt lat="37.19286" lon="-118.79508">
        <ele>2577.0</ele>
      </trkpt>
      <trkpt lat="37.19302" lon="-118.79515">
        <ele>2576.0</ele>
      </trkpt>
      <trkpt lat="37.19314" lon="-118.79526">
        <ele>2576.0</ele>
      </trkpt>
      <trkpt lat="37.19329" lon="-118.79554">
        <ele>2576.0</ele>
      </trkpt>
      <trkpt lat="37.19333" lon="-118.79557">
        <ele>2576.0</ele>
      </trkpt>
      <trkpt lat="37.19354" lon="-118.79567">
        <ele>2578.0</ele>
      </trkpt>
      <trkpt lat="37.19363" lon="-118.79563">
        <ele>2578.0</ele>
      </trkpt>
      <trkpt lat="37.19374" lon="-118.79572">
        <ele>2578.0</ele>
      </trkpt>
      <trkpt lat="37.19391" lon="-118.79575">
        <ele>2577.0</ele>
      </trkpt>
      <trkpt lat="37.19404" lon="-118.79582">
        <ele>2578.0</ele>
      </trkpt>
      <trkpt lat="37.19414" lon="-118.79596">
        <ele>2578.0</ele>
      </trkpt>
      <trkpt lat="37.1943" lon="-118.79612">
        <ele>2579.0</ele>
      </trkpt>
      <trkpt lat="37.19436" lon="-118.79626">
        <ele>2583.0</ele>
      </trkpt>
      <trkpt lat="37.19441" lon="-118.7968">
        <ele>2584.0</ele>
      </trkpt>
      <trkpt lat="37.1945" lon="-118.79693">
        <ele>2584.0</ele>
      </trkpt>
      <trkpt lat="37.19456" lon="-118.79709">
        <ele>2585.0</ele>
      </trkpt>
      <trkpt lat="37.19457" lon="-118.79725">
        <ele>2585.0</ele>
      </trkpt>
      <trkpt lat="37.19461" lon="-118.79742">
        <ele>2586.0</ele>
      </trkpt>
      <trkpt lat="37.19514" lon="-118.79795">
        <ele>2588.0</ele>
      </trkpt>
      <trkpt lat="37.19533" lon="-118.79801">
        <ele>2588.0</ele>
      </trkpt>
      <trkpt lat="37.19533" lon="-118.79801">
        <ele>2588.0</ele>
      </trkpt>
      <trkpt lat="37.19575" lon="-118.79815">
        <ele>2580.0</ele>
      </trkpt>
      <trkpt lat="37.19638" lon="-118.79818">
        <ele>2572.0</ele>
      </trkpt>
      <trkpt lat="37.1967" lon="-118.79838">
        <ele>2569.0</ele>
      </trkpt>
      <trkpt lat="37.19691" lon="-118.79846">
        <ele>2564.0</ele>
      </trkpt>
      <trkpt lat="37.19713" lon="-118.7985">
        <ele>2571.0</ele>
      </trkpt>
      <trkpt lat="37.1973" lon="-118.79847">
        <ele>2564.0</ele>
      </trkpt>
      <trkpt lat="37.19751" lon="-118.79853">
        <ele>2571.0</ele>
      </trkpt>
      <trkpt lat="37.1978" lon="-118.79853">
        <ele>2574.0</ele>
      </trkpt>
      <trkpt lat="37.19791" lon="-118.79848">
        <ele>2574.0</ele>
      </trkpt>
      <trkpt lat="37.19791099290628" lon="-118.7984791932636">
        <ele>2574.0</ele>
      </trkpt>
      <trkpt lat="37.19791099290735" lon="-118.7984791932636">
        <ele>2574.0</ele>
      </trkpt>
      <trkpt lat="37.19807" lon="-118.79835">
        <ele>2566.0</ele>
      </trkpt>
      <trkpt lat="37.19824" lon="-118.79815">
        <ele>2562.0</ele>
      </trkpt>
      <trkpt lat="37.19869" lon="-118.79812">
        <ele>2562.0</ele>
      </trkpt>
      <trkpt lat="37.19902" lon="-118.79822">
        <ele>2566.0</ele>
      </trkpt>
      <trkpt lat="37.19933" lon="-118.79837">
        <ele>2558.0</ele>
      </trkpt>
      <trkpt lat="37.20009" lon="-118.79842">
        <ele>2555.0</ele>
      </trkpt>
      <trkpt lat="37.20023" lon="-118.79847">
        <ele>2556.0</ele>
      </trkpt>
      <trkpt lat="37.20034" lon="-118.79855">
        <ele>2558.0</ele>
      </trkpt>
      <trkpt lat="37.20051" lon="-118.79874">
        <ele>2556.0</ele>
      </trkpt>
      <trkpt lat="37.201" lon="-118.79914">
        <ele>2556.0</ele>
      </trkpt>
      <trkpt lat="37.2011" lon="-118.79926">
        <ele>2556.0</ele>
      </trkpt>
      <trkpt lat="37.20125" lon="-118.79935">
        <ele>2559.0</ele>
      </trkpt>
      <trkpt lat="37.20152" lon="-118.79961">
        <ele>2555.0</ele>
      </trkpt>
      <trkpt lat="37.20157" lon="-118.79971">
        <ele>2554.0</ele>
      </trkpt>
      <trkpt lat="37.20162" lon="-118.79974">
        <ele>2554.0</ele>
      </trkpt>
      <trkpt lat="37.20169" lon="-118.79969">
        <ele>2554.0</ele>
      </trkpt>
      <trkpt lat="37.20181" lon="-118.79972">
        <ele>2551.0</ele>
      </trkpt>
      <trkpt lat="37.20204" lon="-118.80003">
        <ele>2554.0</ele>
      </trkpt>
      <trkpt lat="37.20222" lon="-118.80017">
        <ele>2553.0</ele>
      </trkpt>
      <trkpt lat="37.20229" lon="-118.80029">
        <ele>2553.0</ele>
      </trkpt>
      <trkpt lat="37.20253" lon="-118.80055">
        <ele>2549.0</ele>
      </trkpt>
      <trkpt lat="37.2028" lon="-118.80072">
        <ele>2548.0</ele>
      </trkpt>
      <trkpt lat="37.20292" lon="-118.80083">
        <ele>2553.0</ele>
      </trkpt>
      <trkpt lat="37.20299" lon="-118.80094">
        <ele>2553.0</ele>
      </trkpt>
      <trkpt lat="37.20305" lon="-118.80097">
        <ele>2553.0</ele>
      </trkpt>
      <trkpt lat="37.20309" lon="-118.80096">
        <ele>2553.0</ele>
      </trkpt>
      <trkpt lat="37.20309" lon="-118.80096">
        <ele>2553.0</ele>
      </trkpt>
      <trkpt lat="37.20326" lon="-118.80087">
        <ele>2555.0</ele>
      </trkpt>
      <trkpt lat="37.20326" lon="-118.80087">
        <ele>2555.0</ele>
      </trkpt>
      <trkpt lat="37.20332" lon="-118.80088">
        <ele>2555.0</ele>
      </trkpt>
      <trkpt lat="37.20353" lon="-118.80158">
        <ele>2552.0</ele>
      </trkpt>
      <trkpt lat="37.20355" lon="-118.80208">
        <ele>2553.0</ele>
      </trkpt>
      <trkpt lat="37.2037" lon="-118.80269">
        <ele>2554.0</ele>
      </trkpt>
      <trkpt lat="37.20384" lon="-118.8029">
        <ele>2553.0</ele>
      </trkpt>
      <trkpt lat="37.20411" lon="-118.80314">
        <ele>2555.0</ele>
      </trkpt>
      <trkpt lat="37.20419" lon="-118.80327">
        <ele>2555.0</ele>
      </trkpt>
      <trkpt lat="37.20424" lon="-118.80343">
        <ele>2555.0</ele>
      </trkpt>
      <trkpt lat="37.20427152423189" lon="-118.8036664317392">
        <ele>2553.0</ele>
      </trkpt>
      <trkpt lat="37.20427152423785" lon="-118.8036664317392">
        <ele>2553.0</ele>
      </trkpt>
      <trkpt lat="37.2043" lon="-118.80388">
        <ele>2551.0</ele>
      </trkpt>
      <trkpt lat="37.2043" lon="-118.80402">
        <ele>2551.0</ele>
      </trkpt>
      <trkpt lat="37.20433" lon="-118.80432">
        <ele>2548.0</ele>
      </trkpt>
      <trkpt lat="37.20437" lon="-118.80449">
        <ele>2548.0</ele>
      </trkpt>
      <trkpt lat="37.20444" lon="-118.8046">
        <ele>2547.0</ele>
      </trkpt>
      <trkpt lat="37.20449" lon="-118.80478">
        <ele>2547.0</ele>
      </trkpt>
      <trkpt lat="37.20458" lon="-118.80496">
        <ele>2547.0</ele>
      </trkpt>
      <trkpt lat="37.20462" lon="-118.80548">
        <ele>2552.0</ele>
      </trkpt>
      <trkpt lat="37.20468" lon="-118.80559">
        <ele>2552.0</ele>
      </trkpt>
      <trkpt lat="37.20487" lon="-118.8057">
        <ele>2554.0</ele>
      </trkpt>
      <trkpt lat="37.20494" lon="-118.80615">
        <ele>2546.0</ele>
      </trkpt>
      <trkpt lat="37.20494" lon="-118.80615">
        <ele>2546.0</ele>
      </trkpt>
      <trkpt lat="37.20509" lon="-118.80673">
        <ele>2540.0</ele>
      </trkpt>
      <trkpt lat="37.20539" lon="-118.80714">
        <ele>2539.0</ele>
      </trkpt>
      <trkpt lat="37.20562" lon="-118.80778">
        <ele>2539.0</ele>
      </trkpt>
      <trkpt lat="37.20578" lon="-118.80802">
        <ele>2539.0</ele>
      </trkpt>
      <trkpt lat="37.20585" lon="-118.80834">
        <ele>2533.0</ele>
      </trkpt>
      <trkpt lat="37.20595" lon="-118.80844">
        <ele>2533.0</ele>
      </trkpt>
      <trkpt lat="37.20607" lon="-118.80863">
        <ele>2531.0</ele>
      </trkpt>
      <trkpt lat="37.20633" lon="-118.8088">
        <ele>2531.0</ele>
      </trkpt>
      <trkpt lat="37.20637" lon="-118.80888">
        <ele>2531.0</ele>
      </trkpt>
      <trkpt lat="37.20644" lon="-118.80913">
        <ele>2526.0</ele>
      </trkpt>
      <trkpt lat="37.20648" lon="-118.80919">
        <ele>2526.0</ele>
      </trkpt>
      <trkpt lat="37.20659" lon="-118.8093">
        <ele>2533.0</ele>
      </trkpt>
      <trkpt lat="37.20692" lon="-118.8095">
        <ele>2535.0</ele>
      </trkpt>
      <trkpt lat="37.20707" lon="-118.80951">
        <ele>2535.0</ele>
      </trkpt>
      <trkpt lat="37.2071" lon="-118.80954">
        <ele>2538.0</ele>
      </trkpt>
      <trkpt lat="37.20726" lon="-118.80952">
        <ele>2538.0</ele>
      </trkpt>
      <trkpt lat="37.20729" lon="-118.80961">
        <ele>2532.0</ele>
      </trkpt>
      <trkpt lat="37.20734" lon="-118.80966">
        <ele>2532.0</ele>
      </trkpt>
      <trkpt lat="37.20746" lon="-118.80969">
        <ele>2535.0</ele>
      </trkpt>
      <trkpt lat="37.20763" lon="-118.80983">
        <ele>2535.0</ele>
      </trkpt>
      <trkpt lat="37.20772" lon="-118.80983">
        <ele>2538.0</ele>
      </trkpt>
      <trkpt lat="37.20793" lon="-118.80996">
        <ele>2530.0</ele>
      </trkpt>
      <trkpt lat="37.20809" lon="-118.80998">
        <ele>2530.0</ele>
      </trkpt>
      <trkpt lat="37.20819" lon="-118.81017">
        <ele>2528.0</ele>
      </trkpt>
      <trkpt lat="37.20829" lon="-118.81021">
        <ele>2527.0</ele>
      </trkpt>
      <trkpt lat="37.20833" lon="-118.81027">
        <ele>2527.0</ele>
      </trkpt>
      <trkpt lat="37.20837" lon="-118.81028">
        <ele>2527.0</ele>
      </trkpt>
      <trkpt lat="37.20868" lon="-118.81067">
        <ele>2522.0</ele>
      </trkpt>
      <trkpt lat="37.20881" lon="-118.81078">
        <ele>2522.0</ele>
      </trkpt>
      <trkpt lat="37.20883" lon="-118.8109">
        <ele>2522.0</ele>
      </trkpt>
      <trkpt lat="37.20895" lon="-118.81095">
        <ele>2522.0</ele>
      </trkpt>
      <trkpt lat="37.20904" lon="-118.81108">
        <ele>2521.0</ele>
      </trkpt>
      <trkpt lat="37.20912" lon="-118.81114">
        <ele>2521.0</ele>
      </trkpt>
      <trkpt lat="37.20926" lon="-118.81113">
        <ele>2521.0</ele>
      </trkpt>
      <trkpt lat="37.20967" lon="-118.81165">
        <ele>2514.0</ele>
      </trkpt>
      <trkpt lat="37.21005" lon="-118.81202">
        <ele>2514.0</ele>
      </trkpt>
      <trkpt lat="37.2102" lon="-118.81207">
        <ele>2520.0</ele>
      </trkpt>
      <trkpt lat="37.21034" lon="-118.81221">
        <ele>2515.0</ele>
      </trkpt>
      <trkpt lat="37.21047" lon="-118.81245">
        <ele>2515.0</ele>
      </trkpt>
      <trkpt lat="37.21052" lon="-118.8125">
        <ele>2515.0</ele>
      </trkpt>
      <trkpt lat="37.21063" lon="-118.81255">
        <ele>2515.0</ele>
      </trkpt>
      <trkpt lat="37.2107" lon="-118.81253">
        <ele>2513.0</ele>
      </trkpt>
      <trkpt lat="37.21073" lon="-118.81261">
        <ele>2513.0</ele>
      </trkpt>
      <trkpt lat="37.21138" lon="-118.81308">
        <ele>2507.0</ele>
      </trkpt>
      <trkpt lat="37.21149" lon="-118.81311">
        <ele>2507.0</ele>
      </trkpt>
      <trkpt lat="37.21162" lon="-118.81308">
        <ele>2509.0</ele>
      </trkpt>
      <trkpt lat="37.21167" lon="-118.8131">
        <ele>2509.0</ele>
      </trkpt>
      <trkpt lat="37.21176" lon="-118.8133">
        <ele>2504.0</ele>
      </trkpt>
      <trkpt lat="37.21186" lon="-118.81336">
        <ele>2507.0</ele>
      </trkpt>
      <trkpt lat="37.2121" lon="-118.81359">
        <ele>2507.0</ele>
      </trkpt>
      <trkpt lat="37.21226" lon="-118.81383">
        <ele>2504.0</ele>
      </trkpt>
      <trkpt lat="37.21251" lon="-118.81405">
        <ele>2507.0</ele>
      </trkpt>
      <trkpt lat="37.21258" lon="-118.81417">
        <ele>2507.0</ele>
      </trkpt>
      <trkpt lat="37.21269" lon="-118.81424">
        <ele>2508.0</ele>
      </trkpt>
      <trkpt lat="37.21278" lon="-118.81452">
        <ele>2507.0</ele>
      </trkpt>
      <trkpt lat="37.21278" lon="-118.81466">
        <ele>2507.0</ele>
      </trkpt>
      <trkpt lat="37.21283" lon="-118.81474">
        <ele>2507.0</ele>
      </trkpt>
      <trkpt lat="37.21283" lon="-118.81474">
        <ele>2507.0</ele>
      </trkpt>
      <trkpt lat="37.21296" lon="-118.81517">
        <ele>2506.0</ele>
      </trkpt>
      <trkpt lat="37.21312" lon="-118.81561">
        <ele>2501.0</ele>
      </trkpt>
      <trkpt lat="37.21327" lon="-118.81591">
        <ele>2500.0</ele>
      </trkpt>
      <trkpt lat="37.21349" lon="-118.81622">
        <ele>2502.0</ele>
      </trkpt>
      <trkpt lat="37.21371" lon="-118.81659">
        <ele>2494.0</ele>
      </trkpt>
      <trkpt lat="37.21411" lon="-118.81755">
        <ele>2497.0</ele>
      </trkpt>
      <trkpt lat="37.21471" lon="-118.81909">
        <ele>2498.0</ele>
      </trkpt>
      <trkpt lat="37.21475" lon="-118.81927">
        <ele>2498.0</ele>
      </trkpt>
      <trkpt lat="37.21472" lon="-118.8197">
        <ele>2491.0</ele>
      </trkpt>
      <trkpt lat="37.2148" lon="-118.82004">
        <ele>2488.0</ele>
      </trkpt>
      <trkpt lat="37.21514" lon="-118.82064">
        <ele>2495.0</ele>
      </trkpt>
      <trkpt lat="37.21527" lon="-118.82113">
        <ele>2486.0</ele>
      </trkpt>
      <trkpt lat="37.21542" lon="-118.82207">
        <ele>2485.0</ele>
      </trkpt>
      <trkpt lat="37.21559" lon="-118.82239">
        <ele>2483.0</ele>
      </trkpt>
      <trkpt lat="37.21565" lon="-118.82258">
        <ele>2483.0</ele>
      </trkpt>
      <trkpt lat="37.21573" lon="-118.82271">
        <ele>2484.0</ele>
      </trkpt>
      <trkpt lat="37.21576" lon="-118.82283">
        <ele>2484.0</ele>
      </trkpt>
      <trkpt lat="37.21582" lon="-118.82285">
        <ele>2484.0</ele>
      </trkpt>
      <trkpt lat="37.21584" lon="-118.82293">
        <ele>2483.0</ele>
      </trkpt>
      <trkpt lat="37.21595" lon="-118.82301">
        <ele>2483.0</ele>
      </trkpt>
      <trkpt lat="37.216" lon="-118.82307">
        <ele>2484.0</ele>
      </trkpt>
      <trkpt lat="37.21606" lon="-118.82327">
        <ele>2483.0</ele>
      </trkpt>
      <trkpt lat="37.21609" lon="-118.82328">
        <ele>2483.0</ele>
      </trkpt>
      <trkpt lat="37.21612" lon="-118.82347">
        <ele>2483.0</ele>
      </trkpt>
      <trkpt lat="37.21641" lon="-118.82394">
        <ele>2481.0</ele>
      </trkpt>
      <trkpt lat="37.21678" lon="-118.82431">
        <ele>2483.0</ele>
      </trkpt>
      <trkpt lat="37.21731" lon="-118.82475">
        <ele>2483.0</ele>
      </trkpt>
      <trkpt lat="37.21748" lon="-118.82508">
        <ele>2482.0</ele>
      </trkpt>
      <trkpt lat="37.21763" lon="-118.8252">
        <ele>2482.0</ele>
      </trkpt>
      <trkpt lat="37.21793" lon="-118.82518">
        <ele>2488.0</ele>
      </trkpt>
      <trkpt lat="37.21826" lon="-118.82525">
        <ele>2489.0</ele>
      </trkpt>
      <trkpt lat="37.21844" lon="-118.82518">
        <ele>2489.0</ele>
      </trkpt>
      <trkpt lat="37.21855" lon="-118.82518">
        <ele>2489.0</ele>
      </trkpt>
      <trkpt lat="37.21885" lon="-118.82488">
        <ele>2490.0</ele>
      </trkpt>
      <trkpt lat="37.21899" lon="-118.82483">
        <ele>2496.0</ele>
      </trkpt>
      <trkpt lat="37.21906" lon="-118.82463">
        <ele>2486.0</ele>
      </trkpt>
      <trkpt lat="37.2191" lon="-118.82459">
        <ele>2486.0</ele>
      </trkpt>
      <trkpt lat="37.21916" lon="-118.82426">
        <ele>2493.0</ele>
      </trkpt>
      <trkpt lat="37.21924" lon="-118.82414">
        <ele>2493.0</ele>
      </trkpt>
      <trkpt lat="37.21935" lon="-118.82409">
        <ele>2492.0</ele>
      </trkpt>
      <trkpt lat="37.21941" lon="-118.8241">
        <ele>2492.0</ele>
      </trkpt>
      <trkpt lat="37.21963" lon="-118.82431">
        <ele>2487.0</ele>
      </trkpt>
      <trkpt lat="37.21993" lon="-118.82452">
        <ele>2486.0</ele>
      </trkpt>
      <trkpt lat="37.21998" lon="-118.82453">
        <ele>2486.0</ele>
      </trkpt>
      <trkpt lat="37.2202" lon="-118.82449">
        <ele>2487.0</ele>
      </trkpt>
      <trkpt lat="37.22027" lon="-118.82451">
        <ele>2487.0</ele>
      </trkpt>
      <trkpt lat="37.22061" lon="-118.82503">
        <ele>2484.0</ele>
      </trkpt>
      <trkpt lat="37.22073" lon="-118.82504">
        <ele>2488.0</ele>
      </trkpt>
      <trkpt lat="37.22099" lon="-118.82527">
        <ele>2482.0</ele>
      </trkpt>
      <trkpt lat="37.22111" lon="-118.82565">
        <ele>2477.0</ele>
      </trkpt>
      <trkpt lat="37.22131" lon="-118.82601">
        <ele>2471.0</ele>
      </trkpt>
      <trkpt lat="37.22143" lon="-118.82637">
        <ele>2466.0</ele>
      </trkpt>
      <trkpt lat="37.22159" lon="-118.82677">
        <ele>2468.0</ele>
      </trkpt>
      <trkpt lat="37.22165" lon="-118.82688">
        <ele>2463.0</ele>
      </trkpt>
      <trkpt lat="37.22171" lon="-118.82691">
        <ele>2463.0</ele>
      </trkpt>
      <trkpt lat="37.22182" lon="-118.82706">
        <ele>2469.0</ele>
      </trkpt>
      <trkpt lat="37.22198" lon="-118.82739">
        <ele>2458.0</ele>
      </trkpt>
      <trkpt lat="37.22207" lon="-118.82748">
        <ele>2458.0</ele>
      </trkpt>
      <trkpt lat="37.2222" lon="-118.82782">
        <ele>2459.0</ele>
      </trkpt>
      <trkpt lat="37.22239" lon="-118.82812">
        <ele>2459.0</ele>
      </trkpt>
      <trkpt lat="37.22239" lon="-118.82812">
        <ele>2459.0</ele>
      </trkpt>
      <trkpt lat="37.22283" lon="-118.82904">
        <ele>2450.0</ele>
      </trkpt>
      <trkpt lat="37.22293" lon="-118.82909">
        <ele>2450.0</ele>
      </trkpt>
      <trkpt lat="37.22312" lon="-118.8293">
        <ele>2450.0</ele>
      </trkpt>
      <trkpt lat="37.22328" lon="-118.82951">
        <ele>2450.0</ele>
      </trkpt>
      <trkpt lat="37.22335" lon="-118.82966">
        <ele>2448.0</ele>
      </trkpt>
      <trkpt lat="37.22357" lon="-118.82978">
        <ele>2452.0</ele>
      </trkpt>
      <trkpt lat="37.22374" lon="-118.83007">
        <ele>2452.0</ele>
      </trkpt>
      <trkpt lat="37.22392" lon="-118.83051">
        <ele>2452.0</ele>
      </trkpt>
      <trkpt lat="37.22412" lon="-118.83091">
        <ele>2453.0</ele>
      </trkpt>
      <trkpt lat="37.22413" lon="-118.83101">
        <ele>2454.0</ele>
      </trkpt>
      <trkpt lat="37.22408" lon="-118.83117">
        <ele>2454.0</ele>
      </trkpt>
      <trkpt lat="37.22406" lon="-118.83146">
        <ele>2456.0</ele>
      </trkpt>
      <trkpt lat="37.22409" lon="-118.83173">
        <ele>2457.0</ele>
      </trkpt>
      <trkpt lat="37.22457" lon="-118.83203">
        <ele>2455.0</ele>
      </trkpt>
      <trkpt lat="37.22463" lon="-118.83213">
        <ele>2454.0</ele>
      </trkpt>
      <trkpt lat="37.2252" lon="-118.8328">
        <ele>2455.0</ele>
      </trkpt>
      <trkpt lat="37.22526" lon="-118.83292">
        <ele>2454.0</ele>
      </trkpt>
      <trkpt lat="37.22525" lon="-118.833">
        <ele>2454.0</ele>
      </trkpt>
      <trkpt lat="37.2253" lon="-118.83306">
        <ele>2454.0</ele>
      </trkpt>
      <trkpt lat="37.22531" lon="-118.83311">
        <ele>2454.0</ele>
      </trkpt>
      <trkpt lat="37.22531" lon="-118.83311">
        <ele>2454.0</ele>
      </trkpt>
      <trkpt lat="37.22522" lon="-118.83336">
        <ele>2457.0</ele>
      </trkpt>
      <trkpt lat="37.22522" lon="-118.83336">
        <ele>2457.0</ele>
      </trkpt>
      <trkpt lat="37.22519" lon="-118.83343">
        <ele>2457.0</ele>
      </trkpt>
      <trkpt lat="37.22519" lon="-118.83343">
        <ele>2457.0</ele>
      </trkpt>
      <trkpt lat="37.22519" lon="-118.83343">
        <ele>2457.0</ele>
      </trkpt>
      <trkpt lat="37.22492" lon="-118.83365">
        <ele>2459.0</ele>
      </trkpt>
      <trkpt lat="37.22485" lon="-118.83385">
        <ele>2456.0</ele>
      </trkpt>
      <trkpt lat="37.22483" lon="-118.83397">
        <ele>2456.0</ele>
      </trkpt>
      <trkpt lat="37.22479" lon="-118.83398">
        <ele>2456.0</ele>
      </trkpt>
      <trkpt lat="37.22476" lon="-118.83404">
        <ele>2453.0</ele>
      </trkpt>
      <trkpt lat="37.22472" lon="-118.83432">
        <ele>2450.0</ele>
      </trkpt>
      <trkpt lat="37.22464" lon="-118.83448">
        <ele>2450.0</ele>
      </trkpt>
      <trkpt lat="37.22462" lon="-118.83465">
        <ele>2449.0</ele>
      </trkpt>
      <trkpt lat="37.22452" lon="-118.83495">
        <ele>2442.0</ele>
      </trkpt>
      <trkpt lat="37.2246" lon="-118.83522">
        <ele>2445.0</ele>
      </trkpt>
      <trkpt lat="37.22452" lon="-118.83553">
        <ele>2439.0</ele>
      </trkpt>
      <trkpt lat="37.2244" lon="-118.83637">
        <ele>2440.0</ele>
      </trkpt>
      <trkpt lat="37.22414" lon="-118.83696">
        <ele>2441.0</ele>
      </trkpt>
      <trkpt lat="37.22397561380237" lon="-118.837445686493">
        <ele>2435.0</ele>
      </trkpt>
      <trkpt lat="37.22397561386298" lon="-118.837445686493">
        <ele>2435.0</ele>
      </trkpt>
      <trkpt lat="37.22392" lon="-118.83761">
        <ele>2435.0</ele>
      </trkpt>
      <trkpt lat="37.22369" lon="-118.83859">
        <ele>2431.0</ele>
      </trkpt>
      <trkpt lat="37.22364" lon="-118.83898">
        <ele>2431.0</ele>
      </trkpt>
      <trkpt lat="37.22365" lon="-118.83909">
        <ele>2432.0</ele>
      </trkpt>
      <trkpt lat="37.2236" lon="-118.83932">
        <ele>2434.0</ele>
      </trkpt>
      <trkpt lat="37.22361" lon="-118.83955">
        <ele>2434.0</ele>
      </trkpt>
      <trkpt lat="37.2237" lon="-118.83975">
        <ele>2437.0</ele>
      </trkpt>
      <trkpt lat="37.22374" lon="-118.83998">
        <ele>2438.0</ele>
      </trkpt>
      <trkpt lat="37.22402" lon="-118.84051">
        <ele>2434.0</ele>
      </trkpt>
      <trkpt lat="37.22429" lon="-118.84094">
        <ele>2428.0</ele>
      </trkpt>
      <trkpt lat="37.22462" lon="-118.84136">
        <ele>2426.0</ele>
      </trkpt>
      <trkpt lat="37.2248" lon="-118.84145">
        <ele>2426.0</ele>
      </trkpt>
      <trkpt lat="37.22497" lon="-118.84164">
        <ele>2423.0</ele>
      </trkpt>
      <trkpt lat="37.2253" lon="-118.84238">
        <ele>2422.0</ele>
      </trkpt>
      <trkpt lat="37.22532" lon="-118.84271">
        <ele>2421.0</ele>
      </trkpt>
      <trkpt lat="37.22518" lon="-118.84312">
        <ele>2419.0</ele>
      </trkpt>
      <trkpt lat="37.22511" lon="-118.84352">
        <ele>2419.0</ele>
      </trkpt>
      <trkpt lat="37.22506" lon="-118.84365">
        <ele>2419.0</ele>
      </trkpt>
      <trkpt lat="37.22497" lon="-118.84418">
        <ele>2415.0</ele>
      </trkpt>
      <trkpt lat="37.2249" lon="-118.84438">
        <ele>2411.0</ele>
      </trkpt>
      <trkpt lat="37.22476" lon="-118.84456">
        <ele>2409.0</ele>
      </trkpt>
      <trkpt lat="37.22468" lon="-118.84476">
        <ele>2408.0</ele>
      </trkpt>
      <trkpt lat="37.22456" lon="-118.84493">
        <ele>2412.0</ele>
      </trkpt>
      <trkpt lat="37.22422" lon="-118.84523">
        <ele>2417.0</ele>
      </trkpt>
      <trkpt lat="37.22411" lon="-118.84548">
        <ele>2418.0</ele>
      </trkpt>
      <trkpt lat="37.22407" lon="-118.84578">
        <ele>2418.0</ele>
      </trkpt>
      <trkpt lat="37.22383" lon="-118.84621">
        <ele>2413.0</ele>
      </trkpt>
      <trkpt lat="37.22379" lon="-118.84625">
        <ele>2413.0</ele>
      </trkpt>
      <trkpt lat="37.22363" lon="-118.84658">
        <ele>2415.0</ele>
      </trkpt>
      <trkpt lat="37.22352" lon="-118.84672">
        <ele>2415.0</ele>
      </trkpt>
      <trkpt lat="37.22349" lon="-118.84692">
        <ele>2415.0</ele>
      </trkpt>
      <trkpt lat="37.22342" lon="-118.84709">
        <ele>2415.0</ele>
      </trkpt>
      <trkpt lat="37.22321" lon="-118.84736">
        <ele>2415.0</ele>
      </trkpt>
      <trkpt lat="37.22312" lon="-118.84757">
        <ele>2417.0</ele>
      </trkpt>
      <trkpt lat="37.2231" lon="-118.84782">
        <ele>2420.0</ele>
      </trkpt>
      <trkpt lat="37.22305" lon="-118.84801">
        <ele>2425.0</ele>
      </trkpt>
      <trkpt lat="37.22293" lon="-118.84813">
        <ele>2425.0</ele>
      </trkpt>
      <trkpt lat="37.22276" lon="-118.84822">
        <ele>2424.0</ele>
      </trkpt>
      <trkpt lat="37.2226742097745" lon="-118.8485116867667">
        <ele>2426.0</ele>
      </trkpt>
      <trkpt lat="37.2226742097745" lon="-118.8485116867667">
        <ele>2426.0</ele>
      </trkpt>
      <trkpt lat="37.22266" lon="-118.84856">
        <ele>2426.0</ele>
      </trkpt>
      <trkpt lat="37.22258" lon="-118.84867">
        <ele>2420.0</ele>
      </trkpt>
      <trkpt lat="37.22253" lon="-118.84888">
        <ele>2420.0</ele>
      </trkpt>
      <trkpt lat="37.22266" lon="-118.84929">
        <ele>2425.0</ele>
      </trkpt>
      <trkpt lat="37.2227" lon="-118.84935">
        <ele>2426.0</ele>
      </trkpt>
      <trkpt lat="37.22268" lon="-118.84947">
        <ele>2426.0</ele>
      </trkpt>
      <trkpt lat="37.22271" lon="-118.84971">
        <ele>2429.0</ele>
      </trkpt>
      <trkpt lat="37.22278" lon="-118.84985">
        <ele>2429.0</ele>
      </trkpt>
      <trkpt lat="37.22279" lon="-118.84999">
        <ele>2430.0</ele>
      </trkpt>
      <trkpt lat="37.22276" lon="-118.8501">
        <ele>2430.0</ele>
      </trkpt>
      <trkpt lat="37.22276" lon="-118.8501">
        <ele>2430.0</ele>
      </trkpt>
      <trkpt lat="37.22261" lon="-118.85046">
        <ele>2425.0</ele>
      </trkpt>
      <trkpt lat="37.22255" lon="-118.85054">
        <ele>2425.0</ele>
      </trkpt>
      <trkpt lat="37.22254" lon="-118.85061">
        <ele>2425.0</ele>
      </trkpt>
      <trkpt lat="37.22254" lon="-118.85073">
        <ele>2425.0</ele>
      </trkpt>
      <trkpt lat="37.22258" lon="-118.85088">
        <ele>2425.0</ele>
      </trkpt>
      <trkpt lat="37.22257" lon="-118.8511">
        <ele>2425.0</ele>
      </trkpt>
      <trkpt lat="37.22243" lon="-118.85173">
        <ele>2426.0</ele>
      </trkpt>
      <trkpt lat="37.22243" lon="-118.8519">
        <ele>2425.0</ele>
      </trkpt>
      <trkpt lat="37.22237" lon="-118.85208">
        <ele>2425.0</ele>
      </trkpt>
      <trkpt lat="37.22237" lon="-118.85225">
        <ele>2423.0</ele>
      </trkpt>
      <trkpt lat="37.22232" lon="-118.85247">
        <ele>2419.0</ele>
      </trkpt>
      <trkpt lat="37.22237" lon="-118.85268">
        <ele>2421.0</ele>
      </trkpt>
      <trkpt lat="37.22236" lon="-118.85327">
        <ele>2417.0</ele>
      </trkpt>
      <trkpt lat="37.22238" lon="-118.8535">
        <ele>2418.0</ele>
      </trkpt>
      <trkpt lat="37.22231" lon="-118.85362">
        <ele>2417.0</ele>
      </trkpt>
      <trkpt lat="37.22231" lon="-118.85382">
        <ele>2416.0</ele>
      </trkpt>
      <trkpt lat="37.22241" lon="-118.85405">
        <ele>2413.0</ele>
      </trkpt>
      <trkpt lat="37.2226" lon="-118.85426">
        <ele>2413.0</ele>
      </trkpt>
      <trkpt lat="37.22271460108667" lon="-118.8544853821371">
        <ele>2408.0</ele>
      </trkpt>
      <trkpt lat="37.22271460122752" lon="-118.8544853821371">
        <ele>2408.0</ele>
      </trkpt>
      <trkpt lat="37.2229" lon="-118.85485">
        <ele>2406.0</ele>
      </trkpt>
      <trkpt lat="37.22307" lon="-118.85545">
        <ele>2404.0</ele>
      </trkpt>
      <trkpt lat="37.2231" lon="-118.8557">
        <ele>2403.0</ele>
      </trkpt>
      <trkpt lat="37.22309" lon="-118.85618">
        <ele>2402.0</ele>
      </trkpt>
      <trkpt lat="37.22319" lon="-118.85648">
        <ele>2401.0</ele>
      </trkpt>
      <trkpt lat="37.22325" lon="-118.85654">
        <ele>2411.0</ele>
      </trkpt>
      <trkpt lat="37.22329" lon="-118.85669">
        <ele>2411.0</ele>
      </trkpt>
      <trkpt lat="37.22337" lon="-118.85674">
        <ele>2411.0</ele>
      </trkpt>
      <trkpt lat="37.22354" lon="-118.85696">
        <ele>2416.0</ele>
      </trkpt>
      <trkpt lat="37.22364" lon="-118.85721">
        <ele>2411.0</ele>
      </trkpt>
      <trkpt lat="37.22398" lon="-118.85782">
        <ele>2406.0</ele>
      </trkpt>
      <trkpt lat="37.22405" lon="-118.85787">
        <ele>2412.0</ele>
      </trkpt>
      <trkpt lat="37.22405" lon="-118.85811">
        <ele>2410.0</ele>
      </trkpt>
      <trkpt lat="37.22392" lon="-118.85836">
        <ele>2403.0</ele>
      </trkpt>
      <trkpt lat="37.22395" lon="-118.8586">
        <ele>2403.0</ele>
      </trkpt>
      <trkpt lat="37.22404" lon="-118.85873">
        <ele>2409.0</ele>
      </trkpt>
      <trkpt lat="37.22413" lon="-118.85903">
        <ele>2405.0</ele>
      </trkpt>
      <trkpt lat="37.22442" lon="-118.85914">
        <ele>2405.0</ele>
      </trkpt>
      <trkpt lat="37.22508" lon="-118.86024">
        <ele>2409.0</ele>
      </trkpt>
      <trkpt lat="37.22544" lon="-118.86096">
        <ele>2413.0</ele>
      </trkpt>
      <trkpt lat="37.22572" lon="-118.86115">
        <ele>2412.0</ele>
      </trkpt>
      <trkpt lat="37.22579" lon="-118.86127">
        <ele>2409.0</ele>
      </trkpt>
      <trkpt lat="37.22579" lon="-118.86127">
        <ele>2409.0</ele>
      </trkpt>
      <trkpt lat="37.22576" lon="-118.86138">
        <ele>2409.0</ele>
      </trkpt>
      <trkpt lat="37.22572" lon="-118.86174">
        <ele>2405.0</ele>
      </trkpt>
      <trkpt lat="37.22577" lon="-118.86184">
        <ele>2405.0</ele>
      </trkpt>
      <trkpt lat="37.22578" lon="-118.86199">
        <ele>2405.0</ele>
      </trkpt>
      <trkpt lat="37.22569" lon="-118.86213">
        <ele>2399.0</ele>
      </trkpt>
      <trkpt lat="37.22567" lon="-118.86223">
        <ele>2399.0</ele>
      </trkpt>
      <trkpt lat="37.22569" lon="-118.86232">
        <ele>2399.0</ele>
      </trkpt>
      <trkpt lat="37.22573" lon="-118.86238">
        <ele>2402.0</ele>
      </trkpt>
      <trkpt lat="37.22578" lon="-118.86259">
        <ele>2402.0</ele>
      </trkpt>
      <trkpt lat="37.22592" lon="-118.8627">
        <ele>2396.0</ele>
      </trkpt>
      <trkpt lat="37.22595" lon="-118.86278">
        <ele>2396.0</ele>
      </trkpt>
      <trkpt lat="37.22594" lon="-118.86286">
        <ele>2396.0</ele>
      </trkpt>
      <trkpt lat="37.22587" lon="-118.86293">
        <ele>2392.0</ele>
      </trkpt>
      <trkpt lat="37.22585" lon="-118.8631">
        <ele>2392.0</ele>
      </trkpt>
      <trkpt lat="37.22587" lon="-118.86326">
        <ele>2388.0</ele>
      </trkpt>
      <trkpt lat="37.22586" lon="-118.86347">
        <ele>2388.0</ele>
      </trkpt>
      <trkpt lat="37.22591" lon="-118.86359">
        <ele>2387.0</ele>
      </trkpt>
      <trkpt lat="37.2261" lon="-118.86387">
        <ele>2388.0</ele>
      </trkpt>
      <trkpt lat="37.22611" lon="-118.86394">
        <ele>2388.0</ele>
      </trkpt>
      <trkpt lat="37.22621" lon="-118.86402">
        <ele>2388.0</ele>
      </trkpt>
      <trkpt lat="37.22646" lon="-118.86406">
        <ele>2386.0</ele>
      </trkpt>
      <trkpt lat="37.2266" lon="-118.86413">
        <ele>2388.0</ele>
      </trkpt>
      <trkpt lat="37.22674" lon="-118.86423">
        <ele>2388.0</ele>
      </trkpt>
      <trkpt lat="37.22697" lon="-118.86447">
        <ele>2390.0</ele>
      </trkpt>
      <trkpt lat="37.22706" lon="-118.86464">
        <ele>2391.0</ele>
      </trkpt>
      <trkpt lat="37.22708" lon="-118.86478">
        <ele>2391.0</ele>
      </trkpt>
      <trkpt lat="37.22738" lon="-118.86536">
        <ele>2385.0</ele>
      </trkpt>
      <trkpt lat="37.22747" lon="-118.86559">
        <ele>2382.0</ele>
      </trkpt>
      <trkpt lat="37.22752" lon="-118.86583">
        <ele>2379.0</ele>
      </trkpt>
      <trkpt lat="37.22776" lon="-118.86621">
        <ele>2375.0</ele>
      </trkpt>
      <trkpt lat="37.22798" lon="-118.86647">
        <ele>2369.0</ele>
      </trkpt>
      <trkpt lat="37.22812" lon="-118.86655">
        <ele>2365.0</ele>
      </trkpt>
      <trkpt lat="37.22825" lon="-118.8667">
        <ele>2368.0</ele>
      </trkpt>
      <trkpt lat="37.22867" lon="-118.86689">
        <ele>2371.0</ele>
      </trkpt>
      <trkpt lat="37.22879" lon="-118.86701">
        <ele>2380.0</ele>
      </trkpt>
      <trkpt lat="37.22883" lon="-118.86712">
        <ele>2377.0</ele>
      </trkpt>
      <trkpt lat="37.22882" lon="-118.86724">
        <ele>2377.0</ele>
      </trkpt>
      <trkpt lat="37.22887" lon="-118.86733">
        <ele>2377.0</ele>
      </trkpt>
      <trkpt lat="37.22906" lon="-118.86744">
        <ele>2388.0</ele>
      </trkpt>
      <trkpt lat="37.22915" lon="-118.86753">
        <ele>2388.0</ele>
      </trkpt>
      <trkpt lat="37.22946" lon="-118.8677">
        <ele>2395.0</ele>
      </trkpt>
      <trkpt lat="37.22965" lon="-118.86776">
        <ele>2402.0</ele>
      </trkpt>
      <trkpt lat="37.22969" lon="-118.86784">
        <ele>2402.0</ele>
      </trkpt>
      <trkpt lat="37.22957" lon="-118.86803">
        <ele>2393.0</ele>
      </trkpt>
      <trkpt lat="37.2296" lon="-118.8681">
        <ele>2397.0</ele>
      </trkpt>
      <trkpt lat="37.22991" lon="-118.86826">
        <ele>2401.0</ele>
      </trkpt>
      <trkpt lat="37.23003" lon="-118.86838">
        <ele>2401.0</ele>
      </trkpt>
      <trkpt lat="37.2302" lon="-118.86845">
        <ele>2406.0</ele>
      </trkpt>
      <trkpt lat="37.23033" lon="-118.86857">
        <ele>2406.0</ele>
      </trkpt>
      <trkpt lat="37.23033" lon="-118.86857">
        <ele>2406.0</ele>
      </trkpt>
      <trkpt lat="37.23059" lon="-118.86888">
        <ele>2405.0</ele>
      </trkpt>
      <trkpt lat="37.23074" lon="-118.86899">
        <ele>2404.0</ele>
      </trkpt>
      <trkpt lat="37.23114" lon="-118.8695">
        <ele>2400.0</ele>
      </trkpt>
      <trkpt lat="37.23128" lon="-118.86964">
        <ele>2401.0</ele>
      </trkpt>
      <trkpt lat="37.23144" lon="-118.86984">
        <ele>2401.0</ele>
      </trkpt>
      <trkpt lat="37.23163" lon="-118.87016">
        <ele>2392.0</ele>
      </trkpt>
      <trkpt lat="37.2319" lon="-118.87051">
        <ele>2388.0</ele>
      </trkpt>
      <trkpt lat="37.23197" lon="-118.87059">
        <ele>2388.0</ele>
      </trkpt>
      <trkpt lat="37.23215" lon="-118.87067">
        <ele>2401.0</ele>
      </trkpt>
      <trkpt lat="37.23222" lon="-118.87081">
        <ele>2398.0</ele>
      </trkpt>
      <trkpt lat="37.23237" lon="-118.87091">
        <ele>2403.0</ele>
      </trkpt>
      <trkpt lat="37.23249" lon="-118.87105">
        <ele>2401.0</ele>
      </trkpt>
      <trkpt lat="37.23258" lon="-118.87121">
        <ele>2401.0</ele>
      </trkpt>
      <trkpt lat="37.23272" lon="-118.87158">
        <ele>2400.0</ele>
      </trkpt>
      <trkpt lat="37.23301" lon="-118.87194">
        <ele>2406.0</ele>
      </trkpt>
      <trkpt lat="37.23311" lon="-118.87199">
        <ele>2406.0</ele>
      </trkpt>
      <trkpt lat="37.23317" lon="-118.87207">
        <ele>2406.0</ele>
      </trkpt>
      <trkpt lat="37.23317" lon="-118.87207">
        <ele>2406.0</ele>
      </trkpt>
      <trkpt lat="37.23365" lon="-118.87254">
        <ele>2412.0</ele>
      </trkpt>
      <trkpt lat="37.23389" lon="-118.87272">
        <ele>2410.0</ele>
      </trkpt>
      <trkpt lat="37.23415" lon="-118.87332">
        <ele>2405.0</ele>
      </trkpt>
      <trkpt lat="37.23433" lon="-118.87365">
        <ele>2404.0</ele>
      </trkpt>
      <trkpt lat="37.23433" lon="-118.87387">
        <ele>2399.0</ele>
      </trkpt>
      <trkpt lat="37.23443" lon="-118.87421">
        <ele>2393.0</ele>
      </trkpt>
      <trkpt lat="37.23459" lon="-118.8744">
        <ele>2393.0</ele>
      </trkpt>
      <trkpt lat="37.23463" lon="-118.87469">
        <ele>2389.0</ele>
      </trkpt>
      <trkpt lat="37.23477" lon="-118.87495">
        <ele>2385.0</ele>
      </trkpt>
      <trkpt lat="37.2347828603744" lon="-118.8749950113104">
        <ele>2385.0</ele>
      </trkpt>
      <trkpt lat="37.23478286037673" lon="-118.8749950113104">
        <ele>2385.0</ele>
      </trkpt>
      <trkpt lat="37.23481" lon="-118.87509">
        <ele>2385.0</ele>
      </trkpt>
      <trkpt lat="37.23521" lon="-118.87572">
        <ele>2382.0</ele>
      </trkpt>
      <trkpt lat="37.2353" lon="-118.8758">
        <ele>2382.0</ele>
      </trkpt>
      <trkpt lat="37.23561" lon="-118.87592">
        <ele>2381.0</ele>
      </trkpt>
      <trkpt lat="37.23582" lon="-118.87614">
        <ele>2379.0</ele>
      </trkpt>
      <trkpt lat="37.23604" lon="-118.87624">
        <ele>2383.0</ele>
      </trkpt>
      <trkpt lat="37.23613" lon="-118.87632">
        <ele>2381.0</ele>
      </trkpt>
      <trkpt lat="37.23619" lon="-118.87641">
        <ele>2381.0</ele>
      </trkpt>
      <trkpt lat="37.23638" lon="-118.8765">
        <ele>2383.0</ele>
      </trkpt>
      <trkpt lat="37.23654" lon="-118.87666">
        <ele>2383.0</ele>
      </trkpt>
      <trkpt lat="37.2366" lon="-118.87676">
        <ele>2383.0</ele>
      </trkpt>
      <trkpt lat="37.2367" lon="-118.87699">
        <ele>2380.0</ele>
      </trkpt>
      <trkpt lat="37.23674" lon="-118.87718">
        <ele>2378.0</ele>
      </trkpt>
      <trkpt lat="37.23674" lon="-118.87728">
        <ele>2378.0</ele>
      </trkpt>
      <trkpt lat="37.23678" lon="-118.87741">
        <ele>2375.0</ele>
      </trkpt>
      <trkpt lat="37.23709" lon="-118.87782">
        <ele>2377.0</ele>
      </trkpt>
      <trkpt lat="37.23709" lon="-118.87782">
        <ele>2377.0</ele>
      </trkpt>
      <trkpt lat="37.23709" lon="-118.87782">
        <ele>2377.0</ele>
      </trkpt>
      <trkpt lat="37.23706" lon="-118.87825">
        <ele>2368.0</ele>
      </trkpt>
      <trkpt lat="37.237" lon="-118.87846">
        <ele>2368.0</ele>
      </trkpt>
      <trkpt lat="37.23702" lon="-118.87877">
        <ele>2367.0</ele>
      </trkpt>
      <trkpt lat="37.23698" lon="-118.8789">
        <ele>2367.0</ele>
      </trkpt>
      <trkpt lat="37.23687" lon="-118.87908">
        <ele>2367.0</ele>
      </trkpt>
      <trkpt lat="37.23681" lon="-118.87926">
        <ele>2367.0</ele>
      </trkpt>
      <trkpt lat="37.23679" lon="-118.87943">
        <ele>2364.0</ele>
      </trkpt>
      <trkpt lat="37.23686" lon="-118.87963">
        <ele>2367.0</ele>
      </trkpt>
      <trkpt lat="37.23696" lon="-118.87981">
        <ele>2367.0</ele>
      </trkpt>
      <trkpt lat="37.237" lon="-118.87994">
        <ele>2364.0</ele>
      </trkpt>
      <trkpt lat="37.237" lon="-118.87994">
        <ele>2364.0</ele>
      </trkpt>
      <trkpt lat="37.237" lon="-118.87994">
        <ele>2364.0</ele>
      </trkpt>
      <trkpt lat="37.23738" lon="-118.8802">
        <ele>2360.0</ele>
      </trkpt>
      <trkpt lat="37.23749703016569" lon="-118.8802491526696">
        <ele>2360.0</ele>
      </trkpt>
      <trkpt lat="37.23749703046297" lon="-118.8802491526696">
        <ele>2360.0</ele>
      </trkpt>
      <trkpt lat="37.23788" lon="-118.88041">
        <ele>2362.0</ele>
      </trkpt>
      <trkpt lat="37.23847" lon="-118.88084">
        <ele>2352.0</ele>
      </trkpt>
      <trkpt lat="37.23899" lon="-118.88155">
        <ele>2342.0</ele>
      </trkpt>
      <trkpt lat="37.23944" lon="-118.88189">
        <ele>2344.0</ele>
      </trkpt>
      <trkpt lat="37.23959" lon="-118.88212">
        <ele>2341.0</ele>
      </trkpt>
      <trkpt lat="37.23959" lon="-118.88212">
        <ele>2341.0</ele>
      </trkpt>
      <trkpt lat="37.23959" lon="-118.88212">
        <ele>2341.0</ele>
      </trkpt>
      <trkpt lat="37.23992" lon="-118.88228">
        <ele>2339.0</ele>
      </trkpt>
      <trkpt lat="37.2401" lon="-118.88258">
        <ele>2338.0</ele>
      </trkpt>
      <trkpt lat="37.24007" lon="-118.8828">
        <ele>2339.0</ele>
      </trkpt>
      <trkpt lat="37.24061" lon="-118.88306">
        <ele>2342.0</ele>
      </trkpt>
      <trkpt lat="37.24095" lon="-118.88314">
        <ele>2344.0</ele>
      </trkpt>
      <trkpt lat="37.24124" lon="-118.88326">
        <ele>2347.0</ele>
      </trkpt>
      <trkpt lat="37.24130458109904" lon="-118.8835900811729">
        <ele>2349.0</ele>
      </trkpt>
      <trkpt lat="37.24130458110995" lon="-118.8835900811729">
        <ele>2349.0</ele>
      </trkpt>
      <trkpt lat="37.24133" lon="-118.88372">
        <ele>2349.0</ele>
      </trkpt>
      <trkpt lat="37.24174" lon="-118.88446">
        <ele>2338.0</ele>
      </trkpt>
      <trkpt lat="37.24185" lon="-118.88477">
        <ele>2333.0</ele>
      </trkpt>
      <trkpt lat="37.241987832236" lon="-118.8853351111537">
        <ele>2334.0</ele>
      </trkpt>
      <trkpt lat="37.241987832236" lon="-118.8853351111537">
        <ele>2334.0</ele>
      </trkpt>
      <trkpt lat="37.24205" lon="-118.88559">
        <ele>2335.0</ele>
      </trkpt>
      <trkpt lat="37.24241" lon="-118.88642">
        <ele>2338.0</ele>
      </trkpt>
      <trkpt lat="37.24241" lon="-118.88642">
        <ele>2338.0</ele>
      </trkpt>
      <trkpt lat="37.24241" lon="-118.88642">
        <ele>2338.0</ele>
      </trkpt>
      <trkpt lat="37.24254" lon="-118.88656">
        <ele>2341.0</ele>
      </trkpt>
      <trkpt lat="37.2426" lon="-118.88678">
        <ele>2341.0</ele>
      </trkpt>
      <trkpt lat="37.24278" lon="-118.88716">
        <ele>2346.0</ele>
      </trkpt>
      <trkpt lat="37.24303" lon="-118.88782">
        <ele>2341.0</ele>
      </trkpt>
      <trkpt lat="37.24326604322497" lon="-118.8883379837437">
        <ele>2336.0</ele>
      </trkpt>
      <trkpt lat="37.2432746645633" lon="-118.8883569027917">
        <ele>2336.0</ele>
      </trkpt>
      <trkpt lat="37.24339" lon="-118.88861">
        <ele>2335.0</ele>
      </trkpt>
      <trkpt lat="37.24367" lon="-118.8889">
        <ele>2335.0</ele>
      </trkpt>
      <trkpt lat="37.24378" lon="-118.88924">
        <ele>2336.0</ele>
      </trkpt>
      <trkpt lat="37.24395" lon="-118.88958">
        <ele>2332.0</ele>
      </trkpt>
      <trkpt lat="37.24443383226884" lon="-118.8900638322689">
        <ele>2335.0</ele>
      </trkpt>
      <trkpt lat="37.24443383226884" lon="-118.8900638322689">
        <ele>2335.0</ele>
      </trkpt>
      <trkpt lat="37.2446" lon="-118.89023">
        <ele>2332.0</ele>
      </trkpt>
      <trkpt lat="37.2449" lon="-118.89061">
        <ele>2330.0</ele>
      </trkpt>
      <trkpt lat="37.24509" lon="-118.89072">
        <ele>2328.0</ele>
      </trkpt>
      <trkpt lat="37.24547" lon="-118.89126">
        <ele>2331.0</ele>
      </trkpt>
      <trkpt lat="37.24589" lon="-118.89174">
        <ele>2334.0</ele>
      </trkpt>
      <trkpt lat="37.24589" lon="-118.89174">
        <ele>2334.0</ele>
      </trkpt>
      <trkpt lat="37.24589" lon="-118.89174">
        <ele>2334.0</ele>
      </trkpt>
      <trkpt lat="37.24626" lon="-118.89233">
        <ele>2339.0</ele>
      </trkpt>
      <trkpt lat="37.24635" lon="-118.89254">
        <ele>2340.0</ele>
      </trkpt>
      <trkpt lat="37.24648" lon="-118.89301">
        <ele>2339.0</ele>
      </trkpt>
      <trkpt lat="37.24648" lon="-118.89324">
        <ele>2339.0</ele>
      </trkpt>
      <trkpt lat="37.24643" lon="-118.89346">
        <ele>2339.0</ele>
      </trkpt>
      <trkpt lat="37.24649" lon="-118.89366">
        <ele>2339.0</ele>
      </trkpt>
      <trkpt lat="37.24649" lon="-118.89382">
        <ele>2340.0</ele>
      </trkpt>
      <trkpt lat="37.24642" lon="-118.89404">
        <ele>2341.0</ele>
      </trkpt>
      <trkpt lat="37.24642" lon="-118.89404">
        <ele>2341.0</ele>
      </trkpt>
      <trkpt lat="37.24635" lon="-118.89421">
        <ele>2341.0</ele>
      </trkpt>
      <trkpt lat="37.24631" lon="-118.89465">
        <ele>2334.0</ele>
      </trkpt>
      <trkpt lat="37.24632" lon="-118.89495">
        <ele>2331.0</ele>
      </trkpt>
      <trkpt lat="37.24637" lon="-118.89528">
        <ele>2329.0</ele>
      </trkpt>
      <trkpt lat="37.24647" lon="-118.89548">
        <ele>2329.0</ele>
      </trkpt>
      <trkpt lat="37.24652" lon="-118.8957">
        <ele>2329.0</ele>
      </trkpt>
      <trkpt lat="37.24654" lon="-118.89591">
        <ele>2334.0</ele>
      </trkpt>
      <trkpt lat="37.24651" lon="-118.8961">
        <ele>2333.0</ele>
      </trkpt>
      <trkpt lat="37.24652" lon="-118.89647">
        <ele>2332.0</ele>
      </trkpt>
      <trkpt lat="37.24657" lon="-118.8966">
        <ele>2331.0</ele>
      </trkpt>
      <trkpt lat="37.24669" lon="-118.89677">
        <ele>2331.0</ele>
      </trkpt>
      <trkpt lat="37.24671" lon="-118.89692">
        <ele>2331.0</ele>
      </trkpt>
      <trkpt lat="37.24685" lon="-118.89721">
        <ele>2332.0</ele>
      </trkpt>
      <trkpt lat="37.24685" lon="-118.89802">
        <ele>2337.0</ele>
      </trkpt>
      <trkpt lat="37.24688" lon="-118.89812">
        <ele>2337.0</ele>
      </trkpt>
      <trkpt lat="37.24683" lon="-118.89829">
        <ele>2337.0</ele>
      </trkpt>
      <trkpt lat="37.24664894060996" lon="-118.8985469875213">
        <ele>2334.0</ele>
      </trkpt>
      <trkpt lat="37.24664894076487" lon="-118.8985469875214">
        <ele>2334.0</ele>
      </trkpt>
      <trkpt lat="37.24652" lon="-118.89873">
        <ele>2333.0</ele>
      </trkpt>
      <trkpt lat="37.24645" lon="-118.8991">
        <ele>2335.0</ele>
      </trkpt>
      <trkpt lat="37.24638537539288" lon="-118.8992831030535">
        <ele>2335.0</ele>
      </trkpt>
      <trkpt lat="37.24638" lon="-118.89928">
        <ele>2335.0</ele>
      </trkpt>
      <trkpt lat="37.24651" lon="-118.89973">
        <ele>2339.0</ele>
      </trkpt>
      <trkpt lat="37.24663" lon="-118.90005">
        <ele>2342.0</ele>
      </trkpt>
      <trkpt lat="37.24664" lon="-118.90036">
        <ele>2339.0</ele>
      </trkpt>
      <trkpt lat="37.24652" lon="-118.90079">
        <ele>2335.0</ele>
      </trkpt>
      <trkpt lat="37.24634" lon="-118.90119">
        <ele>2332.0</ele>
      </trkpt>
      <trkpt lat="37.2463" lon="-118.9014">
        <ele>2331.0</ele>
      </trkpt>
      <trkpt lat="37.24633" lon="-118.90195">
        <ele>2328.0</ele>
      </trkpt>
      <trkpt lat="37.24627" lon="-118.90229">
        <ele>2328.0</ele>
      </trkpt>
      <trkpt lat="37.24616" lon="-118.90258">
        <ele>2331.0</ele>
      </trkpt>
      <trkpt lat="37.24587" lon="-118.9031">
        <ele>2329.0</ele>
      </trkpt>
      <trkpt lat="37.24564" lon="-118.90377">
        <ele>2333.0</ele>
      </trkpt>
      <trkpt lat="37.24564" lon="-118.90418">
        <ele>2337.0</ele>
      </trkpt>
      <trkpt lat="37.2456" lon="-118.90443">
        <ele>2340.0</ele>
      </trkpt>
      <trkpt lat="37.24587" lon="-118.90483">
        <ele>2340.0</ele>
      </trkpt>
      <trkpt lat="37.24588" lon="-118.90513">
        <ele>2342.0</ele>
      </trkpt>
      <trkpt lat="37.24595" lon="-118.90541">
        <ele>2344.0</ele>
      </trkpt>
      <trkpt lat="37.24612" lon="-118.90576">
        <ele>2352.0</ele>
      </trkpt>
      <trkpt lat="37.24612000097649" lon="-118.9057600012921">
        <ele>2352.0</ele>
      </trkpt>
      <trkpt lat="37.24612000097649" lon="-118.9057600012921">
        <ele>2352.0</ele>
      </trkpt>
      <trkpt lat="37.2462" lon="-118.90606">
        <ele>2355.0</ele>
      </trkpt>
      <trkpt lat="37.24617" lon="-118.90641">
        <ele>2358.0</ele>
      </trkpt>
      <trkpt lat="37.24616838679931" lon="-118.9064109669983">
        <ele>2358.0</ele>
      </trkpt>
      <trkpt lat="37.24618" lon="-118.90644">
        <ele>2358.0</ele>
      </trkpt>
      <trkpt lat="37.24607" lon="-118.90677">
        <ele>2362.0</ele>
      </trkpt>
      <trkpt lat="37.24607" lon="-118.90691">
        <ele>2366.0</ele>
      </trkpt>
      <trkpt lat="37.24619" lon="-118.90728">
        <ele>2366.0</ele>
      </trkpt>
      <trkpt lat="37.24635" lon="-118.9076">
        <ele>2365.0</ele>
      </trkpt>
      <trkpt lat="37.24636" lon="-118.90794">
        <ele>2360.0</ele>
      </trkpt>
      <trkpt lat="37.24639" lon="-118.90804">
        <ele>2360.0</ele>
      </trkpt>
      <trkpt lat="37.2467" lon="-118.90842">
        <ele>2360.0</ele>
      </trkpt>
      <trkpt lat="37.24675" lon="-118.90874">
        <ele>2361.0</ele>
      </trkpt>
      <trkpt lat="37.24672" lon="-118.90894">
        <ele>2362.0</ele>
      </trkpt>
      <trkpt lat="37.24658" lon="-118.9092">
        <ele>2364.0</ele>
      </trkpt>
      <trkpt lat="37.24666" lon="-118.90938">
        <ele>2366.0</ele>
      </trkpt>
      <trkpt lat="37.24691" lon="-118.90976">
        <ele>2369.0</ele>
      </trkpt>
      <trkpt lat="37.24695" lon="-118.90991">
        <ele>2372.0</ele>
      </trkpt>
      <trkpt lat="37.2472" lon="-118.91023">
        <ele>2381.0</ele>
      </trkpt>
      <trkpt lat="37.2474" lon="-118.91044">
        <ele>2387.0</ele>
      </trkpt>
      <trkpt lat="37.2475" lon="-118.91061">
        <ele>2387.0</ele>
      </trkpt>
      <trkpt lat="37.24748" lon="-118.91078">
        <ele>2392.0</ele>
      </trkpt>
      <trkpt lat="37.24757" lon="-118.91088">
        <ele>2392.0</ele>
      </trkpt>
      <trkpt lat="37.24761" lon="-118.91096">
        <ele>2392.0</ele>
      </trkpt>
      <trkpt lat="37.2476" lon="-118.91111">
        <ele>2394.0</ele>
      </trkpt>
      <trkpt lat="37.24769" lon="-118.91127">
        <ele>2395.0</ele>
      </trkpt>
      <trkpt lat="37.24782" lon="-118.91134">
        <ele>2395.0</ele>
      </trkpt>
      <trkpt lat="37.24782" lon="-118.91134">
        <ele>2395.0</ele>
      </trkpt>
      <trkpt lat="37.24791" lon="-118.91138">
        <ele>2395.0</ele>
      </trkpt>
      <trkpt lat="37.24808" lon="-118.91161">
        <ele>2399.0</ele>
      </trkpt>
      <trkpt lat="37.24824" lon="-118.91173">
        <ele>2400.0</ele>
      </trkpt>
      <trkpt lat="37.24865" lon="-118.91256">
        <ele>2406.0</ele>
      </trkpt>
      <trkpt lat="37.2488" lon="-118.91269">
        <ele>2401.0</ele>
      </trkpt>
      <trkpt lat="37.24906" lon="-118.91286">
        <ele>2401.0</ele>
      </trkpt>
      <trkpt lat="37.24915" lon="-118.91312">
        <ele>2398.0</ele>
      </trkpt>
      <trkpt lat="37.24924" lon="-118.91362">
        <ele>2395.0</ele>
      </trkpt>
      <trkpt lat="37.24924" lon="-118.91383">
        <ele>2395.0</ele>
      </trkpt>
      <trkpt lat="37.24942" lon="-118.91451">
        <ele>2389.0</ele>
      </trkpt>
      <trkpt lat="37.24941" lon="-118.91466">
        <ele>2387.0</ele>
      </trkpt>
      <trkpt lat="37.24934" lon="-118.91491">
        <ele>2386.0</ele>
      </trkpt>
      <trkpt lat="37.24935" lon="-118.91517">
        <ele>2385.0</ele>
      </trkpt>
      <trkpt lat="37.24932" lon="-118.91535">
        <ele>2385.0</ele>
      </trkpt>
      <trkpt lat="37.24932" lon="-118.91535">
        <ele>2385.0</ele>
      </trkpt>
      <trkpt lat="37.24932" lon="-118.91535">
        <ele>2385.0</ele>
      </trkpt>
      <trkpt lat="37.24919" lon="-118.91553">
        <ele>2385.0</ele>
      </trkpt>
      <trkpt lat="37.24917" lon="-118.91567">
        <ele>2385.0</ele>
      </trkpt>
      <trkpt lat="37.2494" lon="-118.91602">
        <ele>2385.0</ele>
      </trkpt>
      <trkpt lat="37.2494" lon="-118.91602">
        <ele>2385.0</ele>
      </trkpt>
      <trkpt lat="37.24947" lon="-118.91614">
        <ele>2385.0</ele>
      </trkpt>
      <trkpt lat="37.24947" lon="-118.91691">
        <ele>2381.0</ele>
      </trkpt>
      <trkpt lat="37.24958" lon="-118.9177">
        <ele>2380.0</ele>
      </trkpt>
      <trkpt lat="37.24952" lon="-118.91788">
        <ele>2380.0</ele>
      </trkpt>
      <trkpt lat="37.24927" lon="-118.91814">
        <ele>2380.0</ele>
      </trkpt>
      <trkpt lat="37.24925" lon="-118.91828">
        <ele>2379.0</ele>
      </trkpt>
      <trkpt lat="37.24931" lon="-118.91844">
        <ele>2380.0</ele>
      </trkpt>
      <trkpt lat="37.24943" lon="-118.91861">
        <ele>2379.0</ele>
      </trkpt>
      <trkpt lat="37.24942" lon="-118.91892">
        <ele>2379.0</ele>
      </trkpt>
      <trkpt lat="37.24932" lon="-118.91914">
        <ele>2382.0</ele>
      </trkpt>
      <trkpt lat="37.24931" lon="-118.91934">
        <ele>2386.0</ele>
      </trkpt>
      <trkpt lat="37.24905" lon="-118.91973">
        <ele>2382.0</ele>
      </trkpt>
      <trkpt lat="37.24902" lon="-118.91982">
        <ele>2372.0</ele>
      </trkpt>
      <trkpt lat="37.24901" lon="-118.92023">
        <ele>2375.0</ele>
      </trkpt>
      <trkpt lat="37.24892" lon="-118.92039">
        <ele>2375.0</ele>
      </trkpt>
      <trkpt lat="37.24882" lon="-118.92048">
        <ele>2375.0</ele>
      </trkpt>
      <trkpt lat="37.24856" lon="-118.92057">
        <ele>2368.0</ele>
      </trkpt>
      <trkpt lat="37.24847" lon="-118.9207">
        <ele>2371.0</ele>
      </trkpt>
      <trkpt lat="37.24844222994132" lon="-118.9208110802347">
        <ele>2371.0</ele>
      </trkpt>
      <trkpt lat="37.24844222994543" lon="-118.9208110802347">
        <ele>2371.0</ele>
      </trkpt>
      <trkpt lat="37.24842" lon="-118.9209">
        <ele>2371.0</ele>
      </trkpt>
      <trkpt lat="37.24823" lon="-118.92109">
        <ele>2369.0</ele>
      </trkpt>
      <trkpt lat="37.24819" lon="-118.92123">
        <ele>2371.0</ele>
      </trkpt>
      <trkpt lat="37.24823" lon="-118.92139">
        <ele>2369.0</ele>
      </trkpt>
      <trkpt lat="37.24822448623173" lon="-118.9214495486973">
        <ele>2369.0</ele>
      </trkpt>
      <trkpt lat="37.24822448623173" lon="-118.9214495486973">
        <ele>2369.0</ele>
      </trkpt>
      <trkpt lat="37.24818" lon="-118.92193">
        <ele>2371.0</ele>
      </trkpt>
      <trkpt lat="37.2481" lon="-118.92209">
        <ele>2371.0</ele>
      </trkpt>
      <trkpt lat="37.24798" lon="-118.92246">
        <ele>2372.0</ele>
      </trkpt>
      <trkpt lat="37.24782" lon="-118.92309">
        <ele>2378.0</ele>
      </trkpt>
      <trkpt lat="37.24782" lon="-118.92309">
        <ele>2378.0</ele>
      </trkpt>
      <trkpt lat="37.24779" lon="-118.92321">
        <ele>2380.0</ele>
      </trkpt>
      <trkpt lat="37.24782" lon="-118.92432">
        <ele>2374.0</ele>
      </trkpt>
      <trkpt lat="37.24782" lon="-118.92432">
        <ele>2374.0</ele>
      </trkpt>
      <trkpt lat="37.24787" lon="-118.92445">
        <ele>2374.0</ele>
      </trkpt>
      <trkpt lat="37.24806" lon="-118.92459">
        <ele>2374.0</ele>
      </trkpt>
      <trkpt lat="37.24814" lon="-118.92471">
        <ele>2374.0</ele>
      </trkpt>
      <trkpt lat="37.24815" lon="-118.92485">
        <ele>2374.0</ele>
      </trkpt>
      <trkpt lat="37.24815" lon="-118.92485">
        <ele>2374.0</ele>
      </trkpt>
      <trkpt lat="37.24809" lon="-118.92507">
        <ele>2375.0</ele>
      </trkpt>
      <trkpt lat="37.24804" lon="-118.92544">
        <ele>2380.0</ele>
      </trkpt>
      <trkpt lat="37.24796" lon="-118.92578">
        <ele>2382.0</ele>
      </trkpt>
      <trkpt lat="37.24796" lon="-118.92578">
        <ele>2382.0</ele>
      </trkpt>
      <trkpt lat="37.24796" lon="-118.92578">
        <ele>2382.0</ele>
      </trkpt>
      <trkpt lat="37.24782" lon="-118.92611">
        <ele>2378.0</ele>
      </trkpt>
      <trkpt lat="37.24782" lon="-118.92611">
        <ele>2378.0</ele>
      </trkpt>
      <trkpt lat="37.24769" lon="-118.92625">
        <ele>2378.0</ele>
      </trkpt>
      <trkpt lat="37.24761" lon="-118.92642">
        <ele>2377.0</ele>
      </trkpt>
      <trkpt lat="37.2475" lon="-118.92648">
        <ele>2377.0</ele>
      </trkpt>
      <trkpt lat="37.2474" lon="-118.92663">
        <ele>2379.0</ele>
      </trkpt>
      <trkpt lat="37.24725" lon="-118.92701">
        <ele>2374.0</ele>
      </trkpt>
      <trkpt lat="37.24723" lon="-118.92713">
        <ele>2376.0</ele>
      </trkpt>
      <trkpt lat="37.247" lon="-118.92747">
        <ele>2376.0</ele>
      </trkpt>
      <trkpt lat="37.24697" lon="-118.92758">
        <ele>2376.0</ele>
      </trkpt>
      <trkpt lat="37.24698" lon="-118.92777">
        <ele>2375.0</ele>
      </trkpt>
      <trkpt lat="37.24695" lon="-118.92792">
        <ele>2375.0</ele>
      </trkpt>
      <trkpt lat="37.24687" lon="-118.92808">
        <ele>2375.0</ele>
      </trkpt>
      <trkpt lat="37.24687" lon="-118.92817">
        <ele>2375.0</ele>
      </trkpt>
      <trkpt lat="37.24692" lon="-118.92831">
        <ele>2374.0</ele>
      </trkpt>
      <trkpt lat="37.24689" lon="-118.92844">
        <ele>2374.0</ele>
      </trkpt>
      <trkpt lat="37.24677" lon="-118.92866">
        <ele>2372.0</ele>
      </trkpt>
      <trkpt lat="37.24666" lon="-118.929">
        <ele>2373.0</ele>
      </trkpt>
      <trkpt lat="37.24659" lon="-118.92913">
        <ele>2373.0</ele>
      </trkpt>
      <trkpt lat="37.24646" lon="-118.92928">
        <ele>2367.0</ele>
      </trkpt>
      <trkpt lat="37.24643" lon="-118.92942">
        <ele>2366.0</ele>
      </trkpt>
      <trkpt lat="37.24641" lon="-118.92974">
        <ele>2364.0</ele>
      </trkpt>
      <trkpt lat="37.24643" lon="-118.92987">
        <ele>2361.0</ele>
      </trkpt>
      <trkpt lat="37.24641" lon="-118.93002">
        <ele>2361.0</ele>
      </trkpt>
      <trkpt lat="37.24646" lon="-118.93009">
        <ele>2361.0</ele>
      </trkpt>
      <trkpt lat="37.24653" lon="-118.93014">
        <ele>2365.0</ele>
      </trkpt>
      <trkpt lat="37.24683" lon="-118.93017">
        <ele>2368.0</ele>
      </trkpt>
      <trkpt lat="37.24687" lon="-118.93025">
        <ele>2368.0</ele>
      </trkpt>
      <trkpt lat="37.24687" lon="-118.93033">
        <ele>2368.0</ele>
      </trkpt>
      <trkpt lat="37.24692" lon="-118.93039">
        <ele>2368.0</ele>
      </trkpt>
      <trkpt lat="37.24699" lon="-118.9304">
        <ele>2368.0</ele>
      </trkpt>
      <trkpt lat="37.247" lon="-118.93048">
        <ele>2366.0</ele>
      </trkpt>
      <trkpt lat="37.24697" lon="-118.9307">
        <ele>2362.0</ele>
      </trkpt>
      <trkpt lat="37.24701" lon="-118.93088">
        <ele>2362.0</ele>
      </trkpt>
      <trkpt lat="37.24701" lon="-118.93099">
        <ele>2359.0</ele>
      </trkpt>
      <trkpt lat="37.24688" lon="-118.9313">
        <ele>2356.0</ele>
      </trkpt>
      <trkpt lat="37.24686" lon="-118.93211">
        <ele>2352.0</ele>
      </trkpt>
      <trkpt lat="37.24693" lon="-118.93228">
        <ele>2352.0</ele>
      </trkpt>
      <trkpt lat="37.24701" lon="-118.93237">
        <ele>2348.0</ele>
      </trkpt>
      <trkpt lat="37.24707" lon="-118.93238">
        <ele>2348.0</ele>
      </trkpt>
      <trkpt lat="37.24711" lon="-118.93245">
        <ele>2349.0</ele>
      </trkpt>
      <trkpt lat="37.24711" lon="-118.93254">
        <ele>2349.0</ele>
      </trkpt>
      <trkpt lat="37.24718" lon="-118.93262">
        <ele>2349.0</ele>
      </trkpt>
      <trkpt lat="37.24718" lon="-118.93268">
        <ele>2343.0</ele>
      </trkpt>
      <trkpt lat="37.24681" lon="-118.93293">
        <ele>2335.0</ele>
      </trkpt>
      <trkpt lat="37.24681" lon="-118.933">
        <ele>2335.0</ele>
      </trkpt>
      <trkpt lat="37.2469" lon="-118.93318">
        <ele>2335.0</ele>
      </trkpt>
      <trkpt lat="37.24693" lon="-118.93327">
        <ele>2331.0</ele>
      </trkpt>
      <trkpt lat="37.24692" lon="-118.9334">
        <ele>2331.0</ele>
      </trkpt>
      <trkpt lat="37.24685" lon="-118.93361">
        <ele>2330.0</ele>
      </trkpt>
      <trkpt lat="37.24682" lon="-118.93392">
        <ele>2330.0</ele>
      </trkpt>
      <trkpt lat="37.24672" lon="-118.93407">
        <ele>2329.0</ele>
      </trkpt>
      <trkpt lat="37.24656" lon="-118.93419">
        <ele>2329.0</ele>
      </trkpt>
      <trkpt lat="37.2466" lon="-118.93429">
        <ele>2329.0</ele>
      </trkpt>
      <trkpt lat="37.24672" lon="-118.93446">
        <ele>2330.0</ele>
      </trkpt>
      <trkpt lat="37.24674" lon="-118.9347">
        <ele>2331.0</ele>
      </trkpt>
      <trkpt lat="37.24661" lon="-118.93509">
        <ele>2330.0</ele>
      </trkpt>
      <trkpt lat="37.24647" lon="-118.93541">
        <ele>2326.0</ele>
      </trkpt>
      <trkpt lat="37.24629" lon="-118.93553">
        <ele>2330.0</ele>
      </trkpt>
      <trkpt lat="37.24627" lon="-118.93583">
        <ele>2334.0</ele>
      </trkpt>
      <trkpt lat="37.24611" lon="-118.93603">
        <ele>2329.0</ele>
      </trkpt>
      <trkpt lat="37.24597" lon="-118.93638">
        <ele>2321.0</ele>
      </trkpt>
      <trkpt lat="37.24591" lon="-118.93648">
        <ele>2321.0</ele>
      </trkpt>
      <trkpt lat="37.24589842081057" lon="-118.9364896493245">
        <ele>2321.0</ele>
      </trkpt>
      <trkpt lat="37.24589842081429" lon="-118.9364896493245">
        <ele>2321.0</ele>
      </trkpt>
      <trkpt lat="37.24585" lon="-118.93653">
        <ele>2321.0</ele>
      </trkpt>
      <trkpt lat="37.24555" lon="-118.93705">
        <ele>2314.0</ele>
      </trkpt>
      <trkpt lat="37.24553" lon="-118.93717">
        <ele>2310.0</ele>
      </trkpt>
      <trkpt lat="37.24566" lon="-118.9374">
        <ele>2308.0</ele>
      </trkpt>
      <trkpt lat="37.2457" lon="-118.93786">
        <ele>2313.0</ele>
      </trkpt>
      <trkpt lat="37.2457" lon="-118.93786">
        <ele>2313.0</ele>
      </trkpt>
      <trkpt lat="37.24586" lon="-118.93799">
        <ele>2313.0</ele>
      </trkpt>
      <trkpt lat="37.24586" lon="-118.93799">
        <ele>2313.0</ele>
      </trkpt>
      <trkpt lat="37.24608" lon="-118.93817">
        <ele>2317.0</ele>
      </trkpt>
      <trkpt lat="37.2463" lon="-118.93861">
        <ele>2321.0</ele>
      </trkpt>
      <trkpt lat="37.2463" lon="-118.93894">
        <ele>2317.0</ele>
      </trkpt>
      <trkpt lat="37.24638" lon="-118.93905">
        <ele>2314.0</ele>
      </trkpt>
      <trkpt lat="37.24642" lon="-118.9392">
        <ele>2314.0</ele>
      </trkpt>
      <trkpt lat="37.24663" lon="-118.93951">
        <ele>2314.0</ele>
      </trkpt>
      <trkpt lat="37.2467" lon="-118.93956">
        <ele>2314.0</ele>
      </trkpt>
      <trkpt lat="37.24679" lon="-118.9395">
        <ele>2314.0</ele>
      </trkpt>
      <trkpt lat="37.24719" lon="-118.939">
        <ele>2308.0</ele>
      </trkpt>
      <trkpt lat="37.24753" lon="-118.93883">
        <ele>2301.0</ele>
      </trkpt>
      <trkpt lat="37.24773" lon="-118.93883">
        <ele>2294.0</ele>
      </trkpt>
      <trkpt lat="37.24782" lon="-118.93887">
        <ele>2294.0</ele>
      </trkpt>
      <trkpt lat="37.24782" lon="-118.93887">
        <ele>2294.0</ele>
      </trkpt>
      <trkpt lat="37.24802" lon="-118.93891">
        <ele>2286.0</ele>
      </trkpt>
      <trkpt lat="37.24811" lon="-118.93889">
        <ele>2286.0</ele>
      </trkpt>
      <trkpt lat="37.24819" lon="-118.9388">
        <ele>2286.0</ele>
      </trkpt>
      <trkpt lat="37.24888" lon="-118.9388">
        <ele>2267.0</ele>
      </trkpt>
      <trkpt lat="37.24916" lon="-118.93894">
        <ele>2268.0</ele>
      </trkpt>
      <trkpt lat="37.24945" lon="-118.9392">
        <ele>2264.0</ele>
      </trkpt>
      <trkpt lat="37.24967" lon="-118.93932">
        <ele>2262.0</ele>
      </trkpt>
      <trkpt lat="37.24994" lon="-118.93963">
        <ele>2257.0</ele>
      </trkpt>
      <trkpt lat="37.24996" lon="-118.93978">
        <ele>2257.0</ele>
      </trkpt>
      <trkpt lat="37.24987" lon="-118.93989">
        <ele>2251.0</ele>
      </trkpt>
      <trkpt lat="37.24982" lon="-118.94007">
        <ele>2250.0</ele>
      </trkpt>
      <trkpt lat="37.2499" lon="-118.94039">
        <ele>2245.0</ele>
      </trkpt>
      <trkpt lat="37.24987" lon="-118.94057">
        <ele>2242.0</ele>
      </trkpt>
      <trkpt lat="37.2498" lon="-118.94068">
        <ele>2241.0</ele>
      </trkpt>
      <trkpt lat="37.24978" lon="-118.94087">
        <ele>2237.0</ele>
      </trkpt>
      <trkpt lat="37.24982" lon="-118.941">
        <ele>2235.0</ele>
      </trkpt>
      <trkpt lat="37.24986955925525" lon="-118.9410605724231">
        <ele>2235.0</ele>
      </trkpt>
      <trkpt lat="37.24987" lon="-118.94106">
        <ele>2235.0</ele>
      </trkpt>
      <trkpt lat="37.24973" lon="-118.94157">
        <ele>2229.0</ele>
      </trkpt>
    </trkseg>
  </trk>
</gpx>
