<?xml version="1.0" encoding="UTF-8"?>
<gpx xmlns:xsi="http://www.w3.org/2001/XMLSchema-instance" version="1.1" creator="The Outbound Collective, Inc. 1.1.1 -- https://www.theoutbound.com" xsi:schemaLocation="http://www.topografix.com/GPX/1/1 http://www.topografix.com/GPX/1/1/gpx.xsd">
  <metadata>
    <name/>
    <time>2026-02-19T21:54:43+00:00</time>
    <bound minlat="37.67981" minlon="-119.5641" maxlat="37.8721" maxlon="-119.08053"/>
  </metadata>
  <trk>
    <name/>
    <trkseg>
      <trkpt lat="37.68118" lon="-119.08053">
        <ele>2537.0</ele>
      </trkpt>
      <trkpt lat="37.68112" lon="-119.0806">
        <ele>2537.0</ele>
      </trkpt>
      <trkpt lat="37.68114" lon="-119.08057">
        <ele>2537.0</ele>
      </trkpt>
      <trkpt lat="37.68114" lon="-119.08057">
        <ele>2537.0</ele>
      </trkpt>
      <trkpt lat="37.68122" lon="-119.08069">
        <ele>2537.0</ele>
      </trkpt>
      <trkpt lat="37.68159" lon="-119.08103">
        <ele>2542.0</ele>
      </trkpt>
      <trkpt lat="37.68165" lon="-119.08116">
        <ele>2542.0</ele>
      </trkpt>
      <trkpt lat="37.6817" lon="-119.08231">
        <ele>2540.0</ele>
      </trkpt>
      <trkpt lat="37.68204" lon="-119.08391">
        <ele>2531.0</ele>
      </trkpt>
      <trkpt lat="37.68245" lon="-119.08442">
        <ele>2534.0</ele>
      </trkpt>
      <trkpt lat="37.682846" lon="-119.08468">
        <ele>2542.0</ele>
      </trkpt>
      <trkpt lat="37.68284" lon="-119.0847">
        <ele>2542.0</ele>
      </trkpt>
      <trkpt lat="37.68283" lon="-119.08483">
        <ele>2542.0</ele>
      </trkpt>
      <trkpt lat="37.68255" lon="-119.08522">
        <ele>2536.0</ele>
      </trkpt>
      <trkpt lat="37.68237" lon="-119.08572">
        <ele>2534.0</ele>
      </trkpt>
      <trkpt lat="37.68223" lon="-119.08594">
        <ele>2536.0</ele>
      </trkpt>
      <trkpt lat="37.68201" lon="-119.08612">
        <ele>2537.0</ele>
      </trkpt>
      <trkpt lat="37.68186" lon="-119.08611">
        <ele>2537.0</ele>
      </trkpt>
      <trkpt lat="37.6818" lon="-119.08605">
        <ele>2534.0</ele>
      </trkpt>
      <trkpt lat="37.68166" lon="-119.08613">
        <ele>2534.0</ele>
      </trkpt>
      <trkpt lat="37.68134" lon="-119.08601">
        <ele>2530.0</ele>
      </trkpt>
      <trkpt lat="37.68122" lon="-119.08606">
        <ele>2530.0</ele>
      </trkpt>
      <trkpt lat="37.6811" lon="-119.08626">
        <ele>2528.0</ele>
      </trkpt>
      <trkpt lat="37.68098" lon="-119.0864">
        <ele>2528.0</ele>
      </trkpt>
      <trkpt lat="37.68087" lon="-119.08663">
        <ele>2533.0</ele>
      </trkpt>
      <trkpt lat="37.68069" lon="-119.08682">
        <ele>2540.0</ele>
      </trkpt>
      <trkpt lat="37.68051" lon="-119.08766">
        <ele>2534.0</ele>
      </trkpt>
      <trkpt lat="37.68058" lon="-119.08788">
        <ele>2534.0</ele>
      </trkpt>
      <trkpt lat="37.6804" lon="-119.08815">
        <ele>2537.0</ele>
      </trkpt>
      <trkpt lat="37.68047" lon="-119.08867">
        <ele>2529.0</ele>
      </trkpt>
      <trkpt lat="37.68031" lon="-119.08887">
        <ele>2531.0</ele>
      </trkpt>
      <trkpt lat="37.68017" lon="-119.08925">
        <ele>2529.0</ele>
      </trkpt>
      <trkpt lat="37.68012" lon="-119.08962">
        <ele>2525.0</ele>
      </trkpt>
      <trkpt lat="37.68013" lon="-119.08976">
        <ele>2525.0</ele>
      </trkpt>
      <trkpt lat="37.67981" lon="-119.0901">
        <ele>2522.0</ele>
      </trkpt>
      <trkpt lat="37.67982" lon="-119.09058">
        <ele>2523.0</ele>
      </trkpt>
      <trkpt lat="37.67986" lon="-119.09121">
        <ele>2529.0</ele>
      </trkpt>
      <trkpt lat="37.67997" lon="-119.0918">
        <ele>2532.0</ele>
      </trkpt>
      <trkpt lat="37.67997" lon="-119.0918">
        <ele>2532.0</ele>
      </trkpt>
      <trkpt lat="37.68007" lon="-119.092">
        <ele>2534.0</ele>
      </trkpt>
      <trkpt lat="37.68018" lon="-119.09295">
        <ele>2535.0</ele>
      </trkpt>
      <trkpt lat="37.68059" lon="-119.09387">
        <ele>2537.0</ele>
      </trkpt>
      <trkpt lat="37.68074" lon="-119.09461">
        <ele>2539.0</ele>
      </trkpt>
      <trkpt lat="37.68123" lon="-119.09526">
        <ele>2529.0</ele>
      </trkpt>
      <trkpt lat="37.68191" lon="-119.09661">
        <ele>2521.0</ele>
      </trkpt>
      <trkpt lat="37.68249" lon="-119.09744">
        <ele>2512.0</ele>
      </trkpt>
      <trkpt lat="37.68249" lon="-119.09744">
        <ele>2512.0</ele>
      </trkpt>
      <trkpt lat="37.68249" lon="-119.09744">
        <ele>2512.0</ele>
      </trkpt>
      <trkpt lat="37.68257" lon="-119.09773">
        <ele>2509.0</ele>
      </trkpt>
      <trkpt lat="37.68268" lon="-119.09789">
        <ele>2516.0</ele>
      </trkpt>
      <trkpt lat="37.68263" lon="-119.09805">
        <ele>2505.0</ele>
      </trkpt>
      <trkpt lat="37.6827" lon="-119.09833">
        <ele>2507.0</ele>
      </trkpt>
      <trkpt lat="37.68312" lon="-119.099">
        <ele>2505.0</ele>
      </trkpt>
      <trkpt lat="37.68329" lon="-119.09948">
        <ele>2500.0</ele>
      </trkpt>
      <trkpt lat="37.68364" lon="-119.10016">
        <ele>2489.0</ele>
      </trkpt>
      <trkpt lat="37.68382" lon="-119.10041">
        <ele>2501.0</ele>
      </trkpt>
      <trkpt lat="37.68382" lon="-119.10041">
        <ele>2501.0</ele>
      </trkpt>
      <trkpt lat="37.68392" lon="-119.10055">
        <ele>2490.0</ele>
      </trkpt>
      <trkpt lat="37.68395" lon="-119.100586">
        <ele>2490.0</ele>
      </trkpt>
      <trkpt lat="37.68408" lon="-119.10077">
        <ele>2490.0</ele>
      </trkpt>
      <trkpt lat="37.68481" lon="-119.10161">
        <ele>2478.0</ele>
      </trkpt>
      <trkpt lat="37.68545" lon="-119.10282">
        <ele>2475.0</ele>
      </trkpt>
      <trkpt lat="37.68557" lon="-119.10313">
        <ele>2469.0</ele>
      </trkpt>
      <trkpt lat="37.68571" lon="-119.10325">
        <ele>2472.0</ele>
      </trkpt>
      <trkpt lat="37.68594" lon="-119.10366">
        <ele>2465.0</ele>
      </trkpt>
      <trkpt lat="37.68619" lon="-119.10396">
        <ele>2465.0</ele>
      </trkpt>
      <trkpt lat="37.68633" lon="-119.1042">
        <ele>2466.0</ele>
      </trkpt>
      <trkpt lat="37.68668" lon="-119.10464">
        <ele>2462.0</ele>
      </trkpt>
      <trkpt lat="37.68681" lon="-119.10488">
        <ele>2463.0</ele>
      </trkpt>
      <trkpt lat="37.68691" lon="-119.10541">
        <ele>2456.0</ele>
      </trkpt>
      <trkpt lat="37.68698" lon="-119.10561">
        <ele>2449.0</ele>
      </trkpt>
      <trkpt lat="37.68725" lon="-119.10613">
        <ele>2451.0</ele>
      </trkpt>
      <trkpt lat="37.68806" lon="-119.10723">
        <ele>2442.0</ele>
      </trkpt>
      <trkpt lat="37.68827" lon="-119.1075">
        <ele>2446.0</ele>
      </trkpt>
      <trkpt lat="37.68865" lon="-119.10786">
        <ele>2446.0</ele>
      </trkpt>
      <trkpt lat="37.68901" lon="-119.10842">
        <ele>2445.0</ele>
      </trkpt>
      <trkpt lat="37.68951" lon="-119.10902">
        <ele>2449.0</ele>
      </trkpt>
      <trkpt lat="37.68985" lon="-119.10914">
        <ele>2448.0</ele>
      </trkpt>
      <trkpt lat="37.69016" lon="-119.10951">
        <ele>2445.0</ele>
      </trkpt>
      <trkpt lat="37.69069" lon="-119.10993">
        <ele>2449.0</ele>
      </trkpt>
      <trkpt lat="37.69101" lon="-119.11037">
        <ele>2451.0</ele>
      </trkpt>
      <trkpt lat="37.69112" lon="-119.1106">
        <ele>2449.0</ele>
      </trkpt>
      <trkpt lat="37.69126" lon="-119.11076">
        <ele>2448.0</ele>
      </trkpt>
      <trkpt lat="37.69147" lon="-119.11082">
        <ele>2448.0</ele>
      </trkpt>
      <trkpt lat="37.69227" lon="-119.11168">
        <ele>2456.0</ele>
      </trkpt>
      <trkpt lat="37.69324" lon="-119.11226">
        <ele>2462.0</ele>
      </trkpt>
      <trkpt lat="37.69385" lon="-119.11276">
        <ele>2466.0</ele>
      </trkpt>
      <trkpt lat="37.6942" lon="-119.11297">
        <ele>2458.0</ele>
      </trkpt>
      <trkpt lat="37.69447" lon="-119.11296">
        <ele>2460.0</ele>
      </trkpt>
      <trkpt lat="37.69506" lon="-119.11377">
        <ele>2458.0</ele>
      </trkpt>
      <trkpt lat="37.69506" lon="-119.11377">
        <ele>2458.0</ele>
      </trkpt>
      <trkpt lat="37.69526" lon="-119.11408">
        <ele>2461.0</ele>
      </trkpt>
      <trkpt lat="37.69549" lon="-119.1143">
        <ele>2468.0</ele>
      </trkpt>
      <trkpt lat="37.69575" lon="-119.11438">
        <ele>2469.0</ele>
      </trkpt>
      <trkpt lat="37.69598" lon="-119.11454">
        <ele>2479.0</ele>
      </trkpt>
      <trkpt lat="37.69652" lon="-119.11543">
        <ele>2460.0</ele>
      </trkpt>
      <trkpt lat="37.6967" lon="-119.1156">
        <ele>2465.0</ele>
      </trkpt>
      <trkpt lat="37.69713" lon="-119.11624">
        <ele>2477.0</ele>
      </trkpt>
      <trkpt lat="37.69718" lon="-119.11656">
        <ele>2468.0</ele>
      </trkpt>
      <trkpt lat="37.69725" lon="-119.11682">
        <ele>2467.0</ele>
      </trkpt>
      <trkpt lat="37.69736" lon="-119.11708">
        <ele>2467.0</ele>
      </trkpt>
      <trkpt lat="37.6974" lon="-119.11733">
        <ele>2473.0</ele>
      </trkpt>
      <trkpt lat="37.69739" lon="-119.11775">
        <ele>2468.0</ele>
      </trkpt>
      <trkpt lat="37.69735" lon="-119.11813">
        <ele>2466.0</ele>
      </trkpt>
      <trkpt lat="37.69732" lon="-119.11829">
        <ele>2467.0</ele>
      </trkpt>
      <trkpt lat="37.69733" lon="-119.11845">
        <ele>2467.0</ele>
      </trkpt>
      <trkpt lat="37.69742" lon="-119.11868">
        <ele>2468.0</ele>
      </trkpt>
      <trkpt lat="37.69748" lon="-119.11894">
        <ele>2471.0</ele>
      </trkpt>
      <trkpt lat="37.69756" lon="-119.1191">
        <ele>2473.0</ele>
      </trkpt>
      <trkpt lat="37.69764" lon="-119.11919">
        <ele>2471.0</ele>
      </trkpt>
      <trkpt lat="37.69764" lon="-119.11919">
        <ele>2471.0</ele>
      </trkpt>
      <trkpt lat="37.69764" lon="-119.11919">
        <ele>2471.0</ele>
      </trkpt>
      <trkpt lat="37.69793" lon="-119.11935">
        <ele>2472.0</ele>
      </trkpt>
      <trkpt lat="37.69795" lon="-119.11961">
        <ele>2474.0</ele>
      </trkpt>
      <trkpt lat="37.69806" lon="-119.11979">
        <ele>2474.0</ele>
      </trkpt>
      <trkpt lat="37.69798" lon="-119.12005">
        <ele>2472.0</ele>
      </trkpt>
      <trkpt lat="37.69775" lon="-119.12007">
        <ele>2470.0</ele>
      </trkpt>
      <trkpt lat="37.69783" lon="-119.1202">
        <ele>2473.0</ele>
      </trkpt>
      <trkpt lat="37.69796" lon="-119.1203">
        <ele>2474.0</ele>
      </trkpt>
      <trkpt lat="37.69811" lon="-119.12056">
        <ele>2485.0</ele>
      </trkpt>
      <trkpt lat="37.69826" lon="-119.12067">
        <ele>2481.0</ele>
      </trkpt>
      <trkpt lat="37.69854" lon="-119.12071">
        <ele>2488.0</ele>
      </trkpt>
      <trkpt lat="37.69888" lon="-119.12082">
        <ele>2490.0</ele>
      </trkpt>
      <trkpt lat="37.69921" lon="-119.12085">
        <ele>2489.0</ele>
      </trkpt>
      <trkpt lat="37.69951" lon="-119.12097">
        <ele>2487.0</ele>
      </trkpt>
      <trkpt lat="37.69982" lon="-119.12102">
        <ele>2492.0</ele>
      </trkpt>
      <trkpt lat="37.70011" lon="-119.12098">
        <ele>2494.0</ele>
      </trkpt>
      <trkpt lat="37.70039" lon="-119.1211">
        <ele>2501.0</ele>
      </trkpt>
      <trkpt lat="37.70063" lon="-119.12124">
        <ele>2508.0</ele>
      </trkpt>
      <trkpt lat="37.70067" lon="-119.1213">
        <ele>2511.0</ele>
      </trkpt>
      <trkpt lat="37.70065" lon="-119.12138">
        <ele>2511.0</ele>
      </trkpt>
      <trkpt lat="37.70013" lon="-119.12161">
        <ele>2514.0</ele>
      </trkpt>
      <trkpt lat="37.70029" lon="-119.12177">
        <ele>2515.0</ele>
      </trkpt>
      <trkpt lat="37.70011" lon="-119.12187">
        <ele>2523.0</ele>
      </trkpt>
      <trkpt lat="37.7004" lon="-119.12216">
        <ele>2533.0</ele>
      </trkpt>
      <trkpt lat="37.70017" lon="-119.12237">
        <ele>2543.0</ele>
      </trkpt>
      <trkpt lat="37.70027" lon="-119.12244">
        <ele>2543.0</ele>
      </trkpt>
      <trkpt lat="37.70001" lon="-119.12258">
        <ele>2539.0</ele>
      </trkpt>
      <trkpt lat="37.69997" lon="-119.12266">
        <ele>2553.0</ele>
      </trkpt>
      <trkpt lat="37.69984" lon="-119.12273">
        <ele>2554.0</ele>
      </trkpt>
      <trkpt lat="37.69951" lon="-119.12273">
        <ele>2551.0</ele>
      </trkpt>
      <trkpt lat="37.69904" lon="-119.12304">
        <ele>2561.0</ele>
      </trkpt>
      <trkpt lat="37.69892" lon="-119.12307">
        <ele>2559.0</ele>
      </trkpt>
      <trkpt lat="37.69871" lon="-119.12308">
        <ele>2553.0</ele>
      </trkpt>
      <trkpt lat="37.69862" lon="-119.12298">
        <ele>2553.0</ele>
      </trkpt>
      <trkpt lat="37.69827" lon="-119.12309">
        <ele>2557.0</ele>
      </trkpt>
      <trkpt lat="37.69815" lon="-119.12305">
        <ele>2559.0</ele>
      </trkpt>
      <trkpt lat="37.69809" lon="-119.12295">
        <ele>2559.0</ele>
      </trkpt>
      <trkpt lat="37.69794" lon="-119.12292">
        <ele>2559.0</ele>
      </trkpt>
      <trkpt lat="37.69793" lon="-119.12297">
        <ele>2559.0</ele>
      </trkpt>
      <trkpt lat="37.69804" lon="-119.12317">
        <ele>2559.0</ele>
      </trkpt>
      <trkpt lat="37.69812" lon="-119.12324">
        <ele>2570.0</ele>
      </trkpt>
      <trkpt lat="37.69818" lon="-119.12323">
        <ele>2570.0</ele>
      </trkpt>
      <trkpt lat="37.6983" lon="-119.12334">
        <ele>2571.0</ele>
      </trkpt>
      <trkpt lat="37.69817" lon="-119.12341">
        <ele>2570.0</ele>
      </trkpt>
      <trkpt lat="37.69788" lon="-119.12333">
        <ele>2567.0</ele>
      </trkpt>
      <trkpt lat="37.69772" lon="-119.12345">
        <ele>2567.0</ele>
      </trkpt>
      <trkpt lat="37.69762" lon="-119.12365">
        <ele>2576.0</ele>
      </trkpt>
      <trkpt lat="37.69751" lon="-119.12376">
        <ele>2590.0</ele>
      </trkpt>
      <trkpt lat="37.69754" lon="-119.12388">
        <ele>2590.0</ele>
      </trkpt>
      <trkpt lat="37.69747" lon="-119.12413">
        <ele>2603.0</ele>
      </trkpt>
      <trkpt lat="37.69741" lon="-119.12419">
        <ele>2603.0</ele>
      </trkpt>
      <trkpt lat="37.69736" lon="-119.12442">
        <ele>2601.0</ele>
      </trkpt>
      <trkpt lat="37.69732" lon="-119.12472">
        <ele>2605.0</ele>
      </trkpt>
      <trkpt lat="37.69731" lon="-119.12503">
        <ele>2611.0</ele>
      </trkpt>
      <trkpt lat="37.69721" lon="-119.12529">
        <ele>2618.0</ele>
      </trkpt>
      <trkpt lat="37.69702" lon="-119.12564">
        <ele>2619.0</ele>
      </trkpt>
      <trkpt lat="37.697" lon="-119.12577">
        <ele>2626.0</ele>
      </trkpt>
      <trkpt lat="37.69677" lon="-119.12612">
        <ele>2633.0</ele>
      </trkpt>
      <trkpt lat="37.69651" lon="-119.12636">
        <ele>2644.0</ele>
      </trkpt>
      <trkpt lat="37.6964" lon="-119.12639">
        <ele>2644.0</ele>
      </trkpt>
      <trkpt lat="37.6963" lon="-119.12631">
        <ele>2644.0</ele>
      </trkpt>
      <trkpt lat="37.69612" lon="-119.12642">
        <ele>2653.0</ele>
      </trkpt>
      <trkpt lat="37.6961" lon="-119.12652">
        <ele>2653.0</ele>
      </trkpt>
      <trkpt lat="37.69576" lon="-119.1268">
        <ele>2664.0</ele>
      </trkpt>
      <trkpt lat="37.69549" lon="-119.12728">
        <ele>2673.0</ele>
      </trkpt>
      <trkpt lat="37.69542" lon="-119.1275">
        <ele>2671.0</ele>
      </trkpt>
      <trkpt lat="37.69517" lon="-119.12802">
        <ele>2675.0</ele>
      </trkpt>
      <trkpt lat="37.69502" lon="-119.12825">
        <ele>2676.0</ele>
      </trkpt>
      <trkpt lat="37.69494" lon="-119.1285">
        <ele>2673.0</ele>
      </trkpt>
      <trkpt lat="37.69498" lon="-119.12867">
        <ele>2673.0</ele>
      </trkpt>
      <trkpt lat="37.69554" lon="-119.13014">
        <ele>2666.0</ele>
      </trkpt>
      <trkpt lat="37.69568" lon="-119.13127">
        <ele>2664.0</ele>
      </trkpt>
      <trkpt lat="37.69593" lon="-119.13181">
        <ele>2664.0</ele>
      </trkpt>
      <trkpt lat="37.69603" lon="-119.13225">
        <ele>2670.0</ele>
      </trkpt>
      <trkpt lat="37.69606" lon="-119.13251">
        <ele>2671.0</ele>
      </trkpt>
      <trkpt lat="37.69597" lon="-119.13287">
        <ele>2673.0</ele>
      </trkpt>
      <trkpt lat="37.69583" lon="-119.13325">
        <ele>2672.0</ele>
      </trkpt>
      <trkpt lat="37.69579" lon="-119.13395">
        <ele>2671.0</ele>
      </trkpt>
      <trkpt lat="37.6958" lon="-119.13413">
        <ele>2672.0</ele>
      </trkpt>
      <trkpt lat="37.69588" lon="-119.13438">
        <ele>2674.0</ele>
      </trkpt>
      <trkpt lat="37.69586" lon="-119.13454">
        <ele>2674.0</ele>
      </trkpt>
      <trkpt lat="37.69546" lon="-119.13486">
        <ele>2672.0</ele>
      </trkpt>
      <trkpt lat="37.69533" lon="-119.13518">
        <ele>2675.0</ele>
      </trkpt>
      <trkpt lat="37.69483" lon="-119.13574">
        <ele>2678.0</ele>
      </trkpt>
      <trkpt lat="37.69483" lon="-119.13574">
        <ele>2678.0</ele>
      </trkpt>
      <trkpt lat="37.69431" lon="-119.13641">
        <ele>2675.0</ele>
      </trkpt>
      <trkpt lat="37.69386" lon="-119.13668">
        <ele>2675.0</ele>
      </trkpt>
      <trkpt lat="37.69386" lon="-119.13668">
        <ele>2675.0</ele>
      </trkpt>
      <trkpt lat="37.69412" lon="-119.1366">
        <ele>2674.0</ele>
      </trkpt>
      <trkpt lat="37.69418" lon="-119.1366">
        <ele>2674.0</ele>
      </trkpt>
      <trkpt lat="37.69422" lon="-119.13668">
        <ele>2674.0</ele>
      </trkpt>
      <trkpt lat="37.69409" lon="-119.13692">
        <ele>2677.0</ele>
      </trkpt>
      <trkpt lat="37.69392" lon="-119.13698">
        <ele>2676.0</ele>
      </trkpt>
      <trkpt lat="37.69382" lon="-119.13708">
        <ele>2676.0</ele>
      </trkpt>
      <trkpt lat="37.69383" lon="-119.13737">
        <ele>2682.0</ele>
      </trkpt>
      <trkpt lat="37.69396" lon="-119.13764">
        <ele>2682.0</ele>
      </trkpt>
      <trkpt lat="37.69374" lon="-119.13802">
        <ele>2683.0</ele>
      </trkpt>
      <trkpt lat="37.69368" lon="-119.13824">
        <ele>2686.0</ele>
      </trkpt>
      <trkpt lat="37.69325" lon="-119.13845">
        <ele>2686.0</ele>
      </trkpt>
      <trkpt lat="37.6932" lon="-119.13853">
        <ele>2691.0</ele>
      </trkpt>
      <trkpt lat="37.69323" lon="-119.13884">
        <ele>2693.0</ele>
      </trkpt>
      <trkpt lat="37.69295" lon="-119.13902">
        <ele>2697.0</ele>
      </trkpt>
      <trkpt lat="37.69277" lon="-119.13945">
        <ele>2700.0</ele>
      </trkpt>
      <trkpt lat="37.69277" lon="-119.1397">
        <ele>2700.0</ele>
      </trkpt>
      <trkpt lat="37.69286" lon="-119.14022">
        <ele>2699.0</ele>
      </trkpt>
      <trkpt lat="37.69308" lon="-119.14057">
        <ele>2701.0</ele>
      </trkpt>
      <trkpt lat="37.69313" lon="-119.1408">
        <ele>2701.0</ele>
      </trkpt>
      <trkpt lat="37.69311" lon="-119.14102">
        <ele>2704.0</ele>
      </trkpt>
      <trkpt lat="37.69267" lon="-119.14186">
        <ele>2705.0</ele>
      </trkpt>
      <trkpt lat="37.69264" lon="-119.14211">
        <ele>2708.0</ele>
      </trkpt>
      <trkpt lat="37.69273" lon="-119.1427">
        <ele>2710.0</ele>
      </trkpt>
      <trkpt lat="37.69249" lon="-119.14283">
        <ele>2711.0</ele>
      </trkpt>
      <trkpt lat="37.69158" lon="-119.14306">
        <ele>2725.0</ele>
      </trkpt>
      <trkpt lat="37.69137" lon="-119.1429">
        <ele>2728.0</ele>
      </trkpt>
      <trkpt lat="37.69134" lon="-119.14281">
        <ele>2728.0</ele>
      </trkpt>
      <trkpt lat="37.69114" lon="-119.14285">
        <ele>2733.0</ele>
      </trkpt>
      <trkpt lat="37.69124" lon="-119.14294">
        <ele>2735.0</ele>
      </trkpt>
      <trkpt lat="37.69127" lon="-119.14301">
        <ele>2731.0</ele>
      </trkpt>
      <trkpt lat="37.69126" lon="-119.14308">
        <ele>2731.0</ele>
      </trkpt>
      <trkpt lat="37.69111" lon="-119.14309">
        <ele>2735.0</ele>
      </trkpt>
      <trkpt lat="37.69071" lon="-119.14323">
        <ele>2737.0</ele>
      </trkpt>
      <trkpt lat="37.69056" lon="-119.14334">
        <ele>2733.0</ele>
      </trkpt>
      <trkpt lat="37.69044" lon="-119.14352">
        <ele>2740.0</ele>
      </trkpt>
      <trkpt lat="37.69048" lon="-119.14367">
        <ele>2740.0</ele>
      </trkpt>
      <trkpt lat="37.69048" lon="-119.14375">
        <ele>2740.0</ele>
      </trkpt>
      <trkpt lat="37.69046" lon="-119.14375">
        <ele>2740.0</ele>
      </trkpt>
      <trkpt lat="37.69041" lon="-119.14369">
        <ele>2740.0</ele>
      </trkpt>
      <trkpt lat="37.690395" lon="-119.14382">
        <ele>2742.0</ele>
      </trkpt>
      <trkpt lat="37.6904" lon="-119.14379">
        <ele>2742.0</ele>
      </trkpt>
      <trkpt lat="37.69041" lon="-119.14369">
        <ele>2740.0</ele>
      </trkpt>
      <trkpt lat="37.69046" lon="-119.14375">
        <ele>2740.0</ele>
      </trkpt>
      <trkpt lat="37.69048" lon="-119.14377">
        <ele>2745.0</ele>
      </trkpt>
      <trkpt lat="37.69047" lon="-119.14415">
        <ele>2747.0</ele>
      </trkpt>
      <trkpt lat="37.69053" lon="-119.1444">
        <ele>2746.0</ele>
      </trkpt>
      <trkpt lat="37.69081" lon="-119.14481">
        <ele>2748.0</ele>
      </trkpt>
      <trkpt lat="37.69103" lon="-119.14497">
        <ele>2751.0</ele>
      </trkpt>
      <trkpt lat="37.6914" lon="-119.14534">
        <ele>2757.0</ele>
      </trkpt>
      <trkpt lat="37.69161" lon="-119.14547">
        <ele>2761.0</ele>
      </trkpt>
      <trkpt lat="37.69175" lon="-119.14569">
        <ele>2761.0</ele>
      </trkpt>
      <trkpt lat="37.6919" lon="-119.14565">
        <ele>2767.0</ele>
      </trkpt>
      <trkpt lat="37.69238" lon="-119.14607">
        <ele>2769.0</ele>
      </trkpt>
      <trkpt lat="37.69265" lon="-119.14656">
        <ele>2769.0</ele>
      </trkpt>
      <trkpt lat="37.69289" lon="-119.1467">
        <ele>2769.0</ele>
      </trkpt>
      <trkpt lat="37.69321" lon="-119.14702">
        <ele>2774.0</ele>
      </trkpt>
      <trkpt lat="37.69334" lon="-119.14705">
        <ele>2774.0</ele>
      </trkpt>
      <trkpt lat="37.69344" lon="-119.14692">
        <ele>2774.0</ele>
      </trkpt>
      <trkpt lat="37.69348" lon="-119.14677">
        <ele>2781.0</ele>
      </trkpt>
      <trkpt lat="37.69368" lon="-119.14664">
        <ele>2781.0</ele>
      </trkpt>
      <trkpt lat="37.69394" lon="-119.1467">
        <ele>2779.0</ele>
      </trkpt>
      <trkpt lat="37.69405" lon="-119.14699">
        <ele>2782.0</ele>
      </trkpt>
      <trkpt lat="37.69403" lon="-119.14719">
        <ele>2785.0</ele>
      </trkpt>
      <trkpt lat="37.69393" lon="-119.14744">
        <ele>2781.0</ele>
      </trkpt>
      <trkpt lat="37.69385" lon="-119.1478">
        <ele>2783.0</ele>
      </trkpt>
      <trkpt lat="37.69404" lon="-119.14801">
        <ele>2788.0</ele>
      </trkpt>
      <trkpt lat="37.69442" lon="-119.14827">
        <ele>2796.0</ele>
      </trkpt>
      <trkpt lat="37.69458" lon="-119.14862">
        <ele>2802.0</ele>
      </trkpt>
      <trkpt lat="37.69481" lon="-119.14883">
        <ele>2807.0</ele>
      </trkpt>
      <trkpt lat="37.69489" lon="-119.14897">
        <ele>2810.0</ele>
      </trkpt>
      <trkpt lat="37.69506" lon="-119.14902">
        <ele>2810.0</ele>
      </trkpt>
      <trkpt lat="37.69505" lon="-119.14916">
        <ele>2813.0</ele>
      </trkpt>
      <trkpt lat="37.69522" lon="-119.14924">
        <ele>2822.0</ele>
      </trkpt>
      <trkpt lat="37.69532" lon="-119.14916">
        <ele>2822.0</ele>
      </trkpt>
      <trkpt lat="37.69545" lon="-119.14912">
        <ele>2835.0</ele>
      </trkpt>
      <trkpt lat="37.69542" lon="-119.14902">
        <ele>2832.0</ele>
      </trkpt>
      <trkpt lat="37.69543" lon="-119.14879">
        <ele>2832.0</ele>
      </trkpt>
      <trkpt lat="37.6953" lon="-119.14865">
        <ele>2817.0</ele>
      </trkpt>
      <trkpt lat="37.6954" lon="-119.14858">
        <ele>2817.0</ele>
      </trkpt>
      <trkpt lat="37.69561" lon="-119.14861">
        <ele>2830.0</ele>
      </trkpt>
      <trkpt lat="37.69567" lon="-119.14846">
        <ele>2829.0</ele>
      </trkpt>
      <trkpt lat="37.69634" lon="-119.14837">
        <ele>2854.0</ele>
      </trkpt>
      <trkpt lat="37.69685" lon="-119.14802">
        <ele>2871.0</ele>
      </trkpt>
      <trkpt lat="37.69702" lon="-119.14779">
        <ele>2867.0</ele>
      </trkpt>
      <trkpt lat="37.6971" lon="-119.14806">
        <ele>2883.0</ele>
      </trkpt>
      <trkpt lat="37.69735" lon="-119.14776">
        <ele>2879.0</ele>
      </trkpt>
      <trkpt lat="37.69753" lon="-119.14741">
        <ele>2891.0</ele>
      </trkpt>
      <trkpt lat="37.69825" lon="-119.1463">
        <ele>2909.0</ele>
      </trkpt>
      <trkpt lat="37.69834" lon="-119.146">
        <ele>2908.0</ele>
      </trkpt>
      <trkpt lat="37.69863" lon="-119.14544">
        <ele>2915.0</ele>
      </trkpt>
      <trkpt lat="37.69872" lon="-119.14537">
        <ele>2914.0</ele>
      </trkpt>
      <trkpt lat="37.6987" lon="-119.14513">
        <ele>2911.0</ele>
      </trkpt>
      <trkpt lat="37.69878" lon="-119.14508">
        <ele>2915.0</ele>
      </trkpt>
      <trkpt lat="37.69881" lon="-119.145">
        <ele>2915.0</ele>
      </trkpt>
      <trkpt lat="37.69912" lon="-119.1447">
        <ele>2919.0</ele>
      </trkpt>
      <trkpt lat="37.69906" lon="-119.14457">
        <ele>2921.0</ele>
      </trkpt>
      <trkpt lat="37.69937" lon="-119.14434">
        <ele>2929.0</ele>
      </trkpt>
      <trkpt lat="37.6996" lon="-119.14403">
        <ele>2945.0</ele>
      </trkpt>
      <trkpt lat="37.69977" lon="-119.144">
        <ele>2948.0</ele>
      </trkpt>
      <trkpt lat="37.69984" lon="-119.14394">
        <ele>2948.0</ele>
      </trkpt>
      <trkpt lat="37.69996" lon="-119.14397">
        <ele>2958.0</ele>
      </trkpt>
      <trkpt lat="37.70038" lon="-119.14432">
        <ele>2961.0</ele>
      </trkpt>
      <trkpt lat="37.70072" lon="-119.14454">
        <ele>2960.0</ele>
      </trkpt>
      <trkpt lat="37.70092" lon="-119.14459">
        <ele>2963.0</ele>
      </trkpt>
      <trkpt lat="37.70097" lon="-119.14438">
        <ele>2960.0</ele>
      </trkpt>
      <trkpt lat="37.70111" lon="-119.14424">
        <ele>2964.0</ele>
      </trkpt>
      <trkpt lat="37.70121" lon="-119.14429">
        <ele>2964.0</ele>
      </trkpt>
      <trkpt lat="37.70121" lon="-119.14429">
        <ele>2964.0</ele>
      </trkpt>
      <trkpt lat="37.70133" lon="-119.14434">
        <ele>2969.0</ele>
      </trkpt>
      <trkpt lat="37.70157" lon="-119.14457">
        <ele>2973.0</ele>
      </trkpt>
      <trkpt lat="37.70138" lon="-119.14494">
        <ele>2977.0</ele>
      </trkpt>
      <trkpt lat="37.70181" lon="-119.14522">
        <ele>2981.0</ele>
      </trkpt>
      <trkpt lat="37.70204" lon="-119.14543">
        <ele>2983.0</ele>
      </trkpt>
      <trkpt lat="37.7022" lon="-119.14566">
        <ele>2988.0</ele>
      </trkpt>
      <trkpt lat="37.70263" lon="-119.14588">
        <ele>2993.0</ele>
      </trkpt>
      <trkpt lat="37.70294" lon="-119.14632">
        <ele>3002.0</ele>
      </trkpt>
      <trkpt lat="37.70329" lon="-119.14653">
        <ele>3004.0</ele>
      </trkpt>
      <trkpt lat="37.70396" lon="-119.14726">
        <ele>3014.0</ele>
      </trkpt>
      <trkpt lat="37.70403" lon="-119.14765">
        <ele>3021.0</ele>
      </trkpt>
      <trkpt lat="37.70427" lon="-119.14799">
        <ele>3025.0</ele>
      </trkpt>
      <trkpt lat="37.70452" lon="-119.14819">
        <ele>3023.0</ele>
      </trkpt>
      <trkpt lat="37.70474" lon="-119.14848">
        <ele>3026.0</ele>
      </trkpt>
      <trkpt lat="37.70492" lon="-119.14861">
        <ele>3024.0</ele>
      </trkpt>
      <trkpt lat="37.70493" lon="-119.14846">
        <ele>3026.0</ele>
      </trkpt>
      <trkpt lat="37.70548" lon="-119.14921">
        <ele>3032.0</ele>
      </trkpt>
      <trkpt lat="37.70591" lon="-119.14968">
        <ele>3032.0</ele>
      </trkpt>
      <trkpt lat="37.70616" lon="-119.14988">
        <ele>3033.0</ele>
      </trkpt>
      <trkpt lat="37.70622" lon="-119.15007">
        <ele>3033.0</ele>
      </trkpt>
      <trkpt lat="37.70623" lon="-119.15025">
        <ele>3030.0</ele>
      </trkpt>
      <trkpt lat="37.7063" lon="-119.15013">
        <ele>3044.0</ele>
      </trkpt>
      <trkpt lat="37.70628" lon="-119.1499">
        <ele>3044.0</ele>
      </trkpt>
      <trkpt lat="37.70613" lon="-119.14967">
        <ele>3041.0</ele>
      </trkpt>
      <trkpt lat="37.706" lon="-119.14936">
        <ele>3050.0</ele>
      </trkpt>
      <trkpt lat="37.70643" lon="-119.14972">
        <ele>3052.0</ele>
      </trkpt>
      <trkpt lat="37.70664" lon="-119.15002">
        <ele>3055.0</ele>
      </trkpt>
      <trkpt lat="37.70678" lon="-119.15029">
        <ele>3048.0</ele>
      </trkpt>
      <trkpt lat="37.70685" lon="-119.1505">
        <ele>3054.0</ele>
      </trkpt>
      <trkpt lat="37.70693" lon="-119.15033">
        <ele>3058.0</ele>
      </trkpt>
      <trkpt lat="37.70704" lon="-119.15049">
        <ele>3054.0</ele>
      </trkpt>
      <trkpt lat="37.7071" lon="-119.15037">
        <ele>3072.0</ele>
      </trkpt>
      <trkpt lat="37.70719" lon="-119.15059">
        <ele>3066.0</ele>
      </trkpt>
      <trkpt lat="37.70722" lon="-119.15042">
        <ele>3066.0</ele>
      </trkpt>
      <trkpt lat="37.70732" lon="-119.15064">
        <ele>3066.0</ele>
      </trkpt>
      <trkpt lat="37.70752" lon="-119.15076">
        <ele>3071.0</ele>
      </trkpt>
      <trkpt lat="37.7077" lon="-119.15097">
        <ele>3073.0</ele>
      </trkpt>
      <trkpt lat="37.70773" lon="-119.15108">
        <ele>3071.0</ele>
      </trkpt>
      <trkpt lat="37.70763" lon="-119.15123">
        <ele>3071.0</ele>
      </trkpt>
      <trkpt lat="37.7077" lon="-119.15129">
        <ele>3071.0</ele>
      </trkpt>
      <trkpt lat="37.70773" lon="-119.15148">
        <ele>3071.0</ele>
      </trkpt>
      <trkpt lat="37.7079" lon="-119.15164">
        <ele>3070.0</ele>
      </trkpt>
      <trkpt lat="37.70796" lon="-119.15176">
        <ele>3069.0</ele>
      </trkpt>
      <trkpt lat="37.708" lon="-119.15198">
        <ele>3066.0</ele>
      </trkpt>
      <trkpt lat="37.70813" lon="-119.15213">
        <ele>3062.0</ele>
      </trkpt>
      <trkpt lat="37.7079" lon="-119.15218">
        <ele>3068.0</ele>
      </trkpt>
      <trkpt lat="37.70816" lon="-119.15232">
        <ele>3062.0</ele>
      </trkpt>
      <trkpt lat="37.70803" lon="-119.15246">
        <ele>3059.0</ele>
      </trkpt>
      <trkpt lat="37.70816" lon="-119.15262">
        <ele>3059.0</ele>
      </trkpt>
      <trkpt lat="37.70825" lon="-119.15295">
        <ele>3047.0</ele>
      </trkpt>
      <trkpt lat="37.70833" lon="-119.15264">
        <ele>3047.0</ele>
      </trkpt>
      <trkpt lat="37.70843" lon="-119.1525">
        <ele>3050.0</ele>
      </trkpt>
      <trkpt lat="37.70844" lon="-119.15301">
        <ele>3047.0</ele>
      </trkpt>
      <trkpt lat="37.70847" lon="-119.15299">
        <ele>3047.0</ele>
      </trkpt>
      <trkpt lat="37.70847" lon="-119.15282">
        <ele>3047.0</ele>
      </trkpt>
      <trkpt lat="37.70866" lon="-119.15265">
        <ele>3040.0</ele>
      </trkpt>
      <trkpt lat="37.70887" lon="-119.15258">
        <ele>3038.0</ele>
      </trkpt>
      <trkpt lat="37.70909" lon="-119.15277">
        <ele>3022.0</ele>
      </trkpt>
      <trkpt lat="37.70897" lon="-119.15312">
        <ele>3022.0</ele>
      </trkpt>
      <trkpt lat="37.70929" lon="-119.1531">
        <ele>3013.0</ele>
      </trkpt>
      <trkpt lat="37.7092" lon="-119.15336">
        <ele>3007.0</ele>
      </trkpt>
      <trkpt lat="37.70942" lon="-119.15335">
        <ele>2998.0</ele>
      </trkpt>
      <trkpt lat="37.70975" lon="-119.15284">
        <ele>3005.0</ele>
      </trkpt>
      <trkpt lat="37.71017" lon="-119.15254">
        <ele>2996.0</ele>
      </trkpt>
      <trkpt lat="37.71071" lon="-119.15239">
        <ele>2980.0</ele>
      </trkpt>
      <trkpt lat="37.71115" lon="-119.15208">
        <ele>2987.0</ele>
      </trkpt>
      <trkpt lat="37.71143" lon="-119.15199">
        <ele>2978.0</ele>
      </trkpt>
      <trkpt lat="37.71174" lon="-119.15165">
        <ele>2979.0</ele>
      </trkpt>
      <trkpt lat="37.71184" lon="-119.15163">
        <ele>2972.0</ele>
      </trkpt>
      <trkpt lat="37.71189" lon="-119.15155">
        <ele>2972.0</ele>
      </trkpt>
      <trkpt lat="37.71205" lon="-119.15144">
        <ele>2982.0</ele>
      </trkpt>
      <trkpt lat="37.71269" lon="-119.15135">
        <ele>2955.0</ele>
      </trkpt>
      <trkpt lat="37.71291" lon="-119.15143">
        <ele>2955.0</ele>
      </trkpt>
      <trkpt lat="37.71318" lon="-119.15157">
        <ele>2955.0</ele>
      </trkpt>
      <trkpt lat="37.71362" lon="-119.15169">
        <ele>2955.0</ele>
      </trkpt>
      <trkpt lat="37.7139" lon="-119.15163">
        <ele>2955.0</ele>
      </trkpt>
      <trkpt lat="37.71471" lon="-119.15119">
        <ele>2970.0</ele>
      </trkpt>
      <trkpt lat="37.714848" lon="-119.15121">
        <ele>2970.0</ele>
      </trkpt>
      <trkpt lat="37.714848" lon="-119.15121">
        <ele>2970.0</ele>
      </trkpt>
      <trkpt lat="37.71493" lon="-119.15122">
        <ele>2960.0</ele>
      </trkpt>
      <trkpt lat="37.7152" lon="-119.15161">
        <ele>2958.0</ele>
      </trkpt>
      <trkpt lat="37.71525" lon="-119.15192">
        <ele>2959.0</ele>
      </trkpt>
      <trkpt lat="37.71518" lon="-119.15206">
        <ele>2959.0</ele>
      </trkpt>
      <trkpt lat="37.71491" lon="-119.15227">
        <ele>2956.0</ele>
      </trkpt>
      <trkpt lat="37.71493" lon="-119.15257">
        <ele>2956.0</ele>
      </trkpt>
      <trkpt lat="37.71484" lon="-119.15285">
        <ele>2955.0</ele>
      </trkpt>
      <trkpt lat="37.71479" lon="-119.15324">
        <ele>2955.0</ele>
      </trkpt>
      <trkpt lat="37.71445" lon="-119.15366">
        <ele>2956.0</ele>
      </trkpt>
      <trkpt lat="37.71416" lon="-119.15391">
        <ele>2956.0</ele>
      </trkpt>
      <trkpt lat="37.71383" lon="-119.15402">
        <ele>2956.0</ele>
      </trkpt>
      <trkpt lat="37.71339" lon="-119.15403">
        <ele>2956.0</ele>
      </trkpt>
      <trkpt lat="37.71328" lon="-119.15426">
        <ele>2956.0</ele>
      </trkpt>
      <trkpt lat="37.71325" lon="-119.15454">
        <ele>2957.0</ele>
      </trkpt>
      <trkpt lat="37.7134" lon="-119.15451">
        <ele>2957.0</ele>
      </trkpt>
      <trkpt lat="37.71342" lon="-119.1547">
        <ele>2958.0</ele>
      </trkpt>
      <trkpt lat="37.71352" lon="-119.15463">
        <ele>2960.0</ele>
      </trkpt>
      <trkpt lat="37.71354" lon="-119.15477">
        <ele>2960.0</ele>
      </trkpt>
      <trkpt lat="37.71359" lon="-119.15473">
        <ele>2960.0</ele>
      </trkpt>
      <trkpt lat="37.71361" lon="-119.15483">
        <ele>2960.0</ele>
      </trkpt>
      <trkpt lat="37.71368" lon="-119.15483">
        <ele>2960.0</ele>
      </trkpt>
      <trkpt lat="37.7137" lon="-119.15519">
        <ele>2963.0</ele>
      </trkpt>
      <trkpt lat="37.71378" lon="-119.15521">
        <ele>2972.0</ele>
      </trkpt>
      <trkpt lat="37.7138" lon="-119.15547">
        <ele>2974.0</ele>
      </trkpt>
      <trkpt lat="37.71393" lon="-119.15564">
        <ele>2974.0</ele>
      </trkpt>
      <trkpt lat="37.71404" lon="-119.15594">
        <ele>2984.0</ele>
      </trkpt>
      <trkpt lat="37.71416" lon="-119.15601">
        <ele>2984.0</ele>
      </trkpt>
      <trkpt lat="37.71424" lon="-119.15592">
        <ele>2984.0</ele>
      </trkpt>
      <trkpt lat="37.71441" lon="-119.156">
        <ele>2993.0</ele>
      </trkpt>
      <trkpt lat="37.71453" lon="-119.15599">
        <ele>2993.0</ele>
      </trkpt>
      <trkpt lat="37.71478" lon="-119.15622">
        <ele>3003.0</ele>
      </trkpt>
      <trkpt lat="37.71507" lon="-119.15625">
        <ele>3013.0</ele>
      </trkpt>
      <trkpt lat="37.71511" lon="-119.15631">
        <ele>3014.0</ele>
      </trkpt>
      <trkpt lat="37.71511" lon="-119.15644">
        <ele>3014.0</ele>
      </trkpt>
      <trkpt lat="37.71517" lon="-119.15652">
        <ele>3020.0</ele>
      </trkpt>
      <trkpt lat="37.71561" lon="-119.15672">
        <ele>3024.0</ele>
      </trkpt>
      <trkpt lat="37.71582" lon="-119.15676">
        <ele>3031.0</ele>
      </trkpt>
      <trkpt lat="37.71606" lon="-119.15664">
        <ele>3040.0</ele>
      </trkpt>
      <trkpt lat="37.71626" lon="-119.15665">
        <ele>3048.0</ele>
      </trkpt>
      <trkpt lat="37.71671" lon="-119.15614">
        <ele>3052.0</ele>
      </trkpt>
      <trkpt lat="37.71679" lon="-119.15585">
        <ele>3055.0</ele>
      </trkpt>
      <trkpt lat="37.71687" lon="-119.15576">
        <ele>3063.0</ele>
      </trkpt>
      <trkpt lat="37.71707" lon="-119.15586">
        <ele>3063.0</ele>
      </trkpt>
      <trkpt lat="37.71737" lon="-119.15619">
        <ele>3071.0</ele>
      </trkpt>
      <trkpt lat="37.71764" lon="-119.15633">
        <ele>3071.0</ele>
      </trkpt>
      <trkpt lat="37.71794" lon="-119.1564">
        <ele>3078.0</ele>
      </trkpt>
      <trkpt lat="37.71846" lon="-119.15638">
        <ele>3091.0</ele>
      </trkpt>
      <trkpt lat="37.71853" lon="-119.15643">
        <ele>3100.0</ele>
      </trkpt>
      <trkpt lat="37.71859" lon="-119.15667">
        <ele>3093.0</ele>
      </trkpt>
      <trkpt lat="37.71859" lon="-119.15667">
        <ele>3093.0</ele>
      </trkpt>
      <trkpt lat="37.71865" lon="-119.15691">
        <ele>3087.0</ele>
      </trkpt>
      <trkpt lat="37.71907" lon="-119.15771">
        <ele>3089.0</ele>
      </trkpt>
      <trkpt lat="37.71907" lon="-119.15771">
        <ele>3089.0</ele>
      </trkpt>
      <trkpt lat="37.71909" lon="-119.15775">
        <ele>3089.0</ele>
      </trkpt>
      <trkpt lat="37.71945" lon="-119.15778">
        <ele>3089.0</ele>
      </trkpt>
      <trkpt lat="37.71994" lon="-119.15792">
        <ele>3076.0</ele>
      </trkpt>
      <trkpt lat="37.72001" lon="-119.15807">
        <ele>3076.0</ele>
      </trkpt>
      <trkpt lat="37.71978" lon="-119.15829">
        <ele>3072.0</ele>
      </trkpt>
      <trkpt lat="37.7198" lon="-119.15837">
        <ele>3072.0</ele>
      </trkpt>
      <trkpt lat="37.7203" lon="-119.15849">
        <ele>3062.0</ele>
      </trkpt>
      <trkpt lat="37.72032" lon="-119.15854">
        <ele>3062.0</ele>
      </trkpt>
      <trkpt lat="37.72015" lon="-119.15864">
        <ele>3062.0</ele>
      </trkpt>
      <trkpt lat="37.72019" lon="-119.15876">
        <ele>3056.0</ele>
      </trkpt>
      <trkpt lat="37.72047" lon="-119.15885">
        <ele>3055.0</ele>
      </trkpt>
      <trkpt lat="37.72086" lon="-119.15886">
        <ele>3052.0</ele>
      </trkpt>
      <trkpt lat="37.72087" lon="-119.15891">
        <ele>3052.0</ele>
      </trkpt>
      <trkpt lat="37.72074" lon="-119.159">
        <ele>3052.0</ele>
      </trkpt>
      <trkpt lat="37.72075" lon="-119.15907">
        <ele>3045.0</ele>
      </trkpt>
      <trkpt lat="37.721" lon="-119.15909">
        <ele>3042.0</ele>
      </trkpt>
      <trkpt lat="37.72094" lon="-119.15918">
        <ele>3045.0</ele>
      </trkpt>
      <trkpt lat="37.72081" lon="-119.15923">
        <ele>3045.0</ele>
      </trkpt>
      <trkpt lat="37.72081" lon="-119.15931">
        <ele>3036.0</ele>
      </trkpt>
      <trkpt lat="37.72108" lon="-119.15924">
        <ele>3042.0</ele>
      </trkpt>
      <trkpt lat="37.72107" lon="-119.15947">
        <ele>3035.0</ele>
      </trkpt>
      <trkpt lat="37.72146" lon="-119.15951">
        <ele>3029.0</ele>
      </trkpt>
      <trkpt lat="37.72229" lon="-119.16167">
        <ele>3022.0</ele>
      </trkpt>
      <trkpt lat="37.72236" lon="-119.16176">
        <ele>3022.0</ele>
      </trkpt>
      <trkpt lat="37.72268" lon="-119.1619">
        <ele>3027.0</ele>
      </trkpt>
      <trkpt lat="37.72336" lon="-119.16264">
        <ele>3026.0</ele>
      </trkpt>
      <trkpt lat="37.72355" lon="-119.16293">
        <ele>3024.0</ele>
      </trkpt>
      <trkpt lat="37.72351" lon="-119.16326">
        <ele>3022.0</ele>
      </trkpt>
      <trkpt lat="37.72353" lon="-119.16347">
        <ele>3022.0</ele>
      </trkpt>
      <trkpt lat="37.72375" lon="-119.16372">
        <ele>3020.0</ele>
      </trkpt>
      <trkpt lat="37.72374" lon="-119.16429">
        <ele>3022.0</ele>
      </trkpt>
      <trkpt lat="37.72389" lon="-119.16459">
        <ele>3021.0</ele>
      </trkpt>
      <trkpt lat="37.72408" lon="-119.16521">
        <ele>3012.0</ele>
      </trkpt>
      <trkpt lat="37.72422" lon="-119.16542">
        <ele>3012.0</ele>
      </trkpt>
      <trkpt lat="37.72455" lon="-119.16613">
        <ele>3004.0</ele>
      </trkpt>
      <trkpt lat="37.7246" lon="-119.16638">
        <ele>3004.0</ele>
      </trkpt>
      <trkpt lat="37.72508" lon="-119.16675">
        <ele>3007.0</ele>
      </trkpt>
      <trkpt lat="37.72543" lon="-119.16723">
        <ele>3011.0</ele>
      </trkpt>
      <trkpt lat="37.72557" lon="-119.16746">
        <ele>3015.0</ele>
      </trkpt>
      <trkpt lat="37.7256" lon="-119.16762">
        <ele>3015.0</ele>
      </trkpt>
      <trkpt lat="37.72589" lon="-119.168">
        <ele>3017.0</ele>
      </trkpt>
      <trkpt lat="37.72613" lon="-119.16799">
        <ele>3012.0</ele>
      </trkpt>
      <trkpt lat="37.72636" lon="-119.16838">
        <ele>3006.0</ele>
      </trkpt>
      <trkpt lat="37.72639" lon="-119.16837">
        <ele>3006.0</ele>
      </trkpt>
      <trkpt lat="37.72642" lon="-119.16821">
        <ele>3006.0</ele>
      </trkpt>
      <trkpt lat="37.72653" lon="-119.16829">
        <ele>3002.0</ele>
      </trkpt>
      <trkpt lat="37.72683" lon="-119.16876">
        <ele>2997.0</ele>
      </trkpt>
      <trkpt lat="37.72715" lon="-119.16946">
        <ele>2996.0</ele>
      </trkpt>
      <trkpt lat="37.72751" lon="-119.16971">
        <ele>2997.0</ele>
      </trkpt>
      <trkpt lat="37.72761" lon="-119.16984">
        <ele>2997.0</ele>
      </trkpt>
      <trkpt lat="37.72769" lon="-119.17004">
        <ele>2997.0</ele>
      </trkpt>
      <trkpt lat="37.72774" lon="-119.17039">
        <ele>2998.0</ele>
      </trkpt>
      <trkpt lat="37.72783" lon="-119.17054">
        <ele>2998.0</ele>
      </trkpt>
      <trkpt lat="37.72834" lon="-119.17111">
        <ele>2998.0</ele>
      </trkpt>
      <trkpt lat="37.72844" lon="-119.17112">
        <ele>2998.0</ele>
      </trkpt>
      <trkpt lat="37.7285" lon="-119.17133">
        <ele>2998.0</ele>
      </trkpt>
      <trkpt lat="37.7285" lon="-119.17133">
        <ele>2998.0</ele>
      </trkpt>
      <trkpt lat="37.728573" lon="-119.17121">
        <ele>3000.0</ele>
      </trkpt>
      <trkpt lat="37.72857" lon="-119.17121">
        <ele>3000.0</ele>
      </trkpt>
      <trkpt lat="37.7285" lon="-119.17133">
        <ele>2998.0</ele>
      </trkpt>
      <trkpt lat="37.7285" lon="-119.17133">
        <ele>2998.0</ele>
      </trkpt>
      <trkpt lat="37.72847" lon="-119.17143">
        <ele>2997.0</ele>
      </trkpt>
      <trkpt lat="37.72847" lon="-119.17153">
        <ele>2997.0</ele>
      </trkpt>
      <trkpt lat="37.72851" lon="-119.17165">
        <ele>2998.0</ele>
      </trkpt>
      <trkpt lat="37.72869" lon="-119.17265">
        <ele>2997.0</ele>
      </trkpt>
      <trkpt lat="37.72865" lon="-119.17315">
        <ele>2997.0</ele>
      </trkpt>
      <trkpt lat="37.72854" lon="-119.17328">
        <ele>2997.0</ele>
      </trkpt>
      <trkpt lat="37.72855" lon="-119.17352">
        <ele>2997.0</ele>
      </trkpt>
      <trkpt lat="37.72845" lon="-119.17401">
        <ele>2997.0</ele>
      </trkpt>
      <trkpt lat="37.72834" lon="-119.17444">
        <ele>2997.0</ele>
      </trkpt>
      <trkpt lat="37.72822" lon="-119.17467">
        <ele>2997.0</ele>
      </trkpt>
      <trkpt lat="37.72813" lon="-119.1747">
        <ele>2997.0</ele>
      </trkpt>
      <trkpt lat="37.72799" lon="-119.17494">
        <ele>2997.0</ele>
      </trkpt>
      <trkpt lat="37.72792" lon="-119.17526">
        <ele>2997.0</ele>
      </trkpt>
      <trkpt lat="37.72781" lon="-119.17553">
        <ele>2997.0</ele>
      </trkpt>
      <trkpt lat="37.72785" lon="-119.17593">
        <ele>2997.0</ele>
      </trkpt>
      <trkpt lat="37.72774" lon="-119.17629">
        <ele>2997.0</ele>
      </trkpt>
      <trkpt lat="37.72772" lon="-119.17656">
        <ele>2998.0</ele>
      </trkpt>
      <trkpt lat="37.72756" lon="-119.1769">
        <ele>2997.0</ele>
      </trkpt>
      <trkpt lat="37.72753" lon="-119.17719">
        <ele>2998.0</ele>
      </trkpt>
      <trkpt lat="37.72759" lon="-119.17753">
        <ele>2998.0</ele>
      </trkpt>
      <trkpt lat="37.72776" lon="-119.17783">
        <ele>2999.0</ele>
      </trkpt>
      <trkpt lat="37.72781" lon="-119.17797">
        <ele>2999.0</ele>
      </trkpt>
      <trkpt lat="37.72782" lon="-119.17813">
        <ele>2999.0</ele>
      </trkpt>
      <trkpt lat="37.72778" lon="-119.1784">
        <ele>3000.0</ele>
      </trkpt>
      <trkpt lat="37.72779" lon="-119.17854">
        <ele>3001.0</ele>
      </trkpt>
      <trkpt lat="37.72764" lon="-119.17902">
        <ele>3000.0</ele>
      </trkpt>
      <trkpt lat="37.72768" lon="-119.17932">
        <ele>2998.0</ele>
      </trkpt>
      <trkpt lat="37.72778" lon="-119.17954">
        <ele>2998.0</ele>
      </trkpt>
      <trkpt lat="37.72778" lon="-119.17969">
        <ele>2998.0</ele>
      </trkpt>
      <trkpt lat="37.72778" lon="-119.17969">
        <ele>2998.0</ele>
      </trkpt>
      <trkpt lat="37.72768" lon="-119.17983">
        <ele>2998.0</ele>
      </trkpt>
      <trkpt lat="37.72729" lon="-119.1801">
        <ele>2997.0</ele>
      </trkpt>
      <trkpt lat="37.72714" lon="-119.18032">
        <ele>2998.0</ele>
      </trkpt>
      <trkpt lat="37.72708" lon="-119.18045">
        <ele>2998.0</ele>
      </trkpt>
      <trkpt lat="37.72708" lon="-119.18054">
        <ele>2998.0</ele>
      </trkpt>
      <trkpt lat="37.72695" lon="-119.18092">
        <ele>2998.0</ele>
      </trkpt>
      <trkpt lat="37.72696" lon="-119.18154">
        <ele>2997.0</ele>
      </trkpt>
      <trkpt lat="37.72692" lon="-119.18165">
        <ele>2997.0</ele>
      </trkpt>
      <trkpt lat="37.72682" lon="-119.18176">
        <ele>2997.0</ele>
      </trkpt>
      <trkpt lat="37.726814" lon="-119.18178">
        <ele>2997.0</ele>
      </trkpt>
      <trkpt lat="37.726795" lon="-119.18182">
        <ele>2997.0</ele>
      </trkpt>
      <trkpt lat="37.72682" lon="-119.18176">
        <ele>2997.0</ele>
      </trkpt>
      <trkpt lat="37.72692" lon="-119.18165">
        <ele>2997.0</ele>
      </trkpt>
      <trkpt lat="37.72696" lon="-119.18154">
        <ele>2997.0</ele>
      </trkpt>
      <trkpt lat="37.72695" lon="-119.18092">
        <ele>2998.0</ele>
      </trkpt>
      <trkpt lat="37.72708" lon="-119.18054">
        <ele>2998.0</ele>
      </trkpt>
      <trkpt lat="37.72708" lon="-119.18045">
        <ele>2998.0</ele>
      </trkpt>
      <trkpt lat="37.72714" lon="-119.18032">
        <ele>2998.0</ele>
      </trkpt>
      <trkpt lat="37.72729" lon="-119.1801">
        <ele>2997.0</ele>
      </trkpt>
      <trkpt lat="37.72768" lon="-119.17983">
        <ele>2998.0</ele>
      </trkpt>
      <trkpt lat="37.72778" lon="-119.17969">
        <ele>2998.0</ele>
      </trkpt>
      <trkpt lat="37.72778" lon="-119.17969">
        <ele>2998.0</ele>
      </trkpt>
      <trkpt lat="37.72778" lon="-119.17954">
        <ele>2998.0</ele>
      </trkpt>
      <trkpt lat="37.72768" lon="-119.17932">
        <ele>2998.0</ele>
      </trkpt>
      <trkpt lat="37.72764" lon="-119.17902">
        <ele>3000.0</ele>
      </trkpt>
      <trkpt lat="37.72779" lon="-119.17854">
        <ele>3001.0</ele>
      </trkpt>
      <trkpt lat="37.72778" lon="-119.1784">
        <ele>3000.0</ele>
      </trkpt>
      <trkpt lat="37.72782" lon="-119.17813">
        <ele>2999.0</ele>
      </trkpt>
      <trkpt lat="37.72781" lon="-119.17797">
        <ele>2999.0</ele>
      </trkpt>
      <trkpt lat="37.72776" lon="-119.17783">
        <ele>2999.0</ele>
      </trkpt>
      <trkpt lat="37.72759" lon="-119.17753">
        <ele>2998.0</ele>
      </trkpt>
      <trkpt lat="37.72753" lon="-119.17719">
        <ele>2998.0</ele>
      </trkpt>
      <trkpt lat="37.72756" lon="-119.1769">
        <ele>2997.0</ele>
      </trkpt>
      <trkpt lat="37.72772" lon="-119.17656">
        <ele>2998.0</ele>
      </trkpt>
      <trkpt lat="37.72774" lon="-119.17629">
        <ele>2997.0</ele>
      </trkpt>
      <trkpt lat="37.72785" lon="-119.17593">
        <ele>2997.0</ele>
      </trkpt>
      <trkpt lat="37.72781" lon="-119.17553">
        <ele>2997.0</ele>
      </trkpt>
      <trkpt lat="37.72792" lon="-119.17526">
        <ele>2997.0</ele>
      </trkpt>
      <trkpt lat="37.72799" lon="-119.17494">
        <ele>2997.0</ele>
      </trkpt>
      <trkpt lat="37.72813" lon="-119.1747">
        <ele>2997.0</ele>
      </trkpt>
      <trkpt lat="37.72822" lon="-119.17467">
        <ele>2997.0</ele>
      </trkpt>
      <trkpt lat="37.72834" lon="-119.17444">
        <ele>2997.0</ele>
      </trkpt>
      <trkpt lat="37.72845" lon="-119.17401">
        <ele>2997.0</ele>
      </trkpt>
      <trkpt lat="37.72855" lon="-119.17352">
        <ele>2997.0</ele>
      </trkpt>
      <trkpt lat="37.72854" lon="-119.17328">
        <ele>2997.0</ele>
      </trkpt>
      <trkpt lat="37.72865" lon="-119.17315">
        <ele>2997.0</ele>
      </trkpt>
      <trkpt lat="37.72869" lon="-119.17265">
        <ele>2997.0</ele>
      </trkpt>
      <trkpt lat="37.72851" lon="-119.17165">
        <ele>2998.0</ele>
      </trkpt>
      <trkpt lat="37.72847" lon="-119.17153">
        <ele>2997.0</ele>
      </trkpt>
      <trkpt lat="37.72847" lon="-119.17143">
        <ele>2997.0</ele>
      </trkpt>
      <trkpt lat="37.7285" lon="-119.17133">
        <ele>2998.0</ele>
      </trkpt>
      <trkpt lat="37.7285" lon="-119.17133">
        <ele>2998.0</ele>
      </trkpt>
      <trkpt lat="37.72864" lon="-119.17147">
        <ele>2998.0</ele>
      </trkpt>
      <trkpt lat="37.7289" lon="-119.17189">
        <ele>3000.0</ele>
      </trkpt>
      <trkpt lat="37.72914" lon="-119.17199">
        <ele>3003.0</ele>
      </trkpt>
      <trkpt lat="37.72924" lon="-119.17211">
        <ele>3003.0</ele>
      </trkpt>
      <trkpt lat="37.72947" lon="-119.1727">
        <ele>3006.0</ele>
      </trkpt>
      <trkpt lat="37.72963" lon="-119.17296">
        <ele>3011.0</ele>
      </trkpt>
      <trkpt lat="37.72967" lon="-119.17296">
        <ele>3011.0</ele>
      </trkpt>
      <trkpt lat="37.72969" lon="-119.17252">
        <ele>3014.0</ele>
      </trkpt>
      <trkpt lat="37.73001" lon="-119.17347">
        <ele>3021.0</ele>
      </trkpt>
      <trkpt lat="37.73032" lon="-119.17387">
        <ele>3028.0</ele>
      </trkpt>
      <trkpt lat="37.73031" lon="-119.17369">
        <ele>3028.0</ele>
      </trkpt>
      <trkpt lat="37.73036" lon="-119.17358">
        <ele>3028.0</ele>
      </trkpt>
      <trkpt lat="37.73051" lon="-119.17386">
        <ele>3039.0</ele>
      </trkpt>
      <trkpt lat="37.73052" lon="-119.17419">
        <ele>3040.0</ele>
      </trkpt>
      <trkpt lat="37.7307" lon="-119.17502">
        <ele>3049.0</ele>
      </trkpt>
      <trkpt lat="37.73062" lon="-119.17518">
        <ele>3040.0</ele>
      </trkpt>
      <trkpt lat="37.73073" lon="-119.17572">
        <ele>3050.0</ele>
      </trkpt>
      <trkpt lat="37.73067" lon="-119.17604">
        <ele>3042.0</ele>
      </trkpt>
      <trkpt lat="37.73076" lon="-119.17687">
        <ele>3058.0</ele>
      </trkpt>
      <trkpt lat="37.73072" lon="-119.17716">
        <ele>3059.0</ele>
      </trkpt>
      <trkpt lat="37.73079" lon="-119.17732">
        <ele>3059.0</ele>
      </trkpt>
      <trkpt lat="37.73067" lon="-119.17741">
        <ele>3058.0</ele>
      </trkpt>
      <trkpt lat="37.73059" lon="-119.17783">
        <ele>3062.0</ele>
      </trkpt>
      <trkpt lat="37.73045" lon="-119.17786">
        <ele>3062.0</ele>
      </trkpt>
      <trkpt lat="37.73019" lon="-119.17778">
        <ele>3059.0</ele>
      </trkpt>
      <trkpt lat="37.73011" lon="-119.17813">
        <ele>3055.0</ele>
      </trkpt>
      <trkpt lat="37.73029" lon="-119.17883">
        <ele>3062.0</ele>
      </trkpt>
      <trkpt lat="37.73079" lon="-119.17969">
        <ele>3078.0</ele>
      </trkpt>
      <trkpt lat="37.73079" lon="-119.17969">
        <ele>3078.0</ele>
      </trkpt>
      <trkpt lat="37.73109" lon="-119.18018">
        <ele>3084.0</ele>
      </trkpt>
      <trkpt lat="37.73128" lon="-119.18042">
        <ele>3091.0</ele>
      </trkpt>
      <trkpt lat="37.7315" lon="-119.18082">
        <ele>3087.0</ele>
      </trkpt>
      <trkpt lat="37.73167" lon="-119.18146">
        <ele>3083.0</ele>
      </trkpt>
      <trkpt lat="37.73149" lon="-119.18216">
        <ele>3084.0</ele>
      </trkpt>
      <trkpt lat="37.7315" lon="-119.18273">
        <ele>3088.0</ele>
      </trkpt>
      <trkpt lat="37.73142" lon="-119.1829">
        <ele>3088.0</ele>
      </trkpt>
      <trkpt lat="37.73139" lon="-119.18328">
        <ele>3088.0</ele>
      </trkpt>
      <trkpt lat="37.7313" lon="-119.18345">
        <ele>3088.0</ele>
      </trkpt>
      <trkpt lat="37.73141" lon="-119.18464">
        <ele>3084.0</ele>
      </trkpt>
      <trkpt lat="37.73155" lon="-119.18524">
        <ele>3088.0</ele>
      </trkpt>
      <trkpt lat="37.73167" lon="-119.18537">
        <ele>3088.0</ele>
      </trkpt>
      <trkpt lat="37.73205" lon="-119.18605">
        <ele>3088.0</ele>
      </trkpt>
      <trkpt lat="37.73218" lon="-119.18615">
        <ele>3095.0</ele>
      </trkpt>
      <trkpt lat="37.73214" lon="-119.18634">
        <ele>3091.0</ele>
      </trkpt>
      <trkpt lat="37.7323" lon="-119.18667">
        <ele>3089.0</ele>
      </trkpt>
      <trkpt lat="37.73235" lon="-119.18726">
        <ele>3089.0</ele>
      </trkpt>
      <trkpt lat="37.73221" lon="-119.18762">
        <ele>3091.0</ele>
      </trkpt>
      <trkpt lat="37.73218" lon="-119.18887">
        <ele>3097.0</ele>
      </trkpt>
      <trkpt lat="37.73246" lon="-119.18968">
        <ele>3103.0</ele>
      </trkpt>
      <trkpt lat="37.73252" lon="-119.19006">
        <ele>3101.0</ele>
      </trkpt>
      <trkpt lat="37.73271" lon="-119.19037">
        <ele>3102.0</ele>
      </trkpt>
      <trkpt lat="37.73266" lon="-119.19071">
        <ele>3101.0</ele>
      </trkpt>
      <trkpt lat="37.73285" lon="-119.19151">
        <ele>3105.0</ele>
      </trkpt>
      <trkpt lat="37.73304" lon="-119.19206">
        <ele>3110.0</ele>
      </trkpt>
      <trkpt lat="37.73327" lon="-119.19242">
        <ele>3112.0</ele>
      </trkpt>
      <trkpt lat="37.73341" lon="-119.19246">
        <ele>3112.0</ele>
      </trkpt>
      <trkpt lat="37.73399" lon="-119.19228">
        <ele>3114.0</ele>
      </trkpt>
      <trkpt lat="37.73442" lon="-119.19252">
        <ele>3118.0</ele>
      </trkpt>
      <trkpt lat="37.73506" lon="-119.19258">
        <ele>3114.0</ele>
      </trkpt>
      <trkpt lat="37.73533" lon="-119.1928">
        <ele>3110.0</ele>
      </trkpt>
      <trkpt lat="37.7355" lon="-119.19282">
        <ele>3108.0</ele>
      </trkpt>
      <trkpt lat="37.73575" lon="-119.193">
        <ele>3107.0</ele>
      </trkpt>
      <trkpt lat="37.73597" lon="-119.19334">
        <ele>3106.0</ele>
      </trkpt>
      <trkpt lat="37.73597" lon="-119.19334">
        <ele>3106.0</ele>
      </trkpt>
      <trkpt lat="37.73605" lon="-119.19346">
        <ele>3107.0</ele>
      </trkpt>
      <trkpt lat="37.73604" lon="-119.19365">
        <ele>3107.0</ele>
      </trkpt>
      <trkpt lat="37.73613" lon="-119.1938">
        <ele>3106.0</ele>
      </trkpt>
      <trkpt lat="37.73674" lon="-119.1945">
        <ele>3110.0</ele>
      </trkpt>
      <trkpt lat="37.73738" lon="-119.19491">
        <ele>3097.0</ele>
      </trkpt>
      <trkpt lat="37.73748" lon="-119.19504">
        <ele>3097.0</ele>
      </trkpt>
      <trkpt lat="37.73795" lon="-119.19543">
        <ele>3094.0</ele>
      </trkpt>
      <trkpt lat="37.73845" lon="-119.19573">
        <ele>3089.0</ele>
      </trkpt>
      <trkpt lat="37.73859" lon="-119.19573">
        <ele>3079.0</ele>
      </trkpt>
      <trkpt lat="37.73881" lon="-119.1961">
        <ele>3073.0</ele>
      </trkpt>
      <trkpt lat="37.73902" lon="-119.19619">
        <ele>3073.0</ele>
      </trkpt>
      <trkpt lat="37.73905" lon="-119.19631">
        <ele>3073.0</ele>
      </trkpt>
      <trkpt lat="37.73898" lon="-119.19642">
        <ele>3080.0</ele>
      </trkpt>
      <trkpt lat="37.7392" lon="-119.19665">
        <ele>3079.0</ele>
      </trkpt>
      <trkpt lat="37.73917" lon="-119.19695">
        <ele>3085.0</ele>
      </trkpt>
      <trkpt lat="37.73925" lon="-119.19742">
        <ele>3092.0</ele>
      </trkpt>
      <trkpt lat="37.73935" lon="-119.19752">
        <ele>3084.0</ele>
      </trkpt>
      <trkpt lat="37.73952" lon="-119.19783">
        <ele>3085.0</ele>
      </trkpt>
      <trkpt lat="37.73963" lon="-119.19791">
        <ele>3078.0</ele>
      </trkpt>
      <trkpt lat="37.73978" lon="-119.19821">
        <ele>3083.0</ele>
      </trkpt>
      <trkpt lat="37.73971" lon="-119.19878">
        <ele>3081.0</ele>
      </trkpt>
      <trkpt lat="37.73963" lon="-119.19893">
        <ele>3081.0</ele>
      </trkpt>
      <trkpt lat="37.73966" lon="-119.19908">
        <ele>3078.0</ele>
      </trkpt>
      <trkpt lat="37.73989" lon="-119.1993">
        <ele>3077.0</ele>
      </trkpt>
      <trkpt lat="37.74004" lon="-119.19937">
        <ele>3074.0</ele>
      </trkpt>
      <trkpt lat="37.74013" lon="-119.19972">
        <ele>3072.0</ele>
      </trkpt>
      <trkpt lat="37.74023" lon="-119.19981">
        <ele>3068.0</ele>
      </trkpt>
      <trkpt lat="37.74021" lon="-119.19997">
        <ele>3066.0</ele>
      </trkpt>
      <trkpt lat="37.74031" lon="-119.20033">
        <ele>3063.0</ele>
      </trkpt>
      <trkpt lat="37.74031" lon="-119.20053">
        <ele>3060.0</ele>
      </trkpt>
      <trkpt lat="37.74011" lon="-119.20088">
        <ele>3062.0</ele>
      </trkpt>
      <trkpt lat="37.74005" lon="-119.2012">
        <ele>3059.0</ele>
      </trkpt>
      <trkpt lat="37.74018" lon="-119.20129">
        <ele>3054.0</ele>
      </trkpt>
      <trkpt lat="37.74025" lon="-119.20157">
        <ele>3051.0</ele>
      </trkpt>
      <trkpt lat="37.74037" lon="-119.20166">
        <ele>3051.0</ele>
      </trkpt>
      <trkpt lat="37.74037" lon="-119.20166">
        <ele>3051.0</ele>
      </trkpt>
      <trkpt lat="37.74039" lon="-119.2018">
        <ele>3051.0</ele>
      </trkpt>
      <trkpt lat="37.7403" lon="-119.20203">
        <ele>3046.0</ele>
      </trkpt>
      <trkpt lat="37.7402" lon="-119.20214">
        <ele>3039.0</ele>
      </trkpt>
      <trkpt lat="37.74018" lon="-119.2027">
        <ele>3023.0</ele>
      </trkpt>
      <trkpt lat="37.74006" lon="-119.20282">
        <ele>3024.0</ele>
      </trkpt>
      <trkpt lat="37.74013" lon="-119.20298">
        <ele>3021.0</ele>
      </trkpt>
      <trkpt lat="37.74033" lon="-119.20322">
        <ele>3016.0</ele>
      </trkpt>
      <trkpt lat="37.74038" lon="-119.20344">
        <ele>3016.0</ele>
      </trkpt>
      <trkpt lat="37.74051" lon="-119.20357">
        <ele>3012.0</ele>
      </trkpt>
      <trkpt lat="37.74066" lon="-119.20397">
        <ele>3009.0</ele>
      </trkpt>
      <trkpt lat="37.74058" lon="-119.20426">
        <ele>3006.0</ele>
      </trkpt>
      <trkpt lat="37.74058" lon="-119.20475">
        <ele>3000.0</ele>
      </trkpt>
      <trkpt lat="37.74063" lon="-119.20491">
        <ele>2999.0</ele>
      </trkpt>
      <trkpt lat="37.74055" lon="-119.20509">
        <ele>2999.0</ele>
      </trkpt>
      <trkpt lat="37.74046" lon="-119.20517">
        <ele>2997.0</ele>
      </trkpt>
      <trkpt lat="37.74047" lon="-119.20557">
        <ele>2993.0</ele>
      </trkpt>
      <trkpt lat="37.7404" lon="-119.20575">
        <ele>2989.0</ele>
      </trkpt>
      <trkpt lat="37.74046" lon="-119.20625">
        <ele>2986.0</ele>
      </trkpt>
      <trkpt lat="37.74093" lon="-119.20687">
        <ele>2970.0</ele>
      </trkpt>
      <trkpt lat="37.74107" lon="-119.20719">
        <ele>2969.0</ele>
      </trkpt>
      <trkpt lat="37.74121" lon="-119.20724">
        <ele>2969.0</ele>
      </trkpt>
      <trkpt lat="37.74124" lon="-119.20739">
        <ele>2967.0</ele>
      </trkpt>
      <trkpt lat="37.74148" lon="-119.20762">
        <ele>2963.0</ele>
      </trkpt>
      <trkpt lat="37.74148" lon="-119.20779">
        <ele>2960.0</ele>
      </trkpt>
      <trkpt lat="37.74167" lon="-119.20798">
        <ele>2951.0</ele>
      </trkpt>
      <trkpt lat="37.74211" lon="-119.20865">
        <ele>2936.0</ele>
      </trkpt>
      <trkpt lat="37.74236" lon="-119.2087">
        <ele>2936.0</ele>
      </trkpt>
      <trkpt lat="37.7426" lon="-119.20921">
        <ele>2935.0</ele>
      </trkpt>
      <trkpt lat="37.74257" lon="-119.20938">
        <ele>2938.0</ele>
      </trkpt>
      <trkpt lat="37.74229" lon="-119.20962">
        <ele>2940.0</ele>
      </trkpt>
      <trkpt lat="37.7422" lon="-119.20989">
        <ele>2938.0</ele>
      </trkpt>
      <trkpt lat="37.74232" lon="-119.21039">
        <ele>2935.0</ele>
      </trkpt>
      <trkpt lat="37.7428" lon="-119.21066">
        <ele>2933.0</ele>
      </trkpt>
      <trkpt lat="37.7431" lon="-119.2109">
        <ele>2933.0</ele>
      </trkpt>
      <trkpt lat="37.74326" lon="-119.21093">
        <ele>2931.0</ele>
      </trkpt>
      <trkpt lat="37.74351" lon="-119.21128">
        <ele>2932.0</ele>
      </trkpt>
      <trkpt lat="37.74363" lon="-119.21129">
        <ele>2932.0</ele>
      </trkpt>
      <trkpt lat="37.74362" lon="-119.21101">
        <ele>2930.0</ele>
      </trkpt>
      <trkpt lat="37.74385" lon="-119.21124">
        <ele>2931.0</ele>
      </trkpt>
      <trkpt lat="37.74388" lon="-119.21162">
        <ele>2931.0</ele>
      </trkpt>
      <trkpt lat="37.74382" lon="-119.2118">
        <ele>2931.0</ele>
      </trkpt>
      <trkpt lat="37.74391" lon="-119.21205">
        <ele>2932.0</ele>
      </trkpt>
      <trkpt lat="37.74367" lon="-119.2123">
        <ele>2935.0</ele>
      </trkpt>
      <trkpt lat="37.74416" lon="-119.21267">
        <ele>2936.0</ele>
      </trkpt>
      <trkpt lat="37.74416" lon="-119.21267">
        <ele>2936.0</ele>
      </trkpt>
      <trkpt lat="37.74416" lon="-119.21267">
        <ele>2936.0</ele>
      </trkpt>
      <trkpt lat="37.74422" lon="-119.21285">
        <ele>2936.0</ele>
      </trkpt>
      <trkpt lat="37.74433" lon="-119.21295">
        <ele>2934.0</ele>
      </trkpt>
      <trkpt lat="37.74436" lon="-119.2131">
        <ele>2934.0</ele>
      </trkpt>
      <trkpt lat="37.74458" lon="-119.21338">
        <ele>2938.0</ele>
      </trkpt>
      <trkpt lat="37.74462" lon="-119.21352">
        <ele>2940.0</ele>
      </trkpt>
      <trkpt lat="37.74475" lon="-119.2136">
        <ele>2940.0</ele>
      </trkpt>
      <trkpt lat="37.74474" lon="-119.21391">
        <ele>2942.0</ele>
      </trkpt>
      <trkpt lat="37.74484" lon="-119.21417">
        <ele>2944.0</ele>
      </trkpt>
      <trkpt lat="37.7448" lon="-119.21454">
        <ele>2945.0</ele>
      </trkpt>
      <trkpt lat="37.74482" lon="-119.21472">
        <ele>2946.0</ele>
      </trkpt>
      <trkpt lat="37.74474" lon="-119.21501">
        <ele>2948.0</ele>
      </trkpt>
      <trkpt lat="37.74475" lon="-119.21518">
        <ele>2951.0</ele>
      </trkpt>
      <trkpt lat="37.74503" lon="-119.21493">
        <ele>2955.0</ele>
      </trkpt>
      <trkpt lat="37.74527" lon="-119.21481">
        <ele>2957.0</ele>
      </trkpt>
      <trkpt lat="37.74532" lon="-119.2146">
        <ele>2957.0</ele>
      </trkpt>
      <trkpt lat="37.74542" lon="-119.21451">
        <ele>2958.0</ele>
      </trkpt>
      <trkpt lat="37.74564" lon="-119.21444">
        <ele>2958.0</ele>
      </trkpt>
      <trkpt lat="37.74581" lon="-119.2145">
        <ele>2964.0</ele>
      </trkpt>
      <trkpt lat="37.74585" lon="-119.2146">
        <ele>2969.0</ele>
      </trkpt>
      <trkpt lat="37.74571" lon="-119.21483">
        <ele>2969.0</ele>
      </trkpt>
      <trkpt lat="37.7457" lon="-119.2151">
        <ele>2977.0</ele>
      </trkpt>
      <trkpt lat="37.74551" lon="-119.21559">
        <ele>2978.0</ele>
      </trkpt>
      <trkpt lat="37.74551" lon="-119.21574">
        <ele>2982.0</ele>
      </trkpt>
      <trkpt lat="37.74561" lon="-119.21576">
        <ele>2982.0</ele>
      </trkpt>
      <trkpt lat="37.74571" lon="-119.21568">
        <ele>2989.0</ele>
      </trkpt>
      <trkpt lat="37.74583" lon="-119.21566">
        <ele>2989.0</ele>
      </trkpt>
      <trkpt lat="37.74618" lon="-119.21524">
        <ele>2994.0</ele>
      </trkpt>
      <trkpt lat="37.74663" lon="-119.21484">
        <ele>2989.0</ele>
      </trkpt>
      <trkpt lat="37.74676" lon="-119.2148">
        <ele>2989.0</ele>
      </trkpt>
      <trkpt lat="37.74675" lon="-119.2152">
        <ele>3006.0</ele>
      </trkpt>
      <trkpt lat="37.7472" lon="-119.21553">
        <ele>3008.0</ele>
      </trkpt>
      <trkpt lat="37.74722" lon="-119.21567">
        <ele>3008.0</ele>
      </trkpt>
      <trkpt lat="37.74748" lon="-119.21578">
        <ele>3006.0</ele>
      </trkpt>
      <trkpt lat="37.74766" lon="-119.21611">
        <ele>3007.0</ele>
      </trkpt>
      <trkpt lat="37.74768" lon="-119.21658">
        <ele>3013.0</ele>
      </trkpt>
      <trkpt lat="37.74786" lon="-119.21717">
        <ele>3026.0</ele>
      </trkpt>
      <trkpt lat="37.74786" lon="-119.21741">
        <ele>3032.0</ele>
      </trkpt>
      <trkpt lat="37.74807" lon="-119.21801">
        <ele>3031.0</ele>
      </trkpt>
      <trkpt lat="37.74889" lon="-119.21855">
        <ele>3035.0</ele>
      </trkpt>
      <trkpt lat="37.74894" lon="-119.21867">
        <ele>3035.0</ele>
      </trkpt>
      <trkpt lat="37.74891" lon="-119.21893">
        <ele>3036.0</ele>
      </trkpt>
      <trkpt lat="37.74903" lon="-119.21895">
        <ele>3036.0</ele>
      </trkpt>
      <trkpt lat="37.74907" lon="-119.21923">
        <ele>3039.0</ele>
      </trkpt>
      <trkpt lat="37.74895" lon="-119.21951">
        <ele>3049.0</ele>
      </trkpt>
      <trkpt lat="37.74929" lon="-119.22024">
        <ele>3054.0</ele>
      </trkpt>
      <trkpt lat="37.74959" lon="-119.22045">
        <ele>3053.0</ele>
      </trkpt>
      <trkpt lat="37.74967" lon="-119.22044">
        <ele>3053.0</ele>
      </trkpt>
      <trkpt lat="37.74983" lon="-119.22015">
        <ele>3051.0</ele>
      </trkpt>
      <trkpt lat="37.74992" lon="-119.22017">
        <ele>3053.0</ele>
      </trkpt>
      <trkpt lat="37.75042" lon="-119.21997">
        <ele>3048.0</ele>
      </trkpt>
      <trkpt lat="37.75065" lon="-119.22017">
        <ele>3051.0</ele>
      </trkpt>
      <trkpt lat="37.75079" lon="-119.22021">
        <ele>3050.0</ele>
      </trkpt>
      <trkpt lat="37.75104" lon="-119.22045">
        <ele>3056.0</ele>
      </trkpt>
      <trkpt lat="37.75118" lon="-119.22047">
        <ele>3056.0</ele>
      </trkpt>
      <trkpt lat="37.75139" lon="-119.22071">
        <ele>3060.0</ele>
      </trkpt>
      <trkpt lat="37.75151" lon="-119.22077">
        <ele>3060.0</ele>
      </trkpt>
      <trkpt lat="37.75177" lon="-119.22078">
        <ele>3062.0</ele>
      </trkpt>
      <trkpt lat="37.75188" lon="-119.22069">
        <ele>3064.0</ele>
      </trkpt>
      <trkpt lat="37.75193" lon="-119.22077">
        <ele>3066.0</ele>
      </trkpt>
      <trkpt lat="37.75202" lon="-119.22078">
        <ele>3066.0</ele>
      </trkpt>
      <trkpt lat="37.75203" lon="-119.2209">
        <ele>3066.0</ele>
      </trkpt>
      <trkpt lat="37.75219" lon="-119.22106">
        <ele>3072.0</ele>
      </trkpt>
      <trkpt lat="37.7523" lon="-119.22134">
        <ele>3076.0</ele>
      </trkpt>
      <trkpt lat="37.75245" lon="-119.22151">
        <ele>3077.0</ele>
      </trkpt>
      <trkpt lat="37.75248" lon="-119.22186">
        <ele>3076.0</ele>
      </trkpt>
      <trkpt lat="37.75277" lon="-119.22224">
        <ele>3076.0</ele>
      </trkpt>
      <trkpt lat="37.75281" lon="-119.22244">
        <ele>3078.0</ele>
      </trkpt>
      <trkpt lat="37.75308" lon="-119.22259">
        <ele>3078.0</ele>
      </trkpt>
      <trkpt lat="37.75317" lon="-119.22249">
        <ele>3078.0</ele>
      </trkpt>
      <trkpt lat="37.75322" lon="-119.22262">
        <ele>3082.0</ele>
      </trkpt>
      <trkpt lat="37.75333" lon="-119.22263">
        <ele>3082.0</ele>
      </trkpt>
      <trkpt lat="37.75334" lon="-119.22267">
        <ele>3086.0</ele>
      </trkpt>
      <trkpt lat="37.75334" lon="-119.22267">
        <ele>3086.0</ele>
      </trkpt>
      <trkpt lat="37.75339" lon="-119.22277">
        <ele>3086.0</ele>
      </trkpt>
      <trkpt lat="37.75356" lon="-119.22287">
        <ele>3088.0</ele>
      </trkpt>
      <trkpt lat="37.75362" lon="-119.22302">
        <ele>3091.0</ele>
      </trkpt>
      <trkpt lat="37.75383" lon="-119.22317">
        <ele>3094.0</ele>
      </trkpt>
      <trkpt lat="37.75397" lon="-119.22315">
        <ele>3094.0</ele>
      </trkpt>
      <trkpt lat="37.75407" lon="-119.22323">
        <ele>3094.0</ele>
      </trkpt>
      <trkpt lat="37.7541" lon="-119.22338">
        <ele>3094.0</ele>
      </trkpt>
      <trkpt lat="37.75423" lon="-119.22347">
        <ele>3094.0</ele>
      </trkpt>
      <trkpt lat="37.75452" lon="-119.22347">
        <ele>3094.0</ele>
      </trkpt>
      <trkpt lat="37.75485" lon="-119.22358">
        <ele>3097.0</ele>
      </trkpt>
      <trkpt lat="37.75488" lon="-119.22363">
        <ele>3094.0</ele>
      </trkpt>
      <trkpt lat="37.75488" lon="-119.22363">
        <ele>3094.0</ele>
      </trkpt>
      <trkpt lat="37.75515" lon="-119.22405">
        <ele>3092.0</ele>
      </trkpt>
      <trkpt lat="37.75566" lon="-119.22453">
        <ele>3093.0</ele>
      </trkpt>
      <trkpt lat="37.75594" lon="-119.225">
        <ele>3098.0</ele>
      </trkpt>
      <trkpt lat="37.75622" lon="-119.22521">
        <ele>3097.0</ele>
      </trkpt>
      <trkpt lat="37.75637" lon="-119.22525">
        <ele>3096.0</ele>
      </trkpt>
      <trkpt lat="37.75652" lon="-119.22544">
        <ele>3095.0</ele>
      </trkpt>
      <trkpt lat="37.75665" lon="-119.22536">
        <ele>3095.0</ele>
      </trkpt>
      <trkpt lat="37.75668" lon="-119.22546">
        <ele>3095.0</ele>
      </trkpt>
      <trkpt lat="37.75674" lon="-119.22551">
        <ele>3095.0</ele>
      </trkpt>
      <trkpt lat="37.75687" lon="-119.225555">
        <ele>3102.0</ele>
      </trkpt>
      <trkpt lat="37.757" lon="-119.22559">
        <ele>3102.0</ele>
      </trkpt>
      <trkpt lat="37.75728" lon="-119.22548">
        <ele>3108.0</ele>
      </trkpt>
      <trkpt lat="37.75756" lon="-119.22566">
        <ele>3112.0</ele>
      </trkpt>
      <trkpt lat="37.75769" lon="-119.22568">
        <ele>3118.0</ele>
      </trkpt>
      <trkpt lat="37.75808" lon="-119.22558">
        <ele>3123.0</ele>
      </trkpt>
      <trkpt lat="37.75865" lon="-119.22582">
        <ele>3125.0</ele>
      </trkpt>
      <trkpt lat="37.75878" lon="-119.22569">
        <ele>3125.0</ele>
      </trkpt>
      <trkpt lat="37.75905" lon="-119.22562">
        <ele>3130.0</ele>
      </trkpt>
      <trkpt lat="37.75949" lon="-119.22593">
        <ele>3136.0</ele>
      </trkpt>
      <trkpt lat="37.75975" lon="-119.22664">
        <ele>3139.0</ele>
      </trkpt>
      <trkpt lat="37.76016" lon="-119.22694">
        <ele>3143.0</ele>
      </trkpt>
      <trkpt lat="37.76027" lon="-119.2273">
        <ele>3143.0</ele>
      </trkpt>
      <trkpt lat="37.76024" lon="-119.22769">
        <ele>3150.0</ele>
      </trkpt>
      <trkpt lat="37.76029" lon="-119.22786">
        <ele>3150.0</ele>
      </trkpt>
      <trkpt lat="37.76037" lon="-119.22791">
        <ele>3150.0</ele>
      </trkpt>
      <trkpt lat="37.76057" lon="-119.2278">
        <ele>3150.0</ele>
      </trkpt>
      <trkpt lat="37.76065" lon="-119.22789">
        <ele>3150.0</ele>
      </trkpt>
      <trkpt lat="37.76075" lon="-119.22791">
        <ele>3150.0</ele>
      </trkpt>
      <trkpt lat="37.7608" lon="-119.22801">
        <ele>3150.0</ele>
      </trkpt>
      <trkpt lat="37.76103" lon="-119.22816">
        <ele>3150.0</ele>
      </trkpt>
      <trkpt lat="37.76123" lon="-119.2284">
        <ele>3148.0</ele>
      </trkpt>
      <trkpt lat="37.76119" lon="-119.22873">
        <ele>3146.0</ele>
      </trkpt>
      <trkpt lat="37.7611" lon="-119.22893">
        <ele>3147.0</ele>
      </trkpt>
      <trkpt lat="37.76111" lon="-119.22927">
        <ele>3147.0</ele>
      </trkpt>
      <trkpt lat="37.76105" lon="-119.22963">
        <ele>3152.0</ele>
      </trkpt>
      <trkpt lat="37.76118" lon="-119.23003">
        <ele>3153.0</ele>
      </trkpt>
      <trkpt lat="37.76113" lon="-119.23016">
        <ele>3155.0</ele>
      </trkpt>
      <trkpt lat="37.76114" lon="-119.2305">
        <ele>3158.0</ele>
      </trkpt>
      <trkpt lat="37.76167" lon="-119.23117">
        <ele>3161.0</ele>
      </trkpt>
      <trkpt lat="37.76195" lon="-119.23145">
        <ele>3160.0</ele>
      </trkpt>
      <trkpt lat="37.76212" lon="-119.23176">
        <ele>3163.0</ele>
      </trkpt>
      <trkpt lat="37.76211" lon="-119.23191">
        <ele>3165.0</ele>
      </trkpt>
      <trkpt lat="37.7622" lon="-119.23215">
        <ele>3168.0</ele>
      </trkpt>
      <trkpt lat="37.76287" lon="-119.23312">
        <ele>3168.0</ele>
      </trkpt>
      <trkpt lat="37.76303" lon="-119.23356">
        <ele>3175.0</ele>
      </trkpt>
      <trkpt lat="37.76324" lon="-119.23377">
        <ele>3175.0</ele>
      </trkpt>
      <trkpt lat="37.76332" lon="-119.234">
        <ele>3175.0</ele>
      </trkpt>
      <trkpt lat="37.7632" lon="-119.2347">
        <ele>3185.0</ele>
      </trkpt>
      <trkpt lat="37.7632" lon="-119.23489">
        <ele>3185.0</ele>
      </trkpt>
      <trkpt lat="37.76326" lon="-119.23504">
        <ele>3185.0</ele>
      </trkpt>
      <trkpt lat="37.76319" lon="-119.23544">
        <ele>3192.0</ele>
      </trkpt>
      <trkpt lat="37.76327" lon="-119.23579">
        <ele>3189.0</ele>
      </trkpt>
      <trkpt lat="37.76343" lon="-119.23609">
        <ele>3192.0</ele>
      </trkpt>
      <trkpt lat="37.76347" lon="-119.23626">
        <ele>3194.0</ele>
      </trkpt>
      <trkpt lat="37.7637" lon="-119.23671">
        <ele>3194.0</ele>
      </trkpt>
      <trkpt lat="37.76383" lon="-119.23682">
        <ele>3193.0</ele>
      </trkpt>
      <trkpt lat="37.76404" lon="-119.23712">
        <ele>3193.0</ele>
      </trkpt>
      <trkpt lat="37.76408" lon="-119.2373">
        <ele>3193.0</ele>
      </trkpt>
      <trkpt lat="37.76394" lon="-119.23801">
        <ele>3199.0</ele>
      </trkpt>
      <trkpt lat="37.76386" lon="-119.23818">
        <ele>3199.0</ele>
      </trkpt>
      <trkpt lat="37.76384" lon="-119.23852">
        <ele>3199.0</ele>
      </trkpt>
      <trkpt lat="37.76394" lon="-119.23887">
        <ele>3200.0</ele>
      </trkpt>
      <trkpt lat="37.76419" lon="-119.23929">
        <ele>3200.0</ele>
      </trkpt>
      <trkpt lat="37.76444" lon="-119.2395">
        <ele>3198.0</ele>
      </trkpt>
      <trkpt lat="37.7645" lon="-119.23967">
        <ele>3199.0</ele>
      </trkpt>
      <trkpt lat="37.7645" lon="-119.23988">
        <ele>3201.0</ele>
      </trkpt>
      <trkpt lat="37.7644" lon="-119.2402">
        <ele>3203.0</ele>
      </trkpt>
      <trkpt lat="37.76444" lon="-119.24033">
        <ele>3203.0</ele>
      </trkpt>
      <trkpt lat="37.76479" lon="-119.24063">
        <ele>3210.0</ele>
      </trkpt>
      <trkpt lat="37.76479" lon="-119.24074">
        <ele>3213.0</ele>
      </trkpt>
      <trkpt lat="37.76491" lon="-119.24078">
        <ele>3214.0</ele>
      </trkpt>
      <trkpt lat="37.76493" lon="-119.2409">
        <ele>3214.0</ele>
      </trkpt>
      <trkpt lat="37.76488" lon="-119.24101">
        <ele>3217.0</ele>
      </trkpt>
      <trkpt lat="37.76505" lon="-119.24127">
        <ele>3222.0</ele>
      </trkpt>
      <trkpt lat="37.76502" lon="-119.24138">
        <ele>3222.0</ele>
      </trkpt>
      <trkpt lat="37.76444" lon="-119.24172">
        <ele>3226.0</ele>
      </trkpt>
      <trkpt lat="37.76432" lon="-119.2419">
        <ele>3233.0</ele>
      </trkpt>
      <trkpt lat="37.76345" lon="-119.24234">
        <ele>3247.0</ele>
      </trkpt>
      <trkpt lat="37.76337" lon="-119.24243">
        <ele>3253.0</ele>
      </trkpt>
      <trkpt lat="37.76296" lon="-119.24248">
        <ele>3254.0</ele>
      </trkpt>
      <trkpt lat="37.76281" lon="-119.24261">
        <ele>3260.0</ele>
      </trkpt>
      <trkpt lat="37.76244" lon="-119.24262">
        <ele>3261.0</ele>
      </trkpt>
      <trkpt lat="37.76201" lon="-119.24273">
        <ele>3270.0</ele>
      </trkpt>
      <trkpt lat="37.76192" lon="-119.24293">
        <ele>3274.0</ele>
      </trkpt>
      <trkpt lat="37.76154" lon="-119.24327">
        <ele>3279.0</ele>
      </trkpt>
      <trkpt lat="37.76164" lon="-119.24334">
        <ele>3279.0</ele>
      </trkpt>
      <trkpt lat="37.76169" lon="-119.24346">
        <ele>3279.0</ele>
      </trkpt>
      <trkpt lat="37.76163" lon="-119.24365">
        <ele>3284.0</ele>
      </trkpt>
      <trkpt lat="37.7617" lon="-119.24374">
        <ele>3284.0</ele>
      </trkpt>
      <trkpt lat="37.76181" lon="-119.24377">
        <ele>3291.0</ele>
      </trkpt>
      <trkpt lat="37.76193" lon="-119.24394">
        <ele>3291.0</ele>
      </trkpt>
      <trkpt lat="37.76189" lon="-119.24401">
        <ele>3291.0</ele>
      </trkpt>
      <trkpt lat="37.76168" lon="-119.2441">
        <ele>3298.0</ele>
      </trkpt>
      <trkpt lat="37.76132" lon="-119.24449">
        <ele>3302.0</ele>
      </trkpt>
      <trkpt lat="37.76076" lon="-119.24476">
        <ele>3310.0</ele>
      </trkpt>
      <trkpt lat="37.7605" lon="-119.24507">
        <ele>3316.0</ele>
      </trkpt>
      <trkpt lat="37.76027" lon="-119.24519">
        <ele>3323.0</ele>
      </trkpt>
      <trkpt lat="37.76019" lon="-119.24551">
        <ele>3328.0</ele>
      </trkpt>
      <trkpt lat="37.76025" lon="-119.24559">
        <ele>3328.0</ele>
      </trkpt>
      <trkpt lat="37.76023" lon="-119.24561">
        <ele>3328.0</ele>
      </trkpt>
      <trkpt lat="37.76023" lon="-119.24561">
        <ele>3328.0</ele>
      </trkpt>
      <trkpt lat="37.75988" lon="-119.24597">
        <ele>3330.0</ele>
      </trkpt>
      <trkpt lat="37.75962" lon="-119.24675">
        <ele>3335.0</ele>
      </trkpt>
      <trkpt lat="37.75965" lon="-119.24689">
        <ele>3337.0</ele>
      </trkpt>
      <trkpt lat="37.75994" lon="-119.24671">
        <ele>3339.0</ele>
      </trkpt>
      <trkpt lat="37.75994" lon="-119.24682">
        <ele>3342.0</ele>
      </trkpt>
      <trkpt lat="37.76018" lon="-119.24679">
        <ele>3343.0</ele>
      </trkpt>
      <trkpt lat="37.7602" lon="-119.24689">
        <ele>3349.0</ele>
      </trkpt>
      <trkpt lat="37.76" lon="-119.24743">
        <ele>3354.0</ele>
      </trkpt>
      <trkpt lat="37.76015" lon="-119.24751">
        <ele>3362.0</ele>
      </trkpt>
      <trkpt lat="37.76029" lon="-119.24794">
        <ele>3365.0</ele>
      </trkpt>
      <trkpt lat="37.76036" lon="-119.24803">
        <ele>3365.0</ele>
      </trkpt>
      <trkpt lat="37.76078" lon="-119.24803">
        <ele>3370.0</ele>
      </trkpt>
      <trkpt lat="37.7609" lon="-119.24814">
        <ele>3370.0</ele>
      </trkpt>
      <trkpt lat="37.76098" lon="-119.24831">
        <ele>3366.0</ele>
      </trkpt>
      <trkpt lat="37.76101" lon="-119.24872">
        <ele>3366.0</ele>
      </trkpt>
      <trkpt lat="37.76128" lon="-119.24902">
        <ele>3367.0</ele>
      </trkpt>
      <trkpt lat="37.76158" lon="-119.24951">
        <ele>3366.0</ele>
      </trkpt>
      <trkpt lat="37.7617" lon="-119.24978">
        <ele>3363.0</ele>
      </trkpt>
      <trkpt lat="37.76189" lon="-119.24971">
        <ele>3358.0</ele>
      </trkpt>
      <trkpt lat="37.76196" lon="-119.24976">
        <ele>3358.0</ele>
      </trkpt>
      <trkpt lat="37.76198" lon="-119.25011">
        <ele>3355.0</ele>
      </trkpt>
      <trkpt lat="37.76194" lon="-119.25054">
        <ele>3354.0</ele>
      </trkpt>
      <trkpt lat="37.762" lon="-119.25075">
        <ele>3352.0</ele>
      </trkpt>
      <trkpt lat="37.76215" lon="-119.25105">
        <ele>3341.0</ele>
      </trkpt>
      <trkpt lat="37.76238" lon="-119.25099">
        <ele>3334.0</ele>
      </trkpt>
      <trkpt lat="37.76243" lon="-119.2511">
        <ele>3334.0</ele>
      </trkpt>
      <trkpt lat="37.76256" lon="-119.25117">
        <ele>3334.0</ele>
      </trkpt>
      <trkpt lat="37.76275" lon="-119.25122">
        <ele>3327.0</ele>
      </trkpt>
      <trkpt lat="37.76288" lon="-119.25116">
        <ele>3327.0</ele>
      </trkpt>
      <trkpt lat="37.76292" lon="-119.25128">
        <ele>3314.0</ele>
      </trkpt>
      <trkpt lat="37.76315" lon="-119.25124">
        <ele>3320.0</ele>
      </trkpt>
      <trkpt lat="37.76342" lon="-119.2513">
        <ele>3309.0</ele>
      </trkpt>
      <trkpt lat="37.76369" lon="-119.25123">
        <ele>3306.0</ele>
      </trkpt>
      <trkpt lat="37.76382" lon="-119.25124">
        <ele>3302.0</ele>
      </trkpt>
      <trkpt lat="37.76429" lon="-119.25148">
        <ele>3299.0</ele>
      </trkpt>
      <trkpt lat="37.76456" lon="-119.25138">
        <ele>3296.0</ele>
      </trkpt>
      <trkpt lat="37.76494" lon="-119.25159">
        <ele>3293.0</ele>
      </trkpt>
      <trkpt lat="37.76515" lon="-119.25178">
        <ele>3291.0</ele>
      </trkpt>
      <trkpt lat="37.76568" lon="-119.25198">
        <ele>3288.0</ele>
      </trkpt>
      <trkpt lat="37.76587" lon="-119.25216">
        <ele>3285.0</ele>
      </trkpt>
      <trkpt lat="37.76569" lon="-119.25238">
        <ele>3282.0</ele>
      </trkpt>
      <trkpt lat="37.76544" lon="-119.25238">
        <ele>3282.0</ele>
      </trkpt>
      <trkpt lat="37.76519" lon="-119.2525">
        <ele>3281.0</ele>
      </trkpt>
      <trkpt lat="37.76482" lon="-119.25295">
        <ele>3270.0</ele>
      </trkpt>
      <trkpt lat="37.76447" lon="-119.25313">
        <ele>3272.0</ele>
      </trkpt>
      <trkpt lat="37.7645" lon="-119.25327">
        <ele>3266.0</ele>
      </trkpt>
      <trkpt lat="37.76433" lon="-119.25345">
        <ele>3266.0</ele>
      </trkpt>
      <trkpt lat="37.7642" lon="-119.25342">
        <ele>3264.0</ele>
      </trkpt>
      <trkpt lat="37.76406" lon="-119.2536">
        <ele>3258.0</ele>
      </trkpt>
      <trkpt lat="37.76395" lon="-119.25362">
        <ele>3256.0</ele>
      </trkpt>
      <trkpt lat="37.76398" lon="-119.25407">
        <ele>3243.0</ele>
      </trkpt>
      <trkpt lat="37.76407" lon="-119.25423">
        <ele>3242.0</ele>
      </trkpt>
      <trkpt lat="37.76383" lon="-119.25415">
        <ele>3243.0</ele>
      </trkpt>
      <trkpt lat="37.76354" lon="-119.25452">
        <ele>3242.0</ele>
      </trkpt>
      <trkpt lat="37.76335" lon="-119.25508">
        <ele>3240.0</ele>
      </trkpt>
      <trkpt lat="37.76316" lon="-119.25542">
        <ele>3232.0</ele>
      </trkpt>
      <trkpt lat="37.76292" lon="-119.25566">
        <ele>3232.0</ele>
      </trkpt>
      <trkpt lat="37.76289" lon="-119.25587">
        <ele>3226.0</ele>
      </trkpt>
      <trkpt lat="37.76276" lon="-119.25618">
        <ele>3221.0</ele>
      </trkpt>
      <trkpt lat="37.76277" lon="-119.25646">
        <ele>3218.0</ele>
      </trkpt>
      <trkpt lat="37.76266" lon="-119.25678">
        <ele>3214.0</ele>
      </trkpt>
      <trkpt lat="37.7624" lon="-119.25675">
        <ele>3212.0</ele>
      </trkpt>
      <trkpt lat="37.76237" lon="-119.25685">
        <ele>3207.0</ele>
      </trkpt>
      <trkpt lat="37.76227" lon="-119.25681">
        <ele>3207.0</ele>
      </trkpt>
      <trkpt lat="37.76225" lon="-119.25686">
        <ele>3207.0</ele>
      </trkpt>
      <trkpt lat="37.76252" lon="-119.25731">
        <ele>3202.0</ele>
      </trkpt>
      <trkpt lat="37.76268" lon="-119.25743">
        <ele>3201.0</ele>
      </trkpt>
      <trkpt lat="37.76264" lon="-119.25768">
        <ele>3201.0</ele>
      </trkpt>
      <trkpt lat="37.76201" lon="-119.25795">
        <ele>3203.0</ele>
      </trkpt>
      <trkpt lat="37.76192" lon="-119.25805">
        <ele>3203.0</ele>
      </trkpt>
      <trkpt lat="37.76196" lon="-119.25811">
        <ele>3203.0</ele>
      </trkpt>
      <trkpt lat="37.76214" lon="-119.25819">
        <ele>3204.0</ele>
      </trkpt>
      <trkpt lat="37.76205" lon="-119.25822">
        <ele>3205.0</ele>
      </trkpt>
      <trkpt lat="37.76168" lon="-119.25861">
        <ele>3210.0</ele>
      </trkpt>
      <trkpt lat="37.76178" lon="-119.25873">
        <ele>3210.0</ele>
      </trkpt>
      <trkpt lat="37.76221" lon="-119.25884">
        <ele>3211.0</ele>
      </trkpt>
      <trkpt lat="37.7626" lon="-119.25881">
        <ele>3211.0</ele>
      </trkpt>
      <trkpt lat="37.76303" lon="-119.25889">
        <ele>3207.0</ele>
      </trkpt>
      <trkpt lat="37.7634" lon="-119.25925">
        <ele>3204.0</ele>
      </trkpt>
      <trkpt lat="37.76368" lon="-119.25915">
        <ele>3200.0</ele>
      </trkpt>
      <trkpt lat="37.76378" lon="-119.25907">
        <ele>3195.0</ele>
      </trkpt>
      <trkpt lat="37.7639" lon="-119.25907">
        <ele>3195.0</ele>
      </trkpt>
      <trkpt lat="37.76402" lon="-119.25898">
        <ele>3193.0</ele>
      </trkpt>
      <trkpt lat="37.76533" lon="-119.2589">
        <ele>3164.0</ele>
      </trkpt>
      <trkpt lat="37.7659" lon="-119.25852">
        <ele>3149.0</ele>
      </trkpt>
      <trkpt lat="37.76594" lon="-119.25847">
        <ele>3137.0</ele>
      </trkpt>
      <trkpt lat="37.76583" lon="-119.25841">
        <ele>3137.0</ele>
      </trkpt>
      <trkpt lat="37.76603" lon="-119.25832">
        <ele>3139.0</ele>
      </trkpt>
      <trkpt lat="37.76584" lon="-119.25823">
        <ele>3137.0</ele>
      </trkpt>
      <trkpt lat="37.76641" lon="-119.25779">
        <ele>3121.0</ele>
      </trkpt>
      <trkpt lat="37.76713" lon="-119.2568">
        <ele>3106.0</ele>
      </trkpt>
      <trkpt lat="37.76789" lon="-119.25663">
        <ele>3103.0</ele>
      </trkpt>
      <trkpt lat="37.76804" lon="-119.2565">
        <ele>3107.0</ele>
      </trkpt>
      <trkpt lat="37.76813" lon="-119.25658">
        <ele>3104.0</ele>
      </trkpt>
      <trkpt lat="37.7684" lon="-119.25662">
        <ele>3105.0</ele>
      </trkpt>
      <trkpt lat="37.76848" lon="-119.25671">
        <ele>3104.0</ele>
      </trkpt>
      <trkpt lat="37.76845" lon="-119.25677">
        <ele>3105.0</ele>
      </trkpt>
      <trkpt lat="37.76848" lon="-119.25688">
        <ele>3102.0</ele>
      </trkpt>
      <trkpt lat="37.76867" lon="-119.25701">
        <ele>3102.0</ele>
      </trkpt>
      <trkpt lat="37.76957" lon="-119.25691">
        <ele>3094.0</ele>
      </trkpt>
      <trkpt lat="37.76979" lon="-119.25716">
        <ele>3086.0</ele>
      </trkpt>
      <trkpt lat="37.77047" lon="-119.25766">
        <ele>3082.0</ele>
      </trkpt>
      <trkpt lat="37.77071" lon="-119.25791">
        <ele>3081.0</ele>
      </trkpt>
      <trkpt lat="37.77071" lon="-119.25791">
        <ele>3081.0</ele>
      </trkpt>
      <trkpt lat="37.77081" lon="-119.258">
        <ele>3080.0</ele>
      </trkpt>
      <trkpt lat="37.77085" lon="-119.25817">
        <ele>3080.0</ele>
      </trkpt>
      <trkpt lat="37.77094" lon="-119.25824">
        <ele>3078.0</ele>
      </trkpt>
      <trkpt lat="37.77135" lon="-119.25811">
        <ele>3075.0</ele>
      </trkpt>
      <trkpt lat="37.77142" lon="-119.25817">
        <ele>3075.0</ele>
      </trkpt>
      <trkpt lat="37.77155" lon="-119.25813">
        <ele>3070.0</ele>
      </trkpt>
      <trkpt lat="37.77169" lon="-119.25816">
        <ele>3070.0</ele>
      </trkpt>
      <trkpt lat="37.77175" lon="-119.25828">
        <ele>3066.0</ele>
      </trkpt>
      <trkpt lat="37.77203" lon="-119.25843">
        <ele>3058.0</ele>
      </trkpt>
      <trkpt lat="37.77211" lon="-119.25855">
        <ele>3042.0</ele>
      </trkpt>
      <trkpt lat="37.77219" lon="-119.25872">
        <ele>3042.0</ele>
      </trkpt>
      <trkpt lat="37.77219" lon="-119.25884">
        <ele>3037.0</ele>
      </trkpt>
      <trkpt lat="37.7723" lon="-119.25902">
        <ele>3037.0</ele>
      </trkpt>
      <trkpt lat="37.77229" lon="-119.25913">
        <ele>3032.0</ele>
      </trkpt>
      <trkpt lat="37.77235" lon="-119.2592">
        <ele>3032.0</ele>
      </trkpt>
      <trkpt lat="37.77275" lon="-119.25933">
        <ele>3019.0</ele>
      </trkpt>
      <trkpt lat="37.77314" lon="-119.25929">
        <ele>3013.0</ele>
      </trkpt>
      <trkpt lat="37.77325" lon="-119.25936">
        <ele>3003.0</ele>
      </trkpt>
      <trkpt lat="37.77333" lon="-119.25927">
        <ele>3011.0</ele>
      </trkpt>
      <trkpt lat="37.77351" lon="-119.25932">
        <ele>3004.0</ele>
      </trkpt>
      <trkpt lat="37.77369" lon="-119.25957">
        <ele>3004.0</ele>
      </trkpt>
      <trkpt lat="37.77372" lon="-119.25968">
        <ele>2997.0</ele>
      </trkpt>
      <trkpt lat="37.77383" lon="-119.25974">
        <ele>2999.0</ele>
      </trkpt>
      <trkpt lat="37.77383" lon="-119.25995">
        <ele>2992.0</ele>
      </trkpt>
      <trkpt lat="37.77374" lon="-119.26">
        <ele>2991.0</ele>
      </trkpt>
      <trkpt lat="37.77377" lon="-119.26009">
        <ele>2992.0</ele>
      </trkpt>
      <trkpt lat="37.77424" lon="-119.26032">
        <ele>2987.0</ele>
      </trkpt>
      <trkpt lat="37.77434" lon="-119.26044">
        <ele>2982.0</ele>
      </trkpt>
      <trkpt lat="37.77446" lon="-119.26047">
        <ele>2982.0</ele>
      </trkpt>
      <trkpt lat="37.77454" lon="-119.26052">
        <ele>2982.0</ele>
      </trkpt>
      <trkpt lat="37.77456" lon="-119.26059">
        <ele>2982.0</ele>
      </trkpt>
      <trkpt lat="37.77491" lon="-119.26071">
        <ele>2975.0</ele>
      </trkpt>
      <trkpt lat="37.77505" lon="-119.26065">
        <ele>2979.0</ele>
      </trkpt>
      <trkpt lat="37.77548" lon="-119.26089">
        <ele>2978.0</ele>
      </trkpt>
      <trkpt lat="37.77567" lon="-119.26093">
        <ele>2978.0</ele>
      </trkpt>
      <trkpt lat="37.77603" lon="-119.26119">
        <ele>2968.0</ele>
      </trkpt>
      <trkpt lat="37.77628" lon="-119.26149">
        <ele>2960.0</ele>
      </trkpt>
      <trkpt lat="37.77655" lon="-119.26169">
        <ele>2957.0</ele>
      </trkpt>
      <trkpt lat="37.77708" lon="-119.2619">
        <ele>2956.0</ele>
      </trkpt>
      <trkpt lat="37.77716" lon="-119.26198">
        <ele>2950.0</ele>
      </trkpt>
      <trkpt lat="37.77737" lon="-119.26193">
        <ele>2945.0</ele>
      </trkpt>
      <trkpt lat="37.77757" lon="-119.26204">
        <ele>2945.0</ele>
      </trkpt>
      <trkpt lat="37.77757" lon="-119.26204">
        <ele>2945.0</ele>
      </trkpt>
      <trkpt lat="37.77757" lon="-119.26204">
        <ele>2945.0</ele>
      </trkpt>
      <trkpt lat="37.77771" lon="-119.26222">
        <ele>2942.0</ele>
      </trkpt>
      <trkpt lat="37.77789" lon="-119.26236">
        <ele>2942.0</ele>
      </trkpt>
      <trkpt lat="37.77877" lon="-119.26256">
        <ele>2945.0</ele>
      </trkpt>
      <trkpt lat="37.77898" lon="-119.26275">
        <ele>2947.0</ele>
      </trkpt>
      <trkpt lat="37.77906" lon="-119.26297">
        <ele>2948.0</ele>
      </trkpt>
      <trkpt lat="37.7792" lon="-119.26303">
        <ele>2948.0</ele>
      </trkpt>
      <trkpt lat="37.77962" lon="-119.26298">
        <ele>2949.0</ele>
      </trkpt>
      <trkpt lat="37.78003" lon="-119.26307">
        <ele>2948.0</ele>
      </trkpt>
      <trkpt lat="37.7801" lon="-119.26316">
        <ele>2948.0</ele>
      </trkpt>
      <trkpt lat="37.78038" lon="-119.26328">
        <ele>2955.0</ele>
      </trkpt>
      <trkpt lat="37.78085" lon="-119.26339">
        <ele>2960.0</ele>
      </trkpt>
      <trkpt lat="37.78114" lon="-119.26358">
        <ele>2962.0</ele>
      </trkpt>
      <trkpt lat="37.78143" lon="-119.26352">
        <ele>2960.0</ele>
      </trkpt>
      <trkpt lat="37.7816" lon="-119.26333">
        <ele>2951.0</ele>
      </trkpt>
      <trkpt lat="37.78174" lon="-119.26336">
        <ele>2951.0</ele>
      </trkpt>
      <trkpt lat="37.78211" lon="-119.26325">
        <ele>2942.0</ele>
      </trkpt>
      <trkpt lat="37.78239" lon="-119.2634">
        <ele>2928.0</ele>
      </trkpt>
      <trkpt lat="37.78246" lon="-119.26359">
        <ele>2931.0</ele>
      </trkpt>
      <trkpt lat="37.78259" lon="-119.26371">
        <ele>2931.0</ele>
      </trkpt>
      <trkpt lat="37.78289" lon="-119.26387">
        <ele>2921.0</ele>
      </trkpt>
      <trkpt lat="37.78334" lon="-119.26372">
        <ele>2899.0</ele>
      </trkpt>
      <trkpt lat="37.78336" lon="-119.26364">
        <ele>2899.0</ele>
      </trkpt>
      <trkpt lat="37.78314" lon="-119.26341">
        <ele>2905.0</ele>
      </trkpt>
      <trkpt lat="37.78319" lon="-119.26335">
        <ele>2905.0</ele>
      </trkpt>
      <trkpt lat="37.78331" lon="-119.26337">
        <ele>2896.0</ele>
      </trkpt>
      <trkpt lat="37.78334" lon="-119.26327">
        <ele>2896.0</ele>
      </trkpt>
      <trkpt lat="37.78346" lon="-119.2633">
        <ele>2896.0</ele>
      </trkpt>
      <trkpt lat="37.78341" lon="-119.26307">
        <ele>2892.0</ele>
      </trkpt>
      <trkpt lat="37.78361" lon="-119.26302">
        <ele>2887.0</ele>
      </trkpt>
      <trkpt lat="37.78379" lon="-119.2631">
        <ele>2881.0</ele>
      </trkpt>
      <trkpt lat="37.78384" lon="-119.26301">
        <ele>2881.0</ele>
      </trkpt>
      <trkpt lat="37.78389" lon="-119.26269">
        <ele>2874.0</ele>
      </trkpt>
      <trkpt lat="37.78399" lon="-119.2628">
        <ele>2874.0</ele>
      </trkpt>
      <trkpt lat="37.78403" lon="-119.26293">
        <ele>2869.0</ele>
      </trkpt>
      <trkpt lat="37.78415" lon="-119.26292">
        <ele>2869.0</ele>
      </trkpt>
      <trkpt lat="37.78418" lon="-119.26278">
        <ele>2861.0</ele>
      </trkpt>
      <trkpt lat="37.78438" lon="-119.26286">
        <ele>2844.0</ele>
      </trkpt>
      <trkpt lat="37.7843" lon="-119.26271">
        <ele>2861.0</ele>
      </trkpt>
      <trkpt lat="37.78449" lon="-119.26278">
        <ele>2844.0</ele>
      </trkpt>
      <trkpt lat="37.78464" lon="-119.26296">
        <ele>2839.0</ele>
      </trkpt>
      <trkpt lat="37.78475" lon="-119.26323">
        <ele>2843.0</ele>
      </trkpt>
      <trkpt lat="37.78482" lon="-119.26322">
        <ele>2843.0</ele>
      </trkpt>
      <trkpt lat="37.78486" lon="-119.26313">
        <ele>2839.0</ele>
      </trkpt>
      <trkpt lat="37.78538" lon="-119.26359">
        <ele>2829.0</ele>
      </trkpt>
      <trkpt lat="37.78566" lon="-119.26358">
        <ele>2820.0</ele>
      </trkpt>
      <trkpt lat="37.78591" lon="-119.26332">
        <ele>2810.0</ele>
      </trkpt>
      <trkpt lat="37.78642" lon="-119.26317">
        <ele>2795.0</ele>
      </trkpt>
      <trkpt lat="37.78746" lon="-119.2632">
        <ele>2786.0</ele>
      </trkpt>
      <trkpt lat="37.78808" lon="-119.26302">
        <ele>2775.0</ele>
      </trkpt>
      <trkpt lat="37.78808" lon="-119.26302">
        <ele>2775.0</ele>
      </trkpt>
      <trkpt lat="37.78813" lon="-119.26301">
        <ele>2775.0</ele>
      </trkpt>
      <trkpt lat="37.78828" lon="-119.26308">
        <ele>2774.0</ele>
      </trkpt>
      <trkpt lat="37.78867" lon="-119.26308">
        <ele>2777.0</ele>
      </trkpt>
      <trkpt lat="37.78896" lon="-119.26284">
        <ele>2770.0</ele>
      </trkpt>
      <trkpt lat="37.78884" lon="-119.26261">
        <ele>2760.0</ele>
      </trkpt>
      <trkpt lat="37.78901" lon="-119.2625">
        <ele>2760.0</ele>
      </trkpt>
      <trkpt lat="37.78918" lon="-119.26252">
        <ele>2763.0</ele>
      </trkpt>
      <trkpt lat="37.78933" lon="-119.26245">
        <ele>2757.0</ele>
      </trkpt>
      <trkpt lat="37.78943" lon="-119.26231">
        <ele>2753.0</ele>
      </trkpt>
      <trkpt lat="37.78952" lon="-119.26231">
        <ele>2753.0</ele>
      </trkpt>
      <trkpt lat="37.78966" lon="-119.26211">
        <ele>2750.0</ele>
      </trkpt>
      <trkpt lat="37.7899" lon="-119.26209">
        <ele>2750.0</ele>
      </trkpt>
      <trkpt lat="37.79008" lon="-119.26196">
        <ele>2744.0</ele>
      </trkpt>
      <trkpt lat="37.79039" lon="-119.26191">
        <ele>2739.0</ele>
      </trkpt>
      <trkpt lat="37.79048" lon="-119.26171">
        <ele>2730.0</ele>
      </trkpt>
      <trkpt lat="37.79106" lon="-119.26178">
        <ele>2727.0</ele>
      </trkpt>
      <trkpt lat="37.79117" lon="-119.26167">
        <ele>2727.0</ele>
      </trkpt>
      <trkpt lat="37.79133" lon="-119.26172">
        <ele>2726.0</ele>
      </trkpt>
      <trkpt lat="37.79141" lon="-119.26163">
        <ele>2726.0</ele>
      </trkpt>
      <trkpt lat="37.79159" lon="-119.2617">
        <ele>2728.0</ele>
      </trkpt>
      <trkpt lat="37.79167" lon="-119.26166">
        <ele>2728.0</ele>
      </trkpt>
      <trkpt lat="37.79197" lon="-119.26181">
        <ele>2726.0</ele>
      </trkpt>
      <trkpt lat="37.79195" lon="-119.26189">
        <ele>2726.0</ele>
      </trkpt>
      <trkpt lat="37.79208" lon="-119.26213">
        <ele>2726.0</ele>
      </trkpt>
      <trkpt lat="37.79276" lon="-119.26287">
        <ele>2729.0</ele>
      </trkpt>
      <trkpt lat="37.79321" lon="-119.26304">
        <ele>2736.0</ele>
      </trkpt>
      <trkpt lat="37.79351" lon="-119.26303">
        <ele>2736.0</ele>
      </trkpt>
      <trkpt lat="37.79407" lon="-119.26282">
        <ele>2731.0</ele>
      </trkpt>
      <trkpt lat="37.79419" lon="-119.26283">
        <ele>2731.0</ele>
      </trkpt>
      <trkpt lat="37.79482" lon="-119.26316">
        <ele>2736.0</ele>
      </trkpt>
      <trkpt lat="37.79502" lon="-119.26302">
        <ele>2740.0</ele>
      </trkpt>
      <trkpt lat="37.79525" lon="-119.26296">
        <ele>2743.0</ele>
      </trkpt>
      <trkpt lat="37.79528" lon="-119.26279">
        <ele>2739.0</ele>
      </trkpt>
      <trkpt lat="37.79566" lon="-119.26257">
        <ele>2738.0</ele>
      </trkpt>
      <trkpt lat="37.79584" lon="-119.26254">
        <ele>2734.0</ele>
      </trkpt>
      <trkpt lat="37.79594" lon="-119.26258">
        <ele>2734.0</ele>
      </trkpt>
      <trkpt lat="37.79607" lon="-119.26253">
        <ele>2731.0</ele>
      </trkpt>
      <trkpt lat="37.79625" lon="-119.26257">
        <ele>2731.0</ele>
      </trkpt>
      <trkpt lat="37.79652" lon="-119.26245">
        <ele>2729.0</ele>
      </trkpt>
      <trkpt lat="37.79689" lon="-119.26239">
        <ele>2730.0</ele>
      </trkpt>
      <trkpt lat="37.79731" lon="-119.26221">
        <ele>2729.0</ele>
      </trkpt>
      <trkpt lat="37.7979" lon="-119.26222">
        <ele>2727.0</ele>
      </trkpt>
      <trkpt lat="37.7982" lon="-119.26216">
        <ele>2723.0</ele>
      </trkpt>
      <trkpt lat="37.79884" lon="-119.26264">
        <ele>2726.0</ele>
      </trkpt>
      <trkpt lat="37.79932" lon="-119.2628">
        <ele>2727.0</ele>
      </trkpt>
      <trkpt lat="37.80002" lon="-119.26292">
        <ele>2726.0</ele>
      </trkpt>
      <trkpt lat="37.80008" lon="-119.2631">
        <ele>2726.0</ele>
      </trkpt>
      <trkpt lat="37.80025" lon="-119.26315">
        <ele>2726.0</ele>
      </trkpt>
      <trkpt lat="37.80059" lon="-119.26309">
        <ele>2727.0</ele>
      </trkpt>
      <trkpt lat="37.80106" lon="-119.2632">
        <ele>2724.0</ele>
      </trkpt>
      <trkpt lat="37.80123" lon="-119.26327">
        <ele>2724.0</ele>
      </trkpt>
      <trkpt lat="37.80152" lon="-119.26352">
        <ele>2721.0</ele>
      </trkpt>
      <trkpt lat="37.80201" lon="-119.26374">
        <ele>2716.0</ele>
      </trkpt>
      <trkpt lat="37.80213" lon="-119.26384">
        <ele>2721.0</ele>
      </trkpt>
      <trkpt lat="37.80257" lon="-119.26387">
        <ele>2720.0</ele>
      </trkpt>
      <trkpt lat="37.80293" lon="-119.26396">
        <ele>2719.0</ele>
      </trkpt>
      <trkpt lat="37.80328" lon="-119.26393">
        <ele>2717.0</ele>
      </trkpt>
      <trkpt lat="37.80389" lon="-119.26426">
        <ele>2721.0</ele>
      </trkpt>
      <trkpt lat="37.80414" lon="-119.26447">
        <ele>2720.0</ele>
      </trkpt>
      <trkpt lat="37.80429" lon="-119.26448">
        <ele>2720.0</ele>
      </trkpt>
      <trkpt lat="37.80491" lon="-119.26481">
        <ele>2721.0</ele>
      </trkpt>
      <trkpt lat="37.80544" lon="-119.26526">
        <ele>2725.0</ele>
      </trkpt>
      <trkpt lat="37.80544" lon="-119.26526">
        <ele>2725.0</ele>
      </trkpt>
      <trkpt lat="37.80579" lon="-119.26568">
        <ele>2725.0</ele>
      </trkpt>
      <trkpt lat="37.80604" lon="-119.26589">
        <ele>2725.0</ele>
      </trkpt>
      <trkpt lat="37.80648" lon="-119.26607">
        <ele>2730.0</ele>
      </trkpt>
      <trkpt lat="37.807" lon="-119.26643">
        <ele>2725.0</ele>
      </trkpt>
      <trkpt lat="37.80713" lon="-119.26645">
        <ele>2722.0</ele>
      </trkpt>
      <trkpt lat="37.80728" lon="-119.2663">
        <ele>2722.0</ele>
      </trkpt>
      <trkpt lat="37.80744" lon="-119.2663">
        <ele>2720.0</ele>
      </trkpt>
      <trkpt lat="37.80751" lon="-119.2664">
        <ele>2720.0</ele>
      </trkpt>
      <trkpt lat="37.80774" lon="-119.26636">
        <ele>2722.0</ele>
      </trkpt>
      <trkpt lat="37.80814" lon="-119.26651">
        <ele>2718.0</ele>
      </trkpt>
      <trkpt lat="37.80831" lon="-119.26661">
        <ele>2719.0</ele>
      </trkpt>
      <trkpt lat="37.80837" lon="-119.26673">
        <ele>2719.0</ele>
      </trkpt>
      <trkpt lat="37.809" lon="-119.26695">
        <ele>2716.0</ele>
      </trkpt>
      <trkpt lat="37.80913" lon="-119.26704">
        <ele>2715.0</ele>
      </trkpt>
      <trkpt lat="37.80951" lon="-119.26697">
        <ele>2716.0</ele>
      </trkpt>
      <trkpt lat="37.81005" lon="-119.2671">
        <ele>2707.0</ele>
      </trkpt>
      <trkpt lat="37.81055" lon="-119.26738">
        <ele>2707.0</ele>
      </trkpt>
      <trkpt lat="37.81077" lon="-119.26758">
        <ele>2707.0</ele>
      </trkpt>
      <trkpt lat="37.81077" lon="-119.26758">
        <ele>2707.0</ele>
      </trkpt>
      <trkpt lat="37.81085" lon="-119.26764">
        <ele>2707.0</ele>
      </trkpt>
      <trkpt lat="37.811" lon="-119.26793">
        <ele>2705.0</ele>
      </trkpt>
      <trkpt lat="37.81126" lon="-119.26815">
        <ele>2705.0</ele>
      </trkpt>
      <trkpt lat="37.81157" lon="-119.26829">
        <ele>2704.0</ele>
      </trkpt>
      <trkpt lat="37.81232" lon="-119.26837">
        <ele>2707.0</ele>
      </trkpt>
      <trkpt lat="37.81225" lon="-119.26905">
        <ele>2712.0</ele>
      </trkpt>
      <trkpt lat="37.81232" lon="-119.26922">
        <ele>2712.0</ele>
      </trkpt>
      <trkpt lat="37.81225" lon="-119.26931">
        <ele>2718.0</ele>
      </trkpt>
      <trkpt lat="37.81241" lon="-119.26957">
        <ele>2715.0</ele>
      </trkpt>
      <trkpt lat="37.81239" lon="-119.26993">
        <ele>2716.0</ele>
      </trkpt>
      <trkpt lat="37.8127" lon="-119.27033">
        <ele>2710.0</ele>
      </trkpt>
      <trkpt lat="37.81299" lon="-119.27061">
        <ele>2708.0</ele>
      </trkpt>
      <trkpt lat="37.81332" lon="-119.27075">
        <ele>2709.0</ele>
      </trkpt>
      <trkpt lat="37.81348" lon="-119.27088">
        <ele>2706.0</ele>
      </trkpt>
      <trkpt lat="37.81425" lon="-119.27114">
        <ele>2706.0</ele>
      </trkpt>
      <trkpt lat="37.81543" lon="-119.27191">
        <ele>2706.0</ele>
      </trkpt>
      <trkpt lat="37.81593" lon="-119.27203">
        <ele>2706.0</ele>
      </trkpt>
      <trkpt lat="37.81645" lon="-119.27234">
        <ele>2705.0</ele>
      </trkpt>
      <trkpt lat="37.81659" lon="-119.27252">
        <ele>2708.0</ele>
      </trkpt>
      <trkpt lat="37.81688" lon="-119.27309">
        <ele>2710.0</ele>
      </trkpt>
      <trkpt lat="37.817" lon="-119.27321">
        <ele>2709.0</ele>
      </trkpt>
      <trkpt lat="37.81795" lon="-119.27394">
        <ele>2714.0</ele>
      </trkpt>
      <trkpt lat="37.81811" lon="-119.27395">
        <ele>2714.0</ele>
      </trkpt>
      <trkpt lat="37.81825" lon="-119.27382">
        <ele>2713.0</ele>
      </trkpt>
      <trkpt lat="37.81838" lon="-119.27385">
        <ele>2713.0</ele>
      </trkpt>
      <trkpt lat="37.81879" lon="-119.27433">
        <ele>2710.0</ele>
      </trkpt>
      <trkpt lat="37.81926" lon="-119.27458">
        <ele>2707.0</ele>
      </trkpt>
      <trkpt lat="37.81966" lon="-119.27491">
        <ele>2700.0</ele>
      </trkpt>
      <trkpt lat="37.81989" lon="-119.27493">
        <ele>2700.0</ele>
      </trkpt>
      <trkpt lat="37.82006" lon="-119.27502">
        <ele>2700.0</ele>
      </trkpt>
      <trkpt lat="37.82035" lon="-119.2753">
        <ele>2700.0</ele>
      </trkpt>
      <trkpt lat="37.82072" lon="-119.27592">
        <ele>2704.0</ele>
      </trkpt>
      <trkpt lat="37.82143" lon="-119.27647">
        <ele>2699.0</ele>
      </trkpt>
      <trkpt lat="37.82168" lon="-119.27675">
        <ele>2698.0</ele>
      </trkpt>
      <trkpt lat="37.8225" lon="-119.277">
        <ele>2702.0</ele>
      </trkpt>
      <trkpt lat="37.8228" lon="-119.27705">
        <ele>2699.0</ele>
      </trkpt>
      <trkpt lat="37.8228" lon="-119.27705">
        <ele>2699.0</ele>
      </trkpt>
      <trkpt lat="37.82291" lon="-119.27707">
        <ele>2699.0</ele>
      </trkpt>
      <trkpt lat="37.82323" lon="-119.27721">
        <ele>2696.0</ele>
      </trkpt>
      <trkpt lat="37.82403" lon="-119.27734">
        <ele>2696.0</ele>
      </trkpt>
      <trkpt lat="37.82471" lon="-119.2776">
        <ele>2696.0</ele>
      </trkpt>
      <trkpt lat="37.82504" lon="-119.27823">
        <ele>2699.0</ele>
      </trkpt>
      <trkpt lat="37.82491" lon="-119.27849">
        <ele>2701.0</ele>
      </trkpt>
      <trkpt lat="37.8249" lon="-119.27881">
        <ele>2703.0</ele>
      </trkpt>
      <trkpt lat="37.82501" lon="-119.27909">
        <ele>2703.0</ele>
      </trkpt>
      <trkpt lat="37.82537" lon="-119.27937">
        <ele>2706.0</ele>
      </trkpt>
      <trkpt lat="37.82551" lon="-119.27966">
        <ele>2707.0</ele>
      </trkpt>
      <trkpt lat="37.82551" lon="-119.27966">
        <ele>2707.0</ele>
      </trkpt>
      <trkpt lat="37.82551" lon="-119.27966">
        <ele>2707.0</ele>
      </trkpt>
      <trkpt lat="37.8257" lon="-119.27963">
        <ele>2705.0</ele>
      </trkpt>
      <trkpt lat="37.8259" lon="-119.27948">
        <ele>2704.0</ele>
      </trkpt>
      <trkpt lat="37.82639" lon="-119.27925">
        <ele>2697.0</ele>
      </trkpt>
      <trkpt lat="37.82659" lon="-119.27929">
        <ele>2699.0</ele>
      </trkpt>
      <trkpt lat="37.82678" lon="-119.27937">
        <ele>2701.0</ele>
      </trkpt>
      <trkpt lat="37.82693" lon="-119.27948">
        <ele>2696.0</ele>
      </trkpt>
      <trkpt lat="37.82748" lon="-119.28008">
        <ele>2701.0</ele>
      </trkpt>
      <trkpt lat="37.82777" lon="-119.28029">
        <ele>2701.0</ele>
      </trkpt>
      <trkpt lat="37.82811" lon="-119.28025">
        <ele>2700.0</ele>
      </trkpt>
      <trkpt lat="37.82837" lon="-119.28027">
        <ele>2697.0</ele>
      </trkpt>
      <trkpt lat="37.82884" lon="-119.2805">
        <ele>2695.0</ele>
      </trkpt>
      <trkpt lat="37.82909" lon="-119.28088">
        <ele>2693.0</ele>
      </trkpt>
      <trkpt lat="37.82939" lon="-119.28103">
        <ele>2698.0</ele>
      </trkpt>
      <trkpt lat="37.82958" lon="-119.28126">
        <ele>2703.0</ele>
      </trkpt>
      <trkpt lat="37.82983" lon="-119.28133">
        <ele>2698.0</ele>
      </trkpt>
      <trkpt lat="37.83011" lon="-119.28151">
        <ele>2694.0</ele>
      </trkpt>
      <trkpt lat="37.83037" lon="-119.2816">
        <ele>2697.0</ele>
      </trkpt>
      <trkpt lat="37.83053" lon="-119.28175">
        <ele>2698.0</ele>
      </trkpt>
      <trkpt lat="37.8308" lon="-119.28217">
        <ele>2695.0</ele>
      </trkpt>
      <trkpt lat="37.83098" lon="-119.28228">
        <ele>2695.0</ele>
      </trkpt>
      <trkpt lat="37.83105" lon="-119.28228">
        <ele>2695.0</ele>
      </trkpt>
      <trkpt lat="37.83132" lon="-119.28211">
        <ele>2697.0</ele>
      </trkpt>
      <trkpt lat="37.83141" lon="-119.28184">
        <ele>2697.0</ele>
      </trkpt>
      <trkpt lat="37.83157" lon="-119.28163">
        <ele>2698.0</ele>
      </trkpt>
      <trkpt lat="37.83188" lon="-119.28168">
        <ele>2695.0</ele>
      </trkpt>
      <trkpt lat="37.83219" lon="-119.28192">
        <ele>2692.0</ele>
      </trkpt>
      <trkpt lat="37.83246" lon="-119.28221">
        <ele>2690.0</ele>
      </trkpt>
      <trkpt lat="37.83305" lon="-119.28254">
        <ele>2685.0</ele>
      </trkpt>
      <trkpt lat="37.83342" lon="-119.28251">
        <ele>2684.0</ele>
      </trkpt>
      <trkpt lat="37.83433" lon="-119.28286">
        <ele>2687.0</ele>
      </trkpt>
      <trkpt lat="37.83504" lon="-119.28302">
        <ele>2684.0</ele>
      </trkpt>
      <trkpt lat="37.83532" lon="-119.2832">
        <ele>2686.0</ele>
      </trkpt>
      <trkpt lat="37.83563" lon="-119.28326">
        <ele>2686.0</ele>
      </trkpt>
      <trkpt lat="37.83598" lon="-119.28319">
        <ele>2685.0</ele>
      </trkpt>
      <trkpt lat="37.83615" lon="-119.28326">
        <ele>2683.0</ele>
      </trkpt>
      <trkpt lat="37.83663" lon="-119.28358">
        <ele>2687.0</ele>
      </trkpt>
      <trkpt lat="37.83728" lon="-119.28389">
        <ele>2686.0</ele>
      </trkpt>
      <trkpt lat="37.83805" lon="-119.28444">
        <ele>2686.0</ele>
      </trkpt>
      <trkpt lat="37.83863" lon="-119.28497">
        <ele>2689.0</ele>
      </trkpt>
      <trkpt lat="37.83897" lon="-119.285">
        <ele>2688.0</ele>
      </trkpt>
      <trkpt lat="37.84016" lon="-119.2853">
        <ele>2685.0</ele>
      </trkpt>
      <trkpt lat="37.84016" lon="-119.2853">
        <ele>2685.0</ele>
      </trkpt>
      <trkpt lat="37.84226" lon="-119.28583">
        <ele>2683.0</ele>
      </trkpt>
      <trkpt lat="37.84272" lon="-119.28603">
        <ele>2683.0</ele>
      </trkpt>
      <trkpt lat="37.84358" lon="-119.28625">
        <ele>2686.0</ele>
      </trkpt>
      <trkpt lat="37.84555" lon="-119.28715">
        <ele>2688.0</ele>
      </trkpt>
      <trkpt lat="37.84571" lon="-119.28727">
        <ele>2685.0</ele>
      </trkpt>
      <trkpt lat="37.84622" lon="-119.28789">
        <ele>2688.0</ele>
      </trkpt>
      <trkpt lat="37.84754" lon="-119.28925">
        <ele>2684.0</ele>
      </trkpt>
      <trkpt lat="37.84771" lon="-119.28933">
        <ele>2685.0</ele>
      </trkpt>
      <trkpt lat="37.84865" lon="-119.28946">
        <ele>2688.0</ele>
      </trkpt>
      <trkpt lat="37.84891" lon="-119.28955">
        <ele>2685.0</ele>
      </trkpt>
      <trkpt lat="37.84891" lon="-119.28955">
        <ele>2685.0</ele>
      </trkpt>
      <trkpt lat="37.84913" lon="-119.28963">
        <ele>2684.0</ele>
      </trkpt>
      <trkpt lat="37.84952" lon="-119.29002">
        <ele>2690.0</ele>
      </trkpt>
      <trkpt lat="37.8499" lon="-119.29013">
        <ele>2689.0</ele>
      </trkpt>
      <trkpt lat="37.85015" lon="-119.29038">
        <ele>2686.0</ele>
      </trkpt>
      <trkpt lat="37.85045" lon="-119.29046">
        <ele>2684.0</ele>
      </trkpt>
      <trkpt lat="37.85057" lon="-119.29057">
        <ele>2684.0</ele>
      </trkpt>
      <trkpt lat="37.85091" lon="-119.29103">
        <ele>2687.0</ele>
      </trkpt>
      <trkpt lat="37.85099" lon="-119.29141">
        <ele>2686.0</ele>
      </trkpt>
      <trkpt lat="37.85128" lon="-119.29161">
        <ele>2685.0</ele>
      </trkpt>
      <trkpt lat="37.85167" lon="-119.29226">
        <ele>2687.0</ele>
      </trkpt>
      <trkpt lat="37.85212" lon="-119.29323">
        <ele>2686.0</ele>
      </trkpt>
      <trkpt lat="37.85212" lon="-119.29334">
        <ele>2686.0</ele>
      </trkpt>
      <trkpt lat="37.85227" lon="-119.29346">
        <ele>2686.0</ele>
      </trkpt>
      <trkpt lat="37.85261" lon="-119.29394">
        <ele>2684.0</ele>
      </trkpt>
      <trkpt lat="37.8529" lon="-119.29415">
        <ele>2689.0</ele>
      </trkpt>
      <trkpt lat="37.85368" lon="-119.29498">
        <ele>2685.0</ele>
      </trkpt>
      <trkpt lat="37.85424" lon="-119.29581">
        <ele>2681.0</ele>
      </trkpt>
      <trkpt lat="37.85619" lon="-119.2975">
        <ele>2681.0</ele>
      </trkpt>
      <trkpt lat="37.85666" lon="-119.29781">
        <ele>2682.0</ele>
      </trkpt>
      <trkpt lat="37.8569" lon="-119.29809">
        <ele>2682.0</ele>
      </trkpt>
      <trkpt lat="37.85696" lon="-119.29823">
        <ele>2681.0</ele>
      </trkpt>
      <trkpt lat="37.85751" lon="-119.29861">
        <ele>2677.0</ele>
      </trkpt>
      <trkpt lat="37.85751" lon="-119.29861">
        <ele>2677.0</ele>
      </trkpt>
      <trkpt lat="37.85775" lon="-119.29877">
        <ele>2676.0</ele>
      </trkpt>
      <trkpt lat="37.85876" lon="-119.29957">
        <ele>2681.0</ele>
      </trkpt>
      <trkpt lat="37.85926" lon="-119.29976">
        <ele>2679.0</ele>
      </trkpt>
      <trkpt lat="37.86013" lon="-119.30022">
        <ele>2675.0</ele>
      </trkpt>
      <trkpt lat="37.86136" lon="-119.30128">
        <ele>2683.0</ele>
      </trkpt>
      <trkpt lat="37.86168" lon="-119.30148">
        <ele>2681.0</ele>
      </trkpt>
      <trkpt lat="37.8621" lon="-119.30188">
        <ele>2678.0</ele>
      </trkpt>
      <trkpt lat="37.86305" lon="-119.30294">
        <ele>2679.0</ele>
      </trkpt>
      <trkpt lat="37.86353" lon="-119.30355">
        <ele>2685.0</ele>
      </trkpt>
      <trkpt lat="37.86433" lon="-119.30488">
        <ele>2680.0</ele>
      </trkpt>
      <trkpt lat="37.8647" lon="-119.30536">
        <ele>2676.0</ele>
      </trkpt>
      <trkpt lat="37.86474" lon="-119.30553">
        <ele>2679.0</ele>
      </trkpt>
      <trkpt lat="37.86513" lon="-119.30604">
        <ele>2687.0</ele>
      </trkpt>
      <trkpt lat="37.8654" lon="-119.30626">
        <ele>2689.0</ele>
      </trkpt>
      <trkpt lat="37.86554" lon="-119.30645">
        <ele>2682.0</ele>
      </trkpt>
      <trkpt lat="37.86563" lon="-119.30662">
        <ele>2684.0</ele>
      </trkpt>
      <trkpt lat="37.86575" lon="-119.30709">
        <ele>2681.0</ele>
      </trkpt>
      <trkpt lat="37.86574" lon="-119.30726">
        <ele>2681.0</ele>
      </trkpt>
      <trkpt lat="37.86594" lon="-119.30789">
        <ele>2676.0</ele>
      </trkpt>
      <trkpt lat="37.86596" lon="-119.30812">
        <ele>2674.0</ele>
      </trkpt>
      <trkpt lat="37.86584" lon="-119.30856">
        <ele>2669.0</ele>
      </trkpt>
      <trkpt lat="37.86581" lon="-119.30903">
        <ele>2666.0</ele>
      </trkpt>
      <trkpt lat="37.86548" lon="-119.3097">
        <ele>2668.0</ele>
      </trkpt>
      <trkpt lat="37.86569" lon="-119.31054">
        <ele>2668.0</ele>
      </trkpt>
      <trkpt lat="37.86575" lon="-119.31097">
        <ele>2660.0</ele>
      </trkpt>
      <trkpt lat="37.86585" lon="-119.3112">
        <ele>2658.0</ele>
      </trkpt>
      <trkpt lat="37.8661" lon="-119.31149">
        <ele>2660.0</ele>
      </trkpt>
      <trkpt lat="37.8661" lon="-119.31152">
        <ele>2660.0</ele>
      </trkpt>
      <trkpt lat="37.8661" lon="-119.31152">
        <ele>2660.0</ele>
      </trkpt>
      <trkpt lat="37.86599" lon="-119.31205">
        <ele>2663.0</ele>
      </trkpt>
      <trkpt lat="37.86585" lon="-119.31237">
        <ele>2658.0</ele>
      </trkpt>
      <trkpt lat="37.86581" lon="-119.31284">
        <ele>2657.0</ele>
      </trkpt>
      <trkpt lat="37.86599" lon="-119.31325">
        <ele>2657.0</ele>
      </trkpt>
      <trkpt lat="37.86598" lon="-119.31345">
        <ele>2657.0</ele>
      </trkpt>
      <trkpt lat="37.86609" lon="-119.31375">
        <ele>2658.0</ele>
      </trkpt>
      <trkpt lat="37.86603" lon="-119.31442">
        <ele>2657.0</ele>
      </trkpt>
      <trkpt lat="37.86622" lon="-119.3155">
        <ele>2655.0</ele>
      </trkpt>
      <trkpt lat="37.86618" lon="-119.3162">
        <ele>2656.0</ele>
      </trkpt>
      <trkpt lat="37.86622" lon="-119.3168">
        <ele>2653.0</ele>
      </trkpt>
      <trkpt lat="37.8665" lon="-119.31834">
        <ele>2657.0</ele>
      </trkpt>
      <trkpt lat="37.86648" lon="-119.31856">
        <ele>2655.0</ele>
      </trkpt>
      <trkpt lat="37.86654" lon="-119.31898">
        <ele>2650.0</ele>
      </trkpt>
      <trkpt lat="37.86666" lon="-119.31919">
        <ele>2650.0</ele>
      </trkpt>
      <trkpt lat="37.86673" lon="-119.31961">
        <ele>2652.0</ele>
      </trkpt>
      <trkpt lat="37.86669" lon="-119.32027">
        <ele>2657.0</ele>
      </trkpt>
      <trkpt lat="37.86663" lon="-119.32046">
        <ele>2659.0</ele>
      </trkpt>
      <trkpt lat="37.86663" lon="-119.32068">
        <ele>2659.0</ele>
      </trkpt>
      <trkpt lat="37.86675" lon="-119.32104">
        <ele>2660.0</ele>
      </trkpt>
      <trkpt lat="37.86672" lon="-119.32122">
        <ele>2660.0</ele>
      </trkpt>
      <trkpt lat="37.86676" lon="-119.32141">
        <ele>2656.0</ele>
      </trkpt>
      <trkpt lat="37.86664" lon="-119.32177">
        <ele>2653.0</ele>
      </trkpt>
      <trkpt lat="37.86661" lon="-119.32197">
        <ele>2652.0</ele>
      </trkpt>
      <trkpt lat="37.86665" lon="-119.32261">
        <ele>2651.0</ele>
      </trkpt>
      <trkpt lat="37.86655" lon="-119.32272">
        <ele>2649.0</ele>
      </trkpt>
      <trkpt lat="37.8669" lon="-119.32312">
        <ele>2649.0</ele>
      </trkpt>
      <trkpt lat="37.8669" lon="-119.32312">
        <ele>2649.0</ele>
      </trkpt>
      <trkpt lat="37.86719" lon="-119.3234">
        <ele>2652.0</ele>
      </trkpt>
      <trkpt lat="37.86725" lon="-119.32393">
        <ele>2650.0</ele>
      </trkpt>
      <trkpt lat="37.86721" lon="-119.32412">
        <ele>2651.0</ele>
      </trkpt>
      <trkpt lat="37.86724" lon="-119.32447">
        <ele>2652.0</ele>
      </trkpt>
      <trkpt lat="37.86789" lon="-119.326">
        <ele>2642.0</ele>
      </trkpt>
      <trkpt lat="37.86795" lon="-119.32624">
        <ele>2640.0</ele>
      </trkpt>
      <trkpt lat="37.86783" lon="-119.32707">
        <ele>2646.0</ele>
      </trkpt>
      <trkpt lat="37.86783" lon="-119.32746">
        <ele>2645.0</ele>
      </trkpt>
      <trkpt lat="37.86793" lon="-119.32784">
        <ele>2647.0</ele>
      </trkpt>
      <trkpt lat="37.8678" lon="-119.32822">
        <ele>2646.0</ele>
      </trkpt>
      <trkpt lat="37.86796" lon="-119.32887">
        <ele>2646.0</ele>
      </trkpt>
      <trkpt lat="37.86785" lon="-119.32946">
        <ele>2645.0</ele>
      </trkpt>
      <trkpt lat="37.8679" lon="-119.32966">
        <ele>2644.0</ele>
      </trkpt>
      <trkpt lat="37.86784" lon="-119.33004">
        <ele>2645.0</ele>
      </trkpt>
      <trkpt lat="37.86797" lon="-119.33049">
        <ele>2642.0</ele>
      </trkpt>
      <trkpt lat="37.86798" lon="-119.33069">
        <ele>2642.0</ele>
      </trkpt>
      <trkpt lat="37.86773" lon="-119.33122">
        <ele>2640.0</ele>
      </trkpt>
      <trkpt lat="37.86773" lon="-119.33143">
        <ele>2638.0</ele>
      </trkpt>
      <trkpt lat="37.86761" lon="-119.33202">
        <ele>2646.0</ele>
      </trkpt>
      <trkpt lat="37.86764" lon="-119.33291">
        <ele>2644.0</ele>
      </trkpt>
      <trkpt lat="37.86801" lon="-119.33342">
        <ele>2640.0</ele>
      </trkpt>
      <trkpt lat="37.86811" lon="-119.3335">
        <ele>2642.0</ele>
      </trkpt>
      <trkpt lat="37.86811" lon="-119.3335">
        <ele>2642.0</ele>
      </trkpt>
      <trkpt lat="37.86832" lon="-119.33365">
        <ele>2640.0</ele>
      </trkpt>
      <trkpt lat="37.86832" lon="-119.33365">
        <ele>2640.0</ele>
      </trkpt>
      <trkpt lat="37.86855" lon="-119.33488">
        <ele>2640.0</ele>
      </trkpt>
      <trkpt lat="37.86871" lon="-119.33551">
        <ele>2640.0</ele>
      </trkpt>
      <trkpt lat="37.86923" lon="-119.33698">
        <ele>2636.0</ele>
      </trkpt>
      <trkpt lat="37.86944" lon="-119.33779">
        <ele>2631.0</ele>
      </trkpt>
      <trkpt lat="37.86966" lon="-119.33825">
        <ele>2633.0</ele>
      </trkpt>
      <trkpt lat="37.86998" lon="-119.33912">
        <ele>2634.0</ele>
      </trkpt>
      <trkpt lat="37.87006" lon="-119.33967">
        <ele>2638.0</ele>
      </trkpt>
      <trkpt lat="37.87002" lon="-119.34063">
        <ele>2636.0</ele>
      </trkpt>
      <trkpt lat="37.87022" lon="-119.34165">
        <ele>2632.0</ele>
      </trkpt>
      <trkpt lat="37.87101" lon="-119.34282">
        <ele>2626.0</ele>
      </trkpt>
      <trkpt lat="37.87115" lon="-119.3434">
        <ele>2624.0</ele>
      </trkpt>
      <trkpt lat="37.87122" lon="-119.34541">
        <ele>2628.0</ele>
      </trkpt>
      <trkpt lat="37.8712" lon="-119.34648">
        <ele>2622.0</ele>
      </trkpt>
      <trkpt lat="37.8712" lon="-119.34648">
        <ele>2622.0</ele>
      </trkpt>
      <trkpt lat="37.8712" lon="-119.34648">
        <ele>2622.0</ele>
      </trkpt>
      <trkpt lat="37.87116" lon="-119.34663">
        <ele>2624.0</ele>
      </trkpt>
      <trkpt lat="37.87095" lon="-119.34698">
        <ele>2635.0</ele>
      </trkpt>
      <trkpt lat="37.87071" lon="-119.34714">
        <ele>2638.0</ele>
      </trkpt>
      <trkpt lat="37.87069" lon="-119.34726">
        <ele>2644.0</ele>
      </trkpt>
      <trkpt lat="37.87075" lon="-119.34746">
        <ele>2642.0</ele>
      </trkpt>
      <trkpt lat="37.87075" lon="-119.34791">
        <ele>2644.0</ele>
      </trkpt>
      <trkpt lat="37.87078" lon="-119.34812">
        <ele>2643.0</ele>
      </trkpt>
      <trkpt lat="37.87074" lon="-119.34826">
        <ele>2642.0</ele>
      </trkpt>
      <trkpt lat="37.87073" lon="-119.34847">
        <ele>2642.0</ele>
      </trkpt>
      <trkpt lat="37.87045" lon="-119.34916">
        <ele>2645.0</ele>
      </trkpt>
      <trkpt lat="37.87031" lon="-119.34973">
        <ele>2647.0</ele>
      </trkpt>
      <trkpt lat="37.8701" lon="-119.3501">
        <ele>2650.0</ele>
      </trkpt>
      <trkpt lat="37.86997" lon="-119.35042">
        <ele>2648.0</ele>
      </trkpt>
      <trkpt lat="37.86988" lon="-119.35072">
        <ele>2650.0</ele>
      </trkpt>
      <trkpt lat="37.86975" lon="-119.35138">
        <ele>2653.0</ele>
      </trkpt>
      <trkpt lat="37.86968" lon="-119.35213">
        <ele>2658.0</ele>
      </trkpt>
      <trkpt lat="37.8697" lon="-119.35238">
        <ele>2659.0</ele>
      </trkpt>
      <trkpt lat="37.869755" lon="-119.355255">
        <ele>2649.0</ele>
      </trkpt>
      <trkpt lat="37.869736" lon="-119.35526">
        <ele>2649.0</ele>
      </trkpt>
      <trkpt lat="37.86977" lon="-119.35547">
        <ele>2651.0</ele>
      </trkpt>
      <trkpt lat="37.86977" lon="-119.35547">
        <ele>2651.0</ele>
      </trkpt>
      <trkpt lat="37.869816" lon="-119.35585">
        <ele>2651.0</ele>
      </trkpt>
      <trkpt lat="37.869816" lon="-119.35585">
        <ele>2651.0</ele>
      </trkpt>
      <trkpt lat="37.86993" lon="-119.35684">
        <ele>2651.0</ele>
      </trkpt>
      <trkpt lat="37.87004" lon="-119.35711">
        <ele>2650.0</ele>
      </trkpt>
      <trkpt lat="37.87008" lon="-119.35741">
        <ele>2650.0</ele>
      </trkpt>
      <trkpt lat="37.87005" lon="-119.358284">
        <ele>2650.0</ele>
      </trkpt>
      <trkpt lat="37.87005" lon="-119.358284">
        <ele>2650.0</ele>
      </trkpt>
      <trkpt lat="37.87004" lon="-119.35851">
        <ele>2645.0</ele>
      </trkpt>
      <trkpt lat="37.86999" lon="-119.35892">
        <ele>2642.0</ele>
      </trkpt>
      <trkpt lat="37.8699" lon="-119.35931">
        <ele>2650.0</ele>
      </trkpt>
      <trkpt lat="37.86981" lon="-119.35955">
        <ele>2654.0</ele>
      </trkpt>
      <trkpt lat="37.86965" lon="-119.35979">
        <ele>2659.0</ele>
      </trkpt>
      <trkpt lat="37.86943" lon="-119.36034">
        <ele>2666.0</ele>
      </trkpt>
      <trkpt lat="37.86943" lon="-119.36076">
        <ele>2658.0</ele>
      </trkpt>
      <trkpt lat="37.86933" lon="-119.36153">
        <ele>2646.0</ele>
      </trkpt>
      <trkpt lat="37.86922" lon="-119.36189">
        <ele>2650.0</ele>
      </trkpt>
      <trkpt lat="37.86926" lon="-119.36212">
        <ele>2645.0</ele>
      </trkpt>
      <trkpt lat="37.86943" lon="-119.36252">
        <ele>2637.0</ele>
      </trkpt>
      <trkpt lat="37.86958" lon="-119.36281">
        <ele>2635.0</ele>
      </trkpt>
      <trkpt lat="37.86971" lon="-119.36314">
        <ele>2632.0</ele>
      </trkpt>
      <trkpt lat="37.86995" lon="-119.36414">
        <ele>2637.0</ele>
      </trkpt>
      <trkpt lat="37.87021" lon="-119.36464">
        <ele>2631.0</ele>
      </trkpt>
      <trkpt lat="37.87035" lon="-119.36478">
        <ele>2631.0</ele>
      </trkpt>
      <trkpt lat="37.87043" lon="-119.36498">
        <ele>2625.0</ele>
      </trkpt>
      <trkpt lat="37.87044" lon="-119.36521">
        <ele>2620.0</ele>
      </trkpt>
      <trkpt lat="37.87057" lon="-119.36541">
        <ele>2620.0</ele>
      </trkpt>
      <trkpt lat="37.8705" lon="-119.36562">
        <ele>2619.0</ele>
      </trkpt>
      <trkpt lat="37.8705" lon="-119.36562">
        <ele>2619.0</ele>
      </trkpt>
      <trkpt lat="37.87047" lon="-119.36577">
        <ele>2619.0</ele>
      </trkpt>
      <trkpt lat="37.87047" lon="-119.36577">
        <ele>2619.0</ele>
      </trkpt>
      <trkpt lat="37.87034" lon="-119.36618">
        <ele>2620.0</ele>
      </trkpt>
      <trkpt lat="37.87021" lon="-119.36627">
        <ele>2626.0</ele>
      </trkpt>
      <trkpt lat="37.87022" lon="-119.36638">
        <ele>2626.0</ele>
      </trkpt>
      <trkpt lat="37.87034" lon="-119.36657">
        <ele>2629.0</ele>
      </trkpt>
      <trkpt lat="37.87019" lon="-119.36697">
        <ele>2630.0</ele>
      </trkpt>
      <trkpt lat="37.87009" lon="-119.36718">
        <ele>2637.0</ele>
      </trkpt>
      <trkpt lat="37.87001" lon="-119.36748">
        <ele>2638.0</ele>
      </trkpt>
      <trkpt lat="37.87001" lon="-119.36757">
        <ele>2638.0</ele>
      </trkpt>
      <trkpt lat="37.87017" lon="-119.36793">
        <ele>2634.0</ele>
      </trkpt>
      <trkpt lat="37.87024" lon="-119.36817">
        <ele>2634.0</ele>
      </trkpt>
      <trkpt lat="37.87059" lon="-119.36912">
        <ele>2630.0</ele>
      </trkpt>
      <trkpt lat="37.87053" lon="-119.36943">
        <ele>2629.0</ele>
      </trkpt>
      <trkpt lat="37.87045" lon="-119.36971">
        <ele>2632.0</ele>
      </trkpt>
      <trkpt lat="37.87045" lon="-119.36989">
        <ele>2631.0</ele>
      </trkpt>
      <trkpt lat="37.8704" lon="-119.37012">
        <ele>2633.0</ele>
      </trkpt>
      <trkpt lat="37.87042" lon="-119.37071">
        <ele>2631.0</ele>
      </trkpt>
      <trkpt lat="37.87042" lon="-119.37071">
        <ele>2631.0</ele>
      </trkpt>
      <trkpt lat="37.87042" lon="-119.37071">
        <ele>2631.0</ele>
      </trkpt>
      <trkpt lat="37.87028" lon="-119.37111">
        <ele>2636.0</ele>
      </trkpt>
      <trkpt lat="37.87026" lon="-119.37127">
        <ele>2634.0</ele>
      </trkpt>
      <trkpt lat="37.87027" lon="-119.37148">
        <ele>2634.0</ele>
      </trkpt>
      <trkpt lat="37.87027" lon="-119.37148">
        <ele>2634.0</ele>
      </trkpt>
      <trkpt lat="37.8703" lon="-119.37161">
        <ele>2630.0</ele>
      </trkpt>
      <trkpt lat="37.8703" lon="-119.37161">
        <ele>2630.0</ele>
      </trkpt>
      <trkpt lat="37.8703" lon="-119.37161">
        <ele>2630.0</ele>
      </trkpt>
      <trkpt lat="37.87023" lon="-119.37205">
        <ele>2631.0</ele>
      </trkpt>
      <trkpt lat="37.87023" lon="-119.37225">
        <ele>2632.0</ele>
      </trkpt>
      <trkpt lat="37.87026" lon="-119.37256">
        <ele>2637.0</ele>
      </trkpt>
      <trkpt lat="37.87033" lon="-119.37286">
        <ele>2642.0</ele>
      </trkpt>
      <trkpt lat="37.87036" lon="-119.37332">
        <ele>2650.0</ele>
      </trkpt>
      <trkpt lat="37.87062" lon="-119.37396">
        <ele>2645.0</ele>
      </trkpt>
      <trkpt lat="37.8706" lon="-119.37411">
        <ele>2647.0</ele>
      </trkpt>
      <trkpt lat="37.87048" lon="-119.37422">
        <ele>2647.0</ele>
      </trkpt>
      <trkpt lat="37.87049" lon="-119.37442">
        <ele>2647.0</ele>
      </trkpt>
      <trkpt lat="37.87061" lon="-119.37487">
        <ele>2649.0</ele>
      </trkpt>
      <trkpt lat="37.87067" lon="-119.37525">
        <ele>2651.0</ele>
      </trkpt>
      <trkpt lat="37.87078" lon="-119.37557">
        <ele>2656.0</ele>
      </trkpt>
      <trkpt lat="37.87097" lon="-119.376">
        <ele>2658.0</ele>
      </trkpt>
      <trkpt lat="37.87096" lon="-119.37635">
        <ele>2659.0</ele>
      </trkpt>
      <trkpt lat="37.87103" lon="-119.377">
        <ele>2662.0</ele>
      </trkpt>
      <trkpt lat="37.87103" lon="-119.3772">
        <ele>2663.0</ele>
      </trkpt>
      <trkpt lat="37.87106" lon="-119.37725">
        <ele>2663.0</ele>
      </trkpt>
      <trkpt lat="37.87123" lon="-119.37737">
        <ele>2661.0</ele>
      </trkpt>
      <trkpt lat="37.87128" lon="-119.37744">
        <ele>2662.0</ele>
      </trkpt>
      <trkpt lat="37.87128" lon="-119.37744">
        <ele>2662.0</ele>
      </trkpt>
      <trkpt lat="37.87133" lon="-119.37753">
        <ele>2662.0</ele>
      </trkpt>
      <trkpt lat="37.87133" lon="-119.37761">
        <ele>2662.0</ele>
      </trkpt>
      <trkpt lat="37.87127" lon="-119.37798">
        <ele>2659.0</ele>
      </trkpt>
      <trkpt lat="37.87127" lon="-119.37817">
        <ele>2659.0</ele>
      </trkpt>
      <trkpt lat="37.87134" lon="-119.37855">
        <ele>2653.0</ele>
      </trkpt>
      <trkpt lat="37.87151" lon="-119.37904">
        <ele>2645.0</ele>
      </trkpt>
      <trkpt lat="37.8715" lon="-119.37959">
        <ele>2638.0</ele>
      </trkpt>
      <trkpt lat="37.87146" lon="-119.37993">
        <ele>2635.0</ele>
      </trkpt>
      <trkpt lat="37.8714" lon="-119.3801">
        <ele>2635.0</ele>
      </trkpt>
      <trkpt lat="37.87145" lon="-119.38034">
        <ele>2631.0</ele>
      </trkpt>
      <trkpt lat="37.87156" lon="-119.38046">
        <ele>2629.0</ele>
      </trkpt>
      <trkpt lat="37.87157" lon="-119.3805">
        <ele>2629.0</ele>
      </trkpt>
      <trkpt lat="37.87144" lon="-119.38074">
        <ele>2628.0</ele>
      </trkpt>
      <trkpt lat="37.87146" lon="-119.3808">
        <ele>2628.0</ele>
      </trkpt>
      <trkpt lat="37.87181" lon="-119.38117">
        <ele>2624.0</ele>
      </trkpt>
      <trkpt lat="37.8718" lon="-119.38134">
        <ele>2622.0</ele>
      </trkpt>
      <trkpt lat="37.87193" lon="-119.3815">
        <ele>2620.0</ele>
      </trkpt>
      <trkpt lat="37.87205" lon="-119.38173">
        <ele>2615.0</ele>
      </trkpt>
      <trkpt lat="37.8721" lon="-119.38207">
        <ele>2615.0</ele>
      </trkpt>
      <trkpt lat="37.87204" lon="-119.38226">
        <ele>2616.0</ele>
      </trkpt>
      <trkpt lat="37.87163" lon="-119.38294">
        <ele>2617.0</ele>
      </trkpt>
      <trkpt lat="37.87159" lon="-119.38322">
        <ele>2617.0</ele>
      </trkpt>
      <trkpt lat="37.87168" lon="-119.38341">
        <ele>2617.0</ele>
      </trkpt>
      <trkpt lat="37.87168" lon="-119.38341">
        <ele>2617.0</ele>
      </trkpt>
      <trkpt lat="37.87176" lon="-119.3835">
        <ele>2617.0</ele>
      </trkpt>
      <trkpt lat="37.87176" lon="-119.3835">
        <ele>2617.0</ele>
      </trkpt>
      <trkpt lat="37.87205" lon="-119.38382">
        <ele>2617.0</ele>
      </trkpt>
      <trkpt lat="37.87205" lon="-119.38382">
        <ele>2617.0</ele>
      </trkpt>
      <trkpt lat="37.87205" lon="-119.38382">
        <ele>2617.0</ele>
      </trkpt>
      <trkpt lat="37.87181" lon="-119.38415">
        <ele>2618.0</ele>
      </trkpt>
      <trkpt lat="37.8715" lon="-119.38439">
        <ele>2629.0</ele>
      </trkpt>
      <trkpt lat="37.87098" lon="-119.3846">
        <ele>2638.0</ele>
      </trkpt>
      <trkpt lat="37.87085" lon="-119.38503">
        <ele>2649.0</ele>
      </trkpt>
      <trkpt lat="37.87075" lon="-119.38505">
        <ele>2649.0</ele>
      </trkpt>
      <trkpt lat="37.87062" lon="-119.38518">
        <ele>2660.0</ele>
      </trkpt>
      <trkpt lat="37.87043" lon="-119.38542">
        <ele>2677.0</ele>
      </trkpt>
      <trkpt lat="37.87032" lon="-119.38545">
        <ele>2675.0</ele>
      </trkpt>
      <trkpt lat="37.87017" lon="-119.38557">
        <ele>2675.0</ele>
      </trkpt>
      <trkpt lat="37.87007" lon="-119.3857">
        <ele>2682.0</ele>
      </trkpt>
      <trkpt lat="37.86998" lon="-119.38572">
        <ele>2682.0</ele>
      </trkpt>
      <trkpt lat="37.8699" lon="-119.38581">
        <ele>2682.0</ele>
      </trkpt>
      <trkpt lat="37.86983" lon="-119.38596">
        <ele>2679.0</ele>
      </trkpt>
      <trkpt lat="37.86982" lon="-119.3861">
        <ele>2687.0</ele>
      </trkpt>
      <trkpt lat="37.86982" lon="-119.38622">
        <ele>2687.0</ele>
      </trkpt>
      <trkpt lat="37.86991" lon="-119.38648">
        <ele>2693.0</ele>
      </trkpt>
      <trkpt lat="37.86991" lon="-119.38648">
        <ele>2693.0</ele>
      </trkpt>
      <trkpt lat="37.8699" lon="-119.38661">
        <ele>2694.0</ele>
      </trkpt>
      <trkpt lat="37.86984" lon="-119.38672">
        <ele>2699.0</ele>
      </trkpt>
      <trkpt lat="37.86976" lon="-119.38673">
        <ele>2699.0</ele>
      </trkpt>
      <trkpt lat="37.86976" lon="-119.38673">
        <ele>2699.0</ele>
      </trkpt>
      <trkpt lat="37.86967" lon="-119.38671">
        <ele>2699.0</ele>
      </trkpt>
      <trkpt lat="37.86959" lon="-119.38672">
        <ele>2699.0</ele>
      </trkpt>
      <trkpt lat="37.86953" lon="-119.38676">
        <ele>2701.0</ele>
      </trkpt>
      <trkpt lat="37.86941" lon="-119.38678">
        <ele>2701.0</ele>
      </trkpt>
      <trkpt lat="37.86932" lon="-119.38676">
        <ele>2701.0</ele>
      </trkpt>
      <trkpt lat="37.86932" lon="-119.38676">
        <ele>2701.0</ele>
      </trkpt>
      <trkpt lat="37.86927" lon="-119.38675">
        <ele>2706.0</ele>
      </trkpt>
      <trkpt lat="37.86916" lon="-119.38679">
        <ele>2706.0</ele>
      </trkpt>
      <trkpt lat="37.86907" lon="-119.38696">
        <ele>2706.0</ele>
      </trkpt>
      <trkpt lat="37.86897" lon="-119.38732">
        <ele>2713.0</ele>
      </trkpt>
      <trkpt lat="37.86897" lon="-119.38745">
        <ele>2720.0</ele>
      </trkpt>
      <trkpt lat="37.86901" lon="-119.38755">
        <ele>2720.0</ele>
      </trkpt>
      <trkpt lat="37.869" lon="-119.38763">
        <ele>2720.0</ele>
      </trkpt>
      <trkpt lat="37.86884" lon="-119.38795">
        <ele>2733.0</ele>
      </trkpt>
      <trkpt lat="37.86869" lon="-119.38809">
        <ele>2736.0</ele>
      </trkpt>
      <trkpt lat="37.86863" lon="-119.38822">
        <ele>2742.0</ele>
      </trkpt>
      <trkpt lat="37.86859" lon="-119.38868">
        <ele>2747.0</ele>
      </trkpt>
      <trkpt lat="37.86843" lon="-119.38892">
        <ele>2746.0</ele>
      </trkpt>
      <trkpt lat="37.86826" lon="-119.3893">
        <ele>2746.0</ele>
      </trkpt>
      <trkpt lat="37.86805" lon="-119.3896">
        <ele>2757.0</ele>
      </trkpt>
      <trkpt lat="37.86798" lon="-119.38978">
        <ele>2757.0</ele>
      </trkpt>
      <trkpt lat="37.86797" lon="-119.39006">
        <ele>2763.0</ele>
      </trkpt>
      <trkpt lat="37.86781" lon="-119.39033">
        <ele>2776.0</ele>
      </trkpt>
      <trkpt lat="37.86778" lon="-119.3905">
        <ele>2779.0</ele>
      </trkpt>
      <trkpt lat="37.8677" lon="-119.39077">
        <ele>2780.0</ele>
      </trkpt>
      <trkpt lat="37.86771" lon="-119.39139">
        <ele>2782.0</ele>
      </trkpt>
      <trkpt lat="37.8676" lon="-119.39174">
        <ele>2784.0</ele>
      </trkpt>
      <trkpt lat="37.86765" lon="-119.39203">
        <ele>2787.0</ele>
      </trkpt>
      <trkpt lat="37.86763" lon="-119.39214">
        <ele>2789.0</ele>
      </trkpt>
      <trkpt lat="37.86744" lon="-119.3926">
        <ele>2792.0</ele>
      </trkpt>
      <trkpt lat="37.8674" lon="-119.39305">
        <ele>2794.0</ele>
      </trkpt>
      <trkpt lat="37.8673" lon="-119.39341">
        <ele>2794.0</ele>
      </trkpt>
      <trkpt lat="37.86714" lon="-119.39429">
        <ele>2791.0</ele>
      </trkpt>
      <trkpt lat="37.86688" lon="-119.39476">
        <ele>2785.0</ele>
      </trkpt>
      <trkpt lat="37.86686" lon="-119.39493">
        <ele>2784.0</ele>
      </trkpt>
      <trkpt lat="37.86704" lon="-119.39545">
        <ele>2781.0</ele>
      </trkpt>
      <trkpt lat="37.86709" lon="-119.39582">
        <ele>2786.0</ele>
      </trkpt>
      <trkpt lat="37.86703" lon="-119.39623">
        <ele>2779.0</ele>
      </trkpt>
      <trkpt lat="37.86697" lon="-119.39641">
        <ele>2777.0</ele>
      </trkpt>
      <trkpt lat="37.8666" lon="-119.39686">
        <ele>2772.0</ele>
      </trkpt>
      <trkpt lat="37.8663" lon="-119.39713">
        <ele>2769.0</ele>
      </trkpt>
      <trkpt lat="37.86615" lon="-119.3973">
        <ele>2769.0</ele>
      </trkpt>
      <trkpt lat="37.86601" lon="-119.39751">
        <ele>2771.0</ele>
      </trkpt>
      <trkpt lat="37.86578" lon="-119.39765">
        <ele>2775.0</ele>
      </trkpt>
      <trkpt lat="37.86561" lon="-119.39788">
        <ele>2775.0</ele>
      </trkpt>
      <trkpt lat="37.86535" lon="-119.39803">
        <ele>2781.0</ele>
      </trkpt>
      <trkpt lat="37.86522" lon="-119.39824">
        <ele>2781.0</ele>
      </trkpt>
      <trkpt lat="37.86511" lon="-119.39824">
        <ele>2782.0</ele>
      </trkpt>
      <trkpt lat="37.86486" lon="-119.39842">
        <ele>2783.0</ele>
      </trkpt>
      <trkpt lat="37.86468" lon="-119.39853">
        <ele>2782.0</ele>
      </trkpt>
      <trkpt lat="37.86455" lon="-119.39871">
        <ele>2786.0</ele>
      </trkpt>
      <trkpt lat="37.86438" lon="-119.39884">
        <ele>2788.0</ele>
      </trkpt>
      <trkpt lat="37.86424" lon="-119.39884">
        <ele>2792.0</ele>
      </trkpt>
      <trkpt lat="37.86411" lon="-119.39894">
        <ele>2792.0</ele>
      </trkpt>
      <trkpt lat="37.86402" lon="-119.39916">
        <ele>2796.0</ele>
      </trkpt>
      <trkpt lat="37.86391" lon="-119.39934">
        <ele>2795.0</ele>
      </trkpt>
      <trkpt lat="37.8639" lon="-119.39941">
        <ele>2795.0</ele>
      </trkpt>
      <trkpt lat="37.8639" lon="-119.39941">
        <ele>2795.0</ele>
      </trkpt>
      <trkpt lat="37.86388" lon="-119.39956">
        <ele>2795.0</ele>
      </trkpt>
      <trkpt lat="37.86378" lon="-119.39966">
        <ele>2793.0</ele>
      </trkpt>
      <trkpt lat="37.86366" lon="-119.39969">
        <ele>2791.0</ele>
      </trkpt>
      <trkpt lat="37.86358" lon="-119.39975">
        <ele>2791.0</ele>
      </trkpt>
      <trkpt lat="37.86348" lon="-119.39999">
        <ele>2788.0</ele>
      </trkpt>
      <trkpt lat="37.86337" lon="-119.40013">
        <ele>2790.0</ele>
      </trkpt>
      <trkpt lat="37.86325" lon="-119.40014">
        <ele>2788.0</ele>
      </trkpt>
      <trkpt lat="37.86314" lon="-119.40034">
        <ele>2791.0</ele>
      </trkpt>
      <trkpt lat="37.86292" lon="-119.40039">
        <ele>2791.0</ele>
      </trkpt>
      <trkpt lat="37.86284" lon="-119.40046">
        <ele>2797.0</ele>
      </trkpt>
      <trkpt lat="37.86278" lon="-119.4008">
        <ele>2797.0</ele>
      </trkpt>
      <trkpt lat="37.86273" lon="-119.40129">
        <ele>2795.0</ele>
      </trkpt>
      <trkpt lat="37.86268" lon="-119.40144">
        <ele>2795.0</ele>
      </trkpt>
      <trkpt lat="37.86254" lon="-119.40169">
        <ele>2798.0</ele>
      </trkpt>
      <trkpt lat="37.86246" lon="-119.40203">
        <ele>2792.0</ele>
      </trkpt>
      <trkpt lat="37.86245" lon="-119.40222">
        <ele>2787.0</ele>
      </trkpt>
      <trkpt lat="37.86259" lon="-119.40279">
        <ele>2786.0</ele>
      </trkpt>
      <trkpt lat="37.86257" lon="-119.40331">
        <ele>2786.0</ele>
      </trkpt>
      <trkpt lat="37.86263" lon="-119.40359">
        <ele>2786.0</ele>
      </trkpt>
      <trkpt lat="37.86263" lon="-119.40381">
        <ele>2787.0</ele>
      </trkpt>
      <trkpt lat="37.86248" lon="-119.40407">
        <ele>2788.0</ele>
      </trkpt>
      <trkpt lat="37.8624" lon="-119.40427">
        <ele>2788.0</ele>
      </trkpt>
      <trkpt lat="37.86226" lon="-119.40448">
        <ele>2794.0</ele>
      </trkpt>
      <trkpt lat="37.86206" lon="-119.40457">
        <ele>2797.0</ele>
      </trkpt>
      <trkpt lat="37.86192" lon="-119.40505">
        <ele>2806.0</ele>
      </trkpt>
      <trkpt lat="37.86183" lon="-119.40524">
        <ele>2805.0</ele>
      </trkpt>
      <trkpt lat="37.86182" lon="-119.40555">
        <ele>2805.0</ele>
      </trkpt>
      <trkpt lat="37.86176" lon="-119.40578">
        <ele>2812.0</ele>
      </trkpt>
      <trkpt lat="37.86167" lon="-119.40597">
        <ele>2812.0</ele>
      </trkpt>
      <trkpt lat="37.86145" lon="-119.40616">
        <ele>2823.0</ele>
      </trkpt>
      <trkpt lat="37.8612" lon="-119.40622">
        <ele>2834.0</ele>
      </trkpt>
      <trkpt lat="37.86112" lon="-119.40629">
        <ele>2835.0</ele>
      </trkpt>
      <trkpt lat="37.86089" lon="-119.40637">
        <ele>2837.0</ele>
      </trkpt>
      <trkpt lat="37.86079" lon="-119.40657">
        <ele>2840.0</ele>
      </trkpt>
      <trkpt lat="37.8607" lon="-119.40663">
        <ele>2840.0</ele>
      </trkpt>
      <trkpt lat="37.86061" lon="-119.40659">
        <ele>2849.0</ele>
      </trkpt>
      <trkpt lat="37.86036" lon="-119.40641">
        <ele>2856.0</ele>
      </trkpt>
      <trkpt lat="37.86008" lon="-119.40584">
        <ele>2861.0</ele>
      </trkpt>
      <trkpt lat="37.85995" lon="-119.40572">
        <ele>2861.0</ele>
      </trkpt>
      <trkpt lat="37.85979" lon="-119.40573">
        <ele>2866.0</ele>
      </trkpt>
      <trkpt lat="37.85971" lon="-119.40595">
        <ele>2866.0</ele>
      </trkpt>
      <trkpt lat="37.85969" lon="-119.40608">
        <ele>2869.0</ele>
      </trkpt>
      <trkpt lat="37.85967" lon="-119.40611">
        <ele>2869.0</ele>
      </trkpt>
      <trkpt lat="37.85948" lon="-119.40589">
        <ele>2873.0</ele>
      </trkpt>
      <trkpt lat="37.85929" lon="-119.40603">
        <ele>2882.0</ele>
      </trkpt>
      <trkpt lat="37.85905" lon="-119.40647">
        <ele>2884.0</ele>
      </trkpt>
      <trkpt lat="37.85894" lon="-119.40653">
        <ele>2889.0</ele>
      </trkpt>
      <trkpt lat="37.85888" lon="-119.40649">
        <ele>2889.0</ele>
      </trkpt>
      <trkpt lat="37.85879" lon="-119.40662">
        <ele>2889.0</ele>
      </trkpt>
      <trkpt lat="37.85867" lon="-119.40673">
        <ele>2898.0</ele>
      </trkpt>
      <trkpt lat="37.85852" lon="-119.40677">
        <ele>2898.0</ele>
      </trkpt>
      <trkpt lat="37.85847" lon="-119.40687">
        <ele>2902.0</ele>
      </trkpt>
      <trkpt lat="37.85807" lon="-119.40737">
        <ele>2906.0</ele>
      </trkpt>
      <trkpt lat="37.85797" lon="-119.40763">
        <ele>2906.0</ele>
      </trkpt>
      <trkpt lat="37.85751" lon="-119.40819">
        <ele>2915.0</ele>
      </trkpt>
      <trkpt lat="37.85751" lon="-119.40819">
        <ele>2915.0</ele>
      </trkpt>
      <trkpt lat="37.85739" lon="-119.40848">
        <ele>2910.0</ele>
      </trkpt>
      <trkpt lat="37.857" lon="-119.40905">
        <ele>2914.0</ele>
      </trkpt>
      <trkpt lat="37.85663" lon="-119.40938">
        <ele>2918.0</ele>
      </trkpt>
      <trkpt lat="37.85656" lon="-119.40953">
        <ele>2918.0</ele>
      </trkpt>
      <trkpt lat="37.85647" lon="-119.40982">
        <ele>2920.0</ele>
      </trkpt>
      <trkpt lat="37.85629" lon="-119.40999">
        <ele>2920.0</ele>
      </trkpt>
      <trkpt lat="37.8562" lon="-119.41025">
        <ele>2918.0</ele>
      </trkpt>
      <trkpt lat="37.85596" lon="-119.41049">
        <ele>2920.0</ele>
      </trkpt>
      <trkpt lat="37.85576" lon="-119.41079">
        <ele>2917.0</ele>
      </trkpt>
      <trkpt lat="37.8554" lon="-119.41114">
        <ele>2917.0</ele>
      </trkpt>
      <trkpt lat="37.85529" lon="-119.4112">
        <ele>2917.0</ele>
      </trkpt>
      <trkpt lat="37.85529" lon="-119.41134">
        <ele>2918.0</ele>
      </trkpt>
      <trkpt lat="37.85525" lon="-119.41145">
        <ele>2918.0</ele>
      </trkpt>
      <trkpt lat="37.85481" lon="-119.41221">
        <ele>2913.0</ele>
      </trkpt>
      <trkpt lat="37.85461" lon="-119.41235">
        <ele>2913.0</ele>
      </trkpt>
      <trkpt lat="37.85446" lon="-119.41253">
        <ele>2914.0</ele>
      </trkpt>
      <trkpt lat="37.85405" lon="-119.41286">
        <ele>2916.0</ele>
      </trkpt>
      <trkpt lat="37.85346" lon="-119.41312">
        <ele>2918.0</ele>
      </trkpt>
      <trkpt lat="37.85322" lon="-119.41326">
        <ele>2915.0</ele>
      </trkpt>
      <trkpt lat="37.85247" lon="-119.41384">
        <ele>2908.0</ele>
      </trkpt>
      <trkpt lat="37.85224" lon="-119.41386">
        <ele>2906.0</ele>
      </trkpt>
      <trkpt lat="37.85213" lon="-119.41394">
        <ele>2906.0</ele>
      </trkpt>
      <trkpt lat="37.85172" lon="-119.41456">
        <ele>2897.0</ele>
      </trkpt>
      <trkpt lat="37.85153" lon="-119.41492">
        <ele>2896.0</ele>
      </trkpt>
      <trkpt lat="37.85145" lon="-119.41495">
        <ele>2892.0</ele>
      </trkpt>
      <trkpt lat="37.85122" lon="-119.415">
        <ele>2891.0</ele>
      </trkpt>
      <trkpt lat="37.85108" lon="-119.41498">
        <ele>2891.0</ele>
      </trkpt>
      <trkpt lat="37.85092" lon="-119.41485">
        <ele>2887.0</ele>
      </trkpt>
      <trkpt lat="37.85084" lon="-119.41487">
        <ele>2887.0</ele>
      </trkpt>
      <trkpt lat="37.85073" lon="-119.41482">
        <ele>2887.0</ele>
      </trkpt>
      <trkpt lat="37.85062" lon="-119.41482">
        <ele>2884.0</ele>
      </trkpt>
      <trkpt lat="37.85025" lon="-119.41489">
        <ele>2882.0</ele>
      </trkpt>
      <trkpt lat="37.84992" lon="-119.41505">
        <ele>2879.0</ele>
      </trkpt>
      <trkpt lat="37.84982" lon="-119.41515">
        <ele>2875.0</ele>
      </trkpt>
      <trkpt lat="37.84949" lon="-119.41523">
        <ele>2874.0</ele>
      </trkpt>
      <trkpt lat="37.84923" lon="-119.41522">
        <ele>2875.0</ele>
      </trkpt>
      <trkpt lat="37.84915" lon="-119.41524">
        <ele>2875.0</ele>
      </trkpt>
      <trkpt lat="37.849094" lon="-119.415245">
        <ele>2875.0</ele>
      </trkpt>
      <trkpt lat="37.8488" lon="-119.41531">
        <ele>2873.0</ele>
      </trkpt>
      <trkpt lat="37.84873" lon="-119.4153">
        <ele>2868.0</ele>
      </trkpt>
      <trkpt lat="37.84851" lon="-119.4151">
        <ele>2873.0</ele>
      </trkpt>
      <trkpt lat="37.84843" lon="-119.41495">
        <ele>2869.0</ele>
      </trkpt>
      <trkpt lat="37.84829" lon="-119.41485">
        <ele>2873.0</ele>
      </trkpt>
      <trkpt lat="37.84829" lon="-119.41485">
        <ele>2873.0</ele>
      </trkpt>
      <trkpt lat="37.84829" lon="-119.41485">
        <ele>2873.0</ele>
      </trkpt>
      <trkpt lat="37.84821" lon="-119.41473">
        <ele>2873.0</ele>
      </trkpt>
      <trkpt lat="37.84801" lon="-119.41453">
        <ele>2876.0</ele>
      </trkpt>
      <trkpt lat="37.84782" lon="-119.41428">
        <ele>2873.0</ele>
      </trkpt>
      <trkpt lat="37.84764" lon="-119.41411">
        <ele>2873.0</ele>
      </trkpt>
      <trkpt lat="37.84748" lon="-119.41366">
        <ele>2878.0</ele>
      </trkpt>
      <trkpt lat="37.84738" lon="-119.4135">
        <ele>2878.0</ele>
      </trkpt>
      <trkpt lat="37.84703" lon="-119.41348">
        <ele>2877.0</ele>
      </trkpt>
      <trkpt lat="37.84638" lon="-119.41319">
        <ele>2885.0</ele>
      </trkpt>
      <trkpt lat="37.84624" lon="-119.4131">
        <ele>2884.0</ele>
      </trkpt>
      <trkpt lat="37.84603" lon="-119.41303">
        <ele>2884.0</ele>
      </trkpt>
      <trkpt lat="37.84595" lon="-119.41296">
        <ele>2888.0</ele>
      </trkpt>
      <trkpt lat="37.84566" lon="-119.41292">
        <ele>2891.0</ele>
      </trkpt>
      <trkpt lat="37.8453" lon="-119.41304">
        <ele>2892.0</ele>
      </trkpt>
      <trkpt lat="37.84501" lon="-119.41321">
        <ele>2893.0</ele>
      </trkpt>
      <trkpt lat="37.84486" lon="-119.41322">
        <ele>2896.0</ele>
      </trkpt>
      <trkpt lat="37.8447" lon="-119.4133">
        <ele>2896.0</ele>
      </trkpt>
      <trkpt lat="37.84454" lon="-119.41346">
        <ele>2899.0</ele>
      </trkpt>
      <trkpt lat="37.8445" lon="-119.41348">
        <ele>2897.0</ele>
      </trkpt>
      <trkpt lat="37.84416" lon="-119.41348">
        <ele>2902.0</ele>
      </trkpt>
      <trkpt lat="37.84383" lon="-119.4137">
        <ele>2907.0</ele>
      </trkpt>
      <trkpt lat="37.84363" lon="-119.41374">
        <ele>2915.0</ele>
      </trkpt>
      <trkpt lat="37.8435" lon="-119.41373">
        <ele>2915.0</ele>
      </trkpt>
      <trkpt lat="37.84324" lon="-119.41389">
        <ele>2917.0</ele>
      </trkpt>
      <trkpt lat="37.8431" lon="-119.41386">
        <ele>2917.0</ele>
      </trkpt>
      <trkpt lat="37.84293" lon="-119.41386">
        <ele>2917.0</ele>
      </trkpt>
      <trkpt lat="37.84283" lon="-119.41376">
        <ele>2916.0</ele>
      </trkpt>
      <trkpt lat="37.84255" lon="-119.41368">
        <ele>2919.0</ele>
      </trkpt>
      <trkpt lat="37.84243" lon="-119.41361">
        <ele>2919.0</ele>
      </trkpt>
      <trkpt lat="37.84223" lon="-119.41358">
        <ele>2920.0</ele>
      </trkpt>
      <trkpt lat="37.84205" lon="-119.41348">
        <ele>2918.0</ele>
      </trkpt>
      <trkpt lat="37.84185" lon="-119.41347">
        <ele>2922.0</ele>
      </trkpt>
      <trkpt lat="37.84158" lon="-119.41342">
        <ele>2923.0</ele>
      </trkpt>
      <trkpt lat="37.84116" lon="-119.41324">
        <ele>2927.0</ele>
      </trkpt>
      <trkpt lat="37.84103" lon="-119.41314">
        <ele>2929.0</ele>
      </trkpt>
      <trkpt lat="37.8406" lon="-119.41258">
        <ele>2927.0</ele>
      </trkpt>
      <trkpt lat="37.8405" lon="-119.41223">
        <ele>2929.0</ele>
      </trkpt>
      <trkpt lat="37.84039" lon="-119.41203">
        <ele>2928.0</ele>
      </trkpt>
      <trkpt lat="37.84016" lon="-119.41191">
        <ele>2928.0</ele>
      </trkpt>
      <trkpt lat="37.84016" lon="-119.41191">
        <ele>2928.0</ele>
      </trkpt>
      <trkpt lat="37.84012" lon="-119.41189">
        <ele>2929.0</ele>
      </trkpt>
      <trkpt lat="37.83978" lon="-119.41193">
        <ele>2929.0</ele>
      </trkpt>
      <trkpt lat="37.83904" lon="-119.41185">
        <ele>2928.0</ele>
      </trkpt>
      <trkpt lat="37.83893" lon="-119.41193">
        <ele>2930.0</ele>
      </trkpt>
      <trkpt lat="37.83876" lon="-119.41213">
        <ele>2927.0</ele>
      </trkpt>
      <trkpt lat="37.8386" lon="-119.41218">
        <ele>2935.0</ele>
      </trkpt>
      <trkpt lat="37.83845" lon="-119.41226">
        <ele>2939.0</ele>
      </trkpt>
      <trkpt lat="37.83836" lon="-119.41245">
        <ele>2937.0</ele>
      </trkpt>
      <trkpt lat="37.83817" lon="-119.41263">
        <ele>2938.0</ele>
      </trkpt>
      <trkpt lat="37.83811" lon="-119.41279">
        <ele>2935.0</ele>
      </trkpt>
      <trkpt lat="37.83793" lon="-119.41295">
        <ele>2934.0</ele>
      </trkpt>
      <trkpt lat="37.83777" lon="-119.4132">
        <ele>2934.0</ele>
      </trkpt>
      <trkpt lat="37.83729" lon="-119.41342">
        <ele>2942.0</ele>
      </trkpt>
      <trkpt lat="37.83704" lon="-119.41356">
        <ele>2940.0</ele>
      </trkpt>
      <trkpt lat="37.83661" lon="-119.41369">
        <ele>2942.0</ele>
      </trkpt>
      <trkpt lat="37.83641" lon="-119.41385">
        <ele>2942.0</ele>
      </trkpt>
      <trkpt lat="37.83619" lon="-119.4142">
        <ele>2947.0</ele>
      </trkpt>
      <trkpt lat="37.83615" lon="-119.41433">
        <ele>2950.0</ele>
      </trkpt>
      <trkpt lat="37.83603" lon="-119.41455">
        <ele>2950.0</ele>
      </trkpt>
      <trkpt lat="37.83575" lon="-119.41487">
        <ele>2953.0</ele>
      </trkpt>
      <trkpt lat="37.83561" lon="-119.41489">
        <ele>2955.0</ele>
      </trkpt>
      <trkpt lat="37.83524" lon="-119.41515">
        <ele>2957.0</ele>
      </trkpt>
      <trkpt lat="37.83463" lon="-119.41552">
        <ele>2956.0</ele>
      </trkpt>
      <trkpt lat="37.83402" lon="-119.41577">
        <ele>2956.0</ele>
      </trkpt>
      <trkpt lat="37.83364" lon="-119.41588">
        <ele>2956.0</ele>
      </trkpt>
      <trkpt lat="37.83329" lon="-119.41608">
        <ele>2957.0</ele>
      </trkpt>
      <trkpt lat="37.83312" lon="-119.4162">
        <ele>2955.0</ele>
      </trkpt>
      <trkpt lat="37.83299" lon="-119.41618">
        <ele>2955.0</ele>
      </trkpt>
      <trkpt lat="37.8327" lon="-119.41633">
        <ele>2957.0</ele>
      </trkpt>
      <trkpt lat="37.83242" lon="-119.41638">
        <ele>2960.0</ele>
      </trkpt>
      <trkpt lat="37.83161" lon="-119.41677">
        <ele>2963.0</ele>
      </trkpt>
      <trkpt lat="37.83132" lon="-119.41683">
        <ele>2968.0</ele>
      </trkpt>
      <trkpt lat="37.8302" lon="-119.41729">
        <ele>2961.0</ele>
      </trkpt>
      <trkpt lat="37.82919" lon="-119.41751">
        <ele>2969.0</ele>
      </trkpt>
      <trkpt lat="37.82764" lon="-119.41758">
        <ele>2984.0</ele>
      </trkpt>
      <trkpt lat="37.82749" lon="-119.41752">
        <ele>2990.0</ele>
      </trkpt>
      <trkpt lat="37.82693" lon="-119.41753">
        <ele>2997.0</ele>
      </trkpt>
      <trkpt lat="37.82671" lon="-119.4175">
        <ele>2999.0</ele>
      </trkpt>
      <trkpt lat="37.82629" lon="-119.41725">
        <ele>2995.0</ele>
      </trkpt>
      <trkpt lat="37.8255" lon="-119.41719">
        <ele>3008.0</ele>
      </trkpt>
      <trkpt lat="37.8253" lon="-119.41712">
        <ele>3012.0</ele>
      </trkpt>
      <trkpt lat="37.82448" lon="-119.41714">
        <ele>3020.0</ele>
      </trkpt>
      <trkpt lat="37.82402" lon="-119.41726">
        <ele>3028.0</ele>
      </trkpt>
      <trkpt lat="37.82336" lon="-119.4173">
        <ele>3028.0</ele>
      </trkpt>
      <trkpt lat="37.8228" lon="-119.41765">
        <ele>3027.0</ele>
      </trkpt>
      <trkpt lat="37.8228" lon="-119.41765">
        <ele>3027.0</ele>
      </trkpt>
      <trkpt lat="37.82256" lon="-119.41778">
        <ele>3025.0</ele>
      </trkpt>
      <trkpt lat="37.8224" lon="-119.41782">
        <ele>3025.0</ele>
      </trkpt>
      <trkpt lat="37.82197" lon="-119.41808">
        <ele>3018.0</ele>
      </trkpt>
      <trkpt lat="37.82151" lon="-119.41844">
        <ele>3008.0</ele>
      </trkpt>
      <trkpt lat="37.8213" lon="-119.41873">
        <ele>3011.0</ele>
      </trkpt>
      <trkpt lat="37.82082" lon="-119.41917">
        <ele>3006.0</ele>
      </trkpt>
      <trkpt lat="37.82061" lon="-119.41932">
        <ele>3006.0</ele>
      </trkpt>
      <trkpt lat="37.81994" lon="-119.41961">
        <ele>3005.0</ele>
      </trkpt>
      <trkpt lat="37.81931" lon="-119.42003">
        <ele>2996.0</ele>
      </trkpt>
      <trkpt lat="37.81921" lon="-119.42012">
        <ele>2995.0</ele>
      </trkpt>
      <trkpt lat="37.81909" lon="-119.42031">
        <ele>3000.0</ele>
      </trkpt>
      <trkpt lat="37.81869" lon="-119.4206">
        <ele>2990.0</ele>
      </trkpt>
      <trkpt lat="37.81824" lon="-119.42086">
        <ele>2989.0</ele>
      </trkpt>
      <trkpt lat="37.81793" lon="-119.42109">
        <ele>2991.0</ele>
      </trkpt>
      <trkpt lat="37.81768" lon="-119.42121">
        <ele>2979.0</ele>
      </trkpt>
      <trkpt lat="37.81752" lon="-119.42139">
        <ele>2980.0</ele>
      </trkpt>
      <trkpt lat="37.81752" lon="-119.42139">
        <ele>2980.0</ele>
      </trkpt>
      <trkpt lat="37.81702" lon="-119.42196">
        <ele>2991.0</ele>
      </trkpt>
      <trkpt lat="37.81688" lon="-119.42223">
        <ele>2994.0</ele>
      </trkpt>
      <trkpt lat="37.81673" lon="-119.42245">
        <ele>2991.0</ele>
      </trkpt>
      <trkpt lat="37.81663" lon="-119.42279">
        <ele>2988.0</ele>
      </trkpt>
      <trkpt lat="37.81648" lon="-119.42289">
        <ele>2980.0</ele>
      </trkpt>
      <trkpt lat="37.81646" lon="-119.423">
        <ele>2978.0</ele>
      </trkpt>
      <trkpt lat="37.81648" lon="-119.42314">
        <ele>2978.0</ele>
      </trkpt>
      <trkpt lat="37.8164" lon="-119.42322">
        <ele>2976.0</ele>
      </trkpt>
      <trkpt lat="37.81613" lon="-119.42322">
        <ele>2969.0</ele>
      </trkpt>
      <trkpt lat="37.81608" lon="-119.42329">
        <ele>2969.0</ele>
      </trkpt>
      <trkpt lat="37.81613" lon="-119.42341">
        <ele>2969.0</ele>
      </trkpt>
      <trkpt lat="37.81638" lon="-119.42374">
        <ele>2970.0</ele>
      </trkpt>
      <trkpt lat="37.81646" lon="-119.42404">
        <ele>2958.0</ele>
      </trkpt>
      <trkpt lat="37.81644" lon="-119.42425">
        <ele>2958.0</ele>
      </trkpt>
      <trkpt lat="37.81634" lon="-119.42451">
        <ele>2953.0</ele>
      </trkpt>
      <trkpt lat="37.81618" lon="-119.42464">
        <ele>2946.0</ele>
      </trkpt>
      <trkpt lat="37.81586" lon="-119.42483">
        <ele>2942.0</ele>
      </trkpt>
      <trkpt lat="37.81565" lon="-119.42491">
        <ele>2938.0</ele>
      </trkpt>
      <trkpt lat="37.81509" lon="-119.42558">
        <ele>2926.0</ele>
      </trkpt>
      <trkpt lat="37.81457" lon="-119.42607">
        <ele>2921.0</ele>
      </trkpt>
      <trkpt lat="37.81434" lon="-119.42609">
        <ele>2921.0</ele>
      </trkpt>
      <trkpt lat="37.81412" lon="-119.42635">
        <ele>2919.0</ele>
      </trkpt>
      <trkpt lat="37.81393" lon="-119.42645">
        <ele>2916.0</ele>
      </trkpt>
      <trkpt lat="37.81385" lon="-119.42656">
        <ele>2915.0</ele>
      </trkpt>
      <trkpt lat="37.81364" lon="-119.42669">
        <ele>2913.0</ele>
      </trkpt>
      <trkpt lat="37.81354" lon="-119.42693">
        <ele>2909.0</ele>
      </trkpt>
      <trkpt lat="37.81352" lon="-119.42708">
        <ele>2909.0</ele>
      </trkpt>
      <trkpt lat="37.81347" lon="-119.4272">
        <ele>2908.0</ele>
      </trkpt>
      <trkpt lat="37.81342" lon="-119.42759">
        <ele>2905.0</ele>
      </trkpt>
      <trkpt lat="37.81268" lon="-119.4287">
        <ele>2900.0</ele>
      </trkpt>
      <trkpt lat="37.81258" lon="-119.42876">
        <ele>2902.0</ele>
      </trkpt>
      <trkpt lat="37.81248" lon="-119.42878">
        <ele>2902.0</ele>
      </trkpt>
      <trkpt lat="37.81221" lon="-119.42889">
        <ele>2902.0</ele>
      </trkpt>
      <trkpt lat="37.81198" lon="-119.42902">
        <ele>2903.0</ele>
      </trkpt>
      <trkpt lat="37.81087" lon="-119.4295">
        <ele>2896.0</ele>
      </trkpt>
      <trkpt lat="37.81048" lon="-119.42957">
        <ele>2891.0</ele>
      </trkpt>
      <trkpt lat="37.81027" lon="-119.42955">
        <ele>2888.0</ele>
      </trkpt>
      <trkpt lat="37.80994" lon="-119.42971">
        <ele>2884.0</ele>
      </trkpt>
      <trkpt lat="37.80948" lon="-119.42984">
        <ele>2880.0</ele>
      </trkpt>
      <trkpt lat="37.80915" lon="-119.42983">
        <ele>2877.0</ele>
      </trkpt>
      <trkpt lat="37.80869" lon="-119.42967">
        <ele>2873.0</ele>
      </trkpt>
      <trkpt lat="37.80853" lon="-119.42968">
        <ele>2873.0</ele>
      </trkpt>
      <trkpt lat="37.80833" lon="-119.42975">
        <ele>2872.0</ele>
      </trkpt>
      <trkpt lat="37.80713" lon="-119.42974">
        <ele>2861.0</ele>
      </trkpt>
      <trkpt lat="37.80685" lon="-119.42985">
        <ele>2858.0</ele>
      </trkpt>
      <trkpt lat="37.80544" lon="-119.42991">
        <ele>2850.0</ele>
      </trkpt>
      <trkpt lat="37.80544" lon="-119.42991">
        <ele>2850.0</ele>
      </trkpt>
      <trkpt lat="37.80504" lon="-119.42993">
        <ele>2847.0</ele>
      </trkpt>
      <trkpt lat="37.80486" lon="-119.43006">
        <ele>2845.0</ele>
      </trkpt>
      <trkpt lat="37.80305" lon="-119.43021">
        <ele>2837.0</ele>
      </trkpt>
      <trkpt lat="37.80305" lon="-119.43021">
        <ele>2837.0</ele>
      </trkpt>
      <trkpt lat="37.80292" lon="-119.43022">
        <ele>2837.0</ele>
      </trkpt>
      <trkpt lat="37.80281" lon="-119.43027">
        <ele>2837.0</ele>
      </trkpt>
      <trkpt lat="37.80242" lon="-119.43032">
        <ele>2838.0</ele>
      </trkpt>
      <trkpt lat="37.80223" lon="-119.43041">
        <ele>2838.0</ele>
      </trkpt>
      <trkpt lat="37.80198" lon="-119.43043">
        <ele>2838.0</ele>
      </trkpt>
      <trkpt lat="37.80167" lon="-119.43034">
        <ele>2836.0</ele>
      </trkpt>
      <trkpt lat="37.80124" lon="-119.4303">
        <ele>2835.0</ele>
      </trkpt>
      <trkpt lat="37.80102" lon="-119.43024">
        <ele>2835.0</ele>
      </trkpt>
      <trkpt lat="37.80027" lon="-119.43018">
        <ele>2842.0</ele>
      </trkpt>
      <trkpt lat="37.79948" lon="-119.42984">
        <ele>2837.0</ele>
      </trkpt>
      <trkpt lat="37.79917" lon="-119.42977">
        <ele>2838.0</ele>
      </trkpt>
      <trkpt lat="37.79901" lon="-119.42967">
        <ele>2838.0</ele>
      </trkpt>
      <trkpt lat="37.79873" lon="-119.42939">
        <ele>2839.0</ele>
      </trkpt>
      <trkpt lat="37.79843" lon="-119.42919">
        <ele>2837.0</ele>
      </trkpt>
      <trkpt lat="37.79813" lon="-119.42909">
        <ele>2839.0</ele>
      </trkpt>
      <trkpt lat="37.79768" lon="-119.42911">
        <ele>2841.0</ele>
      </trkpt>
      <trkpt lat="37.79719" lon="-119.42903">
        <ele>2844.0</ele>
      </trkpt>
      <trkpt lat="37.79698" lon="-119.42887">
        <ele>2839.0</ele>
      </trkpt>
      <trkpt lat="37.79666" lon="-119.4288">
        <ele>2840.0</ele>
      </trkpt>
      <trkpt lat="37.79618" lon="-119.42898">
        <ele>2840.0</ele>
      </trkpt>
      <trkpt lat="37.79586" lon="-119.42913">
        <ele>2840.0</ele>
      </trkpt>
      <trkpt lat="37.79573" lon="-119.42929">
        <ele>2840.0</ele>
      </trkpt>
      <trkpt lat="37.79547" lon="-119.42986">
        <ele>2836.0</ele>
      </trkpt>
      <trkpt lat="37.7954" lon="-119.43015">
        <ele>2835.0</ele>
      </trkpt>
      <trkpt lat="37.79529" lon="-119.43047">
        <ele>2835.0</ele>
      </trkpt>
      <trkpt lat="37.79513" lon="-119.43119">
        <ele>2835.0</ele>
      </trkpt>
      <trkpt lat="37.79505" lon="-119.43139">
        <ele>2834.0</ele>
      </trkpt>
      <trkpt lat="37.79486" lon="-119.43176">
        <ele>2837.0</ele>
      </trkpt>
      <trkpt lat="37.79475" lon="-119.43238">
        <ele>2836.0</ele>
      </trkpt>
      <trkpt lat="37.79465" lon="-119.43257">
        <ele>2836.0</ele>
      </trkpt>
      <trkpt lat="37.79456" lon="-119.43264">
        <ele>2835.0</ele>
      </trkpt>
      <trkpt lat="37.79448" lon="-119.43265">
        <ele>2835.0</ele>
      </trkpt>
      <trkpt lat="37.79426" lon="-119.43261">
        <ele>2833.0</ele>
      </trkpt>
      <trkpt lat="37.7942" lon="-119.43264">
        <ele>2835.0</ele>
      </trkpt>
      <trkpt lat="37.7941" lon="-119.43283">
        <ele>2835.0</ele>
      </trkpt>
      <trkpt lat="37.7941" lon="-119.43283">
        <ele>2835.0</ele>
      </trkpt>
      <trkpt lat="37.79403" lon="-119.43297">
        <ele>2841.0</ele>
      </trkpt>
      <trkpt lat="37.79348" lon="-119.43315">
        <ele>2841.0</ele>
      </trkpt>
      <trkpt lat="37.79297" lon="-119.43289">
        <ele>2839.0</ele>
      </trkpt>
      <trkpt lat="37.79281" lon="-119.4327">
        <ele>2842.0</ele>
      </trkpt>
      <trkpt lat="37.79271" lon="-119.43244">
        <ele>2839.0</ele>
      </trkpt>
      <trkpt lat="37.7924" lon="-119.4322">
        <ele>2840.0</ele>
      </trkpt>
      <trkpt lat="37.79196" lon="-119.43233">
        <ele>2842.0</ele>
      </trkpt>
      <trkpt lat="37.7918" lon="-119.4323">
        <ele>2843.0</ele>
      </trkpt>
      <trkpt lat="37.79158" lon="-119.43235">
        <ele>2843.0</ele>
      </trkpt>
      <trkpt lat="37.79136" lon="-119.4326">
        <ele>2840.0</ele>
      </trkpt>
      <trkpt lat="37.79124" lon="-119.43253">
        <ele>2838.0</ele>
      </trkpt>
      <trkpt lat="37.79108" lon="-119.43286">
        <ele>2836.0</ele>
      </trkpt>
      <trkpt lat="37.79087" lon="-119.43302">
        <ele>2832.0</ele>
      </trkpt>
      <trkpt lat="37.79059" lon="-119.43351">
        <ele>2837.0</ele>
      </trkpt>
      <trkpt lat="37.79046" lon="-119.43379">
        <ele>2841.0</ele>
      </trkpt>
      <trkpt lat="37.79001" lon="-119.43436">
        <ele>2845.0</ele>
      </trkpt>
      <trkpt lat="37.78937" lon="-119.43502">
        <ele>2843.0</ele>
      </trkpt>
      <trkpt lat="37.78925" lon="-119.43526">
        <ele>2843.0</ele>
      </trkpt>
      <trkpt lat="37.78918" lon="-119.43535">
        <ele>2843.0</ele>
      </trkpt>
      <trkpt lat="37.7889" lon="-119.43532">
        <ele>2842.0</ele>
      </trkpt>
      <trkpt lat="37.78864" lon="-119.43534">
        <ele>2842.0</ele>
      </trkpt>
      <trkpt lat="37.78843" lon="-119.43549">
        <ele>2855.0</ele>
      </trkpt>
      <trkpt lat="37.78808" lon="-119.43539">
        <ele>2853.0</ele>
      </trkpt>
      <trkpt lat="37.78808" lon="-119.43539">
        <ele>2853.0</ele>
      </trkpt>
      <trkpt lat="37.78769" lon="-119.43528">
        <ele>2857.0</ele>
      </trkpt>
      <trkpt lat="37.78694" lon="-119.43522">
        <ele>2867.0</ele>
      </trkpt>
      <trkpt lat="37.78644" lon="-119.43533">
        <ele>2864.0</ele>
      </trkpt>
      <trkpt lat="37.78612" lon="-119.43525">
        <ele>2866.0</ele>
      </trkpt>
      <trkpt lat="37.78592" lon="-119.43532">
        <ele>2869.0</ele>
      </trkpt>
      <trkpt lat="37.78522" lon="-119.43521">
        <ele>2883.0</ele>
      </trkpt>
      <trkpt lat="37.78505" lon="-119.43529">
        <ele>2886.0</ele>
      </trkpt>
      <trkpt lat="37.78437" lon="-119.43536">
        <ele>2893.0</ele>
      </trkpt>
      <trkpt lat="37.78405" lon="-119.4355">
        <ele>2904.0</ele>
      </trkpt>
      <trkpt lat="37.78382" lon="-119.43542">
        <ele>2910.0</ele>
      </trkpt>
      <trkpt lat="37.7837" lon="-119.4355">
        <ele>2912.0</ele>
      </trkpt>
      <trkpt lat="37.78345" lon="-119.43555">
        <ele>2910.0</ele>
      </trkpt>
      <trkpt lat="37.78323" lon="-119.43592">
        <ele>2913.0</ele>
      </trkpt>
      <trkpt lat="37.78268" lon="-119.43619">
        <ele>2916.0</ele>
      </trkpt>
      <trkpt lat="37.78223" lon="-119.43644">
        <ele>2918.0</ele>
      </trkpt>
      <trkpt lat="37.78185" lon="-119.43689">
        <ele>2920.0</ele>
      </trkpt>
      <trkpt lat="37.78152" lon="-119.43762">
        <ele>2915.0</ele>
      </trkpt>
      <trkpt lat="37.78113" lon="-119.43896">
        <ele>2912.0</ele>
      </trkpt>
      <trkpt lat="37.78037" lon="-119.44221">
        <ele>2930.0</ele>
      </trkpt>
      <trkpt lat="37.77985" lon="-119.44274">
        <ele>2938.0</ele>
      </trkpt>
      <trkpt lat="37.77977" lon="-119.44304">
        <ele>2940.0</ele>
      </trkpt>
      <trkpt lat="37.77953" lon="-119.44336">
        <ele>2939.0</ele>
      </trkpt>
      <trkpt lat="37.77953" lon="-119.44336">
        <ele>2939.0</ele>
      </trkpt>
      <trkpt lat="37.77931" lon="-119.44347">
        <ele>2939.0</ele>
      </trkpt>
      <trkpt lat="37.77858" lon="-119.44358">
        <ele>2957.0</ele>
      </trkpt>
      <trkpt lat="37.77767" lon="-119.44407">
        <ele>2963.0</ele>
      </trkpt>
      <trkpt lat="37.77737" lon="-119.44395">
        <ele>2959.0</ele>
      </trkpt>
      <trkpt lat="37.77715" lon="-119.44409">
        <ele>2955.0</ele>
      </trkpt>
      <trkpt lat="37.7768" lon="-119.44426">
        <ele>2950.0</ele>
      </trkpt>
      <trkpt lat="37.7765" lon="-119.44425">
        <ele>2950.0</ele>
      </trkpt>
      <trkpt lat="37.77627" lon="-119.44432">
        <ele>2949.0</ele>
      </trkpt>
      <trkpt lat="37.77608" lon="-119.44446">
        <ele>2946.0</ele>
      </trkpt>
      <trkpt lat="37.77595" lon="-119.44465">
        <ele>2936.0</ele>
      </trkpt>
      <trkpt lat="37.77536" lon="-119.44487">
        <ele>2917.0</ele>
      </trkpt>
      <trkpt lat="37.77526" lon="-119.44497">
        <ele>2917.0</ele>
      </trkpt>
      <trkpt lat="37.77517" lon="-119.44492">
        <ele>2917.0</ele>
      </trkpt>
      <trkpt lat="37.77506" lon="-119.44457">
        <ele>2915.0</ele>
      </trkpt>
      <trkpt lat="37.77501" lon="-119.44456">
        <ele>2915.0</ele>
      </trkpt>
      <trkpt lat="37.77472" lon="-119.44507">
        <ele>2899.0</ele>
      </trkpt>
      <trkpt lat="37.77457" lon="-119.4447">
        <ele>2890.0</ele>
      </trkpt>
      <trkpt lat="37.77434" lon="-119.4452">
        <ele>2885.0</ele>
      </trkpt>
      <trkpt lat="37.7741" lon="-119.44461">
        <ele>2880.0</ele>
      </trkpt>
      <trkpt lat="37.77395" lon="-119.4452">
        <ele>2866.0</ele>
      </trkpt>
      <trkpt lat="37.77381" lon="-119.44494">
        <ele>2872.0</ele>
      </trkpt>
      <trkpt lat="37.77369" lon="-119.44524">
        <ele>2862.0</ele>
      </trkpt>
      <trkpt lat="37.77351" lon="-119.44503">
        <ele>2869.0</ele>
      </trkpt>
      <trkpt lat="37.77334" lon="-119.44557">
        <ele>2846.0</ele>
      </trkpt>
      <trkpt lat="37.77312" lon="-119.4453">
        <ele>2846.0</ele>
      </trkpt>
      <trkpt lat="37.77301" lon="-119.44563">
        <ele>2839.0</ele>
      </trkpt>
      <trkpt lat="37.77286" lon="-119.4455">
        <ele>2844.0</ele>
      </trkpt>
      <trkpt lat="37.77283" lon="-119.44553">
        <ele>2844.0</ele>
      </trkpt>
      <trkpt lat="37.77292" lon="-119.44642">
        <ele>2820.0</ele>
      </trkpt>
      <trkpt lat="37.77288" lon="-119.44661">
        <ele>2813.0</ele>
      </trkpt>
      <trkpt lat="37.77278" lon="-119.44676">
        <ele>2813.0</ele>
      </trkpt>
      <trkpt lat="37.77192" lon="-119.44735">
        <ele>2811.0</ele>
      </trkpt>
      <trkpt lat="37.77114" lon="-119.44817">
        <ele>2782.0</ele>
      </trkpt>
      <trkpt lat="37.77082" lon="-119.44838">
        <ele>2774.0</ele>
      </trkpt>
      <trkpt lat="37.77071" lon="-119.44848">
        <ele>2769.0</ele>
      </trkpt>
      <trkpt lat="37.77071" lon="-119.44848">
        <ele>2769.0</ele>
      </trkpt>
      <trkpt lat="37.77006" lon="-119.44911">
        <ele>2741.0</ele>
      </trkpt>
      <trkpt lat="37.76973" lon="-119.44967">
        <ele>2735.0</ele>
      </trkpt>
      <trkpt lat="37.76966" lon="-119.44989">
        <ele>2731.0</ele>
      </trkpt>
      <trkpt lat="37.76903" lon="-119.45086">
        <ele>2695.0</ele>
      </trkpt>
      <trkpt lat="37.76865" lon="-119.45096">
        <ele>2688.0</ele>
      </trkpt>
      <trkpt lat="37.76672" lon="-119.45255">
        <ele>2633.0</ele>
      </trkpt>
      <trkpt lat="37.76599" lon="-119.45304">
        <ele>2629.0</ele>
      </trkpt>
      <trkpt lat="37.76553" lon="-119.45312">
        <ele>2620.0</ele>
      </trkpt>
      <trkpt lat="37.7652" lon="-119.45299">
        <ele>2611.0</ele>
      </trkpt>
      <trkpt lat="37.76473" lon="-119.45303">
        <ele>2606.0</ele>
      </trkpt>
      <trkpt lat="37.76408" lon="-119.45314">
        <ele>2608.0</ele>
      </trkpt>
      <trkpt lat="37.76306" lon="-119.45306">
        <ele>2615.0</ele>
      </trkpt>
      <trkpt lat="37.7628" lon="-119.4529">
        <ele>2617.0</ele>
      </trkpt>
      <trkpt lat="37.76193" lon="-119.4535">
        <ele>2603.0</ele>
      </trkpt>
      <trkpt lat="37.76161" lon="-119.45383">
        <ele>2599.0</ele>
      </trkpt>
      <trkpt lat="37.76124" lon="-119.45446">
        <ele>2602.0</ele>
      </trkpt>
      <trkpt lat="37.76095" lon="-119.45562">
        <ele>2586.0</ele>
      </trkpt>
      <trkpt lat="37.761" lon="-119.45686">
        <ele>2578.0</ele>
      </trkpt>
      <trkpt lat="37.76114" lon="-119.45783">
        <ele>2571.0</ele>
      </trkpt>
      <trkpt lat="37.76121" lon="-119.45871">
        <ele>2569.0</ele>
      </trkpt>
      <trkpt lat="37.76123" lon="-119.4593">
        <ele>2567.0</ele>
      </trkpt>
      <trkpt lat="37.76106" lon="-119.45996">
        <ele>2562.0</ele>
      </trkpt>
      <trkpt lat="37.7608" lon="-119.46044">
        <ele>2553.0</ele>
      </trkpt>
      <trkpt lat="37.76066" lon="-119.46087">
        <ele>2543.0</ele>
      </trkpt>
      <trkpt lat="37.76015" lon="-119.46176">
        <ele>2532.0</ele>
      </trkpt>
      <trkpt lat="37.76008" lon="-119.46217">
        <ele>2523.0</ele>
      </trkpt>
      <trkpt lat="37.75948" lon="-119.46379">
        <ele>2504.0</ele>
      </trkpt>
      <trkpt lat="37.75916" lon="-119.46405">
        <ele>2502.0</ele>
      </trkpt>
      <trkpt lat="37.7588" lon="-119.46533">
        <ele>2498.0</ele>
      </trkpt>
      <trkpt lat="37.7588" lon="-119.46533">
        <ele>2498.0</ele>
      </trkpt>
      <trkpt lat="37.75876" lon="-119.46547">
        <ele>2497.0</ele>
      </trkpt>
      <trkpt lat="37.75882" lon="-119.46604">
        <ele>2491.0</ele>
      </trkpt>
      <trkpt lat="37.75898" lon="-119.46685">
        <ele>2486.0</ele>
      </trkpt>
      <trkpt lat="37.75878" lon="-119.46774">
        <ele>2486.0</ele>
      </trkpt>
      <trkpt lat="37.75892" lon="-119.46941">
        <ele>2482.0</ele>
      </trkpt>
      <trkpt lat="37.75905" lon="-119.47228">
        <ele>2466.0</ele>
      </trkpt>
      <trkpt lat="37.759" lon="-119.4732">
        <ele>2455.0</ele>
      </trkpt>
      <trkpt lat="37.75893" lon="-119.4739">
        <ele>2458.0</ele>
      </trkpt>
      <trkpt lat="37.75858" lon="-119.47611">
        <ele>2454.0</ele>
      </trkpt>
      <trkpt lat="37.75834" lon="-119.47628">
        <ele>2454.0</ele>
      </trkpt>
      <trkpt lat="37.75754" lon="-119.47822">
        <ele>2445.0</ele>
      </trkpt>
      <trkpt lat="37.75739" lon="-119.4787">
        <ele>2442.0</ele>
      </trkpt>
      <trkpt lat="37.75739" lon="-119.4787">
        <ele>2442.0</ele>
      </trkpt>
      <trkpt lat="37.75739" lon="-119.4787">
        <ele>2442.0</ele>
      </trkpt>
      <trkpt lat="37.7573" lon="-119.4788">
        <ele>2436.0</ele>
      </trkpt>
      <trkpt lat="37.7571" lon="-119.47886">
        <ele>2436.0</ele>
      </trkpt>
      <trkpt lat="37.75693" lon="-119.47898">
        <ele>2434.0</ele>
      </trkpt>
      <trkpt lat="37.75675" lon="-119.47922">
        <ele>2425.0</ele>
      </trkpt>
      <trkpt lat="37.75664" lon="-119.47921">
        <ele>2425.0</ele>
      </trkpt>
      <trkpt lat="37.75638" lon="-119.47899">
        <ele>2424.0</ele>
      </trkpt>
      <trkpt lat="37.75638" lon="-119.47899">
        <ele>2424.0</ele>
      </trkpt>
      <trkpt lat="37.75638" lon="-119.47899">
        <ele>2424.0</ele>
      </trkpt>
      <trkpt lat="37.75644" lon="-119.4793">
        <ele>2422.0</ele>
      </trkpt>
      <trkpt lat="37.75637" lon="-119.4796">
        <ele>2419.0</ele>
      </trkpt>
      <trkpt lat="37.75623" lon="-119.47988">
        <ele>2420.0</ele>
      </trkpt>
      <trkpt lat="37.75596" lon="-119.48012">
        <ele>2420.0</ele>
      </trkpt>
      <trkpt lat="37.75555" lon="-119.48015">
        <ele>2422.0</ele>
      </trkpt>
      <trkpt lat="37.75538" lon="-119.48036">
        <ele>2421.0</ele>
      </trkpt>
      <trkpt lat="37.75487" lon="-119.48081">
        <ele>2411.0</ele>
      </trkpt>
      <trkpt lat="37.75417" lon="-119.48176">
        <ele>2408.0</ele>
      </trkpt>
      <trkpt lat="37.75384" lon="-119.4823">
        <ele>2412.0</ele>
      </trkpt>
      <trkpt lat="37.75357" lon="-119.48255">
        <ele>2406.0</ele>
      </trkpt>
      <trkpt lat="37.75334" lon="-119.48268">
        <ele>2407.0</ele>
      </trkpt>
      <trkpt lat="37.75334" lon="-119.48268">
        <ele>2407.0</ele>
      </trkpt>
      <trkpt lat="37.7527" lon="-119.483">
        <ele>2401.0</ele>
      </trkpt>
      <trkpt lat="37.75261" lon="-119.48298">
        <ele>2399.0</ele>
      </trkpt>
      <trkpt lat="37.75237" lon="-119.48268">
        <ele>2396.0</ele>
      </trkpt>
      <trkpt lat="37.75225" lon="-119.48257">
        <ele>2391.0</ele>
      </trkpt>
      <trkpt lat="37.75231" lon="-119.48263">
        <ele>2391.0</ele>
      </trkpt>
      <trkpt lat="37.75225" lon="-119.48257">
        <ele>2391.0</ele>
      </trkpt>
      <trkpt lat="37.75167" lon="-119.48252">
        <ele>2396.0</ele>
      </trkpt>
      <trkpt lat="37.75149" lon="-119.48272">
        <ele>2393.0</ele>
      </trkpt>
      <trkpt lat="37.75133" lon="-119.48277">
        <ele>2393.0</ele>
      </trkpt>
      <trkpt lat="37.75117" lon="-119.48268">
        <ele>2392.0</ele>
      </trkpt>
      <trkpt lat="37.75095" lon="-119.48273">
        <ele>2390.0</ele>
      </trkpt>
      <trkpt lat="37.75063" lon="-119.48288">
        <ele>2384.0</ele>
      </trkpt>
      <trkpt lat="37.75039" lon="-119.48329">
        <ele>2383.0</ele>
      </trkpt>
      <trkpt lat="37.74975" lon="-119.48419">
        <ele>2383.0</ele>
      </trkpt>
      <trkpt lat="37.74961" lon="-119.48474">
        <ele>2375.0</ele>
      </trkpt>
      <trkpt lat="37.74929" lon="-119.48516">
        <ele>2367.0</ele>
      </trkpt>
      <trkpt lat="37.74882" lon="-119.48688">
        <ele>2345.0</ele>
      </trkpt>
      <trkpt lat="37.74884" lon="-119.4873">
        <ele>2344.0</ele>
      </trkpt>
      <trkpt lat="37.74884" lon="-119.4873">
        <ele>2344.0</ele>
      </trkpt>
      <trkpt lat="37.74885" lon="-119.48787">
        <ele>2338.0</ele>
      </trkpt>
      <trkpt lat="37.74877" lon="-119.48855">
        <ele>2334.0</ele>
      </trkpt>
      <trkpt lat="37.74868" lon="-119.48902">
        <ele>2328.0</ele>
      </trkpt>
      <trkpt lat="37.74841" lon="-119.48945">
        <ele>2323.0</ele>
      </trkpt>
      <trkpt lat="37.7482" lon="-119.48986">
        <ele>2318.0</ele>
      </trkpt>
      <trkpt lat="37.74792" lon="-119.49093">
        <ele>2311.0</ele>
      </trkpt>
      <trkpt lat="37.74743" lon="-119.49166">
        <ele>2304.0</ele>
      </trkpt>
      <trkpt lat="37.74738" lon="-119.49188">
        <ele>2302.0</ele>
      </trkpt>
      <trkpt lat="37.74739" lon="-119.49217">
        <ele>2300.0</ele>
      </trkpt>
      <trkpt lat="37.74731" lon="-119.49237">
        <ele>2299.0</ele>
      </trkpt>
      <trkpt lat="37.74629" lon="-119.49317">
        <ele>2295.0</ele>
      </trkpt>
      <trkpt lat="37.74618" lon="-119.49334">
        <ele>2285.0</ele>
      </trkpt>
      <trkpt lat="37.74602" lon="-119.49386">
        <ele>2281.0</ele>
      </trkpt>
      <trkpt lat="37.74589" lon="-119.4941">
        <ele>2279.0</ele>
      </trkpt>
      <trkpt lat="37.74552" lon="-119.49443">
        <ele>2276.0</ele>
      </trkpt>
      <trkpt lat="37.74512" lon="-119.49531">
        <ele>2263.0</ele>
      </trkpt>
      <trkpt lat="37.7448" lon="-119.49565">
        <ele>2262.0</ele>
      </trkpt>
      <trkpt lat="37.74433" lon="-119.49636">
        <ele>2259.0</ele>
      </trkpt>
      <trkpt lat="37.74378" lon="-119.4971">
        <ele>2245.0</ele>
      </trkpt>
      <trkpt lat="37.74372" lon="-119.4973">
        <ele>2251.0</ele>
      </trkpt>
      <trkpt lat="37.74375" lon="-119.49753">
        <ele>2244.0</ele>
      </trkpt>
      <trkpt lat="37.74382" lon="-119.49762">
        <ele>2242.0</ele>
      </trkpt>
      <trkpt lat="37.74387" lon="-119.49781">
        <ele>2237.0</ele>
      </trkpt>
      <trkpt lat="37.74384" lon="-119.49809">
        <ele>2237.0</ele>
      </trkpt>
      <trkpt lat="37.74385" lon="-119.49875">
        <ele>2240.0</ele>
      </trkpt>
      <trkpt lat="37.74392" lon="-119.49905">
        <ele>2241.0</ele>
      </trkpt>
      <trkpt lat="37.74415" lon="-119.49942">
        <ele>2239.0</ele>
      </trkpt>
      <trkpt lat="37.74427" lon="-119.49976">
        <ele>2233.0</ele>
      </trkpt>
      <trkpt lat="37.74427" lon="-119.50015">
        <ele>2224.0</ele>
      </trkpt>
      <trkpt lat="37.74458" lon="-119.50073">
        <ele>2215.0</ele>
      </trkpt>
      <trkpt lat="37.74436" lon="-119.50166">
        <ele>2213.0</ele>
      </trkpt>
      <trkpt lat="37.7442" lon="-119.50186">
        <ele>2207.0</ele>
      </trkpt>
      <trkpt lat="37.74375" lon="-119.50223">
        <ele>2195.0</ele>
      </trkpt>
      <trkpt lat="37.74357" lon="-119.50252">
        <ele>2193.0</ele>
      </trkpt>
      <trkpt lat="37.74358" lon="-119.50281">
        <ele>2190.0</ele>
      </trkpt>
      <trkpt lat="37.74379" lon="-119.50303">
        <ele>2184.0</ele>
      </trkpt>
      <trkpt lat="37.74442" lon="-119.5033">
        <ele>2187.0</ele>
      </trkpt>
      <trkpt lat="37.74441" lon="-119.50339">
        <ele>2187.0</ele>
      </trkpt>
      <trkpt lat="37.74429" lon="-119.5035">
        <ele>2182.0</ele>
      </trkpt>
      <trkpt lat="37.74421" lon="-119.5037">
        <ele>2182.0</ele>
      </trkpt>
      <trkpt lat="37.74421" lon="-119.5037">
        <ele>2182.0</ele>
      </trkpt>
      <trkpt lat="37.74421" lon="-119.5037">
        <ele>2182.0</ele>
      </trkpt>
      <trkpt lat="37.74409" lon="-119.50379">
        <ele>2187.0</ele>
      </trkpt>
      <trkpt lat="37.74402" lon="-119.50396">
        <ele>2188.0</ele>
      </trkpt>
      <trkpt lat="37.74397" lon="-119.50416">
        <ele>2190.0</ele>
      </trkpt>
      <trkpt lat="37.74401" lon="-119.50436">
        <ele>2189.0</ele>
      </trkpt>
      <trkpt lat="37.744" lon="-119.50459">
        <ele>2185.0</ele>
      </trkpt>
      <trkpt lat="37.74392" lon="-119.50507">
        <ele>2178.0</ele>
      </trkpt>
      <trkpt lat="37.74374" lon="-119.50541">
        <ele>2169.0</ele>
      </trkpt>
      <trkpt lat="37.74367" lon="-119.50562">
        <ele>2166.0</ele>
      </trkpt>
      <trkpt lat="37.74371" lon="-119.50585">
        <ele>2165.0</ele>
      </trkpt>
      <trkpt lat="37.74378" lon="-119.50604">
        <ele>2164.0</ele>
      </trkpt>
      <trkpt lat="37.74372" lon="-119.50657">
        <ele>2158.0</ele>
      </trkpt>
      <trkpt lat="37.74392" lon="-119.50697">
        <ele>2158.0</ele>
      </trkpt>
      <trkpt lat="37.74429" lon="-119.50758">
        <ele>2158.0</ele>
      </trkpt>
      <trkpt lat="37.74429" lon="-119.50769">
        <ele>2155.0</ele>
      </trkpt>
      <trkpt lat="37.74424" lon="-119.50782">
        <ele>2155.0</ele>
      </trkpt>
      <trkpt lat="37.74429" lon="-119.5079">
        <ele>2155.0</ele>
      </trkpt>
      <trkpt lat="37.7443" lon="-119.50809">
        <ele>2149.0</ele>
      </trkpt>
      <trkpt lat="37.74438" lon="-119.50838">
        <ele>2150.0</ele>
      </trkpt>
      <trkpt lat="37.74429" lon="-119.50852">
        <ele>2141.0</ele>
      </trkpt>
      <trkpt lat="37.74425" lon="-119.50871">
        <ele>2141.0</ele>
      </trkpt>
      <trkpt lat="37.7443" lon="-119.50905">
        <ele>2134.0</ele>
      </trkpt>
      <trkpt lat="37.74443" lon="-119.50928">
        <ele>2137.0</ele>
      </trkpt>
      <trkpt lat="37.74443" lon="-119.50928">
        <ele>2137.0</ele>
      </trkpt>
      <trkpt lat="37.74448" lon="-119.50939">
        <ele>2133.0</ele>
      </trkpt>
      <trkpt lat="37.74478" lon="-119.51069">
        <ele>2127.0</ele>
      </trkpt>
      <trkpt lat="37.7451" lon="-119.51283">
        <ele>2136.0</ele>
      </trkpt>
      <trkpt lat="37.7451" lon="-119.51283">
        <ele>2136.0</ele>
      </trkpt>
      <trkpt lat="37.7451" lon="-119.51283">
        <ele>2136.0</ele>
      </trkpt>
      <trkpt lat="37.74499" lon="-119.51286">
        <ele>2136.0</ele>
      </trkpt>
      <trkpt lat="37.74467" lon="-119.51282">
        <ele>2137.0</ele>
      </trkpt>
      <trkpt lat="37.74423" lon="-119.51241">
        <ele>2118.0</ele>
      </trkpt>
      <trkpt lat="37.7438" lon="-119.51212">
        <ele>2107.0</ele>
      </trkpt>
      <trkpt lat="37.74371" lon="-119.51241">
        <ele>2091.0</ele>
      </trkpt>
      <trkpt lat="37.74362" lon="-119.51282">
        <ele>2100.0</ele>
      </trkpt>
      <trkpt lat="37.74354" lon="-119.51286">
        <ele>2100.0</ele>
      </trkpt>
      <trkpt lat="37.74342" lon="-119.51276">
        <ele>2087.0</ele>
      </trkpt>
      <trkpt lat="37.7431" lon="-119.51216">
        <ele>2074.0</ele>
      </trkpt>
      <trkpt lat="37.74291" lon="-119.51212">
        <ele>2071.0</ele>
      </trkpt>
      <trkpt lat="37.74254" lon="-119.51185">
        <ele>2065.0</ele>
      </trkpt>
      <trkpt lat="37.74256" lon="-119.51212">
        <ele>2065.0</ele>
      </trkpt>
      <trkpt lat="37.74263" lon="-119.51232">
        <ele>2065.0</ele>
      </trkpt>
      <trkpt lat="37.74256" lon="-119.51258">
        <ele>2064.0</ele>
      </trkpt>
      <trkpt lat="37.74237" lon="-119.51263">
        <ele>2064.0</ele>
      </trkpt>
      <trkpt lat="37.74217" lon="-119.51237">
        <ele>2051.0</ele>
      </trkpt>
      <trkpt lat="37.74215" lon="-119.5121">
        <ele>2053.0</ele>
      </trkpt>
      <trkpt lat="37.74165" lon="-119.51137">
        <ele>2033.0</ele>
      </trkpt>
      <trkpt lat="37.74147" lon="-119.51128">
        <ele>2024.0</ele>
      </trkpt>
      <trkpt lat="37.74133" lon="-119.51148">
        <ele>2024.0</ele>
      </trkpt>
      <trkpt lat="37.74143" lon="-119.51207">
        <ele>2022.0</ele>
      </trkpt>
      <trkpt lat="37.74127" lon="-119.51199">
        <ele>2022.0</ele>
      </trkpt>
      <trkpt lat="37.74122" lon="-119.51238">
        <ele>2009.0</ele>
      </trkpt>
      <trkpt lat="37.74096" lon="-119.5121">
        <ele>2010.0</ele>
      </trkpt>
      <trkpt lat="37.74094" lon="-119.51253">
        <ele>2005.0</ele>
      </trkpt>
      <trkpt lat="37.74074" lon="-119.51249">
        <ele>2005.0</ele>
      </trkpt>
      <trkpt lat="37.74075" lon="-119.51262">
        <ele>2005.0</ele>
      </trkpt>
      <trkpt lat="37.74088" lon="-119.51287">
        <ele>2000.0</ele>
      </trkpt>
      <trkpt lat="37.74073" lon="-119.51284">
        <ele>2000.0</ele>
      </trkpt>
      <trkpt lat="37.74064" lon="-119.51289">
        <ele>1999.0</ele>
      </trkpt>
      <trkpt lat="37.7409" lon="-119.51398">
        <ele>1995.0</ele>
      </trkpt>
      <trkpt lat="37.74066" lon="-119.5147">
        <ele>1996.0</ele>
      </trkpt>
      <trkpt lat="37.74037" lon="-119.51491">
        <ele>1992.0</ele>
      </trkpt>
      <trkpt lat="37.74025" lon="-119.51526">
        <ele>1979.0</ele>
      </trkpt>
      <trkpt lat="37.73999" lon="-119.51538">
        <ele>1978.0</ele>
      </trkpt>
      <trkpt lat="37.73977" lon="-119.51532">
        <ele>1977.0</ele>
      </trkpt>
      <trkpt lat="37.7387" lon="-119.51487">
        <ele>1960.0</ele>
      </trkpt>
      <trkpt lat="37.73835" lon="-119.51451">
        <ele>1963.0</ele>
      </trkpt>
      <trkpt lat="37.73824" lon="-119.51448">
        <ele>1963.0</ele>
      </trkpt>
      <trkpt lat="37.73811" lon="-119.51446">
        <ele>1960.0</ele>
      </trkpt>
      <trkpt lat="37.73781" lon="-119.51457">
        <ele>1955.0</ele>
      </trkpt>
      <trkpt lat="37.73771" lon="-119.51465">
        <ele>1952.0</ele>
      </trkpt>
      <trkpt lat="37.73753" lon="-119.51498">
        <ele>1947.0</ele>
      </trkpt>
      <trkpt lat="37.73693" lon="-119.51482">
        <ele>1934.0</ele>
      </trkpt>
      <trkpt lat="37.73663" lon="-119.515">
        <ele>1928.0</ele>
      </trkpt>
      <trkpt lat="37.73646" lon="-119.51465">
        <ele>1920.0</ele>
      </trkpt>
      <trkpt lat="37.73617" lon="-119.51485">
        <ele>1911.0</ele>
      </trkpt>
      <trkpt lat="37.73613" lon="-119.51478">
        <ele>1911.0</ele>
      </trkpt>
      <trkpt lat="37.73613" lon="-119.51449">
        <ele>1907.0</ele>
      </trkpt>
      <trkpt lat="37.73597" lon="-119.51462">
        <ele>1906.0</ele>
      </trkpt>
      <trkpt lat="37.73597" lon="-119.51462">
        <ele>1906.0</ele>
      </trkpt>
      <trkpt lat="37.73576" lon="-119.51479">
        <ele>1906.0</ele>
      </trkpt>
      <trkpt lat="37.73571" lon="-119.51466">
        <ele>1906.0</ele>
      </trkpt>
      <trkpt lat="37.73568" lon="-119.51433">
        <ele>1899.0</ele>
      </trkpt>
      <trkpt lat="37.73554" lon="-119.51434">
        <ele>1899.0</ele>
      </trkpt>
      <trkpt lat="37.73535" lon="-119.51449">
        <ele>1877.0</ele>
      </trkpt>
      <trkpt lat="37.73532" lon="-119.51445">
        <ele>1877.0</ele>
      </trkpt>
      <trkpt lat="37.73535" lon="-119.51419">
        <ele>1877.0</ele>
      </trkpt>
      <trkpt lat="37.73531" lon="-119.51413">
        <ele>1877.0</ele>
      </trkpt>
      <trkpt lat="37.734943" lon="-119.51457">
        <ele>1869.0</ele>
      </trkpt>
      <trkpt lat="37.734943" lon="-119.51457">
        <ele>1869.0</ele>
      </trkpt>
      <trkpt lat="37.73492" lon="-119.5146">
        <ele>1869.0</ele>
      </trkpt>
      <trkpt lat="37.73453" lon="-119.51499">
        <ele>1866.0</ele>
      </trkpt>
      <trkpt lat="37.73453" lon="-119.51499">
        <ele>1866.0</ele>
      </trkpt>
      <trkpt lat="37.73453" lon="-119.51499">
        <ele>1866.0</ele>
      </trkpt>
      <trkpt lat="37.73447" lon="-119.51514">
        <ele>1864.0</ele>
      </trkpt>
      <trkpt lat="37.73422" lon="-119.51605">
        <ele>1864.0</ele>
      </trkpt>
      <trkpt lat="37.73422" lon="-119.51605">
        <ele>1864.0</ele>
      </trkpt>
      <trkpt lat="37.73422" lon="-119.51605">
        <ele>1864.0</ele>
      </trkpt>
      <trkpt lat="37.73405" lon="-119.51635">
        <ele>1862.0</ele>
      </trkpt>
      <trkpt lat="37.73403" lon="-119.51659">
        <ele>1865.0</ele>
      </trkpt>
      <trkpt lat="37.73392" lon="-119.51702">
        <ele>1865.0</ele>
      </trkpt>
      <trkpt lat="37.73378" lon="-119.5175">
        <ele>1862.0</ele>
      </trkpt>
      <trkpt lat="37.73354" lon="-119.51818">
        <ele>1861.0</ele>
      </trkpt>
      <trkpt lat="37.73342" lon="-119.51903">
        <ele>1861.0</ele>
      </trkpt>
      <trkpt lat="37.73323" lon="-119.51942">
        <ele>1864.0</ele>
      </trkpt>
      <trkpt lat="37.73271" lon="-119.51957">
        <ele>1868.0</ele>
      </trkpt>
      <trkpt lat="37.73249" lon="-119.51994">
        <ele>1865.0</ele>
      </trkpt>
      <trkpt lat="37.73222" lon="-119.52027">
        <ele>1865.0</ele>
      </trkpt>
      <trkpt lat="37.73155" lon="-119.52127">
        <ele>1867.0</ele>
      </trkpt>
      <trkpt lat="37.73141" lon="-119.52169">
        <ele>1865.0</ele>
      </trkpt>
      <trkpt lat="37.73117" lon="-119.52205">
        <ele>1866.0</ele>
      </trkpt>
      <trkpt lat="37.73102" lon="-119.5222">
        <ele>1866.0</ele>
      </trkpt>
      <trkpt lat="37.73082" lon="-119.52282">
        <ele>1868.0</ele>
      </trkpt>
      <trkpt lat="37.73073" lon="-119.52293">
        <ele>1869.0</ele>
      </trkpt>
      <trkpt lat="37.73073" lon="-119.52293">
        <ele>1869.0</ele>
      </trkpt>
      <trkpt lat="37.73073" lon="-119.52293">
        <ele>1869.0</ele>
      </trkpt>
      <trkpt lat="37.73059" lon="-119.52325">
        <ele>1872.0</ele>
      </trkpt>
      <trkpt lat="37.73035" lon="-119.52419">
        <ele>1866.0</ele>
      </trkpt>
      <trkpt lat="37.73021" lon="-119.52441">
        <ele>1865.0</ele>
      </trkpt>
      <trkpt lat="37.73011" lon="-119.52462">
        <ele>1863.0</ele>
      </trkpt>
      <trkpt lat="37.7301" lon="-119.52476">
        <ele>1863.0</ele>
      </trkpt>
      <trkpt lat="37.7301" lon="-119.52476">
        <ele>1863.0</ele>
      </trkpt>
      <trkpt lat="37.7301" lon="-119.52476">
        <ele>1863.0</ele>
      </trkpt>
      <trkpt lat="37.73017" lon="-119.5252">
        <ele>1865.0</ele>
      </trkpt>
      <trkpt lat="37.7302" lon="-119.5257">
        <ele>1869.0</ele>
      </trkpt>
      <trkpt lat="37.73016" lon="-119.52592">
        <ele>1869.0</ele>
      </trkpt>
      <trkpt lat="37.73011" lon="-119.52607">
        <ele>1872.0</ele>
      </trkpt>
      <trkpt lat="37.72994" lon="-119.52626">
        <ele>1875.0</ele>
      </trkpt>
      <trkpt lat="37.72979" lon="-119.52666">
        <ele>1878.0</ele>
      </trkpt>
      <trkpt lat="37.72911" lon="-119.52756">
        <ele>1879.0</ele>
      </trkpt>
      <trkpt lat="37.72878" lon="-119.52787">
        <ele>1880.0</ele>
      </trkpt>
      <trkpt lat="37.72861" lon="-119.52806">
        <ele>1882.0</ele>
      </trkpt>
      <trkpt lat="37.72848" lon="-119.52812">
        <ele>1882.0</ele>
      </trkpt>
      <trkpt lat="37.72839" lon="-119.52841">
        <ele>1884.0</ele>
      </trkpt>
      <trkpt lat="37.72814" lon="-119.52866">
        <ele>1881.0</ele>
      </trkpt>
      <trkpt lat="37.72799" lon="-119.52875">
        <ele>1881.0</ele>
      </trkpt>
      <trkpt lat="37.72784" lon="-119.5288">
        <ele>1869.0</ele>
      </trkpt>
      <trkpt lat="37.72764" lon="-119.52875">
        <ele>1871.0</ele>
      </trkpt>
      <trkpt lat="37.7273" lon="-119.52892">
        <ele>1851.0</ele>
      </trkpt>
      <trkpt lat="37.72716" lon="-119.52905">
        <ele>1852.0</ele>
      </trkpt>
      <trkpt lat="37.72742" lon="-119.52908">
        <ele>1859.0</ele>
      </trkpt>
      <trkpt lat="37.72745" lon="-119.52914">
        <ele>1859.0</ele>
      </trkpt>
      <trkpt lat="37.72741" lon="-119.52921">
        <ele>1859.0</ele>
      </trkpt>
      <trkpt lat="37.72715" lon="-119.52939">
        <ele>1853.0</ele>
      </trkpt>
      <trkpt lat="37.72708" lon="-119.52953">
        <ele>1845.0</ele>
      </trkpt>
      <trkpt lat="37.72689" lon="-119.52958">
        <ele>1845.0</ele>
      </trkpt>
      <trkpt lat="37.72669" lon="-119.5298">
        <ele>1834.0</ele>
      </trkpt>
      <trkpt lat="37.7265" lon="-119.52994">
        <ele>1834.0</ele>
      </trkpt>
      <trkpt lat="37.72631" lon="-119.53002">
        <ele>1834.0</ele>
      </trkpt>
      <trkpt lat="37.72628" lon="-119.53009">
        <ele>1834.0</ele>
      </trkpt>
      <trkpt lat="37.72646" lon="-119.53015">
        <ele>1833.0</ele>
      </trkpt>
      <trkpt lat="37.72648" lon="-119.53033">
        <ele>1833.0</ele>
      </trkpt>
      <trkpt lat="37.72655" lon="-119.53043">
        <ele>1837.0</ele>
      </trkpt>
      <trkpt lat="37.72644" lon="-119.53043">
        <ele>1832.0</ele>
      </trkpt>
      <trkpt lat="37.72635" lon="-119.53036">
        <ele>1833.0</ele>
      </trkpt>
      <trkpt lat="37.72614" lon="-119.53036">
        <ele>1834.0</ele>
      </trkpt>
      <trkpt lat="37.72614" lon="-119.53036">
        <ele>1834.0</ele>
      </trkpt>
      <trkpt lat="37.72614" lon="-119.53045">
        <ele>1832.0</ele>
      </trkpt>
      <trkpt lat="37.72625" lon="-119.53051">
        <ele>1832.0</ele>
      </trkpt>
      <trkpt lat="37.72635" lon="-119.53068">
        <ele>1832.0</ele>
      </trkpt>
      <trkpt lat="37.72621" lon="-119.53072">
        <ele>1831.0</ele>
      </trkpt>
      <trkpt lat="37.72626" lon="-119.53081">
        <ele>1834.0</ele>
      </trkpt>
      <trkpt lat="37.72614" lon="-119.53084">
        <ele>1831.0</ele>
      </trkpt>
      <trkpt lat="37.72622" lon="-119.53105">
        <ele>1830.0</ele>
      </trkpt>
      <trkpt lat="37.72612" lon="-119.53109">
        <ele>1830.0</ele>
      </trkpt>
      <trkpt lat="37.72615" lon="-119.53116">
        <ele>1830.0</ele>
      </trkpt>
      <trkpt lat="37.72621" lon="-119.53121">
        <ele>1830.0</ele>
      </trkpt>
      <trkpt lat="37.7262" lon="-119.53125">
        <ele>1830.0</ele>
      </trkpt>
      <trkpt lat="37.7262" lon="-119.53125">
        <ele>1830.0</ele>
      </trkpt>
      <trkpt lat="37.72609" lon="-119.53152">
        <ele>1833.0</ele>
      </trkpt>
      <trkpt lat="37.72612" lon="-119.53173">
        <ele>1840.0</ele>
      </trkpt>
      <trkpt lat="37.7262" lon="-119.53194">
        <ele>1841.0</ele>
      </trkpt>
      <trkpt lat="37.72636" lon="-119.53211">
        <ele>1853.0</ele>
      </trkpt>
      <trkpt lat="37.72633" lon="-119.53234">
        <ele>1853.0</ele>
      </trkpt>
      <trkpt lat="37.72644" lon="-119.53242">
        <ele>1840.0</ele>
      </trkpt>
      <trkpt lat="37.72634" lon="-119.5325">
        <ele>1840.0</ele>
      </trkpt>
      <trkpt lat="37.72649" lon="-119.53264">
        <ele>1820.0</ele>
      </trkpt>
      <trkpt lat="37.72638" lon="-119.53272">
        <ele>1820.0</ele>
      </trkpt>
      <trkpt lat="37.72643" lon="-119.53278">
        <ele>1820.0</ele>
      </trkpt>
      <trkpt lat="37.72639" lon="-119.53293">
        <ele>1791.0</ele>
      </trkpt>
      <trkpt lat="37.72645" lon="-119.533">
        <ele>1791.0</ele>
      </trkpt>
      <trkpt lat="37.72635" lon="-119.53305">
        <ele>1791.0</ele>
      </trkpt>
      <trkpt lat="37.72645" lon="-119.53313">
        <ele>1791.0</ele>
      </trkpt>
      <trkpt lat="37.72635" lon="-119.53318">
        <ele>1791.0</ele>
      </trkpt>
      <trkpt lat="37.72643" lon="-119.53327">
        <ele>1760.0</ele>
      </trkpt>
      <trkpt lat="37.72637" lon="-119.53333">
        <ele>1760.0</ele>
      </trkpt>
      <trkpt lat="37.72627" lon="-119.53336">
        <ele>1760.0</ele>
      </trkpt>
      <trkpt lat="37.72634" lon="-119.53347">
        <ele>1760.0</ele>
      </trkpt>
      <trkpt lat="37.7262" lon="-119.53353">
        <ele>1729.0</ele>
      </trkpt>
      <trkpt lat="37.72625" lon="-119.53364">
        <ele>1729.0</ele>
      </trkpt>
      <trkpt lat="37.72616" lon="-119.53363">
        <ele>1729.0</ele>
      </trkpt>
      <trkpt lat="37.72626" lon="-119.53375">
        <ele>1723.0</ele>
      </trkpt>
      <trkpt lat="37.72614" lon="-119.53384">
        <ele>1706.0</ele>
      </trkpt>
      <trkpt lat="37.72624" lon="-119.53396">
        <ele>1706.0</ele>
      </trkpt>
      <trkpt lat="37.72634" lon="-119.53392">
        <ele>1703.0</ele>
      </trkpt>
      <trkpt lat="37.72637" lon="-119.53397">
        <ele>1703.0</ele>
      </trkpt>
      <trkpt lat="37.72649" lon="-119.53404">
        <ele>1690.0</ele>
      </trkpt>
      <trkpt lat="37.72653" lon="-119.53418">
        <ele>1695.0</ele>
      </trkpt>
      <trkpt lat="37.72656" lon="-119.53441">
        <ele>1684.0</ele>
      </trkpt>
      <trkpt lat="37.72673" lon="-119.53468">
        <ele>1675.0</ele>
      </trkpt>
      <trkpt lat="37.72675" lon="-119.53485">
        <ele>1675.0</ele>
      </trkpt>
      <trkpt lat="37.72654" lon="-119.53502">
        <ele>1669.0</ele>
      </trkpt>
      <trkpt lat="37.72642" lon="-119.535">
        <ele>1664.0</ele>
      </trkpt>
      <trkpt lat="37.72632" lon="-119.53495">
        <ele>1664.0</ele>
      </trkpt>
      <trkpt lat="37.72621" lon="-119.53498">
        <ele>1663.0</ele>
      </trkpt>
      <trkpt lat="37.7263" lon="-119.53513">
        <ele>1664.0</ele>
      </trkpt>
      <trkpt lat="37.72619" lon="-119.53517">
        <ele>1651.0</ele>
      </trkpt>
      <trkpt lat="37.72626" lon="-119.53532">
        <ele>1657.0</ele>
      </trkpt>
      <trkpt lat="37.72598" lon="-119.53531">
        <ele>1651.0</ele>
      </trkpt>
      <trkpt lat="37.72596" lon="-119.5356">
        <ele>1632.0</ele>
      </trkpt>
      <trkpt lat="37.72599" lon="-119.53573">
        <ele>1633.0</ele>
      </trkpt>
      <trkpt lat="37.72605" lon="-119.53575">
        <ele>1633.0</ele>
      </trkpt>
      <trkpt lat="37.7263" lon="-119.53574">
        <ele>1642.0</ele>
      </trkpt>
      <trkpt lat="37.7264" lon="-119.53582">
        <ele>1642.0</ele>
      </trkpt>
      <trkpt lat="37.72647" lon="-119.53597">
        <ele>1642.0</ele>
      </trkpt>
      <trkpt lat="37.72648" lon="-119.53612">
        <ele>1635.0</ele>
      </trkpt>
      <trkpt lat="37.72667" lon="-119.53625">
        <ele>1645.0</ele>
      </trkpt>
      <trkpt lat="37.72667" lon="-119.53639">
        <ele>1643.0</ele>
      </trkpt>
      <trkpt lat="37.72663" lon="-119.53658">
        <ele>1642.0</ele>
      </trkpt>
      <trkpt lat="37.72665" lon="-119.5368">
        <ele>1642.0</ele>
      </trkpt>
      <trkpt lat="37.72659" lon="-119.5371">
        <ele>1632.0</ele>
      </trkpt>
      <trkpt lat="37.72648" lon="-119.53734">
        <ele>1627.0</ele>
      </trkpt>
      <trkpt lat="37.72652" lon="-119.53752">
        <ele>1625.0</ele>
      </trkpt>
      <trkpt lat="37.72664" lon="-119.53772">
        <ele>1623.0</ele>
      </trkpt>
      <trkpt lat="37.72726" lon="-119.53787">
        <ele>1624.0</ele>
      </trkpt>
      <trkpt lat="37.72744" lon="-119.53794">
        <ele>1623.0</ele>
      </trkpt>
      <trkpt lat="37.72767" lon="-119.53795">
        <ele>1624.0</ele>
      </trkpt>
      <trkpt lat="37.72772" lon="-119.53799">
        <ele>1624.0</ele>
      </trkpt>
      <trkpt lat="37.72776" lon="-119.53813">
        <ele>1624.0</ele>
      </trkpt>
      <trkpt lat="37.72773" lon="-119.53824">
        <ele>1624.0</ele>
      </trkpt>
      <trkpt lat="37.72764" lon="-119.53837">
        <ele>1624.0</ele>
      </trkpt>
      <trkpt lat="37.72748" lon="-119.53842">
        <ele>1621.0</ele>
      </trkpt>
      <trkpt lat="37.72733" lon="-119.53856">
        <ele>1611.0</ele>
      </trkpt>
      <trkpt lat="37.72701" lon="-119.53898">
        <ele>1609.0</ele>
      </trkpt>
      <trkpt lat="37.7268" lon="-119.53919">
        <ele>1607.0</ele>
      </trkpt>
      <trkpt lat="37.72662" lon="-119.53939">
        <ele>1601.0</ele>
      </trkpt>
      <trkpt lat="37.72656" lon="-119.53953">
        <ele>1601.0</ele>
      </trkpt>
      <trkpt lat="37.72661" lon="-119.54">
        <ele>1589.0</ele>
      </trkpt>
      <trkpt lat="37.72652" lon="-119.54025">
        <ele>1592.0</ele>
      </trkpt>
      <trkpt lat="37.72652" lon="-119.54025">
        <ele>1592.0</ele>
      </trkpt>
      <trkpt lat="37.72635" lon="-119.54042">
        <ele>1586.0</ele>
      </trkpt>
      <trkpt lat="37.72635" lon="-119.54042">
        <ele>1586.0</ele>
      </trkpt>
      <trkpt lat="37.72629" lon="-119.54056">
        <ele>1586.0</ele>
      </trkpt>
      <trkpt lat="37.7263" lon="-119.5407">
        <ele>1580.0</ele>
      </trkpt>
      <trkpt lat="37.72625" lon="-119.54082">
        <ele>1586.0</ele>
      </trkpt>
      <trkpt lat="37.72616" lon="-119.54094">
        <ele>1586.0</ele>
      </trkpt>
      <trkpt lat="37.72621" lon="-119.54108">
        <ele>1587.0</ele>
      </trkpt>
      <trkpt lat="37.7262" lon="-119.54124">
        <ele>1587.0</ele>
      </trkpt>
      <trkpt lat="37.72626" lon="-119.54148">
        <ele>1576.0</ele>
      </trkpt>
      <trkpt lat="37.72626" lon="-119.54148">
        <ele>1576.0</ele>
      </trkpt>
      <trkpt lat="37.72627" lon="-119.54152">
        <ele>1576.0</ele>
      </trkpt>
      <trkpt lat="37.72644" lon="-119.54183">
        <ele>1583.0</ele>
      </trkpt>
      <trkpt lat="37.72648" lon="-119.54182">
        <ele>1583.0</ele>
      </trkpt>
      <trkpt lat="37.72653" lon="-119.54167">
        <ele>1567.0</ele>
      </trkpt>
      <trkpt lat="37.72661" lon="-119.54163">
        <ele>1567.0</ele>
      </trkpt>
      <trkpt lat="37.72672" lon="-119.54164">
        <ele>1567.0</ele>
      </trkpt>
      <trkpt lat="37.72687" lon="-119.54173">
        <ele>1561.0</ele>
      </trkpt>
      <trkpt lat="37.72698" lon="-119.54184">
        <ele>1558.0</ele>
      </trkpt>
      <trkpt lat="37.72714" lon="-119.54212">
        <ele>1551.0</ele>
      </trkpt>
      <trkpt lat="37.72714" lon="-119.54212">
        <ele>1551.0</ele>
      </trkpt>
      <trkpt lat="37.72714" lon="-119.54212">
        <ele>1551.0</ele>
      </trkpt>
      <trkpt lat="37.72725" lon="-119.54275">
        <ele>1552.0</ele>
      </trkpt>
      <trkpt lat="37.72729" lon="-119.54334">
        <ele>1545.0</ele>
      </trkpt>
      <trkpt lat="37.72725" lon="-119.54337">
        <ele>1545.0</ele>
      </trkpt>
      <trkpt lat="37.72706" lon="-119.54319">
        <ele>1562.0</ele>
      </trkpt>
      <trkpt lat="37.72692" lon="-119.54315">
        <ele>1562.0</ele>
      </trkpt>
      <trkpt lat="37.72677" lon="-119.54291">
        <ele>1577.0</ele>
      </trkpt>
      <trkpt lat="37.72661" lon="-119.54304">
        <ele>1577.0</ele>
      </trkpt>
      <trkpt lat="37.7266" lon="-119.54334">
        <ele>1575.0</ele>
      </trkpt>
      <trkpt lat="37.72663" lon="-119.54342">
        <ele>1575.0</ele>
      </trkpt>
      <trkpt lat="37.72648" lon="-119.54364">
        <ele>1580.0</ele>
      </trkpt>
      <trkpt lat="37.72655" lon="-119.54375">
        <ele>1573.0</ele>
      </trkpt>
      <trkpt lat="37.72651" lon="-119.54402">
        <ele>1580.0</ele>
      </trkpt>
      <trkpt lat="37.72671" lon="-119.54458">
        <ele>1561.0</ele>
      </trkpt>
      <trkpt lat="37.72672" lon="-119.54475">
        <ele>1554.0</ele>
      </trkpt>
      <trkpt lat="37.7268" lon="-119.54489">
        <ele>1545.0</ele>
      </trkpt>
      <trkpt lat="37.72682" lon="-119.54532">
        <ele>1511.0</ele>
      </trkpt>
      <trkpt lat="37.72686" lon="-119.5454">
        <ele>1511.0</ele>
      </trkpt>
      <trkpt lat="37.72678" lon="-119.54547">
        <ele>1522.0</ele>
      </trkpt>
      <trkpt lat="37.72675" lon="-119.54559">
        <ele>1522.0</ele>
      </trkpt>
      <trkpt lat="37.72677" lon="-119.54565">
        <ele>1522.0</ele>
      </trkpt>
      <trkpt lat="37.72665" lon="-119.54581">
        <ele>1507.0</ele>
      </trkpt>
      <trkpt lat="37.7265" lon="-119.54639">
        <ele>1489.0</ele>
      </trkpt>
      <trkpt lat="37.72624" lon="-119.54673">
        <ele>1502.0</ele>
      </trkpt>
      <trkpt lat="37.72621" lon="-119.54748">
        <ele>1466.0</ele>
      </trkpt>
      <trkpt lat="37.7263" lon="-119.54764">
        <ele>1430.0</ele>
      </trkpt>
      <trkpt lat="37.7263" lon="-119.54794">
        <ele>1427.0</ele>
      </trkpt>
      <trkpt lat="37.72625" lon="-119.5482">
        <ele>1442.0</ele>
      </trkpt>
      <trkpt lat="37.72622" lon="-119.54852">
        <ele>1439.0</ele>
      </trkpt>
      <trkpt lat="37.72623" lon="-119.54879">
        <ele>1432.0</ele>
      </trkpt>
      <trkpt lat="37.72623" lon="-119.54879">
        <ele>1432.0</ele>
      </trkpt>
      <trkpt lat="37.72619" lon="-119.54926">
        <ele>1420.0</ele>
      </trkpt>
      <trkpt lat="37.72603" lon="-119.54981">
        <ele>1398.0</ele>
      </trkpt>
      <trkpt lat="37.72601" lon="-119.54998">
        <ele>1391.0</ele>
      </trkpt>
      <trkpt lat="37.72606" lon="-119.5506">
        <ele>1381.0</ele>
      </trkpt>
      <trkpt lat="37.72602" lon="-119.55101">
        <ele>1370.0</ele>
      </trkpt>
      <trkpt lat="37.72594" lon="-119.55117">
        <ele>1373.0</ele>
      </trkpt>
      <trkpt lat="37.72573" lon="-119.55134">
        <ele>1367.0</ele>
      </trkpt>
      <trkpt lat="37.72573" lon="-119.55134">
        <ele>1367.0</ele>
      </trkpt>
      <trkpt lat="37.72573" lon="-119.55134">
        <ele>1367.0</ele>
      </trkpt>
      <trkpt lat="37.72589" lon="-119.55151">
        <ele>1367.0</ele>
      </trkpt>
      <trkpt lat="37.72589" lon="-119.55151">
        <ele>1367.0</ele>
      </trkpt>
      <trkpt lat="37.72615" lon="-119.55164">
        <ele>1364.0</ele>
      </trkpt>
      <trkpt lat="37.72615" lon="-119.55164">
        <ele>1364.0</ele>
      </trkpt>
      <trkpt lat="37.72626" lon="-119.55173">
        <ele>1371.0</ele>
      </trkpt>
      <trkpt lat="37.72631" lon="-119.55196">
        <ele>1372.0</ele>
      </trkpt>
      <trkpt lat="37.72632" lon="-119.55212">
        <ele>1375.0</ele>
      </trkpt>
      <trkpt lat="37.72625" lon="-119.55278">
        <ele>1360.0</ele>
      </trkpt>
      <trkpt lat="37.72622" lon="-119.55292">
        <ele>1357.0</ele>
      </trkpt>
      <trkpt lat="37.72621" lon="-119.55322">
        <ele>1350.0</ele>
      </trkpt>
      <trkpt lat="37.72621" lon="-119.55322">
        <ele>1350.0</ele>
      </trkpt>
      <trkpt lat="37.72624" lon="-119.55354">
        <ele>1343.0</ele>
      </trkpt>
      <trkpt lat="37.72639" lon="-119.55396">
        <ele>1348.0</ele>
      </trkpt>
      <trkpt lat="37.72645" lon="-119.55426">
        <ele>1340.0</ele>
      </trkpt>
      <trkpt lat="37.7263" lon="-119.55485">
        <ele>1333.0</ele>
      </trkpt>
      <trkpt lat="37.72621" lon="-119.55495">
        <ele>1318.0</ele>
      </trkpt>
      <trkpt lat="37.72607" lon="-119.55521">
        <ele>1317.0</ele>
      </trkpt>
      <trkpt lat="37.72601" lon="-119.55554">
        <ele>1316.0</ele>
      </trkpt>
      <trkpt lat="37.72606" lon="-119.55582">
        <ele>1313.0</ele>
      </trkpt>
      <trkpt lat="37.726192" lon="-119.5561">
        <ele>1309.0</ele>
      </trkpt>
      <trkpt lat="37.726204" lon="-119.55613">
        <ele>1309.0</ele>
      </trkpt>
      <trkpt lat="37.72623" lon="-119.55618">
        <ele>1309.0</ele>
      </trkpt>
      <trkpt lat="37.72624" lon="-119.5564">
        <ele>1302.0</ele>
      </trkpt>
      <trkpt lat="37.72619" lon="-119.55667">
        <ele>1298.0</ele>
      </trkpt>
      <trkpt lat="37.72624" lon="-119.55695">
        <ele>1295.0</ele>
      </trkpt>
      <trkpt lat="37.72631" lon="-119.55714">
        <ele>1304.0</ele>
      </trkpt>
      <trkpt lat="37.72646" lon="-119.55745">
        <ele>1301.0</ele>
      </trkpt>
      <trkpt lat="37.72652" lon="-119.55764">
        <ele>1298.0</ele>
      </trkpt>
      <trkpt lat="37.72655" lon="-119.55808">
        <ele>1303.0</ele>
      </trkpt>
      <trkpt lat="37.72658" lon="-119.55817">
        <ele>1303.0</ele>
      </trkpt>
      <trkpt lat="37.72671" lon="-119.5583">
        <ele>1293.0</ele>
      </trkpt>
      <trkpt lat="37.72676" lon="-119.55852">
        <ele>1289.0</ele>
      </trkpt>
      <trkpt lat="37.72684" lon="-119.55852">
        <ele>1288.0</ele>
      </trkpt>
      <trkpt lat="37.72697" lon="-119.55847">
        <ele>1302.0</ele>
      </trkpt>
      <trkpt lat="37.72709" lon="-119.55848">
        <ele>1287.0</ele>
      </trkpt>
      <trkpt lat="37.72795" lon="-119.55835">
        <ele>1291.0</ele>
      </trkpt>
      <trkpt lat="37.72898" lon="-119.558">
        <ele>1276.0</ele>
      </trkpt>
      <trkpt lat="37.72939" lon="-119.55791">
        <ele>1275.0</ele>
      </trkpt>
      <trkpt lat="37.72977" lon="-119.55787">
        <ele>1273.0</ele>
      </trkpt>
      <trkpt lat="37.73006" lon="-119.5579">
        <ele>1271.0</ele>
      </trkpt>
      <trkpt lat="37.73067" lon="-119.55806">
        <ele>1251.0</ele>
      </trkpt>
      <trkpt lat="37.73094" lon="-119.55829">
        <ele>1243.0</ele>
      </trkpt>
      <trkpt lat="37.73117" lon="-119.55838">
        <ele>1246.0</ele>
      </trkpt>
      <trkpt lat="37.73166" lon="-119.55828">
        <ele>1247.0</ele>
      </trkpt>
      <trkpt lat="37.73207" lon="-119.55805">
        <ele>1250.0</ele>
      </trkpt>
      <trkpt lat="37.73207" lon="-119.55805">
        <ele>1250.0</ele>
      </trkpt>
      <trkpt lat="37.73218" lon="-119.55798">
        <ele>1246.0</ele>
      </trkpt>
      <trkpt lat="37.7324" lon="-119.5579">
        <ele>1243.0</ele>
      </trkpt>
      <trkpt lat="37.73278" lon="-119.55782">
        <ele>1236.0</ele>
      </trkpt>
      <trkpt lat="37.73278" lon="-119.55782">
        <ele>1236.0</ele>
      </trkpt>
      <trkpt lat="37.73324" lon="-119.55759">
        <ele>1244.0</ele>
      </trkpt>
      <trkpt lat="37.73429" lon="-119.55713">
        <ele>1247.0</ele>
      </trkpt>
      <trkpt lat="37.73474" lon="-119.557">
        <ele>1250.0</ele>
      </trkpt>
      <trkpt lat="37.73504" lon="-119.55696">
        <ele>1243.0</ele>
      </trkpt>
      <trkpt lat="37.73548" lon="-119.55705">
        <ele>1238.0</ele>
      </trkpt>
      <trkpt lat="37.73597" lon="-119.55736">
        <ele>1238.0</ele>
      </trkpt>
      <trkpt lat="37.73597" lon="-119.55736">
        <ele>1238.0</ele>
      </trkpt>
      <trkpt lat="37.73649" lon="-119.55768">
        <ele>1240.0</ele>
      </trkpt>
      <trkpt lat="37.736668" lon="-119.557755">
        <ele>1245.0</ele>
      </trkpt>
      <trkpt lat="37.736668" lon="-119.557755">
        <ele>1245.0</ele>
      </trkpt>
      <trkpt lat="37.73673" lon="-119.55778">
        <ele>1245.0</ele>
      </trkpt>
      <trkpt lat="37.73774" lon="-119.55811">
        <ele>1237.0</ele>
      </trkpt>
      <trkpt lat="37.73774" lon="-119.55811">
        <ele>1237.0</ele>
      </trkpt>
      <trkpt lat="37.73774" lon="-119.55811">
        <ele>1237.0</ele>
      </trkpt>
      <trkpt lat="37.73778" lon="-119.55829">
        <ele>1227.0</ele>
      </trkpt>
      <trkpt lat="37.73779" lon="-119.55865">
        <ele>1223.0</ele>
      </trkpt>
      <trkpt lat="37.73779" lon="-119.55865">
        <ele>1223.0</ele>
      </trkpt>
      <trkpt lat="37.73801" lon="-119.56004">
        <ele>1224.0</ele>
      </trkpt>
      <trkpt lat="37.73824" lon="-119.56102">
        <ele>1229.0</ele>
      </trkpt>
      <trkpt lat="37.73837" lon="-119.56151">
        <ele>1230.0</ele>
      </trkpt>
      <trkpt lat="37.73885" lon="-119.56286">
        <ele>1229.0</ele>
      </trkpt>
      <trkpt lat="37.73929" lon="-119.56369">
        <ele>1210.0</ele>
      </trkpt>
      <trkpt lat="37.73964" lon="-119.56409">
        <ele>1219.0</ele>
      </trkpt>
      <trkpt lat="37.7397" lon="-119.5641">
        <ele>1219.0</ele>
      </trkpt>
      <trkpt lat="37.7398" lon="-119.56405">
        <ele>1219.0</ele>
      </trkpt>
      <trkpt lat="37.73979" lon="-119.56405">
        <ele>1219.0</ele>
      </trkpt>
      <trkpt lat="37.7399" lon="-119.56405">
        <ele>1219.0</ele>
      </trkpt>
      <trkpt lat="37.7399" lon="-119.56405">
        <ele>1219.0</ele>
      </trkpt>
      <trkpt lat="37.7399" lon="-119.564064">
        <ele>1219.0</ele>
      </trkpt>
    </trkseg>
  </trk>
</gpx>
