<?xml version="1.0" encoding="UTF-8"?>
<gpx xmlns:xsi="http://www.w3.org/2001/XMLSchema-instance" version="1.1" creator="The Outbound Collective, Inc. 1.1.1 -- https://www.theoutbound.com" xsi:schemaLocation="http://www.topografix.com/GPX/1/1 http://www.topografix.com/GPX/1/1/gpx.xsd">
  <metadata>
    <name/>
    <time>2026-02-19T21:54:12+00:00</time>
    <bound minlat="38.12013482051398" minlon="-119.46533" maxlat="38.14986" maxlon="-119.377920328062"/>
  </metadata>
  <trk>
    <name/>
    <trkseg>
      <trkpt lat="38.14658945994502" lon="-119.3779349327088">
        <ele>2165.0</ele>
      </trkpt>
      <trkpt lat="38.14656416855278" lon="-119.377920328062">
        <ele>2165.0</ele>
      </trkpt>
      <trkpt lat="38.14655" lon="-119.37796">
        <ele>2165.0</ele>
      </trkpt>
      <trkpt lat="38.14649" lon="-119.37862">
        <ele>2170.0</ele>
      </trkpt>
      <trkpt lat="38.14649005107297" lon="-119.3786202252172">
        <ele>2170.0</ele>
      </trkpt>
      <trkpt lat="38.14619" lon="-119.37873">
        <ele>2170.0</ele>
      </trkpt>
      <trkpt lat="38.14619" lon="-119.37873">
        <ele>2170.0</ele>
      </trkpt>
      <trkpt lat="38.14595" lon="-119.37847">
        <ele>2165.0</ele>
      </trkpt>
      <trkpt lat="38.14579" lon="-119.37851">
        <ele>2166.0</ele>
      </trkpt>
      <trkpt lat="38.14563" lon="-119.37865">
        <ele>2162.0</ele>
      </trkpt>
      <trkpt lat="38.14563" lon="-119.37865">
        <ele>2162.0</ele>
      </trkpt>
      <trkpt lat="38.14546" lon="-119.37875">
        <ele>2162.0</ele>
      </trkpt>
      <trkpt lat="38.14546" lon="-119.37875">
        <ele>2162.0</ele>
      </trkpt>
      <trkpt lat="38.14539" lon="-119.37902">
        <ele>2161.0</ele>
      </trkpt>
      <trkpt lat="38.14519" lon="-119.37924">
        <ele>2162.0</ele>
      </trkpt>
      <trkpt lat="38.14499" lon="-119.37927">
        <ele>2160.0</ele>
      </trkpt>
      <trkpt lat="38.14491" lon="-119.37922">
        <ele>2160.0</ele>
      </trkpt>
      <trkpt lat="38.14491" lon="-119.37922">
        <ele>2160.0</ele>
      </trkpt>
      <trkpt lat="38.14481" lon="-119.37986">
        <ele>2175.0</ele>
      </trkpt>
      <trkpt lat="38.14481" lon="-119.37986">
        <ele>2175.0</ele>
      </trkpt>
      <trkpt lat="38.14481" lon="-119.37986">
        <ele>2175.0</ele>
      </trkpt>
      <trkpt lat="38.14490976259115" lon="-119.3808304179321">
        <ele>2169.0</ele>
      </trkpt>
      <trkpt lat="38.14490976259815" lon="-119.3808304179321">
        <ele>2169.0</ele>
      </trkpt>
      <trkpt lat="38.14492" lon="-119.38093">
        <ele>2169.0</ele>
      </trkpt>
      <trkpt lat="38.14482" lon="-119.38116">
        <ele>2177.0</ele>
      </trkpt>
      <trkpt lat="38.14463" lon="-119.3815">
        <ele>2179.0</ele>
      </trkpt>
      <trkpt lat="38.14457" lon="-119.3818">
        <ele>2177.0</ele>
      </trkpt>
      <trkpt lat="38.14459" lon="-119.38238">
        <ele>2179.0</ele>
      </trkpt>
      <trkpt lat="38.14459" lon="-119.38238">
        <ele>2179.0</ele>
      </trkpt>
      <trkpt lat="38.14459" lon="-119.38238">
        <ele>2179.0</ele>
      </trkpt>
      <trkpt lat="38.14434364420546" lon="-119.382220895216">
        <ele>2179.0</ele>
      </trkpt>
      <trkpt lat="38.14434" lon="-119.38223">
        <ele>2179.0</ele>
      </trkpt>
      <trkpt lat="38.14417" lon="-119.38261">
        <ele>2181.0</ele>
      </trkpt>
      <trkpt lat="38.14417" lon="-119.3828">
        <ele>2183.0</ele>
      </trkpt>
      <trkpt lat="38.14422" lon="-119.38299">
        <ele>2182.0</ele>
      </trkpt>
      <trkpt lat="38.14413" lon="-119.38346">
        <ele>2183.0</ele>
      </trkpt>
      <trkpt lat="38.14416" lon="-119.38367">
        <ele>2182.0</ele>
      </trkpt>
      <trkpt lat="38.14426" lon="-119.38384">
        <ele>2181.0</ele>
      </trkpt>
      <trkpt lat="38.14458" lon="-119.38413">
        <ele>2177.0</ele>
      </trkpt>
      <trkpt lat="38.14459" lon="-119.38429">
        <ele>2177.0</ele>
      </trkpt>
      <trkpt lat="38.14448" lon="-119.38457">
        <ele>2178.0</ele>
      </trkpt>
      <trkpt lat="38.14444" lon="-119.38486">
        <ele>2179.0</ele>
      </trkpt>
      <trkpt lat="38.14445" lon="-119.3852">
        <ele>2179.0</ele>
      </trkpt>
      <trkpt lat="38.14437" lon="-119.38541">
        <ele>2179.0</ele>
      </trkpt>
      <trkpt lat="38.14432" lon="-119.38578">
        <ele>2175.0</ele>
      </trkpt>
      <trkpt lat="38.14428" lon="-119.38651">
        <ele>2179.0</ele>
      </trkpt>
      <trkpt lat="38.14435" lon="-119.38688">
        <ele>2183.0</ele>
      </trkpt>
      <trkpt lat="38.14459" lon="-119.38685">
        <ele>2177.0</ele>
      </trkpt>
      <trkpt lat="38.14494" lon="-119.3878">
        <ele>2175.0</ele>
      </trkpt>
      <trkpt lat="38.14518" lon="-119.38804">
        <ele>2174.0</ele>
      </trkpt>
      <trkpt lat="38.14543" lon="-119.38794">
        <ele>2177.0</ele>
      </trkpt>
      <trkpt lat="38.14589394817046" lon="-119.3874851488525">
        <ele>2186.0</ele>
      </trkpt>
      <trkpt lat="38.1458939483169" lon="-119.3874851488525">
        <ele>2186.0</ele>
      </trkpt>
      <trkpt lat="38.14594" lon="-119.38744">
        <ele>2186.0</ele>
      </trkpt>
      <trkpt lat="38.14652" lon="-119.38702">
        <ele>2187.0</ele>
      </trkpt>
      <trkpt lat="38.14652266526419" lon="-119.3870191045662">
        <ele>2187.0</ele>
      </trkpt>
      <trkpt lat="38.14654" lon="-119.3871">
        <ele>2192.0</ele>
      </trkpt>
      <trkpt lat="38.14673" lon="-119.38732">
        <ele>2192.0</ele>
      </trkpt>
      <trkpt lat="38.14677" lon="-119.38751">
        <ele>2190.0</ele>
      </trkpt>
      <trkpt lat="38.14679" lon="-119.38859">
        <ele>2197.0</ele>
      </trkpt>
      <trkpt lat="38.14687" lon="-119.38956">
        <ele>2200.0</ele>
      </trkpt>
      <trkpt lat="38.14682" lon="-119.38967">
        <ele>2197.0</ele>
      </trkpt>
      <trkpt lat="38.14681" lon="-119.3899">
        <ele>2197.0</ele>
      </trkpt>
      <trkpt lat="38.14684" lon="-119.39009">
        <ele>2197.0</ele>
      </trkpt>
      <trkpt lat="38.14694" lon="-119.39015">
        <ele>2197.0</ele>
      </trkpt>
      <trkpt lat="38.14697" lon="-119.39069">
        <ele>2196.0</ele>
      </trkpt>
      <trkpt lat="38.14715" lon="-119.39131">
        <ele>2198.0</ele>
      </trkpt>
      <trkpt lat="38.14722" lon="-119.39139">
        <ele>2198.0</ele>
      </trkpt>
      <trkpt lat="38.14751" lon="-119.39164">
        <ele>2205.0</ele>
      </trkpt>
      <trkpt lat="38.14765" lon="-119.39182">
        <ele>2211.0</ele>
      </trkpt>
      <trkpt lat="38.1478" lon="-119.39193">
        <ele>2211.0</ele>
      </trkpt>
      <trkpt lat="38.14793" lon="-119.39215">
        <ele>2218.0</ele>
      </trkpt>
      <trkpt lat="38.1481" lon="-119.39228">
        <ele>2218.0</ele>
      </trkpt>
      <trkpt lat="38.1484" lon="-119.39234">
        <ele>2222.0</ele>
      </trkpt>
      <trkpt lat="38.14872" lon="-119.39228">
        <ele>2226.0</ele>
      </trkpt>
      <trkpt lat="38.14882" lon="-119.39263">
        <ele>2229.0</ele>
      </trkpt>
      <trkpt lat="38.149" lon="-119.39302">
        <ele>2223.0</ele>
      </trkpt>
      <trkpt lat="38.14901" lon="-119.39332">
        <ele>2222.0</ele>
      </trkpt>
      <trkpt lat="38.14882" lon="-119.39414">
        <ele>2219.0</ele>
      </trkpt>
      <trkpt lat="38.14888" lon="-119.3944">
        <ele>2218.0</ele>
      </trkpt>
      <trkpt lat="38.14895" lon="-119.39462">
        <ele>2220.0</ele>
      </trkpt>
      <trkpt lat="38.14906" lon="-119.39474">
        <ele>2225.0</ele>
      </trkpt>
      <trkpt lat="38.1492" lon="-119.39496">
        <ele>2224.0</ele>
      </trkpt>
      <trkpt lat="38.14944" lon="-119.39542">
        <ele>2231.0</ele>
      </trkpt>
      <trkpt lat="38.14962" lon="-119.39597">
        <ele>2246.0</ele>
      </trkpt>
      <trkpt lat="38.14969" lon="-119.39648">
        <ele>2250.0</ele>
      </trkpt>
      <trkpt lat="38.14983" lon="-119.39666">
        <ele>2253.0</ele>
      </trkpt>
      <trkpt lat="38.14986" lon="-119.39679">
        <ele>2253.0</ele>
      </trkpt>
      <trkpt lat="38.1497" lon="-119.39682">
        <ele>2252.0</ele>
      </trkpt>
      <trkpt lat="38.14964" lon="-119.39697">
        <ele>2252.0</ele>
      </trkpt>
      <trkpt lat="38.14963" lon="-119.39733">
        <ele>2252.0</ele>
      </trkpt>
      <trkpt lat="38.14949" lon="-119.39749">
        <ele>2250.0</ele>
      </trkpt>
      <trkpt lat="38.1495" lon="-119.39766">
        <ele>2253.0</ele>
      </trkpt>
      <trkpt lat="38.14948" lon="-119.39784">
        <ele>2253.0</ele>
      </trkpt>
      <trkpt lat="38.14938" lon="-119.39801">
        <ele>2253.0</ele>
      </trkpt>
      <trkpt lat="38.14934" lon="-119.39824">
        <ele>2255.0</ele>
      </trkpt>
      <trkpt lat="38.14937" lon="-119.39873">
        <ele>2255.0</ele>
      </trkpt>
      <trkpt lat="38.14924" lon="-119.39941">
        <ele>2254.0</ele>
      </trkpt>
      <trkpt lat="38.14924" lon="-119.39941">
        <ele>2254.0</ele>
      </trkpt>
      <trkpt lat="38.14918" lon="-119.39971">
        <ele>2255.0</ele>
      </trkpt>
      <trkpt lat="38.14918" lon="-119.39991">
        <ele>2254.0</ele>
      </trkpt>
      <trkpt lat="38.14901" lon="-119.4006">
        <ele>2260.0</ele>
      </trkpt>
      <trkpt lat="38.14904" lon="-119.40071">
        <ele>2260.0</ele>
      </trkpt>
      <trkpt lat="38.14906" lon="-119.40108">
        <ele>2264.0</ele>
      </trkpt>
      <trkpt lat="38.14893" lon="-119.40133">
        <ele>2271.0</ele>
      </trkpt>
      <trkpt lat="38.14888" lon="-119.4015">
        <ele>2271.0</ele>
      </trkpt>
      <trkpt lat="38.14887" lon="-119.40173">
        <ele>2271.0</ele>
      </trkpt>
      <trkpt lat="38.14876" lon="-119.40189">
        <ele>2275.0</ele>
      </trkpt>
      <trkpt lat="38.14879" lon="-119.40217">
        <ele>2276.0</ele>
      </trkpt>
      <trkpt lat="38.14861" lon="-119.40264">
        <ele>2278.0</ele>
      </trkpt>
      <trkpt lat="38.14852" lon="-119.40313">
        <ele>2280.0</ele>
      </trkpt>
      <trkpt lat="38.14845" lon="-119.40336">
        <ele>2284.0</ele>
      </trkpt>
      <trkpt lat="38.14834" lon="-119.40356">
        <ele>2285.0</ele>
      </trkpt>
      <trkpt lat="38.1483" lon="-119.40418">
        <ele>2290.0</ele>
      </trkpt>
      <trkpt lat="38.14812" lon="-119.40507">
        <ele>2294.0</ele>
      </trkpt>
      <trkpt lat="38.14812" lon="-119.40554">
        <ele>2293.0</ele>
      </trkpt>
      <trkpt lat="38.14809" lon="-119.40584">
        <ele>2291.0</ele>
      </trkpt>
      <trkpt lat="38.14805" lon="-119.40665">
        <ele>2296.0</ele>
      </trkpt>
      <trkpt lat="38.14788" lon="-119.40739">
        <ele>2292.0</ele>
      </trkpt>
      <trkpt lat="38.14774" lon="-119.40788">
        <ele>2291.0</ele>
      </trkpt>
      <trkpt lat="38.14771" lon="-119.40837">
        <ele>2288.0</ele>
      </trkpt>
      <trkpt lat="38.14774" lon="-119.40849">
        <ele>2289.0</ele>
      </trkpt>
      <trkpt lat="38.14794" lon="-119.40892">
        <ele>2293.0</ele>
      </trkpt>
      <trkpt lat="38.14794" lon="-119.40897">
        <ele>2293.0</ele>
      </trkpt>
      <trkpt lat="38.148" lon="-119.40907">
        <ele>2294.0</ele>
      </trkpt>
      <trkpt lat="38.14802" lon="-119.40915">
        <ele>2294.0</ele>
      </trkpt>
      <trkpt lat="38.14806" lon="-119.40918">
        <ele>2294.0</ele>
      </trkpt>
      <trkpt lat="38.14819" lon="-119.40946">
        <ele>2294.0</ele>
      </trkpt>
      <trkpt lat="38.14818" lon="-119.40957">
        <ele>2294.0</ele>
      </trkpt>
      <trkpt lat="38.14803" lon="-119.40989">
        <ele>2295.0</ele>
      </trkpt>
      <trkpt lat="38.14794" lon="-119.41012">
        <ele>2295.0</ele>
      </trkpt>
      <trkpt lat="38.14767" lon="-119.4105">
        <ele>2298.0</ele>
      </trkpt>
      <trkpt lat="38.14756" lon="-119.41052">
        <ele>2299.0</ele>
      </trkpt>
      <trkpt lat="38.14744" lon="-119.41063">
        <ele>2299.0</ele>
      </trkpt>
      <trkpt lat="38.14697" lon="-119.41087">
        <ele>2299.0</ele>
      </trkpt>
      <trkpt lat="38.14668" lon="-119.41109">
        <ele>2302.0</ele>
      </trkpt>
      <trkpt lat="38.14624" lon="-119.41152">
        <ele>2299.0</ele>
      </trkpt>
      <trkpt lat="38.14623" lon="-119.4117">
        <ele>2303.0</ele>
      </trkpt>
      <trkpt lat="38.14611" lon="-119.41205">
        <ele>2305.0</ele>
      </trkpt>
      <trkpt lat="38.14575" lon="-119.41282">
        <ele>2310.0</ele>
      </trkpt>
      <trkpt lat="38.14561" lon="-119.41317">
        <ele>2309.0</ele>
      </trkpt>
      <trkpt lat="38.14559" lon="-119.41331">
        <ele>2310.0</ele>
      </trkpt>
      <trkpt lat="38.14554" lon="-119.41344">
        <ele>2310.0</ele>
      </trkpt>
      <trkpt lat="38.14553" lon="-119.41358">
        <ele>2312.0</ele>
      </trkpt>
      <trkpt lat="38.14561" lon="-119.41399">
        <ele>2314.0</ele>
      </trkpt>
      <trkpt lat="38.1456" lon="-119.41419">
        <ele>2316.0</ele>
      </trkpt>
      <trkpt lat="38.14549" lon="-119.41443">
        <ele>2318.0</ele>
      </trkpt>
      <trkpt lat="38.14544" lon="-119.41487">
        <ele>2322.0</ele>
      </trkpt>
      <trkpt lat="38.14547" lon="-119.41517">
        <ele>2324.0</ele>
      </trkpt>
      <trkpt lat="38.14551" lon="-119.41666">
        <ele>2326.0</ele>
      </trkpt>
      <trkpt lat="38.145507969253" lon="-119.416789967808">
        <ele>2326.0</ele>
      </trkpt>
      <trkpt lat="38.145507969253" lon="-119.416789967808">
        <ele>2326.0</ele>
      </trkpt>
      <trkpt lat="38.1455" lon="-119.4173">
        <ele>2326.0</ele>
      </trkpt>
      <trkpt lat="38.14548" lon="-119.41734">
        <ele>2326.0</ele>
      </trkpt>
      <trkpt lat="38.1455" lon="-119.41743">
        <ele>2325.0</ele>
      </trkpt>
      <trkpt lat="38.14549" lon="-119.41749">
        <ele>2325.0</ele>
      </trkpt>
      <trkpt lat="38.14549" lon="-119.41797">
        <ele>2327.0</ele>
      </trkpt>
      <trkpt lat="38.14546" lon="-119.41826">
        <ele>2328.0</ele>
      </trkpt>
      <trkpt lat="38.14548" lon="-119.4184">
        <ele>2328.0</ele>
      </trkpt>
      <trkpt lat="38.14542" lon="-119.41938">
        <ele>2334.0</ele>
      </trkpt>
      <trkpt lat="38.14529" lon="-119.42026">
        <ele>2338.0</ele>
      </trkpt>
      <trkpt lat="38.14528" lon="-119.42061">
        <ele>2337.0</ele>
      </trkpt>
      <trkpt lat="38.1453" lon="-119.42071">
        <ele>2336.0</ele>
      </trkpt>
      <trkpt lat="38.14531" lon="-119.42114">
        <ele>2334.0</ele>
      </trkpt>
      <trkpt lat="38.14528" lon="-119.42139">
        <ele>2333.0</ele>
      </trkpt>
      <trkpt lat="38.14528" lon="-119.42139">
        <ele>2333.0</ele>
      </trkpt>
      <trkpt lat="38.14524" lon="-119.42317">
        <ele>2342.0</ele>
      </trkpt>
      <trkpt lat="38.14527" lon="-119.42348">
        <ele>2340.0</ele>
      </trkpt>
      <trkpt lat="38.14538" lon="-119.42379">
        <ele>2340.0</ele>
      </trkpt>
      <trkpt lat="38.14545" lon="-119.42385">
        <ele>2341.0</ele>
      </trkpt>
      <trkpt lat="38.14544" lon="-119.42406">
        <ele>2343.0</ele>
      </trkpt>
      <trkpt lat="38.1455" lon="-119.42426">
        <ele>2343.0</ele>
      </trkpt>
      <trkpt lat="38.14551" lon="-119.42451">
        <ele>2344.0</ele>
      </trkpt>
      <trkpt lat="38.14541" lon="-119.42474">
        <ele>2349.0</ele>
      </trkpt>
      <trkpt lat="38.14537" lon="-119.42478">
        <ele>2349.0</ele>
      </trkpt>
      <trkpt lat="38.14536" lon="-119.42489">
        <ele>2352.0</ele>
      </trkpt>
      <trkpt lat="38.14543" lon="-119.42502">
        <ele>2349.0</ele>
      </trkpt>
      <trkpt lat="38.14544" lon="-119.42517">
        <ele>2351.0</ele>
      </trkpt>
      <trkpt lat="38.14541" lon="-119.42526">
        <ele>2356.0</ele>
      </trkpt>
      <trkpt lat="38.14547" lon="-119.42546">
        <ele>2357.0</ele>
      </trkpt>
      <trkpt lat="38.14543" lon="-119.4255">
        <ele>2357.0</ele>
      </trkpt>
      <trkpt lat="38.14542" lon="-119.42556">
        <ele>2357.0</ele>
      </trkpt>
      <trkpt lat="38.14553" lon="-119.42566">
        <ele>2357.0</ele>
      </trkpt>
      <trkpt lat="38.14561" lon="-119.4258">
        <ele>2364.0</ele>
      </trkpt>
      <trkpt lat="38.14557" lon="-119.42597">
        <ele>2364.0</ele>
      </trkpt>
      <trkpt lat="38.14563" lon="-119.4261">
        <ele>2369.0</ele>
      </trkpt>
      <trkpt lat="38.1459" lon="-119.42615">
        <ele>2370.0</ele>
      </trkpt>
      <trkpt lat="38.14590222604157" lon="-119.4261525685095">
        <ele>2370.0</ele>
      </trkpt>
      <trkpt lat="38.14590222604352" lon="-119.4261525685095">
        <ele>2370.0</ele>
      </trkpt>
      <trkpt lat="38.14603" lon="-119.4263">
        <ele>2376.0</ele>
      </trkpt>
      <trkpt lat="38.14612" lon="-119.42634">
        <ele>2376.0</ele>
      </trkpt>
      <trkpt lat="38.14612" lon="-119.42637">
        <ele>2376.0</ele>
      </trkpt>
      <trkpt lat="38.14592" lon="-119.4265">
        <ele>2375.0</ele>
      </trkpt>
      <trkpt lat="38.1459" lon="-119.42656">
        <ele>2376.0</ele>
      </trkpt>
      <trkpt lat="38.14592" lon="-119.4266">
        <ele>2376.0</ele>
      </trkpt>
      <trkpt lat="38.14598" lon="-119.4266">
        <ele>2380.0</ele>
      </trkpt>
      <trkpt lat="38.14611" lon="-119.42667">
        <ele>2380.0</ele>
      </trkpt>
      <trkpt lat="38.14601" lon="-119.42681">
        <ele>2382.0</ele>
      </trkpt>
      <trkpt lat="38.14604" lon="-119.42687">
        <ele>2382.0</ele>
      </trkpt>
      <trkpt lat="38.1462" lon="-119.42691">
        <ele>2382.0</ele>
      </trkpt>
      <trkpt lat="38.14624" lon="-119.42678">
        <ele>2380.0</ele>
      </trkpt>
      <trkpt lat="38.1463" lon="-119.42682">
        <ele>2388.0</ele>
      </trkpt>
      <trkpt lat="38.14629" lon="-119.4271">
        <ele>2390.0</ele>
      </trkpt>
      <trkpt lat="38.14631" lon="-119.42713">
        <ele>2390.0</ele>
      </trkpt>
      <trkpt lat="38.14634" lon="-119.42708">
        <ele>2388.0</ele>
      </trkpt>
      <trkpt lat="38.14641" lon="-119.42706">
        <ele>2388.0</ele>
      </trkpt>
      <trkpt lat="38.14647" lon="-119.42685">
        <ele>2388.0</ele>
      </trkpt>
      <trkpt lat="38.14649" lon="-119.42684">
        <ele>2388.0</ele>
      </trkpt>
      <trkpt lat="38.14654" lon="-119.42703">
        <ele>2392.0</ele>
      </trkpt>
      <trkpt lat="38.14647" lon="-119.4272">
        <ele>2390.0</ele>
      </trkpt>
      <trkpt lat="38.14646" lon="-119.4273">
        <ele>2390.0</ele>
      </trkpt>
      <trkpt lat="38.14655" lon="-119.4273">
        <ele>2395.0</ele>
      </trkpt>
      <trkpt lat="38.14674" lon="-119.42702">
        <ele>2392.0</ele>
      </trkpt>
      <trkpt lat="38.1468" lon="-119.42731">
        <ele>2395.0</ele>
      </trkpt>
      <trkpt lat="38.14671" lon="-119.42747">
        <ele>2397.0</ele>
      </trkpt>
      <trkpt lat="38.14673" lon="-119.4275">
        <ele>2397.0</ele>
      </trkpt>
      <trkpt lat="38.14692" lon="-119.42747">
        <ele>2406.0</ele>
      </trkpt>
      <trkpt lat="38.14694" lon="-119.42739">
        <ele>2406.0</ele>
      </trkpt>
      <trkpt lat="38.14693" lon="-119.42732">
        <ele>2403.0</ele>
      </trkpt>
      <trkpt lat="38.14699" lon="-119.42711">
        <ele>2403.0</ele>
      </trkpt>
      <trkpt lat="38.1472" lon="-119.42701">
        <ele>2401.0</ele>
      </trkpt>
      <trkpt lat="38.14726" lon="-119.42694">
        <ele>2401.0</ele>
      </trkpt>
      <trkpt lat="38.14733" lon="-119.42689">
        <ele>2401.0</ele>
      </trkpt>
      <trkpt lat="38.14735" lon="-119.42691">
        <ele>2401.0</ele>
      </trkpt>
      <trkpt lat="38.1473" lon="-119.42703">
        <ele>2401.0</ele>
      </trkpt>
      <trkpt lat="38.14733" lon="-119.42765">
        <ele>2416.0</ele>
      </trkpt>
      <trkpt lat="38.14726" lon="-119.42783">
        <ele>2416.0</ele>
      </trkpt>
      <trkpt lat="38.14728" lon="-119.42796">
        <ele>2420.0</ele>
      </trkpt>
      <trkpt lat="38.14718" lon="-119.42825">
        <ele>2423.0</ele>
      </trkpt>
      <trkpt lat="38.1472" lon="-119.42827">
        <ele>2423.0</ele>
      </trkpt>
      <trkpt lat="38.14771" lon="-119.42799">
        <ele>2432.0</ele>
      </trkpt>
      <trkpt lat="38.14776" lon="-119.42787">
        <ele>2428.0</ele>
      </trkpt>
      <trkpt lat="38.1478" lon="-119.42788">
        <ele>2428.0</ele>
      </trkpt>
      <trkpt lat="38.14782" lon="-119.42793">
        <ele>2432.0</ele>
      </trkpt>
      <trkpt lat="38.14777" lon="-119.42806">
        <ele>2432.0</ele>
      </trkpt>
      <trkpt lat="38.14777" lon="-119.42833">
        <ele>2435.0</ele>
      </trkpt>
      <trkpt lat="38.14764" lon="-119.42849">
        <ele>2437.0</ele>
      </trkpt>
      <trkpt lat="38.14757" lon="-119.42855">
        <ele>2433.0</ele>
      </trkpt>
      <trkpt lat="38.14755" lon="-119.42862">
        <ele>2433.0</ele>
      </trkpt>
      <trkpt lat="38.14757" lon="-119.42883">
        <ele>2436.0</ele>
      </trkpt>
      <trkpt lat="38.14752" lon="-119.42896">
        <ele>2436.0</ele>
      </trkpt>
      <trkpt lat="38.14749" lon="-119.42913">
        <ele>2442.0</ele>
      </trkpt>
      <trkpt lat="38.14744" lon="-119.42923">
        <ele>2442.0</ele>
      </trkpt>
      <trkpt lat="38.14741" lon="-119.42923">
        <ele>2442.0</ele>
      </trkpt>
      <trkpt lat="38.14739" lon="-119.42914">
        <ele>2442.0</ele>
      </trkpt>
      <trkpt lat="38.14729" lon="-119.42941">
        <ele>2445.0</ele>
      </trkpt>
      <trkpt lat="38.1473" lon="-119.42949">
        <ele>2445.0</ele>
      </trkpt>
      <trkpt lat="38.14724" lon="-119.42957">
        <ele>2445.0</ele>
      </trkpt>
      <trkpt lat="38.14721" lon="-119.42969">
        <ele>2451.0</ele>
      </trkpt>
      <trkpt lat="38.14724" lon="-119.42986">
        <ele>2451.0</ele>
      </trkpt>
      <trkpt lat="38.1472" lon="-119.42991">
        <ele>2456.0</ele>
      </trkpt>
      <trkpt lat="38.14715" lon="-119.42992">
        <ele>2456.0</ele>
      </trkpt>
      <trkpt lat="38.14711" lon="-119.43002">
        <ele>2456.0</ele>
      </trkpt>
      <trkpt lat="38.14712" lon="-119.4301">
        <ele>2456.0</ele>
      </trkpt>
      <trkpt lat="38.14714" lon="-119.43016">
        <ele>2461.0</ele>
      </trkpt>
      <trkpt lat="38.14712" lon="-119.43022">
        <ele>2461.0</ele>
      </trkpt>
      <trkpt lat="38.14707" lon="-119.43025">
        <ele>2461.0</ele>
      </trkpt>
      <trkpt lat="38.14707" lon="-119.43033">
        <ele>2461.0</ele>
      </trkpt>
      <trkpt lat="38.14701" lon="-119.43037">
        <ele>2461.0</ele>
      </trkpt>
      <trkpt lat="38.14696" lon="-119.43047">
        <ele>2464.0</ele>
      </trkpt>
      <trkpt lat="38.14693" lon="-119.43061">
        <ele>2464.0</ele>
      </trkpt>
      <trkpt lat="38.14688" lon="-119.43068">
        <ele>2464.0</ele>
      </trkpt>
      <trkpt lat="38.14689" lon="-119.43077">
        <ele>2467.0</ele>
      </trkpt>
      <trkpt lat="38.14687" lon="-119.43084">
        <ele>2467.0</ele>
      </trkpt>
      <trkpt lat="38.14681" lon="-119.43083">
        <ele>2467.0</ele>
      </trkpt>
      <trkpt lat="38.14674" lon="-119.43092">
        <ele>2470.0</ele>
      </trkpt>
      <trkpt lat="38.14677" lon="-119.43102">
        <ele>2471.0</ele>
      </trkpt>
      <trkpt lat="38.14673" lon="-119.4313">
        <ele>2472.0</ele>
      </trkpt>
      <trkpt lat="38.14677" lon="-119.43142">
        <ele>2472.0</ele>
      </trkpt>
      <trkpt lat="38.14684" lon="-119.43146">
        <ele>2471.0</ele>
      </trkpt>
      <trkpt lat="38.14688" lon="-119.43166">
        <ele>2473.0</ele>
      </trkpt>
      <trkpt lat="38.14692" lon="-119.43173">
        <ele>2473.0</ele>
      </trkpt>
      <trkpt lat="38.14683" lon="-119.43193">
        <ele>2473.0</ele>
      </trkpt>
      <trkpt lat="38.14676" lon="-119.43202">
        <ele>2471.0</ele>
      </trkpt>
      <trkpt lat="38.14676" lon="-119.4322">
        <ele>2473.0</ele>
      </trkpt>
      <trkpt lat="38.14681" lon="-119.43235">
        <ele>2475.0</ele>
      </trkpt>
      <trkpt lat="38.14677" lon="-119.43245">
        <ele>2477.0</ele>
      </trkpt>
      <trkpt lat="38.1467" lon="-119.43258">
        <ele>2477.0</ele>
      </trkpt>
      <trkpt lat="38.14661" lon="-119.43266">
        <ele>2479.0</ele>
      </trkpt>
      <trkpt lat="38.1465" lon="-119.43268">
        <ele>2479.0</ele>
      </trkpt>
      <trkpt lat="38.14637" lon="-119.43277">
        <ele>2479.0</ele>
      </trkpt>
      <trkpt lat="38.1463" lon="-119.43276">
        <ele>2479.0</ele>
      </trkpt>
      <trkpt lat="38.14619" lon="-119.43284">
        <ele>2481.0</ele>
      </trkpt>
      <trkpt lat="38.14616" lon="-119.43289">
        <ele>2481.0</ele>
      </trkpt>
      <trkpt lat="38.14615" lon="-119.43303">
        <ele>2487.0</ele>
      </trkpt>
      <trkpt lat="38.14624" lon="-119.43327">
        <ele>2491.0</ele>
      </trkpt>
      <trkpt lat="38.14616" lon="-119.43348">
        <ele>2493.0</ele>
      </trkpt>
      <trkpt lat="38.14612" lon="-119.43349">
        <ele>2493.0</ele>
      </trkpt>
      <trkpt lat="38.14594" lon="-119.43381">
        <ele>2498.0</ele>
      </trkpt>
      <trkpt lat="38.14588" lon="-119.43399">
        <ele>2498.0</ele>
      </trkpt>
      <trkpt lat="38.14578" lon="-119.4342">
        <ele>2501.0</ele>
      </trkpt>
      <trkpt lat="38.14558" lon="-119.43429">
        <ele>2501.0</ele>
      </trkpt>
      <trkpt lat="38.1455" lon="-119.43448">
        <ele>2504.0</ele>
      </trkpt>
      <trkpt lat="38.1455" lon="-119.43456">
        <ele>2504.0</ele>
      </trkpt>
      <trkpt lat="38.14555" lon="-119.43454">
        <ele>2504.0</ele>
      </trkpt>
      <trkpt lat="38.14557" lon="-119.43463">
        <ele>2510.0</ele>
      </trkpt>
      <trkpt lat="38.14551" lon="-119.43473">
        <ele>2510.0</ele>
      </trkpt>
      <trkpt lat="38.1456" lon="-119.43476">
        <ele>2510.0</ele>
      </trkpt>
      <trkpt lat="38.14559" lon="-119.43481">
        <ele>2510.0</ele>
      </trkpt>
      <trkpt lat="38.1455" lon="-119.43481">
        <ele>2510.0</ele>
      </trkpt>
      <trkpt lat="38.14536" lon="-119.43499">
        <ele>2514.0</ele>
      </trkpt>
      <trkpt lat="38.14517" lon="-119.43514">
        <ele>2516.0</ele>
      </trkpt>
      <trkpt lat="38.14502" lon="-119.43504">
        <ele>2517.0</ele>
      </trkpt>
      <trkpt lat="38.14497" lon="-119.4351">
        <ele>2517.0</ele>
      </trkpt>
      <trkpt lat="38.14492" lon="-119.43544">
        <ele>2520.0</ele>
      </trkpt>
      <trkpt lat="38.14489" lon="-119.43552">
        <ele>2520.0</ele>
      </trkpt>
      <trkpt lat="38.14481" lon="-119.43559">
        <ele>2524.0</ele>
      </trkpt>
      <trkpt lat="38.1444" lon="-119.43569">
        <ele>2528.0</ele>
      </trkpt>
      <trkpt lat="38.14425" lon="-119.43577">
        <ele>2527.0</ele>
      </trkpt>
      <trkpt lat="38.14403" lon="-119.43612">
        <ele>2528.0</ele>
      </trkpt>
      <trkpt lat="38.14365" lon="-119.43662">
        <ele>2528.0</ele>
      </trkpt>
      <trkpt lat="38.14322" lon="-119.43692">
        <ele>2529.0</ele>
      </trkpt>
      <trkpt lat="38.14297" lon="-119.43718">
        <ele>2530.0</ele>
      </trkpt>
      <trkpt lat="38.14281" lon="-119.43726">
        <ele>2526.0</ele>
      </trkpt>
      <trkpt lat="38.14281" lon="-119.43726">
        <ele>2526.0</ele>
      </trkpt>
      <trkpt lat="38.14281" lon="-119.43726">
        <ele>2526.0</ele>
      </trkpt>
      <trkpt lat="38.1427" lon="-119.43744">
        <ele>2528.0</ele>
      </trkpt>
      <trkpt lat="38.14265" lon="-119.43747">
        <ele>2528.0</ele>
      </trkpt>
      <trkpt lat="38.14256" lon="-119.4377">
        <ele>2526.0</ele>
      </trkpt>
      <trkpt lat="38.14245" lon="-119.43777">
        <ele>2526.0</ele>
      </trkpt>
      <trkpt lat="38.14209" lon="-119.43782">
        <ele>2523.0</ele>
      </trkpt>
      <trkpt lat="38.14203" lon="-119.43789">
        <ele>2524.0</ele>
      </trkpt>
      <trkpt lat="38.14191" lon="-119.43794">
        <ele>2528.0</ele>
      </trkpt>
      <trkpt lat="38.14185" lon="-119.43804">
        <ele>2528.0</ele>
      </trkpt>
      <trkpt lat="38.14176" lon="-119.43806">
        <ele>2523.0</ele>
      </trkpt>
      <trkpt lat="38.14163" lon="-119.43816">
        <ele>2523.0</ele>
      </trkpt>
      <trkpt lat="38.14159" lon="-119.43825">
        <ele>2528.0</ele>
      </trkpt>
      <trkpt lat="38.14155" lon="-119.43825">
        <ele>2528.0</ele>
      </trkpt>
      <trkpt lat="38.14153" lon="-119.4383">
        <ele>2528.0</ele>
      </trkpt>
      <trkpt lat="38.14155" lon="-119.43836">
        <ele>2528.0</ele>
      </trkpt>
      <trkpt lat="38.14164" lon="-119.43831">
        <ele>2528.0</ele>
      </trkpt>
      <trkpt lat="38.14166" lon="-119.43835">
        <ele>2528.0</ele>
      </trkpt>
      <trkpt lat="38.14144" lon="-119.43859">
        <ele>2529.0</ele>
      </trkpt>
      <trkpt lat="38.1414" lon="-119.43871">
        <ele>2529.0</ele>
      </trkpt>
      <trkpt lat="38.14129" lon="-119.43885">
        <ele>2534.0</ele>
      </trkpt>
      <trkpt lat="38.14127" lon="-119.43896">
        <ele>2534.0</ele>
      </trkpt>
      <trkpt lat="38.14122" lon="-119.43905">
        <ele>2536.0</ele>
      </trkpt>
      <trkpt lat="38.14062" lon="-119.43968">
        <ele>2542.0</ele>
      </trkpt>
      <trkpt lat="38.14047" lon="-119.43973">
        <ele>2542.0</ele>
      </trkpt>
      <trkpt lat="38.14008" lon="-119.44">
        <ele>2542.0</ele>
      </trkpt>
      <trkpt lat="38.13988" lon="-119.44001">
        <ele>2542.0</ele>
      </trkpt>
      <trkpt lat="38.13965" lon="-119.4401">
        <ele>2537.0</ele>
      </trkpt>
      <trkpt lat="38.13964" lon="-119.44015">
        <ele>2542.0</ele>
      </trkpt>
      <trkpt lat="38.13959" lon="-119.44015">
        <ele>2542.0</ele>
      </trkpt>
      <trkpt lat="38.13931" lon="-119.44036">
        <ele>2539.0</ele>
      </trkpt>
      <trkpt lat="38.13905" lon="-119.44029">
        <ele>2537.0</ele>
      </trkpt>
      <trkpt lat="38.13877" lon="-119.44028">
        <ele>2539.0</ele>
      </trkpt>
      <trkpt lat="38.1386" lon="-119.44033">
        <ele>2539.0</ele>
      </trkpt>
      <trkpt lat="38.13846" lon="-119.4403">
        <ele>2535.0</ele>
      </trkpt>
      <trkpt lat="38.13812" lon="-119.44057">
        <ele>2537.0</ele>
      </trkpt>
      <trkpt lat="38.13749" lon="-119.44102">
        <ele>2546.0</ele>
      </trkpt>
      <trkpt lat="38.13735" lon="-119.44106">
        <ele>2542.0</ele>
      </trkpt>
      <trkpt lat="38.13722" lon="-119.44116">
        <ele>2542.0</ele>
      </trkpt>
      <trkpt lat="38.13657" lon="-119.44148">
        <ele>2546.0</ele>
      </trkpt>
      <trkpt lat="38.13639" lon="-119.44173">
        <ele>2543.0</ele>
      </trkpt>
      <trkpt lat="38.13626" lon="-119.44182">
        <ele>2553.0</ele>
      </trkpt>
      <trkpt lat="38.13616" lon="-119.44182">
        <ele>2545.0</ele>
      </trkpt>
      <trkpt lat="38.13596" lon="-119.44192">
        <ele>2542.0</ele>
      </trkpt>
      <trkpt lat="38.13586" lon="-119.44211">
        <ele>2553.0</ele>
      </trkpt>
      <trkpt lat="38.13576" lon="-119.44215">
        <ele>2553.0</ele>
      </trkpt>
      <trkpt lat="38.13561" lon="-119.44228">
        <ele>2549.0</ele>
      </trkpt>
      <trkpt lat="38.13543" lon="-119.44249">
        <ele>2563.0</ele>
      </trkpt>
      <trkpt lat="38.13527" lon="-119.44263">
        <ele>2559.0</ele>
      </trkpt>
      <trkpt lat="38.1348" lon="-119.44285">
        <ele>2569.0</ele>
      </trkpt>
      <trkpt lat="38.13486" lon="-119.4429">
        <ele>2569.0</ele>
      </trkpt>
      <trkpt lat="38.13485" lon="-119.44293">
        <ele>2582.0</ele>
      </trkpt>
      <trkpt lat="38.13456" lon="-119.4429">
        <ele>2568.0</ele>
      </trkpt>
      <trkpt lat="38.13456" lon="-119.4429">
        <ele>2568.0</ele>
      </trkpt>
      <trkpt lat="38.13427" lon="-119.4428">
        <ele>2558.0</ele>
      </trkpt>
      <trkpt lat="38.13425" lon="-119.44275">
        <ele>2558.0</ele>
      </trkpt>
      <trkpt lat="38.13429" lon="-119.4427">
        <ele>2558.0</ele>
      </trkpt>
      <trkpt lat="38.13422" lon="-119.4427">
        <ele>2558.0</ele>
      </trkpt>
      <trkpt lat="38.13414" lon="-119.44277">
        <ele>2558.0</ele>
      </trkpt>
      <trkpt lat="38.13412" lon="-119.44276">
        <ele>2558.0</ele>
      </trkpt>
      <trkpt lat="38.1341" lon="-119.44269">
        <ele>2558.0</ele>
      </trkpt>
      <trkpt lat="38.13395" lon="-119.44282">
        <ele>2546.0</ele>
      </trkpt>
      <trkpt lat="38.13395" lon="-119.44285">
        <ele>2546.0</ele>
      </trkpt>
      <trkpt lat="38.1339" lon="-119.44289">
        <ele>2546.0</ele>
      </trkpt>
      <trkpt lat="38.13385" lon="-119.44288">
        <ele>2546.0</ele>
      </trkpt>
      <trkpt lat="38.13376" lon="-119.44301">
        <ele>2556.0</ele>
      </trkpt>
      <trkpt lat="38.13337" lon="-119.44306">
        <ele>2549.0</ele>
      </trkpt>
      <trkpt lat="38.13309" lon="-119.443">
        <ele>2547.0</ele>
      </trkpt>
      <trkpt lat="38.13293" lon="-119.44292">
        <ele>2547.0</ele>
      </trkpt>
      <trkpt lat="38.13283" lon="-119.44291">
        <ele>2541.0</ele>
      </trkpt>
      <trkpt lat="38.1327" lon="-119.4428">
        <ele>2541.0</ele>
      </trkpt>
      <trkpt lat="38.13252" lon="-119.44278">
        <ele>2543.0</ele>
      </trkpt>
      <trkpt lat="38.13222" lon="-119.44282">
        <ele>2544.0</ele>
      </trkpt>
      <trkpt lat="38.13213" lon="-119.44292">
        <ele>2551.0</ele>
      </trkpt>
      <trkpt lat="38.13208" lon="-119.44292">
        <ele>2548.0</ele>
      </trkpt>
      <trkpt lat="38.132" lon="-119.44299">
        <ele>2548.0</ele>
      </trkpt>
      <trkpt lat="38.1316" lon="-119.44313">
        <ele>2544.0</ele>
      </trkpt>
      <trkpt lat="38.1315" lon="-119.44331">
        <ele>2549.0</ele>
      </trkpt>
      <trkpt lat="38.13148" lon="-119.44329">
        <ele>2549.0</ele>
      </trkpt>
      <trkpt lat="38.13148" lon="-119.44324">
        <ele>2549.0</ele>
      </trkpt>
      <trkpt lat="38.13139" lon="-119.44326">
        <ele>2549.0</ele>
      </trkpt>
      <trkpt lat="38.1313" lon="-119.44302">
        <ele>2545.0</ele>
      </trkpt>
      <trkpt lat="38.1313" lon="-119.44297">
        <ele>2545.0</ele>
      </trkpt>
      <trkpt lat="38.13122" lon="-119.44281">
        <ele>2543.0</ele>
      </trkpt>
      <trkpt lat="38.13099" lon="-119.44249">
        <ele>2541.0</ele>
      </trkpt>
      <trkpt lat="38.13089" lon="-119.44243">
        <ele>2545.0</ele>
      </trkpt>
      <trkpt lat="38.13089" lon="-119.44235">
        <ele>2543.0</ele>
      </trkpt>
      <trkpt lat="38.13075" lon="-119.44231">
        <ele>2543.0</ele>
      </trkpt>
      <trkpt lat="38.13061" lon="-119.44217">
        <ele>2548.0</ele>
      </trkpt>
      <trkpt lat="38.13058" lon="-119.44209">
        <ele>2548.0</ele>
      </trkpt>
      <trkpt lat="38.13046" lon="-119.44198">
        <ele>2546.0</ele>
      </trkpt>
      <trkpt lat="38.13029" lon="-119.44166">
        <ele>2552.0</ele>
      </trkpt>
      <trkpt lat="38.1302" lon="-119.44163">
        <ele>2552.0</ele>
      </trkpt>
      <trkpt lat="38.13005" lon="-119.44175">
        <ele>2558.0</ele>
      </trkpt>
      <trkpt lat="38.12982" lon="-119.44183">
        <ele>2559.0</ele>
      </trkpt>
      <trkpt lat="38.12974" lon="-119.4419">
        <ele>2559.0</ele>
      </trkpt>
      <trkpt lat="38.12964" lon="-119.44193">
        <ele>2559.0</ele>
      </trkpt>
      <trkpt lat="38.12951" lon="-119.44189">
        <ele>2561.0</ele>
      </trkpt>
      <trkpt lat="38.12942" lon="-119.44202">
        <ele>2561.0</ele>
      </trkpt>
      <trkpt lat="38.12931" lon="-119.44207">
        <ele>2561.0</ele>
      </trkpt>
      <trkpt lat="38.12921" lon="-119.44203">
        <ele>2568.0</ele>
      </trkpt>
      <trkpt lat="38.12908" lon="-119.44213">
        <ele>2566.0</ele>
      </trkpt>
      <trkpt lat="38.12894" lon="-119.44237">
        <ele>2571.0</ele>
      </trkpt>
      <trkpt lat="38.12865" lon="-119.44238">
        <ele>2571.0</ele>
      </trkpt>
      <trkpt lat="38.12857" lon="-119.44249">
        <ele>2571.0</ele>
      </trkpt>
      <trkpt lat="38.12856" lon="-119.44261">
        <ele>2571.0</ele>
      </trkpt>
      <trkpt lat="38.12841" lon="-119.44281">
        <ele>2571.0</ele>
      </trkpt>
      <trkpt lat="38.12827" lon="-119.4429">
        <ele>2571.0</ele>
      </trkpt>
      <trkpt lat="38.12819" lon="-119.44303">
        <ele>2576.0</ele>
      </trkpt>
      <trkpt lat="38.12798" lon="-119.44321">
        <ele>2572.0</ele>
      </trkpt>
      <trkpt lat="38.12787" lon="-119.4433">
        <ele>2584.0</ele>
      </trkpt>
      <trkpt lat="38.12772" lon="-119.44336">
        <ele>2584.0</ele>
      </trkpt>
      <trkpt lat="38.12772" lon="-119.44336">
        <ele>2584.0</ele>
      </trkpt>
      <trkpt lat="38.1276" lon="-119.44345">
        <ele>2594.0</ele>
      </trkpt>
      <trkpt lat="38.12749" lon="-119.44365">
        <ele>2591.0</ele>
      </trkpt>
      <trkpt lat="38.12741" lon="-119.4437">
        <ele>2591.0</ele>
      </trkpt>
      <trkpt lat="38.12741" lon="-119.44378">
        <ele>2592.0</ele>
      </trkpt>
      <trkpt lat="38.12745" lon="-119.44383">
        <ele>2592.0</ele>
      </trkpt>
      <trkpt lat="38.12765" lon="-119.44392">
        <ele>2585.0</ele>
      </trkpt>
      <trkpt lat="38.12765" lon="-119.44396">
        <ele>2585.0</ele>
      </trkpt>
      <trkpt lat="38.1275" lon="-119.44393">
        <ele>2592.0</ele>
      </trkpt>
      <trkpt lat="38.12741" lon="-119.44396">
        <ele>2592.0</ele>
      </trkpt>
      <trkpt lat="38.12745" lon="-119.44404">
        <ele>2595.0</ele>
      </trkpt>
      <trkpt lat="38.12726" lon="-119.44406">
        <ele>2595.0</ele>
      </trkpt>
      <trkpt lat="38.12712" lon="-119.44415">
        <ele>2595.0</ele>
      </trkpt>
      <trkpt lat="38.12727" lon="-119.44419">
        <ele>2595.0</ele>
      </trkpt>
      <trkpt lat="38.12725" lon="-119.44423">
        <ele>2595.0</ele>
      </trkpt>
      <trkpt lat="38.12714" lon="-119.44425">
        <ele>2595.0</ele>
      </trkpt>
      <trkpt lat="38.12707" lon="-119.4443">
        <ele>2597.0</ele>
      </trkpt>
      <trkpt lat="38.12702" lon="-119.4444">
        <ele>2599.0</ele>
      </trkpt>
      <trkpt lat="38.12689" lon="-119.4444">
        <ele>2599.0</ele>
      </trkpt>
      <trkpt lat="38.12662" lon="-119.44464">
        <ele>2608.0</ele>
      </trkpt>
      <trkpt lat="38.12647" lon="-119.44469">
        <ele>2611.0</ele>
      </trkpt>
      <trkpt lat="38.12667" lon="-119.4447">
        <ele>2608.0</ele>
      </trkpt>
      <trkpt lat="38.12646" lon="-119.44479">
        <ele>2611.0</ele>
      </trkpt>
      <trkpt lat="38.12647" lon="-119.44485">
        <ele>2611.0</ele>
      </trkpt>
      <trkpt lat="38.12664" lon="-119.44485">
        <ele>2608.0</ele>
      </trkpt>
      <trkpt lat="38.12661" lon="-119.4449">
        <ele>2611.0</ele>
      </trkpt>
      <trkpt lat="38.1263" lon="-119.44498">
        <ele>2614.0</ele>
      </trkpt>
      <trkpt lat="38.12631" lon="-119.44504">
        <ele>2614.0</ele>
      </trkpt>
      <trkpt lat="38.12649" lon="-119.44505">
        <ele>2614.0</ele>
      </trkpt>
      <trkpt lat="38.1265" lon="-119.44508">
        <ele>2614.0</ele>
      </trkpt>
      <trkpt lat="38.12633" lon="-119.44514">
        <ele>2620.0</ele>
      </trkpt>
      <trkpt lat="38.12634" lon="-119.44517">
        <ele>2620.0</ele>
      </trkpt>
      <trkpt lat="38.12649" lon="-119.44514">
        <ele>2620.0</ele>
      </trkpt>
      <trkpt lat="38.12649" lon="-119.44518">
        <ele>2620.0</ele>
      </trkpt>
      <trkpt lat="38.12636" lon="-119.44528">
        <ele>2620.0</ele>
      </trkpt>
      <trkpt lat="38.12638" lon="-119.44532">
        <ele>2620.0</ele>
      </trkpt>
      <trkpt lat="38.12655" lon="-119.44524">
        <ele>2618.0</ele>
      </trkpt>
      <trkpt lat="38.12673" lon="-119.44521">
        <ele>2618.0</ele>
      </trkpt>
      <trkpt lat="38.12673" lon="-119.44525">
        <ele>2618.0</ele>
      </trkpt>
      <trkpt lat="38.12631" lon="-119.44562">
        <ele>2631.0</ele>
      </trkpt>
      <trkpt lat="38.12633" lon="-119.44566">
        <ele>2631.0</ele>
      </trkpt>
      <trkpt lat="38.12661" lon="-119.44555">
        <ele>2628.0</ele>
      </trkpt>
      <trkpt lat="38.1266" lon="-119.44559">
        <ele>2628.0</ele>
      </trkpt>
      <trkpt lat="38.12626" lon="-119.44583">
        <ele>2643.0</ele>
      </trkpt>
      <trkpt lat="38.12627" lon="-119.44587">
        <ele>2643.0</ele>
      </trkpt>
      <trkpt lat="38.12646" lon="-119.44575">
        <ele>2643.0</ele>
      </trkpt>
      <trkpt lat="38.12657" lon="-119.44571">
        <ele>2640.0</ele>
      </trkpt>
      <trkpt lat="38.12657" lon="-119.44575">
        <ele>2640.0</ele>
      </trkpt>
      <trkpt lat="38.12615" lon="-119.446">
        <ele>2660.0</ele>
      </trkpt>
      <trkpt lat="38.12618" lon="-119.44605">
        <ele>2660.0</ele>
      </trkpt>
      <trkpt lat="38.12625" lon="-119.44606">
        <ele>2660.0</ele>
      </trkpt>
      <trkpt lat="38.12652" lon="-119.44603">
        <ele>2654.0</ele>
      </trkpt>
      <trkpt lat="38.1265" lon="-119.44613">
        <ele>2654.0</ele>
      </trkpt>
      <trkpt lat="38.12633" lon="-119.4464">
        <ele>2663.0</ele>
      </trkpt>
      <trkpt lat="38.12616" lon="-119.44658">
        <ele>2674.0</ele>
      </trkpt>
      <trkpt lat="38.1261" lon="-119.44674">
        <ele>2674.0</ele>
      </trkpt>
      <trkpt lat="38.12595" lon="-119.44686">
        <ele>2692.0</ele>
      </trkpt>
      <trkpt lat="38.12596" lon="-119.447">
        <ele>2692.0</ele>
      </trkpt>
      <trkpt lat="38.1261" lon="-119.44702">
        <ele>2679.0</ele>
      </trkpt>
      <trkpt lat="38.12616" lon="-119.4471">
        <ele>2681.0</ele>
      </trkpt>
      <trkpt lat="38.12617" lon="-119.44717">
        <ele>2681.0</ele>
      </trkpt>
      <trkpt lat="38.12613" lon="-119.44734">
        <ele>2681.0</ele>
      </trkpt>
      <trkpt lat="38.12618" lon="-119.44771">
        <ele>2680.0</ele>
      </trkpt>
      <trkpt lat="38.12604" lon="-119.44779">
        <ele>2680.0</ele>
      </trkpt>
      <trkpt lat="38.12604" lon="-119.4479">
        <ele>2680.0</ele>
      </trkpt>
      <trkpt lat="38.12609" lon="-119.44803">
        <ele>2680.0</ele>
      </trkpt>
      <trkpt lat="38.12622" lon="-119.4481">
        <ele>2680.0</ele>
      </trkpt>
      <trkpt lat="38.12623" lon="-119.44824">
        <ele>2679.0</ele>
      </trkpt>
      <trkpt lat="38.12642" lon="-119.44868">
        <ele>2682.0</ele>
      </trkpt>
      <trkpt lat="38.12656" lon="-119.44879">
        <ele>2684.0</ele>
      </trkpt>
      <trkpt lat="38.1267" lon="-119.44881">
        <ele>2684.0</ele>
      </trkpt>
      <trkpt lat="38.12692" lon="-119.44871">
        <ele>2681.0</ele>
      </trkpt>
      <trkpt lat="38.12708" lon="-119.44856">
        <ele>2681.0</ele>
      </trkpt>
      <trkpt lat="38.12719" lon="-119.44854">
        <ele>2684.0</ele>
      </trkpt>
      <trkpt lat="38.1271" lon="-119.44874">
        <ele>2684.0</ele>
      </trkpt>
      <trkpt lat="38.12712" lon="-119.4488">
        <ele>2687.0</ele>
      </trkpt>
      <trkpt lat="38.12724" lon="-119.44881">
        <ele>2687.0</ele>
      </trkpt>
      <trkpt lat="38.1273" lon="-119.44885">
        <ele>2687.0</ele>
      </trkpt>
      <trkpt lat="38.12732" lon="-119.44891">
        <ele>2687.0</ele>
      </trkpt>
      <trkpt lat="38.12741" lon="-119.44894">
        <ele>2690.0</ele>
      </trkpt>
      <trkpt lat="38.12742" lon="-119.44908">
        <ele>2696.0</ele>
      </trkpt>
      <trkpt lat="38.12739" lon="-119.44912">
        <ele>2696.0</ele>
      </trkpt>
      <trkpt lat="38.12743" lon="-119.44917">
        <ele>2696.0</ele>
      </trkpt>
      <trkpt lat="38.12734" lon="-119.44923">
        <ele>2694.0</ele>
      </trkpt>
      <trkpt lat="38.12734" lon="-119.44927">
        <ele>2694.0</ele>
      </trkpt>
      <trkpt lat="38.12749" lon="-119.44917">
        <ele>2696.0</ele>
      </trkpt>
      <trkpt lat="38.12751" lon="-119.44919">
        <ele>2696.0</ele>
      </trkpt>
      <trkpt lat="38.1273" lon="-119.44937">
        <ele>2705.0</ele>
      </trkpt>
      <trkpt lat="38.12731" lon="-119.4494">
        <ele>2705.0</ele>
      </trkpt>
      <trkpt lat="38.12745" lon="-119.44935">
        <ele>2705.0</ele>
      </trkpt>
      <trkpt lat="38.12745" lon="-119.4494">
        <ele>2705.0</ele>
      </trkpt>
      <trkpt lat="38.12733" lon="-119.4495">
        <ele>2705.0</ele>
      </trkpt>
      <trkpt lat="38.12733" lon="-119.44953">
        <ele>2705.0</ele>
      </trkpt>
      <trkpt lat="38.12747" lon="-119.44949">
        <ele>2705.0</ele>
      </trkpt>
      <trkpt lat="38.12743" lon="-119.4496">
        <ele>2715.0</ele>
      </trkpt>
      <trkpt lat="38.12734" lon="-119.4497">
        <ele>2721.0</ele>
      </trkpt>
      <trkpt lat="38.12727" lon="-119.44988">
        <ele>2732.0</ele>
      </trkpt>
      <trkpt lat="38.12727" lon="-119.4499">
        <ele>2732.0</ele>
      </trkpt>
      <trkpt lat="38.12733" lon="-119.4499">
        <ele>2732.0</ele>
      </trkpt>
      <trkpt lat="38.12739" lon="-119.44984">
        <ele>2715.0</ele>
      </trkpt>
      <trkpt lat="38.12743" lon="-119.44995">
        <ele>2725.0</ele>
      </trkpt>
      <trkpt lat="38.12737" lon="-119.45002">
        <ele>2725.0</ele>
      </trkpt>
      <trkpt lat="38.12736" lon="-119.45004">
        <ele>2732.0</ele>
      </trkpt>
      <trkpt lat="38.1274" lon="-119.45006">
        <ele>2725.0</ele>
      </trkpt>
      <trkpt lat="38.12739" lon="-119.45012">
        <ele>2725.0</ele>
      </trkpt>
      <trkpt lat="38.1273" lon="-119.45021">
        <ele>2741.0</ele>
      </trkpt>
      <trkpt lat="38.12723" lon="-119.45045">
        <ele>2746.0</ele>
      </trkpt>
      <trkpt lat="38.12725" lon="-119.45048">
        <ele>2746.0</ele>
      </trkpt>
      <trkpt lat="38.12719" lon="-119.45057">
        <ele>2746.0</ele>
      </trkpt>
      <trkpt lat="38.12721" lon="-119.45059">
        <ele>2746.0</ele>
      </trkpt>
      <trkpt lat="38.12733" lon="-119.45054">
        <ele>2746.0</ele>
      </trkpt>
      <trkpt lat="38.12737" lon="-119.45057">
        <ele>2736.0</ele>
      </trkpt>
      <trkpt lat="38.1274" lon="-119.45067">
        <ele>2736.0</ele>
      </trkpt>
      <trkpt lat="38.12738" lon="-119.45075">
        <ele>2739.0</ele>
      </trkpt>
      <trkpt lat="38.1274" lon="-119.45083">
        <ele>2739.0</ele>
      </trkpt>
      <trkpt lat="38.12736" lon="-119.45084">
        <ele>2749.0</ele>
      </trkpt>
      <trkpt lat="38.12736" lon="-119.45093">
        <ele>2749.0</ele>
      </trkpt>
      <trkpt lat="38.12733" lon="-119.45095">
        <ele>2749.0</ele>
      </trkpt>
      <trkpt lat="38.12728" lon="-119.45089">
        <ele>2749.0</ele>
      </trkpt>
      <trkpt lat="38.12713" lon="-119.451">
        <ele>2751.0</ele>
      </trkpt>
      <trkpt lat="38.12715" lon="-119.45105">
        <ele>2751.0</ele>
      </trkpt>
      <trkpt lat="38.12721" lon="-119.45105">
        <ele>2751.0</ele>
      </trkpt>
      <trkpt lat="38.12722" lon="-119.45113">
        <ele>2751.0</ele>
      </trkpt>
      <trkpt lat="38.1272" lon="-119.4511">
        <ele>2751.0</ele>
      </trkpt>
      <trkpt lat="38.12708" lon="-119.45111">
        <ele>2758.0</ele>
      </trkpt>
      <trkpt lat="38.12699" lon="-119.45116">
        <ele>2758.0</ele>
      </trkpt>
      <trkpt lat="38.12691" lon="-119.45113">
        <ele>2758.0</ele>
      </trkpt>
      <trkpt lat="38.12685" lon="-119.45107">
        <ele>2758.0</ele>
      </trkpt>
      <trkpt lat="38.12677" lon="-119.45108">
        <ele>2763.0</ele>
      </trkpt>
      <trkpt lat="38.1266" lon="-119.45117">
        <ele>2763.0</ele>
      </trkpt>
      <trkpt lat="38.12633" lon="-119.45147">
        <ele>2768.0</ele>
      </trkpt>
      <trkpt lat="38.12609" lon="-119.45157">
        <ele>2770.0</ele>
      </trkpt>
      <trkpt lat="38.12603" lon="-119.45163">
        <ele>2770.0</ele>
      </trkpt>
      <trkpt lat="38.12604" lon="-119.45171">
        <ele>2770.0</ele>
      </trkpt>
      <trkpt lat="38.1259" lon="-119.45199">
        <ele>2773.0</ele>
      </trkpt>
      <trkpt lat="38.12566" lon="-119.45232">
        <ele>2766.0</ele>
      </trkpt>
      <trkpt lat="38.12567" lon="-119.45246">
        <ele>2767.0</ele>
      </trkpt>
      <trkpt lat="38.1256" lon="-119.45269">
        <ele>2771.0</ele>
      </trkpt>
      <trkpt lat="38.12556" lon="-119.45316">
        <ele>2777.0</ele>
      </trkpt>
      <trkpt lat="38.12544" lon="-119.45333">
        <ele>2783.0</ele>
      </trkpt>
      <trkpt lat="38.12536" lon="-119.45354">
        <ele>2787.0</ele>
      </trkpt>
      <trkpt lat="38.12538" lon="-119.45377">
        <ele>2791.0</ele>
      </trkpt>
      <trkpt lat="38.12552" lon="-119.45393">
        <ele>2790.0</ele>
      </trkpt>
      <trkpt lat="38.12531" lon="-119.45392">
        <ele>2791.0</ele>
      </trkpt>
      <trkpt lat="38.12531" lon="-119.45395">
        <ele>2791.0</ele>
      </trkpt>
      <trkpt lat="38.12539" lon="-119.45403">
        <ele>2795.0</ele>
      </trkpt>
      <trkpt lat="38.12539" lon="-119.4541">
        <ele>2795.0</ele>
      </trkpt>
      <trkpt lat="38.12516" lon="-119.4543">
        <ele>2795.0</ele>
      </trkpt>
      <trkpt lat="38.12506" lon="-119.45416">
        <ele>2797.0</ele>
      </trkpt>
      <trkpt lat="38.12491" lon="-119.45412">
        <ele>2797.0</ele>
      </trkpt>
      <trkpt lat="38.12479" lon="-119.45424">
        <ele>2795.0</ele>
      </trkpt>
      <trkpt lat="38.12465" lon="-119.4543">
        <ele>2795.0</ele>
      </trkpt>
      <trkpt lat="38.12459" lon="-119.45437">
        <ele>2796.0</ele>
      </trkpt>
      <trkpt lat="38.12449" lon="-119.45452">
        <ele>2791.0</ele>
      </trkpt>
      <trkpt lat="38.12442" lon="-119.45468">
        <ele>2792.0</ele>
      </trkpt>
      <trkpt lat="38.12442" lon="-119.45468">
        <ele>2792.0</ele>
      </trkpt>
      <trkpt lat="38.12452" lon="-119.45475">
        <ele>2792.0</ele>
      </trkpt>
      <trkpt lat="38.12463" lon="-119.45476">
        <ele>2799.0</ele>
      </trkpt>
      <trkpt lat="38.12475" lon="-119.45472">
        <ele>2799.0</ele>
      </trkpt>
      <trkpt lat="38.12484" lon="-119.45482">
        <ele>2799.0</ele>
      </trkpt>
      <trkpt lat="38.12484" lon="-119.45517">
        <ele>2812.0</ele>
      </trkpt>
      <trkpt lat="38.12495" lon="-119.45524">
        <ele>2814.0</ele>
      </trkpt>
      <trkpt lat="38.12514" lon="-119.45525">
        <ele>2813.0</ele>
      </trkpt>
      <trkpt lat="38.12517" lon="-119.45529">
        <ele>2813.0</ele>
      </trkpt>
      <trkpt lat="38.1252" lon="-119.45526">
        <ele>2813.0</ele>
      </trkpt>
      <trkpt lat="38.12523" lon="-119.45528">
        <ele>2813.0</ele>
      </trkpt>
      <trkpt lat="38.12522" lon="-119.45536">
        <ele>2813.0</ele>
      </trkpt>
      <trkpt lat="38.12536" lon="-119.45545">
        <ele>2822.0</ele>
      </trkpt>
      <trkpt lat="38.12534" lon="-119.45558">
        <ele>2822.0</ele>
      </trkpt>
      <trkpt lat="38.12549" lon="-119.45586">
        <ele>2825.0</ele>
      </trkpt>
      <trkpt lat="38.12547" lon="-119.45612">
        <ele>2831.0</ele>
      </trkpt>
      <trkpt lat="38.12544" lon="-119.45621">
        <ele>2831.0</ele>
      </trkpt>
      <trkpt lat="38.12551" lon="-119.45633">
        <ele>2836.0</ele>
      </trkpt>
      <trkpt lat="38.12557" lon="-119.45634">
        <ele>2836.0</ele>
      </trkpt>
      <trkpt lat="38.12557" lon="-119.45643">
        <ele>2836.0</ele>
      </trkpt>
      <trkpt lat="38.12564" lon="-119.45653">
        <ele>2841.0</ele>
      </trkpt>
      <trkpt lat="38.12563" lon="-119.45665">
        <ele>2841.0</ele>
      </trkpt>
      <trkpt lat="38.12571" lon="-119.45676">
        <ele>2836.0</ele>
      </trkpt>
      <trkpt lat="38.12578" lon="-119.45704">
        <ele>2839.0</ele>
      </trkpt>
      <trkpt lat="38.12573" lon="-119.45728">
        <ele>2839.0</ele>
      </trkpt>
      <trkpt lat="38.12569" lon="-119.45772">
        <ele>2842.0</ele>
      </trkpt>
      <trkpt lat="38.12547" lon="-119.4581">
        <ele>2841.0</ele>
      </trkpt>
      <trkpt lat="38.12542" lon="-119.45816">
        <ele>2841.0</ele>
      </trkpt>
      <trkpt lat="38.12544" lon="-119.45824">
        <ele>2845.0</ele>
      </trkpt>
      <trkpt lat="38.12541" lon="-119.45834">
        <ele>2847.0</ele>
      </trkpt>
      <trkpt lat="38.12535" lon="-119.45839">
        <ele>2847.0</ele>
      </trkpt>
      <trkpt lat="38.12542" lon="-119.45861">
        <ele>2848.0</ele>
      </trkpt>
      <trkpt lat="38.12549" lon="-119.4587">
        <ele>2848.0</ele>
      </trkpt>
      <trkpt lat="38.1255" lon="-119.45884">
        <ele>2849.0</ele>
      </trkpt>
      <trkpt lat="38.12545" lon="-119.45921">
        <ele>2849.0</ele>
      </trkpt>
      <trkpt lat="38.12538" lon="-119.45932">
        <ele>2855.0</ele>
      </trkpt>
      <trkpt lat="38.12531" lon="-119.45931">
        <ele>2855.0</ele>
      </trkpt>
      <trkpt lat="38.12527" lon="-119.45937">
        <ele>2855.0</ele>
      </trkpt>
      <trkpt lat="38.1252" lon="-119.45919">
        <ele>2855.0</ele>
      </trkpt>
      <trkpt lat="38.12514" lon="-119.45925">
        <ele>2855.0</ele>
      </trkpt>
      <trkpt lat="38.12512" lon="-119.45938">
        <ele>2865.0</ele>
      </trkpt>
      <trkpt lat="38.12507" lon="-119.45927">
        <ele>2862.0</ele>
      </trkpt>
      <trkpt lat="38.12503" lon="-119.45927">
        <ele>2862.0</ele>
      </trkpt>
      <trkpt lat="38.12502" lon="-119.45947">
        <ele>2865.0</ele>
      </trkpt>
      <trkpt lat="38.125" lon="-119.45947">
        <ele>2865.0</ele>
      </trkpt>
      <trkpt lat="38.12498" lon="-119.45928">
        <ele>2862.0</ele>
      </trkpt>
      <trkpt lat="38.12491" lon="-119.45938">
        <ele>2865.0</ele>
      </trkpt>
      <trkpt lat="38.12484" lon="-119.45951">
        <ele>2882.0</ele>
      </trkpt>
      <trkpt lat="38.1248" lon="-119.4594">
        <ele>2882.0</ele>
      </trkpt>
      <trkpt lat="38.12475" lon="-119.45958">
        <ele>2882.0</ele>
      </trkpt>
      <trkpt lat="38.12465" lon="-119.45968">
        <ele>2884.0</ele>
      </trkpt>
      <trkpt lat="38.12463" lon="-119.45979">
        <ele>2884.0</ele>
      </trkpt>
      <trkpt lat="38.12453" lon="-119.45981">
        <ele>2898.0</ele>
      </trkpt>
      <trkpt lat="38.12446" lon="-119.45987">
        <ele>2897.0</ele>
      </trkpt>
      <trkpt lat="38.1244" lon="-119.46004">
        <ele>2897.0</ele>
      </trkpt>
      <trkpt lat="38.12447" lon="-119.46022">
        <ele>2895.0</ele>
      </trkpt>
      <trkpt lat="38.12455" lon="-119.46029">
        <ele>2895.0</ele>
      </trkpt>
      <trkpt lat="38.12453" lon="-119.46039">
        <ele>2895.0</ele>
      </trkpt>
      <trkpt lat="38.12455" lon="-119.46047">
        <ele>2895.0</ele>
      </trkpt>
      <trkpt lat="38.12463" lon="-119.46045">
        <ele>2887.0</ele>
      </trkpt>
      <trkpt lat="38.12465" lon="-119.46058">
        <ele>2887.0</ele>
      </trkpt>
      <trkpt lat="38.1246" lon="-119.46065">
        <ele>2887.0</ele>
      </trkpt>
      <trkpt lat="38.12444" lon="-119.46071">
        <ele>2896.0</ele>
      </trkpt>
      <trkpt lat="38.12433" lon="-119.46072">
        <ele>2896.0</ele>
      </trkpt>
      <trkpt lat="38.12416" lon="-119.46081">
        <ele>2905.0</ele>
      </trkpt>
      <trkpt lat="38.12406" lon="-119.46122">
        <ele>2904.0</ele>
      </trkpt>
      <trkpt lat="38.1238" lon="-119.46196">
        <ele>2896.0</ele>
      </trkpt>
      <trkpt lat="38.12378" lon="-119.46225">
        <ele>2893.0</ele>
      </trkpt>
      <trkpt lat="38.12368" lon="-119.46237">
        <ele>2904.0</ele>
      </trkpt>
      <trkpt lat="38.12372" lon="-119.46247">
        <ele>2904.0</ele>
      </trkpt>
      <trkpt lat="38.12363" lon="-119.46308">
        <ele>2903.0</ele>
      </trkpt>
      <trkpt lat="38.12346" lon="-119.46334">
        <ele>2915.0</ele>
      </trkpt>
      <trkpt lat="38.12317" lon="-119.46348">
        <ele>2921.0</ele>
      </trkpt>
      <trkpt lat="38.12296" lon="-119.46351">
        <ele>2921.0</ele>
      </trkpt>
      <trkpt lat="38.1226" lon="-119.4638">
        <ele>2930.0</ele>
      </trkpt>
      <trkpt lat="38.1226" lon="-119.4638">
        <ele>2930.0</ele>
      </trkpt>
      <trkpt lat="38.12254" lon="-119.46389">
        <ele>2930.0</ele>
      </trkpt>
      <trkpt lat="38.12254" lon="-119.46389">
        <ele>2930.0</ele>
      </trkpt>
      <trkpt lat="38.12254" lon="-119.46389">
        <ele>2930.0</ele>
      </trkpt>
      <trkpt lat="38.12241" lon="-119.46402">
        <ele>2930.0</ele>
      </trkpt>
      <trkpt lat="38.12177" lon="-119.46424">
        <ele>2934.0</ele>
      </trkpt>
      <trkpt lat="38.12136" lon="-119.46445">
        <ele>2927.0</ele>
      </trkpt>
      <trkpt lat="38.12118" lon="-119.4647">
        <ele>2911.0</ele>
      </trkpt>
      <trkpt lat="38.12114" lon="-119.4648">
        <ele>2911.0</ele>
      </trkpt>
      <trkpt lat="38.12111" lon="-119.46498">
        <ele>2905.0</ele>
      </trkpt>
      <trkpt lat="38.12102" lon="-119.46505">
        <ele>2905.0</ele>
      </trkpt>
      <trkpt lat="38.12087" lon="-119.46525">
        <ele>2892.0</ele>
      </trkpt>
      <trkpt lat="38.12071" lon="-119.46533">
        <ele>2892.0</ele>
      </trkpt>
      <trkpt lat="38.12071" lon="-119.46533">
        <ele>2892.0</ele>
      </trkpt>
      <trkpt lat="38.12053" lon="-119.46533">
        <ele>2893.0</ele>
      </trkpt>
      <trkpt lat="38.12053" lon="-119.46533">
        <ele>2893.0</ele>
      </trkpt>
      <trkpt lat="38.12049" lon="-119.46532">
        <ele>2893.0</ele>
      </trkpt>
      <trkpt lat="38.12046" lon="-119.46517">
        <ele>2893.0</ele>
      </trkpt>
      <trkpt lat="38.12038" lon="-119.46503">
        <ele>2895.0</ele>
      </trkpt>
      <trkpt lat="38.1203" lon="-119.46498">
        <ele>2895.0</ele>
      </trkpt>
      <trkpt lat="38.12013482051398" lon="-119.4649626126857">
        <ele>2898.0</ele>
      </trkpt>
      <trkpt lat="38.1202934382881" lon="-119.46497797966">
        <ele>2895.0</ele>
      </trkpt>
      <trkpt lat="38.12036096266939" lon="-119.4650101661682">
        <ele>2895.0</ele>
      </trkpt>
      <trkpt lat="38.12035849066113" lon="-119.4650165566578">
        <ele>2895.0</ele>
      </trkpt>
      <trkpt lat="38.12038" lon="-119.46503">
        <ele>2895.0</ele>
      </trkpt>
      <trkpt lat="38.12046" lon="-119.46517">
        <ele>2893.0</ele>
      </trkpt>
      <trkpt lat="38.12049" lon="-119.46532">
        <ele>2893.0</ele>
      </trkpt>
      <trkpt lat="38.12053" lon="-119.46533">
        <ele>2893.0</ele>
      </trkpt>
      <trkpt lat="38.12053" lon="-119.46533">
        <ele>2893.0</ele>
      </trkpt>
      <trkpt lat="38.12071" lon="-119.46533">
        <ele>2892.0</ele>
      </trkpt>
      <trkpt lat="38.12071" lon="-119.46533">
        <ele>2892.0</ele>
      </trkpt>
      <trkpt lat="38.12087" lon="-119.46525">
        <ele>2892.0</ele>
      </trkpt>
      <trkpt lat="38.12102" lon="-119.46505">
        <ele>2905.0</ele>
      </trkpt>
      <trkpt lat="38.12111" lon="-119.46498">
        <ele>2905.0</ele>
      </trkpt>
      <trkpt lat="38.12114" lon="-119.4648">
        <ele>2911.0</ele>
      </trkpt>
      <trkpt lat="38.12118" lon="-119.4647">
        <ele>2911.0</ele>
      </trkpt>
      <trkpt lat="38.12126039249873" lon="-119.4645883437518">
        <ele>2924.0</ele>
      </trkpt>
      <trkpt lat="38.12126039255359" lon="-119.4645883437518">
        <ele>2924.0</ele>
      </trkpt>
      <trkpt lat="38.12136" lon="-119.46445">
        <ele>2927.0</ele>
      </trkpt>
      <trkpt lat="38.12177" lon="-119.46424">
        <ele>2934.0</ele>
      </trkpt>
      <trkpt lat="38.12241" lon="-119.46402">
        <ele>2930.0</ele>
      </trkpt>
      <trkpt lat="38.12254" lon="-119.46389">
        <ele>2930.0</ele>
      </trkpt>
      <trkpt lat="38.12254" lon="-119.46389">
        <ele>2930.0</ele>
      </trkpt>
      <trkpt lat="38.12254" lon="-119.46389">
        <ele>2930.0</ele>
      </trkpt>
      <trkpt lat="38.1226" lon="-119.4638">
        <ele>2930.0</ele>
      </trkpt>
      <trkpt lat="38.1226" lon="-119.4638">
        <ele>2930.0</ele>
      </trkpt>
      <trkpt lat="38.12296" lon="-119.46351">
        <ele>2921.0</ele>
      </trkpt>
      <trkpt lat="38.12317" lon="-119.46348">
        <ele>2921.0</ele>
      </trkpt>
      <trkpt lat="38.12346" lon="-119.46334">
        <ele>2915.0</ele>
      </trkpt>
      <trkpt lat="38.12363" lon="-119.46308">
        <ele>2903.0</ele>
      </trkpt>
      <trkpt lat="38.12372" lon="-119.46247">
        <ele>2904.0</ele>
      </trkpt>
      <trkpt lat="38.12368" lon="-119.46237">
        <ele>2904.0</ele>
      </trkpt>
      <trkpt lat="38.12378" lon="-119.46225">
        <ele>2893.0</ele>
      </trkpt>
      <trkpt lat="38.1238" lon="-119.46196">
        <ele>2896.0</ele>
      </trkpt>
      <trkpt lat="38.12406" lon="-119.46122">
        <ele>2904.0</ele>
      </trkpt>
      <trkpt lat="38.12416" lon="-119.46081">
        <ele>2905.0</ele>
      </trkpt>
      <trkpt lat="38.12433" lon="-119.46072">
        <ele>2896.0</ele>
      </trkpt>
      <trkpt lat="38.12444" lon="-119.46071">
        <ele>2896.0</ele>
      </trkpt>
      <trkpt lat="38.1246" lon="-119.46065">
        <ele>2887.0</ele>
      </trkpt>
      <trkpt lat="38.12465" lon="-119.46058">
        <ele>2887.0</ele>
      </trkpt>
      <trkpt lat="38.12463" lon="-119.46045">
        <ele>2887.0</ele>
      </trkpt>
      <trkpt lat="38.12455" lon="-119.46047">
        <ele>2895.0</ele>
      </trkpt>
      <trkpt lat="38.12453" lon="-119.46039">
        <ele>2895.0</ele>
      </trkpt>
      <trkpt lat="38.12455" lon="-119.46029">
        <ele>2895.0</ele>
      </trkpt>
      <trkpt lat="38.12447" lon="-119.46022">
        <ele>2895.0</ele>
      </trkpt>
      <trkpt lat="38.1244" lon="-119.46004">
        <ele>2897.0</ele>
      </trkpt>
      <trkpt lat="38.12446" lon="-119.45987">
        <ele>2897.0</ele>
      </trkpt>
      <trkpt lat="38.12453" lon="-119.45981">
        <ele>2898.0</ele>
      </trkpt>
      <trkpt lat="38.12463" lon="-119.45979">
        <ele>2884.0</ele>
      </trkpt>
      <trkpt lat="38.12465" lon="-119.45968">
        <ele>2884.0</ele>
      </trkpt>
      <trkpt lat="38.12475" lon="-119.45958">
        <ele>2882.0</ele>
      </trkpt>
      <trkpt lat="38.1248" lon="-119.4594">
        <ele>2882.0</ele>
      </trkpt>
      <trkpt lat="38.12484" lon="-119.45951">
        <ele>2882.0</ele>
      </trkpt>
      <trkpt lat="38.12491" lon="-119.45938">
        <ele>2865.0</ele>
      </trkpt>
      <trkpt lat="38.12498" lon="-119.45928">
        <ele>2862.0</ele>
      </trkpt>
      <trkpt lat="38.125" lon="-119.45947">
        <ele>2865.0</ele>
      </trkpt>
      <trkpt lat="38.12502" lon="-119.45947">
        <ele>2865.0</ele>
      </trkpt>
      <trkpt lat="38.12503" lon="-119.45927">
        <ele>2862.0</ele>
      </trkpt>
      <trkpt lat="38.12507" lon="-119.45927">
        <ele>2862.0</ele>
      </trkpt>
      <trkpt lat="38.12512" lon="-119.45938">
        <ele>2865.0</ele>
      </trkpt>
      <trkpt lat="38.12514" lon="-119.45925">
        <ele>2855.0</ele>
      </trkpt>
      <trkpt lat="38.1252" lon="-119.45919">
        <ele>2855.0</ele>
      </trkpt>
      <trkpt lat="38.12527" lon="-119.45937">
        <ele>2855.0</ele>
      </trkpt>
      <trkpt lat="38.12531" lon="-119.45931">
        <ele>2855.0</ele>
      </trkpt>
      <trkpt lat="38.12538" lon="-119.45932">
        <ele>2855.0</ele>
      </trkpt>
      <trkpt lat="38.12545" lon="-119.45921">
        <ele>2849.0</ele>
      </trkpt>
      <trkpt lat="38.1255" lon="-119.45884">
        <ele>2849.0</ele>
      </trkpt>
      <trkpt lat="38.12549" lon="-119.4587">
        <ele>2848.0</ele>
      </trkpt>
      <trkpt lat="38.12542" lon="-119.45861">
        <ele>2848.0</ele>
      </trkpt>
      <trkpt lat="38.12535" lon="-119.45839">
        <ele>2847.0</ele>
      </trkpt>
      <trkpt lat="38.12541" lon="-119.45834">
        <ele>2847.0</ele>
      </trkpt>
      <trkpt lat="38.12544" lon="-119.45824">
        <ele>2845.0</ele>
      </trkpt>
      <trkpt lat="38.12542" lon="-119.45816">
        <ele>2841.0</ele>
      </trkpt>
      <trkpt lat="38.12547" lon="-119.4581">
        <ele>2841.0</ele>
      </trkpt>
      <trkpt lat="38.12569" lon="-119.45772">
        <ele>2842.0</ele>
      </trkpt>
      <trkpt lat="38.12573" lon="-119.45728">
        <ele>2839.0</ele>
      </trkpt>
      <trkpt lat="38.12578" lon="-119.45704">
        <ele>2839.0</ele>
      </trkpt>
      <trkpt lat="38.12571" lon="-119.45676">
        <ele>2836.0</ele>
      </trkpt>
      <trkpt lat="38.12563" lon="-119.45665">
        <ele>2841.0</ele>
      </trkpt>
      <trkpt lat="38.12564" lon="-119.45653">
        <ele>2841.0</ele>
      </trkpt>
      <trkpt lat="38.12557" lon="-119.45643">
        <ele>2836.0</ele>
      </trkpt>
      <trkpt lat="38.12557" lon="-119.45634">
        <ele>2836.0</ele>
      </trkpt>
      <trkpt lat="38.12551" lon="-119.45633">
        <ele>2836.0</ele>
      </trkpt>
      <trkpt lat="38.12544" lon="-119.45621">
        <ele>2831.0</ele>
      </trkpt>
      <trkpt lat="38.12547" lon="-119.45612">
        <ele>2831.0</ele>
      </trkpt>
      <trkpt lat="38.12549" lon="-119.45586">
        <ele>2825.0</ele>
      </trkpt>
      <trkpt lat="38.12534" lon="-119.45558">
        <ele>2822.0</ele>
      </trkpt>
      <trkpt lat="38.12536" lon="-119.45545">
        <ele>2822.0</ele>
      </trkpt>
      <trkpt lat="38.12522" lon="-119.45536">
        <ele>2813.0</ele>
      </trkpt>
      <trkpt lat="38.12523" lon="-119.45528">
        <ele>2813.0</ele>
      </trkpt>
      <trkpt lat="38.1252" lon="-119.45526">
        <ele>2813.0</ele>
      </trkpt>
      <trkpt lat="38.12517" lon="-119.45529">
        <ele>2813.0</ele>
      </trkpt>
      <trkpt lat="38.12514" lon="-119.45525">
        <ele>2813.0</ele>
      </trkpt>
      <trkpt lat="38.12495" lon="-119.45524">
        <ele>2814.0</ele>
      </trkpt>
      <trkpt lat="38.12484" lon="-119.45517">
        <ele>2812.0</ele>
      </trkpt>
      <trkpt lat="38.12484" lon="-119.45482">
        <ele>2799.0</ele>
      </trkpt>
      <trkpt lat="38.12475" lon="-119.45472">
        <ele>2799.0</ele>
      </trkpt>
      <trkpt lat="38.12463" lon="-119.45476">
        <ele>2799.0</ele>
      </trkpt>
      <trkpt lat="38.12452" lon="-119.45475">
        <ele>2792.0</ele>
      </trkpt>
      <trkpt lat="38.12442" lon="-119.45468">
        <ele>2792.0</ele>
      </trkpt>
      <trkpt lat="38.12442" lon="-119.45468">
        <ele>2792.0</ele>
      </trkpt>
      <trkpt lat="38.12449" lon="-119.45452">
        <ele>2791.0</ele>
      </trkpt>
      <trkpt lat="38.12459" lon="-119.45437">
        <ele>2796.0</ele>
      </trkpt>
      <trkpt lat="38.12465" lon="-119.4543">
        <ele>2795.0</ele>
      </trkpt>
      <trkpt lat="38.12479" lon="-119.45424">
        <ele>2795.0</ele>
      </trkpt>
      <trkpt lat="38.12491" lon="-119.45412">
        <ele>2797.0</ele>
      </trkpt>
      <trkpt lat="38.12506" lon="-119.45416">
        <ele>2797.0</ele>
      </trkpt>
      <trkpt lat="38.12516" lon="-119.4543">
        <ele>2795.0</ele>
      </trkpt>
      <trkpt lat="38.12539" lon="-119.4541">
        <ele>2795.0</ele>
      </trkpt>
      <trkpt lat="38.12539" lon="-119.45403">
        <ele>2795.0</ele>
      </trkpt>
      <trkpt lat="38.12531" lon="-119.45395">
        <ele>2791.0</ele>
      </trkpt>
      <trkpt lat="38.12531" lon="-119.45392">
        <ele>2791.0</ele>
      </trkpt>
      <trkpt lat="38.12552" lon="-119.45393">
        <ele>2790.0</ele>
      </trkpt>
      <trkpt lat="38.12538" lon="-119.45377">
        <ele>2791.0</ele>
      </trkpt>
      <trkpt lat="38.12536" lon="-119.45354">
        <ele>2787.0</ele>
      </trkpt>
      <trkpt lat="38.12544" lon="-119.45333">
        <ele>2783.0</ele>
      </trkpt>
      <trkpt lat="38.12556" lon="-119.45316">
        <ele>2777.0</ele>
      </trkpt>
      <trkpt lat="38.1256" lon="-119.45269">
        <ele>2771.0</ele>
      </trkpt>
      <trkpt lat="38.12567" lon="-119.45246">
        <ele>2767.0</ele>
      </trkpt>
      <trkpt lat="38.12566" lon="-119.45232">
        <ele>2766.0</ele>
      </trkpt>
      <trkpt lat="38.1259" lon="-119.45199">
        <ele>2773.0</ele>
      </trkpt>
      <trkpt lat="38.12604" lon="-119.45171">
        <ele>2770.0</ele>
      </trkpt>
      <trkpt lat="38.12603" lon="-119.45163">
        <ele>2770.0</ele>
      </trkpt>
      <trkpt lat="38.12609" lon="-119.45157">
        <ele>2770.0</ele>
      </trkpt>
      <trkpt lat="38.12633" lon="-119.45147">
        <ele>2768.0</ele>
      </trkpt>
      <trkpt lat="38.1266" lon="-119.45117">
        <ele>2763.0</ele>
      </trkpt>
      <trkpt lat="38.12677" lon="-119.45108">
        <ele>2763.0</ele>
      </trkpt>
      <trkpt lat="38.12685" lon="-119.45107">
        <ele>2758.0</ele>
      </trkpt>
      <trkpt lat="38.12691" lon="-119.45113">
        <ele>2758.0</ele>
      </trkpt>
      <trkpt lat="38.12699" lon="-119.45116">
        <ele>2758.0</ele>
      </trkpt>
      <trkpt lat="38.12708" lon="-119.45111">
        <ele>2758.0</ele>
      </trkpt>
      <trkpt lat="38.1272" lon="-119.4511">
        <ele>2751.0</ele>
      </trkpt>
      <trkpt lat="38.12722" lon="-119.45113">
        <ele>2751.0</ele>
      </trkpt>
      <trkpt lat="38.12721" lon="-119.45105">
        <ele>2751.0</ele>
      </trkpt>
      <trkpt lat="38.12715" lon="-119.45105">
        <ele>2751.0</ele>
      </trkpt>
      <trkpt lat="38.12713" lon="-119.451">
        <ele>2751.0</ele>
      </trkpt>
      <trkpt lat="38.12728" lon="-119.45089">
        <ele>2749.0</ele>
      </trkpt>
      <trkpt lat="38.12733" lon="-119.45095">
        <ele>2749.0</ele>
      </trkpt>
      <trkpt lat="38.12736" lon="-119.45093">
        <ele>2749.0</ele>
      </trkpt>
      <trkpt lat="38.12736" lon="-119.45084">
        <ele>2749.0</ele>
      </trkpt>
      <trkpt lat="38.1274" lon="-119.45083">
        <ele>2739.0</ele>
      </trkpt>
      <trkpt lat="38.12738" lon="-119.45075">
        <ele>2739.0</ele>
      </trkpt>
      <trkpt lat="38.1274" lon="-119.45067">
        <ele>2736.0</ele>
      </trkpt>
      <trkpt lat="38.12737" lon="-119.45057">
        <ele>2736.0</ele>
      </trkpt>
      <trkpt lat="38.12733" lon="-119.45054">
        <ele>2746.0</ele>
      </trkpt>
      <trkpt lat="38.12721" lon="-119.45059">
        <ele>2746.0</ele>
      </trkpt>
      <trkpt lat="38.12719" lon="-119.45057">
        <ele>2746.0</ele>
      </trkpt>
      <trkpt lat="38.12725" lon="-119.45048">
        <ele>2746.0</ele>
      </trkpt>
      <trkpt lat="38.12723" lon="-119.45045">
        <ele>2746.0</ele>
      </trkpt>
      <trkpt lat="38.1273" lon="-119.45021">
        <ele>2741.0</ele>
      </trkpt>
      <trkpt lat="38.12739" lon="-119.45012">
        <ele>2725.0</ele>
      </trkpt>
      <trkpt lat="38.1274" lon="-119.45006">
        <ele>2725.0</ele>
      </trkpt>
      <trkpt lat="38.12736" lon="-119.45004">
        <ele>2732.0</ele>
      </trkpt>
      <trkpt lat="38.12737" lon="-119.45002">
        <ele>2725.0</ele>
      </trkpt>
      <trkpt lat="38.12743" lon="-119.44995">
        <ele>2725.0</ele>
      </trkpt>
      <trkpt lat="38.12739" lon="-119.44984">
        <ele>2715.0</ele>
      </trkpt>
      <trkpt lat="38.12733" lon="-119.4499">
        <ele>2732.0</ele>
      </trkpt>
      <trkpt lat="38.12727" lon="-119.4499">
        <ele>2732.0</ele>
      </trkpt>
      <trkpt lat="38.12727" lon="-119.44988">
        <ele>2732.0</ele>
      </trkpt>
      <trkpt lat="38.12734" lon="-119.4497">
        <ele>2721.0</ele>
      </trkpt>
      <trkpt lat="38.12743" lon="-119.4496">
        <ele>2715.0</ele>
      </trkpt>
      <trkpt lat="38.12747" lon="-119.44949">
        <ele>2705.0</ele>
      </trkpt>
      <trkpt lat="38.12733" lon="-119.44953">
        <ele>2705.0</ele>
      </trkpt>
      <trkpt lat="38.12733" lon="-119.4495">
        <ele>2705.0</ele>
      </trkpt>
      <trkpt lat="38.12745" lon="-119.4494">
        <ele>2705.0</ele>
      </trkpt>
      <trkpt lat="38.12745" lon="-119.44935">
        <ele>2705.0</ele>
      </trkpt>
      <trkpt lat="38.12731" lon="-119.4494">
        <ele>2705.0</ele>
      </trkpt>
      <trkpt lat="38.1273" lon="-119.44937">
        <ele>2705.0</ele>
      </trkpt>
      <trkpt lat="38.12751" lon="-119.44919">
        <ele>2696.0</ele>
      </trkpt>
      <trkpt lat="38.12749" lon="-119.44917">
        <ele>2696.0</ele>
      </trkpt>
      <trkpt lat="38.12734" lon="-119.44927">
        <ele>2694.0</ele>
      </trkpt>
      <trkpt lat="38.12734" lon="-119.44923">
        <ele>2694.0</ele>
      </trkpt>
      <trkpt lat="38.12743" lon="-119.44917">
        <ele>2696.0</ele>
      </trkpt>
      <trkpt lat="38.12739" lon="-119.44912">
        <ele>2696.0</ele>
      </trkpt>
      <trkpt lat="38.12742" lon="-119.44908">
        <ele>2696.0</ele>
      </trkpt>
      <trkpt lat="38.12741" lon="-119.44894">
        <ele>2690.0</ele>
      </trkpt>
      <trkpt lat="38.12732" lon="-119.44891">
        <ele>2687.0</ele>
      </trkpt>
      <trkpt lat="38.1273" lon="-119.44885">
        <ele>2687.0</ele>
      </trkpt>
      <trkpt lat="38.12724" lon="-119.44881">
        <ele>2687.0</ele>
      </trkpt>
      <trkpt lat="38.12712" lon="-119.4488">
        <ele>2687.0</ele>
      </trkpt>
      <trkpt lat="38.1271" lon="-119.44874">
        <ele>2684.0</ele>
      </trkpt>
      <trkpt lat="38.12719" lon="-119.44854">
        <ele>2684.0</ele>
      </trkpt>
      <trkpt lat="38.12708" lon="-119.44856">
        <ele>2681.0</ele>
      </trkpt>
      <trkpt lat="38.12692" lon="-119.44871">
        <ele>2681.0</ele>
      </trkpt>
      <trkpt lat="38.1267" lon="-119.44881">
        <ele>2684.0</ele>
      </trkpt>
      <trkpt lat="38.12656" lon="-119.44879">
        <ele>2684.0</ele>
      </trkpt>
      <trkpt lat="38.12642" lon="-119.44868">
        <ele>2682.0</ele>
      </trkpt>
      <trkpt lat="38.12623" lon="-119.44824">
        <ele>2679.0</ele>
      </trkpt>
      <trkpt lat="38.12622" lon="-119.4481">
        <ele>2680.0</ele>
      </trkpt>
      <trkpt lat="38.12609" lon="-119.44803">
        <ele>2680.0</ele>
      </trkpt>
      <trkpt lat="38.12604" lon="-119.4479">
        <ele>2680.0</ele>
      </trkpt>
      <trkpt lat="38.12604" lon="-119.44779">
        <ele>2680.0</ele>
      </trkpt>
      <trkpt lat="38.12618" lon="-119.44771">
        <ele>2680.0</ele>
      </trkpt>
      <trkpt lat="38.12613" lon="-119.44734">
        <ele>2681.0</ele>
      </trkpt>
      <trkpt lat="38.12617" lon="-119.44717">
        <ele>2681.0</ele>
      </trkpt>
      <trkpt lat="38.12616" lon="-119.4471">
        <ele>2681.0</ele>
      </trkpt>
      <trkpt lat="38.1261" lon="-119.44702">
        <ele>2679.0</ele>
      </trkpt>
      <trkpt lat="38.12596" lon="-119.447">
        <ele>2692.0</ele>
      </trkpt>
      <trkpt lat="38.12595" lon="-119.44686">
        <ele>2692.0</ele>
      </trkpt>
      <trkpt lat="38.1261" lon="-119.44674">
        <ele>2674.0</ele>
      </trkpt>
      <trkpt lat="38.12616" lon="-119.44658">
        <ele>2674.0</ele>
      </trkpt>
      <trkpt lat="38.12633" lon="-119.4464">
        <ele>2663.0</ele>
      </trkpt>
      <trkpt lat="38.1265" lon="-119.44613">
        <ele>2654.0</ele>
      </trkpt>
      <trkpt lat="38.12652" lon="-119.44603">
        <ele>2654.0</ele>
      </trkpt>
      <trkpt lat="38.12625" lon="-119.44606">
        <ele>2660.0</ele>
      </trkpt>
      <trkpt lat="38.12618" lon="-119.44605">
        <ele>2660.0</ele>
      </trkpt>
      <trkpt lat="38.12615" lon="-119.446">
        <ele>2660.0</ele>
      </trkpt>
      <trkpt lat="38.12657" lon="-119.44575">
        <ele>2640.0</ele>
      </trkpt>
      <trkpt lat="38.12657" lon="-119.44571">
        <ele>2640.0</ele>
      </trkpt>
      <trkpt lat="38.12646" lon="-119.44575">
        <ele>2643.0</ele>
      </trkpt>
      <trkpt lat="38.12627" lon="-119.44587">
        <ele>2643.0</ele>
      </trkpt>
      <trkpt lat="38.12626" lon="-119.44583">
        <ele>2643.0</ele>
      </trkpt>
      <trkpt lat="38.1266" lon="-119.44559">
        <ele>2628.0</ele>
      </trkpt>
      <trkpt lat="38.12661" lon="-119.44555">
        <ele>2628.0</ele>
      </trkpt>
      <trkpt lat="38.12633" lon="-119.44566">
        <ele>2631.0</ele>
      </trkpt>
      <trkpt lat="38.12631" lon="-119.44562">
        <ele>2631.0</ele>
      </trkpt>
      <trkpt lat="38.12673" lon="-119.44525">
        <ele>2618.0</ele>
      </trkpt>
      <trkpt lat="38.12673" lon="-119.44521">
        <ele>2618.0</ele>
      </trkpt>
      <trkpt lat="38.12655" lon="-119.44524">
        <ele>2618.0</ele>
      </trkpt>
      <trkpt lat="38.12638" lon="-119.44532">
        <ele>2620.0</ele>
      </trkpt>
      <trkpt lat="38.12636" lon="-119.44528">
        <ele>2620.0</ele>
      </trkpt>
      <trkpt lat="38.12649" lon="-119.44518">
        <ele>2620.0</ele>
      </trkpt>
      <trkpt lat="38.12649" lon="-119.44514">
        <ele>2620.0</ele>
      </trkpt>
      <trkpt lat="38.12634" lon="-119.44517">
        <ele>2620.0</ele>
      </trkpt>
      <trkpt lat="38.12633" lon="-119.44514">
        <ele>2620.0</ele>
      </trkpt>
      <trkpt lat="38.1265" lon="-119.44508">
        <ele>2614.0</ele>
      </trkpt>
      <trkpt lat="38.12649" lon="-119.44505">
        <ele>2614.0</ele>
      </trkpt>
      <trkpt lat="38.12631" lon="-119.44504">
        <ele>2614.0</ele>
      </trkpt>
      <trkpt lat="38.1263" lon="-119.44498">
        <ele>2614.0</ele>
      </trkpt>
      <trkpt lat="38.12661" lon="-119.4449">
        <ele>2611.0</ele>
      </trkpt>
      <trkpt lat="38.12664" lon="-119.44485">
        <ele>2608.0</ele>
      </trkpt>
      <trkpt lat="38.12647" lon="-119.44485">
        <ele>2611.0</ele>
      </trkpt>
      <trkpt lat="38.12646" lon="-119.44479">
        <ele>2611.0</ele>
      </trkpt>
      <trkpt lat="38.12667" lon="-119.4447">
        <ele>2608.0</ele>
      </trkpt>
      <trkpt lat="38.12647" lon="-119.44469">
        <ele>2611.0</ele>
      </trkpt>
      <trkpt lat="38.12662" lon="-119.44464">
        <ele>2608.0</ele>
      </trkpt>
      <trkpt lat="38.12689" lon="-119.4444">
        <ele>2599.0</ele>
      </trkpt>
      <trkpt lat="38.12702" lon="-119.4444">
        <ele>2599.0</ele>
      </trkpt>
      <trkpt lat="38.12707" lon="-119.4443">
        <ele>2597.0</ele>
      </trkpt>
      <trkpt lat="38.12714" lon="-119.44425">
        <ele>2595.0</ele>
      </trkpt>
      <trkpt lat="38.12725" lon="-119.44423">
        <ele>2595.0</ele>
      </trkpt>
      <trkpt lat="38.12727" lon="-119.44419">
        <ele>2595.0</ele>
      </trkpt>
      <trkpt lat="38.12712" lon="-119.44415">
        <ele>2595.0</ele>
      </trkpt>
      <trkpt lat="38.12726" lon="-119.44406">
        <ele>2595.0</ele>
      </trkpt>
      <trkpt lat="38.12745" lon="-119.44404">
        <ele>2595.0</ele>
      </trkpt>
      <trkpt lat="38.12741" lon="-119.44396">
        <ele>2592.0</ele>
      </trkpt>
      <trkpt lat="38.1275" lon="-119.44393">
        <ele>2592.0</ele>
      </trkpt>
      <trkpt lat="38.12765" lon="-119.44396">
        <ele>2585.0</ele>
      </trkpt>
      <trkpt lat="38.12765" lon="-119.44392">
        <ele>2585.0</ele>
      </trkpt>
      <trkpt lat="38.12745" lon="-119.44383">
        <ele>2592.0</ele>
      </trkpt>
      <trkpt lat="38.12741" lon="-119.44378">
        <ele>2592.0</ele>
      </trkpt>
      <trkpt lat="38.12741" lon="-119.4437">
        <ele>2591.0</ele>
      </trkpt>
      <trkpt lat="38.12749" lon="-119.44365">
        <ele>2591.0</ele>
      </trkpt>
      <trkpt lat="38.1276" lon="-119.44345">
        <ele>2594.0</ele>
      </trkpt>
      <trkpt lat="38.12772" lon="-119.44336">
        <ele>2584.0</ele>
      </trkpt>
      <trkpt lat="38.12772" lon="-119.44336">
        <ele>2584.0</ele>
      </trkpt>
      <trkpt lat="38.12787" lon="-119.4433">
        <ele>2584.0</ele>
      </trkpt>
      <trkpt lat="38.12798" lon="-119.44321">
        <ele>2572.0</ele>
      </trkpt>
      <trkpt lat="38.12819" lon="-119.44303">
        <ele>2576.0</ele>
      </trkpt>
      <trkpt lat="38.12827" lon="-119.4429">
        <ele>2571.0</ele>
      </trkpt>
      <trkpt lat="38.12841" lon="-119.44281">
        <ele>2571.0</ele>
      </trkpt>
      <trkpt lat="38.12856" lon="-119.44261">
        <ele>2571.0</ele>
      </trkpt>
      <trkpt lat="38.12856" lon="-119.44261">
        <ele>2571.0</ele>
      </trkpt>
      <trkpt lat="38.12856" lon="-119.44261">
        <ele>2571.0</ele>
      </trkpt>
      <trkpt lat="38.12857" lon="-119.44249">
        <ele>2571.0</ele>
      </trkpt>
      <trkpt lat="38.12865" lon="-119.44238">
        <ele>2571.0</ele>
      </trkpt>
      <trkpt lat="38.12894" lon="-119.44237">
        <ele>2571.0</ele>
      </trkpt>
      <trkpt lat="38.12908" lon="-119.44213">
        <ele>2566.0</ele>
      </trkpt>
      <trkpt lat="38.12921" lon="-119.44203">
        <ele>2568.0</ele>
      </trkpt>
      <trkpt lat="38.12931" lon="-119.44207">
        <ele>2561.0</ele>
      </trkpt>
      <trkpt lat="38.12942" lon="-119.44202">
        <ele>2561.0</ele>
      </trkpt>
      <trkpt lat="38.12951" lon="-119.44189">
        <ele>2561.0</ele>
      </trkpt>
      <trkpt lat="38.12964" lon="-119.44193">
        <ele>2559.0</ele>
      </trkpt>
      <trkpt lat="38.12974" lon="-119.4419">
        <ele>2559.0</ele>
      </trkpt>
      <trkpt lat="38.12982" lon="-119.44183">
        <ele>2559.0</ele>
      </trkpt>
      <trkpt lat="38.13005" lon="-119.44175">
        <ele>2558.0</ele>
      </trkpt>
      <trkpt lat="38.1302" lon="-119.44163">
        <ele>2552.0</ele>
      </trkpt>
      <trkpt lat="38.13029" lon="-119.44166">
        <ele>2552.0</ele>
      </trkpt>
      <trkpt lat="38.13046" lon="-119.44198">
        <ele>2546.0</ele>
      </trkpt>
      <trkpt lat="38.13058" lon="-119.44209">
        <ele>2548.0</ele>
      </trkpt>
      <trkpt lat="38.13061" lon="-119.44217">
        <ele>2548.0</ele>
      </trkpt>
      <trkpt lat="38.13075" lon="-119.44231">
        <ele>2543.0</ele>
      </trkpt>
      <trkpt lat="38.13089" lon="-119.44235">
        <ele>2543.0</ele>
      </trkpt>
      <trkpt lat="38.13089" lon="-119.44243">
        <ele>2545.0</ele>
      </trkpt>
      <trkpt lat="38.13099" lon="-119.44249">
        <ele>2541.0</ele>
      </trkpt>
      <trkpt lat="38.13122" lon="-119.44281">
        <ele>2543.0</ele>
      </trkpt>
      <trkpt lat="38.1313" lon="-119.44297">
        <ele>2545.0</ele>
      </trkpt>
      <trkpt lat="38.1313" lon="-119.44302">
        <ele>2545.0</ele>
      </trkpt>
      <trkpt lat="38.13139" lon="-119.44326">
        <ele>2549.0</ele>
      </trkpt>
      <trkpt lat="38.13148" lon="-119.44324">
        <ele>2549.0</ele>
      </trkpt>
      <trkpt lat="38.13148" lon="-119.44329">
        <ele>2549.0</ele>
      </trkpt>
      <trkpt lat="38.1315" lon="-119.44331">
        <ele>2549.0</ele>
      </trkpt>
      <trkpt lat="38.1316" lon="-119.44313">
        <ele>2544.0</ele>
      </trkpt>
      <trkpt lat="38.132" lon="-119.44299">
        <ele>2548.0</ele>
      </trkpt>
      <trkpt lat="38.13208" lon="-119.44292">
        <ele>2548.0</ele>
      </trkpt>
      <trkpt lat="38.13213" lon="-119.44292">
        <ele>2551.0</ele>
      </trkpt>
      <trkpt lat="38.13222" lon="-119.44282">
        <ele>2544.0</ele>
      </trkpt>
      <trkpt lat="38.13252" lon="-119.44278">
        <ele>2543.0</ele>
      </trkpt>
      <trkpt lat="38.1327" lon="-119.4428">
        <ele>2541.0</ele>
      </trkpt>
      <trkpt lat="38.13283" lon="-119.44291">
        <ele>2541.0</ele>
      </trkpt>
      <trkpt lat="38.13293" lon="-119.44292">
        <ele>2547.0</ele>
      </trkpt>
      <trkpt lat="38.13309" lon="-119.443">
        <ele>2547.0</ele>
      </trkpt>
      <trkpt lat="38.13337" lon="-119.44306">
        <ele>2549.0</ele>
      </trkpt>
      <trkpt lat="38.13376" lon="-119.44301">
        <ele>2556.0</ele>
      </trkpt>
      <trkpt lat="38.13385" lon="-119.44288">
        <ele>2546.0</ele>
      </trkpt>
      <trkpt lat="38.1339" lon="-119.44289">
        <ele>2546.0</ele>
      </trkpt>
      <trkpt lat="38.13395" lon="-119.44285">
        <ele>2546.0</ele>
      </trkpt>
      <trkpt lat="38.13395" lon="-119.44282">
        <ele>2546.0</ele>
      </trkpt>
      <trkpt lat="38.1341" lon="-119.44269">
        <ele>2558.0</ele>
      </trkpt>
      <trkpt lat="38.13412" lon="-119.44276">
        <ele>2558.0</ele>
      </trkpt>
      <trkpt lat="38.13414" lon="-119.44277">
        <ele>2558.0</ele>
      </trkpt>
      <trkpt lat="38.13422" lon="-119.4427">
        <ele>2558.0</ele>
      </trkpt>
      <trkpt lat="38.13429" lon="-119.4427">
        <ele>2558.0</ele>
      </trkpt>
      <trkpt lat="38.13425" lon="-119.44275">
        <ele>2558.0</ele>
      </trkpt>
      <trkpt lat="38.13427" lon="-119.4428">
        <ele>2558.0</ele>
      </trkpt>
      <trkpt lat="38.13456" lon="-119.4429">
        <ele>2568.0</ele>
      </trkpt>
      <trkpt lat="38.13456" lon="-119.4429">
        <ele>2568.0</ele>
      </trkpt>
      <trkpt lat="38.13485" lon="-119.44293">
        <ele>2582.0</ele>
      </trkpt>
      <trkpt lat="38.13486" lon="-119.4429">
        <ele>2569.0</ele>
      </trkpt>
      <trkpt lat="38.1348" lon="-119.44285">
        <ele>2569.0</ele>
      </trkpt>
      <trkpt lat="38.13527" lon="-119.44263">
        <ele>2559.0</ele>
      </trkpt>
      <trkpt lat="38.13543" lon="-119.44249">
        <ele>2563.0</ele>
      </trkpt>
      <trkpt lat="38.13561" lon="-119.44228">
        <ele>2549.0</ele>
      </trkpt>
      <trkpt lat="38.13576" lon="-119.44215">
        <ele>2553.0</ele>
      </trkpt>
      <trkpt lat="38.13586" lon="-119.44211">
        <ele>2553.0</ele>
      </trkpt>
      <trkpt lat="38.13596" lon="-119.44192">
        <ele>2542.0</ele>
      </trkpt>
      <trkpt lat="38.13616" lon="-119.44182">
        <ele>2545.0</ele>
      </trkpt>
      <trkpt lat="38.13626" lon="-119.44182">
        <ele>2553.0</ele>
      </trkpt>
      <trkpt lat="38.13639" lon="-119.44173">
        <ele>2543.0</ele>
      </trkpt>
      <trkpt lat="38.13657" lon="-119.44148">
        <ele>2546.0</ele>
      </trkpt>
      <trkpt lat="38.13722" lon="-119.44116">
        <ele>2542.0</ele>
      </trkpt>
      <trkpt lat="38.13735" lon="-119.44106">
        <ele>2542.0</ele>
      </trkpt>
      <trkpt lat="38.13749" lon="-119.44102">
        <ele>2546.0</ele>
      </trkpt>
      <trkpt lat="38.13812" lon="-119.44057">
        <ele>2537.0</ele>
      </trkpt>
      <trkpt lat="38.13846" lon="-119.4403">
        <ele>2535.0</ele>
      </trkpt>
      <trkpt lat="38.1386" lon="-119.44033">
        <ele>2539.0</ele>
      </trkpt>
      <trkpt lat="38.13877" lon="-119.44028">
        <ele>2539.0</ele>
      </trkpt>
      <trkpt lat="38.13905" lon="-119.44029">
        <ele>2537.0</ele>
      </trkpt>
      <trkpt lat="38.13931" lon="-119.44036">
        <ele>2539.0</ele>
      </trkpt>
      <trkpt lat="38.13959" lon="-119.44015">
        <ele>2542.0</ele>
      </trkpt>
      <trkpt lat="38.13964" lon="-119.44015">
        <ele>2542.0</ele>
      </trkpt>
      <trkpt lat="38.13965" lon="-119.4401">
        <ele>2537.0</ele>
      </trkpt>
      <trkpt lat="38.13988" lon="-119.44001">
        <ele>2542.0</ele>
      </trkpt>
      <trkpt lat="38.14008" lon="-119.44">
        <ele>2542.0</ele>
      </trkpt>
      <trkpt lat="38.14047" lon="-119.43973">
        <ele>2542.0</ele>
      </trkpt>
      <trkpt lat="38.14062" lon="-119.43968">
        <ele>2542.0</ele>
      </trkpt>
      <trkpt lat="38.14122" lon="-119.43905">
        <ele>2536.0</ele>
      </trkpt>
      <trkpt lat="38.14127" lon="-119.43896">
        <ele>2534.0</ele>
      </trkpt>
      <trkpt lat="38.14129" lon="-119.43885">
        <ele>2534.0</ele>
      </trkpt>
      <trkpt lat="38.1414" lon="-119.43871">
        <ele>2529.0</ele>
      </trkpt>
      <trkpt lat="38.14144" lon="-119.43859">
        <ele>2529.0</ele>
      </trkpt>
      <trkpt lat="38.14166" lon="-119.43835">
        <ele>2528.0</ele>
      </trkpt>
      <trkpt lat="38.14164" lon="-119.43831">
        <ele>2528.0</ele>
      </trkpt>
      <trkpt lat="38.14155" lon="-119.43836">
        <ele>2528.0</ele>
      </trkpt>
      <trkpt lat="38.14153" lon="-119.4383">
        <ele>2528.0</ele>
      </trkpt>
      <trkpt lat="38.14155" lon="-119.43825">
        <ele>2528.0</ele>
      </trkpt>
      <trkpt lat="38.14159" lon="-119.43825">
        <ele>2528.0</ele>
      </trkpt>
      <trkpt lat="38.14163" lon="-119.43816">
        <ele>2523.0</ele>
      </trkpt>
      <trkpt lat="38.14176" lon="-119.43806">
        <ele>2523.0</ele>
      </trkpt>
      <trkpt lat="38.14185" lon="-119.43804">
        <ele>2528.0</ele>
      </trkpt>
      <trkpt lat="38.14191" lon="-119.43794">
        <ele>2528.0</ele>
      </trkpt>
      <trkpt lat="38.14203" lon="-119.43789">
        <ele>2524.0</ele>
      </trkpt>
      <trkpt lat="38.14209" lon="-119.43782">
        <ele>2523.0</ele>
      </trkpt>
      <trkpt lat="38.14245" lon="-119.43777">
        <ele>2526.0</ele>
      </trkpt>
      <trkpt lat="38.14256" lon="-119.4377">
        <ele>2526.0</ele>
      </trkpt>
      <trkpt lat="38.14265" lon="-119.43747">
        <ele>2528.0</ele>
      </trkpt>
      <trkpt lat="38.1427" lon="-119.43744">
        <ele>2528.0</ele>
      </trkpt>
      <trkpt lat="38.14281" lon="-119.43726">
        <ele>2526.0</ele>
      </trkpt>
      <trkpt lat="38.14281" lon="-119.43726">
        <ele>2526.0</ele>
      </trkpt>
      <trkpt lat="38.14281" lon="-119.43726">
        <ele>2526.0</ele>
      </trkpt>
      <trkpt lat="38.14297" lon="-119.43718">
        <ele>2530.0</ele>
      </trkpt>
      <trkpt lat="38.14322" lon="-119.43692">
        <ele>2529.0</ele>
      </trkpt>
      <trkpt lat="38.14365" lon="-119.43662">
        <ele>2528.0</ele>
      </trkpt>
      <trkpt lat="38.14403" lon="-119.43612">
        <ele>2528.0</ele>
      </trkpt>
      <trkpt lat="38.14425" lon="-119.43577">
        <ele>2527.0</ele>
      </trkpt>
      <trkpt lat="38.1444" lon="-119.43569">
        <ele>2528.0</ele>
      </trkpt>
      <trkpt lat="38.14481" lon="-119.43559">
        <ele>2524.0</ele>
      </trkpt>
      <trkpt lat="38.14489" lon="-119.43552">
        <ele>2520.0</ele>
      </trkpt>
      <trkpt lat="38.14492" lon="-119.43544">
        <ele>2520.0</ele>
      </trkpt>
      <trkpt lat="38.14497" lon="-119.4351">
        <ele>2517.0</ele>
      </trkpt>
      <trkpt lat="38.14502" lon="-119.43504">
        <ele>2517.0</ele>
      </trkpt>
      <trkpt lat="38.14517" lon="-119.43514">
        <ele>2516.0</ele>
      </trkpt>
      <trkpt lat="38.14536" lon="-119.43499">
        <ele>2514.0</ele>
      </trkpt>
      <trkpt lat="38.1455" lon="-119.43481">
        <ele>2510.0</ele>
      </trkpt>
      <trkpt lat="38.14559" lon="-119.43481">
        <ele>2510.0</ele>
      </trkpt>
      <trkpt lat="38.1456" lon="-119.43476">
        <ele>2510.0</ele>
      </trkpt>
      <trkpt lat="38.14551" lon="-119.43473">
        <ele>2510.0</ele>
      </trkpt>
      <trkpt lat="38.14557" lon="-119.43463">
        <ele>2510.0</ele>
      </trkpt>
      <trkpt lat="38.14555" lon="-119.43454">
        <ele>2504.0</ele>
      </trkpt>
      <trkpt lat="38.1455" lon="-119.43456">
        <ele>2504.0</ele>
      </trkpt>
      <trkpt lat="38.1455" lon="-119.43448">
        <ele>2504.0</ele>
      </trkpt>
      <trkpt lat="38.14558" lon="-119.43429">
        <ele>2501.0</ele>
      </trkpt>
      <trkpt lat="38.14578" lon="-119.4342">
        <ele>2501.0</ele>
      </trkpt>
      <trkpt lat="38.14588" lon="-119.43399">
        <ele>2498.0</ele>
      </trkpt>
      <trkpt lat="38.14594" lon="-119.43381">
        <ele>2498.0</ele>
      </trkpt>
      <trkpt lat="38.14612" lon="-119.43349">
        <ele>2493.0</ele>
      </trkpt>
      <trkpt lat="38.14616" lon="-119.43348">
        <ele>2493.0</ele>
      </trkpt>
      <trkpt lat="38.14624" lon="-119.43327">
        <ele>2491.0</ele>
      </trkpt>
      <trkpt lat="38.14615" lon="-119.43303">
        <ele>2487.0</ele>
      </trkpt>
      <trkpt lat="38.14616" lon="-119.43289">
        <ele>2481.0</ele>
      </trkpt>
      <trkpt lat="38.14619" lon="-119.43284">
        <ele>2481.0</ele>
      </trkpt>
      <trkpt lat="38.1463" lon="-119.43276">
        <ele>2479.0</ele>
      </trkpt>
      <trkpt lat="38.14637" lon="-119.43277">
        <ele>2479.0</ele>
      </trkpt>
      <trkpt lat="38.1465" lon="-119.43268">
        <ele>2479.0</ele>
      </trkpt>
      <trkpt lat="38.14661" lon="-119.43266">
        <ele>2479.0</ele>
      </trkpt>
      <trkpt lat="38.1467" lon="-119.43258">
        <ele>2477.0</ele>
      </trkpt>
      <trkpt lat="38.14677" lon="-119.43245">
        <ele>2477.0</ele>
      </trkpt>
      <trkpt lat="38.14681" lon="-119.43235">
        <ele>2475.0</ele>
      </trkpt>
      <trkpt lat="38.14676" lon="-119.4322">
        <ele>2473.0</ele>
      </trkpt>
      <trkpt lat="38.14676" lon="-119.43202">
        <ele>2471.0</ele>
      </trkpt>
      <trkpt lat="38.14683" lon="-119.43193">
        <ele>2473.0</ele>
      </trkpt>
      <trkpt lat="38.14692" lon="-119.43173">
        <ele>2473.0</ele>
      </trkpt>
      <trkpt lat="38.14688" lon="-119.43166">
        <ele>2473.0</ele>
      </trkpt>
      <trkpt lat="38.14684" lon="-119.43146">
        <ele>2471.0</ele>
      </trkpt>
      <trkpt lat="38.14677" lon="-119.43142">
        <ele>2472.0</ele>
      </trkpt>
      <trkpt lat="38.14673" lon="-119.4313">
        <ele>2472.0</ele>
      </trkpt>
      <trkpt lat="38.14677" lon="-119.43102">
        <ele>2471.0</ele>
      </trkpt>
      <trkpt lat="38.14674" lon="-119.43092">
        <ele>2470.0</ele>
      </trkpt>
      <trkpt lat="38.14681" lon="-119.43083">
        <ele>2467.0</ele>
      </trkpt>
      <trkpt lat="38.14687" lon="-119.43084">
        <ele>2467.0</ele>
      </trkpt>
      <trkpt lat="38.14689" lon="-119.43077">
        <ele>2467.0</ele>
      </trkpt>
      <trkpt lat="38.14688" lon="-119.43068">
        <ele>2464.0</ele>
      </trkpt>
      <trkpt lat="38.14693" lon="-119.43061">
        <ele>2464.0</ele>
      </trkpt>
      <trkpt lat="38.14696" lon="-119.43047">
        <ele>2464.0</ele>
      </trkpt>
      <trkpt lat="38.14701" lon="-119.43037">
        <ele>2461.0</ele>
      </trkpt>
      <trkpt lat="38.14707" lon="-119.43033">
        <ele>2461.0</ele>
      </trkpt>
      <trkpt lat="38.14707" lon="-119.43025">
        <ele>2461.0</ele>
      </trkpt>
      <trkpt lat="38.14712" lon="-119.43022">
        <ele>2461.0</ele>
      </trkpt>
      <trkpt lat="38.14714" lon="-119.43016">
        <ele>2461.0</ele>
      </trkpt>
      <trkpt lat="38.14712" lon="-119.4301">
        <ele>2456.0</ele>
      </trkpt>
      <trkpt lat="38.14711" lon="-119.43002">
        <ele>2456.0</ele>
      </trkpt>
      <trkpt lat="38.14715" lon="-119.42992">
        <ele>2456.0</ele>
      </trkpt>
      <trkpt lat="38.1472" lon="-119.42991">
        <ele>2456.0</ele>
      </trkpt>
      <trkpt lat="38.14724" lon="-119.42986">
        <ele>2451.0</ele>
      </trkpt>
      <trkpt lat="38.14721" lon="-119.42969">
        <ele>2451.0</ele>
      </trkpt>
      <trkpt lat="38.14724" lon="-119.42957">
        <ele>2445.0</ele>
      </trkpt>
      <trkpt lat="38.1473" lon="-119.42949">
        <ele>2445.0</ele>
      </trkpt>
      <trkpt lat="38.14729" lon="-119.42941">
        <ele>2445.0</ele>
      </trkpt>
      <trkpt lat="38.14739" lon="-119.42914">
        <ele>2442.0</ele>
      </trkpt>
      <trkpt lat="38.14741" lon="-119.42923">
        <ele>2442.0</ele>
      </trkpt>
      <trkpt lat="38.14744" lon="-119.42923">
        <ele>2442.0</ele>
      </trkpt>
      <trkpt lat="38.14749" lon="-119.42913">
        <ele>2442.0</ele>
      </trkpt>
      <trkpt lat="38.14752" lon="-119.42896">
        <ele>2436.0</ele>
      </trkpt>
      <trkpt lat="38.14757" lon="-119.42883">
        <ele>2436.0</ele>
      </trkpt>
      <trkpt lat="38.14755" lon="-119.42862">
        <ele>2433.0</ele>
      </trkpt>
      <trkpt lat="38.14757" lon="-119.42855">
        <ele>2433.0</ele>
      </trkpt>
      <trkpt lat="38.14764" lon="-119.42849">
        <ele>2437.0</ele>
      </trkpt>
      <trkpt lat="38.14777" lon="-119.42833">
        <ele>2435.0</ele>
      </trkpt>
      <trkpt lat="38.14777" lon="-119.42806">
        <ele>2432.0</ele>
      </trkpt>
      <trkpt lat="38.14782" lon="-119.42793">
        <ele>2432.0</ele>
      </trkpt>
      <trkpt lat="38.1478" lon="-119.42788">
        <ele>2428.0</ele>
      </trkpt>
      <trkpt lat="38.14776" lon="-119.42787">
        <ele>2428.0</ele>
      </trkpt>
      <trkpt lat="38.14771" lon="-119.42799">
        <ele>2432.0</ele>
      </trkpt>
      <trkpt lat="38.1472" lon="-119.42827">
        <ele>2423.0</ele>
      </trkpt>
      <trkpt lat="38.14718" lon="-119.42825">
        <ele>2423.0</ele>
      </trkpt>
      <trkpt lat="38.14728" lon="-119.42796">
        <ele>2420.0</ele>
      </trkpt>
      <trkpt lat="38.14726" lon="-119.42783">
        <ele>2416.0</ele>
      </trkpt>
      <trkpt lat="38.14733" lon="-119.42765">
        <ele>2416.0</ele>
      </trkpt>
      <trkpt lat="38.1473" lon="-119.42703">
        <ele>2401.0</ele>
      </trkpt>
      <trkpt lat="38.14735" lon="-119.42691">
        <ele>2401.0</ele>
      </trkpt>
      <trkpt lat="38.14733" lon="-119.42689">
        <ele>2401.0</ele>
      </trkpt>
      <trkpt lat="38.14726" lon="-119.42694">
        <ele>2401.0</ele>
      </trkpt>
      <trkpt lat="38.1472" lon="-119.42701">
        <ele>2401.0</ele>
      </trkpt>
      <trkpt lat="38.14699" lon="-119.42711">
        <ele>2403.0</ele>
      </trkpt>
      <trkpt lat="38.14693" lon="-119.42732">
        <ele>2403.0</ele>
      </trkpt>
      <trkpt lat="38.14694" lon="-119.42739">
        <ele>2406.0</ele>
      </trkpt>
      <trkpt lat="38.14692" lon="-119.42747">
        <ele>2406.0</ele>
      </trkpt>
      <trkpt lat="38.14673" lon="-119.4275">
        <ele>2397.0</ele>
      </trkpt>
      <trkpt lat="38.14671" lon="-119.42747">
        <ele>2397.0</ele>
      </trkpt>
      <trkpt lat="38.1468" lon="-119.42731">
        <ele>2395.0</ele>
      </trkpt>
      <trkpt lat="38.14674" lon="-119.42702">
        <ele>2392.0</ele>
      </trkpt>
      <trkpt lat="38.14655" lon="-119.4273">
        <ele>2395.0</ele>
      </trkpt>
      <trkpt lat="38.14646" lon="-119.4273">
        <ele>2390.0</ele>
      </trkpt>
      <trkpt lat="38.14647" lon="-119.4272">
        <ele>2390.0</ele>
      </trkpt>
      <trkpt lat="38.14654" lon="-119.42703">
        <ele>2392.0</ele>
      </trkpt>
      <trkpt lat="38.14649" lon="-119.42684">
        <ele>2388.0</ele>
      </trkpt>
      <trkpt lat="38.14647" lon="-119.42685">
        <ele>2388.0</ele>
      </trkpt>
      <trkpt lat="38.14641" lon="-119.42706">
        <ele>2388.0</ele>
      </trkpt>
      <trkpt lat="38.14634" lon="-119.42708">
        <ele>2388.0</ele>
      </trkpt>
      <trkpt lat="38.14631" lon="-119.42713">
        <ele>2390.0</ele>
      </trkpt>
      <trkpt lat="38.14629" lon="-119.4271">
        <ele>2390.0</ele>
      </trkpt>
      <trkpt lat="38.1463" lon="-119.42682">
        <ele>2388.0</ele>
      </trkpt>
      <trkpt lat="38.14624" lon="-119.42678">
        <ele>2380.0</ele>
      </trkpt>
      <trkpt lat="38.1462" lon="-119.42691">
        <ele>2382.0</ele>
      </trkpt>
      <trkpt lat="38.14604" lon="-119.42687">
        <ele>2382.0</ele>
      </trkpt>
      <trkpt lat="38.14601" lon="-119.42681">
        <ele>2382.0</ele>
      </trkpt>
      <trkpt lat="38.14611" lon="-119.42667">
        <ele>2380.0</ele>
      </trkpt>
      <trkpt lat="38.14598" lon="-119.4266">
        <ele>2380.0</ele>
      </trkpt>
      <trkpt lat="38.14592" lon="-119.4266">
        <ele>2376.0</ele>
      </trkpt>
      <trkpt lat="38.1459" lon="-119.42656">
        <ele>2376.0</ele>
      </trkpt>
      <trkpt lat="38.14592" lon="-119.4265">
        <ele>2375.0</ele>
      </trkpt>
      <trkpt lat="38.14612" lon="-119.42637">
        <ele>2376.0</ele>
      </trkpt>
      <trkpt lat="38.14612" lon="-119.42634">
        <ele>2376.0</ele>
      </trkpt>
      <trkpt lat="38.14603" lon="-119.4263">
        <ele>2376.0</ele>
      </trkpt>
      <trkpt lat="38.1459" lon="-119.42615">
        <ele>2370.0</ele>
      </trkpt>
      <trkpt lat="38.14563" lon="-119.4261">
        <ele>2369.0</ele>
      </trkpt>
      <trkpt lat="38.14557" lon="-119.42597">
        <ele>2364.0</ele>
      </trkpt>
      <trkpt lat="38.14561" lon="-119.4258">
        <ele>2364.0</ele>
      </trkpt>
      <trkpt lat="38.14553" lon="-119.42566">
        <ele>2357.0</ele>
      </trkpt>
      <trkpt lat="38.14542" lon="-119.42556">
        <ele>2357.0</ele>
      </trkpt>
      <trkpt lat="38.14543" lon="-119.4255">
        <ele>2357.0</ele>
      </trkpt>
      <trkpt lat="38.14547" lon="-119.42546">
        <ele>2357.0</ele>
      </trkpt>
      <trkpt lat="38.14541" lon="-119.42526">
        <ele>2356.0</ele>
      </trkpt>
      <trkpt lat="38.14544" lon="-119.42517">
        <ele>2351.0</ele>
      </trkpt>
      <trkpt lat="38.14543" lon="-119.42502">
        <ele>2349.0</ele>
      </trkpt>
      <trkpt lat="38.14536" lon="-119.42489">
        <ele>2352.0</ele>
      </trkpt>
      <trkpt lat="38.14537" lon="-119.42478">
        <ele>2349.0</ele>
      </trkpt>
      <trkpt lat="38.14541" lon="-119.42474">
        <ele>2349.0</ele>
      </trkpt>
      <trkpt lat="38.14551" lon="-119.42451">
        <ele>2344.0</ele>
      </trkpt>
      <trkpt lat="38.1455" lon="-119.42426">
        <ele>2343.0</ele>
      </trkpt>
      <trkpt lat="38.14544" lon="-119.42406">
        <ele>2343.0</ele>
      </trkpt>
      <trkpt lat="38.14545" lon="-119.42385">
        <ele>2341.0</ele>
      </trkpt>
      <trkpt lat="38.14538" lon="-119.42379">
        <ele>2340.0</ele>
      </trkpt>
      <trkpt lat="38.14527" lon="-119.42348">
        <ele>2340.0</ele>
      </trkpt>
      <trkpt lat="38.14524" lon="-119.42317">
        <ele>2342.0</ele>
      </trkpt>
      <trkpt lat="38.14528" lon="-119.42139">
        <ele>2333.0</ele>
      </trkpt>
      <trkpt lat="38.14528" lon="-119.42139">
        <ele>2333.0</ele>
      </trkpt>
      <trkpt lat="38.14531" lon="-119.42114">
        <ele>2334.0</ele>
      </trkpt>
      <trkpt lat="38.1453" lon="-119.42071">
        <ele>2336.0</ele>
      </trkpt>
      <trkpt lat="38.14528" lon="-119.42061">
        <ele>2337.0</ele>
      </trkpt>
      <trkpt lat="38.14529" lon="-119.42026">
        <ele>2338.0</ele>
      </trkpt>
      <trkpt lat="38.14542" lon="-119.41938">
        <ele>2334.0</ele>
      </trkpt>
      <trkpt lat="38.14548" lon="-119.4184">
        <ele>2328.0</ele>
      </trkpt>
      <trkpt lat="38.14546" lon="-119.41826">
        <ele>2328.0</ele>
      </trkpt>
      <trkpt lat="38.14549" lon="-119.41797">
        <ele>2327.0</ele>
      </trkpt>
      <trkpt lat="38.14549" lon="-119.41749">
        <ele>2325.0</ele>
      </trkpt>
      <trkpt lat="38.1455" lon="-119.41743">
        <ele>2325.0</ele>
      </trkpt>
      <trkpt lat="38.14548" lon="-119.41734">
        <ele>2326.0</ele>
      </trkpt>
      <trkpt lat="38.1455" lon="-119.4173">
        <ele>2326.0</ele>
      </trkpt>
      <trkpt lat="38.145507969253" lon="-119.416789967808">
        <ele>2326.0</ele>
      </trkpt>
      <trkpt lat="38.145507969253" lon="-119.416789967808">
        <ele>2326.0</ele>
      </trkpt>
      <trkpt lat="38.14551" lon="-119.41666">
        <ele>2326.0</ele>
      </trkpt>
      <trkpt lat="38.14547" lon="-119.41517">
        <ele>2324.0</ele>
      </trkpt>
      <trkpt lat="38.14544" lon="-119.41487">
        <ele>2322.0</ele>
      </trkpt>
      <trkpt lat="38.14549" lon="-119.41443">
        <ele>2318.0</ele>
      </trkpt>
      <trkpt lat="38.1456" lon="-119.41419">
        <ele>2316.0</ele>
      </trkpt>
      <trkpt lat="38.14561" lon="-119.41399">
        <ele>2314.0</ele>
      </trkpt>
      <trkpt lat="38.14553" lon="-119.41358">
        <ele>2312.0</ele>
      </trkpt>
      <trkpt lat="38.14554" lon="-119.41344">
        <ele>2310.0</ele>
      </trkpt>
      <trkpt lat="38.14559" lon="-119.41331">
        <ele>2310.0</ele>
      </trkpt>
      <trkpt lat="38.14561" lon="-119.41317">
        <ele>2309.0</ele>
      </trkpt>
      <trkpt lat="38.14575" lon="-119.41282">
        <ele>2310.0</ele>
      </trkpt>
      <trkpt lat="38.14610790210387" lon="-119.4120544871667">
        <ele>2305.0</ele>
      </trkpt>
      <trkpt lat="38.14610790210902" lon="-119.4120544871667">
        <ele>2305.0</ele>
      </trkpt>
      <trkpt lat="38.14611" lon="-119.41205">
        <ele>2305.0</ele>
      </trkpt>
      <trkpt lat="38.14623" lon="-119.4117">
        <ele>2303.0</ele>
      </trkpt>
      <trkpt lat="38.14624" lon="-119.41152">
        <ele>2299.0</ele>
      </trkpt>
      <trkpt lat="38.14668" lon="-119.41109">
        <ele>2302.0</ele>
      </trkpt>
      <trkpt lat="38.14697" lon="-119.41087">
        <ele>2299.0</ele>
      </trkpt>
      <trkpt lat="38.14744" lon="-119.41063">
        <ele>2299.0</ele>
      </trkpt>
      <trkpt lat="38.14756" lon="-119.41052">
        <ele>2299.0</ele>
      </trkpt>
      <trkpt lat="38.14767" lon="-119.4105">
        <ele>2298.0</ele>
      </trkpt>
      <trkpt lat="38.14794" lon="-119.41012">
        <ele>2295.0</ele>
      </trkpt>
      <trkpt lat="38.14803" lon="-119.40989">
        <ele>2295.0</ele>
      </trkpt>
      <trkpt lat="38.14818" lon="-119.40957">
        <ele>2294.0</ele>
      </trkpt>
      <trkpt lat="38.14819" lon="-119.40946">
        <ele>2294.0</ele>
      </trkpt>
      <trkpt lat="38.14806" lon="-119.40918">
        <ele>2294.0</ele>
      </trkpt>
      <trkpt lat="38.14802" lon="-119.40915">
        <ele>2294.0</ele>
      </trkpt>
      <trkpt lat="38.148" lon="-119.40907">
        <ele>2294.0</ele>
      </trkpt>
      <trkpt lat="38.14794" lon="-119.40897">
        <ele>2293.0</ele>
      </trkpt>
      <trkpt lat="38.14794" lon="-119.40892">
        <ele>2293.0</ele>
      </trkpt>
      <trkpt lat="38.14774" lon="-119.40849">
        <ele>2289.0</ele>
      </trkpt>
      <trkpt lat="38.14771" lon="-119.40837">
        <ele>2288.0</ele>
      </trkpt>
      <trkpt lat="38.14774" lon="-119.40788">
        <ele>2291.0</ele>
      </trkpt>
      <trkpt lat="38.14788" lon="-119.40739">
        <ele>2292.0</ele>
      </trkpt>
      <trkpt lat="38.14805" lon="-119.40665">
        <ele>2296.0</ele>
      </trkpt>
      <trkpt lat="38.14809" lon="-119.40584">
        <ele>2291.0</ele>
      </trkpt>
      <trkpt lat="38.14812" lon="-119.40554">
        <ele>2293.0</ele>
      </trkpt>
      <trkpt lat="38.14812" lon="-119.40507">
        <ele>2294.0</ele>
      </trkpt>
      <trkpt lat="38.1483" lon="-119.40418">
        <ele>2290.0</ele>
      </trkpt>
      <trkpt lat="38.14834" lon="-119.40356">
        <ele>2285.0</ele>
      </trkpt>
      <trkpt lat="38.14845" lon="-119.40336">
        <ele>2284.0</ele>
      </trkpt>
      <trkpt lat="38.14852" lon="-119.40313">
        <ele>2280.0</ele>
      </trkpt>
      <trkpt lat="38.14861" lon="-119.40264">
        <ele>2278.0</ele>
      </trkpt>
      <trkpt lat="38.14879" lon="-119.40217">
        <ele>2276.0</ele>
      </trkpt>
      <trkpt lat="38.14876" lon="-119.40189">
        <ele>2275.0</ele>
      </trkpt>
      <trkpt lat="38.14887" lon="-119.40173">
        <ele>2271.0</ele>
      </trkpt>
      <trkpt lat="38.14888" lon="-119.4015">
        <ele>2271.0</ele>
      </trkpt>
      <trkpt lat="38.14893" lon="-119.40133">
        <ele>2271.0</ele>
      </trkpt>
      <trkpt lat="38.14906" lon="-119.40108">
        <ele>2264.0</ele>
      </trkpt>
      <trkpt lat="38.14904" lon="-119.40071">
        <ele>2260.0</ele>
      </trkpt>
      <trkpt lat="38.14901" lon="-119.4006">
        <ele>2260.0</ele>
      </trkpt>
      <trkpt lat="38.14918" lon="-119.39991">
        <ele>2254.0</ele>
      </trkpt>
      <trkpt lat="38.14918" lon="-119.39971">
        <ele>2255.0</ele>
      </trkpt>
      <trkpt lat="38.14924" lon="-119.39941">
        <ele>2254.0</ele>
      </trkpt>
      <trkpt lat="38.14924" lon="-119.39941">
        <ele>2254.0</ele>
      </trkpt>
      <trkpt lat="38.14937" lon="-119.39873">
        <ele>2255.0</ele>
      </trkpt>
      <trkpt lat="38.14934" lon="-119.39824">
        <ele>2255.0</ele>
      </trkpt>
      <trkpt lat="38.14938" lon="-119.39801">
        <ele>2253.0</ele>
      </trkpt>
      <trkpt lat="38.14948" lon="-119.39784">
        <ele>2253.0</ele>
      </trkpt>
      <trkpt lat="38.1495" lon="-119.39766">
        <ele>2253.0</ele>
      </trkpt>
      <trkpt lat="38.14949" lon="-119.39749">
        <ele>2250.0</ele>
      </trkpt>
      <trkpt lat="38.14963" lon="-119.39733">
        <ele>2252.0</ele>
      </trkpt>
      <trkpt lat="38.14964" lon="-119.39697">
        <ele>2252.0</ele>
      </trkpt>
      <trkpt lat="38.1497" lon="-119.39682">
        <ele>2252.0</ele>
      </trkpt>
      <trkpt lat="38.14986" lon="-119.39679">
        <ele>2253.0</ele>
      </trkpt>
      <trkpt lat="38.14983" lon="-119.39666">
        <ele>2253.0</ele>
      </trkpt>
      <trkpt lat="38.14969" lon="-119.39648">
        <ele>2250.0</ele>
      </trkpt>
      <trkpt lat="38.14962" lon="-119.39597">
        <ele>2246.0</ele>
      </trkpt>
      <trkpt lat="38.14944" lon="-119.39542">
        <ele>2231.0</ele>
      </trkpt>
      <trkpt lat="38.1492" lon="-119.39496">
        <ele>2224.0</ele>
      </trkpt>
      <trkpt lat="38.14906" lon="-119.39474">
        <ele>2225.0</ele>
      </trkpt>
      <trkpt lat="38.14895" lon="-119.39462">
        <ele>2220.0</ele>
      </trkpt>
      <trkpt lat="38.14888" lon="-119.3944">
        <ele>2218.0</ele>
      </trkpt>
      <trkpt lat="38.14882" lon="-119.39414">
        <ele>2219.0</ele>
      </trkpt>
      <trkpt lat="38.14901" lon="-119.39332">
        <ele>2222.0</ele>
      </trkpt>
      <trkpt lat="38.149" lon="-119.39302">
        <ele>2223.0</ele>
      </trkpt>
      <trkpt lat="38.14882" lon="-119.39263">
        <ele>2229.0</ele>
      </trkpt>
      <trkpt lat="38.14872" lon="-119.39228">
        <ele>2226.0</ele>
      </trkpt>
      <trkpt lat="38.1484" lon="-119.39234">
        <ele>2222.0</ele>
      </trkpt>
      <trkpt lat="38.1481" lon="-119.39228">
        <ele>2218.0</ele>
      </trkpt>
      <trkpt lat="38.14793" lon="-119.39215">
        <ele>2218.0</ele>
      </trkpt>
      <trkpt lat="38.1478" lon="-119.39193">
        <ele>2211.0</ele>
      </trkpt>
      <trkpt lat="38.14765" lon="-119.39182">
        <ele>2211.0</ele>
      </trkpt>
      <trkpt lat="38.14751" lon="-119.39164">
        <ele>2205.0</ele>
      </trkpt>
      <trkpt lat="38.14722" lon="-119.39139">
        <ele>2198.0</ele>
      </trkpt>
      <trkpt lat="38.14715" lon="-119.39131">
        <ele>2198.0</ele>
      </trkpt>
      <trkpt lat="38.14697" lon="-119.39069">
        <ele>2196.0</ele>
      </trkpt>
      <trkpt lat="38.14694" lon="-119.39015">
        <ele>2197.0</ele>
      </trkpt>
      <trkpt lat="38.14684" lon="-119.39009">
        <ele>2197.0</ele>
      </trkpt>
      <trkpt lat="38.14681" lon="-119.3899">
        <ele>2197.0</ele>
      </trkpt>
      <trkpt lat="38.14682" lon="-119.38967">
        <ele>2197.0</ele>
      </trkpt>
      <trkpt lat="38.14687" lon="-119.38956">
        <ele>2200.0</ele>
      </trkpt>
      <trkpt lat="38.14679" lon="-119.38859">
        <ele>2197.0</ele>
      </trkpt>
      <trkpt lat="38.14677" lon="-119.38751">
        <ele>2190.0</ele>
      </trkpt>
      <trkpt lat="38.14673" lon="-119.38732">
        <ele>2192.0</ele>
      </trkpt>
      <trkpt lat="38.14654" lon="-119.3871">
        <ele>2192.0</ele>
      </trkpt>
      <trkpt lat="38.14652266526419" lon="-119.3870191045662">
        <ele>2187.0</ele>
      </trkpt>
      <trkpt lat="38.14652" lon="-119.38702">
        <ele>2187.0</ele>
      </trkpt>
      <trkpt lat="38.14594" lon="-119.38744">
        <ele>2186.0</ele>
      </trkpt>
      <trkpt lat="38.14543" lon="-119.38794">
        <ele>2177.0</ele>
      </trkpt>
      <trkpt lat="38.14518" lon="-119.38804">
        <ele>2174.0</ele>
      </trkpt>
      <trkpt lat="38.14494" lon="-119.3878">
        <ele>2175.0</ele>
      </trkpt>
      <trkpt lat="38.14459" lon="-119.38685">
        <ele>2177.0</ele>
      </trkpt>
      <trkpt lat="38.14435" lon="-119.38688">
        <ele>2183.0</ele>
      </trkpt>
      <trkpt lat="38.14428" lon="-119.38651">
        <ele>2179.0</ele>
      </trkpt>
      <trkpt lat="38.14432" lon="-119.38578">
        <ele>2175.0</ele>
      </trkpt>
      <trkpt lat="38.14437" lon="-119.38541">
        <ele>2179.0</ele>
      </trkpt>
      <trkpt lat="38.14442683828034" lon="-119.3852607995141">
        <ele>2179.0</ele>
      </trkpt>
      <trkpt lat="38.14442683828937" lon="-119.3852607995141">
        <ele>2179.0</ele>
      </trkpt>
      <trkpt lat="38.14445" lon="-119.3852">
        <ele>2179.0</ele>
      </trkpt>
      <trkpt lat="38.14444" lon="-119.38486">
        <ele>2179.0</ele>
      </trkpt>
      <trkpt lat="38.14448" lon="-119.38457">
        <ele>2178.0</ele>
      </trkpt>
      <trkpt lat="38.14459" lon="-119.38429">
        <ele>2177.0</ele>
      </trkpt>
      <trkpt lat="38.14458" lon="-119.38413">
        <ele>2177.0</ele>
      </trkpt>
      <trkpt lat="38.14426" lon="-119.38384">
        <ele>2181.0</ele>
      </trkpt>
      <trkpt lat="38.14416" lon="-119.38367">
        <ele>2182.0</ele>
      </trkpt>
      <trkpt lat="38.14413" lon="-119.38346">
        <ele>2183.0</ele>
      </trkpt>
      <trkpt lat="38.14422" lon="-119.38299">
        <ele>2182.0</ele>
      </trkpt>
      <trkpt lat="38.14417" lon="-119.3828">
        <ele>2183.0</ele>
      </trkpt>
      <trkpt lat="38.14417" lon="-119.38261">
        <ele>2181.0</ele>
      </trkpt>
      <trkpt lat="38.14434" lon="-119.38223">
        <ele>2179.0</ele>
      </trkpt>
      <trkpt lat="38.14434364420546" lon="-119.382220895216">
        <ele>2179.0</ele>
      </trkpt>
      <trkpt lat="38.14459" lon="-119.38238">
        <ele>2179.0</ele>
      </trkpt>
      <trkpt lat="38.14459" lon="-119.38238">
        <ele>2179.0</ele>
      </trkpt>
      <trkpt lat="38.14459" lon="-119.38238">
        <ele>2179.0</ele>
      </trkpt>
      <trkpt lat="38.14457" lon="-119.3818">
        <ele>2177.0</ele>
      </trkpt>
      <trkpt lat="38.14463" lon="-119.3815">
        <ele>2179.0</ele>
      </trkpt>
      <trkpt lat="38.14482" lon="-119.38116">
        <ele>2177.0</ele>
      </trkpt>
      <trkpt lat="38.14484939272004" lon="-119.3810923967439">
        <ele>2177.0</ele>
      </trkpt>
      <trkpt lat="38.14484939273427" lon="-119.3810923967439">
        <ele>2177.0</ele>
      </trkpt>
      <trkpt lat="38.14492" lon="-119.38093">
        <ele>2169.0</ele>
      </trkpt>
      <trkpt lat="38.14481" lon="-119.37986">
        <ele>2175.0</ele>
      </trkpt>
      <trkpt lat="38.14481" lon="-119.37986">
        <ele>2175.0</ele>
      </trkpt>
      <trkpt lat="38.14481" lon="-119.37986">
        <ele>2175.0</ele>
      </trkpt>
      <trkpt lat="38.14491" lon="-119.37922">
        <ele>2160.0</ele>
      </trkpt>
      <trkpt lat="38.14491" lon="-119.37922">
        <ele>2160.0</ele>
      </trkpt>
      <trkpt lat="38.14499" lon="-119.37927">
        <ele>2160.0</ele>
      </trkpt>
      <trkpt lat="38.14519" lon="-119.37924">
        <ele>2162.0</ele>
      </trkpt>
      <trkpt lat="38.14539" lon="-119.37902">
        <ele>2161.0</ele>
      </trkpt>
      <trkpt lat="38.14546" lon="-119.37875">
        <ele>2162.0</ele>
      </trkpt>
      <trkpt lat="38.14546" lon="-119.37875">
        <ele>2162.0</ele>
      </trkpt>
      <trkpt lat="38.14563" lon="-119.37865">
        <ele>2162.0</ele>
      </trkpt>
      <trkpt lat="38.14563" lon="-119.37865">
        <ele>2162.0</ele>
      </trkpt>
      <trkpt lat="38.14579" lon="-119.37851">
        <ele>2166.0</ele>
      </trkpt>
      <trkpt lat="38.14580850819471" lon="-119.3785053729513">
        <ele>2166.0</ele>
      </trkpt>
      <trkpt lat="38.14580850821267" lon="-119.3785053729513">
        <ele>2166.0</ele>
      </trkpt>
      <trkpt lat="38.14595" lon="-119.37847">
        <ele>2165.0</ele>
      </trkpt>
      <trkpt lat="38.14619" lon="-119.37873">
        <ele>2170.0</ele>
      </trkpt>
      <trkpt lat="38.14619" lon="-119.37873">
        <ele>2170.0</ele>
      </trkpt>
      <trkpt lat="38.14649005107297" lon="-119.3786202252172">
        <ele>2170.0</ele>
      </trkpt>
      <trkpt lat="38.14649" lon="-119.37862">
        <ele>2170.0</ele>
      </trkpt>
      <trkpt lat="38.14655" lon="-119.37796">
        <ele>2165.0</ele>
      </trkpt>
      <trkpt lat="38.14655493016075" lon="-119.3779461955499">
        <ele>2165.0</ele>
      </trkpt>
      <trkpt lat="38.14657258492105" lon="-119.3779563903809">
        <ele>2165.0</ele>
      </trkpt>
    </trkseg>
  </trk>
</gpx>
