<?xml version="1.0" encoding="UTF-8"?>
<gpx xmlns:xsi="http://www.w3.org/2001/XMLSchema-instance" version="1.1" creator="The Outbound Collective, Inc. 1.1.1 -- https://www.theoutbound.com" xsi:schemaLocation="http://www.topografix.com/GPX/1/1 http://www.topografix.com/GPX/1/1/gpx.xsd">
  <metadata>
    <name/>
    <time>2026-02-19T21:52:14+00:00</time>
    <bound minlat="37.73969028626248" minlon="-119.60643" maxlat="37.79172" maxlon="-119.53663"/>
  </metadata>
  <trk>
    <name/>
    <trkseg>
      <trkpt lat="37.74223071662162" lon="-119.6017867326737">
        <ele>1214.0</ele>
      </trkpt>
      <trkpt lat="37.74223217296479" lon="-119.6017846366163">
        <ele>1214.0</ele>
      </trkpt>
      <trkpt lat="37.7423" lon="-119.60186">
        <ele>1215.0</ele>
      </trkpt>
      <trkpt lat="37.7423002501635" lon="-119.6018602578114">
        <ele>1215.0</ele>
      </trkpt>
      <trkpt lat="37.74221" lon="-119.602">
        <ele>1215.0</ele>
      </trkpt>
      <trkpt lat="37.74221" lon="-119.602">
        <ele>1215.0</ele>
      </trkpt>
      <trkpt lat="37.74252" lon="-119.60238">
        <ele>1220.0</ele>
      </trkpt>
      <trkpt lat="37.74256" lon="-119.60252">
        <ele>1220.0</ele>
      </trkpt>
      <trkpt lat="37.74261" lon="-119.60261">
        <ele>1220.0</ele>
      </trkpt>
      <trkpt lat="37.74272" lon="-119.60319">
        <ele>1233.0</ele>
      </trkpt>
      <trkpt lat="37.74272" lon="-119.60319">
        <ele>1233.0</ele>
      </trkpt>
      <trkpt lat="37.74286" lon="-119.6033">
        <ele>1238.0</ele>
      </trkpt>
      <trkpt lat="37.74298" lon="-119.60328">
        <ele>1245.0</ele>
      </trkpt>
      <trkpt lat="37.74301" lon="-119.60333">
        <ele>1245.0</ele>
      </trkpt>
      <trkpt lat="37.74304" lon="-119.60344">
        <ele>1245.0</ele>
      </trkpt>
      <trkpt lat="37.74307" lon="-119.60345">
        <ele>1245.0</ele>
      </trkpt>
      <trkpt lat="37.74312" lon="-119.60343">
        <ele>1245.0</ele>
      </trkpt>
      <trkpt lat="37.74316" lon="-119.60337">
        <ele>1245.0</ele>
      </trkpt>
      <trkpt lat="37.74317041470262" lon="-119.6032970970817">
        <ele>1245.0</ele>
      </trkpt>
      <trkpt lat="37.74317041470401" lon="-119.6032970970817">
        <ele>1245.0</ele>
      </trkpt>
      <trkpt lat="37.74319" lon="-119.60316">
        <ele>1241.0</ele>
      </trkpt>
      <trkpt lat="37.74329" lon="-119.60315">
        <ele>1243.0</ele>
      </trkpt>
      <trkpt lat="37.74333" lon="-119.60324">
        <ele>1247.0</ele>
      </trkpt>
      <trkpt lat="37.74333" lon="-119.60348">
        <ele>1251.0</ele>
      </trkpt>
      <trkpt lat="37.7434" lon="-119.6036">
        <ele>1251.0</ele>
      </trkpt>
      <trkpt lat="37.74348" lon="-119.60355">
        <ele>1257.0</ele>
      </trkpt>
      <trkpt lat="37.74353" lon="-119.6034">
        <ele>1251.0</ele>
      </trkpt>
      <trkpt lat="37.74353" lon="-119.60367">
        <ele>1257.0</ele>
      </trkpt>
      <trkpt lat="37.74356" lon="-119.60366">
        <ele>1257.0</ele>
      </trkpt>
      <trkpt lat="37.74358" lon="-119.60355">
        <ele>1257.0</ele>
      </trkpt>
      <trkpt lat="37.74364" lon="-119.60348">
        <ele>1257.0</ele>
      </trkpt>
      <trkpt lat="37.74366" lon="-119.60367">
        <ele>1257.0</ele>
      </trkpt>
      <trkpt lat="37.74385" lon="-119.6036">
        <ele>1262.0</ele>
      </trkpt>
      <trkpt lat="37.74383" lon="-119.60374">
        <ele>1262.0</ele>
      </trkpt>
      <trkpt lat="37.7439" lon="-119.60368">
        <ele>1262.0</ele>
      </trkpt>
      <trkpt lat="37.74392" lon="-119.60369">
        <ele>1262.0</ele>
      </trkpt>
      <trkpt lat="37.7439" lon="-119.60378">
        <ele>1270.0</ele>
      </trkpt>
      <trkpt lat="37.74393" lon="-119.60379">
        <ele>1270.0</ele>
      </trkpt>
      <trkpt lat="37.74392" lon="-119.60384">
        <ele>1270.0</ele>
      </trkpt>
      <trkpt lat="37.74396" lon="-119.60388">
        <ele>1270.0</ele>
      </trkpt>
      <trkpt lat="37.744" lon="-119.60383">
        <ele>1270.0</ele>
      </trkpt>
      <trkpt lat="37.74404" lon="-119.60388">
        <ele>1281.0</ele>
      </trkpt>
      <trkpt lat="37.74404" lon="-119.60393">
        <ele>1281.0</ele>
      </trkpt>
      <trkpt lat="37.74399" lon="-119.60402">
        <ele>1270.0</ele>
      </trkpt>
      <trkpt lat="37.74411" lon="-119.60406">
        <ele>1291.0</ele>
      </trkpt>
      <trkpt lat="37.74416" lon="-119.60401">
        <ele>1281.0</ele>
      </trkpt>
      <trkpt lat="37.74415" lon="-119.60411">
        <ele>1291.0</ele>
      </trkpt>
      <trkpt lat="37.74417" lon="-119.60412">
        <ele>1291.0</ele>
      </trkpt>
      <trkpt lat="37.74411" lon="-119.60422">
        <ele>1291.0</ele>
      </trkpt>
      <trkpt lat="37.74421" lon="-119.60422">
        <ele>1291.0</ele>
      </trkpt>
      <trkpt lat="37.74421" lon="-119.60425">
        <ele>1291.0</ele>
      </trkpt>
      <trkpt lat="37.74417" lon="-119.60429">
        <ele>1291.0</ele>
      </trkpt>
      <trkpt lat="37.74418" lon="-119.60431">
        <ele>1301.0</ele>
      </trkpt>
      <trkpt lat="37.74423" lon="-119.60429">
        <ele>1291.0</ele>
      </trkpt>
      <trkpt lat="37.74432" lon="-119.60418">
        <ele>1301.0</ele>
      </trkpt>
      <trkpt lat="37.74431" lon="-119.60432">
        <ele>1309.0</ele>
      </trkpt>
      <trkpt lat="37.74439" lon="-119.60422">
        <ele>1301.0</ele>
      </trkpt>
      <trkpt lat="37.74436" lon="-119.60431">
        <ele>1309.0</ele>
      </trkpt>
      <trkpt lat="37.74438" lon="-119.60443">
        <ele>1309.0</ele>
      </trkpt>
      <trkpt lat="37.74434" lon="-119.60449">
        <ele>1309.0</ele>
      </trkpt>
      <trkpt lat="37.74426" lon="-119.60455">
        <ele>1301.0</ele>
      </trkpt>
      <trkpt lat="37.74431" lon="-119.6046">
        <ele>1314.0</ele>
      </trkpt>
      <trkpt lat="37.74442" lon="-119.6046">
        <ele>1314.0</ele>
      </trkpt>
      <trkpt lat="37.74449" lon="-119.60456">
        <ele>1309.0</ele>
      </trkpt>
      <trkpt lat="37.74451" lon="-119.60459">
        <ele>1314.0</ele>
      </trkpt>
      <trkpt lat="37.74434" lon="-119.60475">
        <ele>1314.0</ele>
      </trkpt>
      <trkpt lat="37.74434" lon="-119.60477">
        <ele>1314.0</ele>
      </trkpt>
      <trkpt lat="37.74449" lon="-119.60472">
        <ele>1314.0</ele>
      </trkpt>
      <trkpt lat="37.74467" lon="-119.60475">
        <ele>1327.0</ele>
      </trkpt>
      <trkpt lat="37.74466" lon="-119.60479">
        <ele>1327.0</ele>
      </trkpt>
      <trkpt lat="37.7445" lon="-119.60493">
        <ele>1335.0</ele>
      </trkpt>
      <trkpt lat="37.74461" lon="-119.60495">
        <ele>1342.0</ele>
      </trkpt>
      <trkpt lat="37.74479" lon="-119.6049">
        <ele>1342.0</ele>
      </trkpt>
      <trkpt lat="37.74476" lon="-119.60497">
        <ele>1342.0</ele>
      </trkpt>
      <trkpt lat="37.7447" lon="-119.60502">
        <ele>1342.0</ele>
      </trkpt>
      <trkpt lat="37.74478" lon="-119.60501">
        <ele>1342.0</ele>
      </trkpt>
      <trkpt lat="37.74486" lon="-119.60495">
        <ele>1342.0</ele>
      </trkpt>
      <trkpt lat="37.7448" lon="-119.60509">
        <ele>1342.0</ele>
      </trkpt>
      <trkpt lat="37.74472" lon="-119.60515">
        <ele>1355.0</ele>
      </trkpt>
      <trkpt lat="37.7448" lon="-119.60517">
        <ele>1355.0</ele>
      </trkpt>
      <trkpt lat="37.74488" lon="-119.60513">
        <ele>1353.0</ele>
      </trkpt>
      <trkpt lat="37.74488" lon="-119.60518">
        <ele>1364.0</ele>
      </trkpt>
      <trkpt lat="37.74481" lon="-119.60527">
        <ele>1355.0</ele>
      </trkpt>
      <trkpt lat="37.74486" lon="-119.60528">
        <ele>1355.0</ele>
      </trkpt>
      <trkpt lat="37.7449" lon="-119.60523">
        <ele>1364.0</ele>
      </trkpt>
      <trkpt lat="37.74493" lon="-119.60525">
        <ele>1364.0</ele>
      </trkpt>
      <trkpt lat="37.74489" lon="-119.60534">
        <ele>1364.0</ele>
      </trkpt>
      <trkpt lat="37.74478" lon="-119.60542">
        <ele>1366.0</ele>
      </trkpt>
      <trkpt lat="37.74499" lon="-119.60547">
        <ele>1376.0</ele>
      </trkpt>
      <trkpt lat="37.74497" lon="-119.60551">
        <ele>1376.0</ele>
      </trkpt>
      <trkpt lat="37.74488" lon="-119.60554">
        <ele>1376.0</ele>
      </trkpt>
      <trkpt lat="37.74484" lon="-119.60566">
        <ele>1366.0</ele>
      </trkpt>
      <trkpt lat="37.74494" lon="-119.60563">
        <ele>1376.0</ele>
      </trkpt>
      <trkpt lat="37.7451" lon="-119.60566">
        <ele>1376.0</ele>
      </trkpt>
      <trkpt lat="37.74509" lon="-119.60571">
        <ele>1387.0</ele>
      </trkpt>
      <trkpt lat="37.745" lon="-119.60576">
        <ele>1387.0</ele>
      </trkpt>
      <trkpt lat="37.7449" lon="-119.60591">
        <ele>1387.0</ele>
      </trkpt>
      <trkpt lat="37.74499" lon="-119.6059">
        <ele>1387.0</ele>
      </trkpt>
      <trkpt lat="37.74495" lon="-119.606">
        <ele>1394.0</ele>
      </trkpt>
      <trkpt lat="37.74526" lon="-119.60597">
        <ele>1401.0</ele>
      </trkpt>
      <trkpt lat="37.74511" lon="-119.60617">
        <ele>1394.0</ele>
      </trkpt>
      <trkpt lat="37.74523" lon="-119.60615">
        <ele>1409.0</ele>
      </trkpt>
      <trkpt lat="37.74518" lon="-119.60628">
        <ele>1421.0</ele>
      </trkpt>
      <trkpt lat="37.74534" lon="-119.60623">
        <ele>1409.0</ele>
      </trkpt>
      <trkpt lat="37.74534" lon="-119.60626">
        <ele>1421.0</ele>
      </trkpt>
      <trkpt lat="37.74528" lon="-119.60632">
        <ele>1421.0</ele>
      </trkpt>
      <trkpt lat="37.74522" lon="-119.60643">
        <ele>1421.0</ele>
      </trkpt>
      <trkpt lat="37.74535" lon="-119.60635">
        <ele>1421.0</ele>
      </trkpt>
      <trkpt lat="37.74545" lon="-119.60639">
        <ele>1450.0</ele>
      </trkpt>
      <trkpt lat="37.74572" lon="-119.60636">
        <ele>1468.0</ele>
      </trkpt>
      <trkpt lat="37.74575" lon="-119.60631">
        <ele>1468.0</ele>
      </trkpt>
      <trkpt lat="37.74575" lon="-119.60622">
        <ele>1449.0</ele>
      </trkpt>
      <trkpt lat="37.74578" lon="-119.60617">
        <ele>1449.0</ele>
      </trkpt>
      <trkpt lat="37.74588" lon="-119.60612">
        <ele>1449.0</ele>
      </trkpt>
      <trkpt lat="37.74589" lon="-119.606">
        <ele>1449.0</ele>
      </trkpt>
      <trkpt lat="37.74597" lon="-119.60586">
        <ele>1431.0</ele>
      </trkpt>
      <trkpt lat="37.74602" lon="-119.60561">
        <ele>1453.0</ele>
      </trkpt>
      <trkpt lat="37.74599" lon="-119.60544">
        <ele>1453.0</ele>
      </trkpt>
      <trkpt lat="37.74604" lon="-119.60535">
        <ele>1454.0</ele>
      </trkpt>
      <trkpt lat="37.74606" lon="-119.60522">
        <ele>1454.0</ele>
      </trkpt>
      <trkpt lat="37.74613" lon="-119.60509">
        <ele>1454.0</ele>
      </trkpt>
      <trkpt lat="37.74616" lon="-119.60489">
        <ele>1454.0</ele>
      </trkpt>
      <trkpt lat="37.74619" lon="-119.60488">
        <ele>1454.0</ele>
      </trkpt>
      <trkpt lat="37.74621" lon="-119.60494">
        <ele>1454.0</ele>
      </trkpt>
      <trkpt lat="37.74623" lon="-119.60492">
        <ele>1454.0</ele>
      </trkpt>
      <trkpt lat="37.74625" lon="-119.60483">
        <ele>1451.0</ele>
      </trkpt>
      <trkpt lat="37.7462" lon="-119.60431">
        <ele>1450.0</ele>
      </trkpt>
      <trkpt lat="37.74629" lon="-119.60425">
        <ele>1480.0</ele>
      </trkpt>
      <trkpt lat="37.7463" lon="-119.6041">
        <ele>1480.0</ele>
      </trkpt>
      <trkpt lat="37.74616" lon="-119.60388">
        <ele>1438.0</ele>
      </trkpt>
      <trkpt lat="37.74631" lon="-119.60394">
        <ele>1488.0</ele>
      </trkpt>
      <trkpt lat="37.74626" lon="-119.60385">
        <ele>1488.0</ele>
      </trkpt>
      <trkpt lat="37.74626" lon="-119.60381">
        <ele>1488.0</ele>
      </trkpt>
      <trkpt lat="37.74636" lon="-119.60389">
        <ele>1488.0</ele>
      </trkpt>
      <trkpt lat="37.74636" lon="-119.60384">
        <ele>1488.0</ele>
      </trkpt>
      <trkpt lat="37.74624" lon="-119.60373">
        <ele>1431.0</ele>
      </trkpt>
      <trkpt lat="37.74637" lon="-119.60377">
        <ele>1488.0</ele>
      </trkpt>
      <trkpt lat="37.74644" lon="-119.60375">
        <ele>1491.0</ele>
      </trkpt>
      <trkpt lat="37.7463" lon="-119.60357">
        <ele>1491.0</ele>
      </trkpt>
      <trkpt lat="37.74629" lon="-119.60352">
        <ele>1491.0</ele>
      </trkpt>
      <trkpt lat="37.74629" lon="-119.60341">
        <ele>1484.0</ele>
      </trkpt>
      <trkpt lat="37.74636" lon="-119.60349">
        <ele>1491.0</ele>
      </trkpt>
      <trkpt lat="37.74644" lon="-119.60354">
        <ele>1491.0</ele>
      </trkpt>
      <trkpt lat="37.74633" lon="-119.60325">
        <ele>1484.0</ele>
      </trkpt>
      <trkpt lat="37.74633" lon="-119.60313">
        <ele>1474.0</ele>
      </trkpt>
      <trkpt lat="37.74638" lon="-119.60309">
        <ele>1474.0</ele>
      </trkpt>
      <trkpt lat="37.74643" lon="-119.60318">
        <ele>1474.0</ele>
      </trkpt>
      <trkpt lat="37.74647" lon="-119.6032">
        <ele>1484.0</ele>
      </trkpt>
      <trkpt lat="37.74646" lon="-119.60304">
        <ele>1474.0</ele>
      </trkpt>
      <trkpt lat="37.74651" lon="-119.60312">
        <ele>1474.0</ele>
      </trkpt>
      <trkpt lat="37.74654" lon="-119.60326">
        <ele>1529.0</ele>
      </trkpt>
      <trkpt lat="37.74658" lon="-119.60328">
        <ele>1529.0</ele>
      </trkpt>
      <trkpt lat="37.7466" lon="-119.60325">
        <ele>1529.0</ele>
      </trkpt>
      <trkpt lat="37.74656" lon="-119.60291">
        <ele>1512.0</ele>
      </trkpt>
      <trkpt lat="37.74659" lon="-119.60276">
        <ele>1512.0</ele>
      </trkpt>
      <trkpt lat="37.74666" lon="-119.60279">
        <ele>1512.0</ele>
      </trkpt>
      <trkpt lat="37.74674" lon="-119.60296">
        <ele>1523.0</ele>
      </trkpt>
      <trkpt lat="37.74676" lon="-119.60284">
        <ele>1512.0</ele>
      </trkpt>
      <trkpt lat="37.74689" lon="-119.60272">
        <ele>1543.0</ele>
      </trkpt>
      <trkpt lat="37.74711" lon="-119.60258">
        <ele>1557.0</ele>
      </trkpt>
      <trkpt lat="37.74715163348895" lon="-119.6025234974078">
        <ele>1557.0</ele>
      </trkpt>
      <trkpt lat="37.74715163355599" lon="-119.6025234974078">
        <ele>1557.0</ele>
      </trkpt>
      <trkpt lat="37.74739" lon="-119.6022">
        <ele>1563.0</ele>
      </trkpt>
      <trkpt lat="37.74751" lon="-119.60214">
        <ele>1563.0</ele>
      </trkpt>
      <trkpt lat="37.74779" lon="-119.6021">
        <ele>1580.0</ele>
      </trkpt>
      <trkpt lat="37.74817" lon="-119.60214">
        <ele>1586.0</ele>
      </trkpt>
      <trkpt lat="37.74833" lon="-119.60209">
        <ele>1594.0</ele>
      </trkpt>
      <trkpt lat="37.74844" lon="-119.60197">
        <ele>1584.0</ele>
      </trkpt>
      <trkpt lat="37.74851" lon="-119.60196">
        <ele>1590.0</ele>
      </trkpt>
      <trkpt lat="37.74854" lon="-119.60185">
        <ele>1590.0</ele>
      </trkpt>
      <trkpt lat="37.74862" lon="-119.60175">
        <ele>1572.0</ele>
      </trkpt>
      <trkpt lat="37.74884" lon="-119.60156">
        <ele>1578.0</ele>
      </trkpt>
      <trkpt lat="37.74884" lon="-119.60153">
        <ele>1578.0</ele>
      </trkpt>
      <trkpt lat="37.74878" lon="-119.60153">
        <ele>1578.0</ele>
      </trkpt>
      <trkpt lat="37.7487" lon="-119.60157">
        <ele>1572.0</ele>
      </trkpt>
      <trkpt lat="37.74866" lon="-119.60156">
        <ele>1572.0</ele>
      </trkpt>
      <trkpt lat="37.74867" lon="-119.60154">
        <ele>1572.0</ele>
      </trkpt>
      <trkpt lat="37.74874" lon="-119.60147">
        <ele>1557.0</ele>
      </trkpt>
      <trkpt lat="37.74884" lon="-119.60144">
        <ele>1567.0</ele>
      </trkpt>
      <trkpt lat="37.74905" lon="-119.60107">
        <ele>1571.0</ele>
      </trkpt>
      <trkpt lat="37.74929" lon="-119.60086">
        <ele>1563.0</ele>
      </trkpt>
      <trkpt lat="37.74942" lon="-119.60064">
        <ele>1566.0</ele>
      </trkpt>
      <trkpt lat="37.74946" lon="-119.60038">
        <ele>1560.0</ele>
      </trkpt>
      <trkpt lat="37.74951" lon="-119.60027">
        <ele>1560.0</ele>
      </trkpt>
      <trkpt lat="37.74962" lon="-119.60005">
        <ele>1564.0</ele>
      </trkpt>
      <trkpt lat="37.74972" lon="-119.59997">
        <ele>1564.0</ele>
      </trkpt>
      <trkpt lat="37.74977" lon="-119.59988">
        <ele>1564.0</ele>
      </trkpt>
      <trkpt lat="37.74994" lon="-119.59959">
        <ele>1568.0</ele>
      </trkpt>
      <trkpt lat="37.74996" lon="-119.59949">
        <ele>1561.0</ele>
      </trkpt>
      <trkpt lat="37.75013" lon="-119.59923">
        <ele>1552.0</ele>
      </trkpt>
      <trkpt lat="37.75023" lon="-119.59887">
        <ele>1551.0</ele>
      </trkpt>
      <trkpt lat="37.7503" lon="-119.59872">
        <ele>1536.0</ele>
      </trkpt>
      <trkpt lat="37.75047" lon="-119.59864">
        <ele>1542.0</ele>
      </trkpt>
      <trkpt lat="37.7508" lon="-119.59869">
        <ele>1529.0</ele>
      </trkpt>
      <trkpt lat="37.75072" lon="-119.5986">
        <ele>1529.0</ele>
      </trkpt>
      <trkpt lat="37.75072" lon="-119.59858">
        <ele>1529.0</ele>
      </trkpt>
      <trkpt lat="37.75076" lon="-119.59857">
        <ele>1529.0</ele>
      </trkpt>
      <trkpt lat="37.75081" lon="-119.59861">
        <ele>1529.0</ele>
      </trkpt>
      <trkpt lat="37.75099" lon="-119.59864">
        <ele>1534.0</ele>
      </trkpt>
      <trkpt lat="37.75117" lon="-119.59876">
        <ele>1539.0</ele>
      </trkpt>
      <trkpt lat="37.75129" lon="-119.59873">
        <ele>1527.0</ele>
      </trkpt>
      <trkpt lat="37.75166" lon="-119.59879">
        <ele>1539.0</ele>
      </trkpt>
      <trkpt lat="37.75194" lon="-119.59887">
        <ele>1540.0</ele>
      </trkpt>
      <trkpt lat="37.75207" lon="-119.59885">
        <ele>1540.0</ele>
      </trkpt>
      <trkpt lat="37.75217" lon="-119.59887">
        <ele>1539.0</ele>
      </trkpt>
      <trkpt lat="37.75228" lon="-119.59896">
        <ele>1539.0</ele>
      </trkpt>
      <trkpt lat="37.75239" lon="-119.59897">
        <ele>1534.0</ele>
      </trkpt>
      <trkpt lat="37.75249" lon="-119.59904">
        <ele>1557.0</ele>
      </trkpt>
      <trkpt lat="37.753" lon="-119.59909">
        <ele>1553.0</ele>
      </trkpt>
      <trkpt lat="37.75321" lon="-119.59906">
        <ele>1563.0</ele>
      </trkpt>
      <trkpt lat="37.75334" lon="-119.59912">
        <ele>1563.0</ele>
      </trkpt>
      <trkpt lat="37.75334" lon="-119.59912">
        <ele>1563.0</ele>
      </trkpt>
      <trkpt lat="37.75351" lon="-119.59915">
        <ele>1562.0</ele>
      </trkpt>
      <trkpt lat="37.75368" lon="-119.59903">
        <ele>1562.0</ele>
      </trkpt>
      <trkpt lat="37.7537" lon="-119.59906">
        <ele>1562.0</ele>
      </trkpt>
      <trkpt lat="37.75365" lon="-119.59916">
        <ele>1562.0</ele>
      </trkpt>
      <trkpt lat="37.75368" lon="-119.59921">
        <ele>1562.0</ele>
      </trkpt>
      <trkpt lat="37.75383" lon="-119.59911">
        <ele>1571.0</ele>
      </trkpt>
      <trkpt lat="37.75392" lon="-119.599">
        <ele>1554.0</ele>
      </trkpt>
      <trkpt lat="37.75394" lon="-119.59901">
        <ele>1554.0</ele>
      </trkpt>
      <trkpt lat="37.75391" lon="-119.59924">
        <ele>1571.0</ele>
      </trkpt>
      <trkpt lat="37.75397" lon="-119.59922">
        <ele>1571.0</ele>
      </trkpt>
      <trkpt lat="37.75398" lon="-119.59926">
        <ele>1571.0</ele>
      </trkpt>
      <trkpt lat="37.75396" lon="-119.59931">
        <ele>1584.0</ele>
      </trkpt>
      <trkpt lat="37.75388" lon="-119.59932">
        <ele>1584.0</ele>
      </trkpt>
      <trkpt lat="37.75386" lon="-119.59938">
        <ele>1584.0</ele>
      </trkpt>
      <trkpt lat="37.75393" lon="-119.59942">
        <ele>1584.0</ele>
      </trkpt>
      <trkpt lat="37.75401" lon="-119.59941">
        <ele>1584.0</ele>
      </trkpt>
      <trkpt lat="37.75408" lon="-119.59936">
        <ele>1585.0</ele>
      </trkpt>
      <trkpt lat="37.75413" lon="-119.59938">
        <ele>1585.0</ele>
      </trkpt>
      <trkpt lat="37.75413" lon="-119.59943">
        <ele>1585.0</ele>
      </trkpt>
      <trkpt lat="37.75402" lon="-119.59966">
        <ele>1603.0</ele>
      </trkpt>
      <trkpt lat="37.75402" lon="-119.59976">
        <ele>1603.0</ele>
      </trkpt>
      <trkpt lat="37.75412" lon="-119.59973">
        <ele>1607.0</ele>
      </trkpt>
      <trkpt lat="37.75421" lon="-119.59962">
        <ele>1607.0</ele>
      </trkpt>
      <trkpt lat="37.75432" lon="-119.5996">
        <ele>1611.0</ele>
      </trkpt>
      <trkpt lat="37.75433" lon="-119.59961">
        <ele>1611.0</ele>
      </trkpt>
      <trkpt lat="37.75427" lon="-119.59968">
        <ele>1607.0</ele>
      </trkpt>
      <trkpt lat="37.75427" lon="-119.59973">
        <ele>1607.0</ele>
      </trkpt>
      <trkpt lat="37.75433" lon="-119.59974">
        <ele>1611.0</ele>
      </trkpt>
      <trkpt lat="37.75439" lon="-119.59969">
        <ele>1611.0</ele>
      </trkpt>
      <trkpt lat="37.75453" lon="-119.59967">
        <ele>1611.0</ele>
      </trkpt>
      <trkpt lat="37.75456" lon="-119.59969">
        <ele>1611.0</ele>
      </trkpt>
      <trkpt lat="37.75455" lon="-119.59974">
        <ele>1611.0</ele>
      </trkpt>
      <trkpt lat="37.75446" lon="-119.59982">
        <ele>1611.0</ele>
      </trkpt>
      <trkpt lat="37.75445" lon="-119.59988">
        <ele>1627.0</ele>
      </trkpt>
      <trkpt lat="37.75465" lon="-119.5999">
        <ele>1636.0</ele>
      </trkpt>
      <trkpt lat="37.75474" lon="-119.59995">
        <ele>1636.0</ele>
      </trkpt>
      <trkpt lat="37.75489" lon="-119.5999">
        <ele>1649.0</ele>
      </trkpt>
      <trkpt lat="37.75506" lon="-119.60001">
        <ele>1649.0</ele>
      </trkpt>
      <trkpt lat="37.75503" lon="-119.60005">
        <ele>1649.0</ele>
      </trkpt>
      <trkpt lat="37.75492" lon="-119.60005">
        <ele>1649.0</ele>
      </trkpt>
      <trkpt lat="37.75486" lon="-119.60014">
        <ele>1647.0</ele>
      </trkpt>
      <trkpt lat="37.75494" lon="-119.60016">
        <ele>1663.0</ele>
      </trkpt>
      <trkpt lat="37.75496" lon="-119.6002">
        <ele>1663.0</ele>
      </trkpt>
      <trkpt lat="37.75507" lon="-119.60017">
        <ele>1663.0</ele>
      </trkpt>
      <trkpt lat="37.75508" lon="-119.60019">
        <ele>1663.0</ele>
      </trkpt>
      <trkpt lat="37.75504" lon="-119.60025">
        <ele>1663.0</ele>
      </trkpt>
      <trkpt lat="37.7548" lon="-119.60038">
        <ele>1647.0</ele>
      </trkpt>
      <trkpt lat="37.75467" lon="-119.60059">
        <ele>1662.0</ele>
      </trkpt>
      <trkpt lat="37.75447" lon="-119.60075">
        <ele>1676.0</ele>
      </trkpt>
      <trkpt lat="37.75454" lon="-119.60077">
        <ele>1676.0</ele>
      </trkpt>
      <trkpt lat="37.75484" lon="-119.60079">
        <ele>1675.0</ele>
      </trkpt>
      <trkpt lat="37.75481" lon="-119.60085">
        <ele>1675.0</ele>
      </trkpt>
      <trkpt lat="37.75463" lon="-119.60098">
        <ele>1694.0</ele>
      </trkpt>
      <trkpt lat="37.75461" lon="-119.60105">
        <ele>1694.0</ele>
      </trkpt>
      <trkpt lat="37.75462" lon="-119.60107">
        <ele>1694.0</ele>
      </trkpt>
      <trkpt lat="37.75477" lon="-119.60107">
        <ele>1694.0</ele>
      </trkpt>
      <trkpt lat="37.75468" lon="-119.60114">
        <ele>1694.0</ele>
      </trkpt>
      <trkpt lat="37.75467" lon="-119.60119">
        <ele>1694.0</ele>
      </trkpt>
      <trkpt lat="37.75478" lon="-119.60117">
        <ele>1694.0</ele>
      </trkpt>
      <trkpt lat="37.75479" lon="-119.60122">
        <ele>1694.0</ele>
      </trkpt>
      <trkpt lat="37.75485" lon="-119.60121">
        <ele>1694.0</ele>
      </trkpt>
      <trkpt lat="37.75483" lon="-119.60128">
        <ele>1709.0</ele>
      </trkpt>
      <trkpt lat="37.75485" lon="-119.60129">
        <ele>1709.0</ele>
      </trkpt>
      <trkpt lat="37.755" lon="-119.60124">
        <ele>1712.0</ele>
      </trkpt>
      <trkpt lat="37.75504" lon="-119.60125">
        <ele>1712.0</ele>
      </trkpt>
      <trkpt lat="37.75498" lon="-119.60135">
        <ele>1713.0</ele>
      </trkpt>
      <trkpt lat="37.75486" lon="-119.60146">
        <ele>1709.0</ele>
      </trkpt>
      <trkpt lat="37.75485" lon="-119.60151">
        <ele>1709.0</ele>
      </trkpt>
      <trkpt lat="37.7549" lon="-119.60152">
        <ele>1713.0</ele>
      </trkpt>
      <trkpt lat="37.75502" lon="-119.60147">
        <ele>1713.0</ele>
      </trkpt>
      <trkpt lat="37.75517" lon="-119.60145">
        <ele>1734.0</ele>
      </trkpt>
      <trkpt lat="37.75518" lon="-119.60148">
        <ele>1734.0</ele>
      </trkpt>
      <trkpt lat="37.75514" lon="-119.60153">
        <ele>1757.0</ele>
      </trkpt>
      <trkpt lat="37.75516" lon="-119.60156">
        <ele>1757.0</ele>
      </trkpt>
      <trkpt lat="37.75533" lon="-119.60152">
        <ele>1734.0</ele>
      </trkpt>
      <trkpt lat="37.75533" lon="-119.60157">
        <ele>1757.0</ele>
      </trkpt>
      <trkpt lat="37.75518" lon="-119.60173">
        <ele>1757.0</ele>
      </trkpt>
      <trkpt lat="37.75519" lon="-119.60178">
        <ele>1757.0</ele>
      </trkpt>
      <trkpt lat="37.75542" lon="-119.60177">
        <ele>1791.0</ele>
      </trkpt>
      <trkpt lat="37.7556" lon="-119.60171">
        <ele>1791.0</ele>
      </trkpt>
      <trkpt lat="37.75561" lon="-119.60178">
        <ele>1791.0</ele>
      </trkpt>
      <trkpt lat="37.75556" lon="-119.60193">
        <ele>1832.0</ele>
      </trkpt>
      <trkpt lat="37.75543" lon="-119.60214">
        <ele>1909.0</ele>
      </trkpt>
      <trkpt lat="37.75543" lon="-119.60219">
        <ele>1909.0</ele>
      </trkpt>
      <trkpt lat="37.75546" lon="-119.6022">
        <ele>1909.0</ele>
      </trkpt>
      <trkpt lat="37.75563" lon="-119.60215">
        <ele>1909.0</ele>
      </trkpt>
      <trkpt lat="37.7557" lon="-119.60208">
        <ele>1875.0</ele>
      </trkpt>
      <trkpt lat="37.75582" lon="-119.60204">
        <ele>1875.0</ele>
      </trkpt>
      <trkpt lat="37.75598" lon="-119.60189">
        <ele>1907.0</ele>
      </trkpt>
      <trkpt lat="37.75601" lon="-119.60192">
        <ele>1907.0</ele>
      </trkpt>
      <trkpt lat="37.75598" lon="-119.60205">
        <ele>1907.0</ele>
      </trkpt>
      <trkpt lat="37.75602" lon="-119.60205">
        <ele>1907.0</ele>
      </trkpt>
      <trkpt lat="37.75606" lon="-119.602">
        <ele>1907.0</ele>
      </trkpt>
      <trkpt lat="37.75614" lon="-119.60207">
        <ele>1907.0</ele>
      </trkpt>
      <trkpt lat="37.75617" lon="-119.60204">
        <ele>1907.0</ele>
      </trkpt>
      <trkpt lat="37.7564" lon="-119.60145">
        <ele>1828.0</ele>
      </trkpt>
      <trkpt lat="37.75642" lon="-119.60144">
        <ele>1828.0</ele>
      </trkpt>
      <trkpt lat="37.75643" lon="-119.60155">
        <ele>1892.0</ele>
      </trkpt>
      <trkpt lat="37.75646" lon="-119.60157">
        <ele>1892.0</ele>
      </trkpt>
      <trkpt lat="37.75654" lon="-119.60133">
        <ele>1847.0</ele>
      </trkpt>
      <trkpt lat="37.75656" lon="-119.60133">
        <ele>1847.0</ele>
      </trkpt>
      <trkpt lat="37.75661" lon="-119.60151">
        <ele>1847.0</ele>
      </trkpt>
      <trkpt lat="37.75663" lon="-119.60171">
        <ele>1906.0</ele>
      </trkpt>
      <trkpt lat="37.75668" lon="-119.60175">
        <ele>1906.0</ele>
      </trkpt>
      <trkpt lat="37.75696" lon="-119.60126">
        <ele>1860.0</ele>
      </trkpt>
      <trkpt lat="37.75703" lon="-119.60095">
        <ele>1857.0</ele>
      </trkpt>
      <trkpt lat="37.75707" lon="-119.60091">
        <ele>1857.0</ele>
      </trkpt>
      <trkpt lat="37.75728" lon="-119.60149">
        <ele>1905.0</ele>
      </trkpt>
      <trkpt lat="37.75733" lon="-119.60166">
        <ele>1918.0</ele>
      </trkpt>
      <trkpt lat="37.75736" lon="-119.60167">
        <ele>1918.0</ele>
      </trkpt>
      <trkpt lat="37.75746" lon="-119.6015">
        <ele>1920.0</ele>
      </trkpt>
      <trkpt lat="37.75748" lon="-119.60142">
        <ele>1920.0</ele>
      </trkpt>
      <trkpt lat="37.75748" lon="-119.60128">
        <ele>1920.0</ele>
      </trkpt>
      <trkpt lat="37.75751" lon="-119.6012">
        <ele>1909.0</ele>
      </trkpt>
      <trkpt lat="37.75751" lon="-119.60097">
        <ele>1893.0</ele>
      </trkpt>
      <trkpt lat="37.75757" lon="-119.60054">
        <ele>1897.0</ele>
      </trkpt>
      <trkpt lat="37.75762" lon="-119.60056">
        <ele>1897.0</ele>
      </trkpt>
      <trkpt lat="37.7577" lon="-119.60079">
        <ele>1913.0</ele>
      </trkpt>
      <trkpt lat="37.75782" lon="-119.60104">
        <ele>1916.0</ele>
      </trkpt>
      <trkpt lat="37.75782" lon="-119.60075">
        <ele>1913.0</ele>
      </trkpt>
      <trkpt lat="37.75787" lon="-119.60063">
        <ele>1917.0</ele>
      </trkpt>
      <trkpt lat="37.75791" lon="-119.60061">
        <ele>1917.0</ele>
      </trkpt>
      <trkpt lat="37.75792" lon="-119.60082">
        <ele>1932.0</ele>
      </trkpt>
      <trkpt lat="37.75796" lon="-119.60095">
        <ele>1932.0</ele>
      </trkpt>
      <trkpt lat="37.758" lon="-119.60096">
        <ele>1932.0</ele>
      </trkpt>
      <trkpt lat="37.758" lon="-119.60082">
        <ele>1932.0</ele>
      </trkpt>
      <trkpt lat="37.75808" lon="-119.60045">
        <ele>1933.0</ele>
      </trkpt>
      <trkpt lat="37.75813" lon="-119.60039">
        <ele>1937.0</ele>
      </trkpt>
      <trkpt lat="37.75819" lon="-119.60015">
        <ele>1937.0</ele>
      </trkpt>
      <trkpt lat="37.75821" lon="-119.60014">
        <ele>1951.0</ele>
      </trkpt>
      <trkpt lat="37.75824" lon="-119.60017">
        <ele>1951.0</ele>
      </trkpt>
      <trkpt lat="37.75833" lon="-119.60042">
        <ele>1949.0</ele>
      </trkpt>
      <trkpt lat="37.75837" lon="-119.60042">
        <ele>1949.0</ele>
      </trkpt>
      <trkpt lat="37.75839" lon="-119.60013">
        <ele>1960.0</ele>
      </trkpt>
      <trkpt lat="37.75842" lon="-119.60015">
        <ele>1951.0</ele>
      </trkpt>
      <trkpt lat="37.75848" lon="-119.60028">
        <ele>1975.0</ele>
      </trkpt>
      <trkpt lat="37.75851" lon="-119.60028">
        <ele>1975.0</ele>
      </trkpt>
      <trkpt lat="37.75853" lon="-119.60024">
        <ele>1975.0</ele>
      </trkpt>
      <trkpt lat="37.75853" lon="-119.60013">
        <ele>1981.0</ele>
      </trkpt>
      <trkpt lat="37.75849" lon="-119.60001">
        <ele>1981.0</ele>
      </trkpt>
      <trkpt lat="37.75848" lon="-119.5999">
        <ele>1981.0</ele>
      </trkpt>
      <trkpt lat="37.75852" lon="-119.59979">
        <ele>1988.0</ele>
      </trkpt>
      <trkpt lat="37.75856" lon="-119.59978">
        <ele>1988.0</ele>
      </trkpt>
      <trkpt lat="37.75858" lon="-119.59984">
        <ele>1988.0</ele>
      </trkpt>
      <trkpt lat="37.75862" lon="-119.59974">
        <ele>1988.0</ele>
      </trkpt>
      <trkpt lat="37.75872" lon="-119.5996">
        <ele>1988.0</ele>
      </trkpt>
      <trkpt lat="37.75876" lon="-119.59967">
        <ele>1998.0</ele>
      </trkpt>
      <trkpt lat="37.75877" lon="-119.59976">
        <ele>1998.0</ele>
      </trkpt>
      <trkpt lat="37.7588" lon="-119.5998">
        <ele>1998.0</ele>
      </trkpt>
      <trkpt lat="37.75888" lon="-119.59965">
        <ele>1998.0</ele>
      </trkpt>
      <trkpt lat="37.75908" lon="-119.59939">
        <ele>2009.0</ele>
      </trkpt>
      <trkpt lat="37.75917" lon="-119.59935">
        <ele>2009.0</ele>
      </trkpt>
      <trkpt lat="37.75923" lon="-119.59941">
        <ele>2009.0</ele>
      </trkpt>
      <trkpt lat="37.7594" lon="-119.59931">
        <ele>2017.0</ele>
      </trkpt>
      <trkpt lat="37.75964" lon="-119.59904">
        <ele>2029.0</ele>
      </trkpt>
      <trkpt lat="37.75964" lon="-119.59904">
        <ele>2029.0</ele>
      </trkpt>
      <trkpt lat="37.75968" lon="-119.59895">
        <ele>2032.0</ele>
      </trkpt>
      <trkpt lat="37.75963" lon="-119.59885">
        <ele>2032.0</ele>
      </trkpt>
      <trkpt lat="37.75965" lon="-119.59877">
        <ele>2032.0</ele>
      </trkpt>
      <trkpt lat="37.75936" lon="-119.5987">
        <ele>2030.0</ele>
      </trkpt>
      <trkpt lat="37.75934" lon="-119.59865">
        <ele>2030.0</ele>
      </trkpt>
      <trkpt lat="37.75935" lon="-119.59855">
        <ele>2030.0</ele>
      </trkpt>
      <trkpt lat="37.75926" lon="-119.59842">
        <ele>2034.0</ele>
      </trkpt>
      <trkpt lat="37.75925" lon="-119.59834">
        <ele>2034.0</ele>
      </trkpt>
      <trkpt lat="37.75916" lon="-119.59818">
        <ele>2038.0</ele>
      </trkpt>
      <trkpt lat="37.75916871288253" lon="-119.598164026382">
        <ele>2038.0</ele>
      </trkpt>
      <trkpt lat="37.75916" lon="-119.59816">
        <ele>2038.0</ele>
      </trkpt>
      <trkpt lat="37.75907" lon="-119.59816">
        <ele>2038.0</ele>
      </trkpt>
      <trkpt lat="37.75874" lon="-119.59801">
        <ele>2032.0</ele>
      </trkpt>
      <trkpt lat="37.75853" lon="-119.59787">
        <ele>2033.0</ele>
      </trkpt>
      <trkpt lat="37.75825" lon="-119.59777">
        <ele>2031.0</ele>
      </trkpt>
      <trkpt lat="37.75802" lon="-119.59779">
        <ele>2027.0</ele>
      </trkpt>
      <trkpt lat="37.75732" lon="-119.59776">
        <ele>1929.0</ele>
      </trkpt>
      <trkpt lat="37.75725" lon="-119.59774">
        <ele>1929.0</ele>
      </trkpt>
      <trkpt lat="37.75709" lon="-119.59767">
        <ele>1929.0</ele>
      </trkpt>
      <trkpt lat="37.75706" lon="-119.59755">
        <ele>1847.0</ele>
      </trkpt>
      <trkpt lat="37.75707" lon="-119.59734">
        <ele>1843.0</ele>
      </trkpt>
      <trkpt lat="37.75707" lon="-119.59734">
        <ele>1843.0</ele>
      </trkpt>
      <trkpt lat="37.75712" lon="-119.59717">
        <ele>1927.0</ele>
      </trkpt>
      <trkpt lat="37.75712" lon="-119.59717">
        <ele>1927.0</ele>
      </trkpt>
      <trkpt lat="37.75716" lon="-119.59681">
        <ele>1929.0</ele>
      </trkpt>
      <trkpt lat="37.75712" lon="-119.59683">
        <ele>1929.0</ele>
      </trkpt>
      <trkpt lat="37.75708" lon="-119.59692">
        <ele>1852.0</ele>
      </trkpt>
      <trkpt lat="37.75703" lon="-119.59694">
        <ele>1852.0</ele>
      </trkpt>
      <trkpt lat="37.75698" lon="-119.59707">
        <ele>1852.0</ele>
      </trkpt>
      <trkpt lat="37.75696" lon="-119.59707">
        <ele>1852.0</ele>
      </trkpt>
      <trkpt lat="37.75698993157567" lon="-119.596980205273">
        <ele>1852.0</ele>
      </trkpt>
      <trkpt lat="37.75698993158176" lon="-119.596980205273">
        <ele>1852.0</ele>
      </trkpt>
      <trkpt lat="37.75696" lon="-119.59707">
        <ele>1852.0</ele>
      </trkpt>
      <trkpt lat="37.75698" lon="-119.59707">
        <ele>1852.0</ele>
      </trkpt>
      <trkpt lat="37.75703" lon="-119.59694">
        <ele>1852.0</ele>
      </trkpt>
      <trkpt lat="37.75708" lon="-119.59692">
        <ele>1852.0</ele>
      </trkpt>
      <trkpt lat="37.75712" lon="-119.59683">
        <ele>1929.0</ele>
      </trkpt>
      <trkpt lat="37.75716" lon="-119.59681">
        <ele>1929.0</ele>
      </trkpt>
      <trkpt lat="37.75712" lon="-119.59717">
        <ele>1927.0</ele>
      </trkpt>
      <trkpt lat="37.75712" lon="-119.59717">
        <ele>1927.0</ele>
      </trkpt>
      <trkpt lat="37.75707" lon="-119.59734">
        <ele>1843.0</ele>
      </trkpt>
      <trkpt lat="37.75707" lon="-119.59734">
        <ele>1843.0</ele>
      </trkpt>
      <trkpt lat="37.75706" lon="-119.59755">
        <ele>1847.0</ele>
      </trkpt>
      <trkpt lat="37.75709" lon="-119.59767">
        <ele>1929.0</ele>
      </trkpt>
      <trkpt lat="37.75725" lon="-119.59774">
        <ele>1929.0</ele>
      </trkpt>
      <trkpt lat="37.75732" lon="-119.59776">
        <ele>1929.0</ele>
      </trkpt>
      <trkpt lat="37.75802" lon="-119.59779">
        <ele>2027.0</ele>
      </trkpt>
      <trkpt lat="37.75825" lon="-119.59777">
        <ele>2031.0</ele>
      </trkpt>
      <trkpt lat="37.75853" lon="-119.59787">
        <ele>2033.0</ele>
      </trkpt>
      <trkpt lat="37.75874" lon="-119.59801">
        <ele>2032.0</ele>
      </trkpt>
      <trkpt lat="37.75907" lon="-119.59816">
        <ele>2038.0</ele>
      </trkpt>
      <trkpt lat="37.75916" lon="-119.59816">
        <ele>2038.0</ele>
      </trkpt>
      <trkpt lat="37.75916871288253" lon="-119.598164026382">
        <ele>2038.0</ele>
      </trkpt>
      <trkpt lat="37.75922" lon="-119.59807">
        <ele>2038.0</ele>
      </trkpt>
      <trkpt lat="37.75927" lon="-119.59791">
        <ele>2037.0</ele>
      </trkpt>
      <trkpt lat="37.75927" lon="-119.59782">
        <ele>2037.0</ele>
      </trkpt>
      <trkpt lat="37.7592" lon="-119.59762">
        <ele>2031.0</ele>
      </trkpt>
      <trkpt lat="37.75904" lon="-119.59742">
        <ele>2031.0</ele>
      </trkpt>
      <trkpt lat="37.75898" lon="-119.59739">
        <ele>2030.0</ele>
      </trkpt>
      <trkpt lat="37.75885" lon="-119.59742">
        <ele>2030.0</ele>
      </trkpt>
      <trkpt lat="37.75858" lon="-119.59717">
        <ele>2026.0</ele>
      </trkpt>
      <trkpt lat="37.75858" lon="-119.59717">
        <ele>2026.0</ele>
      </trkpt>
      <trkpt lat="37.75849" lon="-119.59705">
        <ele>2021.0</ele>
      </trkpt>
      <trkpt lat="37.75849" lon="-119.59701">
        <ele>2021.0</ele>
      </trkpt>
      <trkpt lat="37.75853" lon="-119.59696">
        <ele>2021.0</ele>
      </trkpt>
      <trkpt lat="37.75853" lon="-119.59692">
        <ele>2021.0</ele>
      </trkpt>
      <trkpt lat="37.75839" lon="-119.59686">
        <ele>2019.0</ele>
      </trkpt>
      <trkpt lat="37.75837" lon="-119.5968">
        <ele>2019.0</ele>
      </trkpt>
      <trkpt lat="37.75856" lon="-119.59677">
        <ele>2022.0</ele>
      </trkpt>
      <trkpt lat="37.75863" lon="-119.59671">
        <ele>2022.0</ele>
      </trkpt>
      <trkpt lat="37.75863" lon="-119.59665">
        <ele>2022.0</ele>
      </trkpt>
      <trkpt lat="37.75863" lon="-119.59665">
        <ele>2022.0</ele>
      </trkpt>
      <trkpt lat="37.75856" lon="-119.59647">
        <ele>2027.0</ele>
      </trkpt>
      <trkpt lat="37.75856" lon="-119.59647">
        <ele>2027.0</ele>
      </trkpt>
      <trkpt lat="37.75863" lon="-119.59637">
        <ele>2027.0</ele>
      </trkpt>
      <trkpt lat="37.7593" lon="-119.59617">
        <ele>2034.0</ele>
      </trkpt>
      <trkpt lat="37.75968" lon="-119.59593">
        <ele>2034.0</ele>
      </trkpt>
      <trkpt lat="37.75991" lon="-119.59586">
        <ele>2033.0</ele>
      </trkpt>
      <trkpt lat="37.75993" lon="-119.59583">
        <ele>2033.0</ele>
      </trkpt>
      <trkpt lat="37.75988" lon="-119.59577">
        <ele>2033.0</ele>
      </trkpt>
      <trkpt lat="37.7599" lon="-119.5957">
        <ele>2033.0</ele>
      </trkpt>
      <trkpt lat="37.76012" lon="-119.59564">
        <ele>2043.0</ele>
      </trkpt>
      <trkpt lat="37.76031" lon="-119.59551">
        <ele>2038.0</ele>
      </trkpt>
      <trkpt lat="37.76042" lon="-119.59548">
        <ele>2040.0</ele>
      </trkpt>
      <trkpt lat="37.76045" lon="-119.59544">
        <ele>2040.0</ele>
      </trkpt>
      <trkpt lat="37.76041" lon="-119.59539">
        <ele>2049.0</ele>
      </trkpt>
      <trkpt lat="37.76044" lon="-119.59536">
        <ele>2050.0</ele>
      </trkpt>
      <trkpt lat="37.76051" lon="-119.59536">
        <ele>2050.0</ele>
      </trkpt>
      <trkpt lat="37.76062" lon="-119.59528">
        <ele>2050.0</ele>
      </trkpt>
      <trkpt lat="37.76069" lon="-119.59528">
        <ele>2050.0</ele>
      </trkpt>
      <trkpt lat="37.76073" lon="-119.59522">
        <ele>2050.0</ele>
      </trkpt>
      <trkpt lat="37.76128" lon="-119.59514">
        <ele>2051.0</ele>
      </trkpt>
      <trkpt lat="37.76125" lon="-119.5951">
        <ele>2056.0</ele>
      </trkpt>
      <trkpt lat="37.76102" lon="-119.59505">
        <ele>2056.0</ele>
      </trkpt>
      <trkpt lat="37.76088" lon="-119.59492">
        <ele>2057.0</ele>
      </trkpt>
      <trkpt lat="37.76088" lon="-119.59486">
        <ele>2066.0</ele>
      </trkpt>
      <trkpt lat="37.76095" lon="-119.59485">
        <ele>2066.0</ele>
      </trkpt>
      <trkpt lat="37.76107" lon="-119.59471">
        <ele>2062.0</ele>
      </trkpt>
      <trkpt lat="37.76105" lon="-119.59467">
        <ele>2062.0</ele>
      </trkpt>
      <trkpt lat="37.76093" lon="-119.59466">
        <ele>2066.0</ele>
      </trkpt>
      <trkpt lat="37.76084" lon="-119.59461">
        <ele>2066.0</ele>
      </trkpt>
      <trkpt lat="37.76083" lon="-119.59456">
        <ele>2072.0</ele>
      </trkpt>
      <trkpt lat="37.76087" lon="-119.59446">
        <ele>2072.0</ele>
      </trkpt>
      <trkpt lat="37.76086" lon="-119.59443">
        <ele>2072.0</ele>
      </trkpt>
      <trkpt lat="37.76069" lon="-119.59443">
        <ele>2077.0</ele>
      </trkpt>
      <trkpt lat="37.76034" lon="-119.59451">
        <ele>2075.0</ele>
      </trkpt>
      <trkpt lat="37.76028" lon="-119.59448">
        <ele>2075.0</ele>
      </trkpt>
      <trkpt lat="37.76029" lon="-119.59443">
        <ele>2075.0</ele>
      </trkpt>
      <trkpt lat="37.76038" lon="-119.59436">
        <ele>2075.0</ele>
      </trkpt>
      <trkpt lat="37.76046" lon="-119.59424">
        <ele>2085.0</ele>
      </trkpt>
      <trkpt lat="37.76028" lon="-119.59428">
        <ele>2085.0</ele>
      </trkpt>
      <trkpt lat="37.76023" lon="-119.59428">
        <ele>2085.0</ele>
      </trkpt>
      <trkpt lat="37.76019" lon="-119.59424">
        <ele>2085.0</ele>
      </trkpt>
      <trkpt lat="37.76024" lon="-119.59417">
        <ele>2085.0</ele>
      </trkpt>
      <trkpt lat="37.76061" lon="-119.59386">
        <ele>2093.0</ele>
      </trkpt>
      <trkpt lat="37.76062" lon="-119.59379">
        <ele>2093.0</ele>
      </trkpt>
      <trkpt lat="37.76053" lon="-119.59378">
        <ele>2093.0</ele>
      </trkpt>
      <trkpt lat="37.76052" lon="-119.59374">
        <ele>2100.0</ele>
      </trkpt>
      <trkpt lat="37.76063" lon="-119.59358">
        <ele>2100.0</ele>
      </trkpt>
      <trkpt lat="37.76063" lon="-119.59353">
        <ele>2100.0</ele>
      </trkpt>
      <trkpt lat="37.76057" lon="-119.59348">
        <ele>2100.0</ele>
      </trkpt>
      <trkpt lat="37.7603" lon="-119.59342">
        <ele>2110.0</ele>
      </trkpt>
      <trkpt lat="37.75992" lon="-119.59329">
        <ele>2114.0</ele>
      </trkpt>
      <trkpt lat="37.75967" lon="-119.59311">
        <ele>2118.0</ele>
      </trkpt>
      <trkpt lat="37.75942" lon="-119.59307">
        <ele>2119.0</ele>
      </trkpt>
      <trkpt lat="37.75905" lon="-119.59311">
        <ele>2121.0</ele>
      </trkpt>
      <trkpt lat="37.75871" lon="-119.5932">
        <ele>2116.0</ele>
      </trkpt>
      <trkpt lat="37.75813" lon="-119.59326">
        <ele>2117.0</ele>
      </trkpt>
      <trkpt lat="37.75769" lon="-119.59316">
        <ele>2120.0</ele>
      </trkpt>
      <trkpt lat="37.75723" lon="-119.59309">
        <ele>2115.0</ele>
      </trkpt>
      <trkpt lat="37.75695" lon="-119.5931">
        <ele>2112.0</ele>
      </trkpt>
      <trkpt lat="37.75695" lon="-119.5931">
        <ele>2112.0</ele>
      </trkpt>
      <trkpt lat="37.75682" lon="-119.59312">
        <ele>2112.0</ele>
      </trkpt>
      <trkpt lat="37.75663" lon="-119.5932">
        <ele>2042.0</ele>
      </trkpt>
      <trkpt lat="37.75628" lon="-119.59319">
        <ele>1973.0</ele>
      </trkpt>
      <trkpt lat="37.75628" lon="-119.59319">
        <ele>1973.0</ele>
      </trkpt>
      <trkpt lat="37.75628" lon="-119.59319">
        <ele>1973.0</ele>
      </trkpt>
      <trkpt lat="37.75627999999999" lon="-119.59319">
        <ele>1973.0</ele>
      </trkpt>
      <trkpt lat="37.75663" lon="-119.5932">
        <ele>2042.0</ele>
      </trkpt>
      <trkpt lat="37.75682" lon="-119.59312">
        <ele>2112.0</ele>
      </trkpt>
      <trkpt lat="37.75695" lon="-119.5931">
        <ele>2112.0</ele>
      </trkpt>
      <trkpt lat="37.75695" lon="-119.5931">
        <ele>2112.0</ele>
      </trkpt>
      <trkpt lat="37.75695" lon="-119.5931">
        <ele>2112.0</ele>
      </trkpt>
      <trkpt lat="37.75689" lon="-119.59301">
        <ele>2112.0</ele>
      </trkpt>
      <trkpt lat="37.75689" lon="-119.59291">
        <ele>2115.0</ele>
      </trkpt>
      <trkpt lat="37.75698" lon="-119.59272">
        <ele>2115.0</ele>
      </trkpt>
      <trkpt lat="37.75711" lon="-119.59267">
        <ele>2121.0</ele>
      </trkpt>
      <trkpt lat="37.75743" lon="-119.59267">
        <ele>2124.0</ele>
      </trkpt>
      <trkpt lat="37.75774" lon="-119.59254">
        <ele>2131.0</ele>
      </trkpt>
      <trkpt lat="37.75788" lon="-119.59252">
        <ele>2131.0</ele>
      </trkpt>
      <trkpt lat="37.75825" lon="-119.59234">
        <ele>2138.0</ele>
      </trkpt>
      <trkpt lat="37.75859" lon="-119.59223">
        <ele>2139.0</ele>
      </trkpt>
      <trkpt lat="37.75899" lon="-119.59189">
        <ele>2146.0</ele>
      </trkpt>
      <trkpt lat="37.7591" lon="-119.59177">
        <ele>2152.0</ele>
      </trkpt>
      <trkpt lat="37.7594" lon="-119.59157">
        <ele>2159.0</ele>
      </trkpt>
      <trkpt lat="37.75962" lon="-119.59138">
        <ele>2168.0</ele>
      </trkpt>
      <trkpt lat="37.75979" lon="-119.5913">
        <ele>2168.0</ele>
      </trkpt>
      <trkpt lat="37.75999" lon="-119.59104">
        <ele>2180.0</ele>
      </trkpt>
      <trkpt lat="37.76006" lon="-119.59099">
        <ele>2180.0</ele>
      </trkpt>
      <trkpt lat="37.76027" lon="-119.59095">
        <ele>2190.0</ele>
      </trkpt>
      <trkpt lat="37.76042" lon="-119.59079">
        <ele>2198.0</ele>
      </trkpt>
      <trkpt lat="37.76052" lon="-119.59075">
        <ele>2198.0</ele>
      </trkpt>
      <trkpt lat="37.76099" lon="-119.59068">
        <ele>2214.0</ele>
      </trkpt>
      <trkpt lat="37.76102" lon="-119.59063">
        <ele>2214.0</ele>
      </trkpt>
      <trkpt lat="37.76085" lon="-119.59044">
        <ele>2211.0</ele>
      </trkpt>
      <trkpt lat="37.76089" lon="-119.5903">
        <ele>2220.0</ele>
      </trkpt>
      <trkpt lat="37.76087" lon="-119.59024">
        <ele>2220.0</ele>
      </trkpt>
      <trkpt lat="37.7609" lon="-119.59009">
        <ele>2225.0</ele>
      </trkpt>
      <trkpt lat="37.76089" lon="-119.58999">
        <ele>2225.0</ele>
      </trkpt>
      <trkpt lat="37.76097" lon="-119.58988">
        <ele>2225.0</ele>
      </trkpt>
      <trkpt lat="37.76115" lon="-119.58934">
        <ele>2234.0</ele>
      </trkpt>
      <trkpt lat="37.76142" lon="-119.58912">
        <ele>2235.0</ele>
      </trkpt>
      <trkpt lat="37.76181" lon="-119.58864">
        <ele>2236.0</ele>
      </trkpt>
      <trkpt lat="37.76204" lon="-119.58845">
        <ele>2234.0</ele>
      </trkpt>
      <trkpt lat="37.76206" lon="-119.58832">
        <ele>2234.0</ele>
      </trkpt>
      <trkpt lat="37.76213" lon="-119.58823">
        <ele>2234.0</ele>
      </trkpt>
      <trkpt lat="37.76232" lon="-119.58808">
        <ele>2231.0</ele>
      </trkpt>
      <trkpt lat="37.76231" lon="-119.58798">
        <ele>2231.0</ele>
      </trkpt>
      <trkpt lat="37.76233" lon="-119.58794">
        <ele>2231.0</ele>
      </trkpt>
      <trkpt lat="37.76244" lon="-119.5879">
        <ele>2223.0</ele>
      </trkpt>
      <trkpt lat="37.76312" lon="-119.58776">
        <ele>2220.0</ele>
      </trkpt>
      <trkpt lat="37.76373" lon="-119.58782">
        <ele>2217.0</ele>
      </trkpt>
      <trkpt lat="37.76393" lon="-119.58779">
        <ele>2214.0</ele>
      </trkpt>
      <trkpt lat="37.76411" lon="-119.58772">
        <ele>2215.0</ele>
      </trkpt>
      <trkpt lat="37.76431" lon="-119.5877">
        <ele>2212.0</ele>
      </trkpt>
      <trkpt lat="37.76461" lon="-119.5876">
        <ele>2214.0</ele>
      </trkpt>
      <trkpt lat="37.76495" lon="-119.5876">
        <ele>2216.0</ele>
      </trkpt>
      <trkpt lat="37.76564" lon="-119.58742">
        <ele>2216.0</ele>
      </trkpt>
      <trkpt lat="37.76588" lon="-119.5873">
        <ele>2215.0</ele>
      </trkpt>
      <trkpt lat="37.76604" lon="-119.58717">
        <ele>2218.0</ele>
      </trkpt>
      <trkpt lat="37.76622" lon="-119.58694">
        <ele>2215.0</ele>
      </trkpt>
      <trkpt lat="37.76642" lon="-119.58677">
        <ele>2213.0</ele>
      </trkpt>
      <trkpt lat="37.76656" lon="-119.58653">
        <ele>2211.0</ele>
      </trkpt>
      <trkpt lat="37.76675" lon="-119.58637">
        <ele>2205.0</ele>
      </trkpt>
      <trkpt lat="37.76694" lon="-119.58597">
        <ele>2203.0</ele>
      </trkpt>
      <trkpt lat="37.76696" lon="-119.58588">
        <ele>2203.0</ele>
      </trkpt>
      <trkpt lat="37.76703" lon="-119.5858">
        <ele>2203.0</ele>
      </trkpt>
      <trkpt lat="37.76713" lon="-119.58579">
        <ele>2204.0</ele>
      </trkpt>
      <trkpt lat="37.76724" lon="-119.58584">
        <ele>2204.0</ele>
      </trkpt>
      <trkpt lat="37.76777" lon="-119.5858">
        <ele>2211.0</ele>
      </trkpt>
      <trkpt lat="37.76826" lon="-119.58585">
        <ele>2206.0</ele>
      </trkpt>
      <trkpt lat="37.76846" lon="-119.58578">
        <ele>2206.0</ele>
      </trkpt>
      <trkpt lat="37.76857" lon="-119.58578">
        <ele>2205.0</ele>
      </trkpt>
      <trkpt lat="37.76886" lon="-119.58592">
        <ele>2205.0</ele>
      </trkpt>
      <trkpt lat="37.76898" lon="-119.58591">
        <ele>2205.0</ele>
      </trkpt>
      <trkpt lat="37.76918" lon="-119.58571">
        <ele>2202.0</ele>
      </trkpt>
      <trkpt lat="37.76931" lon="-119.58573">
        <ele>2198.0</ele>
      </trkpt>
      <trkpt lat="37.7694" lon="-119.58568">
        <ele>2194.0</ele>
      </trkpt>
      <trkpt lat="37.76981" lon="-119.58532">
        <ele>2189.0</ele>
      </trkpt>
      <trkpt lat="37.77005" lon="-119.58519">
        <ele>2190.0</ele>
      </trkpt>
      <trkpt lat="37.77023" lon="-119.58494">
        <ele>2187.0</ele>
      </trkpt>
      <trkpt lat="37.77056" lon="-119.58465">
        <ele>2192.0</ele>
      </trkpt>
      <trkpt lat="37.77071" lon="-119.58444">
        <ele>2183.0</ele>
      </trkpt>
      <trkpt lat="37.77071" lon="-119.58444">
        <ele>2183.0</ele>
      </trkpt>
      <trkpt lat="37.77077" lon="-119.58436">
        <ele>2183.0</ele>
      </trkpt>
      <trkpt lat="37.77108" lon="-119.58368">
        <ele>2168.0</ele>
      </trkpt>
      <trkpt lat="37.77113" lon="-119.58345">
        <ele>2165.0</ele>
      </trkpt>
      <trkpt lat="37.7712" lon="-119.58337">
        <ele>2165.0</ele>
      </trkpt>
      <trkpt lat="37.77148" lon="-119.58317">
        <ele>2164.0</ele>
      </trkpt>
      <trkpt lat="37.77198" lon="-119.58241">
        <ele>2148.0</ele>
      </trkpt>
      <trkpt lat="37.77205" lon="-119.58225">
        <ele>2142.0</ele>
      </trkpt>
      <trkpt lat="37.77209" lon="-119.5818">
        <ele>2137.0</ele>
      </trkpt>
      <trkpt lat="37.77225" lon="-119.58139">
        <ele>2134.0</ele>
      </trkpt>
      <trkpt lat="37.77226" lon="-119.58129">
        <ele>2134.0</ele>
      </trkpt>
      <trkpt lat="37.77213" lon="-119.58106">
        <ele>2131.0</ele>
      </trkpt>
      <trkpt lat="37.77202" lon="-119.58092">
        <ele>2127.0</ele>
      </trkpt>
      <trkpt lat="37.77196" lon="-119.58079">
        <ele>2127.0</ele>
      </trkpt>
      <trkpt lat="37.77167" lon="-119.58046">
        <ele>2130.0</ele>
      </trkpt>
      <trkpt lat="37.77146" lon="-119.58011">
        <ele>2142.0</ele>
      </trkpt>
      <trkpt lat="37.77128" lon="-119.57996">
        <ele>2142.0</ele>
      </trkpt>
      <trkpt lat="37.77106" lon="-119.57968">
        <ele>2152.0</ele>
      </trkpt>
      <trkpt lat="37.77071" lon="-119.57942">
        <ele>2148.0</ele>
      </trkpt>
      <trkpt lat="37.77071" lon="-119.57942">
        <ele>2148.0</ele>
      </trkpt>
      <trkpt lat="37.77046" lon="-119.57917">
        <ele>2156.0</ele>
      </trkpt>
      <trkpt lat="37.76998" lon="-119.57856">
        <ele>2160.0</ele>
      </trkpt>
      <trkpt lat="37.76959" lon="-119.5782">
        <ele>2161.0</ele>
      </trkpt>
      <trkpt lat="37.76951" lon="-119.57806">
        <ele>2165.0</ele>
      </trkpt>
      <trkpt lat="37.7694" lon="-119.57685">
        <ele>2173.0</ele>
      </trkpt>
      <trkpt lat="37.76926468635364" lon="-119.5763087454146">
        <ele>2161.0</ele>
      </trkpt>
      <trkpt lat="37.76926468640368" lon="-119.5763087454146">
        <ele>2161.0</ele>
      </trkpt>
      <trkpt lat="37.76921" lon="-119.57609">
        <ele>2160.0</ele>
      </trkpt>
      <trkpt lat="37.76923" lon="-119.57539">
        <ele>2161.0</ele>
      </trkpt>
      <trkpt lat="37.76929" lon="-119.5752">
        <ele>2161.0</ele>
      </trkpt>
      <trkpt lat="37.76929" lon="-119.5752">
        <ele>2161.0</ele>
      </trkpt>
      <trkpt lat="37.76938" lon="-119.57497">
        <ele>2166.0</ele>
      </trkpt>
      <trkpt lat="37.7694" lon="-119.57479">
        <ele>2163.0</ele>
      </trkpt>
      <trkpt lat="37.76938" lon="-119.57446">
        <ele>2158.0</ele>
      </trkpt>
      <trkpt lat="37.76938" lon="-119.57446">
        <ele>2158.0</ele>
      </trkpt>
      <trkpt lat="37.76924" lon="-119.57389">
        <ele>2150.0</ele>
      </trkpt>
      <trkpt lat="37.76926" lon="-119.57379">
        <ele>2150.0</ele>
      </trkpt>
      <trkpt lat="37.76939" lon="-119.57353">
        <ele>2152.0</ele>
      </trkpt>
      <trkpt lat="37.76938" lon="-119.57345">
        <ele>2152.0</ele>
      </trkpt>
      <trkpt lat="37.76923" lon="-119.57336">
        <ele>2147.0</ele>
      </trkpt>
      <trkpt lat="37.76914" lon="-119.57326">
        <ele>2147.0</ele>
      </trkpt>
      <trkpt lat="37.76908" lon="-119.57313">
        <ele>2149.0</ele>
      </trkpt>
      <trkpt lat="37.76899" lon="-119.57278">
        <ele>2153.0</ele>
      </trkpt>
      <trkpt lat="37.76886" lon="-119.57249">
        <ele>2158.0</ele>
      </trkpt>
      <trkpt lat="37.76887" lon="-119.57219">
        <ele>2163.0</ele>
      </trkpt>
      <trkpt lat="37.76875" lon="-119.57178">
        <ele>2177.0</ele>
      </trkpt>
      <trkpt lat="37.7687" lon="-119.57174">
        <ele>2177.0</ele>
      </trkpt>
      <trkpt lat="37.76811" lon="-119.57149">
        <ele>2193.0</ele>
      </trkpt>
      <trkpt lat="37.76789" lon="-119.57146">
        <ele>2200.0</ele>
      </trkpt>
      <trkpt lat="37.76762" lon="-119.57146">
        <ele>2200.0</ele>
      </trkpt>
      <trkpt lat="37.76678" lon="-119.57162">
        <ele>2205.0</ele>
      </trkpt>
      <trkpt lat="37.76647" lon="-119.57164">
        <ele>2212.0</ele>
      </trkpt>
      <trkpt lat="37.76626" lon="-119.57135">
        <ele>2212.0</ele>
      </trkpt>
      <trkpt lat="37.76608" lon="-119.57089">
        <ele>2213.0</ele>
      </trkpt>
      <trkpt lat="37.76597" lon="-119.57071">
        <ele>2209.0</ele>
      </trkpt>
      <trkpt lat="37.76597" lon="-119.57042">
        <ele>2209.0</ele>
      </trkpt>
      <trkpt lat="37.76574" lon="-119.57005">
        <ele>2208.0</ele>
      </trkpt>
      <trkpt lat="37.76574" lon="-119.56982">
        <ele>2206.0</ele>
      </trkpt>
      <trkpt lat="37.76563" lon="-119.56943">
        <ele>2203.0</ele>
      </trkpt>
      <trkpt lat="37.76564" lon="-119.56889">
        <ele>2201.0</ele>
      </trkpt>
      <trkpt lat="37.7656" lon="-119.56859">
        <ele>2198.0</ele>
      </trkpt>
      <trkpt lat="37.76545" lon="-119.56788">
        <ele>2197.0</ele>
      </trkpt>
      <trkpt lat="37.76539" lon="-119.56771">
        <ele>2199.0</ele>
      </trkpt>
      <trkpt lat="37.76518" lon="-119.5668">
        <ele>2192.0</ele>
      </trkpt>
      <trkpt lat="37.76497" lon="-119.56645">
        <ele>2197.0</ele>
      </trkpt>
      <trkpt lat="37.76472" lon="-119.56624">
        <ele>2202.0</ele>
      </trkpt>
      <trkpt lat="37.76456" lon="-119.56605">
        <ele>2209.0</ele>
      </trkpt>
      <trkpt lat="37.76444" lon="-119.56597">
        <ele>2209.0</ele>
      </trkpt>
      <trkpt lat="37.76432" lon="-119.56584">
        <ele>2209.0</ele>
      </trkpt>
      <trkpt lat="37.76406" lon="-119.56566">
        <ele>2214.0</ele>
      </trkpt>
      <trkpt lat="37.76399" lon="-119.56563">
        <ele>2218.0</ele>
      </trkpt>
      <trkpt lat="37.76374" lon="-119.56566">
        <ele>2222.0</ele>
      </trkpt>
      <trkpt lat="37.76337" lon="-119.56561">
        <ele>2222.0</ele>
      </trkpt>
      <trkpt lat="37.76331" lon="-119.56556">
        <ele>2222.0</ele>
      </trkpt>
      <trkpt lat="37.76307" lon="-119.56546">
        <ele>2222.0</ele>
      </trkpt>
      <trkpt lat="37.76298" lon="-119.56535">
        <ele>2227.0</ele>
      </trkpt>
      <trkpt lat="37.76265" lon="-119.56508">
        <ele>2234.0</ele>
      </trkpt>
      <trkpt lat="37.76226" lon="-119.56456">
        <ele>2241.0</ele>
      </trkpt>
      <trkpt lat="37.76207" lon="-119.56391">
        <ele>2240.0</ele>
      </trkpt>
      <trkpt lat="37.76201" lon="-119.56344">
        <ele>2241.0</ele>
      </trkpt>
      <trkpt lat="37.76201" lon="-119.56318">
        <ele>2243.0</ele>
      </trkpt>
      <trkpt lat="37.76194" lon="-119.56292">
        <ele>2243.0</ele>
      </trkpt>
      <trkpt lat="37.7618" lon="-119.56262">
        <ele>2253.0</ele>
      </trkpt>
      <trkpt lat="37.76172" lon="-119.56253">
        <ele>2253.0</ele>
      </trkpt>
      <trkpt lat="37.76144" lon="-119.56245">
        <ele>2255.0</ele>
      </trkpt>
      <trkpt lat="37.76113" lon="-119.56244">
        <ele>2256.0</ele>
      </trkpt>
      <trkpt lat="37.76091" lon="-119.56248">
        <ele>2271.0</ele>
      </trkpt>
      <trkpt lat="37.76086" lon="-119.56245">
        <ele>2271.0</ele>
      </trkpt>
      <trkpt lat="37.76085" lon="-119.5624">
        <ele>2271.0</ele>
      </trkpt>
      <trkpt lat="37.761" lon="-119.56208">
        <ele>2280.0</ele>
      </trkpt>
      <trkpt lat="37.76101" lon="-119.56199">
        <ele>2280.0</ele>
      </trkpt>
      <trkpt lat="37.76097" lon="-119.56189">
        <ele>2296.0</ele>
      </trkpt>
      <trkpt lat="37.7609" lon="-119.56182">
        <ele>2296.0</ele>
      </trkpt>
      <trkpt lat="37.76081" lon="-119.56182">
        <ele>2296.0</ele>
      </trkpt>
      <trkpt lat="37.76041" lon="-119.56199">
        <ele>2297.0</ele>
      </trkpt>
      <trkpt lat="37.76034" lon="-119.56198">
        <ele>2297.0</ele>
      </trkpt>
      <trkpt lat="37.76032" lon="-119.56192">
        <ele>2297.0</ele>
      </trkpt>
      <trkpt lat="37.76035" lon="-119.56184">
        <ele>2297.0</ele>
      </trkpt>
      <trkpt lat="37.76072" lon="-119.5612">
        <ele>2306.0</ele>
      </trkpt>
      <trkpt lat="37.76084" lon="-119.56106">
        <ele>2306.0</ele>
      </trkpt>
      <trkpt lat="37.76109" lon="-119.56058">
        <ele>2309.0</ele>
      </trkpt>
      <trkpt lat="37.76136" lon="-119.56029">
        <ele>2314.0</ele>
      </trkpt>
      <trkpt lat="37.76136" lon="-119.56029">
        <ele>2314.0</ele>
      </trkpt>
      <trkpt lat="37.76133" lon="-119.56022">
        <ele>2314.0</ele>
      </trkpt>
      <trkpt lat="37.76133" lon="-119.5601">
        <ele>2311.0</ele>
      </trkpt>
      <trkpt lat="37.76169" lon="-119.55933">
        <ele>2310.0</ele>
      </trkpt>
      <trkpt lat="37.76173" lon="-119.5592">
        <ele>2305.0</ele>
      </trkpt>
      <trkpt lat="37.76173" lon="-119.55916">
        <ele>2305.0</ele>
      </trkpt>
      <trkpt lat="37.76163" lon="-119.55917">
        <ele>2305.0</ele>
      </trkpt>
      <trkpt lat="37.7616" lon="-119.55914">
        <ele>2305.0</ele>
      </trkpt>
      <trkpt lat="37.7616" lon="-119.55909">
        <ele>2305.0</ele>
      </trkpt>
      <trkpt lat="37.76213" lon="-119.55837">
        <ele>2281.0</ele>
      </trkpt>
      <trkpt lat="37.76215" lon="-119.55831">
        <ele>2281.0</ele>
      </trkpt>
      <trkpt lat="37.76213" lon="-119.55829">
        <ele>2281.0</ele>
      </trkpt>
      <trkpt lat="37.7617" lon="-119.55844">
        <ele>2272.0</ele>
      </trkpt>
      <trkpt lat="37.7612" lon="-119.5588">
        <ele>2265.0</ele>
      </trkpt>
      <trkpt lat="37.76108" lon="-119.55884">
        <ele>2265.0</ele>
      </trkpt>
      <trkpt lat="37.76084" lon="-119.55884">
        <ele>2253.0</ele>
      </trkpt>
      <trkpt lat="37.76034" lon="-119.55874">
        <ele>2246.0</ele>
      </trkpt>
      <trkpt lat="37.76007" lon="-119.55879">
        <ele>2253.0</ele>
      </trkpt>
      <trkpt lat="37.75988" lon="-119.55897">
        <ele>2253.0</ele>
      </trkpt>
      <trkpt lat="37.75988" lon="-119.55897">
        <ele>2253.0</ele>
      </trkpt>
      <trkpt lat="37.75988" lon="-119.55897">
        <ele>2253.0</ele>
      </trkpt>
      <trkpt lat="37.75973" lon="-119.55904">
        <ele>2253.0</ele>
      </trkpt>
      <trkpt lat="37.75953" lon="-119.55911">
        <ele>2253.0</ele>
      </trkpt>
      <trkpt lat="37.75922" lon="-119.55913">
        <ele>2256.0</ele>
      </trkpt>
      <trkpt lat="37.75898" lon="-119.55922">
        <ele>2259.0</ele>
      </trkpt>
      <trkpt lat="37.75876" lon="-119.55927">
        <ele>2259.0</ele>
      </trkpt>
      <trkpt lat="37.75764" lon="-119.55982">
        <ele>2271.0</ele>
      </trkpt>
      <trkpt lat="37.75678" lon="-119.5599">
        <ele>2277.0</ele>
      </trkpt>
      <trkpt lat="37.75594" lon="-119.56014">
        <ele>2263.0</ele>
      </trkpt>
      <trkpt lat="37.75561" lon="-119.56019">
        <ele>2256.0</ele>
      </trkpt>
      <trkpt lat="37.75561" lon="-119.56019">
        <ele>2256.0</ele>
      </trkpt>
      <trkpt lat="37.75426225433023" lon="-119.5605315522439">
        <ele>2193.0</ele>
      </trkpt>
      <trkpt lat="37.75561" lon="-119.56019">
        <ele>2256.0</ele>
      </trkpt>
      <trkpt lat="37.75561" lon="-119.56019">
        <ele>2256.0</ele>
      </trkpt>
      <trkpt lat="37.75594" lon="-119.56014">
        <ele>2263.0</ele>
      </trkpt>
      <trkpt lat="37.75678" lon="-119.5599">
        <ele>2277.0</ele>
      </trkpt>
      <trkpt lat="37.75764" lon="-119.55982">
        <ele>2271.0</ele>
      </trkpt>
      <trkpt lat="37.75876" lon="-119.55927">
        <ele>2259.0</ele>
      </trkpt>
      <trkpt lat="37.75898" lon="-119.55922">
        <ele>2259.0</ele>
      </trkpt>
      <trkpt lat="37.75922" lon="-119.55913">
        <ele>2256.0</ele>
      </trkpt>
      <trkpt lat="37.75953" lon="-119.55911">
        <ele>2253.0</ele>
      </trkpt>
      <trkpt lat="37.75973" lon="-119.55904">
        <ele>2253.0</ele>
      </trkpt>
      <trkpt lat="37.75988" lon="-119.55897">
        <ele>2253.0</ele>
      </trkpt>
      <trkpt lat="37.75988" lon="-119.55897">
        <ele>2253.0</ele>
      </trkpt>
      <trkpt lat="37.75988" lon="-119.55897">
        <ele>2253.0</ele>
      </trkpt>
      <trkpt lat="37.76007" lon="-119.55879">
        <ele>2253.0</ele>
      </trkpt>
      <trkpt lat="37.76034" lon="-119.55874">
        <ele>2246.0</ele>
      </trkpt>
      <trkpt lat="37.76084" lon="-119.55884">
        <ele>2253.0</ele>
      </trkpt>
      <trkpt lat="37.76108" lon="-119.55884">
        <ele>2265.0</ele>
      </trkpt>
      <trkpt lat="37.7612" lon="-119.5588">
        <ele>2265.0</ele>
      </trkpt>
      <trkpt lat="37.7617" lon="-119.55844">
        <ele>2272.0</ele>
      </trkpt>
      <trkpt lat="37.76213" lon="-119.55829">
        <ele>2281.0</ele>
      </trkpt>
      <trkpt lat="37.76215" lon="-119.55831">
        <ele>2281.0</ele>
      </trkpt>
      <trkpt lat="37.76213" lon="-119.55837">
        <ele>2281.0</ele>
      </trkpt>
      <trkpt lat="37.7616" lon="-119.55909">
        <ele>2305.0</ele>
      </trkpt>
      <trkpt lat="37.7616" lon="-119.55914">
        <ele>2305.0</ele>
      </trkpt>
      <trkpt lat="37.76163" lon="-119.55917">
        <ele>2305.0</ele>
      </trkpt>
      <trkpt lat="37.76173" lon="-119.55916">
        <ele>2305.0</ele>
      </trkpt>
      <trkpt lat="37.76173" lon="-119.5592">
        <ele>2305.0</ele>
      </trkpt>
      <trkpt lat="37.76169" lon="-119.55933">
        <ele>2310.0</ele>
      </trkpt>
      <trkpt lat="37.76133" lon="-119.5601">
        <ele>2311.0</ele>
      </trkpt>
      <trkpt lat="37.76133" lon="-119.56022">
        <ele>2314.0</ele>
      </trkpt>
      <trkpt lat="37.76136" lon="-119.56029">
        <ele>2314.0</ele>
      </trkpt>
      <trkpt lat="37.76136" lon="-119.56029">
        <ele>2314.0</ele>
      </trkpt>
      <trkpt lat="37.76136" lon="-119.56029">
        <ele>2314.0</ele>
      </trkpt>
      <trkpt lat="37.7614" lon="-119.5603">
        <ele>2314.0</ele>
      </trkpt>
      <trkpt lat="37.76143" lon="-119.56016">
        <ele>2314.0</ele>
      </trkpt>
      <trkpt lat="37.76156" lon="-119.56014">
        <ele>2325.0</ele>
      </trkpt>
      <trkpt lat="37.76164" lon="-119.56019">
        <ele>2325.0</ele>
      </trkpt>
      <trkpt lat="37.76172" lon="-119.56016">
        <ele>2325.0</ele>
      </trkpt>
      <trkpt lat="37.76185" lon="-119.56006">
        <ele>2333.0</ele>
      </trkpt>
      <trkpt lat="37.76199" lon="-119.5598">
        <ele>2329.0</ele>
      </trkpt>
      <trkpt lat="37.76213" lon="-119.55983">
        <ele>2340.0</ele>
      </trkpt>
      <trkpt lat="37.76252" lon="-119.55969">
        <ele>2345.0</ele>
      </trkpt>
      <trkpt lat="37.76298" lon="-119.55939">
        <ele>2350.0</ele>
      </trkpt>
      <trkpt lat="37.7633" lon="-119.55927">
        <ele>2349.0</ele>
      </trkpt>
      <trkpt lat="37.76354" lon="-119.55925">
        <ele>2350.0</ele>
      </trkpt>
      <trkpt lat="37.76407" lon="-119.55934">
        <ele>2360.0</ele>
      </trkpt>
      <trkpt lat="37.76425" lon="-119.5593">
        <ele>2360.0</ele>
      </trkpt>
      <trkpt lat="37.76435" lon="-119.55924">
        <ele>2368.0</ele>
      </trkpt>
      <trkpt lat="37.76444215005989" lon="-119.5590919016895">
        <ele>2368.0</ele>
      </trkpt>
      <trkpt lat="37.76444215005989" lon="-119.5590919016895">
        <ele>2368.0</ele>
      </trkpt>
      <trkpt lat="37.76463" lon="-119.55879">
        <ele>2369.0</ele>
      </trkpt>
      <trkpt lat="37.76485" lon="-119.5585">
        <ele>2367.0</ele>
      </trkpt>
      <trkpt lat="37.76514" lon="-119.5582">
        <ele>2376.0</ele>
      </trkpt>
      <trkpt lat="37.76541" lon="-119.55798">
        <ele>2371.0</ele>
      </trkpt>
      <trkpt lat="37.76595" lon="-119.55766">
        <ele>2380.0</ele>
      </trkpt>
      <trkpt lat="37.76607" lon="-119.55755">
        <ele>2382.0</ele>
      </trkpt>
      <trkpt lat="37.76653" lon="-119.55728">
        <ele>2394.0</ele>
      </trkpt>
      <trkpt lat="37.76675" lon="-119.55711">
        <ele>2394.0</ele>
      </trkpt>
      <trkpt lat="37.7669" lon="-119.55706">
        <ele>2400.0</ele>
      </trkpt>
      <trkpt lat="37.76716" lon="-119.55678">
        <ele>2406.0</ele>
      </trkpt>
      <trkpt lat="37.76722145324961" lon="-119.5567441522711">
        <ele>2406.0</ele>
      </trkpt>
      <trkpt lat="37.7672214535232" lon="-119.5567441522711">
        <ele>2406.0</ele>
      </trkpt>
      <trkpt lat="37.76788" lon="-119.55636">
        <ele>2414.0</ele>
      </trkpt>
      <trkpt lat="37.76801" lon="-119.55637">
        <ele>2423.0</ele>
      </trkpt>
      <trkpt lat="37.76803" lon="-119.55642">
        <ele>2423.0</ele>
      </trkpt>
      <trkpt lat="37.76804" lon="-119.55656">
        <ele>2428.0</ele>
      </trkpt>
      <trkpt lat="37.768" lon="-119.55698">
        <ele>2433.0</ele>
      </trkpt>
      <trkpt lat="37.76807" lon="-119.55733">
        <ele>2435.0</ele>
      </trkpt>
      <trkpt lat="37.76813" lon="-119.55743">
        <ele>2439.0</ele>
      </trkpt>
      <trkpt lat="37.76833" lon="-119.55755">
        <ele>2442.0</ele>
      </trkpt>
      <trkpt lat="37.76838856068649" lon="-119.5575374512815">
        <ele>2442.0</ele>
      </trkpt>
      <trkpt lat="37.76838856068649" lon="-119.5575374512815">
        <ele>2442.0</ele>
      </trkpt>
      <trkpt lat="37.76847" lon="-119.55752">
        <ele>2442.0</ele>
      </trkpt>
      <trkpt lat="37.76901" lon="-119.55713">
        <ele>2449.0</ele>
      </trkpt>
      <trkpt lat="37.76919" lon="-119.55702">
        <ele>2449.0</ele>
      </trkpt>
      <trkpt lat="37.76947" lon="-119.55698">
        <ele>2454.0</ele>
      </trkpt>
      <trkpt lat="37.7694762086496" lon="-119.5569767607045">
        <ele>2454.0</ele>
      </trkpt>
      <trkpt lat="37.769476208659" lon="-119.5569767607045">
        <ele>2454.0</ele>
      </trkpt>
      <trkpt lat="37.7697" lon="-119.55686">
        <ele>2455.0</ele>
      </trkpt>
      <trkpt lat="37.77019" lon="-119.55675">
        <ele>2457.0</ele>
      </trkpt>
      <trkpt lat="37.77052" lon="-119.55679">
        <ele>2457.0</ele>
      </trkpt>
      <trkpt lat="37.77071" lon="-119.55685">
        <ele>2462.0</ele>
      </trkpt>
      <trkpt lat="37.77071" lon="-119.55685">
        <ele>2462.0</ele>
      </trkpt>
      <trkpt lat="37.77101" lon="-119.55693">
        <ele>2463.0</ele>
      </trkpt>
      <trkpt lat="37.77121" lon="-119.55696">
        <ele>2463.0</ele>
      </trkpt>
      <trkpt lat="37.77194" lon="-119.55679">
        <ele>2457.0</ele>
      </trkpt>
      <trkpt lat="37.77219" lon="-119.55669">
        <ele>2455.0</ele>
      </trkpt>
      <trkpt lat="37.77252" lon="-119.55661">
        <ele>2455.0</ele>
      </trkpt>
      <trkpt lat="37.77343" lon="-119.55645">
        <ele>2452.0</ele>
      </trkpt>
      <trkpt lat="37.77365" lon="-119.55645">
        <ele>2459.0</ele>
      </trkpt>
      <trkpt lat="37.77439" lon="-119.55653">
        <ele>2468.0</ele>
      </trkpt>
      <trkpt lat="37.77489" lon="-119.55647">
        <ele>2468.0</ele>
      </trkpt>
      <trkpt lat="37.77518" lon="-119.55652">
        <ele>2473.0</ele>
      </trkpt>
      <trkpt lat="37.77533" lon="-119.55647">
        <ele>2473.0</ele>
      </trkpt>
      <trkpt lat="37.77533" lon="-119.55647">
        <ele>2473.0</ele>
      </trkpt>
      <trkpt lat="37.7754" lon="-119.55637">
        <ele>2473.0</ele>
      </trkpt>
      <trkpt lat="37.77546" lon="-119.55618">
        <ele>2476.0</ele>
      </trkpt>
      <trkpt lat="37.77546" lon="-119.55618">
        <ele>2476.0</ele>
      </trkpt>
      <trkpt lat="37.77546" lon="-119.55618">
        <ele>2476.0</ele>
      </trkpt>
      <trkpt lat="37.7755" lon="-119.55594">
        <ele>2481.0</ele>
      </trkpt>
      <trkpt lat="37.7755" lon="-119.55571">
        <ele>2481.0</ele>
      </trkpt>
      <trkpt lat="37.7755" lon="-119.55571">
        <ele>2481.0</ele>
      </trkpt>
      <trkpt lat="37.7756" lon="-119.55551">
        <ele>2484.0</ele>
      </trkpt>
      <trkpt lat="37.77583" lon="-119.55531">
        <ele>2489.0</ele>
      </trkpt>
      <trkpt lat="37.77589" lon="-119.55522">
        <ele>2489.0</ele>
      </trkpt>
      <trkpt lat="37.7759" lon="-119.55505">
        <ele>2493.0</ele>
      </trkpt>
      <trkpt lat="37.77599" lon="-119.55489">
        <ele>2501.0</ele>
      </trkpt>
      <trkpt lat="37.77604" lon="-119.55458">
        <ele>2511.0</ele>
      </trkpt>
      <trkpt lat="37.77604" lon="-119.55458">
        <ele>2511.0</ele>
      </trkpt>
      <trkpt lat="37.77604" lon="-119.55458">
        <ele>2511.0</ele>
      </trkpt>
      <trkpt lat="37.77625" lon="-119.5542">
        <ele>2513.0</ele>
      </trkpt>
      <trkpt lat="37.77625" lon="-119.55399">
        <ele>2513.0</ele>
      </trkpt>
      <trkpt lat="37.77636" lon="-119.55356">
        <ele>2525.0</ele>
      </trkpt>
      <trkpt lat="37.77639" lon="-119.55353">
        <ele>2525.0</ele>
      </trkpt>
      <trkpt lat="37.77656" lon="-119.55349">
        <ele>2536.0</ele>
      </trkpt>
      <trkpt lat="37.77663" lon="-119.55345">
        <ele>2536.0</ele>
      </trkpt>
      <trkpt lat="37.77677" lon="-119.55344">
        <ele>2536.0</ele>
      </trkpt>
      <trkpt lat="37.77677" lon="-119.55344">
        <ele>2536.0</ele>
      </trkpt>
      <trkpt lat="37.77689" lon="-119.55322">
        <ele>2546.0</ele>
      </trkpt>
      <trkpt lat="37.77689" lon="-119.55322">
        <ele>2546.0</ele>
      </trkpt>
      <trkpt lat="37.77703" lon="-119.55303">
        <ele>2546.0</ele>
      </trkpt>
      <trkpt lat="37.77719" lon="-119.55293">
        <ele>2550.0</ele>
      </trkpt>
      <trkpt lat="37.77743" lon="-119.5526">
        <ele>2556.0</ele>
      </trkpt>
      <trkpt lat="37.77783" lon="-119.55212">
        <ele>2560.0</ele>
      </trkpt>
      <trkpt lat="37.778" lon="-119.55207">
        <ele>2562.0</ele>
      </trkpt>
      <trkpt lat="37.77829" lon="-119.5519">
        <ele>2557.0</ele>
      </trkpt>
      <trkpt lat="37.7784" lon="-119.55179">
        <ele>2560.0</ele>
      </trkpt>
      <trkpt lat="37.7786" lon="-119.55166">
        <ele>2561.0</ele>
      </trkpt>
      <trkpt lat="37.77898" lon="-119.55154">
        <ele>2563.0</ele>
      </trkpt>
      <trkpt lat="37.77962" lon="-119.55115">
        <ele>2564.0</ele>
      </trkpt>
      <trkpt lat="37.78013" lon="-119.55106">
        <ele>2564.0</ele>
      </trkpt>
      <trkpt lat="37.78048" lon="-119.55095">
        <ele>2564.0</ele>
      </trkpt>
      <trkpt lat="37.78092" lon="-119.55098">
        <ele>2567.0</ele>
      </trkpt>
      <trkpt lat="37.78111" lon="-119.55105">
        <ele>2567.0</ele>
      </trkpt>
      <trkpt lat="37.78173896052299" lon="-119.55105">
        <ele>2569.0</ele>
      </trkpt>
      <trkpt lat="37.78173896112306" lon="-119.55105">
        <ele>2569.0</ele>
      </trkpt>
      <trkpt lat="37.78111" lon="-119.55105">
        <ele>2567.0</ele>
      </trkpt>
      <trkpt lat="37.78092" lon="-119.55098">
        <ele>2567.0</ele>
      </trkpt>
      <trkpt lat="37.78048" lon="-119.55095">
        <ele>2564.0</ele>
      </trkpt>
      <trkpt lat="37.78013" lon="-119.55106">
        <ele>2564.0</ele>
      </trkpt>
      <trkpt lat="37.77962" lon="-119.55115">
        <ele>2564.0</ele>
      </trkpt>
      <trkpt lat="37.77898" lon="-119.55154">
        <ele>2563.0</ele>
      </trkpt>
      <trkpt lat="37.7786" lon="-119.55166">
        <ele>2561.0</ele>
      </trkpt>
      <trkpt lat="37.7784" lon="-119.55179">
        <ele>2560.0</ele>
      </trkpt>
      <trkpt lat="37.77829" lon="-119.5519">
        <ele>2557.0</ele>
      </trkpt>
      <trkpt lat="37.778" lon="-119.55207">
        <ele>2562.0</ele>
      </trkpt>
      <trkpt lat="37.77783" lon="-119.55212">
        <ele>2560.0</ele>
      </trkpt>
      <trkpt lat="37.77743" lon="-119.5526">
        <ele>2556.0</ele>
      </trkpt>
      <trkpt lat="37.77719" lon="-119.55293">
        <ele>2550.0</ele>
      </trkpt>
      <trkpt lat="37.77703" lon="-119.55303">
        <ele>2546.0</ele>
      </trkpt>
      <trkpt lat="37.77689" lon="-119.55322">
        <ele>2546.0</ele>
      </trkpt>
      <trkpt lat="37.77689" lon="-119.55322">
        <ele>2546.0</ele>
      </trkpt>
      <trkpt lat="37.77677" lon="-119.55344">
        <ele>2536.0</ele>
      </trkpt>
      <trkpt lat="37.77677" lon="-119.55344">
        <ele>2536.0</ele>
      </trkpt>
      <trkpt lat="37.77663" lon="-119.55345">
        <ele>2536.0</ele>
      </trkpt>
      <trkpt lat="37.77656" lon="-119.55349">
        <ele>2536.0</ele>
      </trkpt>
      <trkpt lat="37.77639" lon="-119.55353">
        <ele>2525.0</ele>
      </trkpt>
      <trkpt lat="37.77636" lon="-119.55356">
        <ele>2525.0</ele>
      </trkpt>
      <trkpt lat="37.77625" lon="-119.55399">
        <ele>2513.0</ele>
      </trkpt>
      <trkpt lat="37.77625" lon="-119.5542">
        <ele>2513.0</ele>
      </trkpt>
      <trkpt lat="37.77604" lon="-119.55458">
        <ele>2511.0</ele>
      </trkpt>
      <trkpt lat="37.77604" lon="-119.55458">
        <ele>2511.0</ele>
      </trkpt>
      <trkpt lat="37.77604" lon="-119.55458">
        <ele>2511.0</ele>
      </trkpt>
      <trkpt lat="37.77599" lon="-119.55489">
        <ele>2501.0</ele>
      </trkpt>
      <trkpt lat="37.7759" lon="-119.55505">
        <ele>2493.0</ele>
      </trkpt>
      <trkpt lat="37.77589" lon="-119.55522">
        <ele>2489.0</ele>
      </trkpt>
      <trkpt lat="37.77583" lon="-119.55531">
        <ele>2489.0</ele>
      </trkpt>
      <trkpt lat="37.7756" lon="-119.55551">
        <ele>2484.0</ele>
      </trkpt>
      <trkpt lat="37.7755" lon="-119.55571">
        <ele>2481.0</ele>
      </trkpt>
      <trkpt lat="37.7755" lon="-119.55571">
        <ele>2481.0</ele>
      </trkpt>
      <trkpt lat="37.7755" lon="-119.55594">
        <ele>2481.0</ele>
      </trkpt>
      <trkpt lat="37.77546" lon="-119.55618">
        <ele>2476.0</ele>
      </trkpt>
      <trkpt lat="37.77546" lon="-119.55618">
        <ele>2476.0</ele>
      </trkpt>
      <trkpt lat="37.77546" lon="-119.55618">
        <ele>2476.0</ele>
      </trkpt>
      <trkpt lat="37.77556515896714" lon="-119.5564763528296">
        <ele>2475.0</ele>
      </trkpt>
      <trkpt lat="37.77557002695116" lon="-119.5564764872149">
        <ele>2475.0</ele>
      </trkpt>
      <trkpt lat="37.7757" lon="-119.55648">
        <ele>2470.0</ele>
      </trkpt>
      <trkpt lat="37.77578" lon="-119.55659">
        <ele>2466.0</ele>
      </trkpt>
      <trkpt lat="37.77582" lon="-119.55729">
        <ele>2458.0</ele>
      </trkpt>
      <trkpt lat="37.77593" lon="-119.55772">
        <ele>2450.0</ele>
      </trkpt>
      <trkpt lat="37.77617" lon="-119.5583">
        <ele>2439.0</ele>
      </trkpt>
      <trkpt lat="37.77628" lon="-119.55907">
        <ele>2428.0</ele>
      </trkpt>
      <trkpt lat="37.77632" lon="-119.55913">
        <ele>2428.0</ele>
      </trkpt>
      <trkpt lat="37.7764" lon="-119.55916">
        <ele>2428.0</ele>
      </trkpt>
      <trkpt lat="37.77728" lon="-119.5591">
        <ele>2416.0</ele>
      </trkpt>
      <trkpt lat="37.77758" lon="-119.55903">
        <ele>2414.0</ele>
      </trkpt>
      <trkpt lat="37.77813" lon="-119.55912">
        <ele>2422.0</ele>
      </trkpt>
      <trkpt lat="37.77862" lon="-119.55915">
        <ele>2422.0</ele>
      </trkpt>
      <trkpt lat="37.77873" lon="-119.55912">
        <ele>2422.0</ele>
      </trkpt>
      <trkpt lat="37.77889" lon="-119.55899">
        <ele>2425.0</ele>
      </trkpt>
      <trkpt lat="37.77926" lon="-119.55881">
        <ele>2424.0</ele>
      </trkpt>
      <trkpt lat="37.7794" lon="-119.55871">
        <ele>2431.0</ele>
      </trkpt>
      <trkpt lat="37.77985" lon="-119.55855">
        <ele>2428.0</ele>
      </trkpt>
      <trkpt lat="37.78046" lon="-119.55825">
        <ele>2429.0</ele>
      </trkpt>
      <trkpt lat="37.78122" lon="-119.55811">
        <ele>2438.0</ele>
      </trkpt>
      <trkpt lat="37.78166" lon="-119.55813">
        <ele>2432.0</ele>
      </trkpt>
      <trkpt lat="37.78217" lon="-119.55803">
        <ele>2433.0</ele>
      </trkpt>
      <trkpt lat="37.78236" lon="-119.55813">
        <ele>2433.0</ele>
      </trkpt>
      <trkpt lat="37.78245" lon="-119.55825">
        <ele>2429.0</ele>
      </trkpt>
      <trkpt lat="37.78251" lon="-119.55842">
        <ele>2429.0</ele>
      </trkpt>
      <trkpt lat="37.7825" lon="-119.55858">
        <ele>2420.0</ele>
      </trkpt>
      <trkpt lat="37.78257" lon="-119.55905">
        <ele>2406.0</ele>
      </trkpt>
      <trkpt lat="37.78259" lon="-119.55968">
        <ele>2400.0</ele>
      </trkpt>
      <trkpt lat="37.78262" lon="-119.55979">
        <ele>2400.0</ele>
      </trkpt>
      <trkpt lat="37.78275" lon="-119.55986">
        <ele>2401.0</ele>
      </trkpt>
      <trkpt lat="37.78296" lon="-119.55984">
        <ele>2398.0</ele>
      </trkpt>
      <trkpt lat="37.78347" lon="-119.55961">
        <ele>2400.0</ele>
      </trkpt>
      <trkpt lat="37.7839" lon="-119.55951">
        <ele>2398.0</ele>
      </trkpt>
      <trkpt lat="37.78414" lon="-119.55938">
        <ele>2393.0</ele>
      </trkpt>
      <trkpt lat="37.78429" lon="-119.55933">
        <ele>2393.0</ele>
      </trkpt>
      <trkpt lat="37.78447" lon="-119.55933">
        <ele>2390.0</ele>
      </trkpt>
      <trkpt lat="37.78468" lon="-119.55926">
        <ele>2400.0</ele>
      </trkpt>
      <trkpt lat="37.78534" lon="-119.55885">
        <ele>2406.0</ele>
      </trkpt>
      <trkpt lat="37.78593" lon="-119.55857">
        <ele>2405.0</ele>
      </trkpt>
      <trkpt lat="37.78605" lon="-119.55855">
        <ele>2402.0</ele>
      </trkpt>
      <trkpt lat="37.78631" lon="-119.55862">
        <ele>2402.0</ele>
      </trkpt>
      <trkpt lat="37.78645" lon="-119.55872">
        <ele>2402.0</ele>
      </trkpt>
      <trkpt lat="37.78656" lon="-119.55887">
        <ele>2400.0</ele>
      </trkpt>
      <trkpt lat="37.78671" lon="-119.55891">
        <ele>2400.0</ele>
      </trkpt>
      <trkpt lat="37.78671" lon="-119.55891">
        <ele>2400.0</ele>
      </trkpt>
      <trkpt lat="37.78671" lon="-119.55891">
        <ele>2400.0</ele>
      </trkpt>
      <trkpt lat="37.78678" lon="-119.5589">
        <ele>2400.0</ele>
      </trkpt>
      <trkpt lat="37.78686851730978" lon="-119.5588365846139">
        <ele>2399.0</ele>
      </trkpt>
      <trkpt lat="37.78687" lon="-119.55884">
        <ele>2399.0</ele>
      </trkpt>
      <trkpt lat="37.78699" lon="-119.55848">
        <ele>2400.0</ele>
      </trkpt>
      <trkpt lat="37.78712" lon="-119.55825">
        <ele>2404.0</ele>
      </trkpt>
      <trkpt lat="37.78743" lon="-119.55781">
        <ele>2404.0</ele>
      </trkpt>
      <trkpt lat="37.78751" lon="-119.55748">
        <ele>2404.0</ele>
      </trkpt>
      <trkpt lat="37.78758" lon="-119.55732">
        <ele>2399.0</ele>
      </trkpt>
      <trkpt lat="37.78762" lon="-119.55705">
        <ele>2396.0</ele>
      </trkpt>
      <trkpt lat="37.78756" lon="-119.55633">
        <ele>2389.0</ele>
      </trkpt>
      <trkpt lat="37.78765" lon="-119.55591">
        <ele>2378.0</ele>
      </trkpt>
      <trkpt lat="37.78764" lon="-119.55567">
        <ele>2376.0</ele>
      </trkpt>
      <trkpt lat="37.78778" lon="-119.55425">
        <ele>2358.0</ele>
      </trkpt>
      <trkpt lat="37.78773" lon="-119.55408">
        <ele>2358.0</ele>
      </trkpt>
      <trkpt lat="37.78745" lon="-119.55373">
        <ele>2365.0</ele>
      </trkpt>
      <trkpt lat="37.78741" lon="-119.55364">
        <ele>2365.0</ele>
      </trkpt>
      <trkpt lat="37.78743" lon="-119.55322">
        <ele>2370.0</ele>
      </trkpt>
      <trkpt lat="37.78743" lon="-119.55322">
        <ele>2370.0</ele>
      </trkpt>
      <trkpt lat="37.78743" lon="-119.5531">
        <ele>2368.0</ele>
      </trkpt>
      <trkpt lat="37.7875" lon="-119.55294">
        <ele>2368.0</ele>
      </trkpt>
      <trkpt lat="37.78765" lon="-119.55277">
        <ele>2365.0</ele>
      </trkpt>
      <trkpt lat="37.78779" lon="-119.55254">
        <ele>2368.0</ele>
      </trkpt>
      <trkpt lat="37.78796" lon="-119.55188">
        <ele>2362.0</ele>
      </trkpt>
      <trkpt lat="37.78808" lon="-119.55107">
        <ele>2350.0</ele>
      </trkpt>
      <trkpt lat="37.78808" lon="-119.55107">
        <ele>2350.0</ele>
      </trkpt>
      <trkpt lat="37.78811" lon="-119.55087">
        <ele>2352.0</ele>
      </trkpt>
      <trkpt lat="37.78819" lon="-119.55056">
        <ele>2355.0</ele>
      </trkpt>
      <trkpt lat="37.78824" lon="-119.55046">
        <ele>2350.0</ele>
      </trkpt>
      <trkpt lat="37.7884" lon="-119.55037">
        <ele>2351.0</ele>
      </trkpt>
      <trkpt lat="37.7886" lon="-119.55018">
        <ele>2345.0</ele>
      </trkpt>
      <trkpt lat="37.78883" lon="-119.54988">
        <ele>2344.0</ele>
      </trkpt>
      <trkpt lat="37.78906" lon="-119.54977">
        <ele>2339.0</ele>
      </trkpt>
      <trkpt lat="37.7892" lon="-119.5496">
        <ele>2339.0</ele>
      </trkpt>
      <trkpt lat="37.78989" lon="-119.54854">
        <ele>2337.0</ele>
      </trkpt>
      <trkpt lat="37.79016373923553" lon="-119.5483136387091">
        <ele>2330.0</ele>
      </trkpt>
      <trkpt lat="37.79016373969168" lon="-119.5483136387091">
        <ele>2330.0</ele>
      </trkpt>
      <trkpt lat="37.79041" lon="-119.54811">
        <ele>2330.0</ele>
      </trkpt>
      <trkpt lat="37.79052" lon="-119.54796">
        <ele>2326.0</ele>
      </trkpt>
      <trkpt lat="37.79066" lon="-119.54771">
        <ele>2327.0</ele>
      </trkpt>
      <trkpt lat="37.79084" lon="-119.5472">
        <ele>2330.0</ele>
      </trkpt>
      <trkpt lat="37.79096" lon="-119.54679">
        <ele>2322.0</ele>
      </trkpt>
      <trkpt lat="37.79098" lon="-119.5465">
        <ele>2318.0</ele>
      </trkpt>
      <trkpt lat="37.79095" lon="-119.54606">
        <ele>2318.0</ele>
      </trkpt>
      <trkpt lat="37.79101" lon="-119.54571">
        <ele>2309.0</ele>
      </trkpt>
      <trkpt lat="37.79098" lon="-119.54519">
        <ele>2306.0</ele>
      </trkpt>
      <trkpt lat="37.79102" lon="-119.54501">
        <ele>2305.0</ele>
      </trkpt>
      <trkpt lat="37.79109" lon="-119.54487">
        <ele>2305.0</ele>
      </trkpt>
      <trkpt lat="37.79114" lon="-119.54458">
        <ele>2299.0</ele>
      </trkpt>
      <trkpt lat="37.79127" lon="-119.54429">
        <ele>2292.0</ele>
      </trkpt>
      <trkpt lat="37.79144" lon="-119.54366">
        <ele>2285.0</ele>
      </trkpt>
      <trkpt lat="37.79148" lon="-119.54336">
        <ele>2276.0</ele>
      </trkpt>
      <trkpt lat="37.79143" lon="-119.54309">
        <ele>2273.0</ele>
      </trkpt>
      <trkpt lat="37.79147" lon="-119.54271">
        <ele>2271.0</ele>
      </trkpt>
      <trkpt lat="37.79145" lon="-119.54254">
        <ele>2268.0</ele>
      </trkpt>
      <trkpt lat="37.79139" lon="-119.54242">
        <ele>2268.0</ele>
      </trkpt>
      <trkpt lat="37.79115" lon="-119.54208">
        <ele>2261.0</ele>
      </trkpt>
      <trkpt lat="37.79103" lon="-119.54196">
        <ele>2261.0</ele>
      </trkpt>
      <trkpt lat="37.79139" lon="-119.54141">
        <ele>2244.0</ele>
      </trkpt>
      <trkpt lat="37.79139" lon="-119.5413">
        <ele>2244.0</ele>
      </trkpt>
      <trkpt lat="37.791" lon="-119.54109">
        <ele>2240.0</ele>
      </trkpt>
      <trkpt lat="37.79095" lon="-119.54099">
        <ele>2237.0</ele>
      </trkpt>
      <trkpt lat="37.79096" lon="-119.54087">
        <ele>2231.0</ele>
      </trkpt>
      <trkpt lat="37.79107" lon="-119.54058">
        <ele>2224.0</ele>
      </trkpt>
      <trkpt lat="37.79122" lon="-119.54037">
        <ele>2217.0</ele>
      </trkpt>
      <trkpt lat="37.79142" lon="-119.54021">
        <ele>2216.0</ele>
      </trkpt>
      <trkpt lat="37.79156" lon="-119.54029">
        <ele>2216.0</ele>
      </trkpt>
      <trkpt lat="37.79163" lon="-119.54025">
        <ele>2216.0</ele>
      </trkpt>
      <trkpt lat="37.79172" lon="-119.53993">
        <ele>2214.0</ele>
      </trkpt>
      <trkpt lat="37.79162" lon="-119.53978">
        <ele>2212.0</ele>
      </trkpt>
      <trkpt lat="37.79154" lon="-119.53978">
        <ele>2212.0</ele>
      </trkpt>
      <trkpt lat="37.79139" lon="-119.53971">
        <ele>2210.0</ele>
      </trkpt>
      <trkpt lat="37.79079" lon="-119.53957">
        <ele>2195.0</ele>
      </trkpt>
      <trkpt lat="37.79055" lon="-119.53958">
        <ele>2194.0</ele>
      </trkpt>
      <trkpt lat="37.79029" lon="-119.53943">
        <ele>2192.0</ele>
      </trkpt>
      <trkpt lat="37.78981" lon="-119.53904">
        <ele>2193.0</ele>
      </trkpt>
      <trkpt lat="37.78951" lon="-119.53889">
        <ele>2183.0</ele>
      </trkpt>
      <trkpt lat="37.78937" lon="-119.53886">
        <ele>2183.0</ele>
      </trkpt>
      <trkpt lat="37.78912" lon="-119.53892">
        <ele>2178.0</ele>
      </trkpt>
      <trkpt lat="37.78902" lon="-119.53892">
        <ele>2173.0</ele>
      </trkpt>
      <trkpt lat="37.78885" lon="-119.5388">
        <ele>2173.0</ele>
      </trkpt>
      <trkpt lat="37.78866" lon="-119.53879">
        <ele>2172.0</ele>
      </trkpt>
      <trkpt lat="37.78845" lon="-119.53873">
        <ele>2169.0</ele>
      </trkpt>
      <trkpt lat="37.78822" lon="-119.53863">
        <ele>2169.0</ele>
      </trkpt>
      <trkpt lat="37.78808" lon="-119.5386">
        <ele>2168.0</ele>
      </trkpt>
      <trkpt lat="37.78808" lon="-119.5386">
        <ele>2168.0</ele>
      </trkpt>
      <trkpt lat="37.78781" lon="-119.53851">
        <ele>2169.0</ele>
      </trkpt>
      <trkpt lat="37.7875" lon="-119.5385">
        <ele>2168.0</ele>
      </trkpt>
      <trkpt lat="37.78723" lon="-119.53844">
        <ele>2166.0</ele>
      </trkpt>
      <trkpt lat="37.78679" lon="-119.53845">
        <ele>2173.0</ele>
      </trkpt>
      <trkpt lat="37.78589" lon="-119.53813">
        <ele>2166.0</ele>
      </trkpt>
      <trkpt lat="37.7857" lon="-119.53814">
        <ele>2166.0</ele>
      </trkpt>
      <trkpt lat="37.78558" lon="-119.53811">
        <ele>2170.0</ele>
      </trkpt>
      <trkpt lat="37.78474" lon="-119.53779">
        <ele>2157.0</ele>
      </trkpt>
      <trkpt lat="37.78451" lon="-119.53777">
        <ele>2157.0</ele>
      </trkpt>
      <trkpt lat="37.78428" lon="-119.5377">
        <ele>2153.0</ele>
      </trkpt>
      <trkpt lat="37.78391" lon="-119.53768">
        <ele>2155.0</ele>
      </trkpt>
      <trkpt lat="37.78383" lon="-119.53764">
        <ele>2155.0</ele>
      </trkpt>
      <trkpt lat="37.78348" lon="-119.53724">
        <ele>2150.0</ele>
      </trkpt>
      <trkpt lat="37.78333" lon="-119.53714">
        <ele>2155.0</ele>
      </trkpt>
      <trkpt lat="37.78311" lon="-119.5371">
        <ele>2151.0</ele>
      </trkpt>
      <trkpt lat="37.7823" lon="-119.53708">
        <ele>2133.0</ele>
      </trkpt>
      <trkpt lat="37.78222" lon="-119.53706">
        <ele>2133.0</ele>
      </trkpt>
      <trkpt lat="37.78203" lon="-119.53693">
        <ele>2132.0</ele>
      </trkpt>
      <trkpt lat="37.78113" lon="-119.53683">
        <ele>2114.0</ele>
      </trkpt>
      <trkpt lat="37.78095" lon="-119.53685">
        <ele>2110.0</ele>
      </trkpt>
      <trkpt lat="37.78022" lon="-119.53705">
        <ele>2108.0</ele>
      </trkpt>
      <trkpt lat="37.77981" lon="-119.53724">
        <ele>2106.0</ele>
      </trkpt>
      <trkpt lat="37.77971" lon="-119.53726">
        <ele>2106.0</ele>
      </trkpt>
      <trkpt lat="37.77941" lon="-119.53746">
        <ele>2103.0</ele>
      </trkpt>
      <trkpt lat="37.77931" lon="-119.53757">
        <ele>2103.0</ele>
      </trkpt>
      <trkpt lat="37.77922" lon="-119.53759">
        <ele>2100.0</ele>
      </trkpt>
      <trkpt lat="37.77854" lon="-119.53793">
        <ele>2098.0</ele>
      </trkpt>
      <trkpt lat="37.77822" lon="-119.53794">
        <ele>2097.0</ele>
      </trkpt>
      <trkpt lat="37.77795" lon="-119.53781">
        <ele>2089.0</ele>
      </trkpt>
      <trkpt lat="37.7778" lon="-119.53789">
        <ele>2086.0</ele>
      </trkpt>
      <trkpt lat="37.77771" lon="-119.5379">
        <ele>2086.0</ele>
      </trkpt>
      <trkpt lat="37.77749" lon="-119.53802">
        <ele>2093.0</ele>
      </trkpt>
      <trkpt lat="37.77737" lon="-119.53817">
        <ele>2093.0</ele>
      </trkpt>
      <trkpt lat="37.77732" lon="-119.53848">
        <ele>2104.0</ele>
      </trkpt>
      <trkpt lat="37.77728" lon="-119.53856">
        <ele>2104.0</ele>
      </trkpt>
      <trkpt lat="37.77723" lon="-119.5386">
        <ele>2104.0</ele>
      </trkpt>
      <trkpt lat="37.77698" lon="-119.53862">
        <ele>2099.0</ele>
      </trkpt>
      <trkpt lat="37.77653" lon="-119.53882">
        <ele>2089.0</ele>
      </trkpt>
      <trkpt lat="37.77641" lon="-119.53894">
        <ele>2079.0</ele>
      </trkpt>
      <trkpt lat="37.77608" lon="-119.53903">
        <ele>2075.0</ele>
      </trkpt>
      <trkpt lat="37.77594" lon="-119.53914">
        <ele>2077.0</ele>
      </trkpt>
      <trkpt lat="37.77588" lon="-119.53916">
        <ele>2077.0</ele>
      </trkpt>
      <trkpt lat="37.77579" lon="-119.53912">
        <ele>2077.0</ele>
      </trkpt>
      <trkpt lat="37.77572" lon="-119.53912">
        <ele>2077.0</ele>
      </trkpt>
      <trkpt lat="37.77557" lon="-119.53921">
        <ele>2071.0</ele>
      </trkpt>
      <trkpt lat="37.77541" lon="-119.53921">
        <ele>2066.0</ele>
      </trkpt>
      <trkpt lat="37.77527" lon="-119.53932">
        <ele>2068.0</ele>
      </trkpt>
      <trkpt lat="37.77508" lon="-119.53935">
        <ele>2065.0</ele>
      </trkpt>
      <trkpt lat="37.775" lon="-119.53941">
        <ele>2065.0</ele>
      </trkpt>
      <trkpt lat="37.77485" lon="-119.53944">
        <ele>2065.0</ele>
      </trkpt>
      <trkpt lat="37.77461" lon="-119.53954">
        <ele>2065.0</ele>
      </trkpt>
      <trkpt lat="37.77449" lon="-119.53956">
        <ele>2065.0</ele>
      </trkpt>
      <trkpt lat="37.77416" lon="-119.5395">
        <ele>2064.0</ele>
      </trkpt>
      <trkpt lat="37.77408" lon="-119.53951">
        <ele>2064.0</ele>
      </trkpt>
      <trkpt lat="37.77391" lon="-119.53966">
        <ele>2063.0</ele>
      </trkpt>
      <trkpt lat="37.77376" lon="-119.53972">
        <ele>2063.0</ele>
      </trkpt>
      <trkpt lat="37.77365" lon="-119.53982">
        <ele>2062.0</ele>
      </trkpt>
      <trkpt lat="37.77339" lon="-119.53989">
        <ele>2064.0</ele>
      </trkpt>
      <trkpt lat="37.77316" lon="-119.54006">
        <ele>2061.0</ele>
      </trkpt>
      <trkpt lat="37.77296" lon="-119.54005">
        <ele>2061.0</ele>
      </trkpt>
      <trkpt lat="37.77296" lon="-119.54005">
        <ele>2061.0</ele>
      </trkpt>
      <trkpt lat="37.77246" lon="-119.54001">
        <ele>2048.0</ele>
      </trkpt>
      <trkpt lat="37.77231" lon="-119.54003">
        <ele>2045.0</ele>
      </trkpt>
      <trkpt lat="37.77161" lon="-119.54027">
        <ele>2050.0</ele>
      </trkpt>
      <trkpt lat="37.77134" lon="-119.54029">
        <ele>2047.0</ele>
      </trkpt>
      <trkpt lat="37.77096" lon="-119.54058">
        <ele>2045.0</ele>
      </trkpt>
      <trkpt lat="37.77071" lon="-119.54071">
        <ele>2048.0</ele>
      </trkpt>
      <trkpt lat="37.77071" lon="-119.54071">
        <ele>2048.0</ele>
      </trkpt>
      <trkpt lat="37.7705" lon="-119.54085">
        <ele>2039.0</ele>
      </trkpt>
      <trkpt lat="37.77032" lon="-119.54113">
        <ele>2035.0</ele>
      </trkpt>
      <trkpt lat="37.77027" lon="-119.54154">
        <ele>2045.0</ele>
      </trkpt>
      <trkpt lat="37.77006" lon="-119.54228">
        <ele>2038.0</ele>
      </trkpt>
      <trkpt lat="37.76997" lon="-119.54255">
        <ele>2039.0</ele>
      </trkpt>
      <trkpt lat="37.76977" lon="-119.54293">
        <ele>2031.0</ele>
      </trkpt>
      <trkpt lat="37.76939" lon="-119.54325">
        <ele>2029.0</ele>
      </trkpt>
      <trkpt lat="37.76914" lon="-119.54339">
        <ele>2020.0</ele>
      </trkpt>
      <trkpt lat="37.76896" lon="-119.54345">
        <ele>2011.0</ele>
      </trkpt>
      <trkpt lat="37.76892" lon="-119.54343">
        <ele>2011.0</ele>
      </trkpt>
      <trkpt lat="37.76892" lon="-119.5434">
        <ele>2011.0</ele>
      </trkpt>
      <trkpt lat="37.76896" lon="-119.54337">
        <ele>2011.0</ele>
      </trkpt>
      <trkpt lat="37.76896" lon="-119.54333">
        <ele>2011.0</ele>
      </trkpt>
      <trkpt lat="37.76893" lon="-119.54332">
        <ele>2011.0</ele>
      </trkpt>
      <trkpt lat="37.76872" lon="-119.54341">
        <ele>1997.0</ele>
      </trkpt>
      <trkpt lat="37.76874" lon="-119.54329">
        <ele>1997.0</ele>
      </trkpt>
      <trkpt lat="37.7689" lon="-119.54313">
        <ele>1988.0</ele>
      </trkpt>
      <trkpt lat="37.76904" lon="-119.54303">
        <ele>2008.0</ele>
      </trkpt>
      <trkpt lat="37.76918" lon="-119.54287">
        <ele>1986.0</ele>
      </trkpt>
      <trkpt lat="37.76931" lon="-119.54263">
        <ele>2001.0</ele>
      </trkpt>
      <trkpt lat="37.76929" lon="-119.54261">
        <ele>1978.0</ele>
      </trkpt>
      <trkpt lat="37.76925" lon="-119.54262">
        <ele>1978.0</ele>
      </trkpt>
      <trkpt lat="37.76907" lon="-119.54272">
        <ele>1986.0</ele>
      </trkpt>
      <trkpt lat="37.76907" lon="-119.54269">
        <ele>1986.0</ele>
      </trkpt>
      <trkpt lat="37.76915" lon="-119.54258">
        <ele>1978.0</ele>
      </trkpt>
      <trkpt lat="37.76912" lon="-119.54255">
        <ele>1978.0</ele>
      </trkpt>
      <trkpt lat="37.76903" lon="-119.54262">
        <ele>1978.0</ele>
      </trkpt>
      <trkpt lat="37.76898" lon="-119.5426">
        <ele>1970.0</ele>
      </trkpt>
      <trkpt lat="37.76907" lon="-119.54247">
        <ele>1978.0</ele>
      </trkpt>
      <trkpt lat="37.76908" lon="-119.54241">
        <ele>1978.0</ele>
      </trkpt>
      <trkpt lat="37.76895" lon="-119.54221">
        <ele>1959.0</ele>
      </trkpt>
      <trkpt lat="37.76887" lon="-119.54239">
        <ele>1970.0</ele>
      </trkpt>
      <trkpt lat="37.76872" lon="-119.54241">
        <ele>1960.0</ele>
      </trkpt>
      <trkpt lat="37.76866" lon="-119.54246">
        <ele>1960.0</ele>
      </trkpt>
      <trkpt lat="37.76864" lon="-119.54241">
        <ele>1960.0</ele>
      </trkpt>
      <trkpt lat="37.76871" lon="-119.54232">
        <ele>1946.0</ele>
      </trkpt>
      <trkpt lat="37.76872" lon="-119.54227">
        <ele>1946.0</ele>
      </trkpt>
      <trkpt lat="37.76865" lon="-119.54211">
        <ele>1946.0</ele>
      </trkpt>
      <trkpt lat="37.76866" lon="-119.54199">
        <ele>1946.0</ele>
      </trkpt>
      <trkpt lat="37.76858" lon="-119.54177">
        <ele>1951.0</ele>
      </trkpt>
      <trkpt lat="37.76846" lon="-119.54162">
        <ele>1927.0</ele>
      </trkpt>
      <trkpt lat="37.76843" lon="-119.54162">
        <ele>1927.0</ele>
      </trkpt>
      <trkpt lat="37.76844" lon="-119.54175">
        <ele>1927.0</ele>
      </trkpt>
      <trkpt lat="37.76841" lon="-119.54177">
        <ele>1927.0</ele>
      </trkpt>
      <trkpt lat="37.76834" lon="-119.54164">
        <ele>1927.0</ele>
      </trkpt>
      <trkpt lat="37.76828" lon="-119.54162">
        <ele>1927.0</ele>
      </trkpt>
      <trkpt lat="37.76828" lon="-119.54177">
        <ele>1927.0</ele>
      </trkpt>
      <trkpt lat="37.76821" lon="-119.54188">
        <ele>1923.0</ele>
      </trkpt>
      <trkpt lat="37.76818" lon="-119.54188">
        <ele>1902.0</ele>
      </trkpt>
      <trkpt lat="37.76815" lon="-119.54175">
        <ele>1900.0</ele>
      </trkpt>
      <trkpt lat="37.76807" lon="-119.54165">
        <ele>1900.0</ele>
      </trkpt>
      <trkpt lat="37.76806" lon="-119.54157">
        <ele>1900.0</ele>
      </trkpt>
      <trkpt lat="37.76786" lon="-119.54124">
        <ele>1896.0</ele>
      </trkpt>
      <trkpt lat="37.76783" lon="-119.54126">
        <ele>1885.0</ele>
      </trkpt>
      <trkpt lat="37.76783" lon="-119.54149">
        <ele>1885.0</ele>
      </trkpt>
      <trkpt lat="37.7678" lon="-119.54149">
        <ele>1885.0</ele>
      </trkpt>
      <trkpt lat="37.76769" lon="-119.54126">
        <ele>1885.0</ele>
      </trkpt>
      <trkpt lat="37.76765" lon="-119.54122">
        <ele>1896.0</ele>
      </trkpt>
      <trkpt lat="37.76762" lon="-119.54122">
        <ele>1865.0</ele>
      </trkpt>
      <trkpt lat="37.76764" lon="-119.54166">
        <ele>1892.0</ele>
      </trkpt>
      <trkpt lat="37.7676" lon="-119.54174">
        <ele>1869.0</ele>
      </trkpt>
      <trkpt lat="37.76755" lon="-119.5418">
        <ele>1869.0</ele>
      </trkpt>
      <trkpt lat="37.76739" lon="-119.54184">
        <ele>1880.0</ele>
      </trkpt>
      <trkpt lat="37.76742" lon="-119.54175">
        <ele>1869.0</ele>
      </trkpt>
      <trkpt lat="37.76699" lon="-119.54171">
        <ele>1850.0</ele>
      </trkpt>
      <trkpt lat="37.76693" lon="-119.54175">
        <ele>1850.0</ele>
      </trkpt>
      <trkpt lat="37.76692" lon="-119.54171">
        <ele>1850.0</ele>
      </trkpt>
      <trkpt lat="37.76695" lon="-119.54167">
        <ele>1850.0</ele>
      </trkpt>
      <trkpt lat="37.76667" lon="-119.54174">
        <ele>1836.0</ele>
      </trkpt>
      <trkpt lat="37.76666" lon="-119.5417">
        <ele>1836.0</ele>
      </trkpt>
      <trkpt lat="37.76681" lon="-119.54154">
        <ele>1850.0</ele>
      </trkpt>
      <trkpt lat="37.7668" lon="-119.54151">
        <ele>1830.0</ele>
      </trkpt>
      <trkpt lat="37.76649" lon="-119.54158">
        <ele>1834.0</ele>
      </trkpt>
      <trkpt lat="37.76646" lon="-119.54156">
        <ele>1834.0</ele>
      </trkpt>
      <trkpt lat="37.76653" lon="-119.54146">
        <ele>1830.0</ele>
      </trkpt>
      <trkpt lat="37.76661" lon="-119.5414">
        <ele>1830.0</ele>
      </trkpt>
      <trkpt lat="37.76649" lon="-119.54136">
        <ele>1820.0</ele>
      </trkpt>
      <trkpt lat="37.7665" lon="-119.54131">
        <ele>1820.0</ele>
      </trkpt>
      <trkpt lat="37.7666" lon="-119.54126">
        <ele>1830.0</ele>
      </trkpt>
      <trkpt lat="37.76658" lon="-119.54123">
        <ele>1824.0</ele>
      </trkpt>
      <trkpt lat="37.76637" lon="-119.54124">
        <ele>1797.0</ele>
      </trkpt>
      <trkpt lat="37.76636" lon="-119.54121">
        <ele>1797.0</ele>
      </trkpt>
      <trkpt lat="37.76644" lon="-119.54106">
        <ele>1797.0</ele>
      </trkpt>
      <trkpt lat="37.7663" lon="-119.5411">
        <ele>1797.0</ele>
      </trkpt>
      <trkpt lat="37.7663" lon="-119.54106">
        <ele>1797.0</ele>
      </trkpt>
      <trkpt lat="37.76637" lon="-119.54093">
        <ele>1795.0</ele>
      </trkpt>
      <trkpt lat="37.76644" lon="-119.54088">
        <ele>1795.0</ele>
      </trkpt>
      <trkpt lat="37.76643" lon="-119.54058">
        <ele>1798.0</ele>
      </trkpt>
      <trkpt lat="37.76638" lon="-119.54051">
        <ele>1798.0</ele>
      </trkpt>
      <trkpt lat="37.76636" lon="-119.54066">
        <ele>1798.0</ele>
      </trkpt>
      <trkpt lat="37.76632" lon="-119.54066">
        <ele>1798.0</ele>
      </trkpt>
      <trkpt lat="37.76622" lon="-119.54042">
        <ele>1777.0</ele>
      </trkpt>
      <trkpt lat="37.76619" lon="-119.54041">
        <ele>1782.0</ele>
      </trkpt>
      <trkpt lat="37.76616" lon="-119.54054">
        <ele>1777.0</ele>
      </trkpt>
      <trkpt lat="37.76605" lon="-119.54076">
        <ele>1777.0</ele>
      </trkpt>
      <trkpt lat="37.76601" lon="-119.54081">
        <ele>1777.0</ele>
      </trkpt>
      <trkpt lat="37.76597" lon="-119.54081">
        <ele>1763.0</ele>
      </trkpt>
      <trkpt lat="37.76596" lon="-119.54073">
        <ele>1763.0</ele>
      </trkpt>
      <trkpt lat="37.76592" lon="-119.54073">
        <ele>1763.0</ele>
      </trkpt>
      <trkpt lat="37.76588" lon="-119.54083">
        <ele>1763.0</ele>
      </trkpt>
      <trkpt lat="37.76581" lon="-119.5409">
        <ele>1763.0</ele>
      </trkpt>
      <trkpt lat="37.76578" lon="-119.54091">
        <ele>1763.0</ele>
      </trkpt>
      <trkpt lat="37.76581" lon="-119.54079">
        <ele>1763.0</ele>
      </trkpt>
      <trkpt lat="37.76576" lon="-119.54073">
        <ele>1763.0</ele>
      </trkpt>
      <trkpt lat="37.76574" lon="-119.54079">
        <ele>1763.0</ele>
      </trkpt>
      <trkpt lat="37.76563" lon="-119.54092">
        <ele>1755.0</ele>
      </trkpt>
      <trkpt lat="37.76559" lon="-119.54092">
        <ele>1755.0</ele>
      </trkpt>
      <trkpt lat="37.76561" lon="-119.5408">
        <ele>1755.0</ele>
      </trkpt>
      <trkpt lat="37.7655" lon="-119.54088">
        <ele>1755.0</ele>
      </trkpt>
      <trkpt lat="37.7655" lon="-119.5408">
        <ele>1755.0</ele>
      </trkpt>
      <trkpt lat="37.76553" lon="-119.54075">
        <ele>1755.0</ele>
      </trkpt>
      <trkpt lat="37.76552" lon="-119.54071">
        <ele>1755.0</ele>
      </trkpt>
      <trkpt lat="37.76549" lon="-119.54069">
        <ele>1739.0</ele>
      </trkpt>
      <trkpt lat="37.76536" lon="-119.54084">
        <ele>1741.0</ele>
      </trkpt>
      <trkpt lat="37.76517" lon="-119.54084">
        <ele>1741.0</ele>
      </trkpt>
      <trkpt lat="37.76512" lon="-119.54092">
        <ele>1724.0</ele>
      </trkpt>
      <trkpt lat="37.76509" lon="-119.54085">
        <ele>1724.0</ele>
      </trkpt>
      <trkpt lat="37.76509" lon="-119.54079">
        <ele>1724.0</ele>
      </trkpt>
      <trkpt lat="37.76517" lon="-119.5407">
        <ele>1741.0</ele>
      </trkpt>
      <trkpt lat="37.76515" lon="-119.54068">
        <ele>1720.0</ele>
      </trkpt>
      <trkpt lat="37.76504" lon="-119.54069">
        <ele>1710.0</ele>
      </trkpt>
      <trkpt lat="37.76503" lon="-119.54066">
        <ele>1710.0</ele>
      </trkpt>
      <trkpt lat="37.76512" lon="-119.54052">
        <ele>1710.0</ele>
      </trkpt>
      <trkpt lat="37.76513" lon="-119.54041">
        <ele>1703.0</ele>
      </trkpt>
      <trkpt lat="37.76504" lon="-119.54028">
        <ele>1703.0</ele>
      </trkpt>
      <trkpt lat="37.76504" lon="-119.54024">
        <ele>1703.0</ele>
      </trkpt>
      <trkpt lat="37.76498" lon="-119.54024">
        <ele>1703.0</ele>
      </trkpt>
      <trkpt lat="37.76494" lon="-119.54044">
        <ele>1710.0</ele>
      </trkpt>
      <trkpt lat="37.76481" lon="-119.5405">
        <ele>1696.0</ele>
      </trkpt>
      <trkpt lat="37.76479" lon="-119.54048">
        <ele>1696.0</ele>
      </trkpt>
      <trkpt lat="37.76485" lon="-119.54041">
        <ele>1686.0</ele>
      </trkpt>
      <trkpt lat="37.76484" lon="-119.54039">
        <ele>1686.0</ele>
      </trkpt>
      <trkpt lat="37.76473" lon="-119.54042">
        <ele>1696.0</ele>
      </trkpt>
      <trkpt lat="37.76471" lon="-119.5404">
        <ele>1686.0</ele>
      </trkpt>
      <trkpt lat="37.76476" lon="-119.54031">
        <ele>1686.0</ele>
      </trkpt>
      <trkpt lat="37.76472" lon="-119.54018">
        <ele>1686.0</ele>
      </trkpt>
      <trkpt lat="37.76473" lon="-119.54008">
        <ele>1681.0</ele>
      </trkpt>
      <trkpt lat="37.76471" lon="-119.54006">
        <ele>1681.0</ele>
      </trkpt>
      <trkpt lat="37.76469" lon="-119.54009">
        <ele>1681.0</ele>
      </trkpt>
      <trkpt lat="37.76468" lon="-119.54015">
        <ele>1686.0</ele>
      </trkpt>
      <trkpt lat="37.76465" lon="-119.54016">
        <ele>1686.0</ele>
      </trkpt>
      <trkpt lat="37.76462" lon="-119.54009">
        <ele>1681.0</ele>
      </trkpt>
      <trkpt lat="37.76462" lon="-119.53997">
        <ele>1681.0</ele>
      </trkpt>
      <trkpt lat="37.76457" lon="-119.54">
        <ele>1660.0</ele>
      </trkpt>
      <trkpt lat="37.76454" lon="-119.54007">
        <ele>1660.0</ele>
      </trkpt>
      <trkpt lat="37.76451" lon="-119.54003">
        <ele>1660.0</ele>
      </trkpt>
      <trkpt lat="37.7644" lon="-119.53965">
        <ele>1658.0</ele>
      </trkpt>
      <trkpt lat="37.76422" lon="-119.53885">
        <ele>1632.0</ele>
      </trkpt>
      <trkpt lat="37.76419" lon="-119.53885">
        <ele>1632.0</ele>
      </trkpt>
      <trkpt lat="37.76413" lon="-119.53907">
        <ele>1635.0</ele>
      </trkpt>
      <trkpt lat="37.76411" lon="-119.53907">
        <ele>1635.0</ele>
      </trkpt>
      <trkpt lat="37.76404" lon="-119.53882">
        <ele>1632.0</ele>
      </trkpt>
      <trkpt lat="37.76401" lon="-119.53845">
        <ele>1606.0</ele>
      </trkpt>
      <trkpt lat="37.76395" lon="-119.53799">
        <ele>1603.0</ele>
      </trkpt>
      <trkpt lat="37.76394" lon="-119.53794">
        <ele>1603.0</ele>
      </trkpt>
      <trkpt lat="37.76398" lon="-119.53779">
        <ele>1606.0</ele>
      </trkpt>
      <trkpt lat="37.76396" lon="-119.53762">
        <ele>1608.0</ele>
      </trkpt>
      <trkpt lat="37.76393" lon="-119.53757">
        <ele>1608.0</ele>
      </trkpt>
      <trkpt lat="37.76385" lon="-119.53733">
        <ele>1608.0</ele>
      </trkpt>
      <trkpt lat="37.76368" lon="-119.53692">
        <ele>1588.0</ele>
      </trkpt>
      <trkpt lat="37.7636" lon="-119.53663">
        <ele>1580.0</ele>
      </trkpt>
      <trkpt lat="37.76357" lon="-119.53664">
        <ele>1580.0</ele>
      </trkpt>
      <trkpt lat="37.76354" lon="-119.53672">
        <ele>1580.0</ele>
      </trkpt>
      <trkpt lat="37.7635" lon="-119.53708">
        <ele>1588.0</ele>
      </trkpt>
      <trkpt lat="37.76349" lon="-119.53755">
        <ele>1585.0</ele>
      </trkpt>
      <trkpt lat="37.76348" lon="-119.53757">
        <ele>1585.0</ele>
      </trkpt>
      <trkpt lat="37.76343" lon="-119.53748">
        <ele>1556.0</ele>
      </trkpt>
      <trkpt lat="37.76339" lon="-119.53747">
        <ele>1556.0</ele>
      </trkpt>
      <trkpt lat="37.7634" lon="-119.53763">
        <ele>1556.0</ele>
      </trkpt>
      <trkpt lat="37.76334" lon="-119.53757">
        <ele>1556.0</ele>
      </trkpt>
      <trkpt lat="37.76333" lon="-119.53758">
        <ele>1556.0</ele>
      </trkpt>
      <trkpt lat="37.76332" lon="-119.53779">
        <ele>1547.0</ele>
      </trkpt>
      <trkpt lat="37.76333" lon="-119.53782">
        <ele>1547.0</ele>
      </trkpt>
      <trkpt lat="37.76332" lon="-119.53785">
        <ele>1547.0</ele>
      </trkpt>
      <trkpt lat="37.7633" lon="-119.53783">
        <ele>1547.0</ele>
      </trkpt>
      <trkpt lat="37.76328" lon="-119.53776">
        <ele>1547.0</ele>
      </trkpt>
      <trkpt lat="37.76326" lon="-119.53775">
        <ele>1547.0</ele>
      </trkpt>
      <trkpt lat="37.76324" lon="-119.53779">
        <ele>1547.0</ele>
      </trkpt>
      <trkpt lat="37.76325" lon="-119.53787">
        <ele>1547.0</ele>
      </trkpt>
      <trkpt lat="37.76327" lon="-119.53791">
        <ele>1547.0</ele>
      </trkpt>
      <trkpt lat="37.76325" lon="-119.53798">
        <ele>1544.0</ele>
      </trkpt>
      <trkpt lat="37.76318" lon="-119.53788">
        <ele>1527.0</ele>
      </trkpt>
      <trkpt lat="37.76312" lon="-119.53785">
        <ele>1527.0</ele>
      </trkpt>
      <trkpt lat="37.76311" lon="-119.53788">
        <ele>1527.0</ele>
      </trkpt>
      <trkpt lat="37.76317" lon="-119.53798">
        <ele>1520.0</ele>
      </trkpt>
      <trkpt lat="37.76316" lon="-119.53815">
        <ele>1520.0</ele>
      </trkpt>
      <trkpt lat="37.76307" lon="-119.53846">
        <ele>1514.0</ele>
      </trkpt>
      <trkpt lat="37.7631" lon="-119.53862">
        <ele>1512.0</ele>
      </trkpt>
      <trkpt lat="37.76306" lon="-119.5388">
        <ele>1515.0</ele>
      </trkpt>
      <trkpt lat="37.76303" lon="-119.5388">
        <ele>1515.0</ele>
      </trkpt>
      <trkpt lat="37.76301" lon="-119.53868">
        <ele>1512.0</ele>
      </trkpt>
      <trkpt lat="37.76298" lon="-119.5387">
        <ele>1512.0</ele>
      </trkpt>
      <trkpt lat="37.76296" lon="-119.5388">
        <ele>1515.0</ele>
      </trkpt>
      <trkpt lat="37.7629" lon="-119.53874">
        <ele>1496.0</ele>
      </trkpt>
      <trkpt lat="37.76291" lon="-119.53847">
        <ele>1495.0</ele>
      </trkpt>
      <trkpt lat="37.76286" lon="-119.53853">
        <ele>1496.0</ele>
      </trkpt>
      <trkpt lat="37.76286" lon="-119.53843">
        <ele>1495.0</ele>
      </trkpt>
      <trkpt lat="37.76282" lon="-119.53842">
        <ele>1495.0</ele>
      </trkpt>
      <trkpt lat="37.76277" lon="-119.53852">
        <ele>1496.0</ele>
      </trkpt>
      <trkpt lat="37.76275" lon="-119.5385">
        <ele>1496.0</ele>
      </trkpt>
      <trkpt lat="37.76276" lon="-119.53836">
        <ele>1495.0</ele>
      </trkpt>
      <trkpt lat="37.76274" lon="-119.53835">
        <ele>1495.0</ele>
      </trkpt>
      <trkpt lat="37.7627" lon="-119.53841">
        <ele>1495.0</ele>
      </trkpt>
      <trkpt lat="37.76268" lon="-119.53838">
        <ele>1495.0</ele>
      </trkpt>
      <trkpt lat="37.7627" lon="-119.53831">
        <ele>1495.0</ele>
      </trkpt>
      <trkpt lat="37.76263" lon="-119.53833">
        <ele>1477.0</ele>
      </trkpt>
      <trkpt lat="37.76266" lon="-119.53824">
        <ele>1495.0</ele>
      </trkpt>
      <trkpt lat="37.76261" lon="-119.53826">
        <ele>1477.0</ele>
      </trkpt>
      <trkpt lat="37.76262" lon="-119.5382">
        <ele>1477.0</ele>
      </trkpt>
      <trkpt lat="37.76258" lon="-119.53822">
        <ele>1477.0</ele>
      </trkpt>
      <trkpt lat="37.76259" lon="-119.53815">
        <ele>1478.0</ele>
      </trkpt>
      <trkpt lat="37.76249" lon="-119.53789">
        <ele>1472.0</ele>
      </trkpt>
      <trkpt lat="37.76248" lon="-119.5379">
        <ele>1472.0</ele>
      </trkpt>
      <trkpt lat="37.76243" lon="-119.53835">
        <ele>1477.0</ele>
      </trkpt>
      <trkpt lat="37.76236" lon="-119.53868">
        <ele>1446.0</ele>
      </trkpt>
      <trkpt lat="37.76232" lon="-119.53872">
        <ele>1446.0</ele>
      </trkpt>
      <trkpt lat="37.76228" lon="-119.53872">
        <ele>1446.0</ele>
      </trkpt>
      <trkpt lat="37.76228" lon="-119.53855">
        <ele>1446.0</ele>
      </trkpt>
      <trkpt lat="37.76226" lon="-119.53854">
        <ele>1446.0</ele>
      </trkpt>
      <trkpt lat="37.76219" lon="-119.53863">
        <ele>1446.0</ele>
      </trkpt>
      <trkpt lat="37.76212" lon="-119.53882">
        <ele>1442.0</ele>
      </trkpt>
      <trkpt lat="37.76212" lon="-119.53888">
        <ele>1442.0</ele>
      </trkpt>
      <trkpt lat="37.76218" lon="-119.53897">
        <ele>1442.0</ele>
      </trkpt>
      <trkpt lat="37.76215" lon="-119.53899">
        <ele>1442.0</ele>
      </trkpt>
      <trkpt lat="37.7622" lon="-119.53905">
        <ele>1440.0</ele>
      </trkpt>
      <trkpt lat="37.7622" lon="-119.53909">
        <ele>1440.0</ele>
      </trkpt>
      <trkpt lat="37.7621" lon="-119.53936">
        <ele>1444.0</ele>
      </trkpt>
      <trkpt lat="37.76192" lon="-119.53956">
        <ele>1421.0</ele>
      </trkpt>
      <trkpt lat="37.7619" lon="-119.53961">
        <ele>1429.0</ele>
      </trkpt>
      <trkpt lat="37.76188" lon="-119.53961">
        <ele>1429.0</ele>
      </trkpt>
      <trkpt lat="37.76188" lon="-119.53954">
        <ele>1421.0</ele>
      </trkpt>
      <trkpt lat="37.76186" lon="-119.53954">
        <ele>1421.0</ele>
      </trkpt>
      <trkpt lat="37.76175" lon="-119.53972">
        <ele>1408.0</ele>
      </trkpt>
      <trkpt lat="37.76174" lon="-119.53969">
        <ele>1408.0</ele>
      </trkpt>
      <trkpt lat="37.76176" lon="-119.53951">
        <ele>1400.0</ele>
      </trkpt>
      <trkpt lat="37.76162" lon="-119.53968">
        <ele>1408.0</ele>
      </trkpt>
      <trkpt lat="37.76167" lon="-119.53947">
        <ele>1400.0</ele>
      </trkpt>
      <trkpt lat="37.76165" lon="-119.53945">
        <ele>1400.0</ele>
      </trkpt>
      <trkpt lat="37.76152" lon="-119.53961">
        <ele>1373.0</ele>
      </trkpt>
      <trkpt lat="37.76151" lon="-119.5396">
        <ele>1373.0</ele>
      </trkpt>
      <trkpt lat="37.76153" lon="-119.53953">
        <ele>1400.0</ele>
      </trkpt>
      <trkpt lat="37.76151" lon="-119.53952">
        <ele>1373.0</ele>
      </trkpt>
      <trkpt lat="37.76147" lon="-119.53958">
        <ele>1373.0</ele>
      </trkpt>
      <trkpt lat="37.76148" lon="-119.53946">
        <ele>1373.0</ele>
      </trkpt>
      <trkpt lat="37.76146" lon="-119.53945">
        <ele>1373.0</ele>
      </trkpt>
      <trkpt lat="37.7614" lon="-119.53957">
        <ele>1373.0</ele>
      </trkpt>
      <trkpt lat="37.76137" lon="-119.53956">
        <ele>1373.0</ele>
      </trkpt>
      <trkpt lat="37.7614" lon="-119.53939">
        <ele>1373.0</ele>
      </trkpt>
      <trkpt lat="37.76137" lon="-119.53939">
        <ele>1373.0</ele>
      </trkpt>
      <trkpt lat="37.76117" lon="-119.53972">
        <ele>1345.0</ele>
      </trkpt>
      <trkpt lat="37.76126" lon="-119.53978">
        <ele>1373.0</ele>
      </trkpt>
      <trkpt lat="37.76127" lon="-119.53985">
        <ele>1373.0</ele>
      </trkpt>
      <trkpt lat="37.76121" lon="-119.53997">
        <ele>1352.0</ele>
      </trkpt>
      <trkpt lat="37.76101" lon="-119.54006">
        <ele>1352.0</ele>
      </trkpt>
      <trkpt lat="37.76096" lon="-119.54025">
        <ele>1354.0</ele>
      </trkpt>
      <trkpt lat="37.76084" lon="-119.54037">
        <ele>1354.0</ele>
      </trkpt>
      <trkpt lat="37.7608" lon="-119.54039">
        <ele>1354.0</ele>
      </trkpt>
      <trkpt lat="37.76079" lon="-119.54033">
        <ele>1354.0</ele>
      </trkpt>
      <trkpt lat="37.76094" lon="-119.53991">
        <ele>1347.0</ele>
      </trkpt>
      <trkpt lat="37.76096" lon="-119.53981">
        <ele>1334.0</ele>
      </trkpt>
      <trkpt lat="37.76093" lon="-119.53978">
        <ele>1334.0</ele>
      </trkpt>
      <trkpt lat="37.76076" lon="-119.54004">
        <ele>1347.0</ele>
      </trkpt>
      <trkpt lat="37.76067" lon="-119.5401">
        <ele>1332.0</ele>
      </trkpt>
      <trkpt lat="37.76063" lon="-119.54011">
        <ele>1332.0</ele>
      </trkpt>
      <trkpt lat="37.76072" lon="-119.53991">
        <ele>1347.0</ele>
      </trkpt>
      <trkpt lat="37.76077" lon="-119.53973">
        <ele>1334.0</ele>
      </trkpt>
      <trkpt lat="37.76074" lon="-119.53971">
        <ele>1334.0</ele>
      </trkpt>
      <trkpt lat="37.76038" lon="-119.53996">
        <ele>1310.0</ele>
      </trkpt>
      <trkpt lat="37.76032" lon="-119.54003">
        <ele>1310.0</ele>
      </trkpt>
      <trkpt lat="37.76034" lon="-119.53992">
        <ele>1310.0</ele>
      </trkpt>
      <trkpt lat="37.76046" lon="-119.53956">
        <ele>1313.0</ele>
      </trkpt>
      <trkpt lat="37.76056" lon="-119.53935">
        <ele>1313.0</ele>
      </trkpt>
      <trkpt lat="37.76056" lon="-119.53929">
        <ele>1308.0</ele>
      </trkpt>
      <trkpt lat="37.7604" lon="-119.53912">
        <ele>1295.0</ele>
      </trkpt>
      <trkpt lat="37.76032" lon="-119.53885">
        <ele>1290.0</ele>
      </trkpt>
      <trkpt lat="37.7603" lon="-119.53885">
        <ele>1290.0</ele>
      </trkpt>
      <trkpt lat="37.76021" lon="-119.53916">
        <ele>1295.0</ele>
      </trkpt>
      <trkpt lat="37.76017" lon="-119.53917">
        <ele>1295.0</ele>
      </trkpt>
      <trkpt lat="37.76017" lon="-119.53907">
        <ele>1295.0</ele>
      </trkpt>
      <trkpt lat="37.76005" lon="-119.5387">
        <ele>1287.0</ele>
      </trkpt>
      <trkpt lat="37.76003" lon="-119.53869">
        <ele>1287.0</ele>
      </trkpt>
      <trkpt lat="37.75988" lon="-119.53889">
        <ele>1287.0</ele>
      </trkpt>
      <trkpt lat="37.75983" lon="-119.53908">
        <ele>1279.0</ele>
      </trkpt>
      <trkpt lat="37.75963" lon="-119.53932">
        <ele>1280.0</ele>
      </trkpt>
      <trkpt lat="37.7596" lon="-119.53933">
        <ele>1280.0</ele>
      </trkpt>
      <trkpt lat="37.75952" lon="-119.53905">
        <ele>1271.0</ele>
      </trkpt>
      <trkpt lat="37.75941" lon="-119.53897">
        <ele>1274.0</ele>
      </trkpt>
      <trkpt lat="37.75917" lon="-119.5389">
        <ele>1268.0</ele>
      </trkpt>
      <trkpt lat="37.75917" lon="-119.5389">
        <ele>1268.0</ele>
      </trkpt>
      <trkpt lat="37.75899" lon="-119.5392">
        <ele>1262.0</ele>
      </trkpt>
      <trkpt lat="37.75899" lon="-119.5392">
        <ele>1262.0</ele>
      </trkpt>
      <trkpt lat="37.75894" lon="-119.53972">
        <ele>1274.0</ele>
      </trkpt>
      <trkpt lat="37.75871" lon="-119.5403">
        <ele>1280.0</ele>
      </trkpt>
      <trkpt lat="37.75848" lon="-119.54059">
        <ele>1280.0</ele>
      </trkpt>
      <trkpt lat="37.75834" lon="-119.54091">
        <ele>1266.0</ele>
      </trkpt>
      <trkpt lat="37.75818954453116" lon="-119.5410520968317">
        <ele>1254.0</ele>
      </trkpt>
      <trkpt lat="37.7581895445612" lon="-119.5410520968317">
        <ele>1254.0</ele>
      </trkpt>
      <trkpt lat="37.75816" lon="-119.54108">
        <ele>1254.0</ele>
      </trkpt>
      <trkpt lat="37.75802" lon="-119.54142">
        <ele>1255.0</ele>
      </trkpt>
      <trkpt lat="37.75756" lon="-119.54179">
        <ele>1250.0</ele>
      </trkpt>
      <trkpt lat="37.75699" lon="-119.54255">
        <ele>1255.0</ele>
      </trkpt>
      <trkpt lat="37.75691" lon="-119.54277">
        <ele>1261.0</ele>
      </trkpt>
      <trkpt lat="37.75674" lon="-119.54306">
        <ele>1256.0</ele>
      </trkpt>
      <trkpt lat="37.75658" lon="-119.5432">
        <ele>1269.0</ele>
      </trkpt>
      <trkpt lat="37.75617" lon="-119.54348">
        <ele>1266.0</ele>
      </trkpt>
      <trkpt lat="37.75577" lon="-119.54408">
        <ele>1271.0</ele>
      </trkpt>
      <trkpt lat="37.75567" lon="-119.54414">
        <ele>1260.0</ele>
      </trkpt>
      <trkpt lat="37.75545" lon="-119.54443">
        <ele>1266.0</ele>
      </trkpt>
      <trkpt lat="37.75535" lon="-119.54482">
        <ele>1258.0</ele>
      </trkpt>
      <trkpt lat="37.75526" lon="-119.54497">
        <ele>1262.0</ele>
      </trkpt>
      <trkpt lat="37.75506" lon="-119.54508">
        <ele>1255.0</ele>
      </trkpt>
      <trkpt lat="37.75495" lon="-119.5451">
        <ele>1255.0</ele>
      </trkpt>
      <trkpt lat="37.755" lon="-119.54562">
        <ele>1261.0</ele>
      </trkpt>
      <trkpt lat="37.75496" lon="-119.54578">
        <ele>1266.0</ele>
      </trkpt>
      <trkpt lat="37.75464" lon="-119.54603">
        <ele>1263.0</ele>
      </trkpt>
      <trkpt lat="37.75439" lon="-119.54628">
        <ele>1264.0</ele>
      </trkpt>
      <trkpt lat="37.75415" lon="-119.54633">
        <ele>1265.0</ele>
      </trkpt>
      <trkpt lat="37.75388" lon="-119.5466">
        <ele>1265.0</ele>
      </trkpt>
      <trkpt lat="37.75379" lon="-119.54677">
        <ele>1265.0</ele>
      </trkpt>
      <trkpt lat="37.75355" lon="-119.54707">
        <ele>1261.0</ele>
      </trkpt>
      <trkpt lat="37.75334" lon="-119.54726">
        <ele>1261.0</ele>
      </trkpt>
      <trkpt lat="37.75334" lon="-119.54726">
        <ele>1261.0</ele>
      </trkpt>
      <trkpt lat="37.75329" lon="-119.5473">
        <ele>1261.0</ele>
      </trkpt>
      <trkpt lat="37.75312519522218" lon="-119.547352043614">
        <ele>1259.0</ele>
      </trkpt>
      <trkpt lat="37.75312519525024" lon="-119.547352043614">
        <ele>1259.0</ele>
      </trkpt>
      <trkpt lat="37.7531" lon="-119.54736">
        <ele>1259.0</ele>
      </trkpt>
      <trkpt lat="37.75296" lon="-119.54736">
        <ele>1259.0</ele>
      </trkpt>
      <trkpt lat="37.75281" lon="-119.54751">
        <ele>1261.0</ele>
      </trkpt>
      <trkpt lat="37.7525" lon="-119.54797">
        <ele>1268.0</ele>
      </trkpt>
      <trkpt lat="37.75235" lon="-119.54806">
        <ele>1260.0</ele>
      </trkpt>
      <trkpt lat="37.75191" lon="-119.54896">
        <ele>1258.0</ele>
      </trkpt>
      <trkpt lat="37.75184" lon="-119.54927">
        <ele>1263.0</ele>
      </trkpt>
      <trkpt lat="37.75173" lon="-119.54938">
        <ele>1259.0</ele>
      </trkpt>
      <trkpt lat="37.75134" lon="-119.54995">
        <ele>1258.0</ele>
      </trkpt>
      <trkpt lat="37.75118" lon="-119.55011">
        <ele>1250.0</ele>
      </trkpt>
      <trkpt lat="37.75105" lon="-119.5502">
        <ele>1253.0</ele>
      </trkpt>
      <trkpt lat="37.75079" lon="-119.55053">
        <ele>1254.0</ele>
      </trkpt>
      <trkpt lat="37.75067" lon="-119.55061">
        <ele>1260.0</ele>
      </trkpt>
      <trkpt lat="37.75032" lon="-119.55046">
        <ele>1266.0</ele>
      </trkpt>
      <trkpt lat="37.74988" lon="-119.55042">
        <ele>1265.0</ele>
      </trkpt>
      <trkpt lat="37.74988" lon="-119.55042">
        <ele>1265.0</ele>
      </trkpt>
      <trkpt lat="37.74964" lon="-119.55041">
        <ele>1254.0</ele>
      </trkpt>
      <trkpt lat="37.74964" lon="-119.55041">
        <ele>1254.0</ele>
      </trkpt>
      <trkpt lat="37.74908" lon="-119.55028">
        <ele>1252.0</ele>
      </trkpt>
      <trkpt lat="37.74888" lon="-119.55044">
        <ele>1252.0</ele>
      </trkpt>
      <trkpt lat="37.74866" lon="-119.55054">
        <ele>1254.0</ele>
      </trkpt>
      <trkpt lat="37.74866" lon="-119.55054">
        <ele>1254.0</ele>
      </trkpt>
      <trkpt lat="37.74848928967534" lon="-119.5505098746486">
        <ele>1254.0</ele>
      </trkpt>
      <trkpt lat="37.74847274739028" lon="-119.5505069554218">
        <ele>1254.0</ele>
      </trkpt>
      <trkpt lat="37.74832" lon="-119.55048">
        <ele>1260.0</ele>
      </trkpt>
      <trkpt lat="37.74832" lon="-119.55048">
        <ele>1260.0</ele>
      </trkpt>
      <trkpt lat="37.74833" lon="-119.5503">
        <ele>1257.0</ele>
      </trkpt>
      <trkpt lat="37.74827" lon="-119.55012">
        <ele>1256.0</ele>
      </trkpt>
      <trkpt lat="37.74832" lon="-119.54997">
        <ele>1256.0</ele>
      </trkpt>
      <trkpt lat="37.74829" lon="-119.54974">
        <ele>1254.0</ele>
      </trkpt>
      <trkpt lat="37.74817" lon="-119.54969">
        <ele>1253.0</ele>
      </trkpt>
      <trkpt lat="37.74802415431505" lon="-119.5496983340391">
        <ele>1253.0</ele>
      </trkpt>
      <trkpt lat="37.74802415451622" lon="-119.5496983340391">
        <ele>1253.0</ele>
      </trkpt>
      <trkpt lat="37.74782" lon="-119.54971">
        <ele>1252.0</ele>
      </trkpt>
      <trkpt lat="37.74776" lon="-119.54977">
        <ele>1252.0</ele>
      </trkpt>
      <trkpt lat="37.74767" lon="-119.54997">
        <ele>1250.0</ele>
      </trkpt>
      <trkpt lat="37.74764" lon="-119.55032">
        <ele>1247.0</ele>
      </trkpt>
      <trkpt lat="37.74768" lon="-119.55047">
        <ele>1247.0</ele>
      </trkpt>
      <trkpt lat="37.74768" lon="-119.55071">
        <ele>1247.0</ele>
      </trkpt>
      <trkpt lat="37.74768" lon="-119.55071">
        <ele>1247.0</ele>
      </trkpt>
      <trkpt lat="37.74718" lon="-119.55097">
        <ele>1247.0</ele>
      </trkpt>
      <trkpt lat="37.74718" lon="-119.55097">
        <ele>1247.0</ele>
      </trkpt>
      <trkpt lat="37.74718" lon="-119.55097">
        <ele>1247.0</ele>
      </trkpt>
      <trkpt lat="37.74718" lon="-119.5512">
        <ele>1250.0</ele>
      </trkpt>
      <trkpt lat="37.74708" lon="-119.55138">
        <ele>1260.0</ele>
      </trkpt>
      <trkpt lat="37.74636" lon="-119.55179">
        <ele>1252.0</ele>
      </trkpt>
      <trkpt lat="37.74607" lon="-119.55221">
        <ele>1252.0</ele>
      </trkpt>
      <trkpt lat="37.74595" lon="-119.55232">
        <ele>1252.0</ele>
      </trkpt>
      <trkpt lat="37.74541" lon="-119.55272">
        <ele>1257.0</ele>
      </trkpt>
      <trkpt lat="37.74499" lon="-119.55281">
        <ele>1251.0</ele>
      </trkpt>
      <trkpt lat="37.74487" lon="-119.55302">
        <ele>1253.0</ele>
      </trkpt>
      <trkpt lat="37.74481" lon="-119.55322">
        <ele>1246.0</ele>
      </trkpt>
      <trkpt lat="37.74481" lon="-119.55322">
        <ele>1246.0</ele>
      </trkpt>
      <trkpt lat="37.7448" lon="-119.5533">
        <ele>1246.0</ele>
      </trkpt>
      <trkpt lat="37.74466" lon="-119.55354">
        <ele>1243.0</ele>
      </trkpt>
      <trkpt lat="37.74461" lon="-119.55377">
        <ele>1242.0</ele>
      </trkpt>
      <trkpt lat="37.74457" lon="-119.55412">
        <ele>1236.0</ele>
      </trkpt>
      <trkpt lat="37.74448" lon="-119.55435">
        <ele>1239.0</ele>
      </trkpt>
      <trkpt lat="37.74446" lon="-119.55476">
        <ele>1241.0</ele>
      </trkpt>
      <trkpt lat="37.74413" lon="-119.55506">
        <ele>1238.0</ele>
      </trkpt>
      <trkpt lat="37.74386" lon="-119.55527">
        <ele>1240.0</ele>
      </trkpt>
      <trkpt lat="37.74371" lon="-119.55557">
        <ele>1235.0</ele>
      </trkpt>
      <trkpt lat="37.74365" lon="-119.55562">
        <ele>1235.0</ele>
      </trkpt>
      <trkpt lat="37.74364424610351" lon="-119.5556186736466">
        <ele>1235.0</ele>
      </trkpt>
      <trkpt lat="37.74354" lon="-119.55633">
        <ele>1238.0</ele>
      </trkpt>
      <trkpt lat="37.74354" lon="-119.55633">
        <ele>1238.0</ele>
      </trkpt>
      <trkpt lat="37.74354" lon="-119.55633">
        <ele>1238.0</ele>
      </trkpt>
      <trkpt lat="37.74353" lon="-119.55667">
        <ele>1236.0</ele>
      </trkpt>
      <trkpt lat="37.74345" lon="-119.55697">
        <ele>1240.0</ele>
      </trkpt>
      <trkpt lat="37.74326" lon="-119.55739">
        <ele>1241.0</ele>
      </trkpt>
      <trkpt lat="37.74326" lon="-119.55739">
        <ele>1241.0</ele>
      </trkpt>
      <trkpt lat="37.74320108648761" lon="-119.557792575668">
        <ele>1240.0</ele>
      </trkpt>
      <trkpt lat="37.74319836177817" lon="-119.5578075546908">
        <ele>1240.0</ele>
      </trkpt>
      <trkpt lat="37.74314" lon="-119.55776">
        <ele>1240.0</ele>
      </trkpt>
      <trkpt lat="37.74296" lon="-119.55772">
        <ele>1240.0</ele>
      </trkpt>
      <trkpt lat="37.74282" lon="-119.55779">
        <ele>1240.0</ele>
      </trkpt>
      <trkpt lat="37.74267" lon="-119.55811">
        <ele>1241.0</ele>
      </trkpt>
      <trkpt lat="37.74255" lon="-119.55813">
        <ele>1236.0</ele>
      </trkpt>
      <trkpt lat="37.7421" lon="-119.55777">
        <ele>1234.0</ele>
      </trkpt>
      <trkpt lat="37.74210468847079" lon="-119.5577743935329">
        <ele>1234.0</ele>
      </trkpt>
      <trkpt lat="37.742" lon="-119.55795">
        <ele>1229.0</ele>
      </trkpt>
      <trkpt lat="37.742" lon="-119.55795">
        <ele>1229.0</ele>
      </trkpt>
      <trkpt lat="37.74178" lon="-119.55836">
        <ele>1226.0</ele>
      </trkpt>
      <trkpt lat="37.74178" lon="-119.55836">
        <ele>1226.0</ele>
      </trkpt>
      <trkpt lat="37.7417578836329" lon="-119.5584085481229">
        <ele>1226.0</ele>
      </trkpt>
      <trkpt lat="37.74176" lon="-119.55841">
        <ele>1226.0</ele>
      </trkpt>
      <trkpt lat="37.74165" lon="-119.55821">
        <ele>1226.0</ele>
      </trkpt>
      <trkpt lat="37.74165" lon="-119.55821">
        <ele>1226.0</ele>
      </trkpt>
      <trkpt lat="37.74144" lon="-119.55854">
        <ele>1230.0</ele>
      </trkpt>
      <trkpt lat="37.74127" lon="-119.5586">
        <ele>1230.0</ele>
      </trkpt>
      <trkpt lat="37.74108" lon="-119.55877">
        <ele>1232.0</ele>
      </trkpt>
      <trkpt lat="37.74086" lon="-119.55904">
        <ele>1235.0</ele>
      </trkpt>
      <trkpt lat="37.74081887864389" lon="-119.5590738646462">
        <ele>1235.0</ele>
      </trkpt>
      <trkpt lat="37.7408188786797" lon="-119.5590738646462">
        <ele>1235.0</ele>
      </trkpt>
      <trkpt lat="37.74069" lon="-119.55918">
        <ele>1242.0</ele>
      </trkpt>
      <trkpt lat="37.74057" lon="-119.55922">
        <ele>1242.0</ele>
      </trkpt>
      <trkpt lat="37.74057" lon="-119.55922">
        <ele>1242.0</ele>
      </trkpt>
      <trkpt lat="37.74057" lon="-119.55922">
        <ele>1242.0</ele>
      </trkpt>
      <trkpt lat="37.74045" lon="-119.55937">
        <ele>1242.0</ele>
      </trkpt>
      <trkpt lat="37.74014" lon="-119.55953">
        <ele>1242.0</ele>
      </trkpt>
      <trkpt lat="37.73978" lon="-119.55985">
        <ele>1241.0</ele>
      </trkpt>
      <trkpt lat="37.7397802439484" lon="-119.5598497846939">
        <ele>1241.0</ele>
      </trkpt>
      <trkpt lat="37.73969028626248" lon="-119.5598699358751">
        <ele>1243.0</ele>
      </trkpt>
      <trkpt lat="37.73969393640206" lon="-119.5598959922791">
        <ele>1243.0</ele>
      </trkpt>
    </trkseg>
  </trk>
</gpx>
