<?xml version="1.0" encoding="UTF-8"?>
<gpx xmlns:xsi="http://www.w3.org/2001/XMLSchema-instance" version="1.1" creator="The Outbound Collective, Inc. 1.1.1 -- https://www.theoutbound.com" xsi:schemaLocation="http://www.topografix.com/GPX/1/1 http://www.topografix.com/GPX/1/1/gpx.xsd">
  <metadata>
    <name/>
    <time>2026-02-19T21:55:14+00:00</time>
    <bound minlat="37.49099" minlon="-118.8692063825247" maxlat="37.551016594838" maxlon="-118.8025903701782"/>
  </metadata>
  <trk>
    <name/>
    <trkseg>
      <trkpt lat="37.551016594838" lon="-118.8025903701782">
        <ele>2400.0</ele>
      </trkpt>
      <trkpt lat="37.55092302944992" lon="-118.802729845047">
        <ele>2403.0</ele>
      </trkpt>
      <trkpt lat="37.5507358983214" lon="-118.8029766082764">
        <ele>2405.0</ele>
      </trkpt>
      <trkpt lat="37.55073646891716" lon="-118.8029770621716">
        <ele>2405.0</ele>
      </trkpt>
      <trkpt lat="37.55061" lon="-118.80323">
        <ele>2407.0</ele>
      </trkpt>
      <trkpt lat="37.55051" lon="-118.80335">
        <ele>2407.0</ele>
      </trkpt>
      <trkpt lat="37.55026" lon="-118.80375">
        <ele>2409.0</ele>
      </trkpt>
      <trkpt lat="37.55014" lon="-118.80403">
        <ele>2414.0</ele>
      </trkpt>
      <trkpt lat="37.55013784488053" lon="-118.8040375705479">
        <ele>2413.0</ele>
      </trkpt>
      <trkpt lat="37.55013784488614" lon="-118.8040375705479">
        <ele>2413.0</ele>
      </trkpt>
      <trkpt lat="37.54975" lon="-118.8054">
        <ele>2422.0</ele>
      </trkpt>
      <trkpt lat="37.5496" lon="-118.8057">
        <ele>2429.0</ele>
      </trkpt>
      <trkpt lat="37.5494" lon="-118.80615">
        <ele>2431.0</ele>
      </trkpt>
      <trkpt lat="37.5494" lon="-118.80615">
        <ele>2431.0</ele>
      </trkpt>
      <trkpt lat="37.54924" lon="-118.80657">
        <ele>2437.0</ele>
      </trkpt>
      <trkpt lat="37.54914" lon="-118.80697">
        <ele>2437.0</ele>
      </trkpt>
      <trkpt lat="37.54883" lon="-118.80851">
        <ele>2446.0</ele>
      </trkpt>
      <trkpt lat="37.54882" lon="-118.80898">
        <ele>2447.0</ele>
      </trkpt>
      <trkpt lat="37.54878" lon="-118.80933">
        <ele>2451.0</ele>
      </trkpt>
      <trkpt lat="37.54878" lon="-118.80933">
        <ele>2451.0</ele>
      </trkpt>
      <trkpt lat="37.54878" lon="-118.80933">
        <ele>2451.0</ele>
      </trkpt>
      <trkpt lat="37.54888" lon="-118.81052">
        <ele>2457.0</ele>
      </trkpt>
      <trkpt lat="37.54898" lon="-118.8111">
        <ele>2458.0</ele>
      </trkpt>
      <trkpt lat="37.54904" lon="-118.81176">
        <ele>2460.0</ele>
      </trkpt>
      <trkpt lat="37.54903" lon="-118.81215">
        <ele>2463.0</ele>
      </trkpt>
      <trkpt lat="37.54902" lon="-118.81246">
        <ele>2460.0</ele>
      </trkpt>
      <trkpt lat="37.54891" lon="-118.81295">
        <ele>2467.0</ele>
      </trkpt>
      <trkpt lat="37.54880457058533" lon="-118.8133190029513">
        <ele>2472.0</ele>
      </trkpt>
      <trkpt lat="37.54880457063808" lon="-118.8133190029513">
        <ele>2472.0</ele>
      </trkpt>
      <trkpt lat="37.54873" lon="-118.81358">
        <ele>2472.0</ele>
      </trkpt>
      <trkpt lat="37.54871" lon="-118.81427">
        <ele>2475.0</ele>
      </trkpt>
      <trkpt lat="37.54859" lon="-118.81484">
        <ele>2480.0</ele>
      </trkpt>
      <trkpt lat="37.54859" lon="-118.81484">
        <ele>2480.0</ele>
      </trkpt>
      <trkpt lat="37.54859" lon="-118.81484">
        <ele>2480.0</ele>
      </trkpt>
      <trkpt lat="37.54858" lon="-118.81507">
        <ele>2481.0</ele>
      </trkpt>
      <trkpt lat="37.54852" lon="-118.81525">
        <ele>2483.0</ele>
      </trkpt>
      <trkpt lat="37.54855" lon="-118.81558">
        <ele>2485.0</ele>
      </trkpt>
      <trkpt lat="37.54881" lon="-118.81605">
        <ele>2496.0</ele>
      </trkpt>
      <trkpt lat="37.54886" lon="-118.8161">
        <ele>2496.0</ele>
      </trkpt>
      <trkpt lat="37.54889" lon="-118.81608">
        <ele>2496.0</ele>
      </trkpt>
      <trkpt lat="37.5489" lon="-118.81629">
        <ele>2501.0</ele>
      </trkpt>
      <trkpt lat="37.54907" lon="-118.81613">
        <ele>2505.0</ele>
      </trkpt>
      <trkpt lat="37.54907" lon="-118.81613">
        <ele>2505.0</ele>
      </trkpt>
      <trkpt lat="37.54904" lon="-118.81635">
        <ele>2509.0</ele>
      </trkpt>
      <trkpt lat="37.54895" lon="-118.81664">
        <ele>2506.0</ele>
      </trkpt>
      <trkpt lat="37.54884" lon="-118.81685">
        <ele>2512.0</ele>
      </trkpt>
      <trkpt lat="37.54879" lon="-118.81701">
        <ele>2512.0</ele>
      </trkpt>
      <trkpt lat="37.54874" lon="-118.81706">
        <ele>2505.0</ele>
      </trkpt>
      <trkpt lat="37.54869" lon="-118.81717">
        <ele>2514.0</ele>
      </trkpt>
      <trkpt lat="37.54835" lon="-118.81753">
        <ele>2517.0</ele>
      </trkpt>
      <trkpt lat="37.54827" lon="-118.81784">
        <ele>2525.0</ele>
      </trkpt>
      <trkpt lat="37.54821" lon="-118.81824">
        <ele>2532.0</ele>
      </trkpt>
      <trkpt lat="37.54822" lon="-118.81889">
        <ele>2534.0</ele>
      </trkpt>
      <trkpt lat="37.54816" lon="-118.81944">
        <ele>2536.0</ele>
      </trkpt>
      <trkpt lat="37.54805" lon="-118.81968">
        <ele>2541.0</ele>
      </trkpt>
      <trkpt lat="37.54796342741599" lon="-118.8199606145826">
        <ele>2545.0</ele>
      </trkpt>
      <trkpt lat="37.54796342753415" lon="-118.8199606145826">
        <ele>2545.0</ele>
      </trkpt>
      <trkpt lat="37.54776" lon="-118.82062">
        <ele>2549.0</ele>
      </trkpt>
      <trkpt lat="37.5475" lon="-118.82097">
        <ele>2549.0</ele>
      </trkpt>
      <trkpt lat="37.54724" lon="-118.8212">
        <ele>2550.0</ele>
      </trkpt>
      <trkpt lat="37.54717" lon="-118.82131">
        <ele>2556.0</ele>
      </trkpt>
      <trkpt lat="37.54646" lon="-118.82203">
        <ele>2550.0</ele>
      </trkpt>
      <trkpt lat="37.54606" lon="-118.82251">
        <ele>2556.0</ele>
      </trkpt>
      <trkpt lat="37.54566" lon="-118.82284">
        <ele>2560.0</ele>
      </trkpt>
      <trkpt lat="37.54511150559431" lon="-118.8231142472029">
        <ele>2562.0</ele>
      </trkpt>
      <trkpt lat="37.54511150754959" lon="-118.8231142472029">
        <ele>2562.0</ele>
      </trkpt>
      <trkpt lat="37.54458" lon="-118.82338">
        <ele>2566.0</ele>
      </trkpt>
      <trkpt lat="37.54458" lon="-118.82338">
        <ele>2566.0</ele>
      </trkpt>
      <trkpt lat="37.54223" lon="-118.82459">
        <ele>2582.0</ele>
      </trkpt>
      <trkpt lat="37.54151" lon="-118.82489">
        <ele>2597.0</ele>
      </trkpt>
      <trkpt lat="37.54131" lon="-118.82493">
        <ele>2597.0</ele>
      </trkpt>
      <trkpt lat="37.54102" lon="-118.82489">
        <ele>2599.0</ele>
      </trkpt>
      <trkpt lat="37.54087" lon="-118.82496">
        <ele>2599.0</ele>
      </trkpt>
      <trkpt lat="37.54075" lon="-118.82493">
        <ele>2599.0</ele>
      </trkpt>
      <trkpt lat="37.54061" lon="-118.82462">
        <ele>2598.0</ele>
      </trkpt>
      <trkpt lat="37.54001" lon="-118.82418">
        <ele>2603.0</ele>
      </trkpt>
      <trkpt lat="37.53951" lon="-118.82416">
        <ele>2609.0</ele>
      </trkpt>
      <trkpt lat="37.53951" lon="-118.82416">
        <ele>2609.0</ele>
      </trkpt>
      <trkpt lat="37.53951" lon="-118.82416">
        <ele>2609.0</ele>
      </trkpt>
      <trkpt lat="37.53938" lon="-118.8242">
        <ele>2609.0</ele>
      </trkpt>
      <trkpt lat="37.5391" lon="-118.82416">
        <ele>2616.0</ele>
      </trkpt>
      <trkpt lat="37.53855" lon="-118.82391">
        <ele>2620.0</ele>
      </trkpt>
      <trkpt lat="37.53802" lon="-118.82361">
        <ele>2627.0</ele>
      </trkpt>
      <trkpt lat="37.53774" lon="-118.82352">
        <ele>2635.0</ele>
      </trkpt>
      <trkpt lat="37.53768" lon="-118.82353">
        <ele>2635.0</ele>
      </trkpt>
      <trkpt lat="37.5375" lon="-118.82349">
        <ele>2647.0</ele>
      </trkpt>
      <trkpt lat="37.53705" lon="-118.82332">
        <ele>2655.0</ele>
      </trkpt>
      <trkpt lat="37.53704529144651" lon="-118.8233163004222">
        <ele>2655.0</ele>
      </trkpt>
      <trkpt lat="37.53704529145519" lon="-118.8233163004222">
        <ele>2655.0</ele>
      </trkpt>
      <trkpt lat="37.53677" lon="-118.8231">
        <ele>2655.0</ele>
      </trkpt>
      <trkpt lat="37.53617" lon="-118.82239">
        <ele>2659.0</ele>
      </trkpt>
      <trkpt lat="37.53595" lon="-118.82216">
        <ele>2660.0</ele>
      </trkpt>
      <trkpt lat="37.53563" lon="-118.82196">
        <ele>2660.0</ele>
      </trkpt>
      <trkpt lat="37.53544" lon="-118.82189">
        <ele>2660.0</ele>
      </trkpt>
      <trkpt lat="37.53487" lon="-118.82155">
        <ele>2665.0</ele>
      </trkpt>
      <trkpt lat="37.53396" lon="-118.82156">
        <ele>2681.0</ele>
      </trkpt>
      <trkpt lat="37.53329" lon="-118.82153">
        <ele>2686.0</ele>
      </trkpt>
      <trkpt lat="37.53306" lon="-118.82144">
        <ele>2687.0</ele>
      </trkpt>
      <trkpt lat="37.53273" lon="-118.82122">
        <ele>2687.0</ele>
      </trkpt>
      <trkpt lat="37.53252" lon="-118.82116">
        <ele>2687.0</ele>
      </trkpt>
      <trkpt lat="37.5324" lon="-118.82121">
        <ele>2687.0</ele>
      </trkpt>
      <trkpt lat="37.53227" lon="-118.82145">
        <ele>2689.0</ele>
      </trkpt>
      <trkpt lat="37.53211" lon="-118.82157">
        <ele>2693.0</ele>
      </trkpt>
      <trkpt lat="37.53184" lon="-118.82169">
        <ele>2692.0</ele>
      </trkpt>
      <trkpt lat="37.53173" lon="-118.82169">
        <ele>2692.0</ele>
      </trkpt>
      <trkpt lat="37.53154" lon="-118.82176">
        <ele>2692.0</ele>
      </trkpt>
      <trkpt lat="37.5309" lon="-118.82167">
        <ele>2695.0</ele>
      </trkpt>
      <trkpt lat="37.52996" lon="-118.8216">
        <ele>2696.0</ele>
      </trkpt>
      <trkpt lat="37.52985" lon="-118.82148">
        <ele>2696.0</ele>
      </trkpt>
      <trkpt lat="37.52977" lon="-118.82145">
        <ele>2696.0</ele>
      </trkpt>
      <trkpt lat="37.52977" lon="-118.82145">
        <ele>2696.0</ele>
      </trkpt>
      <trkpt lat="37.52977" lon="-118.82145">
        <ele>2696.0</ele>
      </trkpt>
      <trkpt lat="37.52956" lon="-118.82153">
        <ele>2699.0</ele>
      </trkpt>
      <trkpt lat="37.52948" lon="-118.82153">
        <ele>2699.0</ele>
      </trkpt>
      <trkpt lat="37.52941" lon="-118.82151">
        <ele>2696.0</ele>
      </trkpt>
      <trkpt lat="37.52926" lon="-118.82137">
        <ele>2700.0</ele>
      </trkpt>
      <trkpt lat="37.52915" lon="-118.82131">
        <ele>2700.0</ele>
      </trkpt>
      <trkpt lat="37.52826" lon="-118.82091">
        <ele>2707.0</ele>
      </trkpt>
      <trkpt lat="37.52816" lon="-118.8209">
        <ele>2710.0</ele>
      </trkpt>
      <trkpt lat="37.52806" lon="-118.82079">
        <ele>2710.0</ele>
      </trkpt>
      <trkpt lat="37.52809" lon="-118.8206">
        <ele>2711.0</ele>
      </trkpt>
      <trkpt lat="37.52809" lon="-118.8206">
        <ele>2711.0</ele>
      </trkpt>
      <trkpt lat="37.52807" lon="-118.82048">
        <ele>2711.0</ele>
      </trkpt>
      <trkpt lat="37.52804546890373" lon="-118.8204643593289">
        <ele>2711.0</ele>
      </trkpt>
      <trkpt lat="37.52796" lon="-118.82049">
        <ele>2711.0</ele>
      </trkpt>
      <trkpt lat="37.52784" lon="-118.82059">
        <ele>2714.0</ele>
      </trkpt>
      <trkpt lat="37.52783" lon="-118.82064">
        <ele>2714.0</ele>
      </trkpt>
      <trkpt lat="37.52778" lon="-118.82066">
        <ele>2714.0</ele>
      </trkpt>
      <trkpt lat="37.52765" lon="-118.82084">
        <ele>2713.0</ele>
      </trkpt>
      <trkpt lat="37.52721166605038" lon="-118.8208926000739">
        <ele>2717.0</ele>
      </trkpt>
      <trkpt lat="37.52721166605038" lon="-118.8208926000739">
        <ele>2717.0</ele>
      </trkpt>
      <trkpt lat="37.52715" lon="-118.8209">
        <ele>2717.0</ele>
      </trkpt>
      <trkpt lat="37.52715" lon="-118.8209">
        <ele>2717.0</ele>
      </trkpt>
      <trkpt lat="37.52687" lon="-118.82089">
        <ele>2718.0</ele>
      </trkpt>
      <trkpt lat="37.52633649897768" lon="-118.8208109628115">
        <ele>2719.0</ele>
      </trkpt>
      <trkpt lat="37.52633649900093" lon="-118.8208109628115">
        <ele>2719.0</ele>
      </trkpt>
      <trkpt lat="37.52633" lon="-118.82081">
        <ele>2719.0</ele>
      </trkpt>
      <trkpt lat="37.52597" lon="-118.82067">
        <ele>2728.0</ele>
      </trkpt>
      <trkpt lat="37.52541" lon="-118.82037">
        <ele>2734.0</ele>
      </trkpt>
      <trkpt lat="37.5253" lon="-118.82041">
        <ele>2734.0</ele>
      </trkpt>
      <trkpt lat="37.52519" lon="-118.82052">
        <ele>2730.0</ele>
      </trkpt>
      <trkpt lat="37.52493" lon="-118.82064">
        <ele>2734.0</ele>
      </trkpt>
      <trkpt lat="37.52453" lon="-118.8209">
        <ele>2746.0</ele>
      </trkpt>
      <trkpt lat="37.52428" lon="-118.82091">
        <ele>2749.0</ele>
      </trkpt>
      <trkpt lat="37.52415" lon="-118.82087">
        <ele>2749.0</ele>
      </trkpt>
      <trkpt lat="37.524" lon="-118.8208">
        <ele>2748.0</ele>
      </trkpt>
      <trkpt lat="37.52353" lon="-118.82044">
        <ele>2752.0</ele>
      </trkpt>
      <trkpt lat="37.52334" lon="-118.82034">
        <ele>2759.0</ele>
      </trkpt>
      <trkpt lat="37.5226" lon="-118.81974">
        <ele>2760.0</ele>
      </trkpt>
      <trkpt lat="37.52218" lon="-118.8197">
        <ele>2759.0</ele>
      </trkpt>
      <trkpt lat="37.52205" lon="-118.81965">
        <ele>2757.0</ele>
      </trkpt>
      <trkpt lat="37.5219" lon="-118.81939">
        <ele>2760.0</ele>
      </trkpt>
      <trkpt lat="37.52181" lon="-118.81911">
        <ele>2766.0</ele>
      </trkpt>
      <trkpt lat="37.52153" lon="-118.81882">
        <ele>2764.0</ele>
      </trkpt>
      <trkpt lat="37.52143" lon="-118.81875">
        <ele>2768.0</ele>
      </trkpt>
      <trkpt lat="37.52074" lon="-118.81851">
        <ele>2767.0</ele>
      </trkpt>
      <trkpt lat="37.5203" lon="-118.81844">
        <ele>2777.0</ele>
      </trkpt>
      <trkpt lat="37.51997" lon="-118.81832">
        <ele>2773.0</ele>
      </trkpt>
      <trkpt lat="37.51961" lon="-118.81826">
        <ele>2771.0</ele>
      </trkpt>
      <trkpt lat="37.5193" lon="-118.81827">
        <ele>2776.0</ele>
      </trkpt>
      <trkpt lat="37.51917" lon="-118.81823">
        <ele>2776.0</ele>
      </trkpt>
      <trkpt lat="37.51897" lon="-118.81806">
        <ele>2782.0</ele>
      </trkpt>
      <trkpt lat="37.51851" lon="-118.81782">
        <ele>2791.0</ele>
      </trkpt>
      <trkpt lat="37.51835" lon="-118.81784">
        <ele>2792.0</ele>
      </trkpt>
      <trkpt lat="37.51815" lon="-118.81792">
        <ele>2788.0</ele>
      </trkpt>
      <trkpt lat="37.51759" lon="-118.81789">
        <ele>2804.0</ele>
      </trkpt>
      <trkpt lat="37.51726" lon="-118.81805">
        <ele>2798.0</ele>
      </trkpt>
      <trkpt lat="37.51698" lon="-118.81795">
        <ele>2798.0</ele>
      </trkpt>
      <trkpt lat="37.51669" lon="-118.81803">
        <ele>2801.0</ele>
      </trkpt>
      <trkpt lat="37.51662" lon="-118.81811">
        <ele>2801.0</ele>
      </trkpt>
      <trkpt lat="37.5165" lon="-118.81815">
        <ele>2804.0</ele>
      </trkpt>
      <trkpt lat="37.5165" lon="-118.81815">
        <ele>2804.0</ele>
      </trkpt>
      <trkpt lat="37.5165" lon="-118.81824">
        <ele>2808.0</ele>
      </trkpt>
      <trkpt lat="37.5165" lon="-118.81824">
        <ele>2808.0</ele>
      </trkpt>
      <trkpt lat="37.51676" lon="-118.81844">
        <ele>2802.0</ele>
      </trkpt>
      <trkpt lat="37.51696" lon="-118.81867">
        <ele>2798.0</ele>
      </trkpt>
      <trkpt lat="37.51723" lon="-118.81885">
        <ele>2799.0</ele>
      </trkpt>
      <trkpt lat="37.51736" lon="-118.81933">
        <ele>2805.0</ele>
      </trkpt>
      <trkpt lat="37.51772" lon="-118.8199">
        <ele>2803.0</ele>
      </trkpt>
      <trkpt lat="37.51769" lon="-118.81999">
        <ele>2803.0</ele>
      </trkpt>
      <trkpt lat="37.51757" lon="-118.82005">
        <ele>2809.0</ele>
      </trkpt>
      <trkpt lat="37.51751" lon="-118.82058">
        <ele>2809.0</ele>
      </trkpt>
      <trkpt lat="37.51768" lon="-118.82089">
        <ele>2808.0</ele>
      </trkpt>
      <trkpt lat="37.51772" lon="-118.82107">
        <ele>2815.0</ele>
      </trkpt>
      <trkpt lat="37.51772" lon="-118.82107">
        <ele>2815.0</ele>
      </trkpt>
      <trkpt lat="37.51772" lon="-118.82107">
        <ele>2815.0</ele>
      </trkpt>
      <trkpt lat="37.51741" lon="-118.82112">
        <ele>2817.0</ele>
      </trkpt>
      <trkpt lat="37.5171" lon="-118.82098">
        <ele>2822.0</ele>
      </trkpt>
      <trkpt lat="37.51637" lon="-118.82086">
        <ele>2827.0</ele>
      </trkpt>
      <trkpt lat="37.51637" lon="-118.82086">
        <ele>2827.0</ele>
      </trkpt>
      <trkpt lat="37.51637" lon="-118.82086">
        <ele>2827.0</ele>
      </trkpt>
      <trkpt lat="37.51625" lon="-118.82068">
        <ele>2830.0</ele>
      </trkpt>
      <trkpt lat="37.51577" lon="-118.82056">
        <ele>2836.0</ele>
      </trkpt>
      <trkpt lat="37.51548" lon="-118.82019">
        <ele>2838.0</ele>
      </trkpt>
      <trkpt lat="37.51522" lon="-118.81999">
        <ele>2837.0</ele>
      </trkpt>
      <trkpt lat="37.51496" lon="-118.81985">
        <ele>2837.0</ele>
      </trkpt>
      <trkpt lat="37.51482" lon="-118.81991">
        <ele>2842.0</ele>
      </trkpt>
      <trkpt lat="37.51462" lon="-118.81992">
        <ele>2842.0</ele>
      </trkpt>
      <trkpt lat="37.51466" lon="-118.82019">
        <ele>2844.0</ele>
      </trkpt>
      <trkpt lat="37.51456" lon="-118.82024">
        <ele>2847.0</ele>
      </trkpt>
      <trkpt lat="37.51428" lon="-118.81994">
        <ele>2850.0</ele>
      </trkpt>
      <trkpt lat="37.5142" lon="-118.81975">
        <ele>2850.0</ele>
      </trkpt>
      <trkpt lat="37.51396" lon="-118.81958">
        <ele>2854.0</ele>
      </trkpt>
      <trkpt lat="37.51375" lon="-118.81929">
        <ele>2850.0</ele>
      </trkpt>
      <trkpt lat="37.51338" lon="-118.81919">
        <ele>2850.0</ele>
      </trkpt>
      <trkpt lat="37.51331" lon="-118.81931">
        <ele>2853.0</ele>
      </trkpt>
      <trkpt lat="37.51321" lon="-118.8194">
        <ele>2853.0</ele>
      </trkpt>
      <trkpt lat="37.51284" lon="-118.81913">
        <ele>2855.0</ele>
      </trkpt>
      <trkpt lat="37.51253" lon="-118.8191">
        <ele>2859.0</ele>
      </trkpt>
      <trkpt lat="37.51242" lon="-118.81892">
        <ele>2857.0</ele>
      </trkpt>
      <trkpt lat="37.51219" lon="-118.81895">
        <ele>2861.0</ele>
      </trkpt>
      <trkpt lat="37.51184" lon="-118.81921">
        <ele>2864.0</ele>
      </trkpt>
      <trkpt lat="37.51144" lon="-118.81907">
        <ele>2865.0</ele>
      </trkpt>
      <trkpt lat="37.51113519675037" lon="-118.8190128493907">
        <ele>2864.0</ele>
      </trkpt>
      <trkpt lat="37.51113519743478" lon="-118.8190128493907">
        <ele>2864.0</ele>
      </trkpt>
      <trkpt lat="37.5108" lon="-118.81895">
        <ele>2863.0</ele>
      </trkpt>
      <trkpt lat="37.5106" lon="-118.81896">
        <ele>2866.0</ele>
      </trkpt>
      <trkpt lat="37.51026" lon="-118.81882">
        <ele>2872.0</ele>
      </trkpt>
      <trkpt lat="37.50973" lon="-118.819">
        <ele>2879.0</ele>
      </trkpt>
      <trkpt lat="37.50973" lon="-118.819">
        <ele>2879.0</ele>
      </trkpt>
      <trkpt lat="37.50937" lon="-118.81913">
        <ele>2882.0</ele>
      </trkpt>
      <trkpt lat="37.50883" lon="-118.81912">
        <ele>2886.0</ele>
      </trkpt>
      <trkpt lat="37.50845" lon="-118.81934">
        <ele>2893.0</ele>
      </trkpt>
      <trkpt lat="37.50813" lon="-118.81956">
        <ele>2896.0</ele>
      </trkpt>
      <trkpt lat="37.50776" lon="-118.81969">
        <ele>2905.0</ele>
      </trkpt>
      <trkpt lat="37.50776" lon="-118.81969">
        <ele>2905.0</ele>
      </trkpt>
      <trkpt lat="37.50776" lon="-118.81969">
        <ele>2905.0</ele>
      </trkpt>
      <trkpt lat="37.50754" lon="-118.81994">
        <ele>2916.0</ele>
      </trkpt>
      <trkpt lat="37.5077" lon="-118.82001">
        <ele>2907.0</ele>
      </trkpt>
      <trkpt lat="37.50773" lon="-118.82013">
        <ele>2907.0</ele>
      </trkpt>
      <trkpt lat="37.50773" lon="-118.82013">
        <ele>2907.0</ele>
      </trkpt>
      <trkpt lat="37.50773" lon="-118.82013">
        <ele>2907.0</ele>
      </trkpt>
      <trkpt lat="37.50763" lon="-118.82037">
        <ele>2920.0</ele>
      </trkpt>
      <trkpt lat="37.50771" lon="-118.8206">
        <ele>2914.0</ele>
      </trkpt>
      <trkpt lat="37.50759" lon="-118.82068">
        <ele>2926.0</ele>
      </trkpt>
      <trkpt lat="37.50729" lon="-118.82051">
        <ele>2937.0</ele>
      </trkpt>
      <trkpt lat="37.50689" lon="-118.82036">
        <ele>2937.0</ele>
      </trkpt>
      <trkpt lat="37.50667" lon="-118.82046">
        <ele>2951.0</ele>
      </trkpt>
      <trkpt lat="37.50653" lon="-118.82057">
        <ele>2951.0</ele>
      </trkpt>
      <trkpt lat="37.50629" lon="-118.82058">
        <ele>2958.0</ele>
      </trkpt>
      <trkpt lat="37.50616" lon="-118.82066">
        <ele>2964.0</ele>
      </trkpt>
      <trkpt lat="37.50614" lon="-118.82085">
        <ele>2968.0</ele>
      </trkpt>
      <trkpt lat="37.50601" lon="-118.8209">
        <ele>2968.0</ele>
      </trkpt>
      <trkpt lat="37.50603" lon="-118.82108">
        <ele>2975.0</ele>
      </trkpt>
      <trkpt lat="37.50589" lon="-118.82114">
        <ele>2976.0</ele>
      </trkpt>
      <trkpt lat="37.50564" lon="-118.82118">
        <ele>2986.0</ele>
      </trkpt>
      <trkpt lat="37.50567" lon="-118.82137">
        <ele>2995.0</ele>
      </trkpt>
      <trkpt lat="37.50575" lon="-118.82149">
        <ele>2984.0</ele>
      </trkpt>
      <trkpt lat="37.50566" lon="-118.82154">
        <ele>3003.0</ele>
      </trkpt>
      <trkpt lat="37.5055" lon="-118.82145">
        <ele>2995.0</ele>
      </trkpt>
      <trkpt lat="37.50541" lon="-118.82151">
        <ele>3000.0</ele>
      </trkpt>
      <trkpt lat="37.5053" lon="-118.82148">
        <ele>3000.0</ele>
      </trkpt>
      <trkpt lat="37.5049" lon="-118.82185">
        <ele>3018.0</ele>
      </trkpt>
      <trkpt lat="37.50469" lon="-118.82191">
        <ele>3019.0</ele>
      </trkpt>
      <trkpt lat="37.50466" lon="-118.8221">
        <ele>3021.0</ele>
      </trkpt>
      <trkpt lat="37.50448344947371" lon="-118.8222213784868">
        <ele>3020.0</ele>
      </trkpt>
      <trkpt lat="37.50448344964336" lon="-118.8222213784868">
        <ele>3020.0</ele>
      </trkpt>
      <trkpt lat="37.50434" lon="-118.82232">
        <ele>3020.0</ele>
      </trkpt>
      <trkpt lat="37.50415" lon="-118.82237">
        <ele>3021.0</ele>
      </trkpt>
      <trkpt lat="37.50405" lon="-118.82256">
        <ele>3021.0</ele>
      </trkpt>
      <trkpt lat="37.50363" lon="-118.82291">
        <ele>3020.0</ele>
      </trkpt>
      <trkpt lat="37.50309" lon="-118.82314">
        <ele>3009.0</ele>
      </trkpt>
      <trkpt lat="37.50291" lon="-118.82329">
        <ele>3007.0</ele>
      </trkpt>
      <trkpt lat="37.50276" lon="-118.82332">
        <ele>3007.0</ele>
      </trkpt>
      <trkpt lat="37.50257" lon="-118.82346">
        <ele>3007.0</ele>
      </trkpt>
      <trkpt lat="37.5025" lon="-118.82374">
        <ele>3013.0</ele>
      </trkpt>
      <trkpt lat="37.50259" lon="-118.82388">
        <ele>3025.0</ele>
      </trkpt>
      <trkpt lat="37.50234" lon="-118.8239">
        <ele>3025.0</ele>
      </trkpt>
      <trkpt lat="37.50216" lon="-118.82396">
        <ele>3025.0</ele>
      </trkpt>
      <trkpt lat="37.50215" lon="-118.82416">
        <ele>3032.0</ele>
      </trkpt>
      <trkpt lat="37.50218" lon="-118.8245">
        <ele>3035.0</ele>
      </trkpt>
      <trkpt lat="37.50203" lon="-118.82452">
        <ele>3032.0</ele>
      </trkpt>
      <trkpt lat="37.50205" lon="-118.82466">
        <ele>3034.0</ele>
      </trkpt>
      <trkpt lat="37.50178" lon="-118.82484">
        <ele>3032.0</ele>
      </trkpt>
      <trkpt lat="37.50163" lon="-118.82511">
        <ele>3034.0</ele>
      </trkpt>
      <trkpt lat="37.50126" lon="-118.82561">
        <ele>3033.0</ele>
      </trkpt>
      <trkpt lat="37.50115" lon="-118.82596">
        <ele>3038.0</ele>
      </trkpt>
      <trkpt lat="37.50114" lon="-118.82616">
        <ele>3037.0</ele>
      </trkpt>
      <trkpt lat="37.50119" lon="-118.82632">
        <ele>3036.0</ele>
      </trkpt>
      <trkpt lat="37.50144" lon="-118.82633">
        <ele>3032.0</ele>
      </trkpt>
      <trkpt lat="37.5016" lon="-118.82652">
        <ele>3033.0</ele>
      </trkpt>
      <trkpt lat="37.5019" lon="-118.82676">
        <ele>3042.0</ele>
      </trkpt>
      <trkpt lat="37.50207" lon="-118.82668">
        <ele>3042.0</ele>
      </trkpt>
      <trkpt lat="37.50244" lon="-118.82643">
        <ele>3046.0</ele>
      </trkpt>
      <trkpt lat="37.50262" lon="-118.82647">
        <ele>3046.0</ele>
      </trkpt>
      <trkpt lat="37.50282" lon="-118.82663">
        <ele>3062.0</ele>
      </trkpt>
      <trkpt lat="37.50271" lon="-118.82683">
        <ele>3068.0</ele>
      </trkpt>
      <trkpt lat="37.50254" lon="-118.82692">
        <ele>3055.0</ele>
      </trkpt>
      <trkpt lat="37.50246" lon="-118.82702">
        <ele>3055.0</ele>
      </trkpt>
      <trkpt lat="37.50256" lon="-118.82713">
        <ele>3064.0</ele>
      </trkpt>
      <trkpt lat="37.50209" lon="-118.82753">
        <ele>3063.0</ele>
      </trkpt>
      <trkpt lat="37.50197" lon="-118.82772">
        <ele>3062.0</ele>
      </trkpt>
      <trkpt lat="37.50189" lon="-118.82805">
        <ele>3071.0</ele>
      </trkpt>
      <trkpt lat="37.50207" lon="-118.82803">
        <ele>3071.0</ele>
      </trkpt>
      <trkpt lat="37.50208" lon="-118.82812">
        <ele>3071.0</ele>
      </trkpt>
      <trkpt lat="37.50208" lon="-118.82812">
        <ele>3071.0</ele>
      </trkpt>
      <trkpt lat="37.50208" lon="-118.82827">
        <ele>3085.0</ele>
      </trkpt>
      <trkpt lat="37.50192" lon="-118.8285">
        <ele>3095.0</ele>
      </trkpt>
      <trkpt lat="37.50186" lon="-118.82875">
        <ele>3095.0</ele>
      </trkpt>
      <trkpt lat="37.50199" lon="-118.82884">
        <ele>3110.0</ele>
      </trkpt>
      <trkpt lat="37.50192" lon="-118.82889">
        <ele>3110.0</ele>
      </trkpt>
      <trkpt lat="37.50195" lon="-118.82897">
        <ele>3110.0</ele>
      </trkpt>
      <trkpt lat="37.50185" lon="-118.82907">
        <ele>3115.0</ele>
      </trkpt>
      <trkpt lat="37.50187" lon="-118.82922">
        <ele>3115.0</ele>
      </trkpt>
      <trkpt lat="37.50186" lon="-118.82936">
        <ele>3121.0</ele>
      </trkpt>
      <trkpt lat="37.5019" lon="-118.82942">
        <ele>3121.0</ele>
      </trkpt>
      <trkpt lat="37.50194" lon="-118.8296">
        <ele>3127.0</ele>
      </trkpt>
      <trkpt lat="37.50172" lon="-118.82995">
        <ele>3128.0</ele>
      </trkpt>
      <trkpt lat="37.50146" lon="-118.8299">
        <ele>3127.0</ele>
      </trkpt>
      <trkpt lat="37.50131" lon="-118.83005">
        <ele>3127.0</ele>
      </trkpt>
      <trkpt lat="37.50126" lon="-118.83015">
        <ele>3129.0</ele>
      </trkpt>
      <trkpt lat="37.50108" lon="-118.83025">
        <ele>3134.0</ele>
      </trkpt>
      <trkpt lat="37.50097" lon="-118.83058">
        <ele>3140.0</ele>
      </trkpt>
      <trkpt lat="37.50087" lon="-118.8311">
        <ele>3139.0</ele>
      </trkpt>
      <trkpt lat="37.5009" lon="-118.83123">
        <ele>3139.0</ele>
      </trkpt>
      <trkpt lat="37.50088" lon="-118.83131">
        <ele>3139.0</ele>
      </trkpt>
      <trkpt lat="37.50081" lon="-118.83139">
        <ele>3139.0</ele>
      </trkpt>
      <trkpt lat="37.50061" lon="-118.83146">
        <ele>3138.0</ele>
      </trkpt>
      <trkpt lat="37.50014" lon="-118.83136">
        <ele>3141.0</ele>
      </trkpt>
      <trkpt lat="37.49977" lon="-118.83149">
        <ele>3140.0</ele>
      </trkpt>
      <trkpt lat="37.49965" lon="-118.83158">
        <ele>3142.0</ele>
      </trkpt>
      <trkpt lat="37.49944" lon="-118.83167">
        <ele>3140.0</ele>
      </trkpt>
      <trkpt lat="37.49933" lon="-118.83176">
        <ele>3140.0</ele>
      </trkpt>
      <trkpt lat="37.49925" lon="-118.83194">
        <ele>3141.0</ele>
      </trkpt>
      <trkpt lat="37.49902" lon="-118.83222">
        <ele>3142.0</ele>
      </trkpt>
      <trkpt lat="37.49895" lon="-118.83227">
        <ele>3142.0</ele>
      </trkpt>
      <trkpt lat="37.49872" lon="-118.83218">
        <ele>3145.0</ele>
      </trkpt>
      <trkpt lat="37.4987" lon="-118.83193">
        <ele>3145.0</ele>
      </trkpt>
      <trkpt lat="37.49868392196756" lon="-118.8319139219676">
        <ele>3145.0</ele>
      </trkpt>
      <trkpt lat="37.49868392197768" lon="-118.8319139219676">
        <ele>3145.0</ele>
      </trkpt>
      <trkpt lat="37.49859" lon="-118.83182">
        <ele>3145.0</ele>
      </trkpt>
      <trkpt lat="37.49849" lon="-118.83183">
        <ele>3145.0</ele>
      </trkpt>
      <trkpt lat="37.49844" lon="-118.83175">
        <ele>3148.0</ele>
      </trkpt>
      <trkpt lat="37.49841" lon="-118.83174">
        <ele>3148.0</ele>
      </trkpt>
      <trkpt lat="37.49837" lon="-118.83183">
        <ele>3149.0</ele>
      </trkpt>
      <trkpt lat="37.49817" lon="-118.83193">
        <ele>3153.0</ele>
      </trkpt>
      <trkpt lat="37.49803" lon="-118.83204">
        <ele>3153.0</ele>
      </trkpt>
      <trkpt lat="37.4979" lon="-118.83223">
        <ele>3154.0</ele>
      </trkpt>
      <trkpt lat="37.49745" lon="-118.83255">
        <ele>3153.0</ele>
      </trkpt>
      <trkpt lat="37.49688" lon="-118.83273">
        <ele>3150.0</ele>
      </trkpt>
      <trkpt lat="37.49646" lon="-118.83302">
        <ele>3147.0</ele>
      </trkpt>
      <trkpt lat="37.49625" lon="-118.8331">
        <ele>3147.0</ele>
      </trkpt>
      <trkpt lat="37.49592" lon="-118.83316">
        <ele>3150.0</ele>
      </trkpt>
      <trkpt lat="37.49561" lon="-118.83328">
        <ele>3151.0</ele>
      </trkpt>
      <trkpt lat="37.49555" lon="-118.83327">
        <ele>3151.0</ele>
      </trkpt>
      <trkpt lat="37.4952" lon="-118.83355">
        <ele>3155.0</ele>
      </trkpt>
      <trkpt lat="37.49509" lon="-118.83352">
        <ele>3154.0</ele>
      </trkpt>
      <trkpt lat="37.49471" lon="-118.83392">
        <ele>3155.0</ele>
      </trkpt>
      <trkpt lat="37.49468" lon="-118.83412">
        <ele>3157.0</ele>
      </trkpt>
      <trkpt lat="37.49471" lon="-118.83423">
        <ele>3157.0</ele>
      </trkpt>
      <trkpt lat="37.49497" lon="-118.83454">
        <ele>3155.0</ele>
      </trkpt>
      <trkpt lat="37.49504" lon="-118.83482">
        <ele>3155.0</ele>
      </trkpt>
      <trkpt lat="37.49503" lon="-118.83493">
        <ele>3155.0</ele>
      </trkpt>
      <trkpt lat="37.49497" lon="-118.83509">
        <ele>3155.0</ele>
      </trkpt>
      <trkpt lat="37.49488" lon="-118.83521">
        <ele>3157.0</ele>
      </trkpt>
      <trkpt lat="37.49479" lon="-118.83541">
        <ele>3159.0</ele>
      </trkpt>
      <trkpt lat="37.49461" lon="-118.8363">
        <ele>3164.0</ele>
      </trkpt>
      <trkpt lat="37.49458" lon="-118.83634">
        <ele>3165.0</ele>
      </trkpt>
      <trkpt lat="37.49436" lon="-118.83654">
        <ele>3165.0</ele>
      </trkpt>
      <trkpt lat="37.49419" lon="-118.83685">
        <ele>3173.0</ele>
      </trkpt>
      <trkpt lat="37.49396" lon="-118.83714">
        <ele>3174.0</ele>
      </trkpt>
      <trkpt lat="37.4939" lon="-118.83713">
        <ele>3174.0</ele>
      </trkpt>
      <trkpt lat="37.4937" lon="-118.83685">
        <ele>3175.0</ele>
      </trkpt>
      <trkpt lat="37.49361" lon="-118.83686">
        <ele>3175.0</ele>
      </trkpt>
      <trkpt lat="37.4935" lon="-118.83693">
        <ele>3175.0</ele>
      </trkpt>
      <trkpt lat="37.4934" lon="-118.83713">
        <ele>3177.0</ele>
      </trkpt>
      <trkpt lat="37.49313" lon="-118.83734">
        <ele>3180.0</ele>
      </trkpt>
      <trkpt lat="37.49307" lon="-118.83733">
        <ele>3180.0</ele>
      </trkpt>
      <trkpt lat="37.49294" lon="-118.83723">
        <ele>3180.0</ele>
      </trkpt>
      <trkpt lat="37.49276" lon="-118.83743">
        <ele>3185.0</ele>
      </trkpt>
      <trkpt lat="37.4927" lon="-118.8374">
        <ele>3185.0</ele>
      </trkpt>
      <trkpt lat="37.49261" lon="-118.83743">
        <ele>3187.0</ele>
      </trkpt>
      <trkpt lat="37.49237" lon="-118.83764">
        <ele>3191.0</ele>
      </trkpt>
      <trkpt lat="37.49229" lon="-118.83767">
        <ele>3193.0</ele>
      </trkpt>
      <trkpt lat="37.49229" lon="-118.83767">
        <ele>3193.0</ele>
      </trkpt>
      <trkpt lat="37.49223" lon="-118.83767">
        <ele>3193.0</ele>
      </trkpt>
      <trkpt lat="37.49199" lon="-118.83786">
        <ele>3197.0</ele>
      </trkpt>
      <trkpt lat="37.49193" lon="-118.83797">
        <ele>3199.0</ele>
      </trkpt>
      <trkpt lat="37.49194" lon="-118.83814">
        <ele>3199.0</ele>
      </trkpt>
      <trkpt lat="37.49187" lon="-118.8382">
        <ele>3203.0</ele>
      </trkpt>
      <trkpt lat="37.4917" lon="-118.83828">
        <ele>3202.0</ele>
      </trkpt>
      <trkpt lat="37.49159" lon="-118.8385">
        <ele>3206.0</ele>
      </trkpt>
      <trkpt lat="37.49162" lon="-118.83854">
        <ele>3206.0</ele>
      </trkpt>
      <trkpt lat="37.49161" lon="-118.83861">
        <ele>3206.0</ele>
      </trkpt>
      <trkpt lat="37.49143" lon="-118.83888">
        <ele>3206.0</ele>
      </trkpt>
      <trkpt lat="37.49145" lon="-118.83892">
        <ele>3206.0</ele>
      </trkpt>
      <trkpt lat="37.49145" lon="-118.83902">
        <ele>3206.0</ele>
      </trkpt>
      <trkpt lat="37.49141" lon="-118.83927">
        <ele>3209.0</ele>
      </trkpt>
      <trkpt lat="37.49133" lon="-118.83937">
        <ele>3214.0</ele>
      </trkpt>
      <trkpt lat="37.49125" lon="-118.83955">
        <ele>3209.0</ele>
      </trkpt>
      <trkpt lat="37.49126" lon="-118.83961">
        <ele>3221.0</ele>
      </trkpt>
      <trkpt lat="37.49121836992276" lon="-118.8396886345903">
        <ele>3213.0</ele>
      </trkpt>
      <trkpt lat="37.49121836992276" lon="-118.8396886345903">
        <ele>3213.0</ele>
      </trkpt>
      <trkpt lat="37.49117" lon="-118.83978">
        <ele>3213.0</ele>
      </trkpt>
      <trkpt lat="37.49111" lon="-118.84012">
        <ele>3217.0</ele>
      </trkpt>
      <trkpt lat="37.491" lon="-118.84023">
        <ele>3219.0</ele>
      </trkpt>
      <trkpt lat="37.49099" lon="-118.84029">
        <ele>3219.0</ele>
      </trkpt>
      <trkpt lat="37.49103" lon="-118.84043">
        <ele>3219.0</ele>
      </trkpt>
      <trkpt lat="37.49108" lon="-118.84049">
        <ele>3219.0</ele>
      </trkpt>
      <trkpt lat="37.49113" lon="-118.84051">
        <ele>3219.0</ele>
      </trkpt>
      <trkpt lat="37.49118" lon="-118.84056">
        <ele>3219.0</ele>
      </trkpt>
      <trkpt lat="37.49127" lon="-118.84048">
        <ele>3230.0</ele>
      </trkpt>
      <trkpt lat="37.4913" lon="-118.84073">
        <ele>3230.0</ele>
      </trkpt>
      <trkpt lat="37.49147" lon="-118.8415">
        <ele>3228.0</ele>
      </trkpt>
      <trkpt lat="37.49153" lon="-118.8419">
        <ele>3252.0</ele>
      </trkpt>
      <trkpt lat="37.49152" lon="-118.84208">
        <ele>3234.0</ele>
      </trkpt>
      <trkpt lat="37.49144" lon="-118.84226">
        <ele>3243.0</ele>
      </trkpt>
      <trkpt lat="37.49133" lon="-118.84247">
        <ele>3250.0</ele>
      </trkpt>
      <trkpt lat="37.49119" lon="-118.84256">
        <ele>3237.0</ele>
      </trkpt>
      <trkpt lat="37.49113" lon="-118.84266">
        <ele>3245.0</ele>
      </trkpt>
      <trkpt lat="37.49109" lon="-118.8428">
        <ele>3245.0</ele>
      </trkpt>
      <trkpt lat="37.49109" lon="-118.843">
        <ele>3252.0</ele>
      </trkpt>
      <trkpt lat="37.49106" lon="-118.8431">
        <ele>3252.0</ele>
      </trkpt>
      <trkpt lat="37.49115" lon="-118.84338">
        <ele>3257.0</ele>
      </trkpt>
      <trkpt lat="37.49116" lon="-118.84346">
        <ele>3257.0</ele>
      </trkpt>
      <trkpt lat="37.49116" lon="-118.84346">
        <ele>3257.0</ele>
      </trkpt>
      <trkpt lat="37.49116" lon="-118.84346">
        <ele>3257.0</ele>
      </trkpt>
      <trkpt lat="37.49142" lon="-118.84387">
        <ele>3259.0</ele>
      </trkpt>
      <trkpt lat="37.49156" lon="-118.84375">
        <ele>3262.0</ele>
      </trkpt>
      <trkpt lat="37.49173" lon="-118.84386">
        <ele>3260.0</ele>
      </trkpt>
      <trkpt lat="37.49176" lon="-118.84396">
        <ele>3260.0</ele>
      </trkpt>
      <trkpt lat="37.49184" lon="-118.84399">
        <ele>3267.0</ele>
      </trkpt>
      <trkpt lat="37.49188" lon="-118.84391">
        <ele>3267.0</ele>
      </trkpt>
      <trkpt lat="37.49189" lon="-118.8437">
        <ele>3269.0</ele>
      </trkpt>
      <trkpt lat="37.49211" lon="-118.84385">
        <ele>3274.0</ele>
      </trkpt>
      <trkpt lat="37.49217" lon="-118.84399">
        <ele>3274.0</ele>
      </trkpt>
      <trkpt lat="37.49229" lon="-118.84407">
        <ele>3271.0</ele>
      </trkpt>
      <trkpt lat="37.49229" lon="-118.84407">
        <ele>3271.0</ele>
      </trkpt>
      <trkpt lat="37.49234" lon="-118.84411">
        <ele>3271.0</ele>
      </trkpt>
      <trkpt lat="37.49245" lon="-118.8441">
        <ele>3279.0</ele>
      </trkpt>
      <trkpt lat="37.49253" lon="-118.84401">
        <ele>3281.0</ele>
      </trkpt>
      <trkpt lat="37.49259" lon="-118.84412">
        <ele>3279.0</ele>
      </trkpt>
      <trkpt lat="37.49266" lon="-118.84428">
        <ele>3288.0</ele>
      </trkpt>
      <trkpt lat="37.4927" lon="-118.84459">
        <ele>3287.0</ele>
      </trkpt>
      <trkpt lat="37.4928" lon="-118.84498">
        <ele>3290.0</ele>
      </trkpt>
      <trkpt lat="37.49280758604909" lon="-118.8452910280128">
        <ele>3294.0</ele>
      </trkpt>
      <trkpt lat="37.4928075860492" lon="-118.8452910280128">
        <ele>3294.0</ele>
      </trkpt>
      <trkpt lat="37.49281" lon="-118.84539">
        <ele>3294.0</ele>
      </trkpt>
      <trkpt lat="37.49287" lon="-118.84555">
        <ele>3299.0</ele>
      </trkpt>
      <trkpt lat="37.49302" lon="-118.84569">
        <ele>3309.0</ele>
      </trkpt>
      <trkpt lat="37.49305" lon="-118.84567">
        <ele>3309.0</ele>
      </trkpt>
      <trkpt lat="37.49303" lon="-118.84557">
        <ele>3309.0</ele>
      </trkpt>
      <trkpt lat="37.49305" lon="-118.84553">
        <ele>3309.0</ele>
      </trkpt>
      <trkpt lat="37.49325" lon="-118.84577">
        <ele>3321.0</ele>
      </trkpt>
      <trkpt lat="37.49324" lon="-118.84583">
        <ele>3321.0</ele>
      </trkpt>
      <trkpt lat="37.49327" lon="-118.84595">
        <ele>3321.0</ele>
      </trkpt>
      <trkpt lat="37.49324" lon="-118.84613">
        <ele>3323.0</ele>
      </trkpt>
      <trkpt lat="37.4933" lon="-118.84642">
        <ele>3326.0</ele>
      </trkpt>
      <trkpt lat="37.49331" lon="-118.84659">
        <ele>3328.0</ele>
      </trkpt>
      <trkpt lat="37.49337" lon="-118.8466">
        <ele>3328.0</ele>
      </trkpt>
      <trkpt lat="37.49335" lon="-118.84672">
        <ele>3328.0</ele>
      </trkpt>
      <trkpt lat="37.49342" lon="-118.84672">
        <ele>3328.0</ele>
      </trkpt>
      <trkpt lat="37.49346" lon="-118.84686">
        <ele>3334.0</ele>
      </trkpt>
      <trkpt lat="37.4935" lon="-118.84692">
        <ele>3341.0</ele>
      </trkpt>
      <trkpt lat="37.49363" lon="-118.847">
        <ele>3341.0</ele>
      </trkpt>
      <trkpt lat="37.49362" lon="-118.84705">
        <ele>3341.0</ele>
      </trkpt>
      <trkpt lat="37.49353" lon="-118.84712">
        <ele>3346.0</ele>
      </trkpt>
      <trkpt lat="37.4935" lon="-118.84755">
        <ele>3352.0</ele>
      </trkpt>
      <trkpt lat="37.49307" lon="-118.84848">
        <ele>3361.0</ele>
      </trkpt>
      <trkpt lat="37.49305" lon="-118.84865">
        <ele>3361.0</ele>
      </trkpt>
      <trkpt lat="37.49301" lon="-118.84883">
        <ele>3364.0</ele>
      </trkpt>
      <trkpt lat="37.493" lon="-118.84901">
        <ele>3364.0</ele>
      </trkpt>
      <trkpt lat="37.49306" lon="-118.84916">
        <ele>3368.0</ele>
      </trkpt>
      <trkpt lat="37.49303" lon="-118.84926">
        <ele>3368.0</ele>
      </trkpt>
      <trkpt lat="37.49303" lon="-118.8494">
        <ele>3373.0</ele>
      </trkpt>
      <trkpt lat="37.493" lon="-118.84944">
        <ele>3373.0</ele>
      </trkpt>
      <trkpt lat="37.49302" lon="-118.84958">
        <ele>3373.0</ele>
      </trkpt>
      <trkpt lat="37.49312" lon="-118.84954">
        <ele>3373.0</ele>
      </trkpt>
      <trkpt lat="37.49315" lon="-118.84966">
        <ele>3375.0</ele>
      </trkpt>
      <trkpt lat="37.49322" lon="-118.84957">
        <ele>3383.0</ele>
      </trkpt>
      <trkpt lat="37.49332" lon="-118.84952">
        <ele>3383.0</ele>
      </trkpt>
      <trkpt lat="37.49336" lon="-118.84962">
        <ele>3384.0</ele>
      </trkpt>
      <trkpt lat="37.49333" lon="-118.84974">
        <ele>3384.0</ele>
      </trkpt>
      <trkpt lat="37.49345" lon="-118.84974">
        <ele>3384.0</ele>
      </trkpt>
      <trkpt lat="37.49352" lon="-118.84969">
        <ele>3397.0</ele>
      </trkpt>
      <trkpt lat="37.49355" lon="-118.84972">
        <ele>3397.0</ele>
      </trkpt>
      <trkpt lat="37.49353" lon="-118.84988">
        <ele>3393.0</ele>
      </trkpt>
      <trkpt lat="37.49345" lon="-118.8501">
        <ele>3382.0</ele>
      </trkpt>
      <trkpt lat="37.49345" lon="-118.8501">
        <ele>3382.0</ele>
      </trkpt>
      <trkpt lat="37.49344" lon="-118.85012">
        <ele>3382.0</ele>
      </trkpt>
      <trkpt lat="37.49379" lon="-118.85054">
        <ele>3392.0</ele>
      </trkpt>
      <trkpt lat="37.49405" lon="-118.85075">
        <ele>3394.0</ele>
      </trkpt>
      <trkpt lat="37.49417" lon="-118.85078">
        <ele>3394.0</ele>
      </trkpt>
      <trkpt lat="37.49437" lon="-118.85093">
        <ele>3409.0</ele>
      </trkpt>
      <trkpt lat="37.49452" lon="-118.85097">
        <ele>3409.0</ele>
      </trkpt>
      <trkpt lat="37.4946" lon="-118.85105">
        <ele>3412.0</ele>
      </trkpt>
      <trkpt lat="37.49484" lon="-118.85157">
        <ele>3394.0</ele>
      </trkpt>
      <trkpt lat="37.49494" lon="-118.85174">
        <ele>3409.0</ele>
      </trkpt>
      <trkpt lat="37.49501" lon="-118.85205">
        <ele>3400.0</ele>
      </trkpt>
      <trkpt lat="37.49512" lon="-118.85218">
        <ele>3395.0</ele>
      </trkpt>
      <trkpt lat="37.49517" lon="-118.85219">
        <ele>3407.0</ele>
      </trkpt>
      <trkpt lat="37.49515" lon="-118.85197">
        <ele>3415.0</ele>
      </trkpt>
      <trkpt lat="37.49518" lon="-118.85193">
        <ele>3415.0</ele>
      </trkpt>
      <trkpt lat="37.49533" lon="-118.85209">
        <ele>3407.0</ele>
      </trkpt>
      <trkpt lat="37.49527" lon="-118.85187">
        <ele>3415.0</ele>
      </trkpt>
      <trkpt lat="37.49529" lon="-118.85186">
        <ele>3415.0</ele>
      </trkpt>
      <trkpt lat="37.49549" lon="-118.85204">
        <ele>3433.0</ele>
      </trkpt>
      <trkpt lat="37.49581" lon="-118.85222">
        <ele>3439.0</ele>
      </trkpt>
      <trkpt lat="37.49591" lon="-118.85231">
        <ele>3439.0</ele>
      </trkpt>
      <trkpt lat="37.49604" lon="-118.85251">
        <ele>3443.0</ele>
      </trkpt>
      <trkpt lat="37.49631" lon="-118.85273">
        <ele>3450.0</ele>
      </trkpt>
      <trkpt lat="37.49632" lon="-118.85279">
        <ele>3450.0</ele>
      </trkpt>
      <trkpt lat="37.49632" lon="-118.85298">
        <ele>3444.0</ele>
      </trkpt>
      <trkpt lat="37.49624" lon="-118.85315">
        <ele>3430.0</ele>
      </trkpt>
      <trkpt lat="37.49623" lon="-118.85333">
        <ele>3428.0</ele>
      </trkpt>
      <trkpt lat="37.49625" lon="-118.85341">
        <ele>3428.0</ele>
      </trkpt>
      <trkpt lat="37.49628" lon="-118.85339">
        <ele>3440.0</ele>
      </trkpt>
      <trkpt lat="37.4963" lon="-118.85323">
        <ele>3440.0</ele>
      </trkpt>
      <trkpt lat="37.49634" lon="-118.85323">
        <ele>3440.0</ele>
      </trkpt>
      <trkpt lat="37.49633" lon="-118.85347">
        <ele>3440.0</ele>
      </trkpt>
      <trkpt lat="37.49637" lon="-118.85361">
        <ele>3440.0</ele>
      </trkpt>
      <trkpt lat="37.49639" lon="-118.85361">
        <ele>3440.0</ele>
      </trkpt>
      <trkpt lat="37.49641" lon="-118.85334">
        <ele>3440.0</ele>
      </trkpt>
      <trkpt lat="37.49645" lon="-118.85329">
        <ele>3440.0</ele>
      </trkpt>
      <trkpt lat="37.4965" lon="-118.85329">
        <ele>3440.0</ele>
      </trkpt>
      <trkpt lat="37.49654" lon="-118.85361">
        <ele>3452.0</ele>
      </trkpt>
      <trkpt lat="37.49677" lon="-118.85376">
        <ele>3448.0</ele>
      </trkpt>
      <trkpt lat="37.4968" lon="-118.85386">
        <ele>3448.0</ele>
      </trkpt>
      <trkpt lat="37.49702" lon="-118.85409">
        <ele>3455.0</ele>
      </trkpt>
      <trkpt lat="37.49727" lon="-118.85443">
        <ele>3463.0</ele>
      </trkpt>
      <trkpt lat="37.49758" lon="-118.85459">
        <ele>3473.0</ele>
      </trkpt>
      <trkpt lat="37.49775" lon="-118.85473">
        <ele>3480.0</ele>
      </trkpt>
      <trkpt lat="37.49783" lon="-118.85473">
        <ele>3480.0</ele>
      </trkpt>
      <trkpt lat="37.49801" lon="-118.85482">
        <ele>3489.0</ele>
      </trkpt>
      <trkpt lat="37.49834" lon="-118.85512">
        <ele>3493.0</ele>
      </trkpt>
      <trkpt lat="37.49861" lon="-118.85526">
        <ele>3494.0</ele>
      </trkpt>
      <trkpt lat="37.49901" lon="-118.85558">
        <ele>3497.0</ele>
      </trkpt>
      <trkpt lat="37.49929" lon="-118.85574">
        <ele>3501.0</ele>
      </trkpt>
      <trkpt lat="37.49972" lon="-118.8565">
        <ele>3510.0</ele>
      </trkpt>
      <trkpt lat="37.50005" lon="-118.85701">
        <ele>3516.0</ele>
      </trkpt>
      <trkpt lat="37.50011" lon="-118.85722">
        <ele>3517.0</ele>
      </trkpt>
      <trkpt lat="37.50017" lon="-118.85712">
        <ele>3526.0</ele>
      </trkpt>
      <trkpt lat="37.5002" lon="-118.85728">
        <ele>3526.0</ele>
      </trkpt>
      <trkpt lat="37.50024" lon="-118.85733">
        <ele>3526.0</ele>
      </trkpt>
      <trkpt lat="37.50026" lon="-118.85726">
        <ele>3526.0</ele>
      </trkpt>
      <trkpt lat="37.50045" lon="-118.8576">
        <ele>3534.0</ele>
      </trkpt>
      <trkpt lat="37.50051" lon="-118.85763">
        <ele>3534.0</ele>
      </trkpt>
      <trkpt lat="37.50053" lon="-118.85746">
        <ele>3534.0</ele>
      </trkpt>
      <trkpt lat="37.50061" lon="-118.85731">
        <ele>3537.0</ele>
      </trkpt>
      <trkpt lat="37.50068" lon="-118.85728">
        <ele>3537.0</ele>
      </trkpt>
      <trkpt lat="37.50078" lon="-118.85734">
        <ele>3549.0</ele>
      </trkpt>
      <trkpt lat="37.50083" lon="-118.85742">
        <ele>3545.0</ele>
      </trkpt>
      <trkpt lat="37.50086" lon="-118.85769">
        <ele>3542.0</ele>
      </trkpt>
      <trkpt lat="37.50099" lon="-118.85796">
        <ele>3547.0</ele>
      </trkpt>
      <trkpt lat="37.50098" lon="-118.85811">
        <ele>3547.0</ele>
      </trkpt>
      <trkpt lat="37.50114" lon="-118.85839">
        <ele>3547.0</ele>
      </trkpt>
      <trkpt lat="37.50164" lon="-118.85908">
        <ele>3569.0</ele>
      </trkpt>
      <trkpt lat="37.50165" lon="-118.85913">
        <ele>3569.0</ele>
      </trkpt>
      <trkpt lat="37.50145" lon="-118.85911">
        <ele>3570.0</ele>
      </trkpt>
      <trkpt lat="37.50152" lon="-118.85924">
        <ele>3570.0</ele>
      </trkpt>
      <trkpt lat="37.50181" lon="-118.85954">
        <ele>3574.0</ele>
      </trkpt>
      <trkpt lat="37.50149" lon="-118.8596">
        <ele>3595.0</ele>
      </trkpt>
      <trkpt lat="37.50185" lon="-118.85986">
        <ele>3585.0</ele>
      </trkpt>
      <trkpt lat="37.50161" lon="-118.85992">
        <ele>3599.0</ele>
      </trkpt>
      <trkpt lat="37.50189" lon="-118.86007">
        <ele>3595.0</ele>
      </trkpt>
      <trkpt lat="37.5022" lon="-118.86017">
        <ele>3609.0</ele>
      </trkpt>
      <trkpt lat="37.50237" lon="-118.86027">
        <ele>3611.0</ele>
      </trkpt>
      <trkpt lat="37.5023" lon="-118.8603">
        <ele>3609.0</ele>
      </trkpt>
      <trkpt lat="37.50222" lon="-118.86029">
        <ele>3609.0</ele>
      </trkpt>
      <trkpt lat="37.50213" lon="-118.86041">
        <ele>3609.0</ele>
      </trkpt>
      <trkpt lat="37.50206" lon="-118.86044">
        <ele>3621.0</ele>
      </trkpt>
      <trkpt lat="37.50181" lon="-118.86043">
        <ele>3621.0</ele>
      </trkpt>
      <trkpt lat="37.50148" lon="-118.8605">
        <ele>3622.0</ele>
      </trkpt>
      <trkpt lat="37.50145" lon="-118.86053">
        <ele>3622.0</ele>
      </trkpt>
      <trkpt lat="37.50132" lon="-118.86054">
        <ele>3622.0</ele>
      </trkpt>
      <trkpt lat="37.50117" lon="-118.86049">
        <ele>3622.0</ele>
      </trkpt>
      <trkpt lat="37.50112" lon="-118.86055">
        <ele>3622.0</ele>
      </trkpt>
      <trkpt lat="37.50112" lon="-118.86055">
        <ele>3622.0</ele>
      </trkpt>
      <trkpt lat="37.50139" lon="-118.86076">
        <ele>3623.0</ele>
      </trkpt>
      <trkpt lat="37.50147" lon="-118.86087">
        <ele>3623.0</ele>
      </trkpt>
      <trkpt lat="37.5016" lon="-118.86093">
        <ele>3629.0</ele>
      </trkpt>
      <trkpt lat="37.50172" lon="-118.86094">
        <ele>3629.0</ele>
      </trkpt>
      <trkpt lat="37.50183" lon="-118.86102">
        <ele>3644.0</ele>
      </trkpt>
      <trkpt lat="37.50197" lon="-118.86119">
        <ele>3644.0</ele>
      </trkpt>
      <trkpt lat="37.50202" lon="-118.86136">
        <ele>3647.0</ele>
      </trkpt>
      <trkpt lat="37.50214" lon="-118.86145">
        <ele>3655.0</ele>
      </trkpt>
      <trkpt lat="37.50248" lon="-118.86194">
        <ele>3665.0</ele>
      </trkpt>
      <trkpt lat="37.50376" lon="-118.8628">
        <ele>3687.0</ele>
      </trkpt>
      <trkpt lat="37.50399" lon="-118.86292">
        <ele>3689.0</ele>
      </trkpt>
      <trkpt lat="37.50455" lon="-118.86357">
        <ele>3721.0</ele>
      </trkpt>
      <trkpt lat="37.50469" lon="-118.86368">
        <ele>3734.0</ele>
      </trkpt>
      <trkpt lat="37.50482" lon="-118.86369">
        <ele>3734.0</ele>
      </trkpt>
      <trkpt lat="37.50491" lon="-118.86377">
        <ele>3746.0</ele>
      </trkpt>
      <trkpt lat="37.50501" lon="-118.86379">
        <ele>3746.0</ele>
      </trkpt>
      <trkpt lat="37.50508" lon="-118.86417">
        <ele>3753.0</ele>
      </trkpt>
      <trkpt lat="37.50519" lon="-118.86424">
        <ele>3758.0</ele>
      </trkpt>
      <trkpt lat="37.5053" lon="-118.86474">
        <ele>3774.0</ele>
      </trkpt>
      <trkpt lat="37.50539" lon="-118.86487">
        <ele>3779.0</ele>
      </trkpt>
      <trkpt lat="37.5054" lon="-118.86508">
        <ele>3779.0</ele>
      </trkpt>
      <trkpt lat="37.50552" lon="-118.86521">
        <ele>3795.0</ele>
      </trkpt>
      <trkpt lat="37.50566" lon="-118.86562">
        <ele>3800.0</ele>
      </trkpt>
      <trkpt lat="37.50597" lon="-118.86587">
        <ele>3814.0</ele>
      </trkpt>
      <trkpt lat="37.50623" lon="-118.86595">
        <ele>3823.0</ele>
      </trkpt>
      <trkpt lat="37.50634" lon="-118.86607">
        <ele>3835.0</ele>
      </trkpt>
      <trkpt lat="37.50657" lon="-118.86613">
        <ele>3845.0</ele>
      </trkpt>
      <trkpt lat="37.50672" lon="-118.86638">
        <ele>3849.0</ele>
      </trkpt>
      <trkpt lat="37.5068" lon="-118.86645">
        <ele>3849.0</ele>
      </trkpt>
      <trkpt lat="37.50703" lon="-118.86649">
        <ele>3863.0</ele>
      </trkpt>
      <trkpt lat="37.50711" lon="-118.86685">
        <ele>3879.0</ele>
      </trkpt>
      <trkpt lat="37.50718" lon="-118.86693">
        <ele>3879.0</ele>
      </trkpt>
      <trkpt lat="37.50717" lon="-118.86709">
        <ele>3896.0</ele>
      </trkpt>
      <trkpt lat="37.50746" lon="-118.86747">
        <ele>3917.0</ele>
      </trkpt>
      <trkpt lat="37.50744" lon="-118.86758">
        <ele>3917.0</ele>
      </trkpt>
      <trkpt lat="37.5075" lon="-118.86767">
        <ele>3942.0</ele>
      </trkpt>
      <trkpt lat="37.50741" lon="-118.86787">
        <ele>3942.0</ele>
      </trkpt>
      <trkpt lat="37.50749" lon="-118.86806">
        <ele>3957.0</ele>
      </trkpt>
      <trkpt lat="37.50752" lon="-118.869">
        <ele>3981.0</ele>
      </trkpt>
      <trkpt lat="37.50743186634261" lon="-118.8691850806805">
        <ele>3985.0</ele>
      </trkpt>
      <trkpt lat="37.50743186634961" lon="-118.8691850806805">
        <ele>3985.0</ele>
      </trkpt>
      <trkpt lat="37.50742172260727" lon="-118.8692063825247">
        <ele>3985.0</ele>
      </trkpt>
      <trkpt lat="37.5074217226084" lon="-118.8692063825247">
        <ele>3985.0</ele>
      </trkpt>
      <trkpt lat="37.50752" lon="-118.869">
        <ele>3981.0</ele>
      </trkpt>
      <trkpt lat="37.50750148185609" lon="-118.8684197648241">
        <ele>3974.0</ele>
      </trkpt>
      <trkpt lat="37.5075014818575" lon="-118.8684197648241">
        <ele>3974.0</ele>
      </trkpt>
      <trkpt lat="37.50749" lon="-118.86806">
        <ele>3957.0</ele>
      </trkpt>
      <trkpt lat="37.50741" lon="-118.86787">
        <ele>3942.0</ele>
      </trkpt>
      <trkpt lat="37.5075" lon="-118.86767">
        <ele>3942.0</ele>
      </trkpt>
      <trkpt lat="37.50744" lon="-118.86758">
        <ele>3917.0</ele>
      </trkpt>
      <trkpt lat="37.50746" lon="-118.86747">
        <ele>3917.0</ele>
      </trkpt>
      <trkpt lat="37.50717" lon="-118.86709">
        <ele>3896.0</ele>
      </trkpt>
      <trkpt lat="37.50718" lon="-118.86693">
        <ele>3879.0</ele>
      </trkpt>
      <trkpt lat="37.50711" lon="-118.86685">
        <ele>3879.0</ele>
      </trkpt>
      <trkpt lat="37.50703" lon="-118.86649">
        <ele>3863.0</ele>
      </trkpt>
      <trkpt lat="37.5068" lon="-118.86645">
        <ele>3849.0</ele>
      </trkpt>
      <trkpt lat="37.50672" lon="-118.86638">
        <ele>3849.0</ele>
      </trkpt>
      <trkpt lat="37.50657" lon="-118.86613">
        <ele>3845.0</ele>
      </trkpt>
      <trkpt lat="37.50634" lon="-118.86607">
        <ele>3835.0</ele>
      </trkpt>
      <trkpt lat="37.50623" lon="-118.86595">
        <ele>3823.0</ele>
      </trkpt>
      <trkpt lat="37.50597" lon="-118.86587">
        <ele>3814.0</ele>
      </trkpt>
      <trkpt lat="37.50566" lon="-118.86562">
        <ele>3800.0</ele>
      </trkpt>
      <trkpt lat="37.50552" lon="-118.86521">
        <ele>3795.0</ele>
      </trkpt>
      <trkpt lat="37.5054" lon="-118.86508">
        <ele>3779.0</ele>
      </trkpt>
      <trkpt lat="37.50539" lon="-118.86487">
        <ele>3779.0</ele>
      </trkpt>
      <trkpt lat="37.5053" lon="-118.86474">
        <ele>3774.0</ele>
      </trkpt>
      <trkpt lat="37.50519" lon="-118.86424">
        <ele>3758.0</ele>
      </trkpt>
      <trkpt lat="37.50508" lon="-118.86417">
        <ele>3753.0</ele>
      </trkpt>
      <trkpt lat="37.50501" lon="-118.86379">
        <ele>3746.0</ele>
      </trkpt>
      <trkpt lat="37.50491" lon="-118.86377">
        <ele>3746.0</ele>
      </trkpt>
      <trkpt lat="37.50482" lon="-118.86369">
        <ele>3734.0</ele>
      </trkpt>
      <trkpt lat="37.50469" lon="-118.86368">
        <ele>3734.0</ele>
      </trkpt>
      <trkpt lat="37.50455" lon="-118.86357">
        <ele>3721.0</ele>
      </trkpt>
      <trkpt lat="37.50399" lon="-118.86292">
        <ele>3689.0</ele>
      </trkpt>
      <trkpt lat="37.50376" lon="-118.8628">
        <ele>3687.0</ele>
      </trkpt>
      <trkpt lat="37.50248" lon="-118.86194">
        <ele>3665.0</ele>
      </trkpt>
      <trkpt lat="37.50214" lon="-118.86145">
        <ele>3655.0</ele>
      </trkpt>
      <trkpt lat="37.50202" lon="-118.86136">
        <ele>3647.0</ele>
      </trkpt>
      <trkpt lat="37.50197" lon="-118.86119">
        <ele>3644.0</ele>
      </trkpt>
      <trkpt lat="37.50183" lon="-118.86102">
        <ele>3644.0</ele>
      </trkpt>
      <trkpt lat="37.50172" lon="-118.86094">
        <ele>3629.0</ele>
      </trkpt>
      <trkpt lat="37.5016" lon="-118.86093">
        <ele>3629.0</ele>
      </trkpt>
      <trkpt lat="37.50147" lon="-118.86087">
        <ele>3623.0</ele>
      </trkpt>
      <trkpt lat="37.50139" lon="-118.86076">
        <ele>3623.0</ele>
      </trkpt>
      <trkpt lat="37.50112" lon="-118.86055">
        <ele>3622.0</ele>
      </trkpt>
      <trkpt lat="37.50112" lon="-118.86055">
        <ele>3622.0</ele>
      </trkpt>
      <trkpt lat="37.50117" lon="-118.86049">
        <ele>3622.0</ele>
      </trkpt>
      <trkpt lat="37.50132" lon="-118.86054">
        <ele>3622.0</ele>
      </trkpt>
      <trkpt lat="37.50145" lon="-118.86053">
        <ele>3622.0</ele>
      </trkpt>
      <trkpt lat="37.50148" lon="-118.8605">
        <ele>3622.0</ele>
      </trkpt>
      <trkpt lat="37.50181" lon="-118.86043">
        <ele>3621.0</ele>
      </trkpt>
      <trkpt lat="37.50206" lon="-118.86044">
        <ele>3621.0</ele>
      </trkpt>
      <trkpt lat="37.50213" lon="-118.86041">
        <ele>3609.0</ele>
      </trkpt>
      <trkpt lat="37.50222" lon="-118.86029">
        <ele>3609.0</ele>
      </trkpt>
      <trkpt lat="37.5023" lon="-118.8603">
        <ele>3609.0</ele>
      </trkpt>
      <trkpt lat="37.50237" lon="-118.86027">
        <ele>3611.0</ele>
      </trkpt>
      <trkpt lat="37.5022" lon="-118.86017">
        <ele>3609.0</ele>
      </trkpt>
      <trkpt lat="37.50189" lon="-118.86007">
        <ele>3595.0</ele>
      </trkpt>
      <trkpt lat="37.50161" lon="-118.85992">
        <ele>3599.0</ele>
      </trkpt>
      <trkpt lat="37.50185" lon="-118.85986">
        <ele>3585.0</ele>
      </trkpt>
      <trkpt lat="37.50149" lon="-118.8596">
        <ele>3595.0</ele>
      </trkpt>
      <trkpt lat="37.50181" lon="-118.85954">
        <ele>3574.0</ele>
      </trkpt>
      <trkpt lat="37.50152" lon="-118.85924">
        <ele>3570.0</ele>
      </trkpt>
      <trkpt lat="37.50145" lon="-118.85911">
        <ele>3570.0</ele>
      </trkpt>
      <trkpt lat="37.50165" lon="-118.85913">
        <ele>3569.0</ele>
      </trkpt>
      <trkpt lat="37.50164" lon="-118.85908">
        <ele>3569.0</ele>
      </trkpt>
      <trkpt lat="37.50114" lon="-118.85839">
        <ele>3547.0</ele>
      </trkpt>
      <trkpt lat="37.50098" lon="-118.85811">
        <ele>3547.0</ele>
      </trkpt>
      <trkpt lat="37.50099" lon="-118.85796">
        <ele>3547.0</ele>
      </trkpt>
      <trkpt lat="37.50098322543948" lon="-118.8579459297589">
        <ele>3547.0</ele>
      </trkpt>
      <trkpt lat="37.50098322544505" lon="-118.8579459297589">
        <ele>3547.0</ele>
      </trkpt>
      <trkpt lat="37.50086" lon="-118.85769">
        <ele>3542.0</ele>
      </trkpt>
      <trkpt lat="37.50083" lon="-118.85742">
        <ele>3545.0</ele>
      </trkpt>
      <trkpt lat="37.50078" lon="-118.85734">
        <ele>3549.0</ele>
      </trkpt>
      <trkpt lat="37.50068" lon="-118.85728">
        <ele>3537.0</ele>
      </trkpt>
      <trkpt lat="37.50061" lon="-118.85731">
        <ele>3537.0</ele>
      </trkpt>
      <trkpt lat="37.50053" lon="-118.85746">
        <ele>3534.0</ele>
      </trkpt>
      <trkpt lat="37.50051" lon="-118.85763">
        <ele>3534.0</ele>
      </trkpt>
      <trkpt lat="37.50045" lon="-118.8576">
        <ele>3534.0</ele>
      </trkpt>
      <trkpt lat="37.50026" lon="-118.85726">
        <ele>3526.0</ele>
      </trkpt>
      <trkpt lat="37.50024" lon="-118.85733">
        <ele>3526.0</ele>
      </trkpt>
      <trkpt lat="37.5002" lon="-118.85728">
        <ele>3526.0</ele>
      </trkpt>
      <trkpt lat="37.50017" lon="-118.85712">
        <ele>3526.0</ele>
      </trkpt>
      <trkpt lat="37.50011" lon="-118.85722">
        <ele>3517.0</ele>
      </trkpt>
      <trkpt lat="37.50005" lon="-118.85701">
        <ele>3516.0</ele>
      </trkpt>
      <trkpt lat="37.49972" lon="-118.8565">
        <ele>3510.0</ele>
      </trkpt>
      <trkpt lat="37.49929" lon="-118.85574">
        <ele>3501.0</ele>
      </trkpt>
      <trkpt lat="37.49901" lon="-118.85558">
        <ele>3497.0</ele>
      </trkpt>
      <trkpt lat="37.49861" lon="-118.85526">
        <ele>3494.0</ele>
      </trkpt>
      <trkpt lat="37.49834" lon="-118.85512">
        <ele>3493.0</ele>
      </trkpt>
      <trkpt lat="37.49801" lon="-118.85482">
        <ele>3489.0</ele>
      </trkpt>
      <trkpt lat="37.49783" lon="-118.85473">
        <ele>3480.0</ele>
      </trkpt>
      <trkpt lat="37.49775" lon="-118.85473">
        <ele>3480.0</ele>
      </trkpt>
      <trkpt lat="37.49758" lon="-118.85459">
        <ele>3473.0</ele>
      </trkpt>
      <trkpt lat="37.49727" lon="-118.85443">
        <ele>3463.0</ele>
      </trkpt>
      <trkpt lat="37.49702" lon="-118.85409">
        <ele>3455.0</ele>
      </trkpt>
      <trkpt lat="37.4968" lon="-118.85386">
        <ele>3448.0</ele>
      </trkpt>
      <trkpt lat="37.49677" lon="-118.85376">
        <ele>3448.0</ele>
      </trkpt>
      <trkpt lat="37.49654" lon="-118.85361">
        <ele>3452.0</ele>
      </trkpt>
      <trkpt lat="37.4965" lon="-118.85329">
        <ele>3440.0</ele>
      </trkpt>
      <trkpt lat="37.49645" lon="-118.85329">
        <ele>3440.0</ele>
      </trkpt>
      <trkpt lat="37.49641" lon="-118.85334">
        <ele>3440.0</ele>
      </trkpt>
      <trkpt lat="37.49639" lon="-118.85361">
        <ele>3440.0</ele>
      </trkpt>
      <trkpt lat="37.49637" lon="-118.85361">
        <ele>3440.0</ele>
      </trkpt>
      <trkpt lat="37.49633" lon="-118.85347">
        <ele>3440.0</ele>
      </trkpt>
      <trkpt lat="37.49634" lon="-118.85323">
        <ele>3440.0</ele>
      </trkpt>
      <trkpt lat="37.4963" lon="-118.85323">
        <ele>3440.0</ele>
      </trkpt>
      <trkpt lat="37.49628" lon="-118.85339">
        <ele>3440.0</ele>
      </trkpt>
      <trkpt lat="37.49625" lon="-118.85341">
        <ele>3428.0</ele>
      </trkpt>
      <trkpt lat="37.49623" lon="-118.85333">
        <ele>3428.0</ele>
      </trkpt>
      <trkpt lat="37.49624" lon="-118.85315">
        <ele>3430.0</ele>
      </trkpt>
      <trkpt lat="37.49632" lon="-118.85298">
        <ele>3444.0</ele>
      </trkpt>
      <trkpt lat="37.49632" lon="-118.85279">
        <ele>3450.0</ele>
      </trkpt>
      <trkpt lat="37.49631" lon="-118.85273">
        <ele>3450.0</ele>
      </trkpt>
      <trkpt lat="37.49604" lon="-118.85251">
        <ele>3443.0</ele>
      </trkpt>
      <trkpt lat="37.49591" lon="-118.85231">
        <ele>3439.0</ele>
      </trkpt>
      <trkpt lat="37.49581" lon="-118.85222">
        <ele>3439.0</ele>
      </trkpt>
      <trkpt lat="37.49549" lon="-118.85204">
        <ele>3433.0</ele>
      </trkpt>
      <trkpt lat="37.49529" lon="-118.85186">
        <ele>3415.0</ele>
      </trkpt>
      <trkpt lat="37.49527" lon="-118.85187">
        <ele>3415.0</ele>
      </trkpt>
      <trkpt lat="37.49533" lon="-118.85209">
        <ele>3407.0</ele>
      </trkpt>
      <trkpt lat="37.49518" lon="-118.85193">
        <ele>3415.0</ele>
      </trkpt>
      <trkpt lat="37.49515" lon="-118.85197">
        <ele>3415.0</ele>
      </trkpt>
      <trkpt lat="37.49517" lon="-118.85219">
        <ele>3407.0</ele>
      </trkpt>
      <trkpt lat="37.49512" lon="-118.85218">
        <ele>3395.0</ele>
      </trkpt>
      <trkpt lat="37.49501" lon="-118.85205">
        <ele>3400.0</ele>
      </trkpt>
      <trkpt lat="37.49494" lon="-118.85174">
        <ele>3409.0</ele>
      </trkpt>
      <trkpt lat="37.49484" lon="-118.85157">
        <ele>3394.0</ele>
      </trkpt>
      <trkpt lat="37.4946" lon="-118.85105">
        <ele>3412.0</ele>
      </trkpt>
      <trkpt lat="37.49452" lon="-118.85097">
        <ele>3409.0</ele>
      </trkpt>
      <trkpt lat="37.49437" lon="-118.85093">
        <ele>3409.0</ele>
      </trkpt>
      <trkpt lat="37.49417" lon="-118.85078">
        <ele>3394.0</ele>
      </trkpt>
      <trkpt lat="37.49405" lon="-118.85075">
        <ele>3394.0</ele>
      </trkpt>
      <trkpt lat="37.49379" lon="-118.85054">
        <ele>3392.0</ele>
      </trkpt>
      <trkpt lat="37.49344" lon="-118.85012">
        <ele>3382.0</ele>
      </trkpt>
      <trkpt lat="37.49345" lon="-118.8501">
        <ele>3382.0</ele>
      </trkpt>
      <trkpt lat="37.49345" lon="-118.8501">
        <ele>3382.0</ele>
      </trkpt>
      <trkpt lat="37.49353" lon="-118.84988">
        <ele>3393.0</ele>
      </trkpt>
      <trkpt lat="37.49355" lon="-118.84972">
        <ele>3397.0</ele>
      </trkpt>
      <trkpt lat="37.49352" lon="-118.84969">
        <ele>3397.0</ele>
      </trkpt>
      <trkpt lat="37.49345" lon="-118.84974">
        <ele>3384.0</ele>
      </trkpt>
      <trkpt lat="37.49333" lon="-118.84974">
        <ele>3384.0</ele>
      </trkpt>
      <trkpt lat="37.49336" lon="-118.84962">
        <ele>3384.0</ele>
      </trkpt>
      <trkpt lat="37.49332" lon="-118.84952">
        <ele>3383.0</ele>
      </trkpt>
      <trkpt lat="37.49322" lon="-118.84957">
        <ele>3383.0</ele>
      </trkpt>
      <trkpt lat="37.49315" lon="-118.84966">
        <ele>3375.0</ele>
      </trkpt>
      <trkpt lat="37.49312" lon="-118.84954">
        <ele>3373.0</ele>
      </trkpt>
      <trkpt lat="37.49302" lon="-118.84958">
        <ele>3373.0</ele>
      </trkpt>
      <trkpt lat="37.493" lon="-118.84944">
        <ele>3373.0</ele>
      </trkpt>
      <trkpt lat="37.49303" lon="-118.8494">
        <ele>3373.0</ele>
      </trkpt>
      <trkpt lat="37.49303" lon="-118.84926">
        <ele>3368.0</ele>
      </trkpt>
      <trkpt lat="37.49306" lon="-118.84916">
        <ele>3368.0</ele>
      </trkpt>
      <trkpt lat="37.493" lon="-118.84901">
        <ele>3364.0</ele>
      </trkpt>
      <trkpt lat="37.49301" lon="-118.84883">
        <ele>3364.0</ele>
      </trkpt>
      <trkpt lat="37.49305" lon="-118.84865">
        <ele>3361.0</ele>
      </trkpt>
      <trkpt lat="37.49307" lon="-118.84848">
        <ele>3361.0</ele>
      </trkpt>
      <trkpt lat="37.4935" lon="-118.84755">
        <ele>3352.0</ele>
      </trkpt>
      <trkpt lat="37.49353" lon="-118.84712">
        <ele>3346.0</ele>
      </trkpt>
      <trkpt lat="37.49362" lon="-118.84705">
        <ele>3341.0</ele>
      </trkpt>
      <trkpt lat="37.49363" lon="-118.847">
        <ele>3341.0</ele>
      </trkpt>
      <trkpt lat="37.4935" lon="-118.84692">
        <ele>3341.0</ele>
      </trkpt>
      <trkpt lat="37.49346" lon="-118.84686">
        <ele>3334.0</ele>
      </trkpt>
      <trkpt lat="37.49342" lon="-118.84672">
        <ele>3328.0</ele>
      </trkpt>
      <trkpt lat="37.49335" lon="-118.84672">
        <ele>3328.0</ele>
      </trkpt>
      <trkpt lat="37.49337" lon="-118.8466">
        <ele>3328.0</ele>
      </trkpt>
      <trkpt lat="37.49331" lon="-118.84659">
        <ele>3328.0</ele>
      </trkpt>
      <trkpt lat="37.4933" lon="-118.84642">
        <ele>3326.0</ele>
      </trkpt>
      <trkpt lat="37.49324" lon="-118.84613">
        <ele>3323.0</ele>
      </trkpt>
      <trkpt lat="37.49327" lon="-118.84595">
        <ele>3321.0</ele>
      </trkpt>
      <trkpt lat="37.49324" lon="-118.84583">
        <ele>3321.0</ele>
      </trkpt>
      <trkpt lat="37.49325" lon="-118.84577">
        <ele>3321.0</ele>
      </trkpt>
      <trkpt lat="37.49305" lon="-118.84553">
        <ele>3309.0</ele>
      </trkpt>
      <trkpt lat="37.49303" lon="-118.84557">
        <ele>3309.0</ele>
      </trkpt>
      <trkpt lat="37.49305" lon="-118.84567">
        <ele>3309.0</ele>
      </trkpt>
      <trkpt lat="37.49302" lon="-118.84569">
        <ele>3309.0</ele>
      </trkpt>
      <trkpt lat="37.49287" lon="-118.84555">
        <ele>3299.0</ele>
      </trkpt>
      <trkpt lat="37.49281" lon="-118.84539">
        <ele>3294.0</ele>
      </trkpt>
      <trkpt lat="37.4928" lon="-118.84498">
        <ele>3290.0</ele>
      </trkpt>
      <trkpt lat="37.4927" lon="-118.84459">
        <ele>3287.0</ele>
      </trkpt>
      <trkpt lat="37.49266" lon="-118.84428">
        <ele>3288.0</ele>
      </trkpt>
      <trkpt lat="37.49259" lon="-118.84412">
        <ele>3279.0</ele>
      </trkpt>
      <trkpt lat="37.49253" lon="-118.84401">
        <ele>3281.0</ele>
      </trkpt>
      <trkpt lat="37.49245" lon="-118.8441">
        <ele>3279.0</ele>
      </trkpt>
      <trkpt lat="37.49234" lon="-118.84411">
        <ele>3271.0</ele>
      </trkpt>
      <trkpt lat="37.49229" lon="-118.84407">
        <ele>3271.0</ele>
      </trkpt>
      <trkpt lat="37.49229" lon="-118.84407">
        <ele>3271.0</ele>
      </trkpt>
      <trkpt lat="37.49217" lon="-118.84399">
        <ele>3274.0</ele>
      </trkpt>
      <trkpt lat="37.49211" lon="-118.84385">
        <ele>3274.0</ele>
      </trkpt>
      <trkpt lat="37.49189" lon="-118.8437">
        <ele>3269.0</ele>
      </trkpt>
      <trkpt lat="37.49188" lon="-118.84391">
        <ele>3267.0</ele>
      </trkpt>
      <trkpt lat="37.49184" lon="-118.84399">
        <ele>3267.0</ele>
      </trkpt>
      <trkpt lat="37.49176" lon="-118.84396">
        <ele>3260.0</ele>
      </trkpt>
      <trkpt lat="37.49173" lon="-118.84386">
        <ele>3260.0</ele>
      </trkpt>
      <trkpt lat="37.49156" lon="-118.84375">
        <ele>3262.0</ele>
      </trkpt>
      <trkpt lat="37.49142" lon="-118.84387">
        <ele>3259.0</ele>
      </trkpt>
      <trkpt lat="37.49116" lon="-118.84346">
        <ele>3257.0</ele>
      </trkpt>
      <trkpt lat="37.49116" lon="-118.84346">
        <ele>3257.0</ele>
      </trkpt>
      <trkpt lat="37.49116" lon="-118.84346">
        <ele>3257.0</ele>
      </trkpt>
      <trkpt lat="37.49115" lon="-118.84338">
        <ele>3257.0</ele>
      </trkpt>
      <trkpt lat="37.49106" lon="-118.8431">
        <ele>3252.0</ele>
      </trkpt>
      <trkpt lat="37.49109" lon="-118.843">
        <ele>3252.0</ele>
      </trkpt>
      <trkpt lat="37.49109" lon="-118.8428">
        <ele>3245.0</ele>
      </trkpt>
      <trkpt lat="37.49113" lon="-118.84266">
        <ele>3245.0</ele>
      </trkpt>
      <trkpt lat="37.49119" lon="-118.84256">
        <ele>3237.0</ele>
      </trkpt>
      <trkpt lat="37.49133" lon="-118.84247">
        <ele>3250.0</ele>
      </trkpt>
      <trkpt lat="37.49144" lon="-118.84226">
        <ele>3243.0</ele>
      </trkpt>
      <trkpt lat="37.49152" lon="-118.84208">
        <ele>3234.0</ele>
      </trkpt>
      <trkpt lat="37.49153" lon="-118.8419">
        <ele>3252.0</ele>
      </trkpt>
      <trkpt lat="37.49147" lon="-118.8415">
        <ele>3228.0</ele>
      </trkpt>
      <trkpt lat="37.4913" lon="-118.84073">
        <ele>3230.0</ele>
      </trkpt>
      <trkpt lat="37.49127" lon="-118.84048">
        <ele>3230.0</ele>
      </trkpt>
      <trkpt lat="37.49118" lon="-118.84056">
        <ele>3219.0</ele>
      </trkpt>
      <trkpt lat="37.49113" lon="-118.84051">
        <ele>3219.0</ele>
      </trkpt>
      <trkpt lat="37.49108" lon="-118.84049">
        <ele>3219.0</ele>
      </trkpt>
      <trkpt lat="37.49103" lon="-118.84043">
        <ele>3219.0</ele>
      </trkpt>
      <trkpt lat="37.49099" lon="-118.84029">
        <ele>3219.0</ele>
      </trkpt>
      <trkpt lat="37.491" lon="-118.84023">
        <ele>3219.0</ele>
      </trkpt>
      <trkpt lat="37.49111" lon="-118.84012">
        <ele>3217.0</ele>
      </trkpt>
      <trkpt lat="37.49117" lon="-118.83978">
        <ele>3213.0</ele>
      </trkpt>
      <trkpt lat="37.49121836992276" lon="-118.8396886345903">
        <ele>3213.0</ele>
      </trkpt>
      <trkpt lat="37.49121836992276" lon="-118.8396886345903">
        <ele>3213.0</ele>
      </trkpt>
      <trkpt lat="37.49126" lon="-118.83961">
        <ele>3221.0</ele>
      </trkpt>
      <trkpt lat="37.49125" lon="-118.83955">
        <ele>3209.0</ele>
      </trkpt>
      <trkpt lat="37.49133" lon="-118.83937">
        <ele>3214.0</ele>
      </trkpt>
      <trkpt lat="37.49141" lon="-118.83927">
        <ele>3209.0</ele>
      </trkpt>
      <trkpt lat="37.49145" lon="-118.83902">
        <ele>3206.0</ele>
      </trkpt>
      <trkpt lat="37.49145" lon="-118.83892">
        <ele>3206.0</ele>
      </trkpt>
      <trkpt lat="37.49143" lon="-118.83888">
        <ele>3206.0</ele>
      </trkpt>
      <trkpt lat="37.49161" lon="-118.83861">
        <ele>3206.0</ele>
      </trkpt>
      <trkpt lat="37.49162" lon="-118.83854">
        <ele>3206.0</ele>
      </trkpt>
      <trkpt lat="37.49159" lon="-118.8385">
        <ele>3206.0</ele>
      </trkpt>
      <trkpt lat="37.4917" lon="-118.83828">
        <ele>3202.0</ele>
      </trkpt>
      <trkpt lat="37.49187" lon="-118.8382">
        <ele>3203.0</ele>
      </trkpt>
      <trkpt lat="37.49194" lon="-118.83814">
        <ele>3199.0</ele>
      </trkpt>
      <trkpt lat="37.49193" lon="-118.83797">
        <ele>3199.0</ele>
      </trkpt>
      <trkpt lat="37.49199" lon="-118.83786">
        <ele>3197.0</ele>
      </trkpt>
      <trkpt lat="37.49223" lon="-118.83767">
        <ele>3193.0</ele>
      </trkpt>
      <trkpt lat="37.49229" lon="-118.83767">
        <ele>3193.0</ele>
      </trkpt>
      <trkpt lat="37.49229" lon="-118.83767">
        <ele>3193.0</ele>
      </trkpt>
      <trkpt lat="37.49237" lon="-118.83764">
        <ele>3191.0</ele>
      </trkpt>
      <trkpt lat="37.49261" lon="-118.83743">
        <ele>3187.0</ele>
      </trkpt>
      <trkpt lat="37.4927" lon="-118.8374">
        <ele>3185.0</ele>
      </trkpt>
      <trkpt lat="37.49276" lon="-118.83743">
        <ele>3185.0</ele>
      </trkpt>
      <trkpt lat="37.49294" lon="-118.83723">
        <ele>3180.0</ele>
      </trkpt>
      <trkpt lat="37.49307" lon="-118.83733">
        <ele>3180.0</ele>
      </trkpt>
      <trkpt lat="37.49313" lon="-118.83734">
        <ele>3180.0</ele>
      </trkpt>
      <trkpt lat="37.4934" lon="-118.83713">
        <ele>3177.0</ele>
      </trkpt>
      <trkpt lat="37.4935" lon="-118.83693">
        <ele>3175.0</ele>
      </trkpt>
      <trkpt lat="37.49361" lon="-118.83686">
        <ele>3175.0</ele>
      </trkpt>
      <trkpt lat="37.4937" lon="-118.83685">
        <ele>3175.0</ele>
      </trkpt>
      <trkpt lat="37.4939" lon="-118.83713">
        <ele>3174.0</ele>
      </trkpt>
      <trkpt lat="37.49396" lon="-118.83714">
        <ele>3174.0</ele>
      </trkpt>
      <trkpt lat="37.49419" lon="-118.83685">
        <ele>3173.0</ele>
      </trkpt>
      <trkpt lat="37.49436" lon="-118.83654">
        <ele>3165.0</ele>
      </trkpt>
      <trkpt lat="37.49458" lon="-118.83634">
        <ele>3165.0</ele>
      </trkpt>
      <trkpt lat="37.49461" lon="-118.8363">
        <ele>3164.0</ele>
      </trkpt>
      <trkpt lat="37.49479" lon="-118.83541">
        <ele>3159.0</ele>
      </trkpt>
      <trkpt lat="37.49488" lon="-118.83521">
        <ele>3157.0</ele>
      </trkpt>
      <trkpt lat="37.49497" lon="-118.83509">
        <ele>3155.0</ele>
      </trkpt>
      <trkpt lat="37.49503" lon="-118.83493">
        <ele>3155.0</ele>
      </trkpt>
      <trkpt lat="37.49504" lon="-118.83482">
        <ele>3155.0</ele>
      </trkpt>
      <trkpt lat="37.49497" lon="-118.83454">
        <ele>3155.0</ele>
      </trkpt>
      <trkpt lat="37.49471" lon="-118.83423">
        <ele>3157.0</ele>
      </trkpt>
      <trkpt lat="37.49468" lon="-118.83412">
        <ele>3157.0</ele>
      </trkpt>
      <trkpt lat="37.49471" lon="-118.83392">
        <ele>3155.0</ele>
      </trkpt>
      <trkpt lat="37.49509" lon="-118.83352">
        <ele>3154.0</ele>
      </trkpt>
      <trkpt lat="37.4952" lon="-118.83355">
        <ele>3155.0</ele>
      </trkpt>
      <trkpt lat="37.49555" lon="-118.83327">
        <ele>3151.0</ele>
      </trkpt>
      <trkpt lat="37.49561" lon="-118.83328">
        <ele>3151.0</ele>
      </trkpt>
      <trkpt lat="37.49592" lon="-118.83316">
        <ele>3150.0</ele>
      </trkpt>
      <trkpt lat="37.49625" lon="-118.8331">
        <ele>3147.0</ele>
      </trkpt>
      <trkpt lat="37.49646" lon="-118.83302">
        <ele>3147.0</ele>
      </trkpt>
      <trkpt lat="37.49688" lon="-118.83273">
        <ele>3150.0</ele>
      </trkpt>
      <trkpt lat="37.49745" lon="-118.83255">
        <ele>3153.0</ele>
      </trkpt>
      <trkpt lat="37.4979" lon="-118.83223">
        <ele>3154.0</ele>
      </trkpt>
      <trkpt lat="37.49803" lon="-118.83204">
        <ele>3153.0</ele>
      </trkpt>
      <trkpt lat="37.49817" lon="-118.83193">
        <ele>3153.0</ele>
      </trkpt>
      <trkpt lat="37.49837" lon="-118.83183">
        <ele>3149.0</ele>
      </trkpt>
      <trkpt lat="37.49841" lon="-118.83174">
        <ele>3148.0</ele>
      </trkpt>
      <trkpt lat="37.49844" lon="-118.83175">
        <ele>3148.0</ele>
      </trkpt>
      <trkpt lat="37.49849" lon="-118.83183">
        <ele>3145.0</ele>
      </trkpt>
      <trkpt lat="37.49859" lon="-118.83182">
        <ele>3145.0</ele>
      </trkpt>
      <trkpt lat="37.4987" lon="-118.83193">
        <ele>3145.0</ele>
      </trkpt>
      <trkpt lat="37.49872" lon="-118.83218">
        <ele>3145.0</ele>
      </trkpt>
      <trkpt lat="37.49895" lon="-118.83227">
        <ele>3142.0</ele>
      </trkpt>
      <trkpt lat="37.49902" lon="-118.83222">
        <ele>3142.0</ele>
      </trkpt>
      <trkpt lat="37.49925" lon="-118.83194">
        <ele>3141.0</ele>
      </trkpt>
      <trkpt lat="37.49933" lon="-118.83176">
        <ele>3140.0</ele>
      </trkpt>
      <trkpt lat="37.49944" lon="-118.83167">
        <ele>3140.0</ele>
      </trkpt>
      <trkpt lat="37.49965" lon="-118.83158">
        <ele>3142.0</ele>
      </trkpt>
      <trkpt lat="37.49977" lon="-118.83149">
        <ele>3140.0</ele>
      </trkpt>
      <trkpt lat="37.49988647225965" lon="-118.8314490773142">
        <ele>3140.0</ele>
      </trkpt>
      <trkpt lat="37.49988647245737" lon="-118.8314490773142">
        <ele>3140.0</ele>
      </trkpt>
      <trkpt lat="37.50014" lon="-118.83136">
        <ele>3141.0</ele>
      </trkpt>
      <trkpt lat="37.50061" lon="-118.83146">
        <ele>3138.0</ele>
      </trkpt>
      <trkpt lat="37.50081" lon="-118.83139">
        <ele>3139.0</ele>
      </trkpt>
      <trkpt lat="37.50088" lon="-118.83131">
        <ele>3139.0</ele>
      </trkpt>
      <trkpt lat="37.5009" lon="-118.83123">
        <ele>3139.0</ele>
      </trkpt>
      <trkpt lat="37.50087" lon="-118.8311">
        <ele>3139.0</ele>
      </trkpt>
      <trkpt lat="37.50097" lon="-118.83058">
        <ele>3140.0</ele>
      </trkpt>
      <trkpt lat="37.50108" lon="-118.83025">
        <ele>3134.0</ele>
      </trkpt>
      <trkpt lat="37.50126" lon="-118.83015">
        <ele>3129.0</ele>
      </trkpt>
      <trkpt lat="37.50131" lon="-118.83005">
        <ele>3127.0</ele>
      </trkpt>
      <trkpt lat="37.50146" lon="-118.8299">
        <ele>3127.0</ele>
      </trkpt>
      <trkpt lat="37.50172" lon="-118.82995">
        <ele>3128.0</ele>
      </trkpt>
      <trkpt lat="37.50194" lon="-118.8296">
        <ele>3127.0</ele>
      </trkpt>
      <trkpt lat="37.5019" lon="-118.82942">
        <ele>3121.0</ele>
      </trkpt>
      <trkpt lat="37.50186" lon="-118.82936">
        <ele>3121.0</ele>
      </trkpt>
      <trkpt lat="37.50187" lon="-118.82922">
        <ele>3115.0</ele>
      </trkpt>
      <trkpt lat="37.50185" lon="-118.82907">
        <ele>3115.0</ele>
      </trkpt>
      <trkpt lat="37.50195" lon="-118.82897">
        <ele>3110.0</ele>
      </trkpt>
      <trkpt lat="37.50192" lon="-118.82889">
        <ele>3110.0</ele>
      </trkpt>
      <trkpt lat="37.50199" lon="-118.82884">
        <ele>3110.0</ele>
      </trkpt>
      <trkpt lat="37.50186" lon="-118.82875">
        <ele>3095.0</ele>
      </trkpt>
      <trkpt lat="37.50192" lon="-118.8285">
        <ele>3095.0</ele>
      </trkpt>
      <trkpt lat="37.50208" lon="-118.82827">
        <ele>3085.0</ele>
      </trkpt>
      <trkpt lat="37.50208" lon="-118.82812">
        <ele>3071.0</ele>
      </trkpt>
      <trkpt lat="37.50208" lon="-118.82812">
        <ele>3071.0</ele>
      </trkpt>
      <trkpt lat="37.50207" lon="-118.82803">
        <ele>3071.0</ele>
      </trkpt>
      <trkpt lat="37.50189" lon="-118.82805">
        <ele>3071.0</ele>
      </trkpt>
      <trkpt lat="37.50197" lon="-118.82772">
        <ele>3062.0</ele>
      </trkpt>
      <trkpt lat="37.50209" lon="-118.82753">
        <ele>3063.0</ele>
      </trkpt>
      <trkpt lat="37.50256" lon="-118.82713">
        <ele>3064.0</ele>
      </trkpt>
      <trkpt lat="37.50246" lon="-118.82702">
        <ele>3055.0</ele>
      </trkpt>
      <trkpt lat="37.50254" lon="-118.82692">
        <ele>3055.0</ele>
      </trkpt>
      <trkpt lat="37.50271" lon="-118.82683">
        <ele>3068.0</ele>
      </trkpt>
      <trkpt lat="37.50282" lon="-118.82663">
        <ele>3062.0</ele>
      </trkpt>
      <trkpt lat="37.50262" lon="-118.82647">
        <ele>3046.0</ele>
      </trkpt>
      <trkpt lat="37.50244" lon="-118.82643">
        <ele>3046.0</ele>
      </trkpt>
      <trkpt lat="37.50207" lon="-118.82668">
        <ele>3042.0</ele>
      </trkpt>
      <trkpt lat="37.5019" lon="-118.82676">
        <ele>3042.0</ele>
      </trkpt>
      <trkpt lat="37.5016" lon="-118.82652">
        <ele>3033.0</ele>
      </trkpt>
      <trkpt lat="37.50144" lon="-118.82633">
        <ele>3032.0</ele>
      </trkpt>
      <trkpt lat="37.50119" lon="-118.82632">
        <ele>3036.0</ele>
      </trkpt>
      <trkpt lat="37.50114" lon="-118.82616">
        <ele>3037.0</ele>
      </trkpt>
      <trkpt lat="37.50115" lon="-118.82596">
        <ele>3038.0</ele>
      </trkpt>
      <trkpt lat="37.50126" lon="-118.82561">
        <ele>3033.0</ele>
      </trkpt>
      <trkpt lat="37.50163" lon="-118.82511">
        <ele>3034.0</ele>
      </trkpt>
      <trkpt lat="37.50178" lon="-118.82484">
        <ele>3032.0</ele>
      </trkpt>
      <trkpt lat="37.50205" lon="-118.82466">
        <ele>3034.0</ele>
      </trkpt>
      <trkpt lat="37.50203" lon="-118.82452">
        <ele>3032.0</ele>
      </trkpt>
      <trkpt lat="37.50218" lon="-118.8245">
        <ele>3035.0</ele>
      </trkpt>
      <trkpt lat="37.50215" lon="-118.82416">
        <ele>3032.0</ele>
      </trkpt>
      <trkpt lat="37.50216" lon="-118.82396">
        <ele>3025.0</ele>
      </trkpt>
      <trkpt lat="37.50234" lon="-118.8239">
        <ele>3025.0</ele>
      </trkpt>
      <trkpt lat="37.50259" lon="-118.82388">
        <ele>3025.0</ele>
      </trkpt>
      <trkpt lat="37.5025" lon="-118.82374">
        <ele>3013.0</ele>
      </trkpt>
      <trkpt lat="37.50257" lon="-118.82346">
        <ele>3007.0</ele>
      </trkpt>
      <trkpt lat="37.50276" lon="-118.82332">
        <ele>3007.0</ele>
      </trkpt>
      <trkpt lat="37.50291" lon="-118.82329">
        <ele>3007.0</ele>
      </trkpt>
      <trkpt lat="37.50309" lon="-118.82314">
        <ele>3009.0</ele>
      </trkpt>
      <trkpt lat="37.50363" lon="-118.82291">
        <ele>3020.0</ele>
      </trkpt>
      <trkpt lat="37.50405" lon="-118.82256">
        <ele>3021.0</ele>
      </trkpt>
      <trkpt lat="37.50415" lon="-118.82237">
        <ele>3021.0</ele>
      </trkpt>
      <trkpt lat="37.50434" lon="-118.82232">
        <ele>3020.0</ele>
      </trkpt>
      <trkpt lat="37.50466" lon="-118.8221">
        <ele>3021.0</ele>
      </trkpt>
      <trkpt lat="37.50469" lon="-118.82191">
        <ele>3019.0</ele>
      </trkpt>
      <trkpt lat="37.5049" lon="-118.82185">
        <ele>3018.0</ele>
      </trkpt>
      <trkpt lat="37.5053" lon="-118.82148">
        <ele>3000.0</ele>
      </trkpt>
      <trkpt lat="37.50541" lon="-118.82151">
        <ele>3000.0</ele>
      </trkpt>
      <trkpt lat="37.5055" lon="-118.82145">
        <ele>2995.0</ele>
      </trkpt>
      <trkpt lat="37.50566" lon="-118.82154">
        <ele>3003.0</ele>
      </trkpt>
      <trkpt lat="37.50575" lon="-118.82149">
        <ele>2984.0</ele>
      </trkpt>
      <trkpt lat="37.50567" lon="-118.82137">
        <ele>2995.0</ele>
      </trkpt>
      <trkpt lat="37.50564" lon="-118.82118">
        <ele>2986.0</ele>
      </trkpt>
      <trkpt lat="37.50589" lon="-118.82114">
        <ele>2976.0</ele>
      </trkpt>
      <trkpt lat="37.50603" lon="-118.82108">
        <ele>2975.0</ele>
      </trkpt>
      <trkpt lat="37.50601" lon="-118.8209">
        <ele>2968.0</ele>
      </trkpt>
      <trkpt lat="37.50614" lon="-118.82085">
        <ele>2968.0</ele>
      </trkpt>
      <trkpt lat="37.50616" lon="-118.82066">
        <ele>2964.0</ele>
      </trkpt>
      <trkpt lat="37.50629" lon="-118.82058">
        <ele>2958.0</ele>
      </trkpt>
      <trkpt lat="37.50653" lon="-118.82057">
        <ele>2951.0</ele>
      </trkpt>
      <trkpt lat="37.50667" lon="-118.82046">
        <ele>2951.0</ele>
      </trkpt>
      <trkpt lat="37.50689" lon="-118.82036">
        <ele>2937.0</ele>
      </trkpt>
      <trkpt lat="37.50729" lon="-118.82051">
        <ele>2937.0</ele>
      </trkpt>
      <trkpt lat="37.50759" lon="-118.82068">
        <ele>2926.0</ele>
      </trkpt>
      <trkpt lat="37.50771" lon="-118.8206">
        <ele>2914.0</ele>
      </trkpt>
      <trkpt lat="37.50763" lon="-118.82037">
        <ele>2920.0</ele>
      </trkpt>
      <trkpt lat="37.50773" lon="-118.82013">
        <ele>2907.0</ele>
      </trkpt>
      <trkpt lat="37.50773" lon="-118.82013">
        <ele>2907.0</ele>
      </trkpt>
      <trkpt lat="37.50773" lon="-118.82013">
        <ele>2907.0</ele>
      </trkpt>
      <trkpt lat="37.5077" lon="-118.82001">
        <ele>2907.0</ele>
      </trkpt>
      <trkpt lat="37.50754" lon="-118.81994">
        <ele>2916.0</ele>
      </trkpt>
      <trkpt lat="37.50776" lon="-118.81969">
        <ele>2905.0</ele>
      </trkpt>
      <trkpt lat="37.50776" lon="-118.81969">
        <ele>2905.0</ele>
      </trkpt>
      <trkpt lat="37.50776" lon="-118.81969">
        <ele>2905.0</ele>
      </trkpt>
      <trkpt lat="37.50813" lon="-118.81956">
        <ele>2896.0</ele>
      </trkpt>
      <trkpt lat="37.50845" lon="-118.81934">
        <ele>2893.0</ele>
      </trkpt>
      <trkpt lat="37.50883" lon="-118.81912">
        <ele>2886.0</ele>
      </trkpt>
      <trkpt lat="37.50937" lon="-118.81913">
        <ele>2882.0</ele>
      </trkpt>
      <trkpt lat="37.50973" lon="-118.819">
        <ele>2879.0</ele>
      </trkpt>
      <trkpt lat="37.50973" lon="-118.819">
        <ele>2879.0</ele>
      </trkpt>
      <trkpt lat="37.51026" lon="-118.81882">
        <ele>2872.0</ele>
      </trkpt>
      <trkpt lat="37.5106" lon="-118.81896">
        <ele>2866.0</ele>
      </trkpt>
      <trkpt lat="37.5108" lon="-118.81895">
        <ele>2863.0</ele>
      </trkpt>
      <trkpt lat="37.5110111981982" lon="-118.8189895996622">
        <ele>2864.0</ele>
      </trkpt>
      <trkpt lat="37.51101119880488" lon="-118.8189895996622">
        <ele>2864.0</ele>
      </trkpt>
      <trkpt lat="37.51144" lon="-118.81907">
        <ele>2865.0</ele>
      </trkpt>
      <trkpt lat="37.51184" lon="-118.81921">
        <ele>2864.0</ele>
      </trkpt>
      <trkpt lat="37.51219" lon="-118.81895">
        <ele>2861.0</ele>
      </trkpt>
      <trkpt lat="37.51242" lon="-118.81892">
        <ele>2857.0</ele>
      </trkpt>
      <trkpt lat="37.51253" lon="-118.8191">
        <ele>2859.0</ele>
      </trkpt>
      <trkpt lat="37.51284" lon="-118.81913">
        <ele>2855.0</ele>
      </trkpt>
      <trkpt lat="37.51321" lon="-118.8194">
        <ele>2853.0</ele>
      </trkpt>
      <trkpt lat="37.51331" lon="-118.81931">
        <ele>2853.0</ele>
      </trkpt>
      <trkpt lat="37.51338" lon="-118.81919">
        <ele>2850.0</ele>
      </trkpt>
      <trkpt lat="37.51375" lon="-118.81929">
        <ele>2850.0</ele>
      </trkpt>
      <trkpt lat="37.51396" lon="-118.81958">
        <ele>2854.0</ele>
      </trkpt>
      <trkpt lat="37.5142" lon="-118.81975">
        <ele>2850.0</ele>
      </trkpt>
      <trkpt lat="37.51428" lon="-118.81994">
        <ele>2850.0</ele>
      </trkpt>
      <trkpt lat="37.51456" lon="-118.82024">
        <ele>2847.0</ele>
      </trkpt>
      <trkpt lat="37.51466" lon="-118.82019">
        <ele>2844.0</ele>
      </trkpt>
      <trkpt lat="37.51462" lon="-118.81992">
        <ele>2842.0</ele>
      </trkpt>
      <trkpt lat="37.51482" lon="-118.81991">
        <ele>2842.0</ele>
      </trkpt>
      <trkpt lat="37.51496" lon="-118.81985">
        <ele>2837.0</ele>
      </trkpt>
      <trkpt lat="37.51522" lon="-118.81999">
        <ele>2837.0</ele>
      </trkpt>
      <trkpt lat="37.51548" lon="-118.82019">
        <ele>2838.0</ele>
      </trkpt>
      <trkpt lat="37.51577" lon="-118.82056">
        <ele>2836.0</ele>
      </trkpt>
      <trkpt lat="37.51625" lon="-118.82068">
        <ele>2830.0</ele>
      </trkpt>
      <trkpt lat="37.51637" lon="-118.82086">
        <ele>2827.0</ele>
      </trkpt>
      <trkpt lat="37.51637" lon="-118.82086">
        <ele>2827.0</ele>
      </trkpt>
      <trkpt lat="37.51637" lon="-118.82086">
        <ele>2827.0</ele>
      </trkpt>
      <trkpt lat="37.5171" lon="-118.82098">
        <ele>2822.0</ele>
      </trkpt>
      <trkpt lat="37.51741" lon="-118.82112">
        <ele>2817.0</ele>
      </trkpt>
      <trkpt lat="37.51772" lon="-118.82107">
        <ele>2815.0</ele>
      </trkpt>
      <trkpt lat="37.51768" lon="-118.82089">
        <ele>2808.0</ele>
      </trkpt>
      <trkpt lat="37.51751" lon="-118.82058">
        <ele>2809.0</ele>
      </trkpt>
      <trkpt lat="37.51757" lon="-118.82005">
        <ele>2809.0</ele>
      </trkpt>
      <trkpt lat="37.51769" lon="-118.81999">
        <ele>2803.0</ele>
      </trkpt>
      <trkpt lat="37.51772" lon="-118.8199">
        <ele>2803.0</ele>
      </trkpt>
      <trkpt lat="37.51736" lon="-118.81933">
        <ele>2805.0</ele>
      </trkpt>
      <trkpt lat="37.51723" lon="-118.81885">
        <ele>2799.0</ele>
      </trkpt>
      <trkpt lat="37.51696" lon="-118.81867">
        <ele>2798.0</ele>
      </trkpt>
      <trkpt lat="37.51676" lon="-118.81844">
        <ele>2802.0</ele>
      </trkpt>
      <trkpt lat="37.5165" lon="-118.81824">
        <ele>2808.0</ele>
      </trkpt>
      <trkpt lat="37.5165" lon="-118.81824">
        <ele>2808.0</ele>
      </trkpt>
      <trkpt lat="37.5165" lon="-118.81815">
        <ele>2804.0</ele>
      </trkpt>
      <trkpt lat="37.5165" lon="-118.81815">
        <ele>2804.0</ele>
      </trkpt>
      <trkpt lat="37.51662" lon="-118.81811">
        <ele>2801.0</ele>
      </trkpt>
      <trkpt lat="37.51669" lon="-118.81803">
        <ele>2801.0</ele>
      </trkpt>
      <trkpt lat="37.51693645590929" lon="-118.8179620121629">
        <ele>2798.0</ele>
      </trkpt>
      <trkpt lat="37.5169364559812" lon="-118.817962012163">
        <ele>2798.0</ele>
      </trkpt>
      <trkpt lat="37.51698" lon="-118.81795">
        <ele>2798.0</ele>
      </trkpt>
      <trkpt lat="37.51726" lon="-118.81805">
        <ele>2798.0</ele>
      </trkpt>
      <trkpt lat="37.51759" lon="-118.81789">
        <ele>2804.0</ele>
      </trkpt>
      <trkpt lat="37.51815" lon="-118.81792">
        <ele>2788.0</ele>
      </trkpt>
      <trkpt lat="37.51835" lon="-118.81784">
        <ele>2792.0</ele>
      </trkpt>
      <trkpt lat="37.51851" lon="-118.81782">
        <ele>2791.0</ele>
      </trkpt>
      <trkpt lat="37.51897" lon="-118.81806">
        <ele>2782.0</ele>
      </trkpt>
      <trkpt lat="37.51917" lon="-118.81823">
        <ele>2776.0</ele>
      </trkpt>
      <trkpt lat="37.5193" lon="-118.81827">
        <ele>2776.0</ele>
      </trkpt>
      <trkpt lat="37.51961" lon="-118.81826">
        <ele>2771.0</ele>
      </trkpt>
      <trkpt lat="37.51997" lon="-118.81832">
        <ele>2773.0</ele>
      </trkpt>
      <trkpt lat="37.5203" lon="-118.81844">
        <ele>2777.0</ele>
      </trkpt>
      <trkpt lat="37.52074" lon="-118.81851">
        <ele>2767.0</ele>
      </trkpt>
      <trkpt lat="37.52143" lon="-118.81875">
        <ele>2768.0</ele>
      </trkpt>
      <trkpt lat="37.52153" lon="-118.81882">
        <ele>2764.0</ele>
      </trkpt>
      <trkpt lat="37.52181" lon="-118.81911">
        <ele>2766.0</ele>
      </trkpt>
      <trkpt lat="37.5219" lon="-118.81939">
        <ele>2760.0</ele>
      </trkpt>
      <trkpt lat="37.52205" lon="-118.81965">
        <ele>2757.0</ele>
      </trkpt>
      <trkpt lat="37.52218" lon="-118.8197">
        <ele>2759.0</ele>
      </trkpt>
      <trkpt lat="37.5226" lon="-118.81974">
        <ele>2760.0</ele>
      </trkpt>
      <trkpt lat="37.52334" lon="-118.82034">
        <ele>2759.0</ele>
      </trkpt>
      <trkpt lat="37.52353" lon="-118.82044">
        <ele>2752.0</ele>
      </trkpt>
      <trkpt lat="37.524" lon="-118.8208">
        <ele>2748.0</ele>
      </trkpt>
      <trkpt lat="37.52415" lon="-118.82087">
        <ele>2749.0</ele>
      </trkpt>
      <trkpt lat="37.52428" lon="-118.82091">
        <ele>2749.0</ele>
      </trkpt>
      <trkpt lat="37.52453" lon="-118.8209">
        <ele>2746.0</ele>
      </trkpt>
      <trkpt lat="37.52493" lon="-118.82064">
        <ele>2734.0</ele>
      </trkpt>
      <trkpt lat="37.52519" lon="-118.82052">
        <ele>2730.0</ele>
      </trkpt>
      <trkpt lat="37.5253" lon="-118.82041">
        <ele>2734.0</ele>
      </trkpt>
      <trkpt lat="37.52541" lon="-118.82037">
        <ele>2734.0</ele>
      </trkpt>
      <trkpt lat="37.52597" lon="-118.82067">
        <ele>2728.0</ele>
      </trkpt>
      <trkpt lat="37.52633" lon="-118.82081">
        <ele>2719.0</ele>
      </trkpt>
      <trkpt lat="37.52687" lon="-118.82089">
        <ele>2718.0</ele>
      </trkpt>
      <trkpt lat="37.52715" lon="-118.8209">
        <ele>2717.0</ele>
      </trkpt>
      <trkpt lat="37.52715" lon="-118.8209">
        <ele>2717.0</ele>
      </trkpt>
      <trkpt lat="37.52721166605038" lon="-118.8208926000739">
        <ele>2717.0</ele>
      </trkpt>
      <trkpt lat="37.52721166605038" lon="-118.8208926000739">
        <ele>2717.0</ele>
      </trkpt>
      <trkpt lat="37.52765" lon="-118.82084">
        <ele>2713.0</ele>
      </trkpt>
      <trkpt lat="37.52778" lon="-118.82066">
        <ele>2714.0</ele>
      </trkpt>
      <trkpt lat="37.52783" lon="-118.82064">
        <ele>2714.0</ele>
      </trkpt>
      <trkpt lat="37.52784" lon="-118.82059">
        <ele>2714.0</ele>
      </trkpt>
      <trkpt lat="37.52796" lon="-118.82049">
        <ele>2711.0</ele>
      </trkpt>
      <trkpt lat="37.52804546890373" lon="-118.8204643593289">
        <ele>2711.0</ele>
      </trkpt>
      <trkpt lat="37.52807" lon="-118.82048">
        <ele>2711.0</ele>
      </trkpt>
      <trkpt lat="37.52809" lon="-118.8206">
        <ele>2711.0</ele>
      </trkpt>
      <trkpt lat="37.52809" lon="-118.8206">
        <ele>2711.0</ele>
      </trkpt>
      <trkpt lat="37.52806" lon="-118.82079">
        <ele>2710.0</ele>
      </trkpt>
      <trkpt lat="37.52816" lon="-118.8209">
        <ele>2710.0</ele>
      </trkpt>
      <trkpt lat="37.52826" lon="-118.82091">
        <ele>2707.0</ele>
      </trkpt>
      <trkpt lat="37.52915" lon="-118.82131">
        <ele>2700.0</ele>
      </trkpt>
      <trkpt lat="37.52926" lon="-118.82137">
        <ele>2700.0</ele>
      </trkpt>
      <trkpt lat="37.52941" lon="-118.82151">
        <ele>2696.0</ele>
      </trkpt>
      <trkpt lat="37.52948" lon="-118.82153">
        <ele>2699.0</ele>
      </trkpt>
      <trkpt lat="37.52956" lon="-118.82153">
        <ele>2699.0</ele>
      </trkpt>
      <trkpt lat="37.52977" lon="-118.82145">
        <ele>2696.0</ele>
      </trkpt>
      <trkpt lat="37.52977000000001" lon="-118.82145">
        <ele>2696.0</ele>
      </trkpt>
      <trkpt lat="37.52977" lon="-118.82145">
        <ele>2696.0</ele>
      </trkpt>
      <trkpt lat="37.52977" lon="-118.82145">
        <ele>2696.0</ele>
      </trkpt>
      <trkpt lat="37.52977" lon="-118.82145">
        <ele>2696.0</ele>
      </trkpt>
      <trkpt lat="37.52985" lon="-118.82148">
        <ele>2696.0</ele>
      </trkpt>
      <trkpt lat="37.52996" lon="-118.8216">
        <ele>2696.0</ele>
      </trkpt>
      <trkpt lat="37.5309" lon="-118.82167">
        <ele>2695.0</ele>
      </trkpt>
      <trkpt lat="37.53154" lon="-118.82176">
        <ele>2692.0</ele>
      </trkpt>
      <trkpt lat="37.53173" lon="-118.82169">
        <ele>2692.0</ele>
      </trkpt>
      <trkpt lat="37.53184" lon="-118.82169">
        <ele>2692.0</ele>
      </trkpt>
      <trkpt lat="37.53211" lon="-118.82157">
        <ele>2693.0</ele>
      </trkpt>
      <trkpt lat="37.53227" lon="-118.82145">
        <ele>2689.0</ele>
      </trkpt>
      <trkpt lat="37.5324" lon="-118.82121">
        <ele>2687.0</ele>
      </trkpt>
      <trkpt lat="37.53252" lon="-118.82116">
        <ele>2687.0</ele>
      </trkpt>
      <trkpt lat="37.53273" lon="-118.82122">
        <ele>2687.0</ele>
      </trkpt>
      <trkpt lat="37.53306" lon="-118.82144">
        <ele>2687.0</ele>
      </trkpt>
      <trkpt lat="37.53329" lon="-118.82153">
        <ele>2686.0</ele>
      </trkpt>
      <trkpt lat="37.53396" lon="-118.82156">
        <ele>2681.0</ele>
      </trkpt>
      <trkpt lat="37.53487" lon="-118.82155">
        <ele>2665.0</ele>
      </trkpt>
      <trkpt lat="37.53544" lon="-118.82189">
        <ele>2660.0</ele>
      </trkpt>
      <trkpt lat="37.53563" lon="-118.82196">
        <ele>2660.0</ele>
      </trkpt>
      <trkpt lat="37.53595" lon="-118.82216">
        <ele>2660.0</ele>
      </trkpt>
      <trkpt lat="37.53617" lon="-118.82239">
        <ele>2659.0</ele>
      </trkpt>
      <trkpt lat="37.53677" lon="-118.8231">
        <ele>2655.0</ele>
      </trkpt>
      <trkpt lat="37.53705" lon="-118.82332">
        <ele>2655.0</ele>
      </trkpt>
      <trkpt lat="37.5375" lon="-118.82349">
        <ele>2647.0</ele>
      </trkpt>
      <trkpt lat="37.53768" lon="-118.82353">
        <ele>2635.0</ele>
      </trkpt>
      <trkpt lat="37.53774" lon="-118.82352">
        <ele>2635.0</ele>
      </trkpt>
      <trkpt lat="37.53802" lon="-118.82361">
        <ele>2627.0</ele>
      </trkpt>
      <trkpt lat="37.53855" lon="-118.82391">
        <ele>2620.0</ele>
      </trkpt>
      <trkpt lat="37.5391" lon="-118.82416">
        <ele>2616.0</ele>
      </trkpt>
      <trkpt lat="37.53938" lon="-118.8242">
        <ele>2609.0</ele>
      </trkpt>
      <trkpt lat="37.53951" lon="-118.82416">
        <ele>2609.0</ele>
      </trkpt>
      <trkpt lat="37.53951" lon="-118.82416">
        <ele>2609.0</ele>
      </trkpt>
      <trkpt lat="37.53951" lon="-118.82416">
        <ele>2609.0</ele>
      </trkpt>
      <trkpt lat="37.54001" lon="-118.82418">
        <ele>2603.0</ele>
      </trkpt>
      <trkpt lat="37.54061" lon="-118.82462">
        <ele>2598.0</ele>
      </trkpt>
      <trkpt lat="37.54075" lon="-118.82493">
        <ele>2599.0</ele>
      </trkpt>
      <trkpt lat="37.54087" lon="-118.82496">
        <ele>2599.0</ele>
      </trkpt>
      <trkpt lat="37.54102" lon="-118.82489">
        <ele>2599.0</ele>
      </trkpt>
      <trkpt lat="37.54131" lon="-118.82493">
        <ele>2597.0</ele>
      </trkpt>
      <trkpt lat="37.54151" lon="-118.82489">
        <ele>2597.0</ele>
      </trkpt>
      <trkpt lat="37.54183744463806" lon="-118.8247535647341">
        <ele>2585.0</ele>
      </trkpt>
      <trkpt lat="37.54183744550006" lon="-118.8247535647341">
        <ele>2585.0</ele>
      </trkpt>
      <trkpt lat="37.54223" lon="-118.82459">
        <ele>2582.0</ele>
      </trkpt>
      <trkpt lat="37.54458" lon="-118.82338">
        <ele>2566.0</ele>
      </trkpt>
      <trkpt lat="37.54458" lon="-118.82338">
        <ele>2566.0</ele>
      </trkpt>
      <trkpt lat="37.54566" lon="-118.82284">
        <ele>2560.0</ele>
      </trkpt>
      <trkpt lat="37.54606" lon="-118.82251">
        <ele>2556.0</ele>
      </trkpt>
      <trkpt lat="37.54646" lon="-118.82203">
        <ele>2550.0</ele>
      </trkpt>
      <trkpt lat="37.54717" lon="-118.82131">
        <ele>2556.0</ele>
      </trkpt>
      <trkpt lat="37.54724" lon="-118.8212">
        <ele>2550.0</ele>
      </trkpt>
      <trkpt lat="37.5475" lon="-118.82097">
        <ele>2549.0</ele>
      </trkpt>
      <trkpt lat="37.54776" lon="-118.82062">
        <ele>2549.0</ele>
      </trkpt>
      <trkpt lat="37.54805" lon="-118.81968">
        <ele>2541.0</ele>
      </trkpt>
      <trkpt lat="37.54816" lon="-118.81944">
        <ele>2536.0</ele>
      </trkpt>
      <trkpt lat="37.54822" lon="-118.81889">
        <ele>2534.0</ele>
      </trkpt>
      <trkpt lat="37.54821" lon="-118.81824">
        <ele>2532.0</ele>
      </trkpt>
      <trkpt lat="37.54827" lon="-118.81784">
        <ele>2525.0</ele>
      </trkpt>
      <trkpt lat="37.54835" lon="-118.81753">
        <ele>2517.0</ele>
      </trkpt>
      <trkpt lat="37.54869" lon="-118.81717">
        <ele>2514.0</ele>
      </trkpt>
      <trkpt lat="37.54874" lon="-118.81706">
        <ele>2505.0</ele>
      </trkpt>
      <trkpt lat="37.54879" lon="-118.81701">
        <ele>2512.0</ele>
      </trkpt>
      <trkpt lat="37.54884" lon="-118.81685">
        <ele>2512.0</ele>
      </trkpt>
      <trkpt lat="37.54895" lon="-118.81664">
        <ele>2506.0</ele>
      </trkpt>
      <trkpt lat="37.54904" lon="-118.81635">
        <ele>2509.0</ele>
      </trkpt>
      <trkpt lat="37.54907" lon="-118.81613">
        <ele>2505.0</ele>
      </trkpt>
      <trkpt lat="37.54907" lon="-118.81613">
        <ele>2505.0</ele>
      </trkpt>
      <trkpt lat="37.5489" lon="-118.81629">
        <ele>2501.0</ele>
      </trkpt>
      <trkpt lat="37.54889" lon="-118.81608">
        <ele>2496.0</ele>
      </trkpt>
      <trkpt lat="37.54886" lon="-118.8161">
        <ele>2496.0</ele>
      </trkpt>
      <trkpt lat="37.54881" lon="-118.81605">
        <ele>2496.0</ele>
      </trkpt>
      <trkpt lat="37.54855" lon="-118.81558">
        <ele>2485.0</ele>
      </trkpt>
      <trkpt lat="37.54852" lon="-118.81525">
        <ele>2483.0</ele>
      </trkpt>
      <trkpt lat="37.54858" lon="-118.81507">
        <ele>2481.0</ele>
      </trkpt>
      <trkpt lat="37.54859" lon="-118.81484">
        <ele>2480.0</ele>
      </trkpt>
      <trkpt lat="37.54859" lon="-118.81484">
        <ele>2480.0</ele>
      </trkpt>
      <trkpt lat="37.54859" lon="-118.81484">
        <ele>2480.0</ele>
      </trkpt>
      <trkpt lat="37.54871" lon="-118.81427">
        <ele>2475.0</ele>
      </trkpt>
      <trkpt lat="37.54873" lon="-118.81358">
        <ele>2472.0</ele>
      </trkpt>
      <trkpt lat="37.54891" lon="-118.81295">
        <ele>2467.0</ele>
      </trkpt>
      <trkpt lat="37.54902" lon="-118.81246">
        <ele>2460.0</ele>
      </trkpt>
      <trkpt lat="37.54903" lon="-118.81215">
        <ele>2463.0</ele>
      </trkpt>
      <trkpt lat="37.54904" lon="-118.81176">
        <ele>2460.0</ele>
      </trkpt>
      <trkpt lat="37.54901018311148" lon="-118.8114320142263">
        <ele>2456.0</ele>
      </trkpt>
      <trkpt lat="37.54901018311752" lon="-118.8114320142264">
        <ele>2456.0</ele>
      </trkpt>
      <trkpt lat="37.54898" lon="-118.8111">
        <ele>2458.0</ele>
      </trkpt>
      <trkpt lat="37.54888" lon="-118.81052">
        <ele>2457.0</ele>
      </trkpt>
      <trkpt lat="37.54878" lon="-118.80933">
        <ele>2451.0</ele>
      </trkpt>
      <trkpt lat="37.54878" lon="-118.80933">
        <ele>2451.0</ele>
      </trkpt>
      <trkpt lat="37.54878" lon="-118.80933">
        <ele>2451.0</ele>
      </trkpt>
      <trkpt lat="37.54882" lon="-118.80898">
        <ele>2447.0</ele>
      </trkpt>
      <trkpt lat="37.54883" lon="-118.80851">
        <ele>2446.0</ele>
      </trkpt>
      <trkpt lat="37.54914" lon="-118.80697">
        <ele>2437.0</ele>
      </trkpt>
      <trkpt lat="37.54924" lon="-118.80657">
        <ele>2437.0</ele>
      </trkpt>
      <trkpt lat="37.5494" lon="-118.80615">
        <ele>2431.0</ele>
      </trkpt>
      <trkpt lat="37.5494" lon="-118.80615">
        <ele>2431.0</ele>
      </trkpt>
      <trkpt lat="37.5496" lon="-118.8057">
        <ele>2429.0</ele>
      </trkpt>
      <trkpt lat="37.54975" lon="-118.8054">
        <ele>2422.0</ele>
      </trkpt>
      <trkpt lat="37.55014" lon="-118.80403">
        <ele>2414.0</ele>
      </trkpt>
      <trkpt lat="37.55026" lon="-118.80375">
        <ele>2409.0</ele>
      </trkpt>
      <trkpt lat="37.55051" lon="-118.80335">
        <ele>2407.0</ele>
      </trkpt>
      <trkpt lat="37.55061" lon="-118.80323">
        <ele>2407.0</ele>
      </trkpt>
      <trkpt lat="37.55074" lon="-118.80297">
        <ele>2405.0</ele>
      </trkpt>
      <trkpt lat="37.55083200231421" lon="-118.8028492493404">
        <ele>2403.0</ele>
      </trkpt>
      <trkpt lat="37.55083200231421" lon="-118.8028492493404">
        <ele>2403.0</ele>
      </trkpt>
      <trkpt lat="37.5509" lon="-118.80276">
        <ele>2403.0</ele>
      </trkpt>
      <trkpt lat="37.55098848035608" lon="-118.8026051593769">
        <ele>2400.0</ele>
      </trkpt>
      <trkpt lat="37.55099650253269" lon="-118.8025911205678">
        <ele>2400.0</ele>
      </trkpt>
      <trkpt lat="37.55099650253269" lon="-118.8025911205678">
        <ele>2400.0</ele>
      </trkpt>
      <trkpt lat="37.551016594838" lon="-118.8026118278504">
        <ele>2400.0</ele>
      </trkpt>
    </trkseg>
  </trk>
</gpx>
