<?xml version="1.0" encoding="UTF-8"?>
<gpx xmlns:xsi="http://www.w3.org/2001/XMLSchema-instance" version="1.1" creator="The Outbound Collective, Inc. 1.1.1 -- https://www.theoutbound.com" xsi:schemaLocation="http://www.topografix.com/GPX/1/1 http://www.topografix.com/GPX/1/1/gpx.xsd">
  <metadata>
    <name/>
    <time>2026-02-19T21:55:39+00:00</time>
    <bound minlat="36.45593" minlon="-118.7490292124211" maxlat="36.59432" maxlon="-118.2419181000866"/>
  </metadata>
  <trk>
    <name/>
    <trkseg>
      <trkpt lat="36.55478790519368" lon="-118.7490266561508">
        <ele>2057.0</ele>
      </trkpt>
      <trkpt lat="36.55478460621747" lon="-118.7490292124211">
        <ele>2057.0</ele>
      </trkpt>
      <trkpt lat="36.55471533927306" lon="-118.7488906785461">
        <ele>2057.0</ele>
      </trkpt>
      <trkpt lat="36.55470263459359" lon="-118.7488652691872">
        <ele>2057.0</ele>
      </trkpt>
      <trkpt lat="36.55455" lon="-118.74856">
        <ele>2056.0</ele>
      </trkpt>
      <trkpt lat="36.55439" lon="-118.74836">
        <ele>2051.0</ele>
      </trkpt>
      <trkpt lat="36.55417" lon="-118.74822">
        <ele>2047.0</ele>
      </trkpt>
      <trkpt lat="36.55392" lon="-118.74817">
        <ele>2047.0</ele>
      </trkpt>
      <trkpt lat="36.55382" lon="-118.74818">
        <ele>2047.0</ele>
      </trkpt>
      <trkpt lat="36.55366" lon="-118.74828">
        <ele>2047.0</ele>
      </trkpt>
      <trkpt lat="36.55366" lon="-118.74828">
        <ele>2047.0</ele>
      </trkpt>
      <trkpt lat="36.55366" lon="-118.74828">
        <ele>2047.0</ele>
      </trkpt>
      <trkpt lat="36.55356" lon="-118.74824">
        <ele>2047.0</ele>
      </trkpt>
      <trkpt lat="36.55325" lon="-118.74801">
        <ele>2054.0</ele>
      </trkpt>
      <trkpt lat="36.55311000005364" lon="-118.7478000000804">
        <ele>2066.0</ele>
      </trkpt>
      <trkpt lat="36.55311000005364" lon="-118.7478000000804">
        <ele>2066.0</ele>
      </trkpt>
      <trkpt lat="36.55301" lon="-118.74765">
        <ele>2066.0</ele>
      </trkpt>
      <trkpt lat="36.55298" lon="-118.74728">
        <ele>2080.0</ele>
      </trkpt>
      <trkpt lat="36.55297" lon="-118.74692">
        <ele>2083.0</ele>
      </trkpt>
      <trkpt lat="36.55304" lon="-118.74678">
        <ele>2085.0</ele>
      </trkpt>
      <trkpt lat="36.55338" lon="-118.74647">
        <ele>2086.0</ele>
      </trkpt>
      <trkpt lat="36.5538" lon="-118.74597">
        <ele>2102.0</ele>
      </trkpt>
      <trkpt lat="36.55382352580997" lon="-118.7459182432181">
        <ele>2102.0</ele>
      </trkpt>
      <trkpt lat="36.553823525814" lon="-118.7459182432181">
        <ele>2102.0</ele>
      </trkpt>
      <trkpt lat="36.55385" lon="-118.74586">
        <ele>2102.0</ele>
      </trkpt>
      <trkpt lat="36.55392" lon="-118.74578">
        <ele>2102.0</ele>
      </trkpt>
      <trkpt lat="36.55415" lon="-118.74565">
        <ele>2105.0</ele>
      </trkpt>
      <trkpt lat="36.55424" lon="-118.74553">
        <ele>2105.0</ele>
      </trkpt>
      <trkpt lat="36.55432" lon="-118.74539">
        <ele>2100.0</ele>
      </trkpt>
      <trkpt lat="36.55435" lon="-118.74522">
        <ele>2100.0</ele>
      </trkpt>
      <trkpt lat="36.55463" lon="-118.74467">
        <ele>2096.0</ele>
      </trkpt>
      <trkpt lat="36.55465" lon="-118.74451">
        <ele>2096.0</ele>
      </trkpt>
      <trkpt lat="36.55462" lon="-118.74431">
        <ele>2096.0</ele>
      </trkpt>
      <trkpt lat="36.55456" lon="-118.74418">
        <ele>2096.0</ele>
      </trkpt>
      <trkpt lat="36.55439" lon="-118.74404">
        <ele>2096.0</ele>
      </trkpt>
      <trkpt lat="36.55399" lon="-118.74357">
        <ele>2101.0</ele>
      </trkpt>
      <trkpt lat="36.55404" lon="-118.7433">
        <ele>2096.0</ele>
      </trkpt>
      <trkpt lat="36.55418" lon="-118.74297">
        <ele>2094.0</ele>
      </trkpt>
      <trkpt lat="36.55420570468977" lon="-118.742630698095">
        <ele>2097.0</ele>
      </trkpt>
      <trkpt lat="36.55420570469382" lon="-118.742630698095">
        <ele>2097.0</ele>
      </trkpt>
      <trkpt lat="36.55423" lon="-118.74231">
        <ele>2091.0</ele>
      </trkpt>
      <trkpt lat="36.5543" lon="-118.74213">
        <ele>2091.0</ele>
      </trkpt>
      <trkpt lat="36.5543" lon="-118.74213">
        <ele>2091.0</ele>
      </trkpt>
      <trkpt lat="36.5543" lon="-118.74213">
        <ele>2091.0</ele>
      </trkpt>
      <trkpt lat="36.55433" lon="-118.74182">
        <ele>2107.0</ele>
      </trkpt>
      <trkpt lat="36.55433" lon="-118.74182">
        <ele>2107.0</ele>
      </trkpt>
      <trkpt lat="36.55423" lon="-118.74146">
        <ele>2090.0</ele>
      </trkpt>
      <trkpt lat="36.55403" lon="-118.74118">
        <ele>2093.0</ele>
      </trkpt>
      <trkpt lat="36.55388" lon="-118.74068">
        <ele>2101.0</ele>
      </trkpt>
      <trkpt lat="36.55372" lon="-118.74047">
        <ele>2087.0</ele>
      </trkpt>
      <trkpt lat="36.5535" lon="-118.74023">
        <ele>2103.0</ele>
      </trkpt>
      <trkpt lat="36.5535" lon="-118.74023">
        <ele>2103.0</ele>
      </trkpt>
      <trkpt lat="36.55337" lon="-118.74012">
        <ele>2104.0</ele>
      </trkpt>
      <trkpt lat="36.55303" lon="-118.73953">
        <ele>2096.0</ele>
      </trkpt>
      <trkpt lat="36.55292" lon="-118.73928">
        <ele>2100.0</ele>
      </trkpt>
      <trkpt lat="36.55289" lon="-118.73905">
        <ele>2079.0</ele>
      </trkpt>
      <trkpt lat="36.55302" lon="-118.7387">
        <ele>2097.0</ele>
      </trkpt>
      <trkpt lat="36.55339" lon="-118.73809">
        <ele>2104.0</ele>
      </trkpt>
      <trkpt lat="36.5535" lon="-118.73796">
        <ele>2124.0</ele>
      </trkpt>
      <trkpt lat="36.55355" lon="-118.73787">
        <ele>2111.0</ele>
      </trkpt>
      <trkpt lat="36.55359" lon="-118.73768">
        <ele>2111.0</ele>
      </trkpt>
      <trkpt lat="36.55371" lon="-118.73757">
        <ele>2104.0</ele>
      </trkpt>
      <trkpt lat="36.5539" lon="-118.7373">
        <ele>2115.0</ele>
      </trkpt>
      <trkpt lat="36.55397" lon="-118.73704">
        <ele>2111.0</ele>
      </trkpt>
      <trkpt lat="36.55398" lon="-118.73688">
        <ele>2111.0</ele>
      </trkpt>
      <trkpt lat="36.55401" lon="-118.7368">
        <ele>2104.0</ele>
      </trkpt>
      <trkpt lat="36.55442" lon="-118.73616">
        <ele>2113.0</ele>
      </trkpt>
      <trkpt lat="36.55468" lon="-118.73567">
        <ele>2115.0</ele>
      </trkpt>
      <trkpt lat="36.55477" lon="-118.73554">
        <ele>2115.0</ele>
      </trkpt>
      <trkpt lat="36.55505" lon="-118.73525">
        <ele>2123.0</ele>
      </trkpt>
      <trkpt lat="36.55516" lon="-118.73521">
        <ele>2130.0</ele>
      </trkpt>
      <trkpt lat="36.55547" lon="-118.73519">
        <ele>2140.0</ele>
      </trkpt>
      <trkpt lat="36.55558" lon="-118.73512">
        <ele>2129.0</ele>
      </trkpt>
      <trkpt lat="36.55565" lon="-118.73506">
        <ele>2129.0</ele>
      </trkpt>
      <trkpt lat="36.55577" lon="-118.73476">
        <ele>2126.0</ele>
      </trkpt>
      <trkpt lat="36.55584" lon="-118.7347">
        <ele>2126.0</ele>
      </trkpt>
      <trkpt lat="36.55598" lon="-118.73469">
        <ele>2132.0</ele>
      </trkpt>
      <trkpt lat="36.55606" lon="-118.73466">
        <ele>2132.0</ele>
      </trkpt>
      <trkpt lat="36.55617" lon="-118.73457">
        <ele>2123.0</ele>
      </trkpt>
      <trkpt lat="36.5563" lon="-118.73437">
        <ele>2132.0</ele>
      </trkpt>
      <trkpt lat="36.55663" lon="-118.73414">
        <ele>2130.0</ele>
      </trkpt>
      <trkpt lat="36.55674" lon="-118.73409">
        <ele>2130.0</ele>
      </trkpt>
      <trkpt lat="36.55674126719259" lon="-118.7340885216086">
        <ele>2130.0</ele>
      </trkpt>
      <trkpt lat="36.55674126719406" lon="-118.7340885216086">
        <ele>2130.0</ele>
      </trkpt>
      <trkpt lat="36.55692" lon="-118.73388">
        <ele>2131.0</ele>
      </trkpt>
      <trkpt lat="36.55704" lon="-118.73367">
        <ele>2118.0</ele>
      </trkpt>
      <trkpt lat="36.55713" lon="-118.73342">
        <ele>2118.0</ele>
      </trkpt>
      <trkpt lat="36.55728" lon="-118.73327">
        <ele>2118.0</ele>
      </trkpt>
      <trkpt lat="36.5576" lon="-118.73283">
        <ele>2105.0</ele>
      </trkpt>
      <trkpt lat="36.55761" lon="-118.73276">
        <ele>2105.0</ele>
      </trkpt>
      <trkpt lat="36.55745" lon="-118.73249">
        <ele>2100.0</ele>
      </trkpt>
      <trkpt lat="36.55744" lon="-118.73239">
        <ele>2100.0</ele>
      </trkpt>
      <trkpt lat="36.55753" lon="-118.73177">
        <ele>2099.0</ele>
      </trkpt>
      <trkpt lat="36.55749" lon="-118.73149">
        <ele>2100.0</ele>
      </trkpt>
      <trkpt lat="36.55754" lon="-118.73134">
        <ele>2100.0</ele>
      </trkpt>
      <trkpt lat="36.5577" lon="-118.73116">
        <ele>2107.0</ele>
      </trkpt>
      <trkpt lat="36.55782" lon="-118.73107">
        <ele>2107.0</ele>
      </trkpt>
      <trkpt lat="36.55795" lon="-118.73106">
        <ele>2115.0</ele>
      </trkpt>
      <trkpt lat="36.558" lon="-118.731">
        <ele>2115.0</ele>
      </trkpt>
      <trkpt lat="36.55803" lon="-118.7308">
        <ele>2107.0</ele>
      </trkpt>
      <trkpt lat="36.55807" lon="-118.73067">
        <ele>2097.0</ele>
      </trkpt>
      <trkpt lat="36.55812" lon="-118.73052">
        <ele>2097.0</ele>
      </trkpt>
      <trkpt lat="36.55819" lon="-118.73041">
        <ele>2088.0</ele>
      </trkpt>
      <trkpt lat="36.55821" lon="-118.73026">
        <ele>2096.0</ele>
      </trkpt>
      <trkpt lat="36.55831" lon="-118.73009">
        <ele>2088.0</ele>
      </trkpt>
      <trkpt lat="36.55846" lon="-118.72995">
        <ele>2088.0</ele>
      </trkpt>
      <trkpt lat="36.55856" lon="-118.72995">
        <ele>2104.0</ele>
      </trkpt>
      <trkpt lat="36.55865" lon="-118.72988">
        <ele>2104.0</ele>
      </trkpt>
      <trkpt lat="36.55886" lon="-118.72966">
        <ele>2107.0</ele>
      </trkpt>
      <trkpt lat="36.55896" lon="-118.72964">
        <ele>2107.0</ele>
      </trkpt>
      <trkpt lat="36.55903" lon="-118.72958">
        <ele>2107.0</ele>
      </trkpt>
      <trkpt lat="36.55927" lon="-118.72924">
        <ele>2093.0</ele>
      </trkpt>
      <trkpt lat="36.55933" lon="-118.7289">
        <ele>2096.0</ele>
      </trkpt>
      <trkpt lat="36.55938" lon="-118.72882">
        <ele>2096.0</ele>
      </trkpt>
      <trkpt lat="36.55937" lon="-118.7291">
        <ele>2106.0</ele>
      </trkpt>
      <trkpt lat="36.55944" lon="-118.72912">
        <ele>2106.0</ele>
      </trkpt>
      <trkpt lat="36.55949" lon="-118.72876">
        <ele>2096.0</ele>
      </trkpt>
      <trkpt lat="36.55954" lon="-118.72872">
        <ele>2085.0</ele>
      </trkpt>
      <trkpt lat="36.55958" lon="-118.72891">
        <ele>2096.0</ele>
      </trkpt>
      <trkpt lat="36.55951" lon="-118.72912">
        <ele>2106.0</ele>
      </trkpt>
      <trkpt lat="36.55957" lon="-118.72918">
        <ele>2106.0</ele>
      </trkpt>
      <trkpt lat="36.55963" lon="-118.729">
        <ele>2113.0</ele>
      </trkpt>
      <trkpt lat="36.55975" lon="-118.72896">
        <ele>2113.0</ele>
      </trkpt>
      <trkpt lat="36.56006" lon="-118.72892">
        <ele>2128.0</ele>
      </trkpt>
      <trkpt lat="36.56025" lon="-118.72884">
        <ele>2134.0</ele>
      </trkpt>
      <trkpt lat="36.56032" lon="-118.72879">
        <ele>2134.0</ele>
      </trkpt>
      <trkpt lat="36.56054" lon="-118.72842">
        <ele>2131.0</ele>
      </trkpt>
      <trkpt lat="36.56077" lon="-118.72818">
        <ele>2145.0</ele>
      </trkpt>
      <trkpt lat="36.56081" lon="-118.72811">
        <ele>2145.0</ele>
      </trkpt>
      <trkpt lat="36.5608" lon="-118.72791">
        <ele>2141.0</ele>
      </trkpt>
      <trkpt lat="36.56084" lon="-118.72779">
        <ele>2141.0</ele>
      </trkpt>
      <trkpt lat="36.56095" lon="-118.72757">
        <ele>2136.0</ele>
      </trkpt>
      <trkpt lat="36.56109" lon="-118.72718">
        <ele>2149.0</ele>
      </trkpt>
      <trkpt lat="36.56137" lon="-118.72697">
        <ele>2154.0</ele>
      </trkpt>
      <trkpt lat="36.5615" lon="-118.72696">
        <ele>2154.0</ele>
      </trkpt>
      <trkpt lat="36.56158" lon="-118.72689">
        <ele>2167.0</ele>
      </trkpt>
      <trkpt lat="36.56169" lon="-118.72672">
        <ele>2162.0</ele>
      </trkpt>
      <trkpt lat="36.56173" lon="-118.72654">
        <ele>2162.0</ele>
      </trkpt>
      <trkpt lat="36.56179" lon="-118.72643">
        <ele>2156.0</ele>
      </trkpt>
      <trkpt lat="36.56181" lon="-118.72629">
        <ele>2170.0</ele>
      </trkpt>
      <trkpt lat="36.56174" lon="-118.72542">
        <ele>2138.0</ele>
      </trkpt>
      <trkpt lat="36.5617" lon="-118.72519">
        <ele>2137.0</ele>
      </trkpt>
      <trkpt lat="36.56176" lon="-118.72504">
        <ele>2138.0</ele>
      </trkpt>
      <trkpt lat="36.5617" lon="-118.72489">
        <ele>2138.0</ele>
      </trkpt>
      <trkpt lat="36.56169" lon="-118.72482">
        <ele>2138.0</ele>
      </trkpt>
      <trkpt lat="36.56171" lon="-118.72464">
        <ele>2138.0</ele>
      </trkpt>
      <trkpt lat="36.56157" lon="-118.72417">
        <ele>2142.0</ele>
      </trkpt>
      <trkpt lat="36.56156" lon="-118.72402">
        <ele>2135.0</ele>
      </trkpt>
      <trkpt lat="36.56157" lon="-118.7239">
        <ele>2135.0</ele>
      </trkpt>
      <trkpt lat="36.56162" lon="-118.72378">
        <ele>2135.0</ele>
      </trkpt>
      <trkpt lat="36.56167" lon="-118.72368">
        <ele>2126.0</ele>
      </trkpt>
      <trkpt lat="36.56183" lon="-118.72355">
        <ele>2137.0</ele>
      </trkpt>
      <trkpt lat="36.56207" lon="-118.72348">
        <ele>2137.0</ele>
      </trkpt>
      <trkpt lat="36.56229" lon="-118.72352">
        <ele>2136.0</ele>
      </trkpt>
      <trkpt lat="36.5626" lon="-118.72369">
        <ele>2137.0</ele>
      </trkpt>
      <trkpt lat="36.5626" lon="-118.72369">
        <ele>2137.0</ele>
      </trkpt>
      <trkpt lat="36.56279" lon="-118.72378">
        <ele>2147.0</ele>
      </trkpt>
      <trkpt lat="36.56313" lon="-118.72384">
        <ele>2141.0</ele>
      </trkpt>
      <trkpt lat="36.56332" lon="-118.72396">
        <ele>2137.0</ele>
      </trkpt>
      <trkpt lat="36.56366" lon="-118.72389">
        <ele>2139.0</ele>
      </trkpt>
      <trkpt lat="36.56411" lon="-118.72384">
        <ele>2145.0</ele>
      </trkpt>
      <trkpt lat="36.56445" lon="-118.7237">
        <ele>2137.0</ele>
      </trkpt>
      <trkpt lat="36.56475" lon="-118.72362">
        <ele>2142.0</ele>
      </trkpt>
      <trkpt lat="36.56501" lon="-118.72347">
        <ele>2131.0</ele>
      </trkpt>
      <trkpt lat="36.56509" lon="-118.72337">
        <ele>2131.0</ele>
      </trkpt>
      <trkpt lat="36.56523" lon="-118.72329">
        <ele>2144.0</ele>
      </trkpt>
      <trkpt lat="36.56536" lon="-118.72328">
        <ele>2144.0</ele>
      </trkpt>
      <trkpt lat="36.56547" lon="-118.72323">
        <ele>2155.0</ele>
      </trkpt>
      <trkpt lat="36.5657" lon="-118.72305">
        <ele>2148.0</ele>
      </trkpt>
      <trkpt lat="36.56611" lon="-118.72307">
        <ele>2142.0</ele>
      </trkpt>
      <trkpt lat="36.56623" lon="-118.72312">
        <ele>2142.0</ele>
      </trkpt>
      <trkpt lat="36.56637" lon="-118.72332">
        <ele>2151.0</ele>
      </trkpt>
      <trkpt lat="36.56661" lon="-118.72333">
        <ele>2141.0</ele>
      </trkpt>
      <trkpt lat="36.56685" lon="-118.72341">
        <ele>2132.0</ele>
      </trkpt>
      <trkpt lat="36.56698" lon="-118.72334">
        <ele>2132.0</ele>
      </trkpt>
      <trkpt lat="36.56718" lon="-118.7234">
        <ele>2126.0</ele>
      </trkpt>
      <trkpt lat="36.56745" lon="-118.72321">
        <ele>2115.0</ele>
      </trkpt>
      <trkpt lat="36.56771" lon="-118.72326">
        <ele>2105.0</ele>
      </trkpt>
      <trkpt lat="36.56786" lon="-118.72326">
        <ele>2105.0</ele>
      </trkpt>
      <trkpt lat="36.56819" lon="-118.72318">
        <ele>2076.0</ele>
      </trkpt>
      <trkpt lat="36.56845" lon="-118.723">
        <ele>2081.0</ele>
      </trkpt>
      <trkpt lat="36.56855" lon="-118.72284">
        <ele>2078.0</ele>
      </trkpt>
      <trkpt lat="36.56873" lon="-118.72273">
        <ele>2078.0</ele>
      </trkpt>
      <trkpt lat="36.56884" lon="-118.72274">
        <ele>2087.0</ele>
      </trkpt>
      <trkpt lat="36.569" lon="-118.72266">
        <ele>2087.0</ele>
      </trkpt>
      <trkpt lat="36.56922" lon="-118.72264">
        <ele>2093.0</ele>
      </trkpt>
      <trkpt lat="36.56935" lon="-118.72257">
        <ele>2092.0</ele>
      </trkpt>
      <trkpt lat="36.56947" lon="-118.72239">
        <ele>2092.0</ele>
      </trkpt>
      <trkpt lat="36.56952" lon="-118.72222">
        <ele>2080.0</ele>
      </trkpt>
      <trkpt lat="36.5695" lon="-118.72185">
        <ele>2069.0</ele>
      </trkpt>
      <trkpt lat="36.56953" lon="-118.72174">
        <ele>2068.0</ele>
      </trkpt>
      <trkpt lat="36.56959" lon="-118.7217">
        <ele>2080.0</ele>
      </trkpt>
      <trkpt lat="36.56995999838423" lon="-118.721620000934">
        <ele>2103.0</ele>
      </trkpt>
      <trkpt lat="36.56995999838423" lon="-118.721620000934">
        <ele>2103.0</ele>
      </trkpt>
      <trkpt lat="36.56996" lon="-118.72162">
        <ele>2103.0</ele>
      </trkpt>
      <trkpt lat="36.57019" lon="-118.72162">
        <ele>2110.0</ele>
      </trkpt>
      <trkpt lat="36.57036" lon="-118.72156">
        <ele>2110.0</ele>
      </trkpt>
      <trkpt lat="36.57051" lon="-118.72147">
        <ele>2097.0</ele>
      </trkpt>
      <trkpt lat="36.57081" lon="-118.72145">
        <ele>2090.0</ele>
      </trkpt>
      <trkpt lat="36.5712" lon="-118.72136">
        <ele>2084.0</ele>
      </trkpt>
      <trkpt lat="36.57153" lon="-118.72134">
        <ele>2099.0</ele>
      </trkpt>
      <trkpt lat="36.57169" lon="-118.72122">
        <ele>2086.0</ele>
      </trkpt>
      <trkpt lat="36.57174" lon="-118.72108">
        <ele>2086.0</ele>
      </trkpt>
      <trkpt lat="36.57165" lon="-118.72079">
        <ele>2078.0</ele>
      </trkpt>
      <trkpt lat="36.57166" lon="-118.72071">
        <ele>2078.0</ele>
      </trkpt>
      <trkpt lat="36.57177" lon="-118.72057">
        <ele>2083.0</ele>
      </trkpt>
      <trkpt lat="36.57179" lon="-118.72047">
        <ele>2083.0</ele>
      </trkpt>
      <trkpt lat="36.57177" lon="-118.72025">
        <ele>2091.0</ele>
      </trkpt>
      <trkpt lat="36.57181" lon="-118.72009">
        <ele>2101.0</ele>
      </trkpt>
      <trkpt lat="36.57188" lon="-118.71997">
        <ele>2101.0</ele>
      </trkpt>
      <trkpt lat="36.57198" lon="-118.71987">
        <ele>2101.0</ele>
      </trkpt>
      <trkpt lat="36.57241" lon="-118.71969">
        <ele>2114.0</ele>
      </trkpt>
      <trkpt lat="36.57301" lon="-118.71921">
        <ele>2107.0</ele>
      </trkpt>
      <trkpt lat="36.57308" lon="-118.71893">
        <ele>2102.0</ele>
      </trkpt>
      <trkpt lat="36.5731" lon="-118.71871">
        <ele>2099.0</ele>
      </trkpt>
      <trkpt lat="36.57319" lon="-118.71839">
        <ele>2103.0</ele>
      </trkpt>
      <trkpt lat="36.57324" lon="-118.71826">
        <ele>2114.0</ele>
      </trkpt>
      <trkpt lat="36.57324" lon="-118.71826">
        <ele>2114.0</ele>
      </trkpt>
      <trkpt lat="36.57346" lon="-118.71779">
        <ele>2104.0</ele>
      </trkpt>
      <trkpt lat="36.57359" lon="-118.7176">
        <ele>2107.0</ele>
      </trkpt>
      <trkpt lat="36.57371490343263" lon="-118.7175250579404">
        <ele>2107.0</ele>
      </trkpt>
      <trkpt lat="36.57371490345291" lon="-118.7175250579404">
        <ele>2107.0</ele>
      </trkpt>
      <trkpt lat="36.57374" lon="-118.71751">
        <ele>2107.0</ele>
      </trkpt>
      <trkpt lat="36.57394" lon="-118.71747">
        <ele>2124.0</ele>
      </trkpt>
      <trkpt lat="36.57406" lon="-118.71739">
        <ele>2137.0</ele>
      </trkpt>
      <trkpt lat="36.57417" lon="-118.71738">
        <ele>2137.0</ele>
      </trkpt>
      <trkpt lat="36.57432" lon="-118.71716">
        <ele>2129.0</ele>
      </trkpt>
      <trkpt lat="36.57476" lon="-118.7168">
        <ele>2092.0</ele>
      </trkpt>
      <trkpt lat="36.5752" lon="-118.71657">
        <ele>2113.0</ele>
      </trkpt>
      <trkpt lat="36.57549" lon="-118.71645">
        <ele>2115.0</ele>
      </trkpt>
      <trkpt lat="36.57552" lon="-118.71637">
        <ele>2115.0</ele>
      </trkpt>
      <trkpt lat="36.57528" lon="-118.71612">
        <ele>2100.0</ele>
      </trkpt>
      <trkpt lat="36.57527" lon="-118.71601">
        <ele>2100.0</ele>
      </trkpt>
      <trkpt lat="36.57507" lon="-118.71559">
        <ele>2100.0</ele>
      </trkpt>
      <trkpt lat="36.57496" lon="-118.71545">
        <ele>2100.0</ele>
      </trkpt>
      <trkpt lat="36.57454" lon="-118.71508">
        <ele>2104.0</ele>
      </trkpt>
      <trkpt lat="36.57438" lon="-118.71481">
        <ele>2108.0</ele>
      </trkpt>
      <trkpt lat="36.57417" lon="-118.71463">
        <ele>2100.0</ele>
      </trkpt>
      <trkpt lat="36.57411" lon="-118.71446">
        <ele>2107.0</ele>
      </trkpt>
      <trkpt lat="36.57411" lon="-118.71435">
        <ele>2107.0</ele>
      </trkpt>
      <trkpt lat="36.5742" lon="-118.71388">
        <ele>2121.0</ele>
      </trkpt>
      <trkpt lat="36.57416" lon="-118.71376">
        <ele>2121.0</ele>
      </trkpt>
      <trkpt lat="36.57398" lon="-118.71355">
        <ele>2110.0</ele>
      </trkpt>
      <trkpt lat="36.57391" lon="-118.71335">
        <ele>2109.0</ele>
      </trkpt>
      <trkpt lat="36.57411" lon="-118.71284">
        <ele>2121.0</ele>
      </trkpt>
      <trkpt lat="36.57414" lon="-118.71265">
        <ele>2121.0</ele>
      </trkpt>
      <trkpt lat="36.57422" lon="-118.71237">
        <ele>2118.0</ele>
      </trkpt>
      <trkpt lat="36.57445" lon="-118.71199">
        <ele>2113.0</ele>
      </trkpt>
      <trkpt lat="36.57465" lon="-118.71183">
        <ele>2130.0</ele>
      </trkpt>
      <trkpt lat="36.57492" lon="-118.71171">
        <ele>2118.0</ele>
      </trkpt>
      <trkpt lat="36.57502" lon="-118.71155">
        <ele>2118.0</ele>
      </trkpt>
      <trkpt lat="36.57518" lon="-118.71149">
        <ele>2113.0</ele>
      </trkpt>
      <trkpt lat="36.57571" lon="-118.71084">
        <ele>2110.0</ele>
      </trkpt>
      <trkpt lat="36.57572" lon="-118.71073">
        <ele>2110.0</ele>
      </trkpt>
      <trkpt lat="36.57588" lon="-118.71051">
        <ele>2103.0</ele>
      </trkpt>
      <trkpt lat="36.57591" lon="-118.71041">
        <ele>2101.0</ele>
      </trkpt>
      <trkpt lat="36.57579" lon="-118.71007">
        <ele>2104.0</ele>
      </trkpt>
      <trkpt lat="36.5758" lon="-118.70998">
        <ele>2104.0</ele>
      </trkpt>
      <trkpt lat="36.5757" lon="-118.70969">
        <ele>2104.0</ele>
      </trkpt>
      <trkpt lat="36.57578" lon="-118.70928">
        <ele>2100.0</ele>
      </trkpt>
      <trkpt lat="36.57593" lon="-118.70904">
        <ele>2100.0</ele>
      </trkpt>
      <trkpt lat="36.57596" lon="-118.70862">
        <ele>2103.0</ele>
      </trkpt>
      <trkpt lat="36.57567" lon="-118.70833">
        <ele>2097.0</ele>
      </trkpt>
      <trkpt lat="36.57565" lon="-118.70824">
        <ele>2097.0</ele>
      </trkpt>
      <trkpt lat="36.57583" lon="-118.70779">
        <ele>2126.0</ele>
      </trkpt>
      <trkpt lat="36.57586" lon="-118.70734">
        <ele>2126.0</ele>
      </trkpt>
      <trkpt lat="36.57593" lon="-118.70718">
        <ele>2126.0</ele>
      </trkpt>
      <trkpt lat="36.57594" lon="-118.70708">
        <ele>2130.0</ele>
      </trkpt>
      <trkpt lat="36.57585" lon="-118.70682">
        <ele>2130.0</ele>
      </trkpt>
      <trkpt lat="36.57581" lon="-118.70659">
        <ele>2136.0</ele>
      </trkpt>
      <trkpt lat="36.5758" lon="-118.70642">
        <ele>2142.0</ele>
      </trkpt>
      <trkpt lat="36.57582" lon="-118.70622">
        <ele>2138.0</ele>
      </trkpt>
      <trkpt lat="36.57608" lon="-118.70573">
        <ele>2149.0</ele>
      </trkpt>
      <trkpt lat="36.57634" lon="-118.70532">
        <ele>2147.0</ele>
      </trkpt>
      <trkpt lat="36.57652" lon="-118.70515">
        <ele>2147.0</ele>
      </trkpt>
      <trkpt lat="36.57672" lon="-118.70502">
        <ele>2150.0</ele>
      </trkpt>
      <trkpt lat="36.57676" lon="-118.70493">
        <ele>2150.0</ele>
      </trkpt>
      <trkpt lat="36.57676" lon="-118.70482">
        <ele>2146.0</ele>
      </trkpt>
      <trkpt lat="36.57666" lon="-118.70473">
        <ele>2146.0</ele>
      </trkpt>
      <trkpt lat="36.57654" lon="-118.70468">
        <ele>2146.0</ele>
      </trkpt>
      <trkpt lat="36.57648" lon="-118.70448">
        <ele>2144.0</ele>
      </trkpt>
      <trkpt lat="36.57618" lon="-118.70393">
        <ele>2160.0</ele>
      </trkpt>
      <trkpt lat="36.57611" lon="-118.70372">
        <ele>2166.0</ele>
      </trkpt>
      <trkpt lat="36.5761" lon="-118.70356">
        <ele>2166.0</ele>
      </trkpt>
      <trkpt lat="36.57619" lon="-118.70343">
        <ele>2170.0</ele>
      </trkpt>
      <trkpt lat="36.57639" lon="-118.70329">
        <ele>2176.0</ele>
      </trkpt>
      <trkpt lat="36.57649" lon="-118.70318">
        <ele>2174.0</ele>
      </trkpt>
      <trkpt lat="36.57663" lon="-118.70285">
        <ele>2164.0</ele>
      </trkpt>
      <trkpt lat="36.57681" lon="-118.70269">
        <ele>2172.0</ele>
      </trkpt>
      <trkpt lat="36.57683" lon="-118.70262">
        <ele>2166.0</ele>
      </trkpt>
      <trkpt lat="36.57659" lon="-118.70242">
        <ele>2159.0</ele>
      </trkpt>
      <trkpt lat="36.57669" lon="-118.70231">
        <ele>2157.0</ele>
      </trkpt>
      <trkpt lat="36.57667" lon="-118.70222">
        <ele>2157.0</ele>
      </trkpt>
      <trkpt lat="36.57642" lon="-118.70203">
        <ele>2150.0</ele>
      </trkpt>
      <trkpt lat="36.57643" lon="-118.70185">
        <ele>2150.0</ele>
      </trkpt>
      <trkpt lat="36.57636" lon="-118.70155">
        <ele>2149.0</ele>
      </trkpt>
      <trkpt lat="36.57631" lon="-118.70148">
        <ele>2147.0</ele>
      </trkpt>
      <trkpt lat="36.57635" lon="-118.70137">
        <ele>2147.0</ele>
      </trkpt>
      <trkpt lat="36.57645" lon="-118.70136">
        <ele>2147.0</ele>
      </trkpt>
      <trkpt lat="36.5766" lon="-118.70126">
        <ele>2156.0</ele>
      </trkpt>
      <trkpt lat="36.57675" lon="-118.70107">
        <ele>2158.0</ele>
      </trkpt>
      <trkpt lat="36.57679" lon="-118.70096">
        <ele>2163.0</ele>
      </trkpt>
      <trkpt lat="36.57668" lon="-118.70091">
        <ele>2163.0</ele>
      </trkpt>
      <trkpt lat="36.57648" lon="-118.7006">
        <ele>2162.0</ele>
      </trkpt>
      <trkpt lat="36.57633" lon="-118.70073">
        <ele>2155.0</ele>
      </trkpt>
      <trkpt lat="36.57615" lon="-118.70078">
        <ele>2151.0</ele>
      </trkpt>
      <trkpt lat="36.57602" lon="-118.70069">
        <ele>2161.0</ele>
      </trkpt>
      <trkpt lat="36.57549" lon="-118.6996">
        <ele>2168.0</ele>
      </trkpt>
      <trkpt lat="36.57547" lon="-118.69912">
        <ele>2177.0</ele>
      </trkpt>
      <trkpt lat="36.57538" lon="-118.69898">
        <ele>2182.0</ele>
      </trkpt>
      <trkpt lat="36.57517" lon="-118.69893">
        <ele>2182.0</ele>
      </trkpt>
      <trkpt lat="36.57492" lon="-118.69897">
        <ele>2184.0</ele>
      </trkpt>
      <trkpt lat="36.57466" lon="-118.69894">
        <ele>2188.0</ele>
      </trkpt>
      <trkpt lat="36.57439" lon="-118.6988">
        <ele>2187.0</ele>
      </trkpt>
      <trkpt lat="36.57424" lon="-118.69857">
        <ele>2195.0</ele>
      </trkpt>
      <trkpt lat="36.57394" lon="-118.69831">
        <ele>2197.0</ele>
      </trkpt>
      <trkpt lat="36.57381" lon="-118.69825">
        <ele>2197.0</ele>
      </trkpt>
      <trkpt lat="36.57362" lon="-118.69809">
        <ele>2198.0</ele>
      </trkpt>
      <trkpt lat="36.57363" lon="-118.698">
        <ele>2198.0</ele>
      </trkpt>
      <trkpt lat="36.57357" lon="-118.69787">
        <ele>2205.0</ele>
      </trkpt>
      <trkpt lat="36.57327" lon="-118.69778">
        <ele>2197.0</ele>
      </trkpt>
      <trkpt lat="36.57314" lon="-118.69771">
        <ele>2190.0</ele>
      </trkpt>
      <trkpt lat="36.57305" lon="-118.6973">
        <ele>2206.0</ele>
      </trkpt>
      <trkpt lat="36.57315" lon="-118.69714">
        <ele>2206.0</ele>
      </trkpt>
      <trkpt lat="36.57312" lon="-118.69703">
        <ele>2213.0</ele>
      </trkpt>
      <trkpt lat="36.57307" lon="-118.697">
        <ele>2213.0</ele>
      </trkpt>
      <trkpt lat="36.57297" lon="-118.697">
        <ele>2213.0</ele>
      </trkpt>
      <trkpt lat="36.57284" lon="-118.69688">
        <ele>2217.0</ele>
      </trkpt>
      <trkpt lat="36.57266" lon="-118.69686">
        <ele>2217.0</ele>
      </trkpt>
      <trkpt lat="36.57246" lon="-118.69676">
        <ele>2240.0</ele>
      </trkpt>
      <trkpt lat="36.57208" lon="-118.69668">
        <ele>2241.0</ele>
      </trkpt>
      <trkpt lat="36.57187" lon="-118.69669">
        <ele>2241.0</ele>
      </trkpt>
      <trkpt lat="36.57176" lon="-118.69676">
        <ele>2238.0</ele>
      </trkpt>
      <trkpt lat="36.57155" lon="-118.69698">
        <ele>2233.0</ele>
      </trkpt>
      <trkpt lat="36.57128" lon="-118.69687">
        <ele>2228.0</ele>
      </trkpt>
      <trkpt lat="36.57114" lon="-118.69688">
        <ele>2223.0</ele>
      </trkpt>
      <trkpt lat="36.57105" lon="-118.69681">
        <ele>2223.0</ele>
      </trkpt>
      <trkpt lat="36.57089" lon="-118.69677">
        <ele>2236.0</ele>
      </trkpt>
      <trkpt lat="36.57053" lon="-118.6968">
        <ele>2239.0</ele>
      </trkpt>
      <trkpt lat="36.57032" lon="-118.69675">
        <ele>2244.0</ele>
      </trkpt>
      <trkpt lat="36.57027980980665" lon="-118.696754465577">
        <ele>2244.0</ele>
      </trkpt>
      <trkpt lat="36.57027980984304" lon="-118.696754465577">
        <ele>2244.0</ele>
      </trkpt>
      <trkpt lat="36.57014" lon="-118.69677">
        <ele>2244.0</ele>
      </trkpt>
      <trkpt lat="36.56983" lon="-118.69663">
        <ele>2232.0</ele>
      </trkpt>
      <trkpt lat="36.56977" lon="-118.69656">
        <ele>2232.0</ele>
      </trkpt>
      <trkpt lat="36.56976" lon="-118.69645">
        <ele>2235.0</ele>
      </trkpt>
      <trkpt lat="36.56982" lon="-118.69629">
        <ele>2235.0</ele>
      </trkpt>
      <trkpt lat="36.56982" lon="-118.69629">
        <ele>2235.0</ele>
      </trkpt>
      <trkpt lat="36.57" lon="-118.69594">
        <ele>2249.0</ele>
      </trkpt>
      <trkpt lat="36.56996" lon="-118.69578">
        <ele>2249.0</ele>
      </trkpt>
      <trkpt lat="36.56983" lon="-118.69557">
        <ele>2241.0</ele>
      </trkpt>
      <trkpt lat="36.56993" lon="-118.69514">
        <ele>2257.0</ele>
      </trkpt>
      <trkpt lat="36.57027" lon="-118.6945">
        <ele>2266.0</ele>
      </trkpt>
      <trkpt lat="36.5705" lon="-118.69382">
        <ele>2276.0</ele>
      </trkpt>
      <trkpt lat="36.57061" lon="-118.69329">
        <ele>2270.0</ele>
      </trkpt>
      <trkpt lat="36.57089" lon="-118.69282">
        <ele>2260.0</ele>
      </trkpt>
      <trkpt lat="36.5713" lon="-118.69167">
        <ele>2265.0</ele>
      </trkpt>
      <trkpt lat="36.57148" lon="-118.69137">
        <ele>2261.0</ele>
      </trkpt>
      <trkpt lat="36.57166" lon="-118.69092">
        <ele>2276.0</ele>
      </trkpt>
      <trkpt lat="36.57166" lon="-118.69076">
        <ele>2276.0</ele>
      </trkpt>
      <trkpt lat="36.57174" lon="-118.69057">
        <ele>2276.0</ele>
      </trkpt>
      <trkpt lat="36.57166" lon="-118.6903">
        <ele>2278.0</ele>
      </trkpt>
      <trkpt lat="36.57171" lon="-118.69012">
        <ele>2283.0</ele>
      </trkpt>
      <trkpt lat="36.57165" lon="-118.68982">
        <ele>2286.0</ele>
      </trkpt>
      <trkpt lat="36.57169" lon="-118.68935">
        <ele>2284.0</ele>
      </trkpt>
      <trkpt lat="36.57157" lon="-118.68863">
        <ele>2295.0</ele>
      </trkpt>
      <trkpt lat="36.57153" lon="-118.68825">
        <ele>2294.0</ele>
      </trkpt>
      <trkpt lat="36.57171" lon="-118.68795">
        <ele>2291.0</ele>
      </trkpt>
      <trkpt lat="36.57194" lon="-118.68715">
        <ele>2307.0</ele>
      </trkpt>
      <trkpt lat="36.57195" lon="-118.68678">
        <ele>2312.0</ele>
      </trkpt>
      <trkpt lat="36.57181" lon="-118.6861">
        <ele>2313.0</ele>
      </trkpt>
      <trkpt lat="36.57182" lon="-118.68529">
        <ele>2309.0</ele>
      </trkpt>
      <trkpt lat="36.57194" lon="-118.68501">
        <ele>2308.0</ele>
      </trkpt>
      <trkpt lat="36.57203241614265" lon="-118.6848693667394">
        <ele>2308.0</ele>
      </trkpt>
      <trkpt lat="36.57203241622498" lon="-118.6848693667394">
        <ele>2308.0</ele>
      </trkpt>
      <trkpt lat="36.57217" lon="-118.68466">
        <ele>2324.0</ele>
      </trkpt>
      <trkpt lat="36.5725" lon="-118.68377">
        <ele>2331.0</ele>
      </trkpt>
      <trkpt lat="36.5724" lon="-118.68342">
        <ele>2341.0</ele>
      </trkpt>
      <trkpt lat="36.57221" lon="-118.68332">
        <ele>2331.0</ele>
      </trkpt>
      <trkpt lat="36.57191" lon="-118.68302">
        <ele>2330.0</ele>
      </trkpt>
      <trkpt lat="36.5716" lon="-118.68288">
        <ele>2342.0</ele>
      </trkpt>
      <trkpt lat="36.57091" lon="-118.68274">
        <ele>2316.0</ele>
      </trkpt>
      <trkpt lat="36.57083" lon="-118.68255">
        <ele>2322.0</ele>
      </trkpt>
      <trkpt lat="36.57082" lon="-118.68208">
        <ele>2328.0</ele>
      </trkpt>
      <trkpt lat="36.5707" lon="-118.68186">
        <ele>2328.0</ele>
      </trkpt>
      <trkpt lat="36.57066" lon="-118.68158">
        <ele>2314.0</ele>
      </trkpt>
      <trkpt lat="36.57054" lon="-118.68116">
        <ele>2336.0</ele>
      </trkpt>
      <trkpt lat="36.57034" lon="-118.68108">
        <ele>2329.0</ele>
      </trkpt>
      <trkpt lat="36.56997" lon="-118.681">
        <ele>2321.0</ele>
      </trkpt>
      <trkpt lat="36.56982" lon="-118.68091">
        <ele>2324.0</ele>
      </trkpt>
      <trkpt lat="36.56969" lon="-118.68065">
        <ele>2333.0</ele>
      </trkpt>
      <trkpt lat="36.56955" lon="-118.6803">
        <ele>2320.0</ele>
      </trkpt>
      <trkpt lat="36.5695" lon="-118.67984">
        <ele>2315.0</ele>
      </trkpt>
      <trkpt lat="36.56952" lon="-118.67942">
        <ele>2313.0</ele>
      </trkpt>
      <trkpt lat="36.56962" lon="-118.67922">
        <ele>2328.0</ele>
      </trkpt>
      <trkpt lat="36.56962" lon="-118.67922">
        <ele>2328.0</ele>
      </trkpt>
      <trkpt lat="36.56962" lon="-118.67922">
        <ele>2328.0</ele>
      </trkpt>
      <trkpt lat="36.56987" lon="-118.67884">
        <ele>2339.0</ele>
      </trkpt>
      <trkpt lat="36.56995" lon="-118.67863">
        <ele>2336.0</ele>
      </trkpt>
      <trkpt lat="36.57009" lon="-118.678">
        <ele>2330.0</ele>
      </trkpt>
      <trkpt lat="36.57002" lon="-118.6777">
        <ele>2330.0</ele>
      </trkpt>
      <trkpt lat="36.56998810937727" lon="-118.6773093398715">
        <ele>2330.0</ele>
      </trkpt>
      <trkpt lat="36.56998810937894" lon="-118.6773093398715">
        <ele>2330.0</ele>
      </trkpt>
      <trkpt lat="36.56998" lon="-118.67721">
        <ele>2330.0</ele>
      </trkpt>
      <trkpt lat="36.57003" lon="-118.67695">
        <ele>2333.0</ele>
      </trkpt>
      <trkpt lat="36.56996" lon="-118.67667">
        <ele>2338.0</ele>
      </trkpt>
      <trkpt lat="36.56988" lon="-118.67604">
        <ele>2346.0</ele>
      </trkpt>
      <trkpt lat="36.56994" lon="-118.67579">
        <ele>2348.0</ele>
      </trkpt>
      <trkpt lat="36.56992" lon="-118.67571">
        <ele>2348.0</ele>
      </trkpt>
      <trkpt lat="36.56999" lon="-118.6755">
        <ele>2346.0</ele>
      </trkpt>
      <trkpt lat="36.56999" lon="-118.6754">
        <ele>2343.0</ele>
      </trkpt>
      <trkpt lat="36.56991" lon="-118.67527">
        <ele>2343.0</ele>
      </trkpt>
      <trkpt lat="36.56975" lon="-118.67513">
        <ele>2306.0</ele>
      </trkpt>
      <trkpt lat="36.56973" lon="-118.67496">
        <ele>2306.0</ele>
      </trkpt>
      <trkpt lat="36.56985" lon="-118.67468">
        <ele>2309.0</ele>
      </trkpt>
      <trkpt lat="36.56986" lon="-118.67446">
        <ele>2317.0</ele>
      </trkpt>
      <trkpt lat="36.5699" lon="-118.67432">
        <ele>2342.0</ele>
      </trkpt>
      <trkpt lat="36.5699" lon="-118.67432">
        <ele>2342.0</ele>
      </trkpt>
      <trkpt lat="36.56985" lon="-118.67424">
        <ele>2319.0</ele>
      </trkpt>
      <trkpt lat="36.56985" lon="-118.67398">
        <ele>2328.0</ele>
      </trkpt>
      <trkpt lat="36.56971" lon="-118.67383">
        <ele>2328.0</ele>
      </trkpt>
      <trkpt lat="36.56914" lon="-118.67344">
        <ele>2320.0</ele>
      </trkpt>
      <trkpt lat="36.56892" lon="-118.67322">
        <ele>2309.0</ele>
      </trkpt>
      <trkpt lat="36.56886" lon="-118.67291">
        <ele>2321.0</ele>
      </trkpt>
      <trkpt lat="36.56881" lon="-118.67283">
        <ele>2321.0</ele>
      </trkpt>
      <trkpt lat="36.56873" lon="-118.67279">
        <ele>2308.0</ele>
      </trkpt>
      <trkpt lat="36.5686" lon="-118.67255">
        <ele>2317.0</ele>
      </trkpt>
      <trkpt lat="36.56836" lon="-118.67242">
        <ele>2297.0</ele>
      </trkpt>
      <trkpt lat="36.5681" lon="-118.6722">
        <ele>2283.0</ele>
      </trkpt>
      <trkpt lat="36.56799" lon="-118.67193">
        <ele>2291.0</ele>
      </trkpt>
      <trkpt lat="36.56794" lon="-118.67171">
        <ele>2291.0</ele>
      </trkpt>
      <trkpt lat="36.56783" lon="-118.67149">
        <ele>2266.0</ele>
      </trkpt>
      <trkpt lat="36.56783" lon="-118.67129">
        <ele>2266.0</ele>
      </trkpt>
      <trkpt lat="36.56786" lon="-118.67114">
        <ele>2253.0</ele>
      </trkpt>
      <trkpt lat="36.56835" lon="-118.67073">
        <ele>2275.0</ele>
      </trkpt>
      <trkpt lat="36.56868" lon="-118.6702">
        <ele>2261.0</ele>
      </trkpt>
      <trkpt lat="36.56889" lon="-118.67013">
        <ele>2271.0</ele>
      </trkpt>
      <trkpt lat="36.56905" lon="-118.67011">
        <ele>2288.0</ele>
      </trkpt>
      <trkpt lat="36.56907" lon="-118.67003">
        <ele>2288.0</ele>
      </trkpt>
      <trkpt lat="36.56905" lon="-118.66994">
        <ele>2288.0</ele>
      </trkpt>
      <trkpt lat="36.56906" lon="-118.6699">
        <ele>2288.0</ele>
      </trkpt>
      <trkpt lat="36.56897" lon="-118.66975">
        <ele>2267.0</ele>
      </trkpt>
      <trkpt lat="36.56899" lon="-118.66962">
        <ele>2267.0</ele>
      </trkpt>
      <trkpt lat="36.56905" lon="-118.66948">
        <ele>2285.0</ele>
      </trkpt>
      <trkpt lat="36.56917" lon="-118.66932">
        <ele>2285.0</ele>
      </trkpt>
      <trkpt lat="36.56915" lon="-118.6692">
        <ele>2294.0</ele>
      </trkpt>
      <trkpt lat="36.56911" lon="-118.66912">
        <ele>2294.0</ele>
      </trkpt>
      <trkpt lat="36.56841" lon="-118.6691">
        <ele>2265.0</ele>
      </trkpt>
      <trkpt lat="36.56834" lon="-118.66907">
        <ele>2265.0</ele>
      </trkpt>
      <trkpt lat="36.56828" lon="-118.66878">
        <ele>2280.0</ele>
      </trkpt>
      <trkpt lat="36.56819" lon="-118.6687">
        <ele>2283.0</ele>
      </trkpt>
      <trkpt lat="36.56764" lon="-118.66859">
        <ele>2265.0</ele>
      </trkpt>
      <trkpt lat="36.56755" lon="-118.66842">
        <ele>2254.0</ele>
      </trkpt>
      <trkpt lat="36.56749" lon="-118.66809">
        <ele>2259.0</ele>
      </trkpt>
      <trkpt lat="36.56749" lon="-118.66788">
        <ele>2262.0</ele>
      </trkpt>
      <trkpt lat="36.56768" lon="-118.66749">
        <ele>2282.0</ele>
      </trkpt>
      <trkpt lat="36.56767" lon="-118.66742">
        <ele>2282.0</ele>
      </trkpt>
      <trkpt lat="36.56724" lon="-118.66725">
        <ele>2256.0</ele>
      </trkpt>
      <trkpt lat="36.56716" lon="-118.66708">
        <ele>2261.0</ele>
      </trkpt>
      <trkpt lat="36.56709" lon="-118.66702">
        <ele>2261.0</ele>
      </trkpt>
      <trkpt lat="36.56701" lon="-118.66689">
        <ele>2235.0</ele>
      </trkpt>
      <trkpt lat="36.56699" lon="-118.6667">
        <ele>2236.0</ele>
      </trkpt>
      <trkpt lat="36.56715" lon="-118.66604">
        <ele>2258.0</ele>
      </trkpt>
      <trkpt lat="36.56731" lon="-118.66563">
        <ele>2235.0</ele>
      </trkpt>
      <trkpt lat="36.56746" lon="-118.66549">
        <ele>2270.0</ele>
      </trkpt>
      <trkpt lat="36.56749" lon="-118.66533">
        <ele>2264.0</ele>
      </trkpt>
      <trkpt lat="36.56747" lon="-118.66517">
        <ele>2264.0</ele>
      </trkpt>
      <trkpt lat="36.56756" lon="-118.66491">
        <ele>2257.0</ele>
      </trkpt>
      <trkpt lat="36.56772" lon="-118.66454">
        <ele>2263.0</ele>
      </trkpt>
      <trkpt lat="36.56813" lon="-118.66373">
        <ele>2257.0</ele>
      </trkpt>
      <trkpt lat="36.56825" lon="-118.66361">
        <ele>2278.0</ele>
      </trkpt>
      <trkpt lat="36.56824" lon="-118.6635">
        <ele>2278.0</ele>
      </trkpt>
      <trkpt lat="36.56819" lon="-118.66343">
        <ele>2261.0</ele>
      </trkpt>
      <trkpt lat="36.56801" lon="-118.66322">
        <ele>2261.0</ele>
      </trkpt>
      <trkpt lat="36.56796" lon="-118.66312">
        <ele>2272.0</ele>
      </trkpt>
      <trkpt lat="36.56764" lon="-118.66276">
        <ele>2269.0</ele>
      </trkpt>
      <trkpt lat="36.5677" lon="-118.66263">
        <ele>2278.0</ele>
      </trkpt>
      <trkpt lat="36.56769" lon="-118.66228">
        <ele>2285.0</ele>
      </trkpt>
      <trkpt lat="36.56749" lon="-118.66218">
        <ele>2272.0</ele>
      </trkpt>
      <trkpt lat="36.56742" lon="-118.66206">
        <ele>2273.0</ele>
      </trkpt>
      <trkpt lat="36.5675" lon="-118.66183">
        <ele>2273.0</ele>
      </trkpt>
      <trkpt lat="36.56746" lon="-118.66172">
        <ele>2274.0</ele>
      </trkpt>
      <trkpt lat="36.56729" lon="-118.66146">
        <ele>2261.0</ele>
      </trkpt>
      <trkpt lat="36.56731" lon="-118.66133">
        <ele>2261.0</ele>
      </trkpt>
      <trkpt lat="36.56748" lon="-118.66102">
        <ele>2273.0</ele>
      </trkpt>
      <trkpt lat="36.56761" lon="-118.66066">
        <ele>2267.0</ele>
      </trkpt>
      <trkpt lat="36.56759" lon="-118.66036">
        <ele>2267.0</ele>
      </trkpt>
      <trkpt lat="36.56769" lon="-118.65976">
        <ele>2281.0</ele>
      </trkpt>
      <trkpt lat="36.56766" lon="-118.65944">
        <ele>2274.0</ele>
      </trkpt>
      <trkpt lat="36.56773" lon="-118.65928">
        <ele>2270.0</ele>
      </trkpt>
      <trkpt lat="36.56795" lon="-118.65889">
        <ele>2276.0</ele>
      </trkpt>
      <trkpt lat="36.568" lon="-118.65864">
        <ele>2268.0</ele>
      </trkpt>
      <trkpt lat="36.56816" lon="-118.65846">
        <ele>2249.0</ele>
      </trkpt>
      <trkpt lat="36.56818" lon="-118.65824">
        <ele>2249.0</ele>
      </trkpt>
      <trkpt lat="36.56827" lon="-118.65809">
        <ele>2261.0</ele>
      </trkpt>
      <trkpt lat="36.56833" lon="-118.65803">
        <ele>2261.0</ele>
      </trkpt>
      <trkpt lat="36.56835" lon="-118.65793">
        <ele>2261.0</ele>
      </trkpt>
      <trkpt lat="36.56834" lon="-118.65786">
        <ele>2272.0</ele>
      </trkpt>
      <trkpt lat="36.56822" lon="-118.65776">
        <ele>2272.0</ele>
      </trkpt>
      <trkpt lat="36.56815" lon="-118.65765">
        <ele>2256.0</ele>
      </trkpt>
      <trkpt lat="36.56804" lon="-118.6572">
        <ele>2287.0</ele>
      </trkpt>
      <trkpt lat="36.56795" lon="-118.65693">
        <ele>2303.0</ele>
      </trkpt>
      <trkpt lat="36.56747" lon="-118.65631">
        <ele>2300.0</ele>
      </trkpt>
      <trkpt lat="36.56746" lon="-118.65618">
        <ele>2305.0</ele>
      </trkpt>
      <trkpt lat="36.5673" lon="-118.65607">
        <ele>2283.0</ele>
      </trkpt>
      <trkpt lat="36.56726" lon="-118.6556">
        <ele>2296.0</ele>
      </trkpt>
      <trkpt lat="36.56727" lon="-118.65532">
        <ele>2294.0</ele>
      </trkpt>
      <trkpt lat="36.56736" lon="-118.65497">
        <ele>2291.0</ele>
      </trkpt>
      <trkpt lat="36.5674" lon="-118.6546">
        <ele>2306.0</ele>
      </trkpt>
      <trkpt lat="36.56755" lon="-118.65407">
        <ele>2289.0</ele>
      </trkpt>
      <trkpt lat="36.56787" lon="-118.65345">
        <ele>2275.0</ele>
      </trkpt>
      <trkpt lat="36.56862" lon="-118.65234">
        <ele>2271.0</ele>
      </trkpt>
      <trkpt lat="36.56862" lon="-118.65234">
        <ele>2271.0</ele>
      </trkpt>
      <trkpt lat="36.56874" lon="-118.65211">
        <ele>2271.0</ele>
      </trkpt>
      <trkpt lat="36.56901" lon="-118.65173">
        <ele>2276.0</ele>
      </trkpt>
      <trkpt lat="36.56903" lon="-118.65145">
        <ele>2285.0</ele>
      </trkpt>
      <trkpt lat="36.56912" lon="-118.65117">
        <ele>2282.0</ele>
      </trkpt>
      <trkpt lat="36.5691" lon="-118.65097">
        <ele>2279.0</ele>
      </trkpt>
      <trkpt lat="36.56913" lon="-118.65019">
        <ele>2278.0</ele>
      </trkpt>
      <trkpt lat="36.56912" lon="-118.64975">
        <ele>2275.0</ele>
      </trkpt>
      <trkpt lat="36.56929" lon="-118.64855">
        <ele>2266.0</ele>
      </trkpt>
      <trkpt lat="36.56949" lon="-118.64817">
        <ele>2271.0</ele>
      </trkpt>
      <trkpt lat="36.56959" lon="-118.64786">
        <ele>2284.0</ele>
      </trkpt>
      <trkpt lat="36.56971" lon="-118.64772">
        <ele>2284.0</ele>
      </trkpt>
      <trkpt lat="36.56986" lon="-118.64733">
        <ele>2278.0</ele>
      </trkpt>
      <trkpt lat="36.56988" lon="-118.6472">
        <ele>2293.0</ele>
      </trkpt>
      <trkpt lat="36.57003" lon="-118.64701">
        <ele>2291.0</ele>
      </trkpt>
      <trkpt lat="36.57007" lon="-118.64659">
        <ele>2292.0</ele>
      </trkpt>
      <trkpt lat="36.57011" lon="-118.64636">
        <ele>2296.0</ele>
      </trkpt>
      <trkpt lat="36.5702" lon="-118.64605">
        <ele>2302.0</ele>
      </trkpt>
      <trkpt lat="36.57026" lon="-118.64569">
        <ele>2300.0</ele>
      </trkpt>
      <trkpt lat="36.57039" lon="-118.64553">
        <ele>2300.0</ele>
      </trkpt>
      <trkpt lat="36.57062" lon="-118.64551">
        <ele>2307.0</ele>
      </trkpt>
      <trkpt lat="36.57073" lon="-118.64547">
        <ele>2307.0</ele>
      </trkpt>
      <trkpt lat="36.57111" lon="-118.64508">
        <ele>2304.0</ele>
      </trkpt>
      <trkpt lat="36.57096" lon="-118.64479">
        <ele>2281.0</ele>
      </trkpt>
      <trkpt lat="36.57055" lon="-118.64421">
        <ele>2277.0</ele>
      </trkpt>
      <trkpt lat="36.57049" lon="-118.64395">
        <ele>2292.0</ele>
      </trkpt>
      <trkpt lat="36.57049" lon="-118.64381">
        <ele>2292.0</ele>
      </trkpt>
      <trkpt lat="36.57066" lon="-118.64327">
        <ele>2315.0</ele>
      </trkpt>
      <trkpt lat="36.57064" lon="-118.6432">
        <ele>2315.0</ele>
      </trkpt>
      <trkpt lat="36.57016" lon="-118.64305">
        <ele>2321.0</ele>
      </trkpt>
      <trkpt lat="36.56957" lon="-118.64305">
        <ele>2307.0</ele>
      </trkpt>
      <trkpt lat="36.56947" lon="-118.64304">
        <ele>2307.0</ele>
      </trkpt>
      <trkpt lat="36.56937" lon="-118.643">
        <ele>2307.0</ele>
      </trkpt>
      <trkpt lat="36.56911" lon="-118.64274">
        <ele>2307.0</ele>
      </trkpt>
      <trkpt lat="36.56885" lon="-118.64241">
        <ele>2305.0</ele>
      </trkpt>
      <trkpt lat="36.56872" lon="-118.64219">
        <ele>2303.0</ele>
      </trkpt>
      <trkpt lat="36.56873" lon="-118.64208">
        <ele>2306.0</ele>
      </trkpt>
      <trkpt lat="36.56894" lon="-118.64169">
        <ele>2305.0</ele>
      </trkpt>
      <trkpt lat="36.56899" lon="-118.64154">
        <ele>2305.0</ele>
      </trkpt>
      <trkpt lat="36.56931" lon="-118.641">
        <ele>2319.0</ele>
      </trkpt>
      <trkpt lat="36.56937" lon="-118.64087">
        <ele>2318.0</ele>
      </trkpt>
      <trkpt lat="36.56939" lon="-118.6407">
        <ele>2318.0</ele>
      </trkpt>
      <trkpt lat="36.56933" lon="-118.64054">
        <ele>2324.0</ele>
      </trkpt>
      <trkpt lat="36.56912" lon="-118.64013">
        <ele>2311.0</ele>
      </trkpt>
      <trkpt lat="36.5691" lon="-118.64001">
        <ele>2311.0</ele>
      </trkpt>
      <trkpt lat="36.56902" lon="-118.63984">
        <ele>2300.0</ele>
      </trkpt>
      <trkpt lat="36.56884" lon="-118.63958">
        <ele>2300.0</ele>
      </trkpt>
      <trkpt lat="36.56879" lon="-118.63921">
        <ele>2300.0</ele>
      </trkpt>
      <trkpt lat="36.5688" lon="-118.6389">
        <ele>2299.0</ele>
      </trkpt>
      <trkpt lat="36.56893" lon="-118.63846">
        <ele>2295.0</ele>
      </trkpt>
      <trkpt lat="36.56911" lon="-118.63813">
        <ele>2303.0</ele>
      </trkpt>
      <trkpt lat="36.56915" lon="-118.63788">
        <ele>2297.0</ele>
      </trkpt>
      <trkpt lat="36.56928" lon="-118.63757">
        <ele>2291.0</ele>
      </trkpt>
      <trkpt lat="36.56934" lon="-118.63726">
        <ele>2300.0</ele>
      </trkpt>
      <trkpt lat="36.56933" lon="-118.63716">
        <ele>2300.0</ele>
      </trkpt>
      <trkpt lat="36.56922" lon="-118.63698">
        <ele>2287.0</ele>
      </trkpt>
      <trkpt lat="36.56919" lon="-118.63683">
        <ele>2287.0</ele>
      </trkpt>
      <trkpt lat="36.56921" lon="-118.63671">
        <ele>2291.0</ele>
      </trkpt>
      <trkpt lat="36.56936" lon="-118.63644">
        <ele>2300.0</ele>
      </trkpt>
      <trkpt lat="36.56938" lon="-118.63631">
        <ele>2300.0</ele>
      </trkpt>
      <trkpt lat="36.56933" lon="-118.63599">
        <ele>2297.0</ele>
      </trkpt>
      <trkpt lat="36.56941" lon="-118.63567">
        <ele>2284.0</ele>
      </trkpt>
      <trkpt lat="36.56943" lon="-118.63549">
        <ele>2284.0</ele>
      </trkpt>
      <trkpt lat="36.56953" lon="-118.63521">
        <ele>2276.0</ele>
      </trkpt>
      <trkpt lat="36.56967" lon="-118.63495">
        <ele>2283.0</ele>
      </trkpt>
      <trkpt lat="36.56981" lon="-118.63457">
        <ele>2276.0</ele>
      </trkpt>
      <trkpt lat="36.5698" lon="-118.63409">
        <ele>2269.0</ele>
      </trkpt>
      <trkpt lat="36.56982" lon="-118.63401">
        <ele>2262.0</ele>
      </trkpt>
      <trkpt lat="36.56992" lon="-118.63385">
        <ele>2275.0</ele>
      </trkpt>
      <trkpt lat="36.57026" lon="-118.63316">
        <ele>2253.0</ele>
      </trkpt>
      <trkpt lat="36.57046" lon="-118.63295">
        <ele>2276.0</ele>
      </trkpt>
      <trkpt lat="36.57062" lon="-118.6326">
        <ele>2248.0</ele>
      </trkpt>
      <trkpt lat="36.57087" lon="-118.63234">
        <ele>2251.0</ele>
      </trkpt>
      <trkpt lat="36.57095" lon="-118.63233">
        <ele>2251.0</ele>
      </trkpt>
      <trkpt lat="36.571" lon="-118.6323">
        <ele>2267.0</ele>
      </trkpt>
      <trkpt lat="36.57102" lon="-118.63211">
        <ele>2267.0</ele>
      </trkpt>
      <trkpt lat="36.57107" lon="-118.632">
        <ele>2255.0</ele>
      </trkpt>
      <trkpt lat="36.57124" lon="-118.6317">
        <ele>2241.0</ele>
      </trkpt>
      <trkpt lat="36.57141" lon="-118.63149">
        <ele>2245.0</ele>
      </trkpt>
      <trkpt lat="36.57146" lon="-118.63129">
        <ele>2245.0</ele>
      </trkpt>
      <trkpt lat="36.57169" lon="-118.63095">
        <ele>2236.0</ele>
      </trkpt>
      <trkpt lat="36.57198" lon="-118.63037">
        <ele>2228.0</ele>
      </trkpt>
      <trkpt lat="36.57198" lon="-118.63037">
        <ele>2228.0</ele>
      </trkpt>
      <trkpt lat="36.57208" lon="-118.6302">
        <ele>2228.0</ele>
      </trkpt>
      <trkpt lat="36.57213" lon="-118.63003">
        <ele>2234.0</ele>
      </trkpt>
      <trkpt lat="36.57232" lon="-118.62974">
        <ele>2227.0</ele>
      </trkpt>
      <trkpt lat="36.57256" lon="-118.62918">
        <ele>2222.0</ele>
      </trkpt>
      <trkpt lat="36.57258" lon="-118.62906">
        <ele>2222.0</ele>
      </trkpt>
      <trkpt lat="36.57255" lon="-118.62906">
        <ele>2222.0</ele>
      </trkpt>
      <trkpt lat="36.57245" lon="-118.62913">
        <ele>2222.0</ele>
      </trkpt>
      <trkpt lat="36.57234" lon="-118.62915">
        <ele>2212.0</ele>
      </trkpt>
      <trkpt lat="36.57224" lon="-118.6291">
        <ele>2212.0</ele>
      </trkpt>
      <trkpt lat="36.57215" lon="-118.62909">
        <ele>2212.0</ele>
      </trkpt>
      <trkpt lat="36.57215" lon="-118.629">
        <ele>2209.0</ele>
      </trkpt>
      <trkpt lat="36.57228" lon="-118.62888">
        <ele>2209.0</ele>
      </trkpt>
      <trkpt lat="36.57227" lon="-118.62883">
        <ele>2209.0</ele>
      </trkpt>
      <trkpt lat="36.57215" lon="-118.62875">
        <ele>2216.0</ele>
      </trkpt>
      <trkpt lat="36.57211" lon="-118.62869">
        <ele>2216.0</ele>
      </trkpt>
      <trkpt lat="36.57212" lon="-118.62865">
        <ele>2216.0</ele>
      </trkpt>
      <trkpt lat="36.57212" lon="-118.62865">
        <ele>2216.0</ele>
      </trkpt>
      <trkpt lat="36.57212" lon="-118.62853">
        <ele>2216.0</ele>
      </trkpt>
      <trkpt lat="36.57212" lon="-118.62853">
        <ele>2216.0</ele>
      </trkpt>
      <trkpt lat="36.5723" lon="-118.62839">
        <ele>2230.0</ele>
      </trkpt>
      <trkpt lat="36.57236" lon="-118.6283">
        <ele>2230.0</ele>
      </trkpt>
      <trkpt lat="36.57172" lon="-118.6284">
        <ele>2226.0</ele>
      </trkpt>
      <trkpt lat="36.57157" lon="-118.62832">
        <ele>2226.0</ele>
      </trkpt>
      <trkpt lat="36.5716" lon="-118.62829">
        <ele>2226.0</ele>
      </trkpt>
      <trkpt lat="36.57174" lon="-118.62828">
        <ele>2226.0</ele>
      </trkpt>
      <trkpt lat="36.57178" lon="-118.62819">
        <ele>2237.0</ele>
      </trkpt>
      <trkpt lat="36.57154" lon="-118.62797">
        <ele>2237.0</ele>
      </trkpt>
      <trkpt lat="36.5714" lon="-118.62773">
        <ele>2246.0</ele>
      </trkpt>
      <trkpt lat="36.57136" lon="-118.62739">
        <ele>2260.0</ele>
      </trkpt>
      <trkpt lat="36.57128" lon="-118.62734">
        <ele>2277.0</ele>
      </trkpt>
      <trkpt lat="36.5711" lon="-118.62744">
        <ele>2265.0</ele>
      </trkpt>
      <trkpt lat="36.571" lon="-118.62743">
        <ele>2265.0</ele>
      </trkpt>
      <trkpt lat="36.57073" lon="-118.62751">
        <ele>2269.0</ele>
      </trkpt>
      <trkpt lat="36.56927" lon="-118.62784">
        <ele>2279.0</ele>
      </trkpt>
      <trkpt lat="36.56861" lon="-118.62789">
        <ele>2294.0</ele>
      </trkpt>
      <trkpt lat="36.56786" lon="-118.62818">
        <ele>2303.0</ele>
      </trkpt>
      <trkpt lat="36.56775" lon="-118.62827">
        <ele>2296.0</ele>
      </trkpt>
      <trkpt lat="36.56733" lon="-118.62844">
        <ele>2298.0</ele>
      </trkpt>
      <trkpt lat="36.5673" lon="-118.6284">
        <ele>2298.0</ele>
      </trkpt>
      <trkpt lat="36.56731" lon="-118.62834">
        <ele>2298.0</ele>
      </trkpt>
      <trkpt lat="36.5674" lon="-118.62822">
        <ele>2294.0</ele>
      </trkpt>
      <trkpt lat="36.56755" lon="-118.62795">
        <ele>2301.0</ele>
      </trkpt>
      <trkpt lat="36.56776" lon="-118.62767">
        <ele>2304.0</ele>
      </trkpt>
      <trkpt lat="36.56792" lon="-118.62761">
        <ele>2313.0</ele>
      </trkpt>
      <trkpt lat="36.56812" lon="-118.62719">
        <ele>2318.0</ele>
      </trkpt>
      <trkpt lat="36.56819" lon="-118.6271">
        <ele>2318.0</ele>
      </trkpt>
      <trkpt lat="36.56898" lon="-118.62645">
        <ele>2330.0</ele>
      </trkpt>
      <trkpt lat="36.56912" lon="-118.62625">
        <ele>2333.0</ele>
      </trkpt>
      <trkpt lat="36.56921" lon="-118.62617">
        <ele>2333.0</ele>
      </trkpt>
      <trkpt lat="36.56934" lon="-118.62614">
        <ele>2333.0</ele>
      </trkpt>
      <trkpt lat="36.56951" lon="-118.62602">
        <ele>2333.0</ele>
      </trkpt>
      <trkpt lat="36.5696" lon="-118.6258">
        <ele>2344.0</ele>
      </trkpt>
      <trkpt lat="36.5697" lon="-118.62567">
        <ele>2354.0</ele>
      </trkpt>
      <trkpt lat="36.56983" lon="-118.62565">
        <ele>2354.0</ele>
      </trkpt>
      <trkpt lat="36.57013" lon="-118.62567">
        <ele>2352.0</ele>
      </trkpt>
      <trkpt lat="36.57035" lon="-118.62549">
        <ele>2351.0</ele>
      </trkpt>
      <trkpt lat="36.57043" lon="-118.62539">
        <ele>2349.0</ele>
      </trkpt>
      <trkpt lat="36.57043" lon="-118.62529">
        <ele>2349.0</ele>
      </trkpt>
      <trkpt lat="36.57037" lon="-118.62519">
        <ele>2350.0</ele>
      </trkpt>
      <trkpt lat="36.57031" lon="-118.62516">
        <ele>2350.0</ele>
      </trkpt>
      <trkpt lat="36.57004" lon="-118.62515">
        <ele>2362.0</ele>
      </trkpt>
      <trkpt lat="36.56979" lon="-118.62504">
        <ele>2371.0</ele>
      </trkpt>
      <trkpt lat="36.56931" lon="-118.62505">
        <ele>2376.0</ele>
      </trkpt>
      <trkpt lat="36.56884" lon="-118.62493">
        <ele>2383.0</ele>
      </trkpt>
      <trkpt lat="36.56868" lon="-118.62508">
        <ele>2386.0</ele>
      </trkpt>
      <trkpt lat="36.56839" lon="-118.62508">
        <ele>2387.0</ele>
      </trkpt>
      <trkpt lat="36.56823" lon="-118.62515">
        <ele>2384.0</ele>
      </trkpt>
      <trkpt lat="36.56797" lon="-118.62544">
        <ele>2382.0</ele>
      </trkpt>
      <trkpt lat="36.56763" lon="-118.62555">
        <ele>2397.0</ele>
      </trkpt>
      <trkpt lat="36.56753" lon="-118.62562">
        <ele>2397.0</ele>
      </trkpt>
      <trkpt lat="36.56735" lon="-118.62584">
        <ele>2401.0</ele>
      </trkpt>
      <trkpt lat="36.56729" lon="-118.62596">
        <ele>2401.0</ele>
      </trkpt>
      <trkpt lat="36.56725" lon="-118.62598">
        <ele>2392.0</ele>
      </trkpt>
      <trkpt lat="36.56722370055785" lon="-118.6259712335193">
        <ele>2401.0</ele>
      </trkpt>
      <trkpt lat="36.56722370055846" lon="-118.6259712335193">
        <ele>2401.0</ele>
      </trkpt>
      <trkpt lat="36.56722" lon="-118.62597">
        <ele>2401.0</ele>
      </trkpt>
      <trkpt lat="36.56731" lon="-118.62556">
        <ele>2408.0</ele>
      </trkpt>
      <trkpt lat="36.56755" lon="-118.62508">
        <ele>2411.0</ele>
      </trkpt>
      <trkpt lat="36.5675" lon="-118.62473">
        <ele>2412.0</ele>
      </trkpt>
      <trkpt lat="36.56727" lon="-118.6244">
        <ele>2415.0</ele>
      </trkpt>
      <trkpt lat="36.56709" lon="-118.62428">
        <ele>2412.0</ele>
      </trkpt>
      <trkpt lat="36.56687" lon="-118.62405">
        <ele>2410.0</ele>
      </trkpt>
      <trkpt lat="36.56687" lon="-118.62405">
        <ele>2410.0</ele>
      </trkpt>
      <trkpt lat="36.56687" lon="-118.62405">
        <ele>2410.0</ele>
      </trkpt>
      <trkpt lat="36.56676" lon="-118.62385">
        <ele>2397.0</ele>
      </trkpt>
      <trkpt lat="36.56669" lon="-118.62367">
        <ele>2390.0</ele>
      </trkpt>
      <trkpt lat="36.56667" lon="-118.62355">
        <ele>2390.0</ele>
      </trkpt>
      <trkpt lat="36.56666" lon="-118.62319">
        <ele>2387.0</ele>
      </trkpt>
      <trkpt lat="36.5667" lon="-118.62268">
        <ele>2385.0</ele>
      </trkpt>
      <trkpt lat="36.5667" lon="-118.62268">
        <ele>2385.0</ele>
      </trkpt>
      <trkpt lat="36.5667" lon="-118.62268">
        <ele>2385.0</ele>
      </trkpt>
      <trkpt lat="36.56668" lon="-118.62254">
        <ele>2388.0</ele>
      </trkpt>
      <trkpt lat="36.56661" lon="-118.62233">
        <ele>2394.0</ele>
      </trkpt>
      <trkpt lat="36.56647" lon="-118.62207">
        <ele>2390.0</ele>
      </trkpt>
      <trkpt lat="36.56632" lon="-118.62191">
        <ele>2390.0</ele>
      </trkpt>
      <trkpt lat="36.56618" lon="-118.62182">
        <ele>2380.0</ele>
      </trkpt>
      <trkpt lat="36.56595" lon="-118.62155">
        <ele>2372.0</ele>
      </trkpt>
      <trkpt lat="36.56595" lon="-118.62155">
        <ele>2372.0</ele>
      </trkpt>
      <trkpt lat="36.56585" lon="-118.62147">
        <ele>2372.0</ele>
      </trkpt>
      <trkpt lat="36.56575" lon="-118.62134">
        <ele>2372.0</ele>
      </trkpt>
      <trkpt lat="36.56556" lon="-118.62096">
        <ele>2360.0</ele>
      </trkpt>
      <trkpt lat="36.56548" lon="-118.62091">
        <ele>2360.0</ele>
      </trkpt>
      <trkpt lat="36.56534" lon="-118.6209">
        <ele>2352.0</ele>
      </trkpt>
      <trkpt lat="36.56532" lon="-118.62083">
        <ele>2352.0</ele>
      </trkpt>
      <trkpt lat="36.56537" lon="-118.62029">
        <ele>2354.0</ele>
      </trkpt>
      <trkpt lat="36.56529" lon="-118.61992">
        <ele>2351.0</ele>
      </trkpt>
      <trkpt lat="36.56525" lon="-118.61961">
        <ele>2342.0</ele>
      </trkpt>
      <trkpt lat="36.56529" lon="-118.6193">
        <ele>2333.0</ele>
      </trkpt>
      <trkpt lat="36.56533" lon="-118.61914">
        <ele>2333.0</ele>
      </trkpt>
      <trkpt lat="36.5654" lon="-118.61901">
        <ele>2329.0</ele>
      </trkpt>
      <trkpt lat="36.56543" lon="-118.61888">
        <ele>2348.0</ele>
      </trkpt>
      <trkpt lat="36.5654" lon="-118.61836">
        <ele>2319.0</ele>
      </trkpt>
      <trkpt lat="36.56547" lon="-118.61812">
        <ele>2347.0</ele>
      </trkpt>
      <trkpt lat="36.56546" lon="-118.61792">
        <ele>2347.0</ele>
      </trkpt>
      <trkpt lat="36.56557" lon="-118.61758">
        <ele>2344.0</ele>
      </trkpt>
      <trkpt lat="36.56564" lon="-118.61752">
        <ele>2344.0</ele>
      </trkpt>
      <trkpt lat="36.56567" lon="-118.61746">
        <ele>2344.0</ele>
      </trkpt>
      <trkpt lat="36.56566" lon="-118.61735">
        <ele>2347.0</ele>
      </trkpt>
      <trkpt lat="36.56553" lon="-118.61714">
        <ele>2347.0</ele>
      </trkpt>
      <trkpt lat="36.56534" lon="-118.61669">
        <ele>2347.0</ele>
      </trkpt>
      <trkpt lat="36.56534" lon="-118.61625">
        <ele>2344.0</ele>
      </trkpt>
      <trkpt lat="36.56528" lon="-118.61609">
        <ele>2344.0</ele>
      </trkpt>
      <trkpt lat="36.56525" lon="-118.6158">
        <ele>2340.0</ele>
      </trkpt>
      <trkpt lat="36.56529" lon="-118.61569">
        <ele>2336.0</ele>
      </trkpt>
      <trkpt lat="36.5653" lon="-118.61549">
        <ele>2336.0</ele>
      </trkpt>
      <trkpt lat="36.56525" lon="-118.61528">
        <ele>2332.0</ele>
      </trkpt>
      <trkpt lat="36.56527" lon="-118.61514">
        <ele>2332.0</ele>
      </trkpt>
      <trkpt lat="36.5654" lon="-118.61478">
        <ele>2327.0</ele>
      </trkpt>
      <trkpt lat="36.56539" lon="-118.61455">
        <ele>2327.0</ele>
      </trkpt>
      <trkpt lat="36.56531" lon="-118.6142">
        <ele>2324.0</ele>
      </trkpt>
      <trkpt lat="36.56533" lon="-118.61394">
        <ele>2321.0</ele>
      </trkpt>
      <trkpt lat="36.56547" lon="-118.61342">
        <ele>2331.0</ele>
      </trkpt>
      <trkpt lat="36.56544" lon="-118.61297">
        <ele>2337.0</ele>
      </trkpt>
      <trkpt lat="36.56536" lon="-118.61256">
        <ele>2324.0</ele>
      </trkpt>
      <trkpt lat="36.56538" lon="-118.61238">
        <ele>2324.0</ele>
      </trkpt>
      <trkpt lat="36.56555" lon="-118.61192">
        <ele>2329.0</ele>
      </trkpt>
      <trkpt lat="36.56556" lon="-118.61177">
        <ele>2326.0</ele>
      </trkpt>
      <trkpt lat="36.56547" lon="-118.61156">
        <ele>2326.0</ele>
      </trkpt>
      <trkpt lat="36.56545" lon="-118.61137">
        <ele>2326.0</ele>
      </trkpt>
      <trkpt lat="36.56555" lon="-118.61107">
        <ele>2326.0</ele>
      </trkpt>
      <trkpt lat="36.56559" lon="-118.611">
        <ele>2326.0</ele>
      </trkpt>
      <trkpt lat="36.56561" lon="-118.61089">
        <ele>2324.0</ele>
      </trkpt>
      <trkpt lat="36.56558" lon="-118.61065">
        <ele>2322.0</ele>
      </trkpt>
      <trkpt lat="36.5656" lon="-118.61048">
        <ele>2322.0</ele>
      </trkpt>
      <trkpt lat="36.56554" lon="-118.61003">
        <ele>2313.0</ele>
      </trkpt>
      <trkpt lat="36.56556" lon="-118.6097">
        <ele>2308.0</ele>
      </trkpt>
      <trkpt lat="36.56554" lon="-118.60949">
        <ele>2302.0</ele>
      </trkpt>
      <trkpt lat="36.56556" lon="-118.6093">
        <ele>2293.0</ele>
      </trkpt>
      <trkpt lat="36.5657" lon="-118.60893">
        <ele>2310.0</ele>
      </trkpt>
      <trkpt lat="36.56581" lon="-118.60877">
        <ele>2310.0</ele>
      </trkpt>
      <trkpt lat="36.56586" lon="-118.6085">
        <ele>2297.0</ele>
      </trkpt>
      <trkpt lat="36.56591" lon="-118.6084">
        <ele>2281.0</ele>
      </trkpt>
      <trkpt lat="36.56591" lon="-118.6084">
        <ele>2281.0</ele>
      </trkpt>
      <trkpt lat="36.56609" lon="-118.60831">
        <ele>2304.0</ele>
      </trkpt>
      <trkpt lat="36.56619" lon="-118.60817">
        <ele>2300.0</ele>
      </trkpt>
      <trkpt lat="36.56627" lon="-118.60805">
        <ele>2322.0</ele>
      </trkpt>
      <trkpt lat="36.56631" lon="-118.60791">
        <ele>2318.0</ele>
      </trkpt>
      <trkpt lat="36.56631" lon="-118.60777">
        <ele>2318.0</ele>
      </trkpt>
      <trkpt lat="36.56635" lon="-118.60768">
        <ele>2318.0</ele>
      </trkpt>
      <trkpt lat="36.56641" lon="-118.60757">
        <ele>2316.0</ele>
      </trkpt>
      <trkpt lat="36.56657" lon="-118.60738">
        <ele>2329.0</ele>
      </trkpt>
      <trkpt lat="36.56659" lon="-118.60731">
        <ele>2329.0</ele>
      </trkpt>
      <trkpt lat="36.56658" lon="-118.60721">
        <ele>2329.0</ele>
      </trkpt>
      <trkpt lat="36.56634" lon="-118.60703">
        <ele>2311.0</ele>
      </trkpt>
      <trkpt lat="36.56607" lon="-118.60699">
        <ele>2279.0</ele>
      </trkpt>
      <trkpt lat="36.56601" lon="-118.60688">
        <ele>2279.0</ele>
      </trkpt>
      <trkpt lat="36.566" lon="-118.60678">
        <ele>2274.0</ele>
      </trkpt>
      <trkpt lat="36.56601" lon="-118.60672">
        <ele>2274.0</ele>
      </trkpt>
      <trkpt lat="36.56606" lon="-118.60668">
        <ele>2274.0</ele>
      </trkpt>
      <trkpt lat="36.56611" lon="-118.60658">
        <ele>2274.0</ele>
      </trkpt>
      <trkpt lat="36.56615" lon="-118.60642">
        <ele>2257.0</ele>
      </trkpt>
      <trkpt lat="36.56619" lon="-118.60636">
        <ele>2257.0</ele>
      </trkpt>
      <trkpt lat="36.56638" lon="-118.60636">
        <ele>2294.0</ele>
      </trkpt>
      <trkpt lat="36.56644" lon="-118.60631">
        <ele>2294.0</ele>
      </trkpt>
      <trkpt lat="36.56652" lon="-118.6058">
        <ele>2258.0</ele>
      </trkpt>
      <trkpt lat="36.56664" lon="-118.60548">
        <ele>2280.0</ele>
      </trkpt>
      <trkpt lat="36.56664" lon="-118.60523">
        <ele>2270.0</ele>
      </trkpt>
      <trkpt lat="36.56668" lon="-118.6051">
        <ele>2242.0</ele>
      </trkpt>
      <trkpt lat="36.56683" lon="-118.60481">
        <ele>2259.0</ele>
      </trkpt>
      <trkpt lat="36.56689" lon="-118.60479">
        <ele>2259.0</ele>
      </trkpt>
      <trkpt lat="36.56703" lon="-118.60479">
        <ele>2259.0</ele>
      </trkpt>
      <trkpt lat="36.5672" lon="-118.60467">
        <ele>2276.0</ele>
      </trkpt>
      <trkpt lat="36.56745" lon="-118.60402">
        <ele>2261.0</ele>
      </trkpt>
      <trkpt lat="36.5676" lon="-118.60389">
        <ele>2261.0</ele>
      </trkpt>
      <trkpt lat="36.56769" lon="-118.60377">
        <ele>2274.0</ele>
      </trkpt>
      <trkpt lat="36.56791" lon="-118.60361">
        <ele>2261.0</ele>
      </trkpt>
      <trkpt lat="36.56796" lon="-118.60354">
        <ele>2278.0</ele>
      </trkpt>
      <trkpt lat="36.56824" lon="-118.60297">
        <ele>2276.0</ele>
      </trkpt>
      <trkpt lat="36.56843" lon="-118.6028">
        <ele>2257.0</ele>
      </trkpt>
      <trkpt lat="36.56858" lon="-118.60258">
        <ele>2261.0</ele>
      </trkpt>
      <trkpt lat="36.56925" lon="-118.60185">
        <ele>2265.0</ele>
      </trkpt>
      <trkpt lat="36.56928348522693" lon="-118.601833834718">
        <ele>2265.0</ele>
      </trkpt>
      <trkpt lat="36.56928348528255" lon="-118.601833834718">
        <ele>2265.0</ele>
      </trkpt>
      <trkpt lat="36.56954" lon="-118.60171">
        <ele>2261.0</ele>
      </trkpt>
      <trkpt lat="36.56989" lon="-118.60131">
        <ele>2276.0</ele>
      </trkpt>
      <trkpt lat="36.5701" lon="-118.60113">
        <ele>2263.0</ele>
      </trkpt>
      <trkpt lat="36.57018" lon="-118.60093">
        <ele>2259.0</ele>
      </trkpt>
      <trkpt lat="36.57029" lon="-118.60085">
        <ele>2259.0</ele>
      </trkpt>
      <trkpt lat="36.57046" lon="-118.60084">
        <ele>2269.0</ele>
      </trkpt>
      <trkpt lat="36.57051" lon="-118.60081">
        <ele>2269.0</ele>
      </trkpt>
      <trkpt lat="36.57068" lon="-118.6006">
        <ele>2258.0</ele>
      </trkpt>
      <trkpt lat="36.57098" lon="-118.60032">
        <ele>2266.0</ele>
      </trkpt>
      <trkpt lat="36.57114" lon="-118.60034">
        <ele>2266.0</ele>
      </trkpt>
      <trkpt lat="36.57124" lon="-118.60032">
        <ele>2266.0</ele>
      </trkpt>
      <trkpt lat="36.57144" lon="-118.6002">
        <ele>2272.0</ele>
      </trkpt>
      <trkpt lat="36.57142" lon="-118.60016">
        <ele>2272.0</ele>
      </trkpt>
      <trkpt lat="36.57118" lon="-118.60016">
        <ele>2266.0</ele>
      </trkpt>
      <trkpt lat="36.57101" lon="-118.60011">
        <ele>2260.0</ele>
      </trkpt>
      <trkpt lat="36.57076" lon="-118.60027">
        <ele>2261.0</ele>
      </trkpt>
      <trkpt lat="36.57077" lon="-118.60022">
        <ele>2261.0</ele>
      </trkpt>
      <trkpt lat="36.57084" lon="-118.60014">
        <ele>2261.0</ele>
      </trkpt>
      <trkpt lat="36.57083" lon="-118.60011">
        <ele>2254.0</ele>
      </trkpt>
      <trkpt lat="36.57065" lon="-118.60017">
        <ele>2248.0</ele>
      </trkpt>
      <trkpt lat="36.57061" lon="-118.60023">
        <ele>2248.0</ele>
      </trkpt>
      <trkpt lat="36.57046" lon="-118.60018">
        <ele>2248.0</ele>
      </trkpt>
      <trkpt lat="36.57073" lon="-118.59991">
        <ele>2254.0</ele>
      </trkpt>
      <trkpt lat="36.57083" lon="-118.59979">
        <ele>2241.0</ele>
      </trkpt>
      <trkpt lat="36.57083" lon="-118.59979">
        <ele>2241.0</ele>
      </trkpt>
      <trkpt lat="36.5708" lon="-118.59962">
        <ele>2241.0</ele>
      </trkpt>
      <trkpt lat="36.5708" lon="-118.59962">
        <ele>2241.0</ele>
      </trkpt>
      <trkpt lat="36.57074" lon="-118.59951">
        <ele>2237.0</ele>
      </trkpt>
      <trkpt lat="36.57073" lon="-118.59927">
        <ele>2243.0</ele>
      </trkpt>
      <trkpt lat="36.57079" lon="-118.59925">
        <ele>2243.0</ele>
      </trkpt>
      <trkpt lat="36.57088" lon="-118.59932">
        <ele>2237.0</ele>
      </trkpt>
      <trkpt lat="36.57107" lon="-118.59936">
        <ele>2245.0</ele>
      </trkpt>
      <trkpt lat="36.57111" lon="-118.59941">
        <ele>2245.0</ele>
      </trkpt>
      <trkpt lat="36.57112" lon="-118.59936">
        <ele>2245.0</ele>
      </trkpt>
      <trkpt lat="36.57131" lon="-118.59927">
        <ele>2252.0</ele>
      </trkpt>
      <trkpt lat="36.57139" lon="-118.59918">
        <ele>2252.0</ele>
      </trkpt>
      <trkpt lat="36.57152" lon="-118.59924">
        <ele>2252.0</ele>
      </trkpt>
      <trkpt lat="36.57173" lon="-118.59919">
        <ele>2253.0</ele>
      </trkpt>
      <trkpt lat="36.57185" lon="-118.59909">
        <ele>2257.0</ele>
      </trkpt>
      <trkpt lat="36.57193" lon="-118.59918">
        <ele>2257.0</ele>
      </trkpt>
      <trkpt lat="36.57224" lon="-118.59912">
        <ele>2262.0</ele>
      </trkpt>
      <trkpt lat="36.57225" lon="-118.59898">
        <ele>2269.0</ele>
      </trkpt>
      <trkpt lat="36.57221" lon="-118.59883">
        <ele>2269.0</ele>
      </trkpt>
      <trkpt lat="36.57221" lon="-118.59883">
        <ele>2269.0</ele>
      </trkpt>
      <trkpt lat="36.57221" lon="-118.59877">
        <ele>2269.0</ele>
      </trkpt>
      <trkpt lat="36.57227" lon="-118.59871">
        <ele>2275.0</ele>
      </trkpt>
      <trkpt lat="36.57231" lon="-118.59871">
        <ele>2275.0</ele>
      </trkpt>
      <trkpt lat="36.57234" lon="-118.59865">
        <ele>2275.0</ele>
      </trkpt>
      <trkpt lat="36.57241" lon="-118.59866">
        <ele>2272.0</ele>
      </trkpt>
      <trkpt lat="36.57244" lon="-118.59864">
        <ele>2272.0</ele>
      </trkpt>
      <trkpt lat="36.5724" lon="-118.59852">
        <ele>2272.0</ele>
      </trkpt>
      <trkpt lat="36.5723" lon="-118.59841">
        <ele>2282.0</ele>
      </trkpt>
      <trkpt lat="36.57216" lon="-118.59838">
        <ele>2282.0</ele>
      </trkpt>
      <trkpt lat="36.57197" lon="-118.59827">
        <ele>2283.0</ele>
      </trkpt>
      <trkpt lat="36.57184" lon="-118.59831">
        <ele>2283.0</ele>
      </trkpt>
      <trkpt lat="36.57182" lon="-118.59828">
        <ele>2283.0</ele>
      </trkpt>
      <trkpt lat="36.57195" lon="-118.59818">
        <ele>2290.0</ele>
      </trkpt>
      <trkpt lat="36.57214" lon="-118.59818">
        <ele>2291.0</ele>
      </trkpt>
      <trkpt lat="36.57223" lon="-118.59814">
        <ele>2291.0</ele>
      </trkpt>
      <trkpt lat="36.57228" lon="-118.59809">
        <ele>2291.0</ele>
      </trkpt>
      <trkpt lat="36.5727" lon="-118.59793">
        <ele>2289.0</ele>
      </trkpt>
      <trkpt lat="36.57269" lon="-118.59789">
        <ele>2305.0</ele>
      </trkpt>
      <trkpt lat="36.57237" lon="-118.59786">
        <ele>2305.0</ele>
      </trkpt>
      <trkpt lat="36.5723" lon="-118.59779">
        <ele>2306.0</ele>
      </trkpt>
      <trkpt lat="36.57187" lon="-118.59778">
        <ele>2307.0</ele>
      </trkpt>
      <trkpt lat="36.57198" lon="-118.59772">
        <ele>2307.0</ele>
      </trkpt>
      <trkpt lat="36.5721" lon="-118.59762">
        <ele>2323.0</ele>
      </trkpt>
      <trkpt lat="36.5721" lon="-118.59759">
        <ele>2323.0</ele>
      </trkpt>
      <trkpt lat="36.57189" lon="-118.59765">
        <ele>2307.0</ele>
      </trkpt>
      <trkpt lat="36.57187" lon="-118.59761">
        <ele>2322.0</ele>
      </trkpt>
      <trkpt lat="36.5717" lon="-118.59761">
        <ele>2324.0</ele>
      </trkpt>
      <trkpt lat="36.57142" lon="-118.59746">
        <ele>2327.0</ele>
      </trkpt>
      <trkpt lat="36.57158" lon="-118.59739">
        <ele>2324.0</ele>
      </trkpt>
      <trkpt lat="36.57188" lon="-118.59736">
        <ele>2335.0</ele>
      </trkpt>
      <trkpt lat="36.57192" lon="-118.59733">
        <ele>2335.0</ele>
      </trkpt>
      <trkpt lat="36.57186" lon="-118.59726">
        <ele>2335.0</ele>
      </trkpt>
      <trkpt lat="36.57159" lon="-118.59717">
        <ele>2338.0</ele>
      </trkpt>
      <trkpt lat="36.57146" lon="-118.59721">
        <ele>2345.0</ele>
      </trkpt>
      <trkpt lat="36.57137" lon="-118.59711">
        <ele>2345.0</ele>
      </trkpt>
      <trkpt lat="36.57125" lon="-118.59715">
        <ele>2342.0</ele>
      </trkpt>
      <trkpt lat="36.57113" lon="-118.59714">
        <ele>2342.0</ele>
      </trkpt>
      <trkpt lat="36.57086" lon="-118.59696">
        <ele>2352.0</ele>
      </trkpt>
      <trkpt lat="36.57083" lon="-118.59692">
        <ele>2352.0</ele>
      </trkpt>
      <trkpt lat="36.571" lon="-118.59692">
        <ele>2362.0</ele>
      </trkpt>
      <trkpt lat="36.57076" lon="-118.59673">
        <ele>2364.0</ele>
      </trkpt>
      <trkpt lat="36.57076" lon="-118.59667">
        <ele>2364.0</ele>
      </trkpt>
      <trkpt lat="36.57072" lon="-118.59657">
        <ele>2364.0</ele>
      </trkpt>
      <trkpt lat="36.57074" lon="-118.59656">
        <ele>2364.0</ele>
      </trkpt>
      <trkpt lat="36.57087" lon="-118.59668">
        <ele>2364.0</ele>
      </trkpt>
      <trkpt lat="36.57154" lon="-118.5967">
        <ele>2381.0</ele>
      </trkpt>
      <trkpt lat="36.57154" lon="-118.59666">
        <ele>2381.0</ele>
      </trkpt>
      <trkpt lat="36.57141" lon="-118.59653">
        <ele>2377.0</ele>
      </trkpt>
      <trkpt lat="36.57133" lon="-118.59652">
        <ele>2392.0</ele>
      </trkpt>
      <trkpt lat="36.57107" lon="-118.59631">
        <ele>2384.0</ele>
      </trkpt>
      <trkpt lat="36.57099" lon="-118.59612">
        <ele>2401.0</ele>
      </trkpt>
      <trkpt lat="36.57094" lon="-118.59607">
        <ele>2398.0</ele>
      </trkpt>
      <trkpt lat="36.57075" lon="-118.59605">
        <ele>2398.0</ele>
      </trkpt>
      <trkpt lat="36.57042" lon="-118.59611">
        <ele>2399.0</ele>
      </trkpt>
      <trkpt lat="36.57017" lon="-118.59611">
        <ele>2400.0</ele>
      </trkpt>
      <trkpt lat="36.57" lon="-118.59606">
        <ele>2399.0</ele>
      </trkpt>
      <trkpt lat="36.56952" lon="-118.59612">
        <ele>2384.0</ele>
      </trkpt>
      <trkpt lat="36.56939" lon="-118.59605">
        <ele>2384.0</ele>
      </trkpt>
      <trkpt lat="36.56936" lon="-118.59598">
        <ele>2384.0</ele>
      </trkpt>
      <trkpt lat="36.56937" lon="-118.59582">
        <ele>2401.0</ele>
      </trkpt>
      <trkpt lat="36.56935" lon="-118.59576">
        <ele>2401.0</ele>
      </trkpt>
      <trkpt lat="36.56913" lon="-118.59561">
        <ele>2392.0</ele>
      </trkpt>
      <trkpt lat="36.56909" lon="-118.59555">
        <ele>2392.0</ele>
      </trkpt>
      <trkpt lat="36.56906" lon="-118.59536">
        <ele>2397.0</ele>
      </trkpt>
      <trkpt lat="36.56898" lon="-118.59514">
        <ele>2380.0</ele>
      </trkpt>
      <trkpt lat="36.56896" lon="-118.59515">
        <ele>2380.0</ele>
      </trkpt>
      <trkpt lat="36.56896" lon="-118.59524">
        <ele>2380.0</ele>
      </trkpt>
      <trkpt lat="36.56894" lon="-118.59528">
        <ele>2380.0</ele>
      </trkpt>
      <trkpt lat="36.56894" lon="-118.59561">
        <ele>2377.0</ele>
      </trkpt>
      <trkpt lat="36.56896" lon="-118.59567">
        <ele>2377.0</ele>
      </trkpt>
      <trkpt lat="36.56908" lon="-118.59581">
        <ele>2385.0</ele>
      </trkpt>
      <trkpt lat="36.56917" lon="-118.59599">
        <ele>2375.0</ele>
      </trkpt>
      <trkpt lat="36.56914" lon="-118.59624">
        <ele>2375.0</ele>
      </trkpt>
      <trkpt lat="36.56912" lon="-118.59625">
        <ele>2375.0</ele>
      </trkpt>
      <trkpt lat="36.56908" lon="-118.59616">
        <ele>2375.0</ele>
      </trkpt>
      <trkpt lat="36.56908" lon="-118.59605">
        <ele>2375.0</ele>
      </trkpt>
      <trkpt lat="36.56902" lon="-118.59597">
        <ele>2370.0</ele>
      </trkpt>
      <trkpt lat="36.56874" lon="-118.59573">
        <ele>2346.0</ele>
      </trkpt>
      <trkpt lat="36.5687" lon="-118.59565">
        <ele>2355.0</ele>
      </trkpt>
      <trkpt lat="36.56857" lon="-118.59497">
        <ele>2365.0</ele>
      </trkpt>
      <trkpt lat="36.56842" lon="-118.59477">
        <ele>2344.0</ele>
      </trkpt>
      <trkpt lat="36.56838" lon="-118.59465">
        <ele>2344.0</ele>
      </trkpt>
      <trkpt lat="36.56836" lon="-118.59439">
        <ele>2352.0</ele>
      </trkpt>
      <trkpt lat="36.5683" lon="-118.59415">
        <ele>2359.0</ele>
      </trkpt>
      <trkpt lat="36.56814" lon="-118.59381">
        <ele>2339.0</ele>
      </trkpt>
      <trkpt lat="36.56801" lon="-118.59368">
        <ele>2346.0</ele>
      </trkpt>
      <trkpt lat="36.568" lon="-118.59356">
        <ele>2346.0</ele>
      </trkpt>
      <trkpt lat="36.56803" lon="-118.59341">
        <ele>2347.0</ele>
      </trkpt>
      <trkpt lat="36.56794" lon="-118.59311">
        <ele>2347.0</ele>
      </trkpt>
      <trkpt lat="36.56791" lon="-118.59321">
        <ele>2315.0</ele>
      </trkpt>
      <trkpt lat="36.56786" lon="-118.59312">
        <ele>2314.0</ele>
      </trkpt>
      <trkpt lat="36.56787" lon="-118.59299">
        <ele>2314.0</ele>
      </trkpt>
      <trkpt lat="36.56781" lon="-118.59307">
        <ele>2314.0</ele>
      </trkpt>
      <trkpt lat="36.56782" lon="-118.59295">
        <ele>2314.0</ele>
      </trkpt>
      <trkpt lat="36.56779" lon="-118.59285">
        <ele>2318.0</ele>
      </trkpt>
      <trkpt lat="36.5677687856455" lon="-118.592680285164">
        <ele>2318.0</ele>
      </trkpt>
      <trkpt lat="36.56776878564807" lon="-118.592680285164">
        <ele>2318.0</ele>
      </trkpt>
      <trkpt lat="36.56775" lon="-118.59253">
        <ele>2320.0</ele>
      </trkpt>
      <trkpt lat="36.56777" lon="-118.59236">
        <ele>2329.0</ele>
      </trkpt>
      <trkpt lat="36.56768" lon="-118.592">
        <ele>2338.0</ele>
      </trkpt>
      <trkpt lat="36.56763" lon="-118.59144">
        <ele>2301.0</ele>
      </trkpt>
      <trkpt lat="36.56755" lon="-118.59115">
        <ele>2301.0</ele>
      </trkpt>
      <trkpt lat="36.56751" lon="-118.59108">
        <ele>2301.0</ele>
      </trkpt>
      <trkpt lat="36.56749" lon="-118.59096">
        <ele>2304.0</ele>
      </trkpt>
      <trkpt lat="36.56751" lon="-118.59076">
        <ele>2304.0</ele>
      </trkpt>
      <trkpt lat="36.56747" lon="-118.59054">
        <ele>2330.0</ele>
      </trkpt>
      <trkpt lat="36.56729" lon="-118.5901">
        <ele>2324.0</ele>
      </trkpt>
      <trkpt lat="36.5672" lon="-118.58978">
        <ele>2344.0</ele>
      </trkpt>
      <trkpt lat="36.56705" lon="-118.58954">
        <ele>2325.0</ele>
      </trkpt>
      <trkpt lat="36.56692" lon="-118.58919">
        <ele>2327.0</ele>
      </trkpt>
      <trkpt lat="36.56693" lon="-118.58907">
        <ele>2327.0</ele>
      </trkpt>
      <trkpt lat="36.56698" lon="-118.58901">
        <ele>2341.0</ele>
      </trkpt>
      <trkpt lat="36.56707" lon="-118.58896">
        <ele>2341.0</ele>
      </trkpt>
      <trkpt lat="36.56707" lon="-118.58893">
        <ele>2341.0</ele>
      </trkpt>
      <trkpt lat="36.56694" lon="-118.58887">
        <ele>2341.0</ele>
      </trkpt>
      <trkpt lat="36.56681" lon="-118.58875">
        <ele>2348.0</ele>
      </trkpt>
      <trkpt lat="36.56663" lon="-118.58868">
        <ele>2342.0</ele>
      </trkpt>
      <trkpt lat="36.56652" lon="-118.58838">
        <ele>2345.0</ele>
      </trkpt>
      <trkpt lat="36.56647" lon="-118.58833">
        <ele>2345.0</ele>
      </trkpt>
      <trkpt lat="36.56631" lon="-118.58829">
        <ele>2345.0</ele>
      </trkpt>
      <trkpt lat="36.56623" lon="-118.5882">
        <ele>2325.0</ele>
      </trkpt>
      <trkpt lat="36.56622" lon="-118.58814">
        <ele>2337.0</ele>
      </trkpt>
      <trkpt lat="36.56624" lon="-118.58812">
        <ele>2337.0</ele>
      </trkpt>
      <trkpt lat="36.56633" lon="-118.58815">
        <ele>2356.0</ele>
      </trkpt>
      <trkpt lat="36.56633" lon="-118.58804">
        <ele>2356.0</ele>
      </trkpt>
      <trkpt lat="36.5663" lon="-118.58799">
        <ele>2356.0</ele>
      </trkpt>
      <trkpt lat="36.56613" lon="-118.58783">
        <ele>2348.0</ele>
      </trkpt>
      <trkpt lat="36.56598" lon="-118.5876">
        <ele>2356.0</ele>
      </trkpt>
      <trkpt lat="36.5659" lon="-118.58741">
        <ele>2343.0</ele>
      </trkpt>
      <trkpt lat="36.56577" lon="-118.58729">
        <ele>2356.0</ele>
      </trkpt>
      <trkpt lat="36.56559" lon="-118.58705">
        <ele>2358.0</ele>
      </trkpt>
      <trkpt lat="36.56551" lon="-118.58695">
        <ele>2358.0</ele>
      </trkpt>
      <trkpt lat="36.56534" lon="-118.58692">
        <ele>2349.0</ele>
      </trkpt>
      <trkpt lat="36.5653" lon="-118.58686">
        <ele>2349.0</ele>
      </trkpt>
      <trkpt lat="36.56522" lon="-118.58659">
        <ele>2360.0</ele>
      </trkpt>
      <trkpt lat="36.56516" lon="-118.58655">
        <ele>2360.0</ele>
      </trkpt>
      <trkpt lat="36.56491" lon="-118.58653">
        <ele>2352.0</ele>
      </trkpt>
      <trkpt lat="36.56475" lon="-118.58643">
        <ele>2371.0</ele>
      </trkpt>
      <trkpt lat="36.56475" lon="-118.58643">
        <ele>2371.0</ele>
      </trkpt>
      <trkpt lat="36.56474" lon="-118.5864">
        <ele>2371.0</ele>
      </trkpt>
      <trkpt lat="36.56476" lon="-118.58639">
        <ele>2371.0</ele>
      </trkpt>
      <trkpt lat="36.56496" lon="-118.58642">
        <ele>2370.0</ele>
      </trkpt>
      <trkpt lat="36.56527" lon="-118.5863">
        <ele>2368.0</ele>
      </trkpt>
      <trkpt lat="36.56527" lon="-118.58627">
        <ele>2368.0</ele>
      </trkpt>
      <trkpt lat="36.56522" lon="-118.58625">
        <ele>2387.0</ele>
      </trkpt>
      <trkpt lat="36.56499" lon="-118.58627">
        <ele>2370.0</ele>
      </trkpt>
      <trkpt lat="36.56497" lon="-118.58624">
        <ele>2389.0</ele>
      </trkpt>
      <trkpt lat="36.56504" lon="-118.58618">
        <ele>2389.0</ele>
      </trkpt>
      <trkpt lat="36.56523" lon="-118.5861">
        <ele>2387.0</ele>
      </trkpt>
      <trkpt lat="36.56523" lon="-118.58607">
        <ele>2387.0</ele>
      </trkpt>
      <trkpt lat="36.56502" lon="-118.58607">
        <ele>2389.0</ele>
      </trkpt>
      <trkpt lat="36.5652" lon="-118.58598">
        <ele>2387.0</ele>
      </trkpt>
      <trkpt lat="36.56526" lon="-118.58597">
        <ele>2406.0</ele>
      </trkpt>
      <trkpt lat="36.5654" lon="-118.58606">
        <ele>2387.0</ele>
      </trkpt>
      <trkpt lat="36.56565" lon="-118.58616">
        <ele>2393.0</ele>
      </trkpt>
      <trkpt lat="36.56571" lon="-118.58617">
        <ele>2400.0</ele>
      </trkpt>
      <trkpt lat="36.56583" lon="-118.58613">
        <ele>2400.0</ele>
      </trkpt>
      <trkpt lat="36.56586" lon="-118.58606">
        <ele>2400.0</ele>
      </trkpt>
      <trkpt lat="36.56562" lon="-118.58594">
        <ele>2407.0</ele>
      </trkpt>
      <trkpt lat="36.56563" lon="-118.58589">
        <ele>2407.0</ele>
      </trkpt>
      <trkpt lat="36.56572" lon="-118.58584">
        <ele>2413.0</ele>
      </trkpt>
      <trkpt lat="36.56577" lon="-118.58576">
        <ele>2413.0</ele>
      </trkpt>
      <trkpt lat="36.56579" lon="-118.58568">
        <ele>2424.0</ele>
      </trkpt>
      <trkpt lat="36.56588" lon="-118.58554">
        <ele>2424.0</ele>
      </trkpt>
      <trkpt lat="36.56608" lon="-118.58544">
        <ele>2421.0</ele>
      </trkpt>
      <trkpt lat="36.56619" lon="-118.58535">
        <ele>2432.0</ele>
      </trkpt>
      <trkpt lat="36.56633" lon="-118.5853">
        <ele>2424.0</ele>
      </trkpt>
      <trkpt lat="36.56637" lon="-118.58524">
        <ele>2424.0</ele>
      </trkpt>
      <trkpt lat="36.56637" lon="-118.58517">
        <ele>2424.0</ele>
      </trkpt>
      <trkpt lat="36.56642" lon="-118.58511">
        <ele>2438.0</ele>
      </trkpt>
      <trkpt lat="36.56671" lon="-118.58502">
        <ele>2433.0</ele>
      </trkpt>
      <trkpt lat="36.56712" lon="-118.58463">
        <ele>2440.0</ele>
      </trkpt>
      <trkpt lat="36.56717" lon="-118.58456">
        <ele>2441.0</ele>
      </trkpt>
      <trkpt lat="36.56719" lon="-118.58445">
        <ele>2441.0</ele>
      </trkpt>
      <trkpt lat="36.56712" lon="-118.58423">
        <ele>2442.0</ele>
      </trkpt>
      <trkpt lat="36.56703" lon="-118.58417">
        <ele>2443.0</ele>
      </trkpt>
      <trkpt lat="36.56682" lon="-118.58394">
        <ele>2444.0</ele>
      </trkpt>
      <trkpt lat="36.56651" lon="-118.58333">
        <ele>2470.0</ele>
      </trkpt>
      <trkpt lat="36.56644" lon="-118.58304">
        <ele>2469.0</ele>
      </trkpt>
      <trkpt lat="36.56643" lon="-118.58291">
        <ele>2468.0</ele>
      </trkpt>
      <trkpt lat="36.56654" lon="-118.58268">
        <ele>2446.0</ele>
      </trkpt>
      <trkpt lat="36.56655" lon="-118.58262">
        <ele>2445.0</ele>
      </trkpt>
      <trkpt lat="36.56646" lon="-118.58247">
        <ele>2464.0</ele>
      </trkpt>
      <trkpt lat="36.5664" lon="-118.58229">
        <ele>2461.0</ele>
      </trkpt>
      <trkpt lat="36.56631" lon="-118.58217">
        <ele>2461.0</ele>
      </trkpt>
      <trkpt lat="36.56621" lon="-118.58179">
        <ele>2495.0</ele>
      </trkpt>
      <trkpt lat="36.5662" lon="-118.58171">
        <ele>2495.0</ele>
      </trkpt>
      <trkpt lat="36.56622" lon="-118.58165">
        <ele>2495.0</ele>
      </trkpt>
      <trkpt lat="36.56619" lon="-118.58152">
        <ele>2498.0</ele>
      </trkpt>
      <trkpt lat="36.56618" lon="-118.58137">
        <ele>2498.0</ele>
      </trkpt>
      <trkpt lat="36.56626" lon="-118.58119">
        <ele>2474.0</ele>
      </trkpt>
      <trkpt lat="36.56615" lon="-118.58101">
        <ele>2497.0</ele>
      </trkpt>
      <trkpt lat="36.5662" lon="-118.5807">
        <ele>2499.0</ele>
      </trkpt>
      <trkpt lat="36.56613" lon="-118.58054">
        <ele>2499.0</ele>
      </trkpt>
      <trkpt lat="36.56614" lon="-118.58031">
        <ele>2499.0</ele>
      </trkpt>
      <trkpt lat="36.56604" lon="-118.5802">
        <ele>2499.0</ele>
      </trkpt>
      <trkpt lat="36.56598" lon="-118.58008">
        <ele>2499.0</ele>
      </trkpt>
      <trkpt lat="36.56596" lon="-118.57991">
        <ele>2500.0</ele>
      </trkpt>
      <trkpt lat="36.56593" lon="-118.57989">
        <ele>2500.0</ele>
      </trkpt>
      <trkpt lat="36.56593" lon="-118.5798">
        <ele>2501.0</ele>
      </trkpt>
      <trkpt lat="36.56591" lon="-118.57975">
        <ele>2501.0</ele>
      </trkpt>
      <trkpt lat="36.56587" lon="-118.57975">
        <ele>2501.0</ele>
      </trkpt>
      <trkpt lat="36.56568" lon="-118.57989">
        <ele>2504.0</ele>
      </trkpt>
      <trkpt lat="36.5654" lon="-118.58004">
        <ele>2512.0</ele>
      </trkpt>
      <trkpt lat="36.56531" lon="-118.58002">
        <ele>2512.0</ele>
      </trkpt>
      <trkpt lat="36.56511" lon="-118.57985">
        <ele>2512.0</ele>
      </trkpt>
      <trkpt lat="36.56506" lon="-118.57984">
        <ele>2512.0</ele>
      </trkpt>
      <trkpt lat="36.5649" lon="-118.57983">
        <ele>2512.0</ele>
      </trkpt>
      <trkpt lat="36.56472" lon="-118.57989">
        <ele>2522.0</ele>
      </trkpt>
      <trkpt lat="36.56466" lon="-118.57984">
        <ele>2517.0</ele>
      </trkpt>
      <trkpt lat="36.56453" lon="-118.57983">
        <ele>2519.0</ele>
      </trkpt>
      <trkpt lat="36.56453" lon="-118.57983">
        <ele>2519.0</ele>
      </trkpt>
      <trkpt lat="36.56453" lon="-118.57983">
        <ele>2519.0</ele>
      </trkpt>
      <trkpt lat="36.56447" lon="-118.57978">
        <ele>2519.0</ele>
      </trkpt>
      <trkpt lat="36.5644" lon="-118.57968">
        <ele>2519.0</ele>
      </trkpt>
      <trkpt lat="36.56439" lon="-118.57962">
        <ele>2519.0</ele>
      </trkpt>
      <trkpt lat="36.56442" lon="-118.57952">
        <ele>2514.0</ele>
      </trkpt>
      <trkpt lat="36.56427" lon="-118.57934">
        <ele>2520.0</ele>
      </trkpt>
      <trkpt lat="36.5643" lon="-118.57929">
        <ele>2514.0</ele>
      </trkpt>
      <trkpt lat="36.56424" lon="-118.57917">
        <ele>2514.0</ele>
      </trkpt>
      <trkpt lat="36.56424" lon="-118.57908">
        <ele>2514.0</ele>
      </trkpt>
      <trkpt lat="36.56416" lon="-118.57894">
        <ele>2510.0</ele>
      </trkpt>
      <trkpt lat="36.56425" lon="-118.57879">
        <ele>2510.0</ele>
      </trkpt>
      <trkpt lat="36.56448" lon="-118.57867">
        <ele>2513.0</ele>
      </trkpt>
      <trkpt lat="36.56456" lon="-118.57835">
        <ele>2513.0</ele>
      </trkpt>
      <trkpt lat="36.56461" lon="-118.57827">
        <ele>2517.0</ele>
      </trkpt>
      <trkpt lat="36.56472" lon="-118.57829">
        <ele>2517.0</ele>
      </trkpt>
      <trkpt lat="36.56475" lon="-118.57825">
        <ele>2517.0</ele>
      </trkpt>
      <trkpt lat="36.5648" lon="-118.57804">
        <ele>2517.0</ele>
      </trkpt>
      <trkpt lat="36.56484" lon="-118.57805">
        <ele>2517.0</ele>
      </trkpt>
      <trkpt lat="36.56513" lon="-118.57827">
        <ele>2519.0</ele>
      </trkpt>
      <trkpt lat="36.56515" lon="-118.57824">
        <ele>2521.0</ele>
      </trkpt>
      <trkpt lat="36.56512" lon="-118.57804">
        <ele>2522.0</ele>
      </trkpt>
      <trkpt lat="36.56516" lon="-118.57801">
        <ele>2529.0</ele>
      </trkpt>
      <trkpt lat="36.56548" lon="-118.57817">
        <ele>2534.0</ele>
      </trkpt>
      <trkpt lat="36.56554" lon="-118.57816">
        <ele>2534.0</ele>
      </trkpt>
      <trkpt lat="36.56554" lon="-118.57813">
        <ele>2534.0</ele>
      </trkpt>
      <trkpt lat="36.56548" lon="-118.57811">
        <ele>2534.0</ele>
      </trkpt>
      <trkpt lat="36.5654" lon="-118.578">
        <ele>2529.0</ele>
      </trkpt>
      <trkpt lat="36.5654" lon="-118.57786">
        <ele>2537.0</ele>
      </trkpt>
      <trkpt lat="36.56527" lon="-118.57775">
        <ele>2537.0</ele>
      </trkpt>
      <trkpt lat="36.56511" lon="-118.57746">
        <ele>2532.0</ele>
      </trkpt>
      <trkpt lat="36.56498" lon="-118.57707">
        <ele>2544.0</ele>
      </trkpt>
      <trkpt lat="36.56488" lon="-118.57689">
        <ele>2544.0</ele>
      </trkpt>
      <trkpt lat="36.56482" lon="-118.57673">
        <ele>2535.0</ele>
      </trkpt>
      <trkpt lat="36.56483" lon="-118.57628">
        <ele>2538.0</ele>
      </trkpt>
      <trkpt lat="36.56481" lon="-118.57619">
        <ele>2541.0</ele>
      </trkpt>
      <trkpt lat="36.56486" lon="-118.57586">
        <ele>2549.0</ele>
      </trkpt>
      <trkpt lat="36.56477" lon="-118.57569">
        <ele>2554.0</ele>
      </trkpt>
      <trkpt lat="36.56482" lon="-118.57519">
        <ele>2561.0</ele>
      </trkpt>
      <trkpt lat="36.56474" lon="-118.57497">
        <ele>2569.0</ele>
      </trkpt>
      <trkpt lat="36.56473" lon="-118.57467">
        <ele>2577.0</ele>
      </trkpt>
      <trkpt lat="36.56469" lon="-118.57457">
        <ele>2583.0</ele>
      </trkpt>
      <trkpt lat="36.56469" lon="-118.57432">
        <ele>2583.0</ele>
      </trkpt>
      <trkpt lat="36.56426" lon="-118.57354">
        <ele>2583.0</ele>
      </trkpt>
      <trkpt lat="36.56428" lon="-118.57353">
        <ele>2583.0</ele>
      </trkpt>
      <trkpt lat="36.56451" lon="-118.57377">
        <ele>2583.0</ele>
      </trkpt>
      <trkpt lat="36.56452" lon="-118.57374">
        <ele>2593.0</ele>
      </trkpt>
      <trkpt lat="36.56447" lon="-118.57364">
        <ele>2593.0</ele>
      </trkpt>
      <trkpt lat="36.56442" lon="-118.57359">
        <ele>2593.0</ele>
      </trkpt>
      <trkpt lat="36.56443" lon="-118.57357">
        <ele>2593.0</ele>
      </trkpt>
      <trkpt lat="36.56456" lon="-118.57367">
        <ele>2593.0</ele>
      </trkpt>
      <trkpt lat="36.5648" lon="-118.57388">
        <ele>2596.0</ele>
      </trkpt>
      <trkpt lat="36.56498" lon="-118.57414">
        <ele>2602.0</ele>
      </trkpt>
      <trkpt lat="36.56511" lon="-118.57422">
        <ele>2602.0</ele>
      </trkpt>
      <trkpt lat="36.56522" lon="-118.57437">
        <ele>2614.0</ele>
      </trkpt>
      <trkpt lat="36.56551" lon="-118.57458">
        <ele>2629.0</ele>
      </trkpt>
      <trkpt lat="36.56553" lon="-118.57466">
        <ele>2622.0</ele>
      </trkpt>
      <trkpt lat="36.56552" lon="-118.57474">
        <ele>2622.0</ele>
      </trkpt>
      <trkpt lat="36.56555" lon="-118.5749">
        <ele>2617.0</ele>
      </trkpt>
      <trkpt lat="36.56569" lon="-118.57522">
        <ele>2611.0</ele>
      </trkpt>
      <trkpt lat="36.56586" lon="-118.57535">
        <ele>2631.0</ele>
      </trkpt>
      <trkpt lat="36.56589" lon="-118.57542">
        <ele>2626.0</ele>
      </trkpt>
      <trkpt lat="36.56588" lon="-118.57548">
        <ele>2626.0</ele>
      </trkpt>
      <trkpt lat="36.56594" lon="-118.57578">
        <ele>2621.0</ele>
      </trkpt>
      <trkpt lat="36.56601" lon="-118.57584">
        <ele>2638.0</ele>
      </trkpt>
      <trkpt lat="36.56612" lon="-118.57609">
        <ele>2630.0</ele>
      </trkpt>
      <trkpt lat="36.56632" lon="-118.57633">
        <ele>2644.0</ele>
      </trkpt>
      <trkpt lat="36.56665" lon="-118.57701">
        <ele>2651.0</ele>
      </trkpt>
      <trkpt lat="36.56668" lon="-118.57704">
        <ele>2651.0</ele>
      </trkpt>
      <trkpt lat="36.56687" lon="-118.57703">
        <ele>2666.0</ele>
      </trkpt>
      <trkpt lat="36.56692" lon="-118.57708">
        <ele>2666.0</ele>
      </trkpt>
      <trkpt lat="36.56706" lon="-118.57713">
        <ele>2649.0</ele>
      </trkpt>
      <trkpt lat="36.56709" lon="-118.5771">
        <ele>2661.0</ele>
      </trkpt>
      <trkpt lat="36.56709" lon="-118.57707">
        <ele>2675.0</ele>
      </trkpt>
      <trkpt lat="36.567" lon="-118.577">
        <ele>2666.0</ele>
      </trkpt>
      <trkpt lat="36.56698" lon="-118.57691">
        <ele>2666.0</ele>
      </trkpt>
      <trkpt lat="36.56684" lon="-118.57679">
        <ele>2674.0</ele>
      </trkpt>
      <trkpt lat="36.56679" lon="-118.5766">
        <ele>2658.0</ele>
      </trkpt>
      <trkpt lat="36.56672" lon="-118.57646">
        <ele>2664.0</ele>
      </trkpt>
      <trkpt lat="36.56664" lon="-118.57598">
        <ele>2670.0</ele>
      </trkpt>
      <trkpt lat="36.56666" lon="-118.57598">
        <ele>2670.0</ele>
      </trkpt>
      <trkpt lat="36.56679" lon="-118.57617">
        <ele>2670.0</ele>
      </trkpt>
      <trkpt lat="36.56694" lon="-118.57634">
        <ele>2679.0</ele>
      </trkpt>
      <trkpt lat="36.56715" lon="-118.57655">
        <ele>2684.0</ele>
      </trkpt>
      <trkpt lat="36.56728" lon="-118.57665">
        <ele>2684.0</ele>
      </trkpt>
      <trkpt lat="36.56734" lon="-118.57676">
        <ele>2684.0</ele>
      </trkpt>
      <trkpt lat="36.56737" lon="-118.57677">
        <ele>2691.0</ele>
      </trkpt>
      <trkpt lat="36.56737" lon="-118.57674">
        <ele>2691.0</ele>
      </trkpt>
      <trkpt lat="36.56731" lon="-118.5766">
        <ele>2684.0</ele>
      </trkpt>
      <trkpt lat="36.56723" lon="-118.57652">
        <ele>2695.0</ele>
      </trkpt>
      <trkpt lat="36.56688" lon="-118.57571">
        <ele>2696.0</ele>
      </trkpt>
      <trkpt lat="36.56689" lon="-118.57565">
        <ele>2704.0</ele>
      </trkpt>
      <trkpt lat="36.56698" lon="-118.57552">
        <ele>2704.0</ele>
      </trkpt>
      <trkpt lat="36.56687" lon="-118.5753">
        <ele>2710.0</ele>
      </trkpt>
      <trkpt lat="36.56692" lon="-118.57504">
        <ele>2718.0</ele>
      </trkpt>
      <trkpt lat="36.56681" lon="-118.57477">
        <ele>2729.0</ele>
      </trkpt>
      <trkpt lat="36.56668" lon="-118.57461">
        <ele>2703.0</ele>
      </trkpt>
      <trkpt lat="36.56662" lon="-118.5745">
        <ele>2717.0</ele>
      </trkpt>
      <trkpt lat="36.56661" lon="-118.57423">
        <ele>2734.0</ele>
      </trkpt>
      <trkpt lat="36.56664" lon="-118.57423">
        <ele>2734.0</ele>
      </trkpt>
      <trkpt lat="36.56672" lon="-118.57448">
        <ele>2717.0</ele>
      </trkpt>
      <trkpt lat="36.56677" lon="-118.5745">
        <ele>2717.0</ele>
      </trkpt>
      <trkpt lat="36.56685" lon="-118.57462">
        <ele>2729.0</ele>
      </trkpt>
      <trkpt lat="36.56695" lon="-118.57468">
        <ele>2729.0</ele>
      </trkpt>
      <trkpt lat="36.56701" lon="-118.57483">
        <ele>2729.0</ele>
      </trkpt>
      <trkpt lat="36.56706" lon="-118.57518">
        <ele>2710.0</ele>
      </trkpt>
      <trkpt lat="36.56709" lon="-118.57522">
        <ele>2741.0</ele>
      </trkpt>
      <trkpt lat="36.56718" lon="-118.57525">
        <ele>2741.0</ele>
      </trkpt>
      <trkpt lat="36.56724" lon="-118.57541">
        <ele>2741.0</ele>
      </trkpt>
      <trkpt lat="36.56727" lon="-118.57538">
        <ele>2741.0</ele>
      </trkpt>
      <trkpt lat="36.56726" lon="-118.57528">
        <ele>2741.0</ele>
      </trkpt>
      <trkpt lat="36.56731" lon="-118.57533">
        <ele>2741.0</ele>
      </trkpt>
      <trkpt lat="36.56733" lon="-118.57529">
        <ele>2741.0</ele>
      </trkpt>
      <trkpt lat="36.56718" lon="-118.57508">
        <ele>2750.0</ele>
      </trkpt>
      <trkpt lat="36.56719" lon="-118.57496">
        <ele>2750.0</ele>
      </trkpt>
      <trkpt lat="36.56717" lon="-118.57488">
        <ele>2750.0</ele>
      </trkpt>
      <trkpt lat="36.56719" lon="-118.57465">
        <ele>2764.0</ele>
      </trkpt>
      <trkpt lat="36.56711" lon="-118.57448">
        <ele>2776.0</ele>
      </trkpt>
      <trkpt lat="36.56692" lon="-118.57428">
        <ele>2752.0</ele>
      </trkpt>
      <trkpt lat="36.5669" lon="-118.5742">
        <ele>2752.0</ele>
      </trkpt>
      <trkpt lat="36.56693" lon="-118.57411">
        <ele>2752.0</ele>
      </trkpt>
      <trkpt lat="36.56677" lon="-118.57376">
        <ele>2746.0</ele>
      </trkpt>
      <trkpt lat="36.56678" lon="-118.57357">
        <ele>2756.0</ele>
      </trkpt>
      <trkpt lat="36.56662" lon="-118.57336">
        <ele>2768.0</ele>
      </trkpt>
      <trkpt lat="36.56657" lon="-118.57316">
        <ele>2780.0</ele>
      </trkpt>
      <trkpt lat="36.56654" lon="-118.57311">
        <ele>2780.0</ele>
      </trkpt>
      <trkpt lat="36.56632" lon="-118.573">
        <ele>2760.0</ele>
      </trkpt>
      <trkpt lat="36.56631" lon="-118.57287">
        <ele>2769.0</ele>
      </trkpt>
      <trkpt lat="36.56626" lon="-118.57284">
        <ele>2769.0</ele>
      </trkpt>
      <trkpt lat="36.56611" lon="-118.5726">
        <ele>2754.0</ele>
      </trkpt>
      <trkpt lat="36.56611" lon="-118.57254">
        <ele>2754.0</ele>
      </trkpt>
      <trkpt lat="36.56619" lon="-118.57248">
        <ele>2754.0</ele>
      </trkpt>
      <trkpt lat="36.56624" lon="-118.57236">
        <ele>2764.0</ele>
      </trkpt>
      <trkpt lat="36.56642" lon="-118.57213">
        <ele>2786.0</ele>
      </trkpt>
      <trkpt lat="36.56652" lon="-118.57193">
        <ele>2793.0</ele>
      </trkpt>
      <trkpt lat="36.56647" lon="-118.5719">
        <ele>2793.0</ele>
      </trkpt>
      <trkpt lat="36.56625" lon="-118.57185">
        <ele>2779.0</ele>
      </trkpt>
      <trkpt lat="36.56617" lon="-118.57178">
        <ele>2790.0</ele>
      </trkpt>
      <trkpt lat="36.56614" lon="-118.5717">
        <ele>2790.0</ele>
      </trkpt>
      <trkpt lat="36.56608" lon="-118.57166">
        <ele>2790.0</ele>
      </trkpt>
      <trkpt lat="36.56598" lon="-118.57164">
        <ele>2790.0</ele>
      </trkpt>
      <trkpt lat="36.56593" lon="-118.57157">
        <ele>2764.0</ele>
      </trkpt>
      <trkpt lat="36.56593" lon="-118.57149">
        <ele>2779.0</ele>
      </trkpt>
      <trkpt lat="36.56585" lon="-118.57142">
        <ele>2779.0</ele>
      </trkpt>
      <trkpt lat="36.56568" lon="-118.57111">
        <ele>2780.0</ele>
      </trkpt>
      <trkpt lat="36.56567" lon="-118.57103">
        <ele>2780.0</ele>
      </trkpt>
      <trkpt lat="36.5657" lon="-118.57094">
        <ele>2812.0</ele>
      </trkpt>
      <trkpt lat="36.56568" lon="-118.57091">
        <ele>2799.0</ele>
      </trkpt>
      <trkpt lat="36.56553" lon="-118.57086">
        <ele>2799.0</ele>
      </trkpt>
      <trkpt lat="36.56535" lon="-118.57073">
        <ele>2781.0</ele>
      </trkpt>
      <trkpt lat="36.5652" lon="-118.5705">
        <ele>2804.0</ele>
      </trkpt>
      <trkpt lat="36.56519" lon="-118.57021">
        <ele>2817.0</ele>
      </trkpt>
      <trkpt lat="36.56504" lon="-118.56987">
        <ele>2814.0</ele>
      </trkpt>
      <trkpt lat="36.56504" lon="-118.56966">
        <ele>2822.0</ele>
      </trkpt>
      <trkpt lat="36.56501" lon="-118.56949">
        <ele>2823.0</ele>
      </trkpt>
      <trkpt lat="36.56496" lon="-118.56944">
        <ele>2823.0</ele>
      </trkpt>
      <trkpt lat="36.56471" lon="-118.56933">
        <ele>2796.0</ele>
      </trkpt>
      <trkpt lat="36.56473" lon="-118.56921">
        <ele>2799.0</ele>
      </trkpt>
      <trkpt lat="36.56477" lon="-118.56911">
        <ele>2799.0</ele>
      </trkpt>
      <trkpt lat="36.56487" lon="-118.56906">
        <ele>2822.0</ele>
      </trkpt>
      <trkpt lat="36.56502" lon="-118.56877">
        <ele>2826.0</ele>
      </trkpt>
      <trkpt lat="36.56499" lon="-118.56852">
        <ele>2841.0</ele>
      </trkpt>
      <trkpt lat="36.56501" lon="-118.56841">
        <ele>2856.0</ele>
      </trkpt>
      <trkpt lat="36.56515" lon="-118.56827">
        <ele>2861.0</ele>
      </trkpt>
      <trkpt lat="36.56515" lon="-118.56827">
        <ele>2861.0</ele>
      </trkpt>
      <trkpt lat="36.56518" lon="-118.56822">
        <ele>2861.0</ele>
      </trkpt>
      <trkpt lat="36.56518" lon="-118.56822">
        <ele>2861.0</ele>
      </trkpt>
      <trkpt lat="36.56519" lon="-118.56812">
        <ele>2882.0</ele>
      </trkpt>
      <trkpt lat="36.56511" lon="-118.5681">
        <ele>2863.0</ele>
      </trkpt>
      <trkpt lat="36.56484" lon="-118.56827">
        <ele>2836.0</ele>
      </trkpt>
      <trkpt lat="36.56471" lon="-118.5684">
        <ele>2836.0</ele>
      </trkpt>
      <trkpt lat="36.56466" lon="-118.56841">
        <ele>2836.0</ele>
      </trkpt>
      <trkpt lat="36.56414" lon="-118.56824">
        <ele>2821.0</ele>
      </trkpt>
      <trkpt lat="36.56403" lon="-118.56806">
        <ele>2836.0</ele>
      </trkpt>
      <trkpt lat="36.56403" lon="-118.56802">
        <ele>2836.0</ele>
      </trkpt>
      <trkpt lat="36.56419" lon="-118.56814">
        <ele>2836.0</ele>
      </trkpt>
      <trkpt lat="36.56432" lon="-118.56813">
        <ele>2842.0</ele>
      </trkpt>
      <trkpt lat="36.5643" lon="-118.56809">
        <ele>2836.0</ele>
      </trkpt>
      <trkpt lat="36.56425" lon="-118.5681">
        <ele>2836.0</ele>
      </trkpt>
      <trkpt lat="36.56422" lon="-118.56806">
        <ele>2836.0</ele>
      </trkpt>
      <trkpt lat="36.564" lon="-118.5677">
        <ele>2837.0</ele>
      </trkpt>
      <trkpt lat="36.56392" lon="-118.56748">
        <ele>2850.0</ele>
      </trkpt>
      <trkpt lat="36.56382" lon="-118.5674">
        <ele>2850.0</ele>
      </trkpt>
      <trkpt lat="36.56362" lon="-118.56744">
        <ele>2845.0</ele>
      </trkpt>
      <trkpt lat="36.56355" lon="-118.5674">
        <ele>2845.0</ele>
      </trkpt>
      <trkpt lat="36.56315" lon="-118.56694">
        <ele>2855.0</ele>
      </trkpt>
      <trkpt lat="36.56294" lon="-118.5668">
        <ele>2869.0</ele>
      </trkpt>
      <trkpt lat="36.56274" lon="-118.56655">
        <ele>2864.0</ele>
      </trkpt>
      <trkpt lat="36.5626" lon="-118.56649">
        <ele>2868.0</ele>
      </trkpt>
      <trkpt lat="36.5626" lon="-118.56649">
        <ele>2868.0</ele>
      </trkpt>
      <trkpt lat="36.56258" lon="-118.56646">
        <ele>2868.0</ele>
      </trkpt>
      <trkpt lat="36.56257999999999" lon="-118.56646">
        <ele>2868.0</ele>
      </trkpt>
      <trkpt lat="36.56258" lon="-118.56646">
        <ele>2868.0</ele>
      </trkpt>
      <trkpt lat="36.56255" lon="-118.56626">
        <ele>2868.0</ele>
      </trkpt>
      <trkpt lat="36.56252" lon="-118.56622">
        <ele>2880.0</ele>
      </trkpt>
      <trkpt lat="36.56244" lon="-118.56618">
        <ele>2880.0</ele>
      </trkpt>
      <trkpt lat="36.56226" lon="-118.56615">
        <ele>2874.0</ele>
      </trkpt>
      <trkpt lat="36.56217" lon="-118.56616">
        <ele>2874.0</ele>
      </trkpt>
      <trkpt lat="36.5621" lon="-118.56611">
        <ele>2874.0</ele>
      </trkpt>
      <trkpt lat="36.56224" lon="-118.5661">
        <ele>2874.0</ele>
      </trkpt>
      <trkpt lat="36.56238" lon="-118.56604">
        <ele>2880.0</ele>
      </trkpt>
      <trkpt lat="36.56238" lon="-118.566">
        <ele>2880.0</ele>
      </trkpt>
      <trkpt lat="36.56218" lon="-118.56598">
        <ele>2874.0</ele>
      </trkpt>
      <trkpt lat="36.5621" lon="-118.56591">
        <ele>2886.0</ele>
      </trkpt>
      <trkpt lat="36.5618" lon="-118.56579">
        <ele>2876.0</ele>
      </trkpt>
      <trkpt lat="36.56171" lon="-118.56562">
        <ele>2886.0</ele>
      </trkpt>
      <trkpt lat="36.56164" lon="-118.56557">
        <ele>2886.0</ele>
      </trkpt>
      <trkpt lat="36.56148" lon="-118.56531">
        <ele>2892.0</ele>
      </trkpt>
      <trkpt lat="36.5613" lon="-118.5653">
        <ele>2892.0</ele>
      </trkpt>
      <trkpt lat="36.56117" lon="-118.56525">
        <ele>2895.0</ele>
      </trkpt>
      <trkpt lat="36.561" lon="-118.56514">
        <ele>2895.0</ele>
      </trkpt>
      <trkpt lat="36.56083" lon="-118.5651">
        <ele>2908.0</ele>
      </trkpt>
      <trkpt lat="36.56039" lon="-118.56512">
        <ele>2914.0</ele>
      </trkpt>
      <trkpt lat="36.56016" lon="-118.56504">
        <ele>2914.0</ele>
      </trkpt>
      <trkpt lat="36.55997" lon="-118.56503">
        <ele>2915.0</ele>
      </trkpt>
      <trkpt lat="36.5599" lon="-118.56505">
        <ele>2915.0</ele>
      </trkpt>
      <trkpt lat="36.55986" lon="-118.56503">
        <ele>2915.0</ele>
      </trkpt>
      <trkpt lat="36.55989" lon="-118.56498">
        <ele>2915.0</ele>
      </trkpt>
      <trkpt lat="36.56024" lon="-118.56475">
        <ele>2931.0</ele>
      </trkpt>
      <trkpt lat="36.56036" lon="-118.56458">
        <ele>2940.0</ele>
      </trkpt>
      <trkpt lat="36.56052" lon="-118.56445">
        <ele>2937.0</ele>
      </trkpt>
      <trkpt lat="36.56052" lon="-118.56445">
        <ele>2937.0</ele>
      </trkpt>
      <trkpt lat="36.56061" lon="-118.56442">
        <ele>2937.0</ele>
      </trkpt>
      <trkpt lat="36.56062" lon="-118.56438">
        <ele>2937.0</ele>
      </trkpt>
      <trkpt lat="36.56037" lon="-118.56425">
        <ele>2949.0</ele>
      </trkpt>
      <trkpt lat="36.56019" lon="-118.56433">
        <ele>2940.0</ele>
      </trkpt>
      <trkpt lat="36.56001" lon="-118.56431">
        <ele>2940.0</ele>
      </trkpt>
      <trkpt lat="36.55985" lon="-118.56419">
        <ele>2950.0</ele>
      </trkpt>
      <trkpt lat="36.55973" lon="-118.56402">
        <ele>2961.0</ele>
      </trkpt>
      <trkpt lat="36.55951" lon="-118.56403">
        <ele>2950.0</ele>
      </trkpt>
      <trkpt lat="36.55924" lon="-118.56415">
        <ele>2952.0</ele>
      </trkpt>
      <trkpt lat="36.55885" lon="-118.56402">
        <ele>2966.0</ele>
      </trkpt>
      <trkpt lat="36.55884" lon="-118.56399">
        <ele>2966.0</ele>
      </trkpt>
      <trkpt lat="36.55889" lon="-118.56395">
        <ele>2966.0</ele>
      </trkpt>
      <trkpt lat="36.55889" lon="-118.56392">
        <ele>2966.0</ele>
      </trkpt>
      <trkpt lat="36.55887" lon="-118.56391">
        <ele>2966.0</ele>
      </trkpt>
      <trkpt lat="36.5587" lon="-118.56398">
        <ele>2971.0</ele>
      </trkpt>
      <trkpt lat="36.55857" lon="-118.56395">
        <ele>2971.0</ele>
      </trkpt>
      <trkpt lat="36.55856" lon="-118.56392">
        <ele>2971.0</ele>
      </trkpt>
      <trkpt lat="36.55863" lon="-118.56381">
        <ele>2971.0</ele>
      </trkpt>
      <trkpt lat="36.55861" lon="-118.56378">
        <ele>2971.0</ele>
      </trkpt>
      <trkpt lat="36.5584" lon="-118.56381">
        <ele>2975.0</ele>
      </trkpt>
      <trkpt lat="36.55822" lon="-118.56389">
        <ele>2975.0</ele>
      </trkpt>
      <trkpt lat="36.55813" lon="-118.56388">
        <ele>2979.0</ele>
      </trkpt>
      <trkpt lat="36.55805" lon="-118.56383">
        <ele>2979.0</ele>
      </trkpt>
      <trkpt lat="36.5579" lon="-118.56365">
        <ele>2996.0</ele>
      </trkpt>
      <trkpt lat="36.5577" lon="-118.56357">
        <ele>2996.0</ele>
      </trkpt>
      <trkpt lat="36.55742" lon="-118.56359">
        <ele>2997.0</ele>
      </trkpt>
      <trkpt lat="36.55734" lon="-118.56362">
        <ele>3002.0</ele>
      </trkpt>
      <trkpt lat="36.55705" lon="-118.56383">
        <ele>2997.0</ele>
      </trkpt>
      <trkpt lat="36.55689" lon="-118.56384">
        <ele>2997.0</ele>
      </trkpt>
      <trkpt lat="36.55678" lon="-118.56389">
        <ele>3000.0</ele>
      </trkpt>
      <trkpt lat="36.55668" lon="-118.56389">
        <ele>3000.0</ele>
      </trkpt>
      <trkpt lat="36.55666" lon="-118.56383">
        <ele>3000.0</ele>
      </trkpt>
      <trkpt lat="36.55667" lon="-118.56378">
        <ele>3000.0</ele>
      </trkpt>
      <trkpt lat="36.55674" lon="-118.56371">
        <ele>3006.0</ele>
      </trkpt>
      <trkpt lat="36.55675" lon="-118.56367">
        <ele>3006.0</ele>
      </trkpt>
      <trkpt lat="36.55662" lon="-118.56344">
        <ele>3012.0</ele>
      </trkpt>
      <trkpt lat="36.55646" lon="-118.56323">
        <ele>3008.0</ele>
      </trkpt>
      <trkpt lat="36.5563" lon="-118.56322">
        <ele>3008.0</ele>
      </trkpt>
      <trkpt lat="36.5562" lon="-118.56341">
        <ele>3006.0</ele>
      </trkpt>
      <trkpt lat="36.55617" lon="-118.56342">
        <ele>3006.0</ele>
      </trkpt>
      <trkpt lat="36.55614" lon="-118.56336">
        <ele>3006.0</ele>
      </trkpt>
      <trkpt lat="36.55601" lon="-118.56346">
        <ele>3006.0</ele>
      </trkpt>
      <trkpt lat="36.55587" lon="-118.5634">
        <ele>3007.0</ele>
      </trkpt>
      <trkpt lat="36.55566" lon="-118.56311">
        <ele>3014.0</ele>
      </trkpt>
      <trkpt lat="36.55571" lon="-118.56308">
        <ele>3015.0</ele>
      </trkpt>
      <trkpt lat="36.55587" lon="-118.56307">
        <ele>3015.0</ele>
      </trkpt>
      <trkpt lat="36.55597" lon="-118.56302">
        <ele>3015.0</ele>
      </trkpt>
      <trkpt lat="36.55599" lon="-118.563">
        <ele>3015.0</ele>
      </trkpt>
      <trkpt lat="36.55599" lon="-118.56296">
        <ele>3015.0</ele>
      </trkpt>
      <trkpt lat="36.55574" lon="-118.56283">
        <ele>3028.0</ele>
      </trkpt>
      <trkpt lat="36.55562" lon="-118.56261">
        <ele>3038.0</ele>
      </trkpt>
      <trkpt lat="36.55547" lon="-118.56261">
        <ele>3038.0</ele>
      </trkpt>
      <trkpt lat="36.5553" lon="-118.56254">
        <ele>3038.0</ele>
      </trkpt>
      <trkpt lat="36.55524" lon="-118.56255">
        <ele>3038.0</ele>
      </trkpt>
      <trkpt lat="36.55523" lon="-118.56251">
        <ele>3038.0</ele>
      </trkpt>
      <trkpt lat="36.55527" lon="-118.56248">
        <ele>3038.0</ele>
      </trkpt>
      <trkpt lat="36.5555" lon="-118.56242">
        <ele>3038.0</ele>
      </trkpt>
      <trkpt lat="36.55551" lon="-118.56238">
        <ele>3038.0</ele>
      </trkpt>
      <trkpt lat="36.55532" lon="-118.56229">
        <ele>3050.0</ele>
      </trkpt>
      <trkpt lat="36.55549" lon="-118.56225">
        <ele>3049.0</ele>
      </trkpt>
      <trkpt lat="36.55576" lon="-118.5623">
        <ele>3050.0</ele>
      </trkpt>
      <trkpt lat="36.55575" lon="-118.56225">
        <ele>3050.0</ele>
      </trkpt>
      <trkpt lat="36.55567" lon="-118.5622">
        <ele>3049.0</ele>
      </trkpt>
      <trkpt lat="36.55561" lon="-118.5621">
        <ele>3049.0</ele>
      </trkpt>
      <trkpt lat="36.55535" lon="-118.56198">
        <ele>3062.0</ele>
      </trkpt>
      <trkpt lat="36.55503" lon="-118.56179">
        <ele>3074.0</ele>
      </trkpt>
      <trkpt lat="36.55472" lon="-118.5618">
        <ele>3076.0</ele>
      </trkpt>
      <trkpt lat="36.55443" lon="-118.56189">
        <ele>3067.0</ele>
      </trkpt>
      <trkpt lat="36.55425" lon="-118.56191">
        <ele>3075.0</ele>
      </trkpt>
      <trkpt lat="36.55421" lon="-118.56189">
        <ele>3075.0</ele>
      </trkpt>
      <trkpt lat="36.55421" lon="-118.56186">
        <ele>3075.0</ele>
      </trkpt>
      <trkpt lat="36.55435" lon="-118.56172">
        <ele>3079.0</ele>
      </trkpt>
      <trkpt lat="36.55436" lon="-118.56167">
        <ele>3079.0</ele>
      </trkpt>
      <trkpt lat="36.55429" lon="-118.56164">
        <ele>3086.0</ele>
      </trkpt>
      <trkpt lat="36.55409" lon="-118.56178">
        <ele>3086.0</ele>
      </trkpt>
      <trkpt lat="36.55408" lon="-118.56168">
        <ele>3086.0</ele>
      </trkpt>
      <trkpt lat="36.55402" lon="-118.56174">
        <ele>3093.0</ele>
      </trkpt>
      <trkpt lat="36.5538" lon="-118.5618">
        <ele>3093.0</ele>
      </trkpt>
      <trkpt lat="36.5533" lon="-118.56181">
        <ele>3097.0</ele>
      </trkpt>
      <trkpt lat="36.55307" lon="-118.56188">
        <ele>3104.0</ele>
      </trkpt>
      <trkpt lat="36.55283" lon="-118.56182">
        <ele>3112.0</ele>
      </trkpt>
      <trkpt lat="36.55272" lon="-118.56178">
        <ele>3121.0</ele>
      </trkpt>
      <trkpt lat="36.55276" lon="-118.56169">
        <ele>3121.0</ele>
      </trkpt>
      <trkpt lat="36.55298" lon="-118.56158">
        <ele>3116.0</ele>
      </trkpt>
      <trkpt lat="36.55292" lon="-118.56152">
        <ele>3128.0</ele>
      </trkpt>
      <trkpt lat="36.55292" lon="-118.56137">
        <ele>3128.0</ele>
      </trkpt>
      <trkpt lat="36.55277" lon="-118.56141">
        <ele>3131.0</ele>
      </trkpt>
      <trkpt lat="36.55264" lon="-118.56138">
        <ele>3131.0</ele>
      </trkpt>
      <trkpt lat="36.55264" lon="-118.56128">
        <ele>3131.0</ele>
      </trkpt>
      <trkpt lat="36.55261" lon="-118.56126">
        <ele>3135.0</ele>
      </trkpt>
      <trkpt lat="36.55246" lon="-118.56122">
        <ele>3147.0</ele>
      </trkpt>
      <trkpt lat="36.55222" lon="-118.56125">
        <ele>3148.0</ele>
      </trkpt>
      <trkpt lat="36.55202" lon="-118.56111">
        <ele>3147.0</ele>
      </trkpt>
      <trkpt lat="36.55212" lon="-118.56103">
        <ele>3148.0</ele>
      </trkpt>
      <trkpt lat="36.55196" lon="-118.56087">
        <ele>3145.0</ele>
      </trkpt>
      <trkpt lat="36.55201" lon="-118.5607">
        <ele>3145.0</ele>
      </trkpt>
      <trkpt lat="36.55229" lon="-118.56068">
        <ele>3153.0</ele>
      </trkpt>
      <trkpt lat="36.55247" lon="-118.56058">
        <ele>3162.0</ele>
      </trkpt>
      <trkpt lat="36.55261" lon="-118.56044">
        <ele>3162.0</ele>
      </trkpt>
      <trkpt lat="36.55256" lon="-118.55979">
        <ele>3164.0</ele>
      </trkpt>
      <trkpt lat="36.55265" lon="-118.55954">
        <ele>3185.0</ele>
      </trkpt>
      <trkpt lat="36.55263" lon="-118.55935">
        <ele>3166.0</ele>
      </trkpt>
      <trkpt lat="36.55256" lon="-118.5591">
        <ele>3167.0</ele>
      </trkpt>
      <trkpt lat="36.55257" lon="-118.55908">
        <ele>3167.0</ele>
      </trkpt>
      <trkpt lat="36.55263" lon="-118.55912">
        <ele>3167.0</ele>
      </trkpt>
      <trkpt lat="36.55265" lon="-118.5591">
        <ele>3191.0</ele>
      </trkpt>
      <trkpt lat="36.55263" lon="-118.55898">
        <ele>3169.0</ele>
      </trkpt>
      <trkpt lat="36.55264" lon="-118.55884">
        <ele>3191.0</ele>
      </trkpt>
      <trkpt lat="36.55275" lon="-118.55858">
        <ele>3189.0</ele>
      </trkpt>
      <trkpt lat="36.55279" lon="-118.55843">
        <ele>3190.0</ele>
      </trkpt>
      <trkpt lat="36.55293" lon="-118.55817">
        <ele>3196.0</ele>
      </trkpt>
      <trkpt lat="36.55299" lon="-118.55797">
        <ele>3196.0</ele>
      </trkpt>
      <trkpt lat="36.55322" lon="-118.55776">
        <ele>3199.0</ele>
      </trkpt>
      <trkpt lat="36.55337" lon="-118.55757">
        <ele>3196.0</ele>
      </trkpt>
      <trkpt lat="36.55359" lon="-118.55706">
        <ele>3199.0</ele>
      </trkpt>
      <trkpt lat="36.55379" lon="-118.55685">
        <ele>3202.0</ele>
      </trkpt>
      <trkpt lat="36.55432" lon="-118.55638">
        <ele>3202.0</ele>
      </trkpt>
      <trkpt lat="36.55441" lon="-118.55624">
        <ele>3207.0</ele>
      </trkpt>
      <trkpt lat="36.55443" lon="-118.55616">
        <ele>3207.0</ele>
      </trkpt>
      <trkpt lat="36.55443" lon="-118.55606">
        <ele>3207.0</ele>
      </trkpt>
      <trkpt lat="36.55455" lon="-118.55586">
        <ele>3213.0</ele>
      </trkpt>
      <trkpt lat="36.55459" lon="-118.55575">
        <ele>3217.0</ele>
      </trkpt>
      <trkpt lat="36.55462" lon="-118.55545">
        <ele>3210.0</ele>
      </trkpt>
      <trkpt lat="36.55465" lon="-118.55538">
        <ele>3213.0</ele>
      </trkpt>
      <trkpt lat="36.5548" lon="-118.55522">
        <ele>3213.0</ele>
      </trkpt>
      <trkpt lat="36.5548" lon="-118.5552">
        <ele>3213.0</ele>
      </trkpt>
      <trkpt lat="36.55464" lon="-118.55513">
        <ele>3210.0</ele>
      </trkpt>
      <trkpt lat="36.55459" lon="-118.55494">
        <ele>3210.0</ele>
      </trkpt>
      <trkpt lat="36.55459" lon="-118.55474">
        <ele>3215.0</ele>
      </trkpt>
      <trkpt lat="36.55472" lon="-118.55429">
        <ele>3229.0</ele>
      </trkpt>
      <trkpt lat="36.55486" lon="-118.55419">
        <ele>3229.0</ele>
      </trkpt>
      <trkpt lat="36.55504" lon="-118.55416">
        <ele>3228.0</ele>
      </trkpt>
      <trkpt lat="36.55522" lon="-118.55393">
        <ele>3232.0</ele>
      </trkpt>
      <trkpt lat="36.55528" lon="-118.55391">
        <ele>3232.0</ele>
      </trkpt>
      <trkpt lat="36.55556" lon="-118.55393">
        <ele>3234.0</ele>
      </trkpt>
      <trkpt lat="36.55559" lon="-118.55398">
        <ele>3234.0</ele>
      </trkpt>
      <trkpt lat="36.55556" lon="-118.55421">
        <ele>3231.0</ele>
      </trkpt>
      <trkpt lat="36.55571" lon="-118.55412">
        <ele>3236.0</ele>
      </trkpt>
      <trkpt lat="36.55586" lon="-118.55397">
        <ele>3239.0</ele>
      </trkpt>
      <trkpt lat="36.55614" lon="-118.55381">
        <ele>3241.0</ele>
      </trkpt>
      <trkpt lat="36.55623" lon="-118.55368">
        <ele>3240.0</ele>
      </trkpt>
      <trkpt lat="36.55628" lon="-118.55347">
        <ele>3243.0</ele>
      </trkpt>
      <trkpt lat="36.55636" lon="-118.55333">
        <ele>3243.0</ele>
      </trkpt>
      <trkpt lat="36.55656" lon="-118.55285">
        <ele>3242.0</ele>
      </trkpt>
      <trkpt lat="36.55698" lon="-118.5522">
        <ele>3249.0</ele>
      </trkpt>
      <trkpt lat="36.55714" lon="-118.55229">
        <ele>3253.0</ele>
      </trkpt>
      <trkpt lat="36.55732" lon="-118.55259">
        <ele>3246.0</ele>
      </trkpt>
      <trkpt lat="36.55735" lon="-118.55258">
        <ele>3246.0</ele>
      </trkpt>
      <trkpt lat="36.55731" lon="-118.55238">
        <ele>3246.0</ele>
      </trkpt>
      <trkpt lat="36.55732" lon="-118.55231">
        <ele>3253.0</ele>
      </trkpt>
      <trkpt lat="36.5575" lon="-118.55242">
        <ele>3250.0</ele>
      </trkpt>
      <trkpt lat="36.55749" lon="-118.55235">
        <ele>3255.0</ele>
      </trkpt>
      <trkpt lat="36.55741" lon="-118.55221">
        <ele>3255.0</ele>
      </trkpt>
      <trkpt lat="36.55741" lon="-118.55197">
        <ele>3257.0</ele>
      </trkpt>
      <trkpt lat="36.55739" lon="-118.55177">
        <ele>3258.0</ele>
      </trkpt>
      <trkpt lat="36.55745" lon="-118.5514">
        <ele>3261.0</ele>
      </trkpt>
      <trkpt lat="36.55744" lon="-118.5512">
        <ele>3263.0</ele>
      </trkpt>
      <trkpt lat="36.55752" lon="-118.55104">
        <ele>3263.0</ele>
      </trkpt>
      <trkpt lat="36.55735" lon="-118.55093">
        <ele>3251.0</ele>
      </trkpt>
      <trkpt lat="36.55735" lon="-118.55093">
        <ele>3251.0</ele>
      </trkpt>
      <trkpt lat="36.55714" lon="-118.55094">
        <ele>3251.0</ele>
      </trkpt>
      <trkpt lat="36.55675" lon="-118.55083">
        <ele>3243.0</ele>
      </trkpt>
      <trkpt lat="36.55675" lon="-118.5508">
        <ele>3243.0</ele>
      </trkpt>
      <trkpt lat="36.55714" lon="-118.55066">
        <ele>3237.0</ele>
      </trkpt>
      <trkpt lat="36.55744" lon="-118.5505">
        <ele>3237.0</ele>
      </trkpt>
      <trkpt lat="36.55743" lon="-118.55045">
        <ele>3237.0</ele>
      </trkpt>
      <trkpt lat="36.55665" lon="-118.5503">
        <ele>3224.0</ele>
      </trkpt>
      <trkpt lat="36.55646" lon="-118.5503">
        <ele>3221.0</ele>
      </trkpt>
      <trkpt lat="36.55619" lon="-118.55038">
        <ele>3218.0</ele>
      </trkpt>
      <trkpt lat="36.5562" lon="-118.55032">
        <ele>3218.0</ele>
      </trkpt>
      <trkpt lat="36.55628" lon="-118.55025">
        <ele>3221.0</ele>
      </trkpt>
      <trkpt lat="36.55629" lon="-118.55021">
        <ele>3221.0</ele>
      </trkpt>
      <trkpt lat="36.55617" lon="-118.55016">
        <ele>3218.0</ele>
      </trkpt>
      <trkpt lat="36.55605" lon="-118.54999">
        <ele>3210.0</ele>
      </trkpt>
      <trkpt lat="36.55605" lon="-118.54985">
        <ele>3203.0</ele>
      </trkpt>
      <trkpt lat="36.55611" lon="-118.5497">
        <ele>3203.0</ele>
      </trkpt>
      <trkpt lat="36.55653" lon="-118.54949">
        <ele>3209.0</ele>
      </trkpt>
      <trkpt lat="36.55654" lon="-118.54946">
        <ele>3209.0</ele>
      </trkpt>
      <trkpt lat="36.5561" lon="-118.54943">
        <ele>3199.0</ele>
      </trkpt>
      <trkpt lat="36.5561" lon="-118.54928">
        <ele>3195.0</ele>
      </trkpt>
      <trkpt lat="36.55606" lon="-118.54926">
        <ele>3195.0</ele>
      </trkpt>
      <trkpt lat="36.556" lon="-118.54915">
        <ele>3195.0</ele>
      </trkpt>
      <trkpt lat="36.55596" lon="-118.5489">
        <ele>3187.0</ele>
      </trkpt>
      <trkpt lat="36.5558" lon="-118.54861">
        <ele>3186.0</ele>
      </trkpt>
      <trkpt lat="36.55578" lon="-118.54853">
        <ele>3186.0</ele>
      </trkpt>
      <trkpt lat="36.55575" lon="-118.54848">
        <ele>3186.0</ele>
      </trkpt>
      <trkpt lat="36.55558" lon="-118.54847">
        <ele>3180.0</ele>
      </trkpt>
      <trkpt lat="36.55548" lon="-118.5484">
        <ele>3180.0</ele>
      </trkpt>
      <trkpt lat="36.55543" lon="-118.54833">
        <ele>3180.0</ele>
      </trkpt>
      <trkpt lat="36.55542" lon="-118.54823">
        <ele>3180.0</ele>
      </trkpt>
      <trkpt lat="36.55535" lon="-118.54808">
        <ele>3177.0</ele>
      </trkpt>
      <trkpt lat="36.55521" lon="-118.54787">
        <ele>3171.0</ele>
      </trkpt>
      <trkpt lat="36.55514" lon="-118.54782">
        <ele>3171.0</ele>
      </trkpt>
      <trkpt lat="36.55496" lon="-118.54757">
        <ele>3165.0</ele>
      </trkpt>
      <trkpt lat="36.55487" lon="-118.54756">
        <ele>3165.0</ele>
      </trkpt>
      <trkpt lat="36.5549" lon="-118.54732">
        <ele>3162.0</ele>
      </trkpt>
      <trkpt lat="36.55488" lon="-118.54723">
        <ele>3162.0</ele>
      </trkpt>
      <trkpt lat="36.55459" lon="-118.54718">
        <ele>3157.0</ele>
      </trkpt>
      <trkpt lat="36.55445" lon="-118.54719">
        <ele>3156.0</ele>
      </trkpt>
      <trkpt lat="36.55442" lon="-118.54717">
        <ele>3156.0</ele>
      </trkpt>
      <trkpt lat="36.55443" lon="-118.54703">
        <ele>3151.0</ele>
      </trkpt>
      <trkpt lat="36.55419" lon="-118.54647">
        <ele>3146.0</ele>
      </trkpt>
      <trkpt lat="36.55411" lon="-118.54614">
        <ele>3144.0</ele>
      </trkpt>
      <trkpt lat="36.55396" lon="-118.54576">
        <ele>3148.0</ele>
      </trkpt>
      <trkpt lat="36.5539" lon="-118.54569">
        <ele>3143.0</ele>
      </trkpt>
      <trkpt lat="36.5538" lon="-118.54568">
        <ele>3143.0</ele>
      </trkpt>
      <trkpt lat="36.5537" lon="-118.54559">
        <ele>3145.0</ele>
      </trkpt>
      <trkpt lat="36.5537" lon="-118.54552">
        <ele>3145.0</ele>
      </trkpt>
      <trkpt lat="36.55376" lon="-118.54543">
        <ele>3143.0</ele>
      </trkpt>
      <trkpt lat="36.55376" lon="-118.54537">
        <ele>3138.0</ele>
      </trkpt>
      <trkpt lat="36.55373" lon="-118.54534">
        <ele>3138.0</ele>
      </trkpt>
      <trkpt lat="36.55339" lon="-118.54524">
        <ele>3138.0</ele>
      </trkpt>
      <trkpt lat="36.55281" lon="-118.54518">
        <ele>3134.0</ele>
      </trkpt>
      <trkpt lat="36.5528" lon="-118.54491">
        <ele>3131.0</ele>
      </trkpt>
      <trkpt lat="36.55253" lon="-118.54492">
        <ele>3126.0</ele>
      </trkpt>
      <trkpt lat="36.55233" lon="-118.54502">
        <ele>3121.0</ele>
      </trkpt>
      <trkpt lat="36.55213" lon="-118.54508">
        <ele>3121.0</ele>
      </trkpt>
      <trkpt lat="36.55202" lon="-118.54509">
        <ele>3117.0</ele>
      </trkpt>
      <trkpt lat="36.55176" lon="-118.54506">
        <ele>3115.0</ele>
      </trkpt>
      <trkpt lat="36.55164" lon="-118.54496">
        <ele>3115.0</ele>
      </trkpt>
      <trkpt lat="36.55154" lon="-118.54492">
        <ele>3115.0</ele>
      </trkpt>
      <trkpt lat="36.55147" lon="-118.54492">
        <ele>3111.0</ele>
      </trkpt>
      <trkpt lat="36.55121" lon="-118.54505">
        <ele>3109.0</ele>
      </trkpt>
      <trkpt lat="36.55095" lon="-118.54525">
        <ele>3108.0</ele>
      </trkpt>
      <trkpt lat="36.55084" lon="-118.54526">
        <ele>3108.0</ele>
      </trkpt>
      <trkpt lat="36.55075" lon="-118.54535">
        <ele>3108.0</ele>
      </trkpt>
      <trkpt lat="36.55042" lon="-118.54544">
        <ele>3101.0</ele>
      </trkpt>
      <trkpt lat="36.55019" lon="-118.54557">
        <ele>3099.0</ele>
      </trkpt>
      <trkpt lat="36.55005" lon="-118.54546">
        <ele>3097.0</ele>
      </trkpt>
      <trkpt lat="36.54989" lon="-118.54539">
        <ele>3098.0</ele>
      </trkpt>
      <trkpt lat="36.54978" lon="-118.54526">
        <ele>3094.0</ele>
      </trkpt>
      <trkpt lat="36.54964" lon="-118.54532">
        <ele>3094.0</ele>
      </trkpt>
      <trkpt lat="36.54952" lon="-118.54529">
        <ele>3090.0</ele>
      </trkpt>
      <trkpt lat="36.54944" lon="-118.54543">
        <ele>3090.0</ele>
      </trkpt>
      <trkpt lat="36.54937" lon="-118.54547">
        <ele>3090.0</ele>
      </trkpt>
      <trkpt lat="36.54908" lon="-118.54514">
        <ele>3087.0</ele>
      </trkpt>
      <trkpt lat="36.54903" lon="-118.54514">
        <ele>3087.0</ele>
      </trkpt>
      <trkpt lat="36.54894" lon="-118.54522">
        <ele>3084.0</ele>
      </trkpt>
      <trkpt lat="36.54872" lon="-118.54592">
        <ele>3083.0</ele>
      </trkpt>
      <trkpt lat="36.54853" lon="-118.54616">
        <ele>3085.0</ele>
      </trkpt>
      <trkpt lat="36.54841" lon="-118.54623">
        <ele>3081.0</ele>
      </trkpt>
      <trkpt lat="36.5484" lon="-118.5464">
        <ele>3080.0</ele>
      </trkpt>
      <trkpt lat="36.54834" lon="-118.54652">
        <ele>3080.0</ele>
      </trkpt>
      <trkpt lat="36.54828" lon="-118.54656">
        <ele>3083.0</ele>
      </trkpt>
      <trkpt lat="36.54817" lon="-118.5466">
        <ele>3079.0</ele>
      </trkpt>
      <trkpt lat="36.54797" lon="-118.54657">
        <ele>3079.0</ele>
      </trkpt>
      <trkpt lat="36.54786" lon="-118.54649">
        <ele>3074.0</ele>
      </trkpt>
      <trkpt lat="36.54776" lon="-118.54636">
        <ele>3074.0</ele>
      </trkpt>
      <trkpt lat="36.54763" lon="-118.54637">
        <ele>3073.0</ele>
      </trkpt>
      <trkpt lat="36.54756" lon="-118.54632">
        <ele>3073.0</ele>
      </trkpt>
      <trkpt lat="36.54742" lon="-118.54631">
        <ele>3073.0</ele>
      </trkpt>
      <trkpt lat="36.54718" lon="-118.54622">
        <ele>3071.0</ele>
      </trkpt>
      <trkpt lat="36.54707" lon="-118.54616">
        <ele>3069.0</ele>
      </trkpt>
      <trkpt lat="36.54703" lon="-118.54609">
        <ele>3069.0</ele>
      </trkpt>
      <trkpt lat="36.5469" lon="-118.54604">
        <ele>3069.0</ele>
      </trkpt>
      <trkpt lat="36.54667" lon="-118.54587">
        <ele>3061.0</ele>
      </trkpt>
      <trkpt lat="36.54639" lon="-118.54587">
        <ele>3059.0</ele>
      </trkpt>
      <trkpt lat="36.54629" lon="-118.54583">
        <ele>3059.0</ele>
      </trkpt>
      <trkpt lat="36.5459" lon="-118.54584">
        <ele>3054.0</ele>
      </trkpt>
      <trkpt lat="36.54571" lon="-118.54616">
        <ele>3056.0</ele>
      </trkpt>
      <trkpt lat="36.54553" lon="-118.54622">
        <ele>3051.0</ele>
      </trkpt>
      <trkpt lat="36.54526" lon="-118.54638">
        <ele>3052.0</ele>
      </trkpt>
      <trkpt lat="36.54516" lon="-118.54641">
        <ele>3052.0</ele>
      </trkpt>
      <trkpt lat="36.54508" lon="-118.54641">
        <ele>3048.0</ele>
      </trkpt>
      <trkpt lat="36.54495" lon="-118.54636">
        <ele>3048.0</ele>
      </trkpt>
      <trkpt lat="36.54495" lon="-118.54636">
        <ele>3048.0</ele>
      </trkpt>
      <trkpt lat="36.54487" lon="-118.54632">
        <ele>3048.0</ele>
      </trkpt>
      <trkpt lat="36.54469" lon="-118.54629">
        <ele>3050.0</ele>
      </trkpt>
      <trkpt lat="36.54459" lon="-118.54621">
        <ele>3046.0</ele>
      </trkpt>
      <trkpt lat="36.54431" lon="-118.54624">
        <ele>3045.0</ele>
      </trkpt>
      <trkpt lat="36.54421" lon="-118.54613">
        <ele>3044.0</ele>
      </trkpt>
      <trkpt lat="36.5434" lon="-118.54597">
        <ele>3047.0</ele>
      </trkpt>
      <trkpt lat="36.54317" lon="-118.54589">
        <ele>3049.0</ele>
      </trkpt>
      <trkpt lat="36.54288" lon="-118.54586">
        <ele>3054.0</ele>
      </trkpt>
      <trkpt lat="36.54251" lon="-118.54572">
        <ele>3056.0</ele>
      </trkpt>
      <trkpt lat="36.54223" lon="-118.54555">
        <ele>3050.0</ele>
      </trkpt>
      <trkpt lat="36.54204" lon="-118.54549">
        <ele>3049.0</ele>
      </trkpt>
      <trkpt lat="36.54171" lon="-118.54531">
        <ele>3044.0</ele>
      </trkpt>
      <trkpt lat="36.5415" lon="-118.54518">
        <ele>3045.0</ele>
      </trkpt>
      <trkpt lat="36.54096" lon="-118.54455">
        <ele>3038.0</ele>
      </trkpt>
      <trkpt lat="36.54074" lon="-118.54443">
        <ele>3038.0</ele>
      </trkpt>
      <trkpt lat="36.54064" lon="-118.54441">
        <ele>3040.0</ele>
      </trkpt>
      <trkpt lat="36.54029" lon="-118.54423">
        <ele>3034.0</ele>
      </trkpt>
      <trkpt lat="36.53993" lon="-118.54408">
        <ele>3032.0</ele>
      </trkpt>
      <trkpt lat="36.53968" lon="-118.54405">
        <ele>3034.0</ele>
      </trkpt>
      <trkpt lat="36.53961" lon="-118.54407">
        <ele>3034.0</ele>
      </trkpt>
      <trkpt lat="36.53934" lon="-118.54402">
        <ele>3030.0</ele>
      </trkpt>
      <trkpt lat="36.53905" lon="-118.54404">
        <ele>3032.0</ele>
      </trkpt>
      <trkpt lat="36.53874" lon="-118.54399">
        <ele>3024.0</ele>
      </trkpt>
      <trkpt lat="36.53846" lon="-118.54404">
        <ele>3025.0</ele>
      </trkpt>
      <trkpt lat="36.53834" lon="-118.54409">
        <ele>3025.0</ele>
      </trkpt>
      <trkpt lat="36.5378" lon="-118.54389">
        <ele>3019.0</ele>
      </trkpt>
      <trkpt lat="36.53741" lon="-118.5437">
        <ele>3014.0</ele>
      </trkpt>
      <trkpt lat="36.53734" lon="-118.54361">
        <ele>3012.0</ele>
      </trkpt>
      <trkpt lat="36.53725" lon="-118.54364">
        <ele>3012.0</ele>
      </trkpt>
      <trkpt lat="36.53689" lon="-118.54358">
        <ele>3008.0</ele>
      </trkpt>
      <trkpt lat="36.53674" lon="-118.54361">
        <ele>3005.0</ele>
      </trkpt>
      <trkpt lat="36.53643" lon="-118.54351">
        <ele>3003.0</ele>
      </trkpt>
      <trkpt lat="36.53635" lon="-118.54353">
        <ele>3003.0</ele>
      </trkpt>
      <trkpt lat="36.53629" lon="-118.54358">
        <ele>3003.0</ele>
      </trkpt>
      <trkpt lat="36.53617" lon="-118.54376">
        <ele>3005.0</ele>
      </trkpt>
      <trkpt lat="36.53606" lon="-118.54385">
        <ele>3005.0</ele>
      </trkpt>
      <trkpt lat="36.53563" lon="-118.54382">
        <ele>3000.0</ele>
      </trkpt>
      <trkpt lat="36.53541" lon="-118.54375">
        <ele>2999.0</ele>
      </trkpt>
      <trkpt lat="36.53531" lon="-118.5436">
        <ele>2999.0</ele>
      </trkpt>
      <trkpt lat="36.53515" lon="-118.54348">
        <ele>2999.0</ele>
      </trkpt>
      <trkpt lat="36.53499" lon="-118.54331">
        <ele>2994.0</ele>
      </trkpt>
      <trkpt lat="36.53482" lon="-118.54323">
        <ele>2992.0</ele>
      </trkpt>
      <trkpt lat="36.53461" lon="-118.5432">
        <ele>2992.0</ele>
      </trkpt>
      <trkpt lat="36.53441" lon="-118.54311">
        <ele>2989.0</ele>
      </trkpt>
      <trkpt lat="36.53431" lon="-118.543">
        <ele>2989.0</ele>
      </trkpt>
      <trkpt lat="36.53432" lon="-118.54289">
        <ele>2988.0</ele>
      </trkpt>
      <trkpt lat="36.53416" lon="-118.54269">
        <ele>2987.0</ele>
      </trkpt>
      <trkpt lat="36.5341" lon="-118.54248">
        <ele>2988.0</ele>
      </trkpt>
      <trkpt lat="36.5341" lon="-118.54248">
        <ele>2988.0</ele>
      </trkpt>
      <trkpt lat="36.53413" lon="-118.54207">
        <ele>2990.0</ele>
      </trkpt>
      <trkpt lat="36.53407" lon="-118.54192">
        <ele>2990.0</ele>
      </trkpt>
      <trkpt lat="36.53396" lon="-118.54178">
        <ele>2989.0</ele>
      </trkpt>
      <trkpt lat="36.53352" lon="-118.54176">
        <ele>2988.0</ele>
      </trkpt>
      <trkpt lat="36.53279" lon="-118.54178">
        <ele>2971.0</ele>
      </trkpt>
      <trkpt lat="36.53244" lon="-118.54172">
        <ele>2966.0</ele>
      </trkpt>
      <trkpt lat="36.53215" lon="-118.5416">
        <ele>2970.0</ele>
      </trkpt>
      <trkpt lat="36.53179" lon="-118.54139">
        <ele>2973.0</ele>
      </trkpt>
      <trkpt lat="36.53145" lon="-118.54112">
        <ele>2978.0</ele>
      </trkpt>
      <trkpt lat="36.5314" lon="-118.54105">
        <ele>2978.0</ele>
      </trkpt>
      <trkpt lat="36.53136" lon="-118.54087">
        <ele>2979.0</ele>
      </trkpt>
      <trkpt lat="36.53127" lon="-118.54067">
        <ele>2983.0</ele>
      </trkpt>
      <trkpt lat="36.53042" lon="-118.53981">
        <ele>2993.0</ele>
      </trkpt>
      <trkpt lat="36.53005" lon="-118.5397">
        <ele>2981.0</ele>
      </trkpt>
      <trkpt lat="36.52982" lon="-118.53951">
        <ele>2984.0</ele>
      </trkpt>
      <trkpt lat="36.52955" lon="-118.53941">
        <ele>2984.0</ele>
      </trkpt>
      <trkpt lat="36.5292" lon="-118.53934">
        <ele>2980.0</ele>
      </trkpt>
      <trkpt lat="36.52915" lon="-118.53929">
        <ele>2986.0</ele>
      </trkpt>
      <trkpt lat="36.52912" lon="-118.53923">
        <ele>2986.0</ele>
      </trkpt>
      <trkpt lat="36.52899" lon="-118.53911">
        <ele>2981.0</ele>
      </trkpt>
      <trkpt lat="36.52892" lon="-118.53895">
        <ele>2985.0</ele>
      </trkpt>
      <trkpt lat="36.52884" lon="-118.53885">
        <ele>2985.0</ele>
      </trkpt>
      <trkpt lat="36.52861" lon="-118.53872">
        <ele>2982.0</ele>
      </trkpt>
      <trkpt lat="36.52836" lon="-118.53873">
        <ele>2978.0</ele>
      </trkpt>
      <trkpt lat="36.52826" lon="-118.5387">
        <ele>2978.0</ele>
      </trkpt>
      <trkpt lat="36.52804" lon="-118.53843">
        <ele>2973.0</ele>
      </trkpt>
      <trkpt lat="36.52782" lon="-118.53828">
        <ele>2970.0</ele>
      </trkpt>
      <trkpt lat="36.52743" lon="-118.53766">
        <ele>2965.0</ele>
      </trkpt>
      <trkpt lat="36.52736" lon="-118.53759">
        <ele>2970.0</ele>
      </trkpt>
      <trkpt lat="36.52729" lon="-118.53759">
        <ele>2970.0</ele>
      </trkpt>
      <trkpt lat="36.52729" lon="-118.53759">
        <ele>2970.0</ele>
      </trkpt>
      <trkpt lat="36.52693" lon="-118.53764">
        <ele>2968.0</ele>
      </trkpt>
      <trkpt lat="36.52681" lon="-118.53763">
        <ele>2968.0</ele>
      </trkpt>
      <trkpt lat="36.52673" lon="-118.5376">
        <ele>2965.0</ele>
      </trkpt>
      <trkpt lat="36.52669" lon="-118.53748">
        <ele>2965.0</ele>
      </trkpt>
      <trkpt lat="36.52663" lon="-118.53743">
        <ele>2965.0</ele>
      </trkpt>
      <trkpt lat="36.52626" lon="-118.53739">
        <ele>2961.0</ele>
      </trkpt>
      <trkpt lat="36.52597" lon="-118.53725">
        <ele>2953.0</ele>
      </trkpt>
      <trkpt lat="36.52555" lon="-118.53711">
        <ele>2953.0</ele>
      </trkpt>
      <trkpt lat="36.52542" lon="-118.53711">
        <ele>2953.0</ele>
      </trkpt>
      <trkpt lat="36.52537" lon="-118.53705">
        <ele>2946.0</ele>
      </trkpt>
      <trkpt lat="36.52535" lon="-118.53693">
        <ele>2946.0</ele>
      </trkpt>
      <trkpt lat="36.52527" lon="-118.53675">
        <ele>2944.0</ele>
      </trkpt>
      <trkpt lat="36.52519" lon="-118.53669">
        <ele>2944.0</ele>
      </trkpt>
      <trkpt lat="36.525" lon="-118.5365">
        <ele>2939.0</ele>
      </trkpt>
      <trkpt lat="36.52478" lon="-118.53639">
        <ele>2935.0</ele>
      </trkpt>
      <trkpt lat="36.52464" lon="-118.53627">
        <ele>2935.0</ele>
      </trkpt>
      <trkpt lat="36.52441" lon="-118.53627">
        <ele>2934.0</ele>
      </trkpt>
      <trkpt lat="36.5243" lon="-118.53622">
        <ele>2933.0</ele>
      </trkpt>
      <trkpt lat="36.52419" lon="-118.53615">
        <ele>2933.0</ele>
      </trkpt>
      <trkpt lat="36.52382" lon="-118.53569">
        <ele>2933.0</ele>
      </trkpt>
      <trkpt lat="36.52363" lon="-118.53562">
        <ele>2930.0</ele>
      </trkpt>
      <trkpt lat="36.52338" lon="-118.53558">
        <ele>2926.0</ele>
      </trkpt>
      <trkpt lat="36.52327" lon="-118.53547">
        <ele>2926.0</ele>
      </trkpt>
      <trkpt lat="36.52325" lon="-118.53533">
        <ele>2930.0</ele>
      </trkpt>
      <trkpt lat="36.52317" lon="-118.53519">
        <ele>2928.0</ele>
      </trkpt>
      <trkpt lat="36.52307" lon="-118.53514">
        <ele>2928.0</ele>
      </trkpt>
      <trkpt lat="36.5229" lon="-118.53495">
        <ele>2928.0</ele>
      </trkpt>
      <trkpt lat="36.52268" lon="-118.53487">
        <ele>2928.0</ele>
      </trkpt>
      <trkpt lat="36.52259" lon="-118.5348">
        <ele>2923.0</ele>
      </trkpt>
      <trkpt lat="36.5225" lon="-118.53467">
        <ele>2923.0</ele>
      </trkpt>
      <trkpt lat="36.52244" lon="-118.53443">
        <ele>2927.0</ele>
      </trkpt>
      <trkpt lat="36.52237" lon="-118.53431">
        <ele>2927.0</ele>
      </trkpt>
      <trkpt lat="36.52186" lon="-118.53397">
        <ele>2927.0</ele>
      </trkpt>
      <trkpt lat="36.52157570218441" lon="-118.5338357482538">
        <ele>2922.0</ele>
      </trkpt>
      <trkpt lat="36.52157570232348" lon="-118.5338357482537">
        <ele>2922.0</ele>
      </trkpt>
      <trkpt lat="36.5215" lon="-118.5338">
        <ele>2913.0</ele>
      </trkpt>
      <trkpt lat="36.52119" lon="-118.53361">
        <ele>2914.0</ele>
      </trkpt>
      <trkpt lat="36.52119" lon="-118.53361">
        <ele>2914.0</ele>
      </trkpt>
      <trkpt lat="36.52119" lon="-118.53361">
        <ele>2914.0</ele>
      </trkpt>
      <trkpt lat="36.52105" lon="-118.53328">
        <ele>2921.0</ele>
      </trkpt>
      <trkpt lat="36.52083" lon="-118.53291">
        <ele>2925.0</ele>
      </trkpt>
      <trkpt lat="36.52069" lon="-118.53258">
        <ele>2922.0</ele>
      </trkpt>
      <trkpt lat="36.52047162335568" lon="-118.5321768431182">
        <ele>2925.0</ele>
      </trkpt>
      <trkpt lat="36.52047162378133" lon="-118.5321768431182">
        <ele>2925.0</ele>
      </trkpt>
      <trkpt lat="36.52017" lon="-118.53162">
        <ele>2928.0</ele>
      </trkpt>
      <trkpt lat="36.52009" lon="-118.53153">
        <ele>2920.0</ele>
      </trkpt>
      <trkpt lat="36.51974" lon="-118.53129">
        <ele>2922.0</ele>
      </trkpt>
      <trkpt lat="36.51966" lon="-118.53117">
        <ele>2929.0</ele>
      </trkpt>
      <trkpt lat="36.51958" lon="-118.53113">
        <ele>2923.0</ele>
      </trkpt>
      <trkpt lat="36.51927" lon="-118.53089">
        <ele>2929.0</ele>
      </trkpt>
      <trkpt lat="36.51899" lon="-118.53054">
        <ele>2928.0</ele>
      </trkpt>
      <trkpt lat="36.51887" lon="-118.53046">
        <ele>2928.0</ele>
      </trkpt>
      <trkpt lat="36.5188" lon="-118.53034">
        <ele>2934.0</ele>
      </trkpt>
      <trkpt lat="36.51871" lon="-118.53008">
        <ele>2927.0</ele>
      </trkpt>
      <trkpt lat="36.51862" lon="-118.52974">
        <ele>2929.0</ele>
      </trkpt>
      <trkpt lat="36.5186" lon="-118.52971">
        <ele>2929.0</ele>
      </trkpt>
      <trkpt lat="36.51857" lon="-118.52988">
        <ele>2927.0</ele>
      </trkpt>
      <trkpt lat="36.51854" lon="-118.5299">
        <ele>2927.0</ele>
      </trkpt>
      <trkpt lat="36.51827" lon="-118.52885">
        <ele>2926.0</ele>
      </trkpt>
      <trkpt lat="36.51822" lon="-118.52885">
        <ele>2926.0</ele>
      </trkpt>
      <trkpt lat="36.51813" lon="-118.5289">
        <ele>2920.0</ele>
      </trkpt>
      <trkpt lat="36.51807" lon="-118.52887">
        <ele>2920.0</ele>
      </trkpt>
      <trkpt lat="36.51789" lon="-118.52853">
        <ele>2917.0</ele>
      </trkpt>
      <trkpt lat="36.51777" lon="-118.52814">
        <ele>2922.0</ele>
      </trkpt>
      <trkpt lat="36.51778" lon="-118.5281">
        <ele>2922.0</ele>
      </trkpt>
      <trkpt lat="36.51791" lon="-118.52812">
        <ele>2922.0</ele>
      </trkpt>
      <trkpt lat="36.51797" lon="-118.52817">
        <ele>2933.0</ele>
      </trkpt>
      <trkpt lat="36.51812" lon="-118.52814">
        <ele>2933.0</ele>
      </trkpt>
      <trkpt lat="36.51811" lon="-118.52811">
        <ele>2933.0</ele>
      </trkpt>
      <trkpt lat="36.518" lon="-118.528">
        <ele>2933.0</ele>
      </trkpt>
      <trkpt lat="36.51795" lon="-118.52791">
        <ele>2940.0</ele>
      </trkpt>
      <trkpt lat="36.51795" lon="-118.52787">
        <ele>2940.0</ele>
      </trkpt>
      <trkpt lat="36.51808" lon="-118.52793">
        <ele>2933.0</ele>
      </trkpt>
      <trkpt lat="36.51809" lon="-118.5279">
        <ele>2940.0</ele>
      </trkpt>
      <trkpt lat="36.518" lon="-118.52776">
        <ele>2940.0</ele>
      </trkpt>
      <trkpt lat="36.51787" lon="-118.52735">
        <ele>2942.0</ele>
      </trkpt>
      <trkpt lat="36.51772" lon="-118.52708">
        <ele>2950.0</ele>
      </trkpt>
      <trkpt lat="36.51762" lon="-118.52695">
        <ele>2943.0</ele>
      </trkpt>
      <trkpt lat="36.51751" lon="-118.5267">
        <ele>2950.0</ele>
      </trkpt>
      <trkpt lat="36.51713" lon="-118.52601">
        <ele>2960.0</ele>
      </trkpt>
      <trkpt lat="36.51703" lon="-118.52567">
        <ele>2966.0</ele>
      </trkpt>
      <trkpt lat="36.51688" lon="-118.52545">
        <ele>2966.0</ele>
      </trkpt>
      <trkpt lat="36.51684" lon="-118.52531">
        <ele>2973.0</ele>
      </trkpt>
      <trkpt lat="36.51678" lon="-118.52525">
        <ele>2959.0</ele>
      </trkpt>
      <trkpt lat="36.51657" lon="-118.52473">
        <ele>2975.0</ele>
      </trkpt>
      <trkpt lat="36.51654" lon="-118.52465">
        <ele>2975.0</ele>
      </trkpt>
      <trkpt lat="36.51655" lon="-118.52455">
        <ele>2983.0</ele>
      </trkpt>
      <trkpt lat="36.51652" lon="-118.52447">
        <ele>2972.0</ele>
      </trkpt>
      <trkpt lat="36.51644" lon="-118.52435">
        <ele>2972.0</ele>
      </trkpt>
      <trkpt lat="36.51635" lon="-118.5243">
        <ele>2981.0</ele>
      </trkpt>
      <trkpt lat="36.51621" lon="-118.52409">
        <ele>2969.0</ele>
      </trkpt>
      <trkpt lat="36.51613" lon="-118.52402">
        <ele>2978.0</ele>
      </trkpt>
      <trkpt lat="36.51608" lon="-118.52391">
        <ele>2978.0</ele>
      </trkpt>
      <trkpt lat="36.51599" lon="-118.52359">
        <ele>2986.0</ele>
      </trkpt>
      <trkpt lat="36.51599" lon="-118.52337">
        <ele>2993.0</ele>
      </trkpt>
      <trkpt lat="36.51592" lon="-118.52311">
        <ele>2990.0</ele>
      </trkpt>
      <trkpt lat="36.51595" lon="-118.52311">
        <ele>2990.0</ele>
      </trkpt>
      <trkpt lat="36.51601" lon="-118.52317">
        <ele>3001.0</ele>
      </trkpt>
      <trkpt lat="36.51621" lon="-118.52341">
        <ele>2993.0</ele>
      </trkpt>
      <trkpt lat="36.51619" lon="-118.52316">
        <ele>3001.0</ele>
      </trkpt>
      <trkpt lat="36.5161" lon="-118.52287">
        <ele>3009.0</ele>
      </trkpt>
      <trkpt lat="36.51611" lon="-118.52258">
        <ele>3016.0</ele>
      </trkpt>
      <trkpt lat="36.51602" lon="-118.52252">
        <ele>3016.0</ele>
      </trkpt>
      <trkpt lat="36.51581" lon="-118.52245">
        <ele>3007.0</ele>
      </trkpt>
      <trkpt lat="36.51565" lon="-118.5223">
        <ele>3009.0</ele>
      </trkpt>
      <trkpt lat="36.51555" lon="-118.522">
        <ele>3017.0</ele>
      </trkpt>
      <trkpt lat="36.51554" lon="-118.52163">
        <ele>3025.0</ele>
      </trkpt>
      <trkpt lat="36.51529" lon="-118.52112">
        <ele>3026.0</ele>
      </trkpt>
      <trkpt lat="36.51518" lon="-118.52062">
        <ele>3033.0</ele>
      </trkpt>
      <trkpt lat="36.51507" lon="-118.52051">
        <ele>3029.0</ele>
      </trkpt>
      <trkpt lat="36.51507" lon="-118.52051">
        <ele>3029.0</ele>
      </trkpt>
      <trkpt lat="36.51488" lon="-118.52035">
        <ele>3034.0</ele>
      </trkpt>
      <trkpt lat="36.51487" lon="-118.52005">
        <ele>3040.0</ele>
      </trkpt>
      <trkpt lat="36.5148" lon="-118.51988">
        <ele>3029.0</ele>
      </trkpt>
      <trkpt lat="36.51439" lon="-118.51935">
        <ele>3034.0</ele>
      </trkpt>
      <trkpt lat="36.51422" lon="-118.51878">
        <ele>3035.0</ele>
      </trkpt>
      <trkpt lat="36.51413" lon="-118.51869">
        <ele>3047.0</ele>
      </trkpt>
      <trkpt lat="36.51403" lon="-118.51865">
        <ele>3047.0</ele>
      </trkpt>
      <trkpt lat="36.51397" lon="-118.51854">
        <ele>3035.0</ele>
      </trkpt>
      <trkpt lat="36.51394" lon="-118.51828">
        <ele>3046.0</ele>
      </trkpt>
      <trkpt lat="36.5137" lon="-118.51761">
        <ele>3061.0</ele>
      </trkpt>
      <trkpt lat="36.51372" lon="-118.51759">
        <ele>3061.0</ele>
      </trkpt>
      <trkpt lat="36.51392" lon="-118.51784">
        <ele>3063.0</ele>
      </trkpt>
      <trkpt lat="36.51393" lon="-118.51779">
        <ele>3063.0</ele>
      </trkpt>
      <trkpt lat="36.51368" lon="-118.51721">
        <ele>3067.0</ele>
      </trkpt>
      <trkpt lat="36.51367" lon="-118.51711">
        <ele>3067.0</ele>
      </trkpt>
      <trkpt lat="36.51363" lon="-118.51705">
        <ele>3072.0</ele>
      </trkpt>
      <trkpt lat="36.51349" lon="-118.51698">
        <ele>3072.0</ele>
      </trkpt>
      <trkpt lat="36.51334" lon="-118.51683">
        <ele>3064.0</ele>
      </trkpt>
      <trkpt lat="36.51304" lon="-118.51635">
        <ele>3066.0</ele>
      </trkpt>
      <trkpt lat="36.51292" lon="-118.51609">
        <ele>3074.0</ele>
      </trkpt>
      <trkpt lat="36.51289" lon="-118.51599">
        <ele>3058.0</ele>
      </trkpt>
      <trkpt lat="36.51292" lon="-118.51553">
        <ele>3088.0</ele>
      </trkpt>
      <trkpt lat="36.51289" lon="-118.5153">
        <ele>3084.0</ele>
      </trkpt>
      <trkpt lat="36.51285" lon="-118.51522">
        <ele>3084.0</ele>
      </trkpt>
      <trkpt lat="36.51266" lon="-118.51518">
        <ele>3084.0</ele>
      </trkpt>
      <trkpt lat="36.51259" lon="-118.51511">
        <ele>3086.0</ele>
      </trkpt>
      <trkpt lat="36.5122" lon="-118.51487">
        <ele>3078.0</ele>
      </trkpt>
      <trkpt lat="36.51199" lon="-118.5144">
        <ele>3085.0</ele>
      </trkpt>
      <trkpt lat="36.51187" lon="-118.51397">
        <ele>3105.0</ele>
      </trkpt>
      <trkpt lat="36.51169" lon="-118.51366">
        <ele>3100.0</ele>
      </trkpt>
      <trkpt lat="36.5114" lon="-118.51332">
        <ele>3094.0</ele>
      </trkpt>
      <trkpt lat="36.51138" lon="-118.51323">
        <ele>3094.0</ele>
      </trkpt>
      <trkpt lat="36.51139" lon="-118.51309">
        <ele>3100.0</ele>
      </trkpt>
      <trkpt lat="36.51136" lon="-118.51296">
        <ele>3100.0</ele>
      </trkpt>
      <trkpt lat="36.51125" lon="-118.51275">
        <ele>3089.0</ele>
      </trkpt>
      <trkpt lat="36.5112" lon="-118.51248">
        <ele>3098.0</ele>
      </trkpt>
      <trkpt lat="36.51105" lon="-118.51229">
        <ele>3110.0</ele>
      </trkpt>
      <trkpt lat="36.51105" lon="-118.51211">
        <ele>3110.0</ele>
      </trkpt>
      <trkpt lat="36.51103" lon="-118.51203">
        <ele>3120.0</ele>
      </trkpt>
      <trkpt lat="36.51074" lon="-118.51161">
        <ele>3114.0</ele>
      </trkpt>
      <trkpt lat="36.51064" lon="-118.51125">
        <ele>3108.0</ele>
      </trkpt>
      <trkpt lat="36.51062" lon="-118.51105">
        <ele>3108.0</ele>
      </trkpt>
      <trkpt lat="36.51054" lon="-118.51066">
        <ele>3118.0</ele>
      </trkpt>
      <trkpt lat="36.51032" lon="-118.51017">
        <ele>3115.0</ele>
      </trkpt>
      <trkpt lat="36.51026" lon="-118.50999">
        <ele>3120.0</ele>
      </trkpt>
      <trkpt lat="36.51023" lon="-118.50918">
        <ele>3133.0</ele>
      </trkpt>
      <trkpt lat="36.51017" lon="-118.50894">
        <ele>3136.0</ele>
      </trkpt>
      <trkpt lat="36.51006" lon="-118.5087">
        <ele>3126.0</ele>
      </trkpt>
      <trkpt lat="36.51006" lon="-118.50817">
        <ele>3140.0</ele>
      </trkpt>
      <trkpt lat="36.51004" lon="-118.50804">
        <ele>3140.0</ele>
      </trkpt>
      <trkpt lat="36.50996" lon="-118.50788">
        <ele>3150.0</ele>
      </trkpt>
      <trkpt lat="36.50964" lon="-118.50757">
        <ele>3148.0</ele>
      </trkpt>
      <trkpt lat="36.50964" lon="-118.50757">
        <ele>3148.0</ele>
      </trkpt>
      <trkpt lat="36.50946" lon="-118.50742">
        <ele>3138.0</ele>
      </trkpt>
      <trkpt lat="36.50931" lon="-118.50721">
        <ele>3148.0</ele>
      </trkpt>
      <trkpt lat="36.50926" lon="-118.50697">
        <ele>3138.0</ele>
      </trkpt>
      <trkpt lat="36.50899" lon="-118.50645">
        <ele>3144.0</ele>
      </trkpt>
      <trkpt lat="36.50897" lon="-118.50621">
        <ele>3152.0</ele>
      </trkpt>
      <trkpt lat="36.50892" lon="-118.50603">
        <ele>3152.0</ele>
      </trkpt>
      <trkpt lat="36.50871" lon="-118.50553">
        <ele>3153.0</ele>
      </trkpt>
      <trkpt lat="36.50851" lon="-118.50526">
        <ele>3164.0</ele>
      </trkpt>
      <trkpt lat="36.50849" lon="-118.50514">
        <ele>3164.0</ele>
      </trkpt>
      <trkpt lat="36.50805" lon="-118.50395">
        <ele>3159.0</ele>
      </trkpt>
      <trkpt lat="36.50798" lon="-118.50363">
        <ele>3163.0</ele>
      </trkpt>
      <trkpt lat="36.50779" lon="-118.50305">
        <ele>3160.0</ele>
      </trkpt>
      <trkpt lat="36.50754" lon="-118.5026">
        <ele>3166.0</ele>
      </trkpt>
      <trkpt lat="36.50726" lon="-118.50225">
        <ele>3162.0</ele>
      </trkpt>
      <trkpt lat="36.50722" lon="-118.50216">
        <ele>3162.0</ele>
      </trkpt>
      <trkpt lat="36.50715" lon="-118.50177">
        <ele>3174.0</ele>
      </trkpt>
      <trkpt lat="36.50705" lon="-118.5016">
        <ele>3165.0</ele>
      </trkpt>
      <trkpt lat="36.50676" lon="-118.50131">
        <ele>3161.0</ele>
      </trkpt>
      <trkpt lat="36.50668" lon="-118.50095">
        <ele>3177.0</ele>
      </trkpt>
      <trkpt lat="36.50661" lon="-118.50078">
        <ele>3177.0</ele>
      </trkpt>
      <trkpt lat="36.50646" lon="-118.50061">
        <ele>3180.0</ele>
      </trkpt>
      <trkpt lat="36.50619" lon="-118.50022">
        <ele>3181.0</ele>
      </trkpt>
      <trkpt lat="36.50609" lon="-118.50003">
        <ele>3190.0</ele>
      </trkpt>
      <trkpt lat="36.50578" lon="-118.4996">
        <ele>3197.0</ele>
      </trkpt>
      <trkpt lat="36.50558" lon="-118.49921">
        <ele>3190.0</ele>
      </trkpt>
      <trkpt lat="36.50556" lon="-118.49907">
        <ele>3190.0</ele>
      </trkpt>
      <trkpt lat="36.50558" lon="-118.49898">
        <ele>3188.0</ele>
      </trkpt>
      <trkpt lat="36.5058" lon="-118.49854">
        <ele>3209.0</ele>
      </trkpt>
      <trkpt lat="36.5058" lon="-118.49854">
        <ele>3209.0</ele>
      </trkpt>
      <trkpt lat="36.50587" lon="-118.49821">
        <ele>3208.0</ele>
      </trkpt>
      <trkpt lat="36.50588" lon="-118.49806">
        <ele>3209.0</ele>
      </trkpt>
      <trkpt lat="36.50585" lon="-118.4979">
        <ele>3214.0</ele>
      </trkpt>
      <trkpt lat="36.5058" lon="-118.49777">
        <ele>3214.0</ele>
      </trkpt>
      <trkpt lat="36.50572" lon="-118.49762">
        <ele>3226.0</ele>
      </trkpt>
      <trkpt lat="36.50561" lon="-118.4975">
        <ele>3209.0</ele>
      </trkpt>
      <trkpt lat="36.50544" lon="-118.49738">
        <ele>3209.0</ele>
      </trkpt>
      <trkpt lat="36.50473" lon="-118.49665">
        <ele>3218.0</ele>
      </trkpt>
      <trkpt lat="36.50469" lon="-118.49658">
        <ele>3218.0</ele>
      </trkpt>
      <trkpt lat="36.50468" lon="-118.49643">
        <ele>3225.0</ele>
      </trkpt>
      <trkpt lat="36.50471" lon="-118.49636">
        <ele>3225.0</ele>
      </trkpt>
      <trkpt lat="36.50485" lon="-118.49625">
        <ele>3229.0</ele>
      </trkpt>
      <trkpt lat="36.50488" lon="-118.49617">
        <ele>3235.0</ele>
      </trkpt>
      <trkpt lat="36.50491" lon="-118.49586">
        <ele>3235.0</ele>
      </trkpt>
      <trkpt lat="36.50473" lon="-118.49545">
        <ele>3233.0</ele>
      </trkpt>
      <trkpt lat="36.50463" lon="-118.49513">
        <ele>3241.0</ele>
      </trkpt>
      <trkpt lat="36.50452" lon="-118.49494">
        <ele>3237.0</ele>
      </trkpt>
      <trkpt lat="36.50445" lon="-118.49486">
        <ele>3239.0</ele>
      </trkpt>
      <trkpt lat="36.50425" lon="-118.49482">
        <ele>3239.0</ele>
      </trkpt>
      <trkpt lat="36.50416" lon="-118.49474">
        <ele>3239.0</ele>
      </trkpt>
      <trkpt lat="36.50405" lon="-118.4946">
        <ele>3239.0</ele>
      </trkpt>
      <trkpt lat="36.50378" lon="-118.49364">
        <ele>3241.0</ele>
      </trkpt>
      <trkpt lat="36.50359" lon="-118.49325">
        <ele>3239.0</ele>
      </trkpt>
      <trkpt lat="36.50351" lon="-118.49299">
        <ele>3240.0</ele>
      </trkpt>
      <trkpt lat="36.5033" lon="-118.49267">
        <ele>3233.0</ele>
      </trkpt>
      <trkpt lat="36.5031" lon="-118.49259">
        <ele>3233.0</ele>
      </trkpt>
      <trkpt lat="36.50289" lon="-118.49256">
        <ele>3227.0</ele>
      </trkpt>
      <trkpt lat="36.50251" lon="-118.4923">
        <ele>3225.0</ele>
      </trkpt>
      <trkpt lat="36.50247" lon="-118.49223">
        <ele>3225.0</ele>
      </trkpt>
      <trkpt lat="36.50244" lon="-118.49205">
        <ele>3228.0</ele>
      </trkpt>
      <trkpt lat="36.50245" lon="-118.49196">
        <ele>3228.0</ele>
      </trkpt>
      <trkpt lat="36.50243" lon="-118.49183">
        <ele>3228.0</ele>
      </trkpt>
      <trkpt lat="36.50236" lon="-118.4917">
        <ele>3216.0</ele>
      </trkpt>
      <trkpt lat="36.50236" lon="-118.49162">
        <ele>3216.0</ele>
      </trkpt>
      <trkpt lat="36.5024" lon="-118.49124">
        <ele>3220.0</ele>
      </trkpt>
      <trkpt lat="36.50239" lon="-118.49062">
        <ele>3218.0</ele>
      </trkpt>
      <trkpt lat="36.50234" lon="-118.49015">
        <ele>3211.0</ele>
      </trkpt>
      <trkpt lat="36.50237" lon="-118.48999">
        <ele>3216.0</ele>
      </trkpt>
      <trkpt lat="36.50241" lon="-118.48988">
        <ele>3216.0</ele>
      </trkpt>
      <trkpt lat="36.50241" lon="-118.48976">
        <ele>3211.0</ele>
      </trkpt>
      <trkpt lat="36.50254" lon="-118.48939">
        <ele>3206.0</ele>
      </trkpt>
      <trkpt lat="36.50276" lon="-118.48902">
        <ele>3204.0</ele>
      </trkpt>
      <trkpt lat="36.50313" lon="-118.48828">
        <ele>3205.0</ele>
      </trkpt>
      <trkpt lat="36.50318" lon="-118.48808">
        <ele>3205.0</ele>
      </trkpt>
      <trkpt lat="36.50332" lon="-118.48793">
        <ele>3211.0</ele>
      </trkpt>
      <trkpt lat="36.50347" lon="-118.48783">
        <ele>3210.0</ele>
      </trkpt>
      <trkpt lat="36.50350589969903" lon="-118.487772982831">
        <ele>3215.0</ele>
      </trkpt>
      <trkpt lat="36.50350589973013" lon="-118.487772982831">
        <ele>3215.0</ele>
      </trkpt>
      <trkpt lat="36.50364" lon="-118.48756">
        <ele>3212.0</ele>
      </trkpt>
      <trkpt lat="36.50366" lon="-118.4874">
        <ele>3212.0</ele>
      </trkpt>
      <trkpt lat="36.50365" lon="-118.48711">
        <ele>3213.0</ele>
      </trkpt>
      <trkpt lat="36.50359" lon="-118.48692">
        <ele>3212.0</ele>
      </trkpt>
      <trkpt lat="36.50356" lon="-118.48669">
        <ele>3211.0</ele>
      </trkpt>
      <trkpt lat="36.50355" lon="-118.48646">
        <ele>3211.0</ele>
      </trkpt>
      <trkpt lat="36.50359" lon="-118.48628">
        <ele>3211.0</ele>
      </trkpt>
      <trkpt lat="36.50358" lon="-118.48607">
        <ele>3212.0</ele>
      </trkpt>
      <trkpt lat="36.50334" lon="-118.48557">
        <ele>3213.0</ele>
      </trkpt>
      <trkpt lat="36.50331" lon="-118.48534">
        <ele>3213.0</ele>
      </trkpt>
      <trkpt lat="36.50313" lon="-118.48516">
        <ele>3211.0</ele>
      </trkpt>
      <trkpt lat="36.50312" lon="-118.48505">
        <ele>3212.0</ele>
      </trkpt>
      <trkpt lat="36.50296" lon="-118.4848">
        <ele>3211.0</ele>
      </trkpt>
      <trkpt lat="36.50282" lon="-118.48406">
        <ele>3211.0</ele>
      </trkpt>
      <trkpt lat="36.50271" lon="-118.48374">
        <ele>3207.0</ele>
      </trkpt>
      <trkpt lat="36.50256" lon="-118.48351">
        <ele>3206.0</ele>
      </trkpt>
      <trkpt lat="36.50211" lon="-118.48298">
        <ele>3203.0</ele>
      </trkpt>
      <trkpt lat="36.50194" lon="-118.48283">
        <ele>3199.0</ele>
      </trkpt>
      <trkpt lat="36.50165" lon="-118.48264">
        <ele>3197.0</ele>
      </trkpt>
      <trkpt lat="36.50157" lon="-118.48251">
        <ele>3194.0</ele>
      </trkpt>
      <trkpt lat="36.50146" lon="-118.48223">
        <ele>3194.0</ele>
      </trkpt>
      <trkpt lat="36.50107" lon="-118.48187">
        <ele>3195.0</ele>
      </trkpt>
      <trkpt lat="36.50071" lon="-118.48173">
        <ele>3191.0</ele>
      </trkpt>
      <trkpt lat="36.50049" lon="-118.48154">
        <ele>3186.0</ele>
      </trkpt>
      <trkpt lat="36.5004" lon="-118.4815">
        <ele>3190.0</ele>
      </trkpt>
      <trkpt lat="36.50014" lon="-118.4815">
        <ele>3190.0</ele>
      </trkpt>
      <trkpt lat="36.49979" lon="-118.48124">
        <ele>3182.0</ele>
      </trkpt>
      <trkpt lat="36.49919" lon="-118.48097">
        <ele>3182.0</ele>
      </trkpt>
      <trkpt lat="36.49891" lon="-118.48076">
        <ele>3179.0</ele>
      </trkpt>
      <trkpt lat="36.49874" lon="-118.48068">
        <ele>3180.0</ele>
      </trkpt>
      <trkpt lat="36.49853" lon="-118.48054">
        <ele>3180.0</ele>
      </trkpt>
      <trkpt lat="36.49814" lon="-118.48015">
        <ele>3181.0</ele>
      </trkpt>
      <trkpt lat="36.49768" lon="-118.47964">
        <ele>3180.0</ele>
      </trkpt>
      <trkpt lat="36.49695" lon="-118.47865">
        <ele>3176.0</ele>
      </trkpt>
      <trkpt lat="36.49672" lon="-118.47809">
        <ele>3170.0</ele>
      </trkpt>
      <trkpt lat="36.4967" lon="-118.47793">
        <ele>3170.0</ele>
      </trkpt>
      <trkpt lat="36.4966" lon="-118.47779">
        <ele>3169.0</ele>
      </trkpt>
      <trkpt lat="36.4965" lon="-118.47756">
        <ele>3168.0</ele>
      </trkpt>
      <trkpt lat="36.49623" lon="-118.47717">
        <ele>3162.0</ele>
      </trkpt>
      <trkpt lat="36.4962" lon="-118.47698">
        <ele>3160.0</ele>
      </trkpt>
      <trkpt lat="36.49608" lon="-118.47675">
        <ele>3157.0</ele>
      </trkpt>
      <trkpt lat="36.49608" lon="-118.47656">
        <ele>3157.0</ele>
      </trkpt>
      <trkpt lat="36.49608" lon="-118.47656">
        <ele>3157.0</ele>
      </trkpt>
      <trkpt lat="36.49603" lon="-118.47637">
        <ele>3154.0</ele>
      </trkpt>
      <trkpt lat="36.49595" lon="-118.47626">
        <ele>3156.0</ele>
      </trkpt>
      <trkpt lat="36.4959" lon="-118.47601">
        <ele>3153.0</ele>
      </trkpt>
      <trkpt lat="36.49584" lon="-118.4759">
        <ele>3151.0</ele>
      </trkpt>
      <trkpt lat="36.49578" lon="-118.47563">
        <ele>3146.0</ele>
      </trkpt>
      <trkpt lat="36.4958" lon="-118.47552">
        <ele>3146.0</ele>
      </trkpt>
      <trkpt lat="36.49578" lon="-118.47541">
        <ele>3142.0</ele>
      </trkpt>
      <trkpt lat="36.49572" lon="-118.47532">
        <ele>3142.0</ele>
      </trkpt>
      <trkpt lat="36.4957" lon="-118.4752">
        <ele>3142.0</ele>
      </trkpt>
      <trkpt lat="36.49561" lon="-118.47494">
        <ele>3138.0</ele>
      </trkpt>
      <trkpt lat="36.49518" lon="-118.47456">
        <ele>3134.0</ele>
      </trkpt>
      <trkpt lat="36.49492" lon="-118.47398">
        <ele>3132.0</ele>
      </trkpt>
      <trkpt lat="36.49485" lon="-118.47388">
        <ele>3131.0</ele>
      </trkpt>
      <trkpt lat="36.49467" lon="-118.47379">
        <ele>3131.0</ele>
      </trkpt>
      <trkpt lat="36.49453" lon="-118.47361">
        <ele>3126.0</ele>
      </trkpt>
      <trkpt lat="36.49444" lon="-118.47353">
        <ele>3126.0</ele>
      </trkpt>
      <trkpt lat="36.49436" lon="-118.47342">
        <ele>3127.0</ele>
      </trkpt>
      <trkpt lat="36.49429" lon="-118.47323">
        <ele>3125.0</ele>
      </trkpt>
      <trkpt lat="36.49413" lon="-118.47301">
        <ele>3125.0</ele>
      </trkpt>
      <trkpt lat="36.49411" lon="-118.47278">
        <ele>3121.0</ele>
      </trkpt>
      <trkpt lat="36.49405" lon="-118.47267">
        <ele>3121.0</ele>
      </trkpt>
      <trkpt lat="36.4937" lon="-118.47237">
        <ele>3123.0</ele>
      </trkpt>
      <trkpt lat="36.49365" lon="-118.47227">
        <ele>3121.0</ele>
      </trkpt>
      <trkpt lat="36.4934" lon="-118.47206">
        <ele>3123.0</ele>
      </trkpt>
      <trkpt lat="36.49323" lon="-118.47186">
        <ele>3123.0</ele>
      </trkpt>
      <trkpt lat="36.49312" lon="-118.47168">
        <ele>3122.0</ele>
      </trkpt>
      <trkpt lat="36.49276" lon="-118.47133">
        <ele>3121.0</ele>
      </trkpt>
      <trkpt lat="36.49225" lon="-118.47061">
        <ele>3120.0</ele>
      </trkpt>
      <trkpt lat="36.49225" lon="-118.47061">
        <ele>3120.0</ele>
      </trkpt>
      <trkpt lat="36.49219" lon="-118.47034">
        <ele>3117.0</ele>
      </trkpt>
      <trkpt lat="36.4921" lon="-118.47014">
        <ele>3117.0</ele>
      </trkpt>
      <trkpt lat="36.49205" lon="-118.46945">
        <ele>3111.0</ele>
      </trkpt>
      <trkpt lat="36.49197" lon="-118.46939">
        <ele>3111.0</ele>
      </trkpt>
      <trkpt lat="36.49197" lon="-118.46939">
        <ele>3111.0</ele>
      </trkpt>
      <trkpt lat="36.49162" lon="-118.46908">
        <ele>3112.0</ele>
      </trkpt>
      <trkpt lat="36.49111" lon="-118.46834">
        <ele>3111.0</ele>
      </trkpt>
      <trkpt lat="36.49066" lon="-118.46774">
        <ele>3109.0</ele>
      </trkpt>
      <trkpt lat="36.48997" lon="-118.4664">
        <ele>3105.0</ele>
      </trkpt>
      <trkpt lat="36.48985" lon="-118.46623">
        <ele>3099.0</ele>
      </trkpt>
      <trkpt lat="36.4896" lon="-118.46574">
        <ele>3102.0</ele>
      </trkpt>
      <trkpt lat="36.48954" lon="-118.46562">
        <ele>3097.0</ele>
      </trkpt>
      <trkpt lat="36.48954" lon="-118.46554">
        <ele>3097.0</ele>
      </trkpt>
      <trkpt lat="36.48951" lon="-118.46548">
        <ele>3097.0</ele>
      </trkpt>
      <trkpt lat="36.48922" lon="-118.46507">
        <ele>3097.0</ele>
      </trkpt>
      <trkpt lat="36.48914" lon="-118.46477">
        <ele>3097.0</ele>
      </trkpt>
      <trkpt lat="36.48898" lon="-118.46433">
        <ele>3095.0</ele>
      </trkpt>
      <trkpt lat="36.48895" lon="-118.46419">
        <ele>3093.0</ele>
      </trkpt>
      <trkpt lat="36.48862" lon="-118.46332">
        <ele>3087.0</ele>
      </trkpt>
      <trkpt lat="36.48839" lon="-118.4626">
        <ele>3080.0</ele>
      </trkpt>
      <trkpt lat="36.48837" lon="-118.46227">
        <ele>3077.0</ele>
      </trkpt>
      <trkpt lat="36.48827" lon="-118.46193">
        <ele>3075.0</ele>
      </trkpt>
      <trkpt lat="36.48818" lon="-118.4614">
        <ele>3074.0</ele>
      </trkpt>
      <trkpt lat="36.488" lon="-118.46086">
        <ele>3075.0</ele>
      </trkpt>
      <trkpt lat="36.48799" lon="-118.46025">
        <ele>3070.0</ele>
      </trkpt>
      <trkpt lat="36.48787" lon="-118.45983">
        <ele>3069.0</ele>
      </trkpt>
      <trkpt lat="36.48786" lon="-118.45962">
        <ele>3069.0</ele>
      </trkpt>
      <trkpt lat="36.48793" lon="-118.45946">
        <ele>3070.0</ele>
      </trkpt>
      <trkpt lat="36.48806" lon="-118.45931">
        <ele>3070.0</ele>
      </trkpt>
      <trkpt lat="36.48819" lon="-118.4589">
        <ele>3061.0</ele>
      </trkpt>
      <trkpt lat="36.48823" lon="-118.4587">
        <ele>3057.0</ele>
      </trkpt>
      <trkpt lat="36.48822" lon="-118.45852">
        <ele>3057.0</ele>
      </trkpt>
      <trkpt lat="36.48817" lon="-118.45839">
        <ele>3063.0</ele>
      </trkpt>
      <trkpt lat="36.48814" lon="-118.45819">
        <ele>3062.0</ele>
      </trkpt>
      <trkpt lat="36.48829" lon="-118.45748">
        <ele>3049.0</ele>
      </trkpt>
      <trkpt lat="36.48838" lon="-118.45734">
        <ele>3045.0</ele>
      </trkpt>
      <trkpt lat="36.48876" lon="-118.45706">
        <ele>3035.0</ele>
      </trkpt>
      <trkpt lat="36.48884" lon="-118.45696">
        <ele>3035.0</ele>
      </trkpt>
      <trkpt lat="36.48891" lon="-118.45678">
        <ele>3033.0</ele>
      </trkpt>
      <trkpt lat="36.48896" lon="-118.45647">
        <ele>3032.0</ele>
      </trkpt>
      <trkpt lat="36.48898" lon="-118.45618">
        <ele>3030.0</ele>
      </trkpt>
      <trkpt lat="36.48892" lon="-118.45595">
        <ele>3025.0</ele>
      </trkpt>
      <trkpt lat="36.48886152046046" lon="-118.4558870220343">
        <ele>3025.0</ele>
      </trkpt>
      <trkpt lat="36.48886152048744" lon="-118.4558870220343">
        <ele>3025.0</ele>
      </trkpt>
      <trkpt lat="36.48879" lon="-118.45581">
        <ele>3025.0</ele>
      </trkpt>
      <trkpt lat="36.48763" lon="-118.45483">
        <ele>3015.0</ele>
      </trkpt>
      <trkpt lat="36.48743" lon="-118.45459">
        <ele>3015.0</ele>
      </trkpt>
      <trkpt lat="36.48743" lon="-118.45459">
        <ele>3015.0</ele>
      </trkpt>
      <trkpt lat="36.48707" lon="-118.45421">
        <ele>3008.0</ele>
      </trkpt>
      <trkpt lat="36.48639" lon="-118.45366">
        <ele>2998.0</ele>
      </trkpt>
      <trkpt lat="36.48617" lon="-118.4536">
        <ele>2997.0</ele>
      </trkpt>
      <trkpt lat="36.48592" lon="-118.45347">
        <ele>2992.0</ele>
      </trkpt>
      <trkpt lat="36.48521" lon="-118.45293">
        <ele>2992.0</ele>
      </trkpt>
      <trkpt lat="36.48462" lon="-118.45264">
        <ele>2992.0</ele>
      </trkpt>
      <trkpt lat="36.48391" lon="-118.45194">
        <ele>2973.0</ele>
      </trkpt>
      <trkpt lat="36.48364" lon="-118.45159">
        <ele>2970.0</ele>
      </trkpt>
      <trkpt lat="36.48309" lon="-118.45136">
        <ele>2965.0</ele>
      </trkpt>
      <trkpt lat="36.48279" lon="-118.45113">
        <ele>2962.0</ele>
      </trkpt>
      <trkpt lat="36.4819" lon="-118.45009">
        <ele>2945.0</ele>
      </trkpt>
      <trkpt lat="36.48167" lon="-118.44971">
        <ele>2936.0</ele>
      </trkpt>
      <trkpt lat="36.48164" lon="-118.44957">
        <ele>2936.0</ele>
      </trkpt>
      <trkpt lat="36.4817" lon="-118.44917">
        <ele>2935.0</ele>
      </trkpt>
      <trkpt lat="36.48163" lon="-118.44899">
        <ele>2935.0</ele>
      </trkpt>
      <trkpt lat="36.48112" lon="-118.44874">
        <ele>2931.0</ele>
      </trkpt>
      <trkpt lat="36.48087" lon="-118.44869">
        <ele>2927.0</ele>
      </trkpt>
      <trkpt lat="36.48025" lon="-118.44825">
        <ele>2917.0</ele>
      </trkpt>
      <trkpt lat="36.47966" lon="-118.44764">
        <ele>2912.0</ele>
      </trkpt>
      <trkpt lat="36.47943" lon="-118.4473">
        <ele>2907.0</ele>
      </trkpt>
      <trkpt lat="36.47921" lon="-118.44723">
        <ele>2911.0</ele>
      </trkpt>
      <trkpt lat="36.47833" lon="-118.44719">
        <ele>2918.0</ele>
      </trkpt>
      <trkpt lat="36.47809" lon="-118.4471">
        <ele>2923.0</ele>
      </trkpt>
      <trkpt lat="36.47769" lon="-118.4468">
        <ele>2919.0</ele>
      </trkpt>
      <trkpt lat="36.4775" lon="-118.44653">
        <ele>2917.0</ele>
      </trkpt>
      <trkpt lat="36.47698" lon="-118.4455">
        <ele>2917.0</ele>
      </trkpt>
      <trkpt lat="36.47676" lon="-118.44521">
        <ele>2915.0</ele>
      </trkpt>
      <trkpt lat="36.47654" lon="-118.44504">
        <ele>2915.0</ele>
      </trkpt>
      <trkpt lat="36.47643" lon="-118.44465">
        <ele>2915.0</ele>
      </trkpt>
      <trkpt lat="36.4762" lon="-118.44427">
        <ele>2904.0</ele>
      </trkpt>
      <trkpt lat="36.47596" lon="-118.44377">
        <ele>2901.0</ele>
      </trkpt>
      <trkpt lat="36.47492" lon="-118.44302">
        <ele>2896.0</ele>
      </trkpt>
      <trkpt lat="36.4744" lon="-118.44241">
        <ele>2889.0</ele>
      </trkpt>
      <trkpt lat="36.47431" lon="-118.44235">
        <ele>2889.0</ele>
      </trkpt>
      <trkpt lat="36.47431" lon="-118.44235">
        <ele>2889.0</ele>
      </trkpt>
      <trkpt lat="36.47384" lon="-118.4421">
        <ele>2883.0</ele>
      </trkpt>
      <trkpt lat="36.47365" lon="-118.44208">
        <ele>2883.0</ele>
      </trkpt>
      <trkpt lat="36.47345" lon="-118.44201">
        <ele>2877.0</ele>
      </trkpt>
      <trkpt lat="36.47325" lon="-118.4419">
        <ele>2877.0</ele>
      </trkpt>
      <trkpt lat="36.47314" lon="-118.44177">
        <ele>2870.0</ele>
      </trkpt>
      <trkpt lat="36.4727" lon="-118.44175">
        <ele>2871.0</ele>
      </trkpt>
      <trkpt lat="36.47234" lon="-118.44158">
        <ele>2873.0</ele>
      </trkpt>
      <trkpt lat="36.47208" lon="-118.44165">
        <ele>2870.0</ele>
      </trkpt>
      <trkpt lat="36.47186" lon="-118.44153">
        <ele>2870.0</ele>
      </trkpt>
      <trkpt lat="36.47178" lon="-118.44154">
        <ele>2870.0</ele>
      </trkpt>
      <trkpt lat="36.47168" lon="-118.44161">
        <ele>2870.0</ele>
      </trkpt>
      <trkpt lat="36.47141" lon="-118.44145">
        <ele>2868.0</ele>
      </trkpt>
      <trkpt lat="36.47132" lon="-118.44124">
        <ele>2867.0</ele>
      </trkpt>
      <trkpt lat="36.4711" lon="-118.44115">
        <ele>2866.0</ele>
      </trkpt>
      <trkpt lat="36.47058" lon="-118.44106">
        <ele>2859.0</ele>
      </trkpt>
      <trkpt lat="36.47016" lon="-118.4411">
        <ele>2856.0</ele>
      </trkpt>
      <trkpt lat="36.46973" lon="-118.44121">
        <ele>2850.0</ele>
      </trkpt>
      <trkpt lat="36.46942" lon="-118.44119">
        <ele>2842.0</ele>
      </trkpt>
      <trkpt lat="36.4693" lon="-118.44125">
        <ele>2838.0</ele>
      </trkpt>
      <trkpt lat="36.46914" lon="-118.44145">
        <ele>2836.0</ele>
      </trkpt>
      <trkpt lat="36.46901" lon="-118.44151">
        <ele>2835.0</ele>
      </trkpt>
      <trkpt lat="36.46889" lon="-118.44145">
        <ele>2835.0</ele>
      </trkpt>
      <trkpt lat="36.46878" lon="-118.44146">
        <ele>2835.0</ele>
      </trkpt>
      <trkpt lat="36.46859" lon="-118.44163">
        <ele>2834.0</ele>
      </trkpt>
      <trkpt lat="36.46815" lon="-118.44179">
        <ele>2823.0</ele>
      </trkpt>
      <trkpt lat="36.46807" lon="-118.4418">
        <ele>2823.0</ele>
      </trkpt>
      <trkpt lat="36.46798" lon="-118.44175">
        <ele>2823.0</ele>
      </trkpt>
      <trkpt lat="36.46766" lon="-118.44141">
        <ele>2823.0</ele>
      </trkpt>
      <trkpt lat="36.46729" lon="-118.44092">
        <ele>2822.0</ele>
      </trkpt>
      <trkpt lat="36.46711" lon="-118.44074">
        <ele>2822.0</ele>
      </trkpt>
      <trkpt lat="36.46702" lon="-118.44068">
        <ele>2820.0</ele>
      </trkpt>
      <trkpt lat="36.46696" lon="-118.44058">
        <ele>2820.0</ele>
      </trkpt>
      <trkpt lat="36.46672" lon="-118.44045">
        <ele>2816.0</ele>
      </trkpt>
      <trkpt lat="36.46645" lon="-118.44036">
        <ele>2815.0</ele>
      </trkpt>
      <trkpt lat="36.46632" lon="-118.44027">
        <ele>2815.0</ele>
      </trkpt>
      <trkpt lat="36.46602" lon="-118.43991">
        <ele>2817.0</ele>
      </trkpt>
      <trkpt lat="36.46544" lon="-118.43948">
        <ele>2814.0</ele>
      </trkpt>
      <trkpt lat="36.46498" lon="-118.43893">
        <ele>2807.0</ele>
      </trkpt>
      <trkpt lat="36.46482" lon="-118.43862">
        <ele>2805.0</ele>
      </trkpt>
      <trkpt lat="36.46455" lon="-118.43835">
        <ele>2806.0</ele>
      </trkpt>
      <trkpt lat="36.46439" lon="-118.43801">
        <ele>2805.0</ele>
      </trkpt>
      <trkpt lat="36.46386" lon="-118.43715">
        <ele>2795.0</ele>
      </trkpt>
      <trkpt lat="36.4638" lon="-118.43699">
        <ele>2794.0</ele>
      </trkpt>
      <trkpt lat="36.46352" lon="-118.43658">
        <ele>2794.0</ele>
      </trkpt>
      <trkpt lat="36.46331" lon="-118.43617">
        <ele>2794.0</ele>
      </trkpt>
      <trkpt lat="36.46327" lon="-118.43585">
        <ele>2791.0</ele>
      </trkpt>
      <trkpt lat="36.46327" lon="-118.43585">
        <ele>2791.0</ele>
      </trkpt>
      <trkpt lat="36.46339" lon="-118.43575">
        <ele>2791.0</ele>
      </trkpt>
      <trkpt lat="36.46364" lon="-118.43542">
        <ele>2792.0</ele>
      </trkpt>
      <trkpt lat="36.46408" lon="-118.4351">
        <ele>2785.0</ele>
      </trkpt>
      <trkpt lat="36.46429" lon="-118.43504">
        <ele>2785.0</ele>
      </trkpt>
      <trkpt lat="36.46452" lon="-118.43492">
        <ele>2781.0</ele>
      </trkpt>
      <trkpt lat="36.46483" lon="-118.4349">
        <ele>2782.0</ele>
      </trkpt>
      <trkpt lat="36.46496" lon="-118.43465">
        <ele>2778.0</ele>
      </trkpt>
      <trkpt lat="36.46501" lon="-118.4346">
        <ele>2778.0</ele>
      </trkpt>
      <trkpt lat="36.46521" lon="-118.43452">
        <ele>2776.0</ele>
      </trkpt>
      <trkpt lat="36.46528" lon="-118.43447">
        <ele>2776.0</ele>
      </trkpt>
      <trkpt lat="36.46557" lon="-118.43398">
        <ele>2774.0</ele>
      </trkpt>
      <trkpt lat="36.46571" lon="-118.43385">
        <ele>2781.0</ele>
      </trkpt>
      <trkpt lat="36.46585" lon="-118.43379">
        <ele>2781.0</ele>
      </trkpt>
      <trkpt lat="36.46609" lon="-118.43349">
        <ele>2781.0</ele>
      </trkpt>
      <trkpt lat="36.46693" lon="-118.43281">
        <ele>2773.0</ele>
      </trkpt>
      <trkpt lat="36.46704" lon="-118.43276">
        <ele>2773.0</ele>
      </trkpt>
      <trkpt lat="36.4672" lon="-118.43262">
        <ele>2768.0</ele>
      </trkpt>
      <trkpt lat="36.4672" lon="-118.43262">
        <ele>2768.0</ele>
      </trkpt>
      <trkpt lat="36.46729" lon="-118.43259">
        <ele>2768.0</ele>
      </trkpt>
      <trkpt lat="36.46742" lon="-118.43249">
        <ele>2767.0</ele>
      </trkpt>
      <trkpt lat="36.46764" lon="-118.43228">
        <ele>2765.0</ele>
      </trkpt>
      <trkpt lat="36.46783" lon="-118.43225">
        <ele>2765.0</ele>
      </trkpt>
      <trkpt lat="36.46799" lon="-118.43216">
        <ele>2767.0</ele>
      </trkpt>
      <trkpt lat="36.46823" lon="-118.43202">
        <ele>2761.0</ele>
      </trkpt>
      <trkpt lat="36.46835" lon="-118.43188">
        <ele>2761.0</ele>
      </trkpt>
      <trkpt lat="36.4685" lon="-118.43184">
        <ele>2756.0</ele>
      </trkpt>
      <trkpt lat="36.46868" lon="-118.43172">
        <ele>2753.0</ele>
      </trkpt>
      <trkpt lat="36.46885" lon="-118.4315">
        <ele>2748.0</ele>
      </trkpt>
      <trkpt lat="36.46914" lon="-118.43136">
        <ele>2752.0</ele>
      </trkpt>
      <trkpt lat="36.46933" lon="-118.43116">
        <ele>2752.0</ele>
      </trkpt>
      <trkpt lat="36.46953" lon="-118.43105">
        <ele>2752.0</ele>
      </trkpt>
      <trkpt lat="36.46993" lon="-118.43095">
        <ele>2742.0</ele>
      </trkpt>
      <trkpt lat="36.47078" lon="-118.4305">
        <ele>2731.0</ele>
      </trkpt>
      <trkpt lat="36.4711" lon="-118.43014">
        <ele>2731.0</ele>
      </trkpt>
      <trkpt lat="36.47116" lon="-118.43">
        <ele>2729.0</ele>
      </trkpt>
      <trkpt lat="36.47136" lon="-118.42992">
        <ele>2727.0</ele>
      </trkpt>
      <trkpt lat="36.47154" lon="-118.42974">
        <ele>2722.0</ele>
      </trkpt>
      <trkpt lat="36.47198" lon="-118.42952">
        <ele>2716.0</ele>
      </trkpt>
      <trkpt lat="36.47229" lon="-118.4293">
        <ele>2712.0</ele>
      </trkpt>
      <trkpt lat="36.47293" lon="-118.42904">
        <ele>2713.0</ele>
      </trkpt>
      <trkpt lat="36.47308" lon="-118.42891">
        <ele>2710.0</ele>
      </trkpt>
      <trkpt lat="36.47314" lon="-118.4288">
        <ele>2710.0</ele>
      </trkpt>
      <trkpt lat="36.47323" lon="-118.42854">
        <ele>2705.0</ele>
      </trkpt>
      <trkpt lat="36.47326" lon="-118.4282">
        <ele>2702.0</ele>
      </trkpt>
      <trkpt lat="36.47325" lon="-118.42801">
        <ele>2701.0</ele>
      </trkpt>
      <trkpt lat="36.47312" lon="-118.42743">
        <ele>2695.0</ele>
      </trkpt>
      <trkpt lat="36.47311" lon="-118.42708">
        <ele>2694.0</ele>
      </trkpt>
      <trkpt lat="36.47321" lon="-118.42681">
        <ele>2695.0</ele>
      </trkpt>
      <trkpt lat="36.47337" lon="-118.42672">
        <ele>2693.0</ele>
      </trkpt>
      <trkpt lat="36.47356" lon="-118.42655">
        <ele>2690.0</ele>
      </trkpt>
      <trkpt lat="36.47377" lon="-118.42627">
        <ele>2683.0</ele>
      </trkpt>
      <trkpt lat="36.4738" lon="-118.4262">
        <ele>2681.0</ele>
      </trkpt>
      <trkpt lat="36.47383" lon="-118.42556">
        <ele>2674.0</ele>
      </trkpt>
      <trkpt lat="36.47385" lon="-118.42547">
        <ele>2674.0</ele>
      </trkpt>
      <trkpt lat="36.4739" lon="-118.42537">
        <ele>2670.0</ele>
      </trkpt>
      <trkpt lat="36.47408" lon="-118.42528">
        <ele>2665.0</ele>
      </trkpt>
      <trkpt lat="36.47408" lon="-118.4252">
        <ele>2665.0</ele>
      </trkpt>
      <trkpt lat="36.47406" lon="-118.42513">
        <ele>2660.0</ele>
      </trkpt>
      <trkpt lat="36.4737" lon="-118.42464">
        <ele>2664.0</ele>
      </trkpt>
      <trkpt lat="36.47367" lon="-118.42447">
        <ele>2660.0</ele>
      </trkpt>
      <trkpt lat="36.47353" lon="-118.42432">
        <ele>2660.0</ele>
      </trkpt>
      <trkpt lat="36.47302" lon="-118.42395">
        <ele>2652.0</ele>
      </trkpt>
      <trkpt lat="36.47323" lon="-118.42389">
        <ele>2649.0</ele>
      </trkpt>
      <trkpt lat="36.47307" lon="-118.42372">
        <ele>2643.0</ele>
      </trkpt>
      <trkpt lat="36.47305" lon="-118.42367">
        <ele>2643.0</ele>
      </trkpt>
      <trkpt lat="36.47306" lon="-118.42363">
        <ele>2643.0</ele>
      </trkpt>
      <trkpt lat="36.47346" lon="-118.4235">
        <ele>2640.0</ele>
      </trkpt>
      <trkpt lat="36.47361" lon="-118.42352">
        <ele>2637.0</ele>
      </trkpt>
      <trkpt lat="36.47382" lon="-118.42335">
        <ele>2631.0</ele>
      </trkpt>
      <trkpt lat="36.47383" lon="-118.42329">
        <ele>2631.0</ele>
      </trkpt>
      <trkpt lat="36.47379" lon="-118.42324">
        <ele>2631.0</ele>
      </trkpt>
      <trkpt lat="36.47359" lon="-118.42316">
        <ele>2617.0</ele>
      </trkpt>
      <trkpt lat="36.47358" lon="-118.42313">
        <ele>2617.0</ele>
      </trkpt>
      <trkpt lat="36.47377" lon="-118.42298">
        <ele>2627.0</ele>
      </trkpt>
      <trkpt lat="36.47397" lon="-118.42267">
        <ele>2620.0</ele>
      </trkpt>
      <trkpt lat="36.47395" lon="-118.42263">
        <ele>2614.0</ele>
      </trkpt>
      <trkpt lat="36.47353" lon="-118.42259">
        <ele>2607.0</ele>
      </trkpt>
      <trkpt lat="36.47318" lon="-118.4226">
        <ele>2606.0</ele>
      </trkpt>
      <trkpt lat="36.47313" lon="-118.42255">
        <ele>2606.0</ele>
      </trkpt>
      <trkpt lat="36.47329" lon="-118.42251">
        <ele>2605.0</ele>
      </trkpt>
      <trkpt lat="36.47357" lon="-118.42238">
        <ele>2607.0</ele>
      </trkpt>
      <trkpt lat="36.474" lon="-118.42205">
        <ele>2602.0</ele>
      </trkpt>
      <trkpt lat="36.47423" lon="-118.42194">
        <ele>2605.0</ele>
      </trkpt>
      <trkpt lat="36.47423" lon="-118.42191">
        <ele>2605.0</ele>
      </trkpt>
      <trkpt lat="36.47412" lon="-118.42184">
        <ele>2605.0</ele>
      </trkpt>
      <trkpt lat="36.47383" lon="-118.42176">
        <ele>2596.0</ele>
      </trkpt>
      <trkpt lat="36.47323" lon="-118.42116">
        <ele>2585.0</ele>
      </trkpt>
      <trkpt lat="36.47316" lon="-118.42112">
        <ele>2586.0</ele>
      </trkpt>
      <trkpt lat="36.47301" lon="-118.42111">
        <ele>2586.0</ele>
      </trkpt>
      <trkpt lat="36.47285" lon="-118.42104">
        <ele>2583.0</ele>
      </trkpt>
      <trkpt lat="36.47273" lon="-118.42091">
        <ele>2579.0</ele>
      </trkpt>
      <trkpt lat="36.47267" lon="-118.4208">
        <ele>2579.0</ele>
      </trkpt>
      <trkpt lat="36.47247" lon="-118.42065">
        <ele>2572.0</ele>
      </trkpt>
      <trkpt lat="36.47235" lon="-118.42062">
        <ele>2564.0</ele>
      </trkpt>
      <trkpt lat="36.47223" lon="-118.42062">
        <ele>2564.0</ele>
      </trkpt>
      <trkpt lat="36.4721" lon="-118.42066">
        <ele>2564.0</ele>
      </trkpt>
      <trkpt lat="36.47197" lon="-118.42065">
        <ele>2562.0</ele>
      </trkpt>
      <trkpt lat="36.47167" lon="-118.42061">
        <ele>2559.0</ele>
      </trkpt>
      <trkpt lat="36.47145" lon="-118.42052">
        <ele>2556.0</ele>
      </trkpt>
      <trkpt lat="36.47137" lon="-118.4205">
        <ele>2556.0</ele>
      </trkpt>
      <trkpt lat="36.47102" lon="-118.42054">
        <ele>2552.0</ele>
      </trkpt>
      <trkpt lat="36.47079" lon="-118.42049">
        <ele>2550.0</ele>
      </trkpt>
      <trkpt lat="36.47031" lon="-118.42052">
        <ele>2547.0</ele>
      </trkpt>
      <trkpt lat="36.47006" lon="-118.42058">
        <ele>2549.0</ele>
      </trkpt>
      <trkpt lat="36.47001" lon="-118.42057">
        <ele>2549.0</ele>
      </trkpt>
      <trkpt lat="36.46981" lon="-118.42043">
        <ele>2547.0</ele>
      </trkpt>
      <trkpt lat="36.46962" lon="-118.42042">
        <ele>2547.0</ele>
      </trkpt>
      <trkpt lat="36.46946" lon="-118.42031">
        <ele>2542.0</ele>
      </trkpt>
      <trkpt lat="36.46905" lon="-118.42032">
        <ele>2540.0</ele>
      </trkpt>
      <trkpt lat="36.469" lon="-118.42028">
        <ele>2540.0</ele>
      </trkpt>
      <trkpt lat="36.46891" lon="-118.42016">
        <ele>2540.0</ele>
      </trkpt>
      <trkpt lat="36.46874" lon="-118.42001">
        <ele>2536.0</ele>
      </trkpt>
      <trkpt lat="36.46827" lon="-118.41995">
        <ele>2538.0</ele>
      </trkpt>
      <trkpt lat="36.4682" lon="-118.41995">
        <ele>2538.0</ele>
      </trkpt>
      <trkpt lat="36.46798" lon="-118.4201">
        <ele>2538.0</ele>
      </trkpt>
      <trkpt lat="36.46784" lon="-118.42014">
        <ele>2536.0</ele>
      </trkpt>
      <trkpt lat="36.46742" lon="-118.42014">
        <ele>2537.0</ele>
      </trkpt>
      <trkpt lat="36.46732" lon="-118.42018">
        <ele>2530.0</ele>
      </trkpt>
      <trkpt lat="36.46717" lon="-118.42016">
        <ele>2530.0</ele>
      </trkpt>
      <trkpt lat="36.46687" lon="-118.42021">
        <ele>2529.0</ele>
      </trkpt>
      <trkpt lat="36.4667" lon="-118.4202">
        <ele>2532.0</ele>
      </trkpt>
      <trkpt lat="36.46658" lon="-118.42018">
        <ele>2532.0</ele>
      </trkpt>
      <trkpt lat="36.46648" lon="-118.42011">
        <ele>2534.0</ele>
      </trkpt>
      <trkpt lat="36.46643" lon="-118.42001">
        <ele>2534.0</ele>
      </trkpt>
      <trkpt lat="36.4662" lon="-118.41991">
        <ele>2524.0</ele>
      </trkpt>
      <trkpt lat="36.46608" lon="-118.4199">
        <ele>2524.0</ele>
      </trkpt>
      <trkpt lat="36.46601" lon="-118.41987">
        <ele>2524.0</ele>
      </trkpt>
      <trkpt lat="36.46594" lon="-118.41975">
        <ele>2516.0</ele>
      </trkpt>
      <trkpt lat="36.46584" lon="-118.41966">
        <ele>2516.0</ele>
      </trkpt>
      <trkpt lat="36.46568" lon="-118.41962">
        <ele>2511.0</ele>
      </trkpt>
      <trkpt lat="36.46559" lon="-118.41964">
        <ele>2511.0</ele>
      </trkpt>
      <trkpt lat="36.46514" lon="-118.41953">
        <ele>2508.0</ele>
      </trkpt>
      <trkpt lat="36.46504" lon="-118.41943">
        <ele>2501.0</ele>
      </trkpt>
      <trkpt lat="36.46495" lon="-118.41943">
        <ele>2501.0</ele>
      </trkpt>
      <trkpt lat="36.46482" lon="-118.4195">
        <ele>2499.0</ele>
      </trkpt>
      <trkpt lat="36.46475" lon="-118.41947">
        <ele>2499.0</ele>
      </trkpt>
      <trkpt lat="36.46464" lon="-118.41932">
        <ele>2499.0</ele>
      </trkpt>
      <trkpt lat="36.46458" lon="-118.4193">
        <ele>2492.0</ele>
      </trkpt>
      <trkpt lat="36.46434" lon="-118.41942">
        <ele>2491.0</ele>
      </trkpt>
      <trkpt lat="36.46426" lon="-118.41953">
        <ele>2483.0</ele>
      </trkpt>
      <trkpt lat="36.46422" lon="-118.41953">
        <ele>2483.0</ele>
      </trkpt>
      <trkpt lat="36.46408" lon="-118.41929">
        <ele>2483.0</ele>
      </trkpt>
      <trkpt lat="36.46407" lon="-118.41912">
        <ele>2483.0</ele>
      </trkpt>
      <trkpt lat="36.46384" lon="-118.41852">
        <ele>2473.0</ele>
      </trkpt>
      <trkpt lat="36.46379" lon="-118.41852">
        <ele>2473.0</ele>
      </trkpt>
      <trkpt lat="36.46376" lon="-118.41867">
        <ele>2473.0</ele>
      </trkpt>
      <trkpt lat="36.46355" lon="-118.41895">
        <ele>2463.0</ele>
      </trkpt>
      <trkpt lat="36.4635" lon="-118.41898">
        <ele>2463.0</ele>
      </trkpt>
      <trkpt lat="36.46336" lon="-118.41895">
        <ele>2453.0</ele>
      </trkpt>
      <trkpt lat="36.46331" lon="-118.41911">
        <ele>2452.0</ele>
      </trkpt>
      <trkpt lat="36.46325" lon="-118.4191">
        <ele>2452.0</ele>
      </trkpt>
      <trkpt lat="36.46279" lon="-118.41835">
        <ele>2434.0</ele>
      </trkpt>
      <trkpt lat="36.46251" lon="-118.41796">
        <ele>2430.0</ele>
      </trkpt>
      <trkpt lat="36.4624" lon="-118.41787">
        <ele>2433.0</ele>
      </trkpt>
      <trkpt lat="36.46219" lon="-118.41777">
        <ele>2426.0</ele>
      </trkpt>
      <trkpt lat="36.46218" lon="-118.41771">
        <ele>2426.0</ele>
      </trkpt>
      <trkpt lat="36.46209" lon="-118.41751">
        <ele>2426.0</ele>
      </trkpt>
      <trkpt lat="36.46177" lon="-118.41711">
        <ele>2407.0</ele>
      </trkpt>
      <trkpt lat="36.46168" lon="-118.4171">
        <ele>2407.0</ele>
      </trkpt>
      <trkpt lat="36.46163" lon="-118.41705">
        <ele>2414.0</ele>
      </trkpt>
      <trkpt lat="36.46167" lon="-118.41759">
        <ele>2403.0</ele>
      </trkpt>
      <trkpt lat="36.46166" lon="-118.41774">
        <ele>2398.0</ele>
      </trkpt>
      <trkpt lat="36.46174" lon="-118.41825">
        <ele>2386.0</ele>
      </trkpt>
      <trkpt lat="36.46192" lon="-118.41873">
        <ele>2401.0</ele>
      </trkpt>
      <trkpt lat="36.46204" lon="-118.41893">
        <ele>2394.0</ele>
      </trkpt>
      <trkpt lat="36.46201" lon="-118.41896">
        <ele>2394.0</ele>
      </trkpt>
      <trkpt lat="36.46178" lon="-118.41876">
        <ele>2378.0</ele>
      </trkpt>
      <trkpt lat="36.46171" lon="-118.41864">
        <ele>2379.0</ele>
      </trkpt>
      <trkpt lat="36.46162" lon="-118.4186">
        <ele>2379.0</ele>
      </trkpt>
      <trkpt lat="36.46153" lon="-118.41848">
        <ele>2379.0</ele>
      </trkpt>
      <trkpt lat="36.46138" lon="-118.41816">
        <ele>2377.0</ele>
      </trkpt>
      <trkpt lat="36.46124" lon="-118.41801">
        <ele>2358.0</ele>
      </trkpt>
      <trkpt lat="36.46115" lon="-118.41782">
        <ele>2368.0</ele>
      </trkpt>
      <trkpt lat="36.46086" lon="-118.41761">
        <ele>2362.0</ele>
      </trkpt>
      <trkpt lat="36.4606" lon="-118.41723">
        <ele>2350.0</ele>
      </trkpt>
      <trkpt lat="36.46028" lon="-118.41672">
        <ele>2342.0</ele>
      </trkpt>
      <trkpt lat="36.46026" lon="-118.41665">
        <ele>2342.0</ele>
      </trkpt>
      <trkpt lat="36.46027" lon="-118.41637">
        <ele>2344.0</ele>
      </trkpt>
      <trkpt lat="36.46022" lon="-118.41613">
        <ele>2344.0</ele>
      </trkpt>
      <trkpt lat="36.46006" lon="-118.41594">
        <ele>2343.0</ele>
      </trkpt>
      <trkpt lat="36.45998" lon="-118.41589">
        <ele>2343.0</ele>
      </trkpt>
      <trkpt lat="36.45996" lon="-118.41592">
        <ele>2343.0</ele>
      </trkpt>
      <trkpt lat="36.46003" lon="-118.41612">
        <ele>2335.0</ele>
      </trkpt>
      <trkpt lat="36.45987" lon="-118.41669">
        <ele>2327.0</ele>
      </trkpt>
      <trkpt lat="36.45991" lon="-118.41703">
        <ele>2322.0</ele>
      </trkpt>
      <trkpt lat="36.4599" lon="-118.41715">
        <ele>2317.0</ele>
      </trkpt>
      <trkpt lat="36.45998" lon="-118.41737">
        <ele>2309.0</ele>
      </trkpt>
      <trkpt lat="36.45996" lon="-118.41741">
        <ele>2309.0</ele>
      </trkpt>
      <trkpt lat="36.45977" lon="-118.41714">
        <ele>2307.0</ele>
      </trkpt>
      <trkpt lat="36.45973" lon="-118.41702">
        <ele>2309.0</ele>
      </trkpt>
      <trkpt lat="36.45959" lon="-118.41678">
        <ele>2313.0</ele>
      </trkpt>
      <trkpt lat="36.45951" lon="-118.41634">
        <ele>2300.0</ele>
      </trkpt>
      <trkpt lat="36.45942" lon="-118.41624">
        <ele>2307.0</ele>
      </trkpt>
      <trkpt lat="36.45923" lon="-118.41613">
        <ele>2294.0</ele>
      </trkpt>
      <trkpt lat="36.45894" lon="-118.41587">
        <ele>2286.0</ele>
      </trkpt>
      <trkpt lat="36.45884" lon="-118.41574">
        <ele>2286.0</ele>
      </trkpt>
      <trkpt lat="36.45881" lon="-118.41574">
        <ele>2286.0</ele>
      </trkpt>
      <trkpt lat="36.45905" lon="-118.41629">
        <ele>2288.0</ele>
      </trkpt>
      <trkpt lat="36.45915" lon="-118.41645">
        <ele>2288.0</ele>
      </trkpt>
      <trkpt lat="36.45915" lon="-118.41653">
        <ele>2279.0</ele>
      </trkpt>
      <trkpt lat="36.45907" lon="-118.41683">
        <ele>2278.0</ele>
      </trkpt>
      <trkpt lat="36.45906" lon="-118.41702">
        <ele>2278.0</ele>
      </trkpt>
      <trkpt lat="36.45907" lon="-118.41716">
        <ele>2280.0</ele>
      </trkpt>
      <trkpt lat="36.45911" lon="-118.41727">
        <ele>2280.0</ele>
      </trkpt>
      <trkpt lat="36.4591" lon="-118.41733">
        <ele>2280.0</ele>
      </trkpt>
      <trkpt lat="36.45905" lon="-118.41739">
        <ele>2283.0</ele>
      </trkpt>
      <trkpt lat="36.45891" lon="-118.41739">
        <ele>2276.0</ele>
      </trkpt>
      <trkpt lat="36.45865" lon="-118.41728">
        <ele>2253.0</ele>
      </trkpt>
      <trkpt lat="36.45838" lon="-118.41725">
        <ele>2240.0</ele>
      </trkpt>
      <trkpt lat="36.45833" lon="-118.41716">
        <ele>2240.0</ele>
      </trkpt>
      <trkpt lat="36.45818" lon="-118.41713">
        <ele>2231.0</ele>
      </trkpt>
      <trkpt lat="36.45816" lon="-118.41708">
        <ele>2226.0</ele>
      </trkpt>
      <trkpt lat="36.45823" lon="-118.41705">
        <ele>2235.0</ele>
      </trkpt>
      <trkpt lat="36.45845" lon="-118.41681">
        <ele>2235.0</ele>
      </trkpt>
      <trkpt lat="36.45842" lon="-118.4166">
        <ele>2235.0</ele>
      </trkpt>
      <trkpt lat="36.45835" lon="-118.41649">
        <ele>2241.0</ele>
      </trkpt>
      <trkpt lat="36.45796" lon="-118.41622">
        <ele>2231.0</ele>
      </trkpt>
      <trkpt lat="36.45783" lon="-118.41617">
        <ele>2218.0</ele>
      </trkpt>
      <trkpt lat="36.45765" lon="-118.41596">
        <ele>2217.0</ele>
      </trkpt>
      <trkpt lat="36.45762" lon="-118.41588">
        <ele>2207.0</ele>
      </trkpt>
      <trkpt lat="36.45762" lon="-118.41577">
        <ele>2207.0</ele>
      </trkpt>
      <trkpt lat="36.45771" lon="-118.41539">
        <ele>2211.0</ele>
      </trkpt>
      <trkpt lat="36.4577" lon="-118.41535">
        <ele>2211.0</ele>
      </trkpt>
      <trkpt lat="36.45766" lon="-118.41534">
        <ele>2211.0</ele>
      </trkpt>
      <trkpt lat="36.45748" lon="-118.41554">
        <ele>2200.0</ele>
      </trkpt>
      <trkpt lat="36.4573111026093" lon="-118.415793346086">
        <ele>2182.0</ele>
      </trkpt>
      <trkpt lat="36.45731110266495" lon="-118.415793346086">
        <ele>2182.0</ele>
      </trkpt>
      <trkpt lat="36.45726" lon="-118.41587">
        <ele>2182.0</ele>
      </trkpt>
      <trkpt lat="36.45723" lon="-118.41588">
        <ele>2182.0</ele>
      </trkpt>
      <trkpt lat="36.4572" lon="-118.41585">
        <ele>2182.0</ele>
      </trkpt>
      <trkpt lat="36.45722" lon="-118.41567">
        <ele>2175.0</ele>
      </trkpt>
      <trkpt lat="36.4573" lon="-118.41543">
        <ele>2175.0</ele>
      </trkpt>
      <trkpt lat="36.4575" lon="-118.41498">
        <ele>2178.0</ele>
      </trkpt>
      <trkpt lat="36.45756" lon="-118.41477">
        <ele>2170.0</ele>
      </trkpt>
      <trkpt lat="36.45757" lon="-118.41459">
        <ele>2170.0</ele>
      </trkpt>
      <trkpt lat="36.45752" lon="-118.41436">
        <ele>2162.0</ele>
      </trkpt>
      <trkpt lat="36.45748" lon="-118.41437">
        <ele>2162.0</ele>
      </trkpt>
      <trkpt lat="36.45749" lon="-118.41447">
        <ele>2162.0</ele>
      </trkpt>
      <trkpt lat="36.45746" lon="-118.41457">
        <ele>2162.0</ele>
      </trkpt>
      <trkpt lat="36.45718" lon="-118.41497">
        <ele>2159.0</ele>
      </trkpt>
      <trkpt lat="36.45664" lon="-118.41539">
        <ele>2140.0</ele>
      </trkpt>
      <trkpt lat="36.45664" lon="-118.41539">
        <ele>2140.0</ele>
      </trkpt>
      <trkpt lat="36.4565" lon="-118.4155">
        <ele>2135.0</ele>
      </trkpt>
      <trkpt lat="36.45648" lon="-118.41557">
        <ele>2135.0</ele>
      </trkpt>
      <trkpt lat="36.45651" lon="-118.41584">
        <ele>2145.0</ele>
      </trkpt>
      <trkpt lat="36.45648" lon="-118.41585">
        <ele>2145.0</ele>
      </trkpt>
      <trkpt lat="36.45645" lon="-118.41581">
        <ele>2145.0</ele>
      </trkpt>
      <trkpt lat="36.45637" lon="-118.41548">
        <ele>2135.0</ele>
      </trkpt>
      <trkpt lat="36.45648" lon="-118.41513">
        <ele>2122.0</ele>
      </trkpt>
      <trkpt lat="36.45664" lon="-118.41485">
        <ele>2121.0</ele>
      </trkpt>
      <trkpt lat="36.45664" lon="-118.41485">
        <ele>2121.0</ele>
      </trkpt>
      <trkpt lat="36.45669" lon="-118.41476">
        <ele>2121.0</ele>
      </trkpt>
      <trkpt lat="36.45685" lon="-118.41461">
        <ele>2134.0</ele>
      </trkpt>
      <trkpt lat="36.45712" lon="-118.41417">
        <ele>2130.0</ele>
      </trkpt>
      <trkpt lat="36.4572" lon="-118.41391">
        <ele>2122.0</ele>
      </trkpt>
      <trkpt lat="36.45717" lon="-118.41389">
        <ele>2122.0</ele>
      </trkpt>
      <trkpt lat="36.45692" lon="-118.41409">
        <ele>2114.0</ele>
      </trkpt>
      <trkpt lat="36.4568" lon="-118.41412">
        <ele>2106.0</ele>
      </trkpt>
      <trkpt lat="36.45664" lon="-118.41425">
        <ele>2106.0</ele>
      </trkpt>
      <trkpt lat="36.45664" lon="-118.41425">
        <ele>2106.0</ele>
      </trkpt>
      <trkpt lat="36.45615" lon="-118.41463">
        <ele>2109.0</ele>
      </trkpt>
      <trkpt lat="36.45596" lon="-118.41474">
        <ele>2099.0</ele>
      </trkpt>
      <trkpt lat="36.45593" lon="-118.4147">
        <ele>2099.0</ele>
      </trkpt>
      <trkpt lat="36.45619" lon="-118.41422">
        <ele>2092.0</ele>
      </trkpt>
      <trkpt lat="36.45627" lon="-118.41397">
        <ele>2091.0</ele>
      </trkpt>
      <trkpt lat="36.45634" lon="-118.41384">
        <ele>2091.0</ele>
      </trkpt>
      <trkpt lat="36.45647" lon="-118.41375">
        <ele>2082.0</ele>
      </trkpt>
      <trkpt lat="36.45655" lon="-118.41364">
        <ele>2093.0</ele>
      </trkpt>
      <trkpt lat="36.45649" lon="-118.4136">
        <ele>2082.0</ele>
      </trkpt>
      <trkpt lat="36.4564" lon="-118.41359">
        <ele>2082.0</ele>
      </trkpt>
      <trkpt lat="36.45618" lon="-118.41366">
        <ele>2074.0</ele>
      </trkpt>
      <trkpt lat="36.45606" lon="-118.41364">
        <ele>2074.0</ele>
      </trkpt>
      <trkpt lat="36.456" lon="-118.41361">
        <ele>2074.0</ele>
      </trkpt>
      <trkpt lat="36.45599" lon="-118.41354">
        <ele>2074.0</ele>
      </trkpt>
      <trkpt lat="36.45601" lon="-118.41346">
        <ele>2063.0</ele>
      </trkpt>
      <trkpt lat="36.45606" lon="-118.41336">
        <ele>2063.0</ele>
      </trkpt>
      <trkpt lat="36.45606" lon="-118.41336">
        <ele>2063.0</ele>
      </trkpt>
      <trkpt lat="36.45606" lon="-118.41336">
        <ele>2063.0</ele>
      </trkpt>
      <trkpt lat="36.45632" lon="-118.41329">
        <ele>2070.0</ele>
      </trkpt>
      <trkpt lat="36.45651" lon="-118.41313">
        <ele>2057.0</ele>
      </trkpt>
      <trkpt lat="36.45664" lon="-118.41288">
        <ele>2050.0</ele>
      </trkpt>
      <trkpt lat="36.45664" lon="-118.41288">
        <ele>2050.0</ele>
      </trkpt>
      <trkpt lat="36.45677" lon="-118.41275">
        <ele>2050.0</ele>
      </trkpt>
      <trkpt lat="36.45777" lon="-118.41245">
        <ele>2059.0</ele>
      </trkpt>
      <trkpt lat="36.4578" lon="-118.41248">
        <ele>2059.0</ele>
      </trkpt>
      <trkpt lat="36.45796" lon="-118.41237">
        <ele>2060.0</ele>
      </trkpt>
      <trkpt lat="36.45827" lon="-118.41224">
        <ele>2057.0</ele>
      </trkpt>
      <trkpt lat="36.45873" lon="-118.41194">
        <ele>2057.0</ele>
      </trkpt>
      <trkpt lat="36.45929312461637" lon="-118.41177825144">
        <ele>2059.0</ele>
      </trkpt>
      <trkpt lat="36.45929312598477" lon="-118.41177825144">
        <ele>2059.0</ele>
      </trkpt>
      <trkpt lat="36.45967" lon="-118.41167">
        <ele>2062.0</ele>
      </trkpt>
      <trkpt lat="36.46054" lon="-118.41147">
        <ele>2065.0</ele>
      </trkpt>
      <trkpt lat="36.46098" lon="-118.41149">
        <ele>2064.0</ele>
      </trkpt>
      <trkpt lat="36.46115" lon="-118.41159">
        <ele>2070.0</ele>
      </trkpt>
      <trkpt lat="36.4613" lon="-118.41159">
        <ele>2065.0</ele>
      </trkpt>
      <trkpt lat="36.46155" lon="-118.41143">
        <ele>2059.0</ele>
      </trkpt>
      <trkpt lat="36.46161" lon="-118.41133">
        <ele>2059.0</ele>
      </trkpt>
      <trkpt lat="36.46194" lon="-118.41132">
        <ele>2062.0</ele>
      </trkpt>
      <trkpt lat="36.4622" lon="-118.41117">
        <ele>2061.0</ele>
      </trkpt>
      <trkpt lat="36.46254" lon="-118.41121">
        <ele>2058.0</ele>
      </trkpt>
      <trkpt lat="36.46269" lon="-118.41132">
        <ele>2059.0</ele>
      </trkpt>
      <trkpt lat="36.46302" lon="-118.41147">
        <ele>2058.0</ele>
      </trkpt>
      <trkpt lat="36.46319" lon="-118.41149">
        <ele>2058.0</ele>
      </trkpt>
      <trkpt lat="36.46361" lon="-118.41129">
        <ele>2064.0</ele>
      </trkpt>
      <trkpt lat="36.46385" lon="-118.41113">
        <ele>2066.0</ele>
      </trkpt>
      <trkpt lat="36.46401" lon="-118.41115">
        <ele>2066.0</ele>
      </trkpt>
      <trkpt lat="36.46425" lon="-118.41105">
        <ele>2071.0</ele>
      </trkpt>
      <trkpt lat="36.46462" lon="-118.41098">
        <ele>2062.0</ele>
      </trkpt>
      <trkpt lat="36.46495" lon="-118.4111">
        <ele>2061.0</ele>
      </trkpt>
      <trkpt lat="36.46505" lon="-118.41107">
        <ele>2061.0</ele>
      </trkpt>
      <trkpt lat="36.46551" lon="-118.4107">
        <ele>2066.0</ele>
      </trkpt>
      <trkpt lat="36.46567" lon="-118.41069">
        <ele>2064.0</ele>
      </trkpt>
      <trkpt lat="36.46571" lon="-118.41064">
        <ele>2067.0</ele>
      </trkpt>
      <trkpt lat="36.46571" lon="-118.41064">
        <ele>2067.0</ele>
      </trkpt>
      <trkpt lat="36.46579" lon="-118.41057">
        <ele>2067.0</ele>
      </trkpt>
      <trkpt lat="36.46624" lon="-118.41064">
        <ele>2072.0</ele>
      </trkpt>
      <trkpt lat="36.46624" lon="-118.41064">
        <ele>2072.0</ele>
      </trkpt>
      <trkpt lat="36.46633" lon="-118.41068">
        <ele>2075.0</ele>
      </trkpt>
      <trkpt lat="36.46669" lon="-118.41064">
        <ele>2077.0</ele>
      </trkpt>
      <trkpt lat="36.46669" lon="-118.41064">
        <ele>2077.0</ele>
      </trkpt>
      <trkpt lat="36.4669" lon="-118.41057">
        <ele>2076.0</ele>
      </trkpt>
      <trkpt lat="36.46711" lon="-118.41042">
        <ele>2076.0</ele>
      </trkpt>
      <trkpt lat="36.46768" lon="-118.41052">
        <ele>2079.0</ele>
      </trkpt>
      <trkpt lat="36.46805" lon="-118.41026">
        <ele>2084.0</ele>
      </trkpt>
      <trkpt lat="36.46863" lon="-118.41012">
        <ele>2078.0</ele>
      </trkpt>
      <trkpt lat="36.46893" lon="-118.41013">
        <ele>2078.0</ele>
      </trkpt>
      <trkpt lat="36.46923" lon="-118.41023">
        <ele>2082.0</ele>
      </trkpt>
      <trkpt lat="36.46953" lon="-118.41015">
        <ele>2084.0</ele>
      </trkpt>
      <trkpt lat="36.46972" lon="-118.40999">
        <ele>2078.0</ele>
      </trkpt>
      <trkpt lat="36.46984" lon="-118.40998">
        <ele>2078.0</ele>
      </trkpt>
      <trkpt lat="36.46995" lon="-118.40993">
        <ele>2077.0</ele>
      </trkpt>
      <trkpt lat="36.47012" lon="-118.40976">
        <ele>2073.0</ele>
      </trkpt>
      <trkpt lat="36.47021" lon="-118.40964">
        <ele>2071.0</ele>
      </trkpt>
      <trkpt lat="36.47037" lon="-118.40955">
        <ele>2072.0</ele>
      </trkpt>
      <trkpt lat="36.47052" lon="-118.40953">
        <ele>2072.0</ele>
      </trkpt>
      <trkpt lat="36.47082" lon="-118.40935">
        <ele>2073.0</ele>
      </trkpt>
      <trkpt lat="36.47145" lon="-118.40869">
        <ele>2081.0</ele>
      </trkpt>
      <trkpt lat="36.47164" lon="-118.40843">
        <ele>2088.0</ele>
      </trkpt>
      <trkpt lat="36.47197" lon="-118.40831">
        <ele>2085.0</ele>
      </trkpt>
      <trkpt lat="36.4722" lon="-118.40814">
        <ele>2088.0</ele>
      </trkpt>
      <trkpt lat="36.4726" lon="-118.40776">
        <ele>2085.0</ele>
      </trkpt>
      <trkpt lat="36.4728" lon="-118.4075">
        <ele>2080.0</ele>
      </trkpt>
      <trkpt lat="36.473" lon="-118.40731">
        <ele>2074.0</ele>
      </trkpt>
      <trkpt lat="36.47309" lon="-118.40726">
        <ele>2074.0</ele>
      </trkpt>
      <trkpt lat="36.47341" lon="-118.40725">
        <ele>2073.0</ele>
      </trkpt>
      <trkpt lat="36.47341" lon="-118.40725">
        <ele>2073.0</ele>
      </trkpt>
      <trkpt lat="36.47341" lon="-118.40725">
        <ele>2073.0</ele>
      </trkpt>
      <trkpt lat="36.47344" lon="-118.40723">
        <ele>2073.0</ele>
      </trkpt>
      <trkpt lat="36.47344" lon="-118.40723">
        <ele>2073.0</ele>
      </trkpt>
      <trkpt lat="36.47354" lon="-118.40694">
        <ele>2073.0</ele>
      </trkpt>
      <trkpt lat="36.47354" lon="-118.40694">
        <ele>2073.0</ele>
      </trkpt>
      <trkpt lat="36.47357" lon="-118.40672">
        <ele>2075.0</ele>
      </trkpt>
      <trkpt lat="36.47374" lon="-118.40641">
        <ele>2078.0</ele>
      </trkpt>
      <trkpt lat="36.47386" lon="-118.40638">
        <ele>2080.0</ele>
      </trkpt>
      <trkpt lat="36.47395" lon="-118.40643">
        <ele>2080.0</ele>
      </trkpt>
      <trkpt lat="36.47409" lon="-118.40638">
        <ele>2081.0</ele>
      </trkpt>
      <trkpt lat="36.47431" lon="-118.40613">
        <ele>2082.0</ele>
      </trkpt>
      <trkpt lat="36.47431" lon="-118.40613">
        <ele>2082.0</ele>
      </trkpt>
      <trkpt lat="36.47441" lon="-118.40603">
        <ele>2082.0</ele>
      </trkpt>
      <trkpt lat="36.47452" lon="-118.40607">
        <ele>2082.0</ele>
      </trkpt>
      <trkpt lat="36.47468" lon="-118.406">
        <ele>2082.0</ele>
      </trkpt>
      <trkpt lat="36.47474" lon="-118.40601">
        <ele>2082.0</ele>
      </trkpt>
      <trkpt lat="36.47479" lon="-118.40598">
        <ele>2082.0</ele>
      </trkpt>
      <trkpt lat="36.47485" lon="-118.406">
        <ele>2082.0</ele>
      </trkpt>
      <trkpt lat="36.47488" lon="-118.40596">
        <ele>2082.0</ele>
      </trkpt>
      <trkpt lat="36.47507" lon="-118.4059">
        <ele>2082.0</ele>
      </trkpt>
      <trkpt lat="36.47513" lon="-118.40582">
        <ele>2082.0</ele>
      </trkpt>
      <trkpt lat="36.47526" lon="-118.40576">
        <ele>2085.0</ele>
      </trkpt>
      <trkpt lat="36.47544" lon="-118.40556">
        <ele>2086.0</ele>
      </trkpt>
      <trkpt lat="36.47556" lon="-118.40557">
        <ele>2086.0</ele>
      </trkpt>
      <trkpt lat="36.47585" lon="-118.4054">
        <ele>2087.0</ele>
      </trkpt>
      <trkpt lat="36.47612" lon="-118.40529">
        <ele>2093.0</ele>
      </trkpt>
      <trkpt lat="36.4763" lon="-118.40528">
        <ele>2095.0</ele>
      </trkpt>
      <trkpt lat="36.47665185829381" lon="-118.405025464213">
        <ele>2095.0</ele>
      </trkpt>
      <trkpt lat="36.47665185856202" lon="-118.405025464213">
        <ele>2095.0</ele>
      </trkpt>
      <trkpt lat="36.47677" lon="-118.40494">
        <ele>2095.0</ele>
      </trkpt>
      <trkpt lat="36.47707" lon="-118.40491">
        <ele>2102.0</ele>
      </trkpt>
      <trkpt lat="36.47713" lon="-118.40494">
        <ele>2106.0</ele>
      </trkpt>
      <trkpt lat="36.47711" lon="-118.40517">
        <ele>2101.0</ele>
      </trkpt>
      <trkpt lat="36.47718" lon="-118.40543">
        <ele>2096.0</ele>
      </trkpt>
      <trkpt lat="36.47731" lon="-118.40553">
        <ele>2096.0</ele>
      </trkpt>
      <trkpt lat="36.47734" lon="-118.40561">
        <ele>2096.0</ele>
      </trkpt>
      <trkpt lat="36.4776" lon="-118.40583">
        <ele>2093.0</ele>
      </trkpt>
      <trkpt lat="36.47776" lon="-118.40589">
        <ele>2097.0</ele>
      </trkpt>
      <trkpt lat="36.47817" lon="-118.40592">
        <ele>2102.0</ele>
      </trkpt>
      <trkpt lat="36.47851" lon="-118.4061">
        <ele>2102.0</ele>
      </trkpt>
      <trkpt lat="36.4787" lon="-118.40611">
        <ele>2102.0</ele>
      </trkpt>
      <trkpt lat="36.47887" lon="-118.40607">
        <ele>2106.0</ele>
      </trkpt>
      <trkpt lat="36.479" lon="-118.4061">
        <ele>2106.0</ele>
      </trkpt>
      <trkpt lat="36.47915" lon="-118.40606">
        <ele>2106.0</ele>
      </trkpt>
      <trkpt lat="36.48005" lon="-118.40526">
        <ele>2132.0</ele>
      </trkpt>
      <trkpt lat="36.4801" lon="-118.40527">
        <ele>2132.0</ele>
      </trkpt>
      <trkpt lat="36.48031" lon="-118.40543">
        <ele>2132.0</ele>
      </trkpt>
      <trkpt lat="36.48054" lon="-118.4055">
        <ele>2135.0</ele>
      </trkpt>
      <trkpt lat="36.48071" lon="-118.40549">
        <ele>2131.0</ele>
      </trkpt>
      <trkpt lat="36.48087" lon="-118.40544">
        <ele>2131.0</ele>
      </trkpt>
      <trkpt lat="36.48123" lon="-118.40524">
        <ele>2126.0</ele>
      </trkpt>
      <trkpt lat="36.48157" lon="-118.40493">
        <ele>2125.0</ele>
      </trkpt>
      <trkpt lat="36.48178" lon="-118.40482">
        <ele>2129.0</ele>
      </trkpt>
      <trkpt lat="36.48193" lon="-118.40464">
        <ele>2131.0</ele>
      </trkpt>
      <trkpt lat="36.482" lon="-118.40466">
        <ele>2131.0</ele>
      </trkpt>
      <trkpt lat="36.48206" lon="-118.40463">
        <ele>2131.0</ele>
      </trkpt>
      <trkpt lat="36.48237" lon="-118.40424">
        <ele>2129.0</ele>
      </trkpt>
      <trkpt lat="36.48292" lon="-118.40433">
        <ele>2122.0</ele>
      </trkpt>
      <trkpt lat="36.48305" lon="-118.40441">
        <ele>2122.0</ele>
      </trkpt>
      <trkpt lat="36.48326" lon="-118.40442">
        <ele>2120.0</ele>
      </trkpt>
      <trkpt lat="36.4838" lon="-118.40456">
        <ele>2130.0</ele>
      </trkpt>
      <trkpt lat="36.48473" lon="-118.40449">
        <ele>2127.0</ele>
      </trkpt>
      <trkpt lat="36.48488" lon="-118.40453">
        <ele>2125.0</ele>
      </trkpt>
      <trkpt lat="36.4851" lon="-118.40451">
        <ele>2125.0</ele>
      </trkpt>
      <trkpt lat="36.4854" lon="-118.40459">
        <ele>2125.0</ele>
      </trkpt>
      <trkpt lat="36.48566" lon="-118.4046">
        <ele>2125.0</ele>
      </trkpt>
      <trkpt lat="36.48638" lon="-118.4049">
        <ele>2131.0</ele>
      </trkpt>
      <trkpt lat="36.4868" lon="-118.40487">
        <ele>2130.0</ele>
      </trkpt>
      <trkpt lat="36.48708" lon="-118.405">
        <ele>2132.0</ele>
      </trkpt>
      <trkpt lat="36.48738" lon="-118.40503">
        <ele>2135.0</ele>
      </trkpt>
      <trkpt lat="36.48755" lon="-118.40514">
        <ele>2131.0</ele>
      </trkpt>
      <trkpt lat="36.48773" lon="-118.40516">
        <ele>2132.0</ele>
      </trkpt>
      <trkpt lat="36.48805" lon="-118.40505">
        <ele>2136.0</ele>
      </trkpt>
      <trkpt lat="36.48832" lon="-118.40493">
        <ele>2139.0</ele>
      </trkpt>
      <trkpt lat="36.48853" lon="-118.40492">
        <ele>2143.0</ele>
      </trkpt>
      <trkpt lat="36.48881" lon="-118.40501">
        <ele>2138.0</ele>
      </trkpt>
      <trkpt lat="36.48902" lon="-118.40513">
        <ele>2138.0</ele>
      </trkpt>
      <trkpt lat="36.48927" lon="-118.40532">
        <ele>2137.0</ele>
      </trkpt>
      <trkpt lat="36.48949" lon="-118.40557">
        <ele>2131.0</ele>
      </trkpt>
      <trkpt lat="36.48962" lon="-118.40564">
        <ele>2134.0</ele>
      </trkpt>
      <trkpt lat="36.48982" lon="-118.40566">
        <ele>2134.0</ele>
      </trkpt>
      <trkpt lat="36.49042" lon="-118.40587">
        <ele>2135.0</ele>
      </trkpt>
      <trkpt lat="36.49062" lon="-118.4059">
        <ele>2135.0</ele>
      </trkpt>
      <trkpt lat="36.49095" lon="-118.40592">
        <ele>2138.0</ele>
      </trkpt>
      <trkpt lat="36.49112" lon="-118.40588">
        <ele>2141.0</ele>
      </trkpt>
      <trkpt lat="36.49134" lon="-118.40576">
        <ele>2150.0</ele>
      </trkpt>
      <trkpt lat="36.49158" lon="-118.40551">
        <ele>2164.0</ele>
      </trkpt>
      <trkpt lat="36.49178" lon="-118.40539">
        <ele>2163.0</ele>
      </trkpt>
      <trkpt lat="36.49197" lon="-118.40536">
        <ele>2167.0</ele>
      </trkpt>
      <trkpt lat="36.49197" lon="-118.40536">
        <ele>2167.0</ele>
      </trkpt>
      <trkpt lat="36.49216" lon="-118.40539">
        <ele>2164.0</ele>
      </trkpt>
      <trkpt lat="36.49223" lon="-118.40544">
        <ele>2160.0</ele>
      </trkpt>
      <trkpt lat="36.49233" lon="-118.40547">
        <ele>2160.0</ele>
      </trkpt>
      <trkpt lat="36.4924" lon="-118.40542">
        <ele>2157.0</ele>
      </trkpt>
      <trkpt lat="36.49255" lon="-118.4054">
        <ele>2162.0</ele>
      </trkpt>
      <trkpt lat="36.49267" lon="-118.40544">
        <ele>2155.0</ele>
      </trkpt>
      <trkpt lat="36.49306" lon="-118.40586">
        <ele>2159.0</ele>
      </trkpt>
      <trkpt lat="36.49352" lon="-118.40615">
        <ele>2164.0</ele>
      </trkpt>
      <trkpt lat="36.49366" lon="-118.40614">
        <ele>2164.0</ele>
      </trkpt>
      <trkpt lat="36.49381" lon="-118.40607">
        <ele>2163.0</ele>
      </trkpt>
      <trkpt lat="36.49424" lon="-118.40567">
        <ele>2167.0</ele>
      </trkpt>
      <trkpt lat="36.49445" lon="-118.40557">
        <ele>2167.0</ele>
      </trkpt>
      <trkpt lat="36.49503" lon="-118.40537">
        <ele>2183.0</ele>
      </trkpt>
      <trkpt lat="36.49525" lon="-118.40533">
        <ele>2182.0</ele>
      </trkpt>
      <trkpt lat="36.49555" lon="-118.40543">
        <ele>2177.0</ele>
      </trkpt>
      <trkpt lat="36.49571" lon="-118.40535">
        <ele>2181.0</ele>
      </trkpt>
      <trkpt lat="36.49606" lon="-118.40497">
        <ele>2179.0</ele>
      </trkpt>
      <trkpt lat="36.49631" lon="-118.40462">
        <ele>2177.0</ele>
      </trkpt>
      <trkpt lat="36.49648" lon="-118.40452">
        <ele>2180.0</ele>
      </trkpt>
      <trkpt lat="36.49661" lon="-118.40427">
        <ele>2173.0</ele>
      </trkpt>
      <trkpt lat="36.49674" lon="-118.40411">
        <ele>2173.0</ele>
      </trkpt>
      <trkpt lat="36.49683" lon="-118.40407">
        <ele>2175.0</ele>
      </trkpt>
      <trkpt lat="36.49706" lon="-118.40417">
        <ele>2175.0</ele>
      </trkpt>
      <trkpt lat="36.49717" lon="-118.40416">
        <ele>2173.0</ele>
      </trkpt>
      <trkpt lat="36.49765" lon="-118.4039">
        <ele>2163.0</ele>
      </trkpt>
      <trkpt lat="36.49773" lon="-118.40378">
        <ele>2163.0</ele>
      </trkpt>
      <trkpt lat="36.49781" lon="-118.40374">
        <ele>2167.0</ele>
      </trkpt>
      <trkpt lat="36.4982" lon="-118.40369">
        <ele>2169.0</ele>
      </trkpt>
      <trkpt lat="36.49882" lon="-118.40376">
        <ele>2160.0</ele>
      </trkpt>
      <trkpt lat="36.49927" lon="-118.40394">
        <ele>2162.0</ele>
      </trkpt>
      <trkpt lat="36.49955" lon="-118.40382">
        <ele>2168.0</ele>
      </trkpt>
      <trkpt lat="36.49972" lon="-118.40392">
        <ele>2177.0</ele>
      </trkpt>
      <trkpt lat="36.49984" lon="-118.40395">
        <ele>2177.0</ele>
      </trkpt>
      <trkpt lat="36.49997" lon="-118.40394">
        <ele>2175.0</ele>
      </trkpt>
      <trkpt lat="36.5002" lon="-118.40399">
        <ele>2173.0</ele>
      </trkpt>
      <trkpt lat="36.50071" lon="-118.40434">
        <ele>2187.0</ele>
      </trkpt>
      <trkpt lat="36.50097" lon="-118.40436">
        <ele>2187.0</ele>
      </trkpt>
      <trkpt lat="36.50112" lon="-118.40434">
        <ele>2187.0</ele>
      </trkpt>
      <trkpt lat="36.50146" lon="-118.40417">
        <ele>2188.0</ele>
      </trkpt>
      <trkpt lat="36.50168" lon="-118.40415">
        <ele>2188.0</ele>
      </trkpt>
      <trkpt lat="36.50186" lon="-118.40408">
        <ele>2193.0</ele>
      </trkpt>
      <trkpt lat="36.50205" lon="-118.40395">
        <ele>2194.0</ele>
      </trkpt>
      <trkpt lat="36.50226" lon="-118.40371">
        <ele>2194.0</ele>
      </trkpt>
      <trkpt lat="36.50273" lon="-118.4034">
        <ele>2198.0</ele>
      </trkpt>
      <trkpt lat="36.50293" lon="-118.40338">
        <ele>2195.0</ele>
      </trkpt>
      <trkpt lat="36.50321" lon="-118.40324">
        <ele>2187.0</ele>
      </trkpt>
      <trkpt lat="36.50337" lon="-118.40323">
        <ele>2187.0</ele>
      </trkpt>
      <trkpt lat="36.50358" lon="-118.4031">
        <ele>2189.0</ele>
      </trkpt>
      <trkpt lat="36.50378" lon="-118.40305">
        <ele>2194.0</ele>
      </trkpt>
      <trkpt lat="36.50391" lon="-118.4031">
        <ele>2194.0</ele>
      </trkpt>
      <trkpt lat="36.50408" lon="-118.40312">
        <ele>2193.0</ele>
      </trkpt>
      <trkpt lat="36.50452" lon="-118.4031">
        <ele>2194.0</ele>
      </trkpt>
      <trkpt lat="36.50476" lon="-118.40301">
        <ele>2193.0</ele>
      </trkpt>
      <trkpt lat="36.50508" lon="-118.40278">
        <ele>2200.0</ele>
      </trkpt>
      <trkpt lat="36.50524" lon="-118.40279">
        <ele>2196.0</ele>
      </trkpt>
      <trkpt lat="36.50543" lon="-118.40274">
        <ele>2196.0</ele>
      </trkpt>
      <trkpt lat="36.50559" lon="-118.40262">
        <ele>2200.0</ele>
      </trkpt>
      <trkpt lat="36.50584" lon="-118.40255">
        <ele>2202.0</ele>
      </trkpt>
      <trkpt lat="36.50614" lon="-118.40224">
        <ele>2215.0</ele>
      </trkpt>
      <trkpt lat="36.50628" lon="-118.40221">
        <ele>2211.0</ele>
      </trkpt>
      <trkpt lat="36.50656" lon="-118.40205">
        <ele>2210.0</ele>
      </trkpt>
      <trkpt lat="36.50676" lon="-118.40198">
        <ele>2210.0</ele>
      </trkpt>
      <trkpt lat="36.50732" lon="-118.40196">
        <ele>2209.0</ele>
      </trkpt>
      <trkpt lat="36.50759" lon="-118.4018">
        <ele>2213.0</ele>
      </trkpt>
      <trkpt lat="36.50773" lon="-118.40177">
        <ele>2219.0</ele>
      </trkpt>
      <trkpt lat="36.508" lon="-118.40179">
        <ele>2216.0</ele>
      </trkpt>
      <trkpt lat="36.5081" lon="-118.40172">
        <ele>2216.0</ele>
      </trkpt>
      <trkpt lat="36.50827" lon="-118.40149">
        <ele>2214.0</ele>
      </trkpt>
      <trkpt lat="36.50853" lon="-118.40139">
        <ele>2221.0</ele>
      </trkpt>
      <trkpt lat="36.50877" lon="-118.40153">
        <ele>2222.0</ele>
      </trkpt>
      <trkpt lat="36.50885" lon="-118.40148">
        <ele>2222.0</ele>
      </trkpt>
      <trkpt lat="36.50901" lon="-118.4014">
        <ele>2222.0</ele>
      </trkpt>
      <trkpt lat="36.50948" lon="-118.401">
        <ele>2221.0</ele>
      </trkpt>
      <trkpt lat="36.50961" lon="-118.40072">
        <ele>2219.0</ele>
      </trkpt>
      <trkpt lat="36.50961" lon="-118.40047">
        <ele>2218.0</ele>
      </trkpt>
      <trkpt lat="36.50964" lon="-118.40023">
        <ele>2219.0</ele>
      </trkpt>
      <trkpt lat="36.50964" lon="-118.40023">
        <ele>2219.0</ele>
      </trkpt>
      <trkpt lat="36.50966" lon="-118.40013">
        <ele>2223.0</ele>
      </trkpt>
      <trkpt lat="36.50985" lon="-118.39989">
        <ele>2223.0</ele>
      </trkpt>
      <trkpt lat="36.50998" lon="-118.39988">
        <ele>2220.0</ele>
      </trkpt>
      <trkpt lat="36.51038" lon="-118.40006">
        <ele>2213.0</ele>
      </trkpt>
      <trkpt lat="36.51058" lon="-118.40006">
        <ele>2211.0</ele>
      </trkpt>
      <trkpt lat="36.51095" lon="-118.40041">
        <ele>2216.0</ele>
      </trkpt>
      <trkpt lat="36.51129" lon="-118.40044">
        <ele>2213.0</ele>
      </trkpt>
      <trkpt lat="36.51144" lon="-118.40054">
        <ele>2213.0</ele>
      </trkpt>
      <trkpt lat="36.51216" lon="-118.40059">
        <ele>2210.0</ele>
      </trkpt>
      <trkpt lat="36.51243" lon="-118.40056">
        <ele>2209.0</ele>
      </trkpt>
      <trkpt lat="36.51264" lon="-118.4005">
        <ele>2204.0</ele>
      </trkpt>
      <trkpt lat="36.51271" lon="-118.4004">
        <ele>2214.0</ele>
      </trkpt>
      <trkpt lat="36.51287" lon="-118.40026">
        <ele>2214.0</ele>
      </trkpt>
      <trkpt lat="36.51298" lon="-118.40022">
        <ele>2213.0</ele>
      </trkpt>
      <trkpt lat="36.51325" lon="-118.40001">
        <ele>2216.0</ele>
      </trkpt>
      <trkpt lat="36.51339" lon="-118.3998">
        <ele>2221.0</ele>
      </trkpt>
      <trkpt lat="36.51361" lon="-118.39971">
        <ele>2216.0</ele>
      </trkpt>
      <trkpt lat="36.51404" lon="-118.39962">
        <ele>2215.0</ele>
      </trkpt>
      <trkpt lat="36.51414" lon="-118.39957">
        <ele>2216.0</ele>
      </trkpt>
      <trkpt lat="36.51443" lon="-118.39962">
        <ele>2215.0</ele>
      </trkpt>
      <trkpt lat="36.51468" lon="-118.39956">
        <ele>2217.0</ele>
      </trkpt>
      <trkpt lat="36.51551" lon="-118.39975">
        <ele>2228.0</ele>
      </trkpt>
      <trkpt lat="36.51565" lon="-118.39974">
        <ele>2228.0</ele>
      </trkpt>
      <trkpt lat="36.51613" lon="-118.39979">
        <ele>2234.0</ele>
      </trkpt>
      <trkpt lat="36.51623" lon="-118.39982">
        <ele>2234.0</ele>
      </trkpt>
      <trkpt lat="36.51634" lon="-118.39993">
        <ele>2236.0</ele>
      </trkpt>
      <trkpt lat="36.51646" lon="-118.40009">
        <ele>2236.0</ele>
      </trkpt>
      <trkpt lat="36.51664" lon="-118.40014">
        <ele>2235.0</ele>
      </trkpt>
      <trkpt lat="36.51706" lon="-118.40012">
        <ele>2247.0</ele>
      </trkpt>
      <trkpt lat="36.51735" lon="-118.40002">
        <ele>2246.0</ele>
      </trkpt>
      <trkpt lat="36.51751" lon="-118.40002">
        <ele>2244.0</ele>
      </trkpt>
      <trkpt lat="36.51779" lon="-118.39986">
        <ele>2239.0</ele>
      </trkpt>
      <trkpt lat="36.51791" lon="-118.39988">
        <ele>2237.0</ele>
      </trkpt>
      <trkpt lat="36.518" lon="-118.39982">
        <ele>2244.0</ele>
      </trkpt>
      <trkpt lat="36.51818" lon="-118.3998">
        <ele>2244.0</ele>
      </trkpt>
      <trkpt lat="36.51827" lon="-118.39974">
        <ele>2241.0</ele>
      </trkpt>
      <trkpt lat="36.51895" lon="-118.39965">
        <ele>2239.0</ele>
      </trkpt>
      <trkpt lat="36.51972" lon="-118.39964">
        <ele>2244.0</ele>
      </trkpt>
      <trkpt lat="36.5211" lon="-118.3999">
        <ele>2261.0</ele>
      </trkpt>
      <trkpt lat="36.52133" lon="-118.39992">
        <ele>2267.0</ele>
      </trkpt>
      <trkpt lat="36.52152" lon="-118.40002">
        <ele>2267.0</ele>
      </trkpt>
      <trkpt lat="36.52166" lon="-118.40001">
        <ele>2268.0</ele>
      </trkpt>
      <trkpt lat="36.52178" lon="-118.40004">
        <ele>2268.0</ele>
      </trkpt>
      <trkpt lat="36.52209" lon="-118.40021">
        <ele>2258.0</ele>
      </trkpt>
      <trkpt lat="36.52231" lon="-118.40025">
        <ele>2258.0</ele>
      </trkpt>
      <trkpt lat="36.52246" lon="-118.40037">
        <ele>2268.0</ele>
      </trkpt>
      <trkpt lat="36.52269" lon="-118.40042">
        <ele>2257.0</ele>
      </trkpt>
      <trkpt lat="36.52301" lon="-118.40055">
        <ele>2259.0</ele>
      </trkpt>
      <trkpt lat="36.52317" lon="-118.40055">
        <ele>2259.0</ele>
      </trkpt>
      <trkpt lat="36.52359" lon="-118.40066">
        <ele>2270.0</ele>
      </trkpt>
      <trkpt lat="36.52382" lon="-118.4006">
        <ele>2274.0</ele>
      </trkpt>
      <trkpt lat="36.52434" lon="-118.40065">
        <ele>2283.0</ele>
      </trkpt>
      <trkpt lat="36.52448" lon="-118.40071">
        <ele>2264.0</ele>
      </trkpt>
      <trkpt lat="36.52469" lon="-118.40098">
        <ele>2262.0</ele>
      </trkpt>
      <trkpt lat="36.52482" lon="-118.40105">
        <ele>2262.0</ele>
      </trkpt>
      <trkpt lat="36.5252" lon="-118.40117">
        <ele>2278.0</ele>
      </trkpt>
      <trkpt lat="36.52524" lon="-118.40113">
        <ele>2278.0</ele>
      </trkpt>
      <trkpt lat="36.52527" lon="-118.40104">
        <ele>2278.0</ele>
      </trkpt>
      <trkpt lat="36.52532" lon="-118.40101">
        <ele>2278.0</ele>
      </trkpt>
      <trkpt lat="36.52555" lon="-118.4011">
        <ele>2281.0</ele>
      </trkpt>
      <trkpt lat="36.52563" lon="-118.40117">
        <ele>2281.0</ele>
      </trkpt>
      <trkpt lat="36.52597" lon="-118.4013">
        <ele>2280.0</ele>
      </trkpt>
      <trkpt lat="36.52621" lon="-118.40131">
        <ele>2284.0</ele>
      </trkpt>
      <trkpt lat="36.52635" lon="-118.40142">
        <ele>2287.0</ele>
      </trkpt>
      <trkpt lat="36.52665" lon="-118.40142">
        <ele>2291.0</ele>
      </trkpt>
      <trkpt lat="36.52683" lon="-118.40127">
        <ele>2291.0</ele>
      </trkpt>
      <trkpt lat="36.52692" lon="-118.40125">
        <ele>2295.0</ele>
      </trkpt>
      <trkpt lat="36.52701" lon="-118.40126">
        <ele>2291.0</ele>
      </trkpt>
      <trkpt lat="36.52718" lon="-118.40137">
        <ele>2289.0</ele>
      </trkpt>
      <trkpt lat="36.52729" lon="-118.4014">
        <ele>2289.0</ele>
      </trkpt>
      <trkpt lat="36.52729" lon="-118.4014">
        <ele>2289.0</ele>
      </trkpt>
      <trkpt lat="36.5274" lon="-118.40142">
        <ele>2291.0</ele>
      </trkpt>
      <trkpt lat="36.52803" lon="-118.40133">
        <ele>2291.0</ele>
      </trkpt>
      <trkpt lat="36.52833" lon="-118.40142">
        <ele>2293.0</ele>
      </trkpt>
      <trkpt lat="36.5284" lon="-118.40152">
        <ele>2293.0</ele>
      </trkpt>
      <trkpt lat="36.52862" lon="-118.40164">
        <ele>2289.0</ele>
      </trkpt>
      <trkpt lat="36.52934" lon="-118.40181">
        <ele>2282.0</ele>
      </trkpt>
      <trkpt lat="36.5295" lon="-118.40175">
        <ele>2293.0</ele>
      </trkpt>
      <trkpt lat="36.53007" lon="-118.40178">
        <ele>2291.0</ele>
      </trkpt>
      <trkpt lat="36.53017" lon="-118.40174">
        <ele>2293.0</ele>
      </trkpt>
      <trkpt lat="36.53021" lon="-118.40169">
        <ele>2293.0</ele>
      </trkpt>
      <trkpt lat="36.53032" lon="-118.40167">
        <ele>2293.0</ele>
      </trkpt>
      <trkpt lat="36.5304" lon="-118.40168">
        <ele>2293.0</ele>
      </trkpt>
      <trkpt lat="36.53048" lon="-118.40173">
        <ele>2291.0</ele>
      </trkpt>
      <trkpt lat="36.5307" lon="-118.40175">
        <ele>2296.0</ele>
      </trkpt>
      <trkpt lat="36.53097" lon="-118.40192">
        <ele>2291.0</ele>
      </trkpt>
      <trkpt lat="36.53118" lon="-118.40193">
        <ele>2295.0</ele>
      </trkpt>
      <trkpt lat="36.5313" lon="-118.40186">
        <ele>2295.0</ele>
      </trkpt>
      <trkpt lat="36.53174" lon="-118.40201">
        <ele>2299.0</ele>
      </trkpt>
      <trkpt lat="36.53212" lon="-118.40205">
        <ele>2312.0</ele>
      </trkpt>
      <trkpt lat="36.53254" lon="-118.40225">
        <ele>2309.0</ele>
      </trkpt>
      <trkpt lat="36.53267" lon="-118.40229">
        <ele>2314.0</ele>
      </trkpt>
      <trkpt lat="36.53281" lon="-118.40238">
        <ele>2303.0</ele>
      </trkpt>
      <trkpt lat="36.53307" lon="-118.40238">
        <ele>2310.0</ele>
      </trkpt>
      <trkpt lat="36.53319" lon="-118.40249">
        <ele>2310.0</ele>
      </trkpt>
      <trkpt lat="36.5335" lon="-118.4026">
        <ele>2328.0</ele>
      </trkpt>
      <trkpt lat="36.53381" lon="-118.40258">
        <ele>2331.0</ele>
      </trkpt>
      <trkpt lat="36.53396" lon="-118.4027">
        <ele>2326.0</ele>
      </trkpt>
      <trkpt lat="36.53406" lon="-118.4027">
        <ele>2325.0</ele>
      </trkpt>
      <trkpt lat="36.53416" lon="-118.40265">
        <ele>2325.0</ele>
      </trkpt>
      <trkpt lat="36.53426" lon="-118.40265">
        <ele>2325.0</ele>
      </trkpt>
      <trkpt lat="36.53478" lon="-118.40237">
        <ele>2327.0</ele>
      </trkpt>
      <trkpt lat="36.53497" lon="-118.40235">
        <ele>2334.0</ele>
      </trkpt>
      <trkpt lat="36.53526" lon="-118.40221">
        <ele>2334.0</ele>
      </trkpt>
      <trkpt lat="36.53535" lon="-118.4022">
        <ele>2334.0</ele>
      </trkpt>
      <trkpt lat="36.53582" lon="-118.40238">
        <ele>2333.0</ele>
      </trkpt>
      <trkpt lat="36.53621" lon="-118.40242">
        <ele>2331.0</ele>
      </trkpt>
      <trkpt lat="36.53637" lon="-118.40238">
        <ele>2330.0</ele>
      </trkpt>
      <trkpt lat="36.53659" lon="-118.40241">
        <ele>2333.0</ele>
      </trkpt>
      <trkpt lat="36.53686" lon="-118.4026">
        <ele>2339.0</ele>
      </trkpt>
      <trkpt lat="36.53723" lon="-118.40299">
        <ele>2333.0</ele>
      </trkpt>
      <trkpt lat="36.53766" lon="-118.40332">
        <ele>2335.0</ele>
      </trkpt>
      <trkpt lat="36.53829" lon="-118.40361">
        <ele>2337.0</ele>
      </trkpt>
      <trkpt lat="36.53858" lon="-118.40365">
        <ele>2341.0</ele>
      </trkpt>
      <trkpt lat="36.53861" lon="-118.40358">
        <ele>2341.0</ele>
      </trkpt>
      <trkpt lat="36.53869" lon="-118.40351">
        <ele>2341.0</ele>
      </trkpt>
      <trkpt lat="36.53881" lon="-118.40346">
        <ele>2353.0</ele>
      </trkpt>
      <trkpt lat="36.53896" lon="-118.40345">
        <ele>2353.0</ele>
      </trkpt>
      <trkpt lat="36.53937" lon="-118.40318">
        <ele>2349.0</ele>
      </trkpt>
      <trkpt lat="36.53954" lon="-118.40303">
        <ele>2349.0</ele>
      </trkpt>
      <trkpt lat="36.53994" lon="-118.40295">
        <ele>2343.0</ele>
      </trkpt>
      <trkpt lat="36.5405" lon="-118.40262">
        <ele>2347.0</ele>
      </trkpt>
      <trkpt lat="36.54072" lon="-118.40253">
        <ele>2348.0</ele>
      </trkpt>
      <trkpt lat="36.54138" lon="-118.40239">
        <ele>2336.0</ele>
      </trkpt>
      <trkpt lat="36.54154" lon="-118.4024">
        <ele>2335.0</ele>
      </trkpt>
      <trkpt lat="36.54161" lon="-118.40246">
        <ele>2335.0</ele>
      </trkpt>
      <trkpt lat="36.54166" lon="-118.40243">
        <ele>2335.0</ele>
      </trkpt>
      <trkpt lat="36.54172" lon="-118.40232">
        <ele>2336.0</ele>
      </trkpt>
      <trkpt lat="36.5421" lon="-118.40232">
        <ele>2339.0</ele>
      </trkpt>
      <trkpt lat="36.54234" lon="-118.40219">
        <ele>2339.0</ele>
      </trkpt>
      <trkpt lat="36.54272" lon="-118.40213">
        <ele>2336.0</ele>
      </trkpt>
      <trkpt lat="36.54308" lon="-118.40218">
        <ele>2343.0</ele>
      </trkpt>
      <trkpt lat="36.54324" lon="-118.40223">
        <ele>2350.0</ele>
      </trkpt>
      <trkpt lat="36.54346" lon="-118.40236">
        <ele>2350.0</ele>
      </trkpt>
      <trkpt lat="36.54391" lon="-118.4025">
        <ele>2356.0</ele>
      </trkpt>
      <trkpt lat="36.54463" lon="-118.40252">
        <ele>2364.0</ele>
      </trkpt>
      <trkpt lat="36.54495" lon="-118.40264">
        <ele>2361.0</ele>
      </trkpt>
      <trkpt lat="36.54495" lon="-118.40264">
        <ele>2361.0</ele>
      </trkpt>
      <trkpt lat="36.54527" lon="-118.40278">
        <ele>2362.0</ele>
      </trkpt>
      <trkpt lat="36.54563" lon="-118.40284">
        <ele>2362.0</ele>
      </trkpt>
      <trkpt lat="36.54594" lon="-118.40283">
        <ele>2358.0</ele>
      </trkpt>
      <trkpt lat="36.54607" lon="-118.40278">
        <ele>2357.0</ele>
      </trkpt>
      <trkpt lat="36.54618" lon="-118.40269">
        <ele>2357.0</ele>
      </trkpt>
      <trkpt lat="36.54663" lon="-118.40266">
        <ele>2361.0</ele>
      </trkpt>
      <trkpt lat="36.54685" lon="-118.40254">
        <ele>2369.0</ele>
      </trkpt>
      <trkpt lat="36.54697" lon="-118.40252">
        <ele>2369.0</ele>
      </trkpt>
      <trkpt lat="36.54723" lon="-118.40257">
        <ele>2373.0</ele>
      </trkpt>
      <trkpt lat="36.54741" lon="-118.40257">
        <ele>2371.0</ele>
      </trkpt>
      <trkpt lat="36.54761" lon="-118.40253">
        <ele>2371.0</ele>
      </trkpt>
      <trkpt lat="36.54808" lon="-118.40269">
        <ele>2360.0</ele>
      </trkpt>
      <trkpt lat="36.54821" lon="-118.40279">
        <ele>2362.0</ele>
      </trkpt>
      <trkpt lat="36.54858" lon="-118.40299">
        <ele>2361.0</ele>
      </trkpt>
      <trkpt lat="36.54875" lon="-118.40313">
        <ele>2361.0</ele>
      </trkpt>
      <trkpt lat="36.54889" lon="-118.40317">
        <ele>2365.0</ele>
      </trkpt>
      <trkpt lat="36.54941" lon="-118.40309">
        <ele>2372.0</ele>
      </trkpt>
      <trkpt lat="36.54979" lon="-118.40321">
        <ele>2367.0</ele>
      </trkpt>
      <trkpt lat="36.5501" lon="-118.40323">
        <ele>2371.0</ele>
      </trkpt>
      <trkpt lat="36.5504" lon="-118.40333">
        <ele>2377.0</ele>
      </trkpt>
      <trkpt lat="36.55056" lon="-118.40355">
        <ele>2379.0</ele>
      </trkpt>
      <trkpt lat="36.55068" lon="-118.40358">
        <ele>2379.0</ele>
      </trkpt>
      <trkpt lat="36.55087" lon="-118.40357">
        <ele>2383.0</ele>
      </trkpt>
      <trkpt lat="36.55114" lon="-118.40343">
        <ele>2391.0</ele>
      </trkpt>
      <trkpt lat="36.55118" lon="-118.40344">
        <ele>2391.0</ele>
      </trkpt>
      <trkpt lat="36.55158" lon="-118.40334">
        <ele>2393.0</ele>
      </trkpt>
      <trkpt lat="36.55176" lon="-118.40336">
        <ele>2393.0</ele>
      </trkpt>
      <trkpt lat="36.5519" lon="-118.40344">
        <ele>2395.0</ele>
      </trkpt>
      <trkpt lat="36.55204" lon="-118.40349">
        <ele>2388.0</ele>
      </trkpt>
      <trkpt lat="36.55213" lon="-118.40355">
        <ele>2392.0</ele>
      </trkpt>
      <trkpt lat="36.55218" lon="-118.40364">
        <ele>2392.0</ele>
      </trkpt>
      <trkpt lat="36.55235" lon="-118.40377">
        <ele>2388.0</ele>
      </trkpt>
      <trkpt lat="36.55255" lon="-118.40377">
        <ele>2392.0</ele>
      </trkpt>
      <trkpt lat="36.55274" lon="-118.4038">
        <ele>2395.0</ele>
      </trkpt>
      <trkpt lat="36.55301" lon="-118.40363">
        <ele>2403.0</ele>
      </trkpt>
      <trkpt lat="36.55326" lon="-118.40357">
        <ele>2403.0</ele>
      </trkpt>
      <trkpt lat="36.5534" lon="-118.40346">
        <ele>2408.0</ele>
      </trkpt>
      <trkpt lat="36.55387" lon="-118.4033">
        <ele>2396.0</ele>
      </trkpt>
      <trkpt lat="36.55411" lon="-118.40327">
        <ele>2395.0</ele>
      </trkpt>
      <trkpt lat="36.55446" lon="-118.40316">
        <ele>2401.0</ele>
      </trkpt>
      <trkpt lat="36.55478" lon="-118.40324">
        <ele>2397.0</ele>
      </trkpt>
      <trkpt lat="36.55501" lon="-118.40334">
        <ele>2396.0</ele>
      </trkpt>
      <trkpt lat="36.55548" lon="-118.40342">
        <ele>2399.0</ele>
      </trkpt>
      <trkpt lat="36.55567" lon="-118.40354">
        <ele>2399.0</ele>
      </trkpt>
      <trkpt lat="36.55575" lon="-118.40353">
        <ele>2398.0</ele>
      </trkpt>
      <trkpt lat="36.55612" lon="-118.40363">
        <ele>2398.0</ele>
      </trkpt>
      <trkpt lat="36.55626" lon="-118.4037">
        <ele>2399.0</ele>
      </trkpt>
      <trkpt lat="36.55637" lon="-118.40379">
        <ele>2402.0</ele>
      </trkpt>
      <trkpt lat="36.55656" lon="-118.40389">
        <ele>2409.0</ele>
      </trkpt>
      <trkpt lat="36.55718" lon="-118.40395">
        <ele>2411.0</ele>
      </trkpt>
      <trkpt lat="36.5573" lon="-118.40389">
        <ele>2411.0</ele>
      </trkpt>
      <trkpt lat="36.55741" lon="-118.40388">
        <ele>2414.0</ele>
      </trkpt>
      <trkpt lat="36.55784" lon="-118.40396">
        <ele>2414.0</ele>
      </trkpt>
      <trkpt lat="36.55825" lon="-118.40379">
        <ele>2416.0</ele>
      </trkpt>
      <trkpt lat="36.5587" lon="-118.40397">
        <ele>2419.0</ele>
      </trkpt>
      <trkpt lat="36.5592" lon="-118.404">
        <ele>2422.0</ele>
      </trkpt>
      <trkpt lat="36.55962" lon="-118.40399">
        <ele>2428.0</ele>
      </trkpt>
      <trkpt lat="36.55984636922028" lon="-118.4039300787358">
        <ele>2428.0</ele>
      </trkpt>
      <trkpt lat="36.55984636938674" lon="-118.4039300787358">
        <ele>2428.0</ele>
      </trkpt>
      <trkpt lat="36.55996" lon="-118.4039">
        <ele>2434.0</ele>
      </trkpt>
      <trkpt lat="36.56049" lon="-118.40391">
        <ele>2438.0</ele>
      </trkpt>
      <trkpt lat="36.56087" lon="-118.40382">
        <ele>2436.0</ele>
      </trkpt>
      <trkpt lat="36.5615" lon="-118.40388">
        <ele>2435.0</ele>
      </trkpt>
      <trkpt lat="36.56157" lon="-118.40386">
        <ele>2434.0</ele>
      </trkpt>
      <trkpt lat="36.56174" lon="-118.40393">
        <ele>2434.0</ele>
      </trkpt>
      <trkpt lat="36.56182" lon="-118.40391">
        <ele>2433.0</ele>
      </trkpt>
      <trkpt lat="36.5626" lon="-118.40434">
        <ele>2430.0</ele>
      </trkpt>
      <trkpt lat="36.5626" lon="-118.40434">
        <ele>2430.0</ele>
      </trkpt>
      <trkpt lat="36.56271" lon="-118.40437">
        <ele>2433.0</ele>
      </trkpt>
      <trkpt lat="36.56287" lon="-118.40454">
        <ele>2433.0</ele>
      </trkpt>
      <trkpt lat="36.56297" lon="-118.40478">
        <ele>2437.0</ele>
      </trkpt>
      <trkpt lat="36.56318" lon="-118.40502">
        <ele>2437.0</ele>
      </trkpt>
      <trkpt lat="36.56331" lon="-118.4051">
        <ele>2435.0</ele>
      </trkpt>
      <trkpt lat="36.56337" lon="-118.40519">
        <ele>2435.0</ele>
      </trkpt>
      <trkpt lat="36.56348" lon="-118.40519">
        <ele>2434.0</ele>
      </trkpt>
      <trkpt lat="36.56357" lon="-118.40527">
        <ele>2434.0</ele>
      </trkpt>
      <trkpt lat="36.56371" lon="-118.4053">
        <ele>2434.0</ele>
      </trkpt>
      <trkpt lat="36.56395" lon="-118.40527">
        <ele>2438.0</ele>
      </trkpt>
      <trkpt lat="36.56438" lon="-118.40511">
        <ele>2440.0</ele>
      </trkpt>
      <trkpt lat="36.56464" lon="-118.4051">
        <ele>2438.0</ele>
      </trkpt>
      <trkpt lat="36.56504" lon="-118.40516">
        <ele>2435.0</ele>
      </trkpt>
      <trkpt lat="36.5655" lon="-118.4053">
        <ele>2437.0</ele>
      </trkpt>
      <trkpt lat="36.56582" lon="-118.40528">
        <ele>2436.0</ele>
      </trkpt>
      <trkpt lat="36.56616" lon="-118.40534">
        <ele>2433.0</ele>
      </trkpt>
      <trkpt lat="36.56661" lon="-118.40573">
        <ele>2438.0</ele>
      </trkpt>
      <trkpt lat="36.56666" lon="-118.4058">
        <ele>2438.0</ele>
      </trkpt>
      <trkpt lat="36.567" lon="-118.40585">
        <ele>2437.0</ele>
      </trkpt>
      <trkpt lat="36.56709" lon="-118.40582">
        <ele>2442.0</ele>
      </trkpt>
      <trkpt lat="36.5673" lon="-118.40569">
        <ele>2448.0</ele>
      </trkpt>
      <trkpt lat="36.56746" lon="-118.40573">
        <ele>2444.0</ele>
      </trkpt>
      <trkpt lat="36.56796" lon="-118.4063">
        <ele>2432.0</ele>
      </trkpt>
      <trkpt lat="36.56888" lon="-118.40645">
        <ele>2439.0</ele>
      </trkpt>
      <trkpt lat="36.56931" lon="-118.40657">
        <ele>2441.0</ele>
      </trkpt>
      <trkpt lat="36.56953" lon="-118.4067">
        <ele>2441.0</ele>
      </trkpt>
      <trkpt lat="36.56981" lon="-118.40693">
        <ele>2440.0</ele>
      </trkpt>
      <trkpt lat="36.57012" lon="-118.4071">
        <ele>2437.0</ele>
      </trkpt>
      <trkpt lat="36.57024" lon="-118.40716">
        <ele>2442.0</ele>
      </trkpt>
      <trkpt lat="36.57043" lon="-118.40716">
        <ele>2445.0</ele>
      </trkpt>
      <trkpt lat="36.57068" lon="-118.40732">
        <ele>2445.0</ele>
      </trkpt>
      <trkpt lat="36.57126" lon="-118.40789">
        <ele>2445.0</ele>
      </trkpt>
      <trkpt lat="36.57191" lon="-118.40832">
        <ele>2453.0</ele>
      </trkpt>
      <trkpt lat="36.57219" lon="-118.40866">
        <ele>2450.0</ele>
      </trkpt>
      <trkpt lat="36.57243" lon="-118.40883">
        <ele>2442.0</ele>
      </trkpt>
      <trkpt lat="36.57262" lon="-118.40892">
        <ele>2442.0</ele>
      </trkpt>
      <trkpt lat="36.57314" lon="-118.40895">
        <ele>2449.0</ele>
      </trkpt>
      <trkpt lat="36.5735" lon="-118.40917">
        <ele>2448.0</ele>
      </trkpt>
      <trkpt lat="36.57368" lon="-118.40933">
        <ele>2445.0</ele>
      </trkpt>
      <trkpt lat="36.57453" lon="-118.40976">
        <ele>2445.0</ele>
      </trkpt>
      <trkpt lat="36.57457" lon="-118.40984">
        <ele>2445.0</ele>
      </trkpt>
      <trkpt lat="36.57486" lon="-118.41015">
        <ele>2439.0</ele>
      </trkpt>
      <trkpt lat="36.57506" lon="-118.41044">
        <ele>2436.0</ele>
      </trkpt>
      <trkpt lat="36.57516" lon="-118.41064">
        <ele>2445.0</ele>
      </trkpt>
      <trkpt lat="36.57516" lon="-118.41064">
        <ele>2445.0</ele>
      </trkpt>
      <trkpt lat="36.57531" lon="-118.41089">
        <ele>2443.0</ele>
      </trkpt>
      <trkpt lat="36.57542" lon="-118.41096">
        <ele>2447.0</ele>
      </trkpt>
      <trkpt lat="36.57568" lon="-118.41105">
        <ele>2448.0</ele>
      </trkpt>
      <trkpt lat="36.57576" lon="-118.41113">
        <ele>2449.0</ele>
      </trkpt>
      <trkpt lat="36.57578" lon="-118.41128">
        <ele>2452.0</ele>
      </trkpt>
      <trkpt lat="36.57575" lon="-118.41141">
        <ele>2452.0</ele>
      </trkpt>
      <trkpt lat="36.57581" lon="-118.41174">
        <ele>2456.0</ele>
      </trkpt>
      <trkpt lat="36.57599" lon="-118.41204">
        <ele>2454.0</ele>
      </trkpt>
      <trkpt lat="36.57601" lon="-118.41216">
        <ele>2456.0</ele>
      </trkpt>
      <trkpt lat="36.57617" lon="-118.41235">
        <ele>2456.0</ele>
      </trkpt>
      <trkpt lat="36.57637" lon="-118.41248">
        <ele>2457.0</ele>
      </trkpt>
      <trkpt lat="36.57644" lon="-118.41264">
        <ele>2459.0</ele>
      </trkpt>
      <trkpt lat="36.57646" lon="-118.41278">
        <ele>2459.0</ele>
      </trkpt>
      <trkpt lat="36.57671" lon="-118.41312">
        <ele>2457.0</ele>
      </trkpt>
      <trkpt lat="36.57694" lon="-118.41328">
        <ele>2456.0</ele>
      </trkpt>
      <trkpt lat="36.57699" lon="-118.41351">
        <ele>2457.0</ele>
      </trkpt>
      <trkpt lat="36.57708" lon="-118.41361">
        <ele>2457.0</ele>
      </trkpt>
      <trkpt lat="36.57757" lon="-118.41387">
        <ele>2455.0</ele>
      </trkpt>
      <trkpt lat="36.57773" lon="-118.41392">
        <ele>2456.0</ele>
      </trkpt>
      <trkpt lat="36.57845" lon="-118.41433">
        <ele>2457.0</ele>
      </trkpt>
      <trkpt lat="36.57869" lon="-118.41437">
        <ele>2461.0</ele>
      </trkpt>
      <trkpt lat="36.57869" lon="-118.41437">
        <ele>2461.0</ele>
      </trkpt>
      <trkpt lat="36.57869" lon="-118.41437">
        <ele>2461.0</ele>
      </trkpt>
      <trkpt lat="36.57885" lon="-118.41432">
        <ele>2459.0</ele>
      </trkpt>
      <trkpt lat="36.57939" lon="-118.41427">
        <ele>2455.0</ele>
      </trkpt>
      <trkpt lat="36.57949" lon="-118.41423">
        <ele>2455.0</ele>
      </trkpt>
      <trkpt lat="36.57963" lon="-118.41427">
        <ele>2460.0</ele>
      </trkpt>
      <trkpt lat="36.5797" lon="-118.41422">
        <ele>2460.0</ele>
      </trkpt>
      <trkpt lat="36.57984" lon="-118.41423">
        <ele>2460.0</ele>
      </trkpt>
      <trkpt lat="36.58008" lon="-118.41413">
        <ele>2462.0</ele>
      </trkpt>
      <trkpt lat="36.58025" lon="-118.41399">
        <ele>2467.0</ele>
      </trkpt>
      <trkpt lat="36.58025" lon="-118.41399">
        <ele>2467.0</ele>
      </trkpt>
      <trkpt lat="36.5804" lon="-118.41385">
        <ele>2467.0</ele>
      </trkpt>
      <trkpt lat="36.5805" lon="-118.41383">
        <ele>2472.0</ele>
      </trkpt>
      <trkpt lat="36.58073" lon="-118.41385">
        <ele>2478.0</ele>
      </trkpt>
      <trkpt lat="36.58076" lon="-118.4139">
        <ele>2478.0</ele>
      </trkpt>
      <trkpt lat="36.58086" lon="-118.41393">
        <ele>2478.0</ele>
      </trkpt>
      <trkpt lat="36.58109" lon="-118.41395">
        <ele>2482.0</ele>
      </trkpt>
      <trkpt lat="36.58128" lon="-118.41413">
        <ele>2484.0</ele>
      </trkpt>
      <trkpt lat="36.58137" lon="-118.41415">
        <ele>2484.0</ele>
      </trkpt>
      <trkpt lat="36.58148" lon="-118.41427">
        <ele>2484.0</ele>
      </trkpt>
      <trkpt lat="36.58154" lon="-118.41428">
        <ele>2494.0</ele>
      </trkpt>
      <trkpt lat="36.58167" lon="-118.41408">
        <ele>2494.0</ele>
      </trkpt>
      <trkpt lat="36.58174" lon="-118.41404">
        <ele>2494.0</ele>
      </trkpt>
      <trkpt lat="36.58175" lon="-118.41397">
        <ele>2496.0</ele>
      </trkpt>
      <trkpt lat="36.5818" lon="-118.41401">
        <ele>2496.0</ele>
      </trkpt>
      <trkpt lat="36.58183" lon="-118.41412">
        <ele>2500.0</ele>
      </trkpt>
      <trkpt lat="36.58197" lon="-118.41409">
        <ele>2500.0</ele>
      </trkpt>
      <trkpt lat="36.58206" lon="-118.41414">
        <ele>2500.0</ele>
      </trkpt>
      <trkpt lat="36.58212" lon="-118.41425">
        <ele>2509.0</ele>
      </trkpt>
      <trkpt lat="36.58218" lon="-118.41429">
        <ele>2509.0</ele>
      </trkpt>
      <trkpt lat="36.58247" lon="-118.41431">
        <ele>2512.0</ele>
      </trkpt>
      <trkpt lat="36.58259" lon="-118.41423">
        <ele>2515.0</ele>
      </trkpt>
      <trkpt lat="36.58275" lon="-118.41405">
        <ele>2518.0</ele>
      </trkpt>
      <trkpt lat="36.58287" lon="-118.41409">
        <ele>2518.0</ele>
      </trkpt>
      <trkpt lat="36.58305" lon="-118.41421">
        <ele>2518.0</ele>
      </trkpt>
      <trkpt lat="36.58338" lon="-118.4143">
        <ele>2524.0</ele>
      </trkpt>
      <trkpt lat="36.58339" lon="-118.41426">
        <ele>2524.0</ele>
      </trkpt>
      <trkpt lat="36.58337" lon="-118.41425">
        <ele>2524.0</ele>
      </trkpt>
      <trkpt lat="36.58329" lon="-118.41394">
        <ele>2531.0</ele>
      </trkpt>
      <trkpt lat="36.58327" lon="-118.41372">
        <ele>2537.0</ele>
      </trkpt>
      <trkpt lat="36.5832" lon="-118.41348">
        <ele>2537.0</ele>
      </trkpt>
      <trkpt lat="36.5832" lon="-118.4134">
        <ele>2543.0</ele>
      </trkpt>
      <trkpt lat="36.58322" lon="-118.41337">
        <ele>2543.0</ele>
      </trkpt>
      <trkpt lat="36.58326" lon="-118.41338">
        <ele>2543.0</ele>
      </trkpt>
      <trkpt lat="36.58338" lon="-118.41348">
        <ele>2537.0</ele>
      </trkpt>
      <trkpt lat="36.58351" lon="-118.41353">
        <ele>2545.0</ele>
      </trkpt>
      <trkpt lat="36.58394" lon="-118.41381">
        <ele>2545.0</ele>
      </trkpt>
      <trkpt lat="36.5841" lon="-118.41386">
        <ele>2555.0</ele>
      </trkpt>
      <trkpt lat="36.5843" lon="-118.41405">
        <ele>2550.0</ele>
      </trkpt>
      <trkpt lat="36.58467" lon="-118.4142">
        <ele>2565.0</ele>
      </trkpt>
      <trkpt lat="36.58498" lon="-118.41447">
        <ele>2566.0</ele>
      </trkpt>
      <trkpt lat="36.58506" lon="-118.41445">
        <ele>2566.0</ele>
      </trkpt>
      <trkpt lat="36.58493" lon="-118.41393">
        <ele>2575.0</ele>
      </trkpt>
      <trkpt lat="36.58486" lon="-118.41379">
        <ele>2570.0</ele>
      </trkpt>
      <trkpt lat="36.58488" lon="-118.41376">
        <ele>2575.0</ele>
      </trkpt>
      <trkpt lat="36.58496" lon="-118.41378">
        <ele>2575.0</ele>
      </trkpt>
      <trkpt lat="36.58515" lon="-118.41389">
        <ele>2580.0</ele>
      </trkpt>
      <trkpt lat="36.58546" lon="-118.41414">
        <ele>2586.0</ele>
      </trkpt>
      <trkpt lat="36.5858" lon="-118.41429">
        <ele>2594.0</ele>
      </trkpt>
      <trkpt lat="36.58595" lon="-118.41439">
        <ele>2591.0</ele>
      </trkpt>
      <trkpt lat="36.58615" lon="-118.41435">
        <ele>2594.0</ele>
      </trkpt>
      <trkpt lat="36.58652" lon="-118.41449">
        <ele>2604.0</ele>
      </trkpt>
      <trkpt lat="36.58673" lon="-118.41464">
        <ele>2606.0</ele>
      </trkpt>
      <trkpt lat="36.58692" lon="-118.41488">
        <ele>2610.0</ele>
      </trkpt>
      <trkpt lat="36.5871" lon="-118.41492">
        <ele>2619.0</ele>
      </trkpt>
      <trkpt lat="36.58715" lon="-118.41495">
        <ele>2619.0</ele>
      </trkpt>
      <trkpt lat="36.5872" lon="-118.4151">
        <ele>2619.0</ele>
      </trkpt>
      <trkpt lat="36.58725" lon="-118.41514">
        <ele>2616.0</ele>
      </trkpt>
      <trkpt lat="36.58733" lon="-118.41512">
        <ele>2619.0</ele>
      </trkpt>
      <trkpt lat="36.58741" lon="-118.415">
        <ele>2626.0</ele>
      </trkpt>
      <trkpt lat="36.58738" lon="-118.41474">
        <ele>2631.0</ele>
      </trkpt>
      <trkpt lat="36.58732" lon="-118.41463">
        <ele>2622.0</ele>
      </trkpt>
      <trkpt lat="36.58733" lon="-118.41452">
        <ele>2624.0</ele>
      </trkpt>
      <trkpt lat="36.5874" lon="-118.41455">
        <ele>2636.0</ele>
      </trkpt>
      <trkpt lat="36.58765" lon="-118.41456">
        <ele>2640.0</ele>
      </trkpt>
      <trkpt lat="36.5878" lon="-118.41465">
        <ele>2634.0</ele>
      </trkpt>
      <trkpt lat="36.58789" lon="-118.41465">
        <ele>2634.0</ele>
      </trkpt>
      <trkpt lat="36.58807" lon="-118.41471">
        <ele>2638.0</ele>
      </trkpt>
      <trkpt lat="36.58869" lon="-118.4151">
        <ele>2643.0</ele>
      </trkpt>
      <trkpt lat="36.58892" lon="-118.41512">
        <ele>2649.0</ele>
      </trkpt>
      <trkpt lat="36.58921" lon="-118.41531">
        <ele>2650.0</ele>
      </trkpt>
      <trkpt lat="36.58938" lon="-118.41533">
        <ele>2660.0</ele>
      </trkpt>
      <trkpt lat="36.58967" lon="-118.4153">
        <ele>2666.0</ele>
      </trkpt>
      <trkpt lat="36.58974103341945" lon="-118.4153177583549">
        <ele>2666.0</ele>
      </trkpt>
      <trkpt lat="36.58974103342359" lon="-118.4153177583548">
        <ele>2666.0</ele>
      </trkpt>
      <trkpt lat="36.58975" lon="-118.41532">
        <ele>2666.0</ele>
      </trkpt>
      <trkpt lat="36.5898" lon="-118.41534">
        <ele>2666.0</ele>
      </trkpt>
      <trkpt lat="36.58988" lon="-118.41557">
        <ele>2663.0</ele>
      </trkpt>
      <trkpt lat="36.58995" lon="-118.41565">
        <ele>2663.0</ele>
      </trkpt>
      <trkpt lat="36.59036" lon="-118.41577">
        <ele>2661.0</ele>
      </trkpt>
      <trkpt lat="36.5905" lon="-118.41577">
        <ele>2669.0</ele>
      </trkpt>
      <trkpt lat="36.59066" lon="-118.41584">
        <ele>2669.0</ele>
      </trkpt>
      <trkpt lat="36.59082" lon="-118.41598">
        <ele>2668.0</ele>
      </trkpt>
      <trkpt lat="36.59095" lon="-118.4162">
        <ele>2668.0</ele>
      </trkpt>
      <trkpt lat="36.59144" lon="-118.4166">
        <ele>2678.0</ele>
      </trkpt>
      <trkpt lat="36.59176" lon="-118.4167">
        <ele>2682.0</ele>
      </trkpt>
      <trkpt lat="36.59185" lon="-118.41669">
        <ele>2688.0</ele>
      </trkpt>
      <trkpt lat="36.59204" lon="-118.41672">
        <ele>2688.0</ele>
      </trkpt>
      <trkpt lat="36.59205" lon="-118.4167">
        <ele>2688.0</ele>
      </trkpt>
      <trkpt lat="36.59205" lon="-118.4167">
        <ele>2688.0</ele>
      </trkpt>
      <trkpt lat="36.59205" lon="-118.4167">
        <ele>2688.0</ele>
      </trkpt>
      <trkpt lat="36.59191" lon="-118.41657">
        <ele>2688.0</ele>
      </trkpt>
      <trkpt lat="36.59183" lon="-118.4163">
        <ele>2693.0</ele>
      </trkpt>
      <trkpt lat="36.59136" lon="-118.41554">
        <ele>2695.0</ele>
      </trkpt>
      <trkpt lat="36.59134" lon="-118.41542">
        <ele>2695.0</ele>
      </trkpt>
      <trkpt lat="36.59129" lon="-118.41534">
        <ele>2704.0</ele>
      </trkpt>
      <trkpt lat="36.59109" lon="-118.41521">
        <ele>2700.0</ele>
      </trkpt>
      <trkpt lat="36.59066" lon="-118.41457">
        <ele>2717.0</ele>
      </trkpt>
      <trkpt lat="36.5903" lon="-118.41412">
        <ele>2717.0</ele>
      </trkpt>
      <trkpt lat="36.59016" lon="-118.41402">
        <ele>2727.0</ele>
      </trkpt>
      <trkpt lat="36.59001" lon="-118.4137">
        <ele>2726.0</ele>
      </trkpt>
      <trkpt lat="36.58978" lon="-118.41345">
        <ele>2728.0</ele>
      </trkpt>
      <trkpt lat="36.5896" lon="-118.41317">
        <ele>2742.0</ele>
      </trkpt>
      <trkpt lat="36.58946" lon="-118.41304">
        <ele>2726.0</ele>
      </trkpt>
      <trkpt lat="36.58916" lon="-118.41261">
        <ele>2740.0</ele>
      </trkpt>
      <trkpt lat="36.58885" lon="-118.41223">
        <ele>2740.0</ele>
      </trkpt>
      <trkpt lat="36.58865" lon="-118.41192">
        <ele>2737.0</ele>
      </trkpt>
      <trkpt lat="36.5882" lon="-118.4109">
        <ele>2762.0</ele>
      </trkpt>
      <trkpt lat="36.58818" lon="-118.41078">
        <ele>2739.0</ele>
      </trkpt>
      <trkpt lat="36.58812" lon="-118.41064">
        <ele>2752.0</ele>
      </trkpt>
      <trkpt lat="36.58812" lon="-118.41064">
        <ele>2752.0</ele>
      </trkpt>
      <trkpt lat="36.588" lon="-118.41033">
        <ele>2766.0</ele>
      </trkpt>
      <trkpt lat="36.58792" lon="-118.41016">
        <ele>2766.0</ele>
      </trkpt>
      <trkpt lat="36.58785" lon="-118.41007">
        <ele>2761.0</ele>
      </trkpt>
      <trkpt lat="36.58782" lon="-118.41">
        <ele>2761.0</ele>
      </trkpt>
      <trkpt lat="36.58783" lon="-118.40996">
        <ele>2761.0</ele>
      </trkpt>
      <trkpt lat="36.58768" lon="-118.40967">
        <ele>2771.0</ele>
      </trkpt>
      <trkpt lat="36.58759" lon="-118.40956">
        <ele>2764.0</ele>
      </trkpt>
      <trkpt lat="36.58755" lon="-118.40928">
        <ele>2778.0</ele>
      </trkpt>
      <trkpt lat="36.58732" lon="-118.40898">
        <ele>2773.0</ele>
      </trkpt>
      <trkpt lat="36.58724" lon="-118.40891">
        <ele>2773.0</ele>
      </trkpt>
      <trkpt lat="36.58703" lon="-118.40858">
        <ele>2766.0</ele>
      </trkpt>
      <trkpt lat="36.587" lon="-118.40839">
        <ele>2771.0</ele>
      </trkpt>
      <trkpt lat="36.58684" lon="-118.40796">
        <ele>2781.0</ele>
      </trkpt>
      <trkpt lat="36.5867" lon="-118.40775">
        <ele>2779.0</ele>
      </trkpt>
      <trkpt lat="36.58654" lon="-118.40757">
        <ele>2791.0</ele>
      </trkpt>
      <trkpt lat="36.58632" lon="-118.40684">
        <ele>2800.0</ele>
      </trkpt>
      <trkpt lat="36.58622" lon="-118.40669">
        <ele>2801.0</ele>
      </trkpt>
      <trkpt lat="36.5861" lon="-118.40662">
        <ele>2801.0</ele>
      </trkpt>
      <trkpt lat="36.58578" lon="-118.40632">
        <ele>2800.0</ele>
      </trkpt>
      <trkpt lat="36.58574" lon="-118.4061">
        <ele>2811.0</ele>
      </trkpt>
      <trkpt lat="36.58563" lon="-118.40594">
        <ele>2800.0</ele>
      </trkpt>
      <trkpt lat="36.58553" lon="-118.40587">
        <ele>2800.0</ele>
      </trkpt>
      <trkpt lat="36.58534" lon="-118.4056">
        <ele>2793.0</ele>
      </trkpt>
      <trkpt lat="36.58526" lon="-118.40536">
        <ele>2803.0</ele>
      </trkpt>
      <trkpt lat="36.58512" lon="-118.40516">
        <ele>2793.0</ele>
      </trkpt>
      <trkpt lat="36.58484" lon="-118.40467">
        <ele>2804.0</ele>
      </trkpt>
      <trkpt lat="36.58463" lon="-118.40413">
        <ele>2819.0</ele>
      </trkpt>
      <trkpt lat="36.58464" lon="-118.40361">
        <ele>2836.0</ele>
      </trkpt>
      <trkpt lat="36.5846" lon="-118.40348">
        <ele>2836.0</ele>
      </trkpt>
      <trkpt lat="36.58454" lon="-118.40341">
        <ele>2831.0</ele>
      </trkpt>
      <trkpt lat="36.58443" lon="-118.40338">
        <ele>2831.0</ele>
      </trkpt>
      <trkpt lat="36.58436" lon="-118.40329">
        <ele>2831.0</ele>
      </trkpt>
      <trkpt lat="36.58432" lon="-118.40304">
        <ele>2831.0</ele>
      </trkpt>
      <trkpt lat="36.5844" lon="-118.40272">
        <ele>2828.0</ele>
      </trkpt>
      <trkpt lat="36.58444" lon="-118.4027">
        <ele>2828.0</ele>
      </trkpt>
      <trkpt lat="36.58453" lon="-118.40253">
        <ele>2822.0</ele>
      </trkpt>
      <trkpt lat="36.58475" lon="-118.40228">
        <ele>2825.0</ele>
      </trkpt>
      <trkpt lat="36.58485" lon="-118.40219">
        <ele>2825.0</ele>
      </trkpt>
      <trkpt lat="36.585" lon="-118.40215">
        <ele>2841.0</ele>
      </trkpt>
      <trkpt lat="36.5852" lon="-118.40203">
        <ele>2848.0</ele>
      </trkpt>
      <trkpt lat="36.58544" lon="-118.40168">
        <ele>2856.0</ele>
      </trkpt>
      <trkpt lat="36.58548" lon="-118.40142">
        <ele>2852.0</ele>
      </trkpt>
      <trkpt lat="36.58559" lon="-118.40123">
        <ele>2848.0</ele>
      </trkpt>
      <trkpt lat="36.58569" lon="-118.4011">
        <ele>2848.0</ele>
      </trkpt>
      <trkpt lat="36.58575" lon="-118.40107">
        <ele>2857.0</ele>
      </trkpt>
      <trkpt lat="36.58603" lon="-118.40061">
        <ele>2866.0</ele>
      </trkpt>
      <trkpt lat="36.5861" lon="-118.4003">
        <ele>2865.0</ele>
      </trkpt>
      <trkpt lat="36.58621" lon="-118.40005">
        <ele>2864.0</ele>
      </trkpt>
      <trkpt lat="36.58622" lon="-118.39992">
        <ele>2864.0</ele>
      </trkpt>
      <trkpt lat="36.5862" lon="-118.39969">
        <ele>2862.0</ele>
      </trkpt>
      <trkpt lat="36.58622" lon="-118.39946">
        <ele>2860.0</ele>
      </trkpt>
      <trkpt lat="36.58617" lon="-118.39933">
        <ele>2860.0</ele>
      </trkpt>
      <trkpt lat="36.5862" lon="-118.39922">
        <ele>2859.0</ele>
      </trkpt>
      <trkpt lat="36.58624" lon="-118.39919">
        <ele>2859.0</ele>
      </trkpt>
      <trkpt lat="36.58623" lon="-118.39912">
        <ele>2859.0</ele>
      </trkpt>
      <trkpt lat="36.58643" lon="-118.39878">
        <ele>2871.0</ele>
      </trkpt>
      <trkpt lat="36.58647" lon="-118.39866">
        <ele>2868.0</ele>
      </trkpt>
      <trkpt lat="36.58647" lon="-118.3985">
        <ele>2868.0</ele>
      </trkpt>
      <trkpt lat="36.58653" lon="-118.39832">
        <ele>2881.0</ele>
      </trkpt>
      <trkpt lat="36.58677" lon="-118.39797">
        <ele>2878.0</ele>
      </trkpt>
      <trkpt lat="36.58706" lon="-118.39769">
        <ele>2880.0</ele>
      </trkpt>
      <trkpt lat="36.58718" lon="-118.39764">
        <ele>2886.0</ele>
      </trkpt>
      <trkpt lat="36.5873" lon="-118.39751">
        <ele>2889.0</ele>
      </trkpt>
      <trkpt lat="36.5874" lon="-118.39749">
        <ele>2897.0</ele>
      </trkpt>
      <trkpt lat="36.58762" lon="-118.39721">
        <ele>2895.0</ele>
      </trkpt>
      <trkpt lat="36.58774" lon="-118.39718">
        <ele>2901.0</ele>
      </trkpt>
      <trkpt lat="36.58781" lon="-118.3971">
        <ele>2901.0</ele>
      </trkpt>
      <trkpt lat="36.58805" lon="-118.39659">
        <ele>2907.0</ele>
      </trkpt>
      <trkpt lat="36.5881" lon="-118.39654">
        <ele>2907.0</ele>
      </trkpt>
      <trkpt lat="36.58813" lon="-118.39642">
        <ele>2907.0</ele>
      </trkpt>
      <trkpt lat="36.58821" lon="-118.39628">
        <ele>2916.0</ele>
      </trkpt>
      <trkpt lat="36.58822" lon="-118.39615">
        <ele>2914.0</ele>
      </trkpt>
      <trkpt lat="36.58855" lon="-118.39559">
        <ele>2921.0</ele>
      </trkpt>
      <trkpt lat="36.5887" lon="-118.39547">
        <ele>2921.0</ele>
      </trkpt>
      <trkpt lat="36.58886" lon="-118.39542">
        <ele>2931.0</ele>
      </trkpt>
      <trkpt lat="36.58894" lon="-118.39536">
        <ele>2925.0</ele>
      </trkpt>
      <trkpt lat="36.58902" lon="-118.39535">
        <ele>2925.0</ele>
      </trkpt>
      <trkpt lat="36.58913" lon="-118.39518">
        <ele>2935.0</ele>
      </trkpt>
      <trkpt lat="36.58914" lon="-118.39498">
        <ele>2932.0</ele>
      </trkpt>
      <trkpt lat="36.58917" lon="-118.3949">
        <ele>2932.0</ele>
      </trkpt>
      <trkpt lat="36.58924" lon="-118.39483">
        <ele>2936.0</ele>
      </trkpt>
      <trkpt lat="36.5892" lon="-118.39483">
        <ele>2936.0</ele>
      </trkpt>
      <trkpt lat="36.58922" lon="-118.3948">
        <ele>2936.0</ele>
      </trkpt>
      <trkpt lat="36.58919" lon="-118.3948">
        <ele>2936.0</ele>
      </trkpt>
      <trkpt lat="36.58923" lon="-118.39472">
        <ele>2936.0</ele>
      </trkpt>
      <trkpt lat="36.58928" lon="-118.39471">
        <ele>2936.0</ele>
      </trkpt>
      <trkpt lat="36.58944" lon="-118.39429">
        <ele>2948.0</ele>
      </trkpt>
      <trkpt lat="36.58942" lon="-118.3942">
        <ele>2948.0</ele>
      </trkpt>
      <trkpt lat="36.58945" lon="-118.39404">
        <ele>2948.0</ele>
      </trkpt>
      <trkpt lat="36.58949" lon="-118.3933">
        <ele>2950.0</ele>
      </trkpt>
      <trkpt lat="36.58966" lon="-118.39293">
        <ele>2959.0</ele>
      </trkpt>
      <trkpt lat="36.58972" lon="-118.39265">
        <ele>2962.0</ele>
      </trkpt>
      <trkpt lat="36.58973" lon="-118.39235">
        <ele>2971.0</ele>
      </trkpt>
      <trkpt lat="36.58978" lon="-118.39223">
        <ele>2971.0</ele>
      </trkpt>
      <trkpt lat="36.58976" lon="-118.39208">
        <ele>2975.0</ele>
      </trkpt>
      <trkpt lat="36.58979" lon="-118.39203">
        <ele>2975.0</ele>
      </trkpt>
      <trkpt lat="36.58983" lon="-118.39205">
        <ele>2975.0</ele>
      </trkpt>
      <trkpt lat="36.58995" lon="-118.39224">
        <ele>2979.0</ele>
      </trkpt>
      <trkpt lat="36.58998" lon="-118.39222">
        <ele>2979.0</ele>
      </trkpt>
      <trkpt lat="36.58998" lon="-118.39202">
        <ele>2976.0</ele>
      </trkpt>
      <trkpt lat="36.59003" lon="-118.39196">
        <ele>2976.0</ele>
      </trkpt>
      <trkpt lat="36.59011" lon="-118.3919">
        <ele>2976.0</ele>
      </trkpt>
      <trkpt lat="36.59017" lon="-118.39178">
        <ele>2991.0</ele>
      </trkpt>
      <trkpt lat="36.59026" lon="-118.39133">
        <ele>2993.0</ele>
      </trkpt>
      <trkpt lat="36.59024" lon="-118.39097">
        <ele>3000.0</ele>
      </trkpt>
      <trkpt lat="36.59027" lon="-118.39069">
        <ele>3008.0</ele>
      </trkpt>
      <trkpt lat="36.59025" lon="-118.39054">
        <ele>3008.0</ele>
      </trkpt>
      <trkpt lat="36.59018" lon="-118.39045">
        <ele>3008.0</ele>
      </trkpt>
      <trkpt lat="36.59015" lon="-118.39036">
        <ele>3015.0</ele>
      </trkpt>
      <trkpt lat="36.59001" lon="-118.39025">
        <ele>3001.0</ele>
      </trkpt>
      <trkpt lat="36.58998" lon="-118.39017">
        <ele>3001.0</ele>
      </trkpt>
      <trkpt lat="36.59" lon="-118.38987">
        <ele>3007.0</ele>
      </trkpt>
      <trkpt lat="36.59009" lon="-118.38969">
        <ele>3009.0</ele>
      </trkpt>
      <trkpt lat="36.59011" lon="-118.38954">
        <ele>3010.0</ele>
      </trkpt>
      <trkpt lat="36.5901" lon="-118.38932">
        <ele>3010.0</ele>
      </trkpt>
      <trkpt lat="36.59004" lon="-118.3892">
        <ele>3011.0</ele>
      </trkpt>
      <trkpt lat="36.59003" lon="-118.38904">
        <ele>3011.0</ele>
      </trkpt>
      <trkpt lat="36.59006" lon="-118.38904">
        <ele>3011.0</ele>
      </trkpt>
      <trkpt lat="36.59007" lon="-118.38895">
        <ele>3012.0</ele>
      </trkpt>
      <trkpt lat="36.59002" lon="-118.3889">
        <ele>3012.0</ele>
      </trkpt>
      <trkpt lat="36.59006" lon="-118.38878">
        <ele>3012.0</ele>
      </trkpt>
      <trkpt lat="36.59003" lon="-118.38867">
        <ele>3013.0</ele>
      </trkpt>
      <trkpt lat="36.59003" lon="-118.38867">
        <ele>3013.0</ele>
      </trkpt>
      <trkpt lat="36.58997" lon="-118.3884">
        <ele>3018.0</ele>
      </trkpt>
      <trkpt lat="36.58969" lon="-118.38763">
        <ele>3031.0</ele>
      </trkpt>
      <trkpt lat="36.58963" lon="-118.38691">
        <ele>3040.0</ele>
      </trkpt>
      <trkpt lat="36.58966" lon="-118.38678">
        <ele>3042.0</ele>
      </trkpt>
      <trkpt lat="36.58964" lon="-118.3867">
        <ele>3042.0</ele>
      </trkpt>
      <trkpt lat="36.58965" lon="-118.38662">
        <ele>3042.0</ele>
      </trkpt>
      <trkpt lat="36.58973" lon="-118.38653">
        <ele>3042.0</ele>
      </trkpt>
      <trkpt lat="36.58971" lon="-118.38639">
        <ele>3044.0</ele>
      </trkpt>
      <trkpt lat="36.58985" lon="-118.38606">
        <ele>3044.0</ele>
      </trkpt>
      <trkpt lat="36.58991" lon="-118.38586">
        <ele>3049.0</ele>
      </trkpt>
      <trkpt lat="36.59008" lon="-118.38567">
        <ele>3051.0</ele>
      </trkpt>
      <trkpt lat="36.59022" lon="-118.38498">
        <ele>3058.0</ele>
      </trkpt>
      <trkpt lat="36.5903" lon="-118.38476">
        <ele>3058.0</ele>
      </trkpt>
      <trkpt lat="36.59029" lon="-118.38461">
        <ele>3058.0</ele>
      </trkpt>
      <trkpt lat="36.59041" lon="-118.38405">
        <ele>3058.0</ele>
      </trkpt>
      <trkpt lat="36.59047" lon="-118.38362">
        <ele>3067.0</ele>
      </trkpt>
      <trkpt lat="36.59056" lon="-118.38333">
        <ele>3067.0</ele>
      </trkpt>
      <trkpt lat="36.59049" lon="-118.38317">
        <ele>3068.0</ele>
      </trkpt>
      <trkpt lat="36.59053" lon="-118.38305">
        <ele>3068.0</ele>
      </trkpt>
      <trkpt lat="36.59066" lon="-118.383">
        <ele>3068.0</ele>
      </trkpt>
      <trkpt lat="36.59067" lon="-118.38287">
        <ele>3071.0</ele>
      </trkpt>
      <trkpt lat="36.59064" lon="-118.38281">
        <ele>3071.0</ele>
      </trkpt>
      <trkpt lat="36.59066" lon="-118.38276">
        <ele>3071.0</ele>
      </trkpt>
      <trkpt lat="36.59078" lon="-118.38277">
        <ele>3073.0</ele>
      </trkpt>
      <trkpt lat="36.59116" lon="-118.38242">
        <ele>3076.0</ele>
      </trkpt>
      <trkpt lat="36.59127" lon="-118.38244">
        <ele>3080.0</ele>
      </trkpt>
      <trkpt lat="36.59132" lon="-118.38241">
        <ele>3080.0</ele>
      </trkpt>
      <trkpt lat="36.59142" lon="-118.38226">
        <ele>3083.0</ele>
      </trkpt>
      <trkpt lat="36.59144" lon="-118.38216">
        <ele>3083.0</ele>
      </trkpt>
      <trkpt lat="36.5914" lon="-118.38201">
        <ele>3085.0</ele>
      </trkpt>
      <trkpt lat="36.59146" lon="-118.3817">
        <ele>3086.0</ele>
      </trkpt>
      <trkpt lat="36.59155" lon="-118.38153">
        <ele>3088.0</ele>
      </trkpt>
      <trkpt lat="36.59156" lon="-118.38142">
        <ele>3086.0</ele>
      </trkpt>
      <trkpt lat="36.59166" lon="-118.38115">
        <ele>3086.0</ele>
      </trkpt>
      <trkpt lat="36.59164" lon="-118.38106">
        <ele>3086.0</ele>
      </trkpt>
      <trkpt lat="36.59166" lon="-118.38094">
        <ele>3086.0</ele>
      </trkpt>
      <trkpt lat="36.59185" lon="-118.38069">
        <ele>3089.0</ele>
      </trkpt>
      <trkpt lat="36.59187" lon="-118.38056">
        <ele>3089.0</ele>
      </trkpt>
      <trkpt lat="36.59191" lon="-118.38047">
        <ele>3089.0</ele>
      </trkpt>
      <trkpt lat="36.59192" lon="-118.38016">
        <ele>3091.0</ele>
      </trkpt>
      <trkpt lat="36.59198" lon="-118.37993">
        <ele>3093.0</ele>
      </trkpt>
      <trkpt lat="36.59201" lon="-118.37958">
        <ele>3103.0</ele>
      </trkpt>
      <trkpt lat="36.59206" lon="-118.3795">
        <ele>3103.0</ele>
      </trkpt>
      <trkpt lat="36.59209" lon="-118.37928">
        <ele>3105.0</ele>
      </trkpt>
      <trkpt lat="36.59217" lon="-118.37936">
        <ele>3100.0</ele>
      </trkpt>
      <trkpt lat="36.59237" lon="-118.3798">
        <ele>3105.0</ele>
      </trkpt>
      <trkpt lat="36.59239" lon="-118.37976">
        <ele>3105.0</ele>
      </trkpt>
      <trkpt lat="36.59239" lon="-118.37947">
        <ele>3108.0</ele>
      </trkpt>
      <trkpt lat="36.59249" lon="-118.3791">
        <ele>3111.0</ele>
      </trkpt>
      <trkpt lat="36.59251" lon="-118.37882">
        <ele>3118.0</ele>
      </trkpt>
      <trkpt lat="36.59251" lon="-118.37869">
        <ele>3125.0</ele>
      </trkpt>
      <trkpt lat="36.59245" lon="-118.37864">
        <ele>3125.0</ele>
      </trkpt>
      <trkpt lat="36.59247" lon="-118.37857">
        <ele>3125.0</ele>
      </trkpt>
      <trkpt lat="36.59251" lon="-118.37853">
        <ele>3125.0</ele>
      </trkpt>
      <trkpt lat="36.59246" lon="-118.37847">
        <ele>3131.0</ele>
      </trkpt>
      <trkpt lat="36.59244" lon="-118.3783">
        <ele>3131.0</ele>
      </trkpt>
      <trkpt lat="36.59245" lon="-118.37816">
        <ele>3136.0</ele>
      </trkpt>
      <trkpt lat="36.59252" lon="-118.37808">
        <ele>3136.0</ele>
      </trkpt>
      <trkpt lat="36.59255" lon="-118.37797">
        <ele>3136.0</ele>
      </trkpt>
      <trkpt lat="36.59249" lon="-118.37767">
        <ele>3140.0</ele>
      </trkpt>
      <trkpt lat="36.59251" lon="-118.37754">
        <ele>3144.0</ele>
      </trkpt>
      <trkpt lat="36.59245" lon="-118.37745">
        <ele>3144.0</ele>
      </trkpt>
      <trkpt lat="36.5924" lon="-118.37706">
        <ele>3151.0</ele>
      </trkpt>
      <trkpt lat="36.5924" lon="-118.37666">
        <ele>3153.0</ele>
      </trkpt>
      <trkpt lat="36.59238" lon="-118.37658">
        <ele>3153.0</ele>
      </trkpt>
      <trkpt lat="36.5924" lon="-118.37632">
        <ele>3154.0</ele>
      </trkpt>
      <trkpt lat="36.59254" lon="-118.37574">
        <ele>3154.0</ele>
      </trkpt>
      <trkpt lat="36.59263" lon="-118.37549">
        <ele>3154.0</ele>
      </trkpt>
      <trkpt lat="36.59275" lon="-118.37521">
        <ele>3156.0</ele>
      </trkpt>
      <trkpt lat="36.59297" lon="-118.37485">
        <ele>3157.0</ele>
      </trkpt>
      <trkpt lat="36.59305" lon="-118.37461">
        <ele>3157.0</ele>
      </trkpt>
      <trkpt lat="36.59316" lon="-118.37446">
        <ele>3156.0</ele>
      </trkpt>
      <trkpt lat="36.59317" lon="-118.37426">
        <ele>3157.0</ele>
      </trkpt>
      <trkpt lat="36.59331" lon="-118.37393">
        <ele>3163.0</ele>
      </trkpt>
      <trkpt lat="36.5934" lon="-118.37342">
        <ele>3162.0</ele>
      </trkpt>
      <trkpt lat="36.59354" lon="-118.37321">
        <ele>3165.0</ele>
      </trkpt>
      <trkpt lat="36.59359" lon="-118.37309">
        <ele>3163.0</ele>
      </trkpt>
      <trkpt lat="36.59382" lon="-118.37282">
        <ele>3163.0</ele>
      </trkpt>
      <trkpt lat="36.59392" lon="-118.37265">
        <ele>3163.0</ele>
      </trkpt>
      <trkpt lat="36.59397601741555" lon="-118.3725277801843">
        <ele>3161.0</ele>
      </trkpt>
      <trkpt lat="36.59397601743512" lon="-118.3725277801843">
        <ele>3161.0</ele>
      </trkpt>
      <trkpt lat="36.59403" lon="-118.37241">
        <ele>3167.0</ele>
      </trkpt>
      <trkpt lat="36.59409" lon="-118.37217">
        <ele>3166.0</ele>
      </trkpt>
      <trkpt lat="36.59422" lon="-118.37198">
        <ele>3165.0</ele>
      </trkpt>
      <trkpt lat="36.59429" lon="-118.37175">
        <ele>3165.0</ele>
      </trkpt>
      <trkpt lat="36.59432" lon="-118.37153">
        <ele>3169.0</ele>
      </trkpt>
      <trkpt lat="36.59429" lon="-118.37134">
        <ele>3164.0</ele>
      </trkpt>
      <trkpt lat="36.5943" lon="-118.37114">
        <ele>3163.0</ele>
      </trkpt>
      <trkpt lat="36.5943" lon="-118.37114">
        <ele>3163.0</ele>
      </trkpt>
      <trkpt lat="36.59395" lon="-118.3711">
        <ele>3163.0</ele>
      </trkpt>
      <trkpt lat="36.59377" lon="-118.37088">
        <ele>3163.0</ele>
      </trkpt>
      <trkpt lat="36.59371" lon="-118.37076">
        <ele>3165.0</ele>
      </trkpt>
      <trkpt lat="36.59375" lon="-118.37054">
        <ele>3168.0</ele>
      </trkpt>
      <trkpt lat="36.59385" lon="-118.37045">
        <ele>3165.0</ele>
      </trkpt>
      <trkpt lat="36.59393" lon="-118.37031">
        <ele>3168.0</ele>
      </trkpt>
      <trkpt lat="36.59396" lon="-118.36995">
        <ele>3171.0</ele>
      </trkpt>
      <trkpt lat="36.59393" lon="-118.36966">
        <ele>3172.0</ele>
      </trkpt>
      <trkpt lat="36.59414" lon="-118.36869">
        <ele>3187.0</ele>
      </trkpt>
      <trkpt lat="36.59414" lon="-118.36839">
        <ele>3191.0</ele>
      </trkpt>
      <trkpt lat="36.59411" lon="-118.36823">
        <ele>3191.0</ele>
      </trkpt>
      <trkpt lat="36.59385" lon="-118.36836">
        <ele>3201.0</ele>
      </trkpt>
      <trkpt lat="36.59363" lon="-118.36841">
        <ele>3215.0</ele>
      </trkpt>
      <trkpt lat="36.5935" lon="-118.36852">
        <ele>3204.0</ele>
      </trkpt>
      <trkpt lat="36.59313" lon="-118.369">
        <ele>3221.0</ele>
      </trkpt>
      <trkpt lat="36.59287" lon="-118.36942">
        <ele>3219.0</ele>
      </trkpt>
      <trkpt lat="36.59244" lon="-118.36989">
        <ele>3218.0</ele>
      </trkpt>
      <trkpt lat="36.59213" lon="-118.37032">
        <ele>3229.0</ele>
      </trkpt>
      <trkpt lat="36.5921" lon="-118.3703">
        <ele>3229.0</ele>
      </trkpt>
      <trkpt lat="36.59238" lon="-118.36945">
        <ele>3235.0</ele>
      </trkpt>
      <trkpt lat="36.59236" lon="-118.36943">
        <ele>3248.0</ele>
      </trkpt>
      <trkpt lat="36.59213" lon="-118.36976">
        <ele>3240.0</ele>
      </trkpt>
      <trkpt lat="36.59189" lon="-118.36998">
        <ele>3244.0</ele>
      </trkpt>
      <trkpt lat="36.59184" lon="-118.37001">
        <ele>3244.0</ele>
      </trkpt>
      <trkpt lat="36.59177" lon="-118.37">
        <ele>3248.0</ele>
      </trkpt>
      <trkpt lat="36.59161" lon="-118.3699">
        <ele>3248.0</ele>
      </trkpt>
      <trkpt lat="36.59146" lon="-118.36991">
        <ele>3249.0</ele>
      </trkpt>
      <trkpt lat="36.59133" lon="-118.37001">
        <ele>3249.0</ele>
      </trkpt>
      <trkpt lat="36.59114" lon="-118.3703">
        <ele>3249.0</ele>
      </trkpt>
      <trkpt lat="36.59107" lon="-118.37035">
        <ele>3249.0</ele>
      </trkpt>
      <trkpt lat="36.59079" lon="-118.37038">
        <ele>3251.0</ele>
      </trkpt>
      <trkpt lat="36.59074" lon="-118.37034">
        <ele>3251.0</ele>
      </trkpt>
      <trkpt lat="36.5907" lon="-118.37035">
        <ele>3251.0</ele>
      </trkpt>
      <trkpt lat="36.59053" lon="-118.37069">
        <ele>3254.0</ele>
      </trkpt>
      <trkpt lat="36.59046" lon="-118.37044">
        <ele>3254.0</ele>
      </trkpt>
      <trkpt lat="36.5904" lon="-118.37039">
        <ele>3264.0</ele>
      </trkpt>
      <trkpt lat="36.59027" lon="-118.37096">
        <ele>3261.0</ele>
      </trkpt>
      <trkpt lat="36.59022" lon="-118.37098">
        <ele>3262.0</ele>
      </trkpt>
      <trkpt lat="36.59017" lon="-118.37096">
        <ele>3261.0</ele>
      </trkpt>
      <trkpt lat="36.5901" lon="-118.37106">
        <ele>3272.0</ele>
      </trkpt>
      <trkpt lat="36.59" lon="-118.37139">
        <ele>3273.0</ele>
      </trkpt>
      <trkpt lat="36.58998" lon="-118.37139">
        <ele>3273.0</ele>
      </trkpt>
      <trkpt lat="36.58998" lon="-118.37133">
        <ele>3273.0</ele>
      </trkpt>
      <trkpt lat="36.58993" lon="-118.37113">
        <ele>3272.0</ele>
      </trkpt>
      <trkpt lat="36.58981" lon="-118.37097">
        <ele>3276.0</ele>
      </trkpt>
      <trkpt lat="36.58972" lon="-118.37096">
        <ele>3276.0</ele>
      </trkpt>
      <trkpt lat="36.58969" lon="-118.37072">
        <ele>3276.0</ele>
      </trkpt>
      <trkpt lat="36.58967" lon="-118.37069">
        <ele>3275.0</ele>
      </trkpt>
      <trkpt lat="36.58935" lon="-118.37064">
        <ele>3285.0</ele>
      </trkpt>
      <trkpt lat="36.5893" lon="-118.37049">
        <ele>3288.0</ele>
      </trkpt>
      <trkpt lat="36.58925" lon="-118.37043">
        <ele>3288.0</ele>
      </trkpt>
      <trkpt lat="36.58906" lon="-118.37052">
        <ele>3288.0</ele>
      </trkpt>
      <trkpt lat="36.58893" lon="-118.37043">
        <ele>3285.0</ele>
      </trkpt>
      <trkpt lat="36.58877" lon="-118.3704">
        <ele>3288.0</ele>
      </trkpt>
      <trkpt lat="36.5886" lon="-118.37011">
        <ele>3288.0</ele>
      </trkpt>
      <trkpt lat="36.5885" lon="-118.36998">
        <ele>3288.0</ele>
      </trkpt>
      <trkpt lat="36.58818" lon="-118.36965">
        <ele>3289.0</ele>
      </trkpt>
      <trkpt lat="36.58772" lon="-118.36933">
        <ele>3290.0</ele>
      </trkpt>
      <trkpt lat="36.58765" lon="-118.36915">
        <ele>3298.0</ele>
      </trkpt>
      <trkpt lat="36.58756" lon="-118.36915">
        <ele>3299.0</ele>
      </trkpt>
      <trkpt lat="36.5872" lon="-118.3695">
        <ele>3297.0</ele>
      </trkpt>
      <trkpt lat="36.58709" lon="-118.36966">
        <ele>3292.0</ele>
      </trkpt>
      <trkpt lat="36.58694" lon="-118.37001">
        <ele>3297.0</ele>
      </trkpt>
      <trkpt lat="36.58679" lon="-118.3701">
        <ele>3304.0</ele>
      </trkpt>
      <trkpt lat="36.58669" lon="-118.37004">
        <ele>3304.0</ele>
      </trkpt>
      <trkpt lat="36.58668" lon="-118.36995">
        <ele>3304.0</ele>
      </trkpt>
      <trkpt lat="36.58656" lon="-118.36994">
        <ele>3304.0</ele>
      </trkpt>
      <trkpt lat="36.58632" lon="-118.37003">
        <ele>3302.0</ele>
      </trkpt>
      <trkpt lat="36.58611" lon="-118.36994">
        <ele>3305.0</ele>
      </trkpt>
      <trkpt lat="36.58608" lon="-118.36985">
        <ele>3308.0</ele>
      </trkpt>
      <trkpt lat="36.58599" lon="-118.3699">
        <ele>3305.0</ele>
      </trkpt>
      <trkpt lat="36.58597" lon="-118.36999">
        <ele>3308.0</ele>
      </trkpt>
      <trkpt lat="36.58592" lon="-118.37003">
        <ele>3308.0</ele>
      </trkpt>
      <trkpt lat="36.58584" lon="-118.37">
        <ele>3308.0</ele>
      </trkpt>
      <trkpt lat="36.58568" lon="-118.37002">
        <ele>3312.0</ele>
      </trkpt>
      <trkpt lat="36.58554" lon="-118.36992">
        <ele>3312.0</ele>
      </trkpt>
      <trkpt lat="36.58547" lon="-118.36991">
        <ele>3312.0</ele>
      </trkpt>
      <trkpt lat="36.58548" lon="-118.36981">
        <ele>3314.0</ele>
      </trkpt>
      <trkpt lat="36.58545" lon="-118.36974">
        <ele>3314.0</ele>
      </trkpt>
      <trkpt lat="36.58544" lon="-118.36954">
        <ele>3315.0</ele>
      </trkpt>
      <trkpt lat="36.58535" lon="-118.36935">
        <ele>3318.0</ele>
      </trkpt>
      <trkpt lat="36.58512" lon="-118.36939">
        <ele>3321.0</ele>
      </trkpt>
      <trkpt lat="36.585" lon="-118.36938">
        <ele>3321.0</ele>
      </trkpt>
      <trkpt lat="36.58484" lon="-118.36942">
        <ele>3321.0</ele>
      </trkpt>
      <trkpt lat="36.58476" lon="-118.36949">
        <ele>3321.0</ele>
      </trkpt>
      <trkpt lat="36.58462" lon="-118.36966">
        <ele>3319.0</ele>
      </trkpt>
      <trkpt lat="36.58453" lon="-118.36983">
        <ele>3322.0</ele>
      </trkpt>
      <trkpt lat="36.58444" lon="-118.3699">
        <ele>3320.0</ele>
      </trkpt>
      <trkpt lat="36.58437" lon="-118.37001">
        <ele>3320.0</ele>
      </trkpt>
      <trkpt lat="36.58431" lon="-118.37015">
        <ele>3319.0</ele>
      </trkpt>
      <trkpt lat="36.58421" lon="-118.37027">
        <ele>3326.0</ele>
      </trkpt>
      <trkpt lat="36.58405" lon="-118.37071">
        <ele>3323.0</ele>
      </trkpt>
      <trkpt lat="36.58386" lon="-118.37105">
        <ele>3322.0</ele>
      </trkpt>
      <trkpt lat="36.58379" lon="-118.3713">
        <ele>3319.0</ele>
      </trkpt>
      <trkpt lat="36.5837" lon="-118.3715">
        <ele>3322.0</ele>
      </trkpt>
      <trkpt lat="36.5835" lon="-118.37183">
        <ele>3317.0</ele>
      </trkpt>
      <trkpt lat="36.58303" lon="-118.37248">
        <ele>3319.0</ele>
      </trkpt>
      <trkpt lat="36.58283" lon="-118.37258">
        <ele>3327.0</ele>
      </trkpt>
      <trkpt lat="36.58249" lon="-118.37286">
        <ele>3327.0</ele>
      </trkpt>
      <trkpt lat="36.58244" lon="-118.37296">
        <ele>3322.0</ele>
      </trkpt>
      <trkpt lat="36.58228" lon="-118.37311">
        <ele>3329.0</ele>
      </trkpt>
      <trkpt lat="36.58194" lon="-118.37332">
        <ele>3331.0</ele>
      </trkpt>
      <trkpt lat="36.58161" lon="-118.37361">
        <ele>3332.0</ele>
      </trkpt>
      <trkpt lat="36.58146" lon="-118.37368">
        <ele>3337.0</ele>
      </trkpt>
      <trkpt lat="36.58135" lon="-118.37369">
        <ele>3337.0</ele>
      </trkpt>
      <trkpt lat="36.58122" lon="-118.37384">
        <ele>3341.0</ele>
      </trkpt>
      <trkpt lat="36.58059" lon="-118.37395">
        <ele>3343.0</ele>
      </trkpt>
      <trkpt lat="36.58041" lon="-118.37404">
        <ele>3342.0</ele>
      </trkpt>
      <trkpt lat="36.58025" lon="-118.3742">
        <ele>3342.0</ele>
      </trkpt>
      <trkpt lat="36.58025" lon="-118.3742">
        <ele>3342.0</ele>
      </trkpt>
      <trkpt lat="36.57996" lon="-118.3743">
        <ele>3344.0</ele>
      </trkpt>
      <trkpt lat="36.57954" lon="-118.37429">
        <ele>3344.0</ele>
      </trkpt>
      <trkpt lat="36.57933" lon="-118.3743">
        <ele>3344.0</ele>
      </trkpt>
      <trkpt lat="36.57911" lon="-118.37436">
        <ele>3345.0</ele>
      </trkpt>
      <trkpt lat="36.57877" lon="-118.37426">
        <ele>3345.0</ele>
      </trkpt>
      <trkpt lat="36.5784" lon="-118.37437">
        <ele>3342.0</ele>
      </trkpt>
      <trkpt lat="36.57794" lon="-118.37442">
        <ele>3339.0</ele>
      </trkpt>
      <trkpt lat="36.57767" lon="-118.37456">
        <ele>3335.0</ele>
      </trkpt>
      <trkpt lat="36.57748" lon="-118.37457">
        <ele>3326.0</ele>
      </trkpt>
      <trkpt lat="36.57741" lon="-118.37454">
        <ele>3326.0</ele>
      </trkpt>
      <trkpt lat="36.57725" lon="-118.37455">
        <ele>3321.0</ele>
      </trkpt>
      <trkpt lat="36.57711" lon="-118.37448">
        <ele>3321.0</ele>
      </trkpt>
      <trkpt lat="36.57699" lon="-118.37451">
        <ele>3316.0</ele>
      </trkpt>
      <trkpt lat="36.57649" lon="-118.37434">
        <ele>3304.0</ele>
      </trkpt>
      <trkpt lat="36.5763" lon="-118.37436">
        <ele>3304.0</ele>
      </trkpt>
      <trkpt lat="36.57593" lon="-118.37425">
        <ele>3297.0</ele>
      </trkpt>
      <trkpt lat="36.57587" lon="-118.37427">
        <ele>3297.0</ele>
      </trkpt>
      <trkpt lat="36.57563" lon="-118.37424">
        <ele>3294.0</ele>
      </trkpt>
      <trkpt lat="36.57556" lon="-118.37426">
        <ele>3294.0</ele>
      </trkpt>
      <trkpt lat="36.57552" lon="-118.37423">
        <ele>3294.0</ele>
      </trkpt>
      <trkpt lat="36.57535" lon="-118.37417">
        <ele>3290.0</ele>
      </trkpt>
      <trkpt lat="36.57523" lon="-118.37417">
        <ele>3290.0</ele>
      </trkpt>
      <trkpt lat="36.57499" lon="-118.37405">
        <ele>3285.0</ele>
      </trkpt>
      <trkpt lat="36.57495" lon="-118.37406">
        <ele>3285.0</ele>
      </trkpt>
      <trkpt lat="36.57483" lon="-118.37394">
        <ele>3284.0</ele>
      </trkpt>
      <trkpt lat="36.5747" lon="-118.37388">
        <ele>3284.0</ele>
      </trkpt>
      <trkpt lat="36.57467" lon="-118.37384">
        <ele>3284.0</ele>
      </trkpt>
      <trkpt lat="36.57462" lon="-118.37363">
        <ele>3285.0</ele>
      </trkpt>
      <trkpt lat="36.57443" lon="-118.37342">
        <ele>3278.0</ele>
      </trkpt>
      <trkpt lat="36.57428" lon="-118.37303">
        <ele>3274.0</ele>
      </trkpt>
      <trkpt lat="36.57421" lon="-118.37292">
        <ele>3274.0</ele>
      </trkpt>
      <trkpt lat="36.57403" lon="-118.37279">
        <ele>3275.0</ele>
      </trkpt>
      <trkpt lat="36.57397" lon="-118.3727">
        <ele>3272.0</ele>
      </trkpt>
      <trkpt lat="36.57392" lon="-118.37254">
        <ele>3274.0</ele>
      </trkpt>
      <trkpt lat="36.57374" lon="-118.3724">
        <ele>3271.0</ele>
      </trkpt>
      <trkpt lat="36.57358" lon="-118.37213">
        <ele>3272.0</ele>
      </trkpt>
      <trkpt lat="36.57354" lon="-118.372">
        <ele>3271.0</ele>
      </trkpt>
      <trkpt lat="36.57345" lon="-118.37186">
        <ele>3269.0</ele>
      </trkpt>
      <trkpt lat="36.57343" lon="-118.37175">
        <ele>3268.0</ele>
      </trkpt>
      <trkpt lat="36.57315" lon="-118.3713">
        <ele>3260.0</ele>
      </trkpt>
      <trkpt lat="36.57311" lon="-118.37113">
        <ele>3257.0</ele>
      </trkpt>
      <trkpt lat="36.57312" lon="-118.37104">
        <ele>3257.0</ele>
      </trkpt>
      <trkpt lat="36.5733" lon="-118.37072">
        <ele>3258.0</ele>
      </trkpt>
      <trkpt lat="36.57327" lon="-118.37064">
        <ele>3258.0</ele>
      </trkpt>
      <trkpt lat="36.57316" lon="-118.37058">
        <ele>3256.0</ele>
      </trkpt>
      <trkpt lat="36.57293" lon="-118.37056">
        <ele>3256.0</ele>
      </trkpt>
      <trkpt lat="36.57269" lon="-118.37032">
        <ele>3257.0</ele>
      </trkpt>
      <trkpt lat="36.57256" lon="-118.3703">
        <ele>3255.0</ele>
      </trkpt>
      <trkpt lat="36.57238" lon="-118.37022">
        <ele>3255.0</ele>
      </trkpt>
      <trkpt lat="36.57221" lon="-118.37001">
        <ele>3256.0</ele>
      </trkpt>
      <trkpt lat="36.57195" lon="-118.36986">
        <ele>3258.0</ele>
      </trkpt>
      <trkpt lat="36.5719" lon="-118.3698">
        <ele>3258.0</ele>
      </trkpt>
      <trkpt lat="36.57167" lon="-118.36967">
        <ele>3257.0</ele>
      </trkpt>
      <trkpt lat="36.57138" lon="-118.36958">
        <ele>3254.0</ele>
      </trkpt>
      <trkpt lat="36.57093" lon="-118.36934">
        <ele>3252.0</ele>
      </trkpt>
      <trkpt lat="36.57082" lon="-118.36923">
        <ele>3256.0</ele>
      </trkpt>
      <trkpt lat="36.57058" lon="-118.36913">
        <ele>3250.0</ele>
      </trkpt>
      <trkpt lat="36.57035" lon="-118.36888">
        <ele>3248.0</ele>
      </trkpt>
      <trkpt lat="36.57003" lon="-118.36875">
        <ele>3252.0</ele>
      </trkpt>
      <trkpt lat="36.5698" lon="-118.36879">
        <ele>3247.0</ele>
      </trkpt>
      <trkpt lat="36.56944" lon="-118.36874">
        <ele>3249.0</ele>
      </trkpt>
      <trkpt lat="36.5693" lon="-118.36861">
        <ele>3243.0</ele>
      </trkpt>
      <trkpt lat="36.56927" lon="-118.36851">
        <ele>3243.0</ele>
      </trkpt>
      <trkpt lat="36.56913" lon="-118.36833">
        <ele>3245.0</ele>
      </trkpt>
      <trkpt lat="36.56911" lon="-118.36825">
        <ele>3245.0</ele>
      </trkpt>
      <trkpt lat="36.56898" lon="-118.36814">
        <ele>3245.0</ele>
      </trkpt>
      <trkpt lat="36.56878" lon="-118.36811">
        <ele>3245.0</ele>
      </trkpt>
      <trkpt lat="36.56865" lon="-118.36815">
        <ele>3245.0</ele>
      </trkpt>
      <trkpt lat="36.56862" lon="-118.36812">
        <ele>3245.0</ele>
      </trkpt>
      <trkpt lat="36.5684" lon="-118.36813">
        <ele>3244.0</ele>
      </trkpt>
      <trkpt lat="36.56832" lon="-118.36807">
        <ele>3244.0</ele>
      </trkpt>
      <trkpt lat="36.56793" lon="-118.36805">
        <ele>3242.0</ele>
      </trkpt>
      <trkpt lat="36.56778" lon="-118.36794">
        <ele>3241.0</ele>
      </trkpt>
      <trkpt lat="36.56765" lon="-118.36792">
        <ele>3241.0</ele>
      </trkpt>
      <trkpt lat="36.56752" lon="-118.36794">
        <ele>3241.0</ele>
      </trkpt>
      <trkpt lat="36.5674" lon="-118.3678">
        <ele>3243.0</ele>
      </trkpt>
      <trkpt lat="36.56728" lon="-118.36782">
        <ele>3243.0</ele>
      </trkpt>
      <trkpt lat="36.56704" lon="-118.36771">
        <ele>3244.0</ele>
      </trkpt>
      <trkpt lat="36.56693" lon="-118.36769">
        <ele>3244.0</ele>
      </trkpt>
      <trkpt lat="36.56686" lon="-118.36764">
        <ele>3244.0</ele>
      </trkpt>
      <trkpt lat="36.56663" lon="-118.36762">
        <ele>3248.0</ele>
      </trkpt>
      <trkpt lat="36.56659" lon="-118.36756">
        <ele>3248.0</ele>
      </trkpt>
      <trkpt lat="36.56643" lon="-118.36753">
        <ele>3245.0</ele>
      </trkpt>
      <trkpt lat="36.56616" lon="-118.36728">
        <ele>3241.0</ele>
      </trkpt>
      <trkpt lat="36.56607" lon="-118.36705">
        <ele>3243.0</ele>
      </trkpt>
      <trkpt lat="36.56607" lon="-118.36691">
        <ele>3243.0</ele>
      </trkpt>
      <trkpt lat="36.56603" lon="-118.3668">
        <ele>3245.0</ele>
      </trkpt>
      <trkpt lat="36.56594" lon="-118.3667">
        <ele>3245.0</ele>
      </trkpt>
      <trkpt lat="36.56594" lon="-118.3667">
        <ele>3245.0</ele>
      </trkpt>
      <trkpt lat="36.56589" lon="-118.36667">
        <ele>3245.0</ele>
      </trkpt>
      <trkpt lat="36.56575" lon="-118.36667">
        <ele>3245.0</ele>
      </trkpt>
      <trkpt lat="36.56561" lon="-118.36656">
        <ele>3248.0</ele>
      </trkpt>
      <trkpt lat="36.56512" lon="-118.36636">
        <ele>3260.0</ele>
      </trkpt>
      <trkpt lat="36.56504" lon="-118.36629">
        <ele>3260.0</ele>
      </trkpt>
      <trkpt lat="36.56488" lon="-118.36628">
        <ele>3260.0</ele>
      </trkpt>
      <trkpt lat="36.56442" lon="-118.36616">
        <ele>3270.0</ele>
      </trkpt>
      <trkpt lat="36.56437" lon="-118.36618">
        <ele>3270.0</ele>
      </trkpt>
      <trkpt lat="36.56419" lon="-118.36615">
        <ele>3273.0</ele>
      </trkpt>
      <trkpt lat="36.56416" lon="-118.36604">
        <ele>3273.0</ele>
      </trkpt>
      <trkpt lat="36.56401" lon="-118.36584">
        <ele>3280.0</ele>
      </trkpt>
      <trkpt lat="36.56387" lon="-118.36581">
        <ele>3280.0</ele>
      </trkpt>
      <trkpt lat="36.5637" lon="-118.3657">
        <ele>3282.0</ele>
      </trkpt>
      <trkpt lat="36.56346" lon="-118.36546">
        <ele>3287.0</ele>
      </trkpt>
      <trkpt lat="36.56331" lon="-118.36539">
        <ele>3292.0</ele>
      </trkpt>
      <trkpt lat="36.56319" lon="-118.36517">
        <ele>3295.0</ele>
      </trkpt>
      <trkpt lat="36.56311" lon="-118.3651">
        <ele>3299.0</ele>
      </trkpt>
      <trkpt lat="36.56309" lon="-118.36497">
        <ele>3299.0</ele>
      </trkpt>
      <trkpt lat="36.56305" lon="-118.36494">
        <ele>3299.0</ele>
      </trkpt>
      <trkpt lat="36.56304" lon="-118.3649">
        <ele>3299.0</ele>
      </trkpt>
      <trkpt lat="36.56273" lon="-118.3649">
        <ele>3304.0</ele>
      </trkpt>
      <trkpt lat="36.56263" lon="-118.36493">
        <ele>3305.0</ele>
      </trkpt>
      <trkpt lat="36.5626" lon="-118.36491">
        <ele>3305.0</ele>
      </trkpt>
      <trkpt lat="36.5626" lon="-118.36491">
        <ele>3305.0</ele>
      </trkpt>
      <trkpt lat="36.56251" lon="-118.36491">
        <ele>3305.0</ele>
      </trkpt>
      <trkpt lat="36.56247" lon="-118.36487">
        <ele>3305.0</ele>
      </trkpt>
      <trkpt lat="36.56229" lon="-118.36486">
        <ele>3307.0</ele>
      </trkpt>
      <trkpt lat="36.56221" lon="-118.36481">
        <ele>3307.0</ele>
      </trkpt>
      <trkpt lat="36.56216" lon="-118.36475">
        <ele>3307.0</ele>
      </trkpt>
      <trkpt lat="36.56206" lon="-118.36471">
        <ele>3306.0</ele>
      </trkpt>
      <trkpt lat="36.56197" lon="-118.36459">
        <ele>3306.0</ele>
      </trkpt>
      <trkpt lat="36.56191" lon="-118.3646">
        <ele>3306.0</ele>
      </trkpt>
      <trkpt lat="36.56173" lon="-118.36446">
        <ele>3309.0</ele>
      </trkpt>
      <trkpt lat="36.56142" lon="-118.3643">
        <ele>3308.0</ele>
      </trkpt>
      <trkpt lat="36.56138" lon="-118.36421">
        <ele>3308.0</ele>
      </trkpt>
      <trkpt lat="36.56125" lon="-118.36414">
        <ele>3308.0</ele>
      </trkpt>
      <trkpt lat="36.56111" lon="-118.36389">
        <ele>3308.0</ele>
      </trkpt>
      <trkpt lat="36.56106" lon="-118.36373">
        <ele>3310.0</ele>
      </trkpt>
      <trkpt lat="36.56095" lon="-118.36369">
        <ele>3309.0</ele>
      </trkpt>
      <trkpt lat="36.56095" lon="-118.36361">
        <ele>3309.0</ele>
      </trkpt>
      <trkpt lat="36.5609" lon="-118.36358">
        <ele>3309.0</ele>
      </trkpt>
      <trkpt lat="36.56083" lon="-118.36344">
        <ele>3309.0</ele>
      </trkpt>
      <trkpt lat="36.56078" lon="-118.36343">
        <ele>3309.0</ele>
      </trkpt>
      <trkpt lat="36.56074" lon="-118.36337">
        <ele>3309.0</ele>
      </trkpt>
      <trkpt lat="36.56063" lon="-118.36336">
        <ele>3309.0</ele>
      </trkpt>
      <trkpt lat="36.56051" lon="-118.36331">
        <ele>3309.0</ele>
      </trkpt>
      <trkpt lat="36.56044" lon="-118.36334">
        <ele>3309.0</ele>
      </trkpt>
      <trkpt lat="36.56037" lon="-118.36333">
        <ele>3309.0</ele>
      </trkpt>
      <trkpt lat="36.5601" lon="-118.3631">
        <ele>3307.0</ele>
      </trkpt>
      <trkpt lat="36.55997" lon="-118.36293">
        <ele>3307.0</ele>
      </trkpt>
      <trkpt lat="36.55987" lon="-118.36294">
        <ele>3307.0</ele>
      </trkpt>
      <trkpt lat="36.5598" lon="-118.36298">
        <ele>3296.0</ele>
      </trkpt>
      <trkpt lat="36.5598" lon="-118.36286">
        <ele>3294.0</ele>
      </trkpt>
      <trkpt lat="36.55966" lon="-118.36294">
        <ele>3296.0</ele>
      </trkpt>
      <trkpt lat="36.55965" lon="-118.36261">
        <ele>3291.0</ele>
      </trkpt>
      <trkpt lat="36.55971" lon="-118.36233">
        <ele>3291.0</ele>
      </trkpt>
      <trkpt lat="36.5597" lon="-118.36224">
        <ele>3291.0</ele>
      </trkpt>
      <trkpt lat="36.55955" lon="-118.36203">
        <ele>3290.0</ele>
      </trkpt>
      <trkpt lat="36.55936" lon="-118.36201">
        <ele>3290.0</ele>
      </trkpt>
      <trkpt lat="36.55913" lon="-118.36183">
        <ele>3287.0</ele>
      </trkpt>
      <trkpt lat="36.55895" lon="-118.36181">
        <ele>3281.0</ele>
      </trkpt>
      <trkpt lat="36.55887" lon="-118.36177">
        <ele>3281.0</ele>
      </trkpt>
      <trkpt lat="36.55887" lon="-118.36177">
        <ele>3281.0</ele>
      </trkpt>
      <trkpt lat="36.55892" lon="-118.3613">
        <ele>3280.0</ele>
      </trkpt>
      <trkpt lat="36.55891" lon="-118.36119">
        <ele>3277.0</ele>
      </trkpt>
      <trkpt lat="36.55895" lon="-118.36107">
        <ele>3277.0</ele>
      </trkpt>
      <trkpt lat="36.55893" lon="-118.36095">
        <ele>3273.0</ele>
      </trkpt>
      <trkpt lat="36.55906" lon="-118.36063">
        <ele>3275.0</ele>
      </trkpt>
      <trkpt lat="36.55921" lon="-118.36039">
        <ele>3274.0</ele>
      </trkpt>
      <trkpt lat="36.55924" lon="-118.36017">
        <ele>3274.0</ele>
      </trkpt>
      <trkpt lat="36.5593" lon="-118.35991">
        <ele>3273.0</ele>
      </trkpt>
      <trkpt lat="36.5593" lon="-118.35973">
        <ele>3268.0</ele>
      </trkpt>
      <trkpt lat="36.55923" lon="-118.35962">
        <ele>3268.0</ele>
      </trkpt>
      <trkpt lat="36.55931" lon="-118.35952">
        <ele>3270.0</ele>
      </trkpt>
      <trkpt lat="36.55932" lon="-118.35939">
        <ele>3270.0</ele>
      </trkpt>
      <trkpt lat="36.5594" lon="-118.35918">
        <ele>3265.0</ele>
      </trkpt>
      <trkpt lat="36.55946" lon="-118.35911">
        <ele>3265.0</ele>
      </trkpt>
      <trkpt lat="36.55953" lon="-118.35899">
        <ele>3262.0</ele>
      </trkpt>
      <trkpt lat="36.55954" lon="-118.35891">
        <ele>3262.0</ele>
      </trkpt>
      <trkpt lat="36.55967" lon="-118.35869">
        <ele>3266.0</ele>
      </trkpt>
      <trkpt lat="36.55966" lon="-118.35846">
        <ele>3260.0</ele>
      </trkpt>
      <trkpt lat="36.55981" lon="-118.35801">
        <ele>3255.0</ele>
      </trkpt>
      <trkpt lat="36.55985" lon="-118.35783">
        <ele>3254.0</ele>
      </trkpt>
      <trkpt lat="36.55981" lon="-118.35765">
        <ele>3254.0</ele>
      </trkpt>
      <trkpt lat="36.55986" lon="-118.35723">
        <ele>3255.0</ele>
      </trkpt>
      <trkpt lat="36.56001" lon="-118.35692">
        <ele>3255.0</ele>
      </trkpt>
      <trkpt lat="36.56023" lon="-118.35658">
        <ele>3256.0</ele>
      </trkpt>
      <trkpt lat="36.56041" lon="-118.35635">
        <ele>3255.0</ele>
      </trkpt>
      <trkpt lat="36.56073" lon="-118.35583">
        <ele>3258.0</ele>
      </trkpt>
      <trkpt lat="36.56081" lon="-118.35566">
        <ele>3257.0</ele>
      </trkpt>
      <trkpt lat="36.56117" lon="-118.35464">
        <ele>3255.0</ele>
      </trkpt>
      <trkpt lat="36.56142" lon="-118.35417">
        <ele>3254.0</ele>
      </trkpt>
      <trkpt lat="36.5616" lon="-118.35371">
        <ele>3253.0</ele>
      </trkpt>
      <trkpt lat="36.56186" lon="-118.35327">
        <ele>3252.0</ele>
      </trkpt>
      <trkpt lat="36.56202" lon="-118.35303">
        <ele>3250.0</ele>
      </trkpt>
      <trkpt lat="36.56209" lon="-118.35301">
        <ele>3248.0</ele>
      </trkpt>
      <trkpt lat="36.56222" lon="-118.35279">
        <ele>3246.0</ele>
      </trkpt>
      <trkpt lat="36.56244" lon="-118.3526">
        <ele>3244.0</ele>
      </trkpt>
      <trkpt lat="36.5626" lon="-118.35251">
        <ele>3244.0</ele>
      </trkpt>
      <trkpt lat="36.5626" lon="-118.35251">
        <ele>3244.0</ele>
      </trkpt>
      <trkpt lat="36.56286" lon="-118.35228">
        <ele>3244.0</ele>
      </trkpt>
      <trkpt lat="36.56316" lon="-118.35191">
        <ele>3244.0</ele>
      </trkpt>
      <trkpt lat="36.56355" lon="-118.35157">
        <ele>3249.0</ele>
      </trkpt>
      <trkpt lat="36.56367" lon="-118.35151">
        <ele>3245.0</ele>
      </trkpt>
      <trkpt lat="36.5638" lon="-118.35149">
        <ele>3249.0</ele>
      </trkpt>
      <trkpt lat="36.56391" lon="-118.35155">
        <ele>3254.0</ele>
      </trkpt>
      <trkpt lat="36.56411" lon="-118.3515">
        <ele>3253.0</ele>
      </trkpt>
      <trkpt lat="36.56433" lon="-118.35116">
        <ele>3257.0</ele>
      </trkpt>
      <trkpt lat="36.56437" lon="-118.35098">
        <ele>3257.0</ele>
      </trkpt>
      <trkpt lat="36.5644" lon="-118.35093">
        <ele>3255.0</ele>
      </trkpt>
      <trkpt lat="36.56454" lon="-118.35087">
        <ele>3255.0</ele>
      </trkpt>
      <trkpt lat="36.56459" lon="-118.35079">
        <ele>3263.0</ele>
      </trkpt>
      <trkpt lat="36.56473" lon="-118.35049">
        <ele>3261.0</ele>
      </trkpt>
      <trkpt lat="36.5648" lon="-118.35041">
        <ele>3258.0</ele>
      </trkpt>
      <trkpt lat="36.5648" lon="-118.35041">
        <ele>3258.0</ele>
      </trkpt>
      <trkpt lat="36.56485" lon="-118.35036">
        <ele>3258.0</ele>
      </trkpt>
      <trkpt lat="36.56495" lon="-118.35034">
        <ele>3260.0</ele>
      </trkpt>
      <trkpt lat="36.56501" lon="-118.35026">
        <ele>3260.0</ele>
      </trkpt>
      <trkpt lat="36.56516" lon="-118.3502">
        <ele>3264.0</ele>
      </trkpt>
      <trkpt lat="36.56522" lon="-118.35015">
        <ele>3264.0</ele>
      </trkpt>
      <trkpt lat="36.56532" lon="-118.34966">
        <ele>3261.0</ele>
      </trkpt>
      <trkpt lat="36.5653" lon="-118.34929">
        <ele>3257.0</ele>
      </trkpt>
      <trkpt lat="36.56539" lon="-118.34906">
        <ele>3257.0</ele>
      </trkpt>
      <trkpt lat="36.56554" lon="-118.34886">
        <ele>3258.0</ele>
      </trkpt>
      <trkpt lat="36.56565" lon="-118.34882">
        <ele>3258.0</ele>
      </trkpt>
      <trkpt lat="36.56572" lon="-118.34875">
        <ele>3259.0</ele>
      </trkpt>
      <trkpt lat="36.56581" lon="-118.3487">
        <ele>3259.0</ele>
      </trkpt>
      <trkpt lat="36.56589" lon="-118.34869">
        <ele>3259.0</ele>
      </trkpt>
      <trkpt lat="36.56596" lon="-118.3487">
        <ele>3259.0</ele>
      </trkpt>
      <trkpt lat="36.56601" lon="-118.34886">
        <ele>3265.0</ele>
      </trkpt>
      <trkpt lat="36.5661" lon="-118.34882">
        <ele>3265.0</ele>
      </trkpt>
      <trkpt lat="36.56622" lon="-118.34886">
        <ele>3265.0</ele>
      </trkpt>
      <trkpt lat="36.56651" lon="-118.34882">
        <ele>3267.0</ele>
      </trkpt>
      <trkpt lat="36.56685" lon="-118.34843">
        <ele>3272.0</ele>
      </trkpt>
      <trkpt lat="36.56692" lon="-118.34827">
        <ele>3272.0</ele>
      </trkpt>
      <trkpt lat="36.56693" lon="-118.34812">
        <ele>3265.0</ele>
      </trkpt>
      <trkpt lat="36.56696" lon="-118.34798">
        <ele>3265.0</ele>
      </trkpt>
      <trkpt lat="36.56705" lon="-118.34784">
        <ele>3259.0</ele>
      </trkpt>
      <trkpt lat="36.56718" lon="-118.34748">
        <ele>3266.0</ele>
      </trkpt>
      <trkpt lat="36.56719" lon="-118.34714">
        <ele>3267.0</ele>
      </trkpt>
      <trkpt lat="36.56733" lon="-118.34652">
        <ele>3266.0</ele>
      </trkpt>
      <trkpt lat="36.56732" lon="-118.34638">
        <ele>3266.0</ele>
      </trkpt>
      <trkpt lat="36.56736" lon="-118.3461">
        <ele>3265.0</ele>
      </trkpt>
      <trkpt lat="36.56744" lon="-118.34576">
        <ele>3268.0</ele>
      </trkpt>
      <trkpt lat="36.56751" lon="-118.34564">
        <ele>3267.0</ele>
      </trkpt>
      <trkpt lat="36.56755" lon="-118.34542">
        <ele>3267.0</ele>
      </trkpt>
      <trkpt lat="36.56753" lon="-118.34473">
        <ele>3270.0</ele>
      </trkpt>
      <trkpt lat="36.56753" lon="-118.34473">
        <ele>3270.0</ele>
      </trkpt>
      <trkpt lat="36.56757" lon="-118.34439">
        <ele>3271.0</ele>
      </trkpt>
      <trkpt lat="36.56755" lon="-118.34422">
        <ele>3272.0</ele>
      </trkpt>
      <trkpt lat="36.56757" lon="-118.34407">
        <ele>3272.0</ele>
      </trkpt>
      <trkpt lat="36.56755" lon="-118.34388">
        <ele>3274.0</ele>
      </trkpt>
      <trkpt lat="36.56745" lon="-118.34365">
        <ele>3278.0</ele>
      </trkpt>
      <trkpt lat="36.56744" lon="-118.34352">
        <ele>3278.0</ele>
      </trkpt>
      <trkpt lat="36.5675" lon="-118.34325">
        <ele>3281.0</ele>
      </trkpt>
      <trkpt lat="36.56755" lon="-118.34318">
        <ele>3281.0</ele>
      </trkpt>
      <trkpt lat="36.56757" lon="-118.34309">
        <ele>3281.0</ele>
      </trkpt>
      <trkpt lat="36.56756" lon="-118.34301">
        <ele>3281.0</ele>
      </trkpt>
      <trkpt lat="36.56749" lon="-118.34292">
        <ele>3281.0</ele>
      </trkpt>
      <trkpt lat="36.56753" lon="-118.34279">
        <ele>3283.0</ele>
      </trkpt>
      <trkpt lat="36.5675" lon="-118.34269">
        <ele>3283.0</ele>
      </trkpt>
      <trkpt lat="36.56752" lon="-118.34256">
        <ele>3286.0</ele>
      </trkpt>
      <trkpt lat="36.56746" lon="-118.34246">
        <ele>3286.0</ele>
      </trkpt>
      <trkpt lat="36.56743" lon="-118.34231">
        <ele>3290.0</ele>
      </trkpt>
      <trkpt lat="36.5674" lon="-118.3418">
        <ele>3295.0</ele>
      </trkpt>
      <trkpt lat="36.56751" lon="-118.34149">
        <ele>3297.0</ele>
      </trkpt>
      <trkpt lat="36.56749" lon="-118.34132">
        <ele>3297.0</ele>
      </trkpt>
      <trkpt lat="36.56753" lon="-118.34118">
        <ele>3299.0</ele>
      </trkpt>
      <trkpt lat="36.56751" lon="-118.34102">
        <ele>3299.0</ele>
      </trkpt>
      <trkpt lat="36.56753" lon="-118.34088">
        <ele>3300.0</ele>
      </trkpt>
      <trkpt lat="36.56761" lon="-118.34064">
        <ele>3301.0</ele>
      </trkpt>
      <trkpt lat="36.56767" lon="-118.34058">
        <ele>3305.0</ele>
      </trkpt>
      <trkpt lat="36.56769" lon="-118.34048">
        <ele>3305.0</ele>
      </trkpt>
      <trkpt lat="36.56779" lon="-118.3403">
        <ele>3306.0</ele>
      </trkpt>
      <trkpt lat="36.56781" lon="-118.34014">
        <ele>3306.0</ele>
      </trkpt>
      <trkpt lat="36.56779" lon="-118.33996">
        <ele>3307.0</ele>
      </trkpt>
      <trkpt lat="36.56782" lon="-118.33974">
        <ele>3310.0</ele>
      </trkpt>
      <trkpt lat="36.56783" lon="-118.33942">
        <ele>3313.0</ele>
      </trkpt>
      <trkpt lat="36.5678" lon="-118.33931">
        <ele>3313.0</ele>
      </trkpt>
      <trkpt lat="36.5678" lon="-118.33921">
        <ele>3316.0</ele>
      </trkpt>
      <trkpt lat="36.56784" lon="-118.33913">
        <ele>3316.0</ele>
      </trkpt>
      <trkpt lat="36.56787" lon="-118.33886">
        <ele>3317.0</ele>
      </trkpt>
      <trkpt lat="36.56793" lon="-118.3387">
        <ele>3319.0</ele>
      </trkpt>
      <trkpt lat="36.56793" lon="-118.33835">
        <ele>3317.0</ele>
      </trkpt>
      <trkpt lat="36.56799" lon="-118.3383">
        <ele>3317.0</ele>
      </trkpt>
      <trkpt lat="36.56815" lon="-118.33826">
        <ele>3317.0</ele>
      </trkpt>
      <trkpt lat="36.5682" lon="-118.33818">
        <ele>3317.0</ele>
      </trkpt>
      <trkpt lat="36.56829" lon="-118.33811">
        <ele>3317.0</ele>
      </trkpt>
      <trkpt lat="36.56846" lon="-118.33804">
        <ele>3317.0</ele>
      </trkpt>
      <trkpt lat="36.56864" lon="-118.33801">
        <ele>3320.0</ele>
      </trkpt>
      <trkpt lat="36.56881" lon="-118.33808">
        <ele>3324.0</ele>
      </trkpt>
      <trkpt lat="36.56889" lon="-118.33796">
        <ele>3324.0</ele>
      </trkpt>
      <trkpt lat="36.569" lon="-118.33811">
        <ele>3324.0</ele>
      </trkpt>
      <trkpt lat="36.56906" lon="-118.33825">
        <ele>3334.0</ele>
      </trkpt>
      <trkpt lat="36.56908" lon="-118.33825">
        <ele>3334.0</ele>
      </trkpt>
      <trkpt lat="36.5691" lon="-118.33768">
        <ele>3331.0</ele>
      </trkpt>
      <trkpt lat="36.56918" lon="-118.33748">
        <ele>3331.0</ele>
      </trkpt>
      <trkpt lat="36.5692" lon="-118.33734">
        <ele>3333.0</ele>
      </trkpt>
      <trkpt lat="36.56926" lon="-118.33724">
        <ele>3333.0</ele>
      </trkpt>
      <trkpt lat="36.56932" lon="-118.33706">
        <ele>3344.0</ele>
      </trkpt>
      <trkpt lat="36.56945" lon="-118.33655">
        <ele>3347.0</ele>
      </trkpt>
      <trkpt lat="36.5694" lon="-118.33647">
        <ele>3349.0</ele>
      </trkpt>
      <trkpt lat="36.56939" lon="-118.33637">
        <ele>3349.0</ele>
      </trkpt>
      <trkpt lat="36.5693" lon="-118.33629">
        <ele>3346.0</ele>
      </trkpt>
      <trkpt lat="36.5693" lon="-118.33626">
        <ele>3346.0</ele>
      </trkpt>
      <trkpt lat="36.56917" lon="-118.33615">
        <ele>3347.0</ele>
      </trkpt>
      <trkpt lat="36.56912" lon="-118.33603">
        <ele>3347.0</ele>
      </trkpt>
      <trkpt lat="36.56891" lon="-118.33581">
        <ele>3346.0</ele>
      </trkpt>
      <trkpt lat="36.56884" lon="-118.33581">
        <ele>3346.0</ele>
      </trkpt>
      <trkpt lat="36.56881" lon="-118.33577">
        <ele>3346.0</ele>
      </trkpt>
      <trkpt lat="36.5688" lon="-118.33566">
        <ele>3347.0</ele>
      </trkpt>
      <trkpt lat="36.56874" lon="-118.33558">
        <ele>3349.0</ele>
      </trkpt>
      <trkpt lat="36.56867" lon="-118.33536">
        <ele>3350.0</ele>
      </trkpt>
      <trkpt lat="36.5684" lon="-118.33511">
        <ele>3352.0</ele>
      </trkpt>
      <trkpt lat="36.56835" lon="-118.33503">
        <ele>3352.0</ele>
      </trkpt>
      <trkpt lat="36.56832" lon="-118.33503">
        <ele>3352.0</ele>
      </trkpt>
      <trkpt lat="36.56828" lon="-118.33507">
        <ele>3352.0</ele>
      </trkpt>
      <trkpt lat="36.5682" lon="-118.33501">
        <ele>3352.0</ele>
      </trkpt>
      <trkpt lat="36.56802" lon="-118.33498">
        <ele>3359.0</ele>
      </trkpt>
      <trkpt lat="36.5679" lon="-118.33525">
        <ele>3368.0</ele>
      </trkpt>
      <trkpt lat="36.56783" lon="-118.33534">
        <ele>3368.0</ele>
      </trkpt>
      <trkpt lat="36.56779" lon="-118.33533">
        <ele>3368.0</ele>
      </trkpt>
      <trkpt lat="36.56776" lon="-118.3353">
        <ele>3368.0</ele>
      </trkpt>
      <trkpt lat="36.56776" lon="-118.33524">
        <ele>3368.0</ele>
      </trkpt>
      <trkpt lat="36.56779" lon="-118.33515">
        <ele>3368.0</ele>
      </trkpt>
      <trkpt lat="36.56778" lon="-118.33511">
        <ele>3371.0</ele>
      </trkpt>
      <trkpt lat="36.56769" lon="-118.33507">
        <ele>3371.0</ele>
      </trkpt>
      <trkpt lat="36.56762" lon="-118.335">
        <ele>3378.0</ele>
      </trkpt>
      <trkpt lat="36.56763" lon="-118.33482">
        <ele>3380.0</ele>
      </trkpt>
      <trkpt lat="36.5676" lon="-118.33454">
        <ele>3381.0</ele>
      </trkpt>
      <trkpt lat="36.56752" lon="-118.3344">
        <ele>3381.0</ele>
      </trkpt>
      <trkpt lat="36.56752" lon="-118.33423">
        <ele>3381.0</ele>
      </trkpt>
      <trkpt lat="36.56761" lon="-118.33402">
        <ele>3382.0</ele>
      </trkpt>
      <trkpt lat="36.56762" lon="-118.3339">
        <ele>3382.0</ele>
      </trkpt>
      <trkpt lat="36.56762" lon="-118.3338">
        <ele>3382.0</ele>
      </trkpt>
      <trkpt lat="36.56757" lon="-118.33361">
        <ele>3383.0</ele>
      </trkpt>
      <trkpt lat="36.56755" lon="-118.3336">
        <ele>3383.0</ele>
      </trkpt>
      <trkpt lat="36.56754" lon="-118.33345">
        <ele>3385.0</ele>
      </trkpt>
      <trkpt lat="36.56748" lon="-118.33331">
        <ele>3385.0</ele>
      </trkpt>
      <trkpt lat="36.56748" lon="-118.33322">
        <ele>3385.0</ele>
      </trkpt>
      <trkpt lat="36.56757" lon="-118.33272">
        <ele>3387.0</ele>
      </trkpt>
      <trkpt lat="36.56757" lon="-118.33257">
        <ele>3387.0</ele>
      </trkpt>
      <trkpt lat="36.56754" lon="-118.33243">
        <ele>3387.0</ele>
      </trkpt>
      <trkpt lat="36.56747" lon="-118.3323">
        <ele>3385.0</ele>
      </trkpt>
      <trkpt lat="36.56748" lon="-118.33173">
        <ele>3381.0</ele>
      </trkpt>
      <trkpt lat="36.56743" lon="-118.33126">
        <ele>3380.0</ele>
      </trkpt>
      <trkpt lat="36.56745" lon="-118.33104">
        <ele>3380.0</ele>
      </trkpt>
      <trkpt lat="36.56744" lon="-118.33099">
        <ele>3380.0</ele>
      </trkpt>
      <trkpt lat="36.56745" lon="-118.33094">
        <ele>3380.0</ele>
      </trkpt>
      <trkpt lat="36.56755" lon="-118.33084">
        <ele>3380.0</ele>
      </trkpt>
      <trkpt lat="36.56759" lon="-118.33075">
        <ele>3380.0</ele>
      </trkpt>
      <trkpt lat="36.56762" lon="-118.33052">
        <ele>3380.0</ele>
      </trkpt>
      <trkpt lat="36.56773" lon="-118.33021">
        <ele>3381.0</ele>
      </trkpt>
      <trkpt lat="36.5678" lon="-118.33012">
        <ele>3381.0</ele>
      </trkpt>
      <trkpt lat="36.56793" lon="-118.32964">
        <ele>3382.0</ele>
      </trkpt>
      <trkpt lat="36.56799" lon="-118.32954">
        <ele>3382.0</ele>
      </trkpt>
      <trkpt lat="36.56804" lon="-118.3294">
        <ele>3382.0</ele>
      </trkpt>
      <trkpt lat="36.56807" lon="-118.32919">
        <ele>3381.0</ele>
      </trkpt>
      <trkpt lat="36.5682" lon="-118.32891">
        <ele>3383.0</ele>
      </trkpt>
      <trkpt lat="36.56827" lon="-118.3287">
        <ele>3384.0</ele>
      </trkpt>
      <trkpt lat="36.56831" lon="-118.32849">
        <ele>3384.0</ele>
      </trkpt>
      <trkpt lat="36.56849" lon="-118.32795">
        <ele>3391.0</ele>
      </trkpt>
      <trkpt lat="36.56846" lon="-118.32783">
        <ele>3388.0</ele>
      </trkpt>
      <trkpt lat="36.5684" lon="-118.32782">
        <ele>3388.0</ele>
      </trkpt>
      <trkpt lat="36.56834" lon="-118.32775">
        <ele>3388.0</ele>
      </trkpt>
      <trkpt lat="36.56832" lon="-118.32765">
        <ele>3388.0</ele>
      </trkpt>
      <trkpt lat="36.56833" lon="-118.32727">
        <ele>3393.0</ele>
      </trkpt>
      <trkpt lat="36.56837" lon="-118.32722">
        <ele>3393.0</ele>
      </trkpt>
      <trkpt lat="36.56848" lon="-118.3272">
        <ele>3394.0</ele>
      </trkpt>
      <trkpt lat="36.56852" lon="-118.32715">
        <ele>3394.0</ele>
      </trkpt>
      <trkpt lat="36.56864" lon="-118.3271">
        <ele>3394.0</ele>
      </trkpt>
      <trkpt lat="36.56869" lon="-118.32697">
        <ele>3397.0</ele>
      </trkpt>
      <trkpt lat="36.56874" lon="-118.32691">
        <ele>3397.0</ele>
      </trkpt>
      <trkpt lat="36.56878" lon="-118.32691">
        <ele>3408.0</ele>
      </trkpt>
      <trkpt lat="36.5688" lon="-118.32686">
        <ele>3408.0</ele>
      </trkpt>
      <trkpt lat="36.56886" lon="-118.32695">
        <ele>3408.0</ele>
      </trkpt>
      <trkpt lat="36.56888" lon="-118.32686">
        <ele>3408.0</ele>
      </trkpt>
      <trkpt lat="36.56891" lon="-118.32685">
        <ele>3408.0</ele>
      </trkpt>
      <trkpt lat="36.56894" lon="-118.32689">
        <ele>3408.0</ele>
      </trkpt>
      <trkpt lat="36.56897" lon="-118.32687">
        <ele>3408.0</ele>
      </trkpt>
      <trkpt lat="36.56895" lon="-118.32679">
        <ele>3410.0</ele>
      </trkpt>
      <trkpt lat="36.56894" lon="-118.32666">
        <ele>3410.0</ele>
      </trkpt>
      <trkpt lat="36.56898" lon="-118.32662">
        <ele>3410.0</ele>
      </trkpt>
      <trkpt lat="36.56899" lon="-118.3265">
        <ele>3411.0</ele>
      </trkpt>
      <trkpt lat="36.56905" lon="-118.32645">
        <ele>3422.0</ele>
      </trkpt>
      <trkpt lat="36.56902" lon="-118.32632">
        <ele>3411.0</ele>
      </trkpt>
      <trkpt lat="36.56903" lon="-118.32628">
        <ele>3422.0</ele>
      </trkpt>
      <trkpt lat="36.56908" lon="-118.32626">
        <ele>3422.0</ele>
      </trkpt>
      <trkpt lat="36.56918" lon="-118.32601">
        <ele>3423.0</ele>
      </trkpt>
      <trkpt lat="36.5694" lon="-118.32567">
        <ele>3433.0</ele>
      </trkpt>
      <trkpt lat="36.56951" lon="-118.32541">
        <ele>3436.0</ele>
      </trkpt>
      <trkpt lat="36.56964" lon="-118.32523">
        <ele>3439.0</ele>
      </trkpt>
      <trkpt lat="36.56972" lon="-118.32519">
        <ele>3439.0</ele>
      </trkpt>
      <trkpt lat="36.56988" lon="-118.325">
        <ele>3441.0</ele>
      </trkpt>
      <trkpt lat="36.57027" lon="-118.32478">
        <ele>3442.0</ele>
      </trkpt>
      <trkpt lat="36.57039" lon="-118.32464">
        <ele>3442.0</ele>
      </trkpt>
      <trkpt lat="36.57051" lon="-118.3244">
        <ele>3442.0</ele>
      </trkpt>
      <trkpt lat="36.57058" lon="-118.32407">
        <ele>3444.0</ele>
      </trkpt>
      <trkpt lat="36.57063" lon="-118.32402">
        <ele>3449.0</ele>
      </trkpt>
      <trkpt lat="36.57075" lon="-118.32371">
        <ele>3454.0</ele>
      </trkpt>
      <trkpt lat="36.57098" lon="-118.32347">
        <ele>3455.0</ele>
      </trkpt>
      <trkpt lat="36.57116" lon="-118.32334">
        <ele>3455.0</ele>
      </trkpt>
      <trkpt lat="36.57144" lon="-118.32304">
        <ele>3460.0</ele>
      </trkpt>
      <trkpt lat="36.5715" lon="-118.3229">
        <ele>3465.0</ele>
      </trkpt>
      <trkpt lat="36.57155187799225" lon="-118.3228401407782">
        <ele>3472.0</ele>
      </trkpt>
      <trkpt lat="36.57155187801847" lon="-118.3228401407782">
        <ele>3472.0</ele>
      </trkpt>
      <trkpt lat="36.57163" lon="-118.32275">
        <ele>3472.0</ele>
      </trkpt>
      <trkpt lat="36.57163" lon="-118.32275">
        <ele>3472.0</ele>
      </trkpt>
      <trkpt lat="36.57174" lon="-118.32261">
        <ele>3479.0</ele>
      </trkpt>
      <trkpt lat="36.57192" lon="-118.32246">
        <ele>3485.0</ele>
      </trkpt>
      <trkpt lat="36.57203" lon="-118.32226">
        <ele>3490.0</ele>
      </trkpt>
      <trkpt lat="36.57212" lon="-118.32218">
        <ele>3489.0</ele>
      </trkpt>
      <trkpt lat="36.57221" lon="-118.32204">
        <ele>3491.0</ele>
      </trkpt>
      <trkpt lat="36.57243" lon="-118.32133">
        <ele>3493.0</ele>
      </trkpt>
      <trkpt lat="36.57246" lon="-118.32129">
        <ele>3493.0</ele>
      </trkpt>
      <trkpt lat="36.5725" lon="-118.32128">
        <ele>3493.0</ele>
      </trkpt>
      <trkpt lat="36.57257" lon="-118.32116">
        <ele>3497.0</ele>
      </trkpt>
      <trkpt lat="36.5728" lon="-118.32061">
        <ele>3500.0</ele>
      </trkpt>
      <trkpt lat="36.57282" lon="-118.32045">
        <ele>3500.0</ele>
      </trkpt>
      <trkpt lat="36.57282" lon="-118.32025">
        <ele>3503.0</ele>
      </trkpt>
      <trkpt lat="36.57279" lon="-118.32014">
        <ele>3503.0</ele>
      </trkpt>
      <trkpt lat="36.57281" lon="-118.31983">
        <ele>3506.0</ele>
      </trkpt>
      <trkpt lat="36.57289" lon="-118.31967">
        <ele>3506.0</ele>
      </trkpt>
      <trkpt lat="36.57295" lon="-118.3196">
        <ele>3507.0</ele>
      </trkpt>
      <trkpt lat="36.57296" lon="-118.31946">
        <ele>3508.0</ele>
      </trkpt>
      <trkpt lat="36.57297" lon="-118.31943">
        <ele>3508.0</ele>
      </trkpt>
      <trkpt lat="36.57302" lon="-118.31944">
        <ele>3508.0</ele>
      </trkpt>
      <trkpt lat="36.57301" lon="-118.31937">
        <ele>3508.0</ele>
      </trkpt>
      <trkpt lat="36.57306" lon="-118.31906">
        <ele>3510.0</ele>
      </trkpt>
      <trkpt lat="36.57304" lon="-118.31878">
        <ele>3514.0</ele>
      </trkpt>
      <trkpt lat="36.57301" lon="-118.31874">
        <ele>3516.0</ele>
      </trkpt>
      <trkpt lat="36.57304" lon="-118.31861">
        <ele>3516.0</ele>
      </trkpt>
      <trkpt lat="36.57301" lon="-118.31842">
        <ele>3516.0</ele>
      </trkpt>
      <trkpt lat="36.57306" lon="-118.31827">
        <ele>3516.0</ele>
      </trkpt>
      <trkpt lat="36.57306" lon="-118.31816">
        <ele>3518.0</ele>
      </trkpt>
      <trkpt lat="36.57301" lon="-118.31803">
        <ele>3518.0</ele>
      </trkpt>
      <trkpt lat="36.57303" lon="-118.31794">
        <ele>3518.0</ele>
      </trkpt>
      <trkpt lat="36.57301" lon="-118.31774">
        <ele>3519.0</ele>
      </trkpt>
      <trkpt lat="36.57301" lon="-118.31745">
        <ele>3521.0</ele>
      </trkpt>
      <trkpt lat="36.57304" lon="-118.31737">
        <ele>3521.0</ele>
      </trkpt>
      <trkpt lat="36.57305" lon="-118.31712">
        <ele>3522.0</ele>
      </trkpt>
      <trkpt lat="36.57312" lon="-118.31697">
        <ele>3523.0</ele>
      </trkpt>
      <trkpt lat="36.57314" lon="-118.31681">
        <ele>3523.0</ele>
      </trkpt>
      <trkpt lat="36.57318" lon="-118.3167">
        <ele>3523.0</ele>
      </trkpt>
      <trkpt lat="36.57318" lon="-118.31655">
        <ele>3523.0</ele>
      </trkpt>
      <trkpt lat="36.57323" lon="-118.31641">
        <ele>3520.0</ele>
      </trkpt>
      <trkpt lat="36.57323" lon="-118.31621">
        <ele>3520.0</ele>
      </trkpt>
      <trkpt lat="36.57321" lon="-118.31616">
        <ele>3520.0</ele>
      </trkpt>
      <trkpt lat="36.57313" lon="-118.31525">
        <ele>3522.0</ele>
      </trkpt>
      <trkpt lat="36.57315" lon="-118.31519">
        <ele>3522.0</ele>
      </trkpt>
      <trkpt lat="36.57322" lon="-118.31509">
        <ele>3523.0</ele>
      </trkpt>
      <trkpt lat="36.57322" lon="-118.31489">
        <ele>3523.0</ele>
      </trkpt>
      <trkpt lat="36.57319" lon="-118.31472">
        <ele>3519.0</ele>
      </trkpt>
      <trkpt lat="36.57312" lon="-118.31463">
        <ele>3519.0</ele>
      </trkpt>
      <trkpt lat="36.57303" lon="-118.31462">
        <ele>3519.0</ele>
      </trkpt>
      <trkpt lat="36.57293" lon="-118.31453">
        <ele>3518.0</ele>
      </trkpt>
      <trkpt lat="36.5729" lon="-118.31446">
        <ele>3512.0</ele>
      </trkpt>
      <trkpt lat="36.57285" lon="-118.31445">
        <ele>3512.0</ele>
      </trkpt>
      <trkpt lat="36.57284" lon="-118.31429">
        <ele>3512.0</ele>
      </trkpt>
      <trkpt lat="36.57281" lon="-118.31426">
        <ele>3512.0</ele>
      </trkpt>
      <trkpt lat="36.57275" lon="-118.31423">
        <ele>3512.0</ele>
      </trkpt>
      <trkpt lat="36.57272" lon="-118.3143">
        <ele>3512.0</ele>
      </trkpt>
      <trkpt lat="36.57266" lon="-118.3143">
        <ele>3512.0</ele>
      </trkpt>
      <trkpt lat="36.5726" lon="-118.31443">
        <ele>3506.0</ele>
      </trkpt>
      <trkpt lat="36.57257" lon="-118.31444">
        <ele>3506.0</ele>
      </trkpt>
      <trkpt lat="36.5725" lon="-118.31437">
        <ele>3506.0</ele>
      </trkpt>
      <trkpt lat="36.57243" lon="-118.31438">
        <ele>3506.0</ele>
      </trkpt>
      <trkpt lat="36.57236" lon="-118.31428">
        <ele>3504.0</ele>
      </trkpt>
      <trkpt lat="36.57230326065585" lon="-118.3140587165578">
        <ele>3504.0</ele>
      </trkpt>
      <trkpt lat="36.5723" lon="-118.31406">
        <ele>3504.0</ele>
      </trkpt>
      <trkpt lat="36.57219" lon="-118.31424">
        <ele>3504.0</ele>
      </trkpt>
      <trkpt lat="36.57195" lon="-118.31446">
        <ele>3503.0</ele>
      </trkpt>
      <trkpt lat="36.57176" lon="-118.3145">
        <ele>3500.0</ele>
      </trkpt>
      <trkpt lat="36.57149" lon="-118.31469">
        <ele>3497.0</ele>
      </trkpt>
      <trkpt lat="36.5714615651106" lon="-118.3147321620774">
        <ele>3497.0</ele>
      </trkpt>
      <trkpt lat="36.57146156515876" lon="-118.3147321620774">
        <ele>3497.0</ele>
      </trkpt>
      <trkpt lat="36.57149" lon="-118.31469">
        <ele>3497.0</ele>
      </trkpt>
      <trkpt lat="36.57176" lon="-118.3145">
        <ele>3500.0</ele>
      </trkpt>
      <trkpt lat="36.57195" lon="-118.31446">
        <ele>3503.0</ele>
      </trkpt>
      <trkpt lat="36.57219" lon="-118.31424">
        <ele>3504.0</ele>
      </trkpt>
      <trkpt lat="36.5723" lon="-118.31406">
        <ele>3504.0</ele>
      </trkpt>
      <trkpt lat="36.57230326065585" lon="-118.3140587165578">
        <ele>3504.0</ele>
      </trkpt>
      <trkpt lat="36.57226" lon="-118.31389">
        <ele>3505.0</ele>
      </trkpt>
      <trkpt lat="36.57214" lon="-118.31357">
        <ele>3505.0</ele>
      </trkpt>
      <trkpt lat="36.57212" lon="-118.31338">
        <ele>3508.0</ele>
      </trkpt>
      <trkpt lat="36.57212" lon="-118.31292">
        <ele>3511.0</ele>
      </trkpt>
      <trkpt lat="36.5721" lon="-118.3128">
        <ele>3515.0</ele>
      </trkpt>
      <trkpt lat="36.57199" lon="-118.3126">
        <ele>3511.0</ele>
      </trkpt>
      <trkpt lat="36.57181" lon="-118.31236">
        <ele>3511.0</ele>
      </trkpt>
      <trkpt lat="36.57176" lon="-118.31226">
        <ele>3502.0</ele>
      </trkpt>
      <trkpt lat="36.5718" lon="-118.31225">
        <ele>3502.0</ele>
      </trkpt>
      <trkpt lat="36.57175" lon="-118.31222">
        <ele>3502.0</ele>
      </trkpt>
      <trkpt lat="36.57177" lon="-118.31218">
        <ele>3502.0</ele>
      </trkpt>
      <trkpt lat="36.57172" lon="-118.31217">
        <ele>3502.0</ele>
      </trkpt>
      <trkpt lat="36.5717" lon="-118.31209">
        <ele>3502.0</ele>
      </trkpt>
      <trkpt lat="36.5717" lon="-118.31199">
        <ele>3502.0</ele>
      </trkpt>
      <trkpt lat="36.57178" lon="-118.31187">
        <ele>3502.0</ele>
      </trkpt>
      <trkpt lat="36.57185" lon="-118.3115">
        <ele>3515.0</ele>
      </trkpt>
      <trkpt lat="36.57187" lon="-118.31067">
        <ele>3522.0</ele>
      </trkpt>
      <trkpt lat="36.57174" lon="-118.31024">
        <ele>3518.0</ele>
      </trkpt>
      <trkpt lat="36.57176" lon="-118.31005">
        <ele>3519.0</ele>
      </trkpt>
      <trkpt lat="36.57173" lon="-118.30978">
        <ele>3522.0</ele>
      </trkpt>
      <trkpt lat="36.57162" lon="-118.30933">
        <ele>3528.0</ele>
      </trkpt>
      <trkpt lat="36.57157" lon="-118.30927">
        <ele>3538.0</ele>
      </trkpt>
      <trkpt lat="36.57138" lon="-118.30917">
        <ele>3538.0</ele>
      </trkpt>
      <trkpt lat="36.57102" lon="-118.30903">
        <ele>3539.0</ele>
      </trkpt>
      <trkpt lat="36.57088" lon="-118.30892">
        <ele>3543.0</ele>
      </trkpt>
      <trkpt lat="36.57081" lon="-118.3089">
        <ele>3543.0</ele>
      </trkpt>
      <trkpt lat="36.57068759431458" lon="-118.3087587626707">
        <ele>3542.0</ele>
      </trkpt>
      <trkpt lat="36.5706875943206" lon="-118.3087587626707">
        <ele>3542.0</ele>
      </trkpt>
      <trkpt lat="36.57068" lon="-118.30875">
        <ele>3548.0</ele>
      </trkpt>
      <trkpt lat="36.57046" lon="-118.30864">
        <ele>3548.0</ele>
      </trkpt>
      <trkpt lat="36.57044" lon="-118.30851">
        <ele>3548.0</ele>
      </trkpt>
      <trkpt lat="36.57054" lon="-118.30846">
        <ele>3555.0</ele>
      </trkpt>
      <trkpt lat="36.57055" lon="-118.30839">
        <ele>3555.0</ele>
      </trkpt>
      <trkpt lat="36.57042" lon="-118.30829">
        <ele>3555.0</ele>
      </trkpt>
      <trkpt lat="36.57015" lon="-118.30831">
        <ele>3550.0</ele>
      </trkpt>
      <trkpt lat="36.57013" lon="-118.3083">
        <ele>3543.0</ele>
      </trkpt>
      <trkpt lat="36.57011" lon="-118.30821">
        <ele>3543.0</ele>
      </trkpt>
      <trkpt lat="36.57006" lon="-118.30819">
        <ele>3546.0</ele>
      </trkpt>
      <trkpt lat="36.57" lon="-118.30824">
        <ele>3543.0</ele>
      </trkpt>
      <trkpt lat="36.56996" lon="-118.30821">
        <ele>3543.0</ele>
      </trkpt>
      <trkpt lat="36.56973" lon="-118.30791">
        <ele>3545.0</ele>
      </trkpt>
      <trkpt lat="36.56961" lon="-118.30769">
        <ele>3545.0</ele>
      </trkpt>
      <trkpt lat="36.56945" lon="-118.30752">
        <ele>3545.0</ele>
      </trkpt>
      <trkpt lat="36.56933" lon="-118.30731">
        <ele>3550.0</ele>
      </trkpt>
      <trkpt lat="36.56925" lon="-118.30707">
        <ele>3553.0</ele>
      </trkpt>
      <trkpt lat="36.56913" lon="-118.30691">
        <ele>3553.0</ele>
      </trkpt>
      <trkpt lat="36.56905" lon="-118.30669">
        <ele>3561.0</ele>
      </trkpt>
      <trkpt lat="36.56894" lon="-118.30668">
        <ele>3562.0</ele>
      </trkpt>
      <trkpt lat="36.56893" lon="-118.30665">
        <ele>3562.0</ele>
      </trkpt>
      <trkpt lat="36.56898" lon="-118.30659">
        <ele>3562.0</ele>
      </trkpt>
      <trkpt lat="36.5689" lon="-118.30657">
        <ele>3562.0</ele>
      </trkpt>
      <trkpt lat="36.56892" lon="-118.3065">
        <ele>3571.0</ele>
      </trkpt>
      <trkpt lat="36.56888" lon="-118.30647">
        <ele>3571.0</ele>
      </trkpt>
      <trkpt lat="36.56887" lon="-118.30641">
        <ele>3571.0</ele>
      </trkpt>
      <trkpt lat="36.56889" lon="-118.30637">
        <ele>3571.0</ele>
      </trkpt>
      <trkpt lat="36.56896" lon="-118.30635">
        <ele>3571.0</ele>
      </trkpt>
      <trkpt lat="36.56893" lon="-118.30635">
        <ele>3571.0</ele>
      </trkpt>
      <trkpt lat="36.56887" lon="-118.30627">
        <ele>3571.0</ele>
      </trkpt>
      <trkpt lat="36.56897" lon="-118.30627">
        <ele>3571.0</ele>
      </trkpt>
      <trkpt lat="36.569" lon="-118.30622">
        <ele>3580.0</ele>
      </trkpt>
      <trkpt lat="36.56893" lon="-118.30613">
        <ele>3580.0</ele>
      </trkpt>
      <trkpt lat="36.56896" lon="-118.30609">
        <ele>3580.0</ele>
      </trkpt>
      <trkpt lat="36.56897" lon="-118.30603">
        <ele>3580.0</ele>
      </trkpt>
      <trkpt lat="36.56892" lon="-118.30603">
        <ele>3580.0</ele>
      </trkpt>
      <trkpt lat="36.56902" lon="-118.30593">
        <ele>3588.0</ele>
      </trkpt>
      <trkpt lat="36.56898" lon="-118.30582">
        <ele>3588.0</ele>
      </trkpt>
      <trkpt lat="36.56902" lon="-118.30572">
        <ele>3588.0</ele>
      </trkpt>
      <trkpt lat="36.56896" lon="-118.30557">
        <ele>3594.0</ele>
      </trkpt>
      <trkpt lat="36.56896" lon="-118.30551">
        <ele>3594.0</ele>
      </trkpt>
      <trkpt lat="36.56902" lon="-118.30543">
        <ele>3594.0</ele>
      </trkpt>
      <trkpt lat="36.56899" lon="-118.30536">
        <ele>3600.0</ele>
      </trkpt>
      <trkpt lat="36.5689" lon="-118.30527">
        <ele>3600.0</ele>
      </trkpt>
      <trkpt lat="36.56885" lon="-118.30508">
        <ele>3608.0</ele>
      </trkpt>
      <trkpt lat="36.56877" lon="-118.30497">
        <ele>3608.0</ele>
      </trkpt>
      <trkpt lat="36.56876" lon="-118.30482">
        <ele>3618.0</ele>
      </trkpt>
      <trkpt lat="36.56869" lon="-118.30467">
        <ele>3610.0</ele>
      </trkpt>
      <trkpt lat="36.56869" lon="-118.30461">
        <ele>3610.0</ele>
      </trkpt>
      <trkpt lat="36.56874" lon="-118.30461">
        <ele>3610.0</ele>
      </trkpt>
      <trkpt lat="36.56873" lon="-118.30457">
        <ele>3619.0</ele>
      </trkpt>
      <trkpt lat="36.56866" lon="-118.30444">
        <ele>3619.0</ele>
      </trkpt>
      <trkpt lat="36.56865" lon="-118.30435">
        <ele>3619.0</ele>
      </trkpt>
      <trkpt lat="36.5686" lon="-118.30427">
        <ele>3628.0</ele>
      </trkpt>
      <trkpt lat="36.56858" lon="-118.30418">
        <ele>3628.0</ele>
      </trkpt>
      <trkpt lat="36.56852" lon="-118.30419">
        <ele>3628.0</ele>
      </trkpt>
      <trkpt lat="36.56848" lon="-118.30414">
        <ele>3628.0</ele>
      </trkpt>
      <trkpt lat="36.56845" lon="-118.30402">
        <ele>3633.0</ele>
      </trkpt>
      <trkpt lat="36.56837" lon="-118.304">
        <ele>3633.0</ele>
      </trkpt>
      <trkpt lat="36.56829" lon="-118.30404">
        <ele>3627.0</ele>
      </trkpt>
      <trkpt lat="36.56821" lon="-118.30398">
        <ele>3633.0</ele>
      </trkpt>
      <trkpt lat="36.56803" lon="-118.30398">
        <ele>3635.0</ele>
      </trkpt>
      <trkpt lat="36.56798" lon="-118.30393">
        <ele>3635.0</ele>
      </trkpt>
      <trkpt lat="36.56791" lon="-118.30369">
        <ele>3635.0</ele>
      </trkpt>
      <trkpt lat="36.56757" lon="-118.30347">
        <ele>3639.0</ele>
      </trkpt>
      <trkpt lat="36.56742" lon="-118.30341">
        <ele>3639.0</ele>
      </trkpt>
      <trkpt lat="36.56735" lon="-118.30342">
        <ele>3642.0</ele>
      </trkpt>
      <trkpt lat="36.56702" lon="-118.30354">
        <ele>3642.0</ele>
      </trkpt>
      <trkpt lat="36.56697" lon="-118.30353">
        <ele>3642.0</ele>
      </trkpt>
      <trkpt lat="36.5667" lon="-118.30324">
        <ele>3646.0</ele>
      </trkpt>
      <trkpt lat="36.56663" lon="-118.30309">
        <ele>3650.0</ele>
      </trkpt>
      <trkpt lat="36.5665" lon="-118.30293">
        <ele>3652.0</ele>
      </trkpt>
      <trkpt lat="36.56628" lon="-118.30273">
        <ele>3656.0</ele>
      </trkpt>
      <trkpt lat="36.56606" lon="-118.30261">
        <ele>3658.0</ele>
      </trkpt>
      <trkpt lat="36.56604" lon="-118.30243">
        <ele>3658.0</ele>
      </trkpt>
      <trkpt lat="36.56593" lon="-118.302">
        <ele>3666.0</ele>
      </trkpt>
      <trkpt lat="36.56585" lon="-118.30178">
        <ele>3669.0</ele>
      </trkpt>
      <trkpt lat="36.56585" lon="-118.30166">
        <ele>3669.0</ele>
      </trkpt>
      <trkpt lat="36.56568" lon="-118.30137">
        <ele>3678.0</ele>
      </trkpt>
      <trkpt lat="36.56567" lon="-118.30129">
        <ele>3678.0</ele>
      </trkpt>
      <trkpt lat="36.56554" lon="-118.30131">
        <ele>3678.0</ele>
      </trkpt>
      <trkpt lat="36.56547" lon="-118.30124">
        <ele>3686.0</ele>
      </trkpt>
      <trkpt lat="36.56536" lon="-118.30127">
        <ele>3681.0</ele>
      </trkpt>
      <trkpt lat="36.56526" lon="-118.30123">
        <ele>3688.0</ele>
      </trkpt>
      <trkpt lat="36.56503" lon="-118.30078">
        <ele>3691.0</ele>
      </trkpt>
      <trkpt lat="36.56503" lon="-118.30078">
        <ele>3691.0</ele>
      </trkpt>
      <trkpt lat="36.56497" lon="-118.30071">
        <ele>3691.0</ele>
      </trkpt>
      <trkpt lat="36.56491" lon="-118.3007">
        <ele>3691.0</ele>
      </trkpt>
      <trkpt lat="36.56476" lon="-118.30075">
        <ele>3698.0</ele>
      </trkpt>
      <trkpt lat="36.56473" lon="-118.30073">
        <ele>3698.0</ele>
      </trkpt>
      <trkpt lat="36.56474" lon="-118.30069">
        <ele>3704.0</ele>
      </trkpt>
      <trkpt lat="36.56478" lon="-118.30063">
        <ele>3704.0</ele>
      </trkpt>
      <trkpt lat="36.56468" lon="-118.30062">
        <ele>3704.0</ele>
      </trkpt>
      <trkpt lat="36.56466" lon="-118.30058">
        <ele>3704.0</ele>
      </trkpt>
      <trkpt lat="36.56468" lon="-118.30054">
        <ele>3704.0</ele>
      </trkpt>
      <trkpt lat="36.56476" lon="-118.30051">
        <ele>3704.0</ele>
      </trkpt>
      <trkpt lat="36.56482" lon="-118.30036">
        <ele>3713.0</ele>
      </trkpt>
      <trkpt lat="36.56467" lon="-118.30039">
        <ele>3713.0</ele>
      </trkpt>
      <trkpt lat="36.56472" lon="-118.30028">
        <ele>3713.0</ele>
      </trkpt>
      <trkpt lat="36.56477" lon="-118.30024">
        <ele>3713.0</ele>
      </trkpt>
      <trkpt lat="36.56469" lon="-118.30025">
        <ele>3713.0</ele>
      </trkpt>
      <trkpt lat="36.56473" lon="-118.30015">
        <ele>3713.0</ele>
      </trkpt>
      <trkpt lat="36.56462" lon="-118.30014">
        <ele>3713.0</ele>
      </trkpt>
      <trkpt lat="36.56475" lon="-118.30001">
        <ele>3723.0</ele>
      </trkpt>
      <trkpt lat="36.56474" lon="-118.29997">
        <ele>3723.0</ele>
      </trkpt>
      <trkpt lat="36.56455" lon="-118.29996">
        <ele>3723.0</ele>
      </trkpt>
      <trkpt lat="36.56441" lon="-118.30007">
        <ele>3723.0</ele>
      </trkpt>
      <trkpt lat="36.56429" lon="-118.30001">
        <ele>3727.0</ele>
      </trkpt>
      <trkpt lat="36.56438" lon="-118.29986">
        <ele>3735.0</ele>
      </trkpt>
      <trkpt lat="36.56439" lon="-118.29981">
        <ele>3735.0</ele>
      </trkpt>
      <trkpt lat="36.56431" lon="-118.2998">
        <ele>3735.0</ele>
      </trkpt>
      <trkpt lat="36.56424" lon="-118.29976">
        <ele>3737.0</ele>
      </trkpt>
      <trkpt lat="36.56428" lon="-118.29971">
        <ele>3737.0</ele>
      </trkpt>
      <trkpt lat="36.56437" lon="-118.29966">
        <ele>3735.0</ele>
      </trkpt>
      <trkpt lat="36.56437" lon="-118.29963">
        <ele>3735.0</ele>
      </trkpt>
      <trkpt lat="36.56422" lon="-118.29957">
        <ele>3747.0</ele>
      </trkpt>
      <trkpt lat="36.56412" lon="-118.29949">
        <ele>3747.0</ele>
      </trkpt>
      <trkpt lat="36.56426" lon="-118.2994">
        <ele>3747.0</ele>
      </trkpt>
      <trkpt lat="36.56417" lon="-118.29936">
        <ele>3747.0</ele>
      </trkpt>
      <trkpt lat="36.56413" lon="-118.29931">
        <ele>3747.0</ele>
      </trkpt>
      <trkpt lat="36.56463" lon="-118.29904">
        <ele>3763.0</ele>
      </trkpt>
      <trkpt lat="36.56428" lon="-118.29896">
        <ele>3777.0</ele>
      </trkpt>
      <trkpt lat="36.56414" lon="-118.29884">
        <ele>3777.0</ele>
      </trkpt>
      <trkpt lat="36.56403" lon="-118.2988">
        <ele>3777.0</ele>
      </trkpt>
      <trkpt lat="36.56387" lon="-118.29879">
        <ele>3774.0</ele>
      </trkpt>
      <trkpt lat="36.56378" lon="-118.29874">
        <ele>3794.0</ele>
      </trkpt>
      <trkpt lat="36.56366" lon="-118.29874">
        <ele>3795.0</ele>
      </trkpt>
      <trkpt lat="36.5633" lon="-118.29856">
        <ele>3795.0</ele>
      </trkpt>
      <trkpt lat="36.56288" lon="-118.29849">
        <ele>3789.0</ele>
      </trkpt>
      <trkpt lat="36.5626" lon="-118.29837">
        <ele>3806.0</ele>
      </trkpt>
      <trkpt lat="36.5626" lon="-118.29837">
        <ele>3806.0</ele>
      </trkpt>
      <trkpt lat="36.5624" lon="-118.29827">
        <ele>3806.0</ele>
      </trkpt>
      <trkpt lat="36.56213" lon="-118.29823">
        <ele>3795.0</ele>
      </trkpt>
      <trkpt lat="36.56188" lon="-118.29804">
        <ele>3807.0</ele>
      </trkpt>
      <trkpt lat="36.56152" lon="-118.29785">
        <ele>3826.0</ele>
      </trkpt>
      <trkpt lat="36.56092" lon="-118.29748">
        <ele>3828.0</ele>
      </trkpt>
      <trkpt lat="36.561" lon="-118.29745">
        <ele>3838.0</ele>
      </trkpt>
      <trkpt lat="36.56147" lon="-118.29746">
        <ele>3844.0</ele>
      </trkpt>
      <trkpt lat="36.56182" lon="-118.29756">
        <ele>3849.0</ele>
      </trkpt>
      <trkpt lat="36.56205" lon="-118.29753">
        <ele>3849.0</ele>
      </trkpt>
      <trkpt lat="36.56228" lon="-118.29759">
        <ele>3852.0</ele>
      </trkpt>
      <trkpt lat="36.5626" lon="-118.29757">
        <ele>3858.0</ele>
      </trkpt>
      <trkpt lat="36.5626" lon="-118.29757">
        <ele>3858.0</ele>
      </trkpt>
      <trkpt lat="36.56264" lon="-118.29757">
        <ele>3858.0</ele>
      </trkpt>
      <trkpt lat="36.5626" lon="-118.29753">
        <ele>3858.0</ele>
      </trkpt>
      <trkpt lat="36.5626" lon="-118.29753">
        <ele>3858.0</ele>
      </trkpt>
      <trkpt lat="36.56198" lon="-118.29727">
        <ele>3876.0</ele>
      </trkpt>
      <trkpt lat="36.56166" lon="-118.29708">
        <ele>3887.0</ele>
      </trkpt>
      <trkpt lat="36.56126" lon="-118.2968">
        <ele>3894.0</ele>
      </trkpt>
      <trkpt lat="36.56116" lon="-118.29665">
        <ele>3887.0</ele>
      </trkpt>
      <trkpt lat="36.56077" lon="-118.29646">
        <ele>3897.0</ele>
      </trkpt>
      <trkpt lat="36.56067" lon="-118.29637">
        <ele>3886.0</ele>
      </trkpt>
      <trkpt lat="36.56039" lon="-118.29617">
        <ele>3896.0</ele>
      </trkpt>
      <trkpt lat="36.5605" lon="-118.29616">
        <ele>3904.0</ele>
      </trkpt>
      <trkpt lat="36.56083" lon="-118.29627">
        <ele>3897.0</ele>
      </trkpt>
      <trkpt lat="36.56116" lon="-118.29626">
        <ele>3905.0</ele>
      </trkpt>
      <trkpt lat="36.56134" lon="-118.29634">
        <ele>3911.0</ele>
      </trkpt>
      <trkpt lat="36.56174" lon="-118.29643">
        <ele>3922.0</ele>
      </trkpt>
      <trkpt lat="36.56195" lon="-118.29641">
        <ele>3928.0</ele>
      </trkpt>
      <trkpt lat="36.56192" lon="-118.29636">
        <ele>3928.0</ele>
      </trkpt>
      <trkpt lat="36.56187" lon="-118.29636">
        <ele>3928.0</ele>
      </trkpt>
      <trkpt lat="36.56178" lon="-118.2963">
        <ele>3922.0</ele>
      </trkpt>
      <trkpt lat="36.56161" lon="-118.29611">
        <ele>3938.0</ele>
      </trkpt>
      <trkpt lat="36.56143" lon="-118.29598">
        <ele>3930.0</ele>
      </trkpt>
      <trkpt lat="36.56127" lon="-118.29581">
        <ele>3945.0</ele>
      </trkpt>
      <trkpt lat="36.56106" lon="-118.29577">
        <ele>3937.0</ele>
      </trkpt>
      <trkpt lat="36.56093" lon="-118.29568">
        <ele>3946.0</ele>
      </trkpt>
      <trkpt lat="36.56045" lon="-118.29514">
        <ele>3951.0</ele>
      </trkpt>
      <trkpt lat="36.56031" lon="-118.29502">
        <ele>3970.0</ele>
      </trkpt>
      <trkpt lat="36.56017" lon="-118.29495">
        <ele>3970.0</ele>
      </trkpt>
      <trkpt lat="36.55997" lon="-118.29499">
        <ele>3973.0</ele>
      </trkpt>
      <trkpt lat="36.55992" lon="-118.29495">
        <ele>3973.0</ele>
      </trkpt>
      <trkpt lat="36.55992" lon="-118.29493">
        <ele>3973.0</ele>
      </trkpt>
      <trkpt lat="36.56004" lon="-118.29493">
        <ele>3973.0</ele>
      </trkpt>
      <trkpt lat="36.5601" lon="-118.29484">
        <ele>3992.0</ele>
      </trkpt>
      <trkpt lat="36.56016" lon="-118.29481">
        <ele>3991.0</ele>
      </trkpt>
      <trkpt lat="36.56025" lon="-118.29481">
        <ele>3991.0</ele>
      </trkpt>
      <trkpt lat="36.56046" lon="-118.29485">
        <ele>3990.0</ele>
      </trkpt>
      <trkpt lat="36.56089" lon="-118.29501">
        <ele>3980.0</ele>
      </trkpt>
      <trkpt lat="36.56102" lon="-118.295">
        <ele>3993.0</ele>
      </trkpt>
      <trkpt lat="36.56114" lon="-118.29512">
        <ele>3993.0</ele>
      </trkpt>
      <trkpt lat="36.56123" lon="-118.29505">
        <ele>3993.0</ele>
      </trkpt>
      <trkpt lat="36.56136" lon="-118.29508">
        <ele>3999.0</ele>
      </trkpt>
      <trkpt lat="36.56142" lon="-118.29505">
        <ele>3999.0</ele>
      </trkpt>
      <trkpt lat="36.56178" lon="-118.29517">
        <ele>3990.0</ele>
      </trkpt>
      <trkpt lat="36.56151" lon="-118.29488">
        <ele>3999.0</ele>
      </trkpt>
      <trkpt lat="36.56143" lon="-118.29483">
        <ele>4014.0</ele>
      </trkpt>
      <trkpt lat="36.56121" lon="-118.29476">
        <ele>4010.0</ele>
      </trkpt>
      <trkpt lat="36.56118" lon="-118.29469">
        <ele>4010.0</ele>
      </trkpt>
      <trkpt lat="36.56099" lon="-118.29456">
        <ele>4026.0</ele>
      </trkpt>
      <trkpt lat="36.56083" lon="-118.29436">
        <ele>4022.0</ele>
      </trkpt>
      <trkpt lat="36.56061" lon="-118.29418">
        <ele>4037.0</ele>
      </trkpt>
      <trkpt lat="36.56042" lon="-118.29407">
        <ele>4037.0</ele>
      </trkpt>
      <trkpt lat="36.56028" lon="-118.29408">
        <ele>4031.0</ele>
      </trkpt>
      <trkpt lat="36.56025" lon="-118.29413">
        <ele>4031.0</ele>
      </trkpt>
      <trkpt lat="36.56021" lon="-118.2941">
        <ele>4031.0</ele>
      </trkpt>
      <trkpt lat="36.56024" lon="-118.29401">
        <ele>4049.0</ele>
      </trkpt>
      <trkpt lat="36.56038" lon="-118.29396">
        <ele>4049.0</ele>
      </trkpt>
      <trkpt lat="36.56051" lon="-118.29403">
        <ele>4037.0</ele>
      </trkpt>
      <trkpt lat="36.5607" lon="-118.29403">
        <ele>4043.0</ele>
      </trkpt>
      <trkpt lat="36.56077" lon="-118.29405">
        <ele>4043.0</ele>
      </trkpt>
      <trkpt lat="36.56082" lon="-118.29415">
        <ele>4043.0</ele>
      </trkpt>
      <trkpt lat="36.56092" lon="-118.29414">
        <ele>4043.0</ele>
      </trkpt>
      <trkpt lat="36.56099" lon="-118.29421">
        <ele>4046.0</ele>
      </trkpt>
      <trkpt lat="36.56117" lon="-118.2942">
        <ele>4046.0</ele>
      </trkpt>
      <trkpt lat="36.56133" lon="-118.29426">
        <ele>4053.0</ele>
      </trkpt>
      <trkpt lat="36.56144" lon="-118.29423">
        <ele>4053.0</ele>
      </trkpt>
      <trkpt lat="36.56154" lon="-118.29427">
        <ele>4056.0</ele>
      </trkpt>
      <trkpt lat="36.56174" lon="-118.2943">
        <ele>4056.0</ele>
      </trkpt>
      <trkpt lat="36.56172" lon="-118.29426">
        <ele>4056.0</ele>
      </trkpt>
      <trkpt lat="36.56157" lon="-118.29414">
        <ele>4056.0</ele>
      </trkpt>
      <trkpt lat="36.56112" lon="-118.29391">
        <ele>4068.0</ele>
      </trkpt>
      <trkpt lat="36.56119" lon="-118.29389">
        <ele>4068.0</ele>
      </trkpt>
      <trkpt lat="36.56126" lon="-118.29394">
        <ele>4073.0</ele>
      </trkpt>
      <trkpt lat="36.56146" lon="-118.2939">
        <ele>4073.0</ele>
      </trkpt>
      <trkpt lat="36.56193" lon="-118.29401">
        <ele>4078.0</ele>
      </trkpt>
      <trkpt lat="36.56209" lon="-118.29401">
        <ele>4089.0</ele>
      </trkpt>
      <trkpt lat="36.56218" lon="-118.29407">
        <ele>4074.0</ele>
      </trkpt>
      <trkpt lat="36.56199681207662" lon="-118.2937645912171">
        <ele>4078.0</ele>
      </trkpt>
      <trkpt lat="36.56199353148759" lon="-118.2937693770897">
        <ele>4078.0</ele>
      </trkpt>
      <trkpt lat="36.56174" lon="-118.2935">
        <ele>4087.0</ele>
      </trkpt>
      <trkpt lat="36.56153" lon="-118.29334">
        <ele>4100.0</ele>
      </trkpt>
      <trkpt lat="36.56107" lon="-118.29316">
        <ele>4120.0</ele>
      </trkpt>
      <trkpt lat="36.56102" lon="-118.29316">
        <ele>4120.0</ele>
      </trkpt>
      <trkpt lat="36.56095" lon="-118.29309">
        <ele>4117.0</ele>
      </trkpt>
      <trkpt lat="36.56087" lon="-118.2931">
        <ele>4117.0</ele>
      </trkpt>
      <trkpt lat="36.56073" lon="-118.29298">
        <ele>4117.0</ele>
      </trkpt>
      <trkpt lat="36.56069" lon="-118.29297">
        <ele>4113.0</ele>
      </trkpt>
      <trkpt lat="36.56063" lon="-118.29302">
        <ele>4113.0</ele>
      </trkpt>
      <trkpt lat="36.56057" lon="-118.29311">
        <ele>4113.0</ele>
      </trkpt>
      <trkpt lat="36.56057" lon="-118.29311">
        <ele>4113.0</ele>
      </trkpt>
      <trkpt lat="36.56055" lon="-118.29305">
        <ele>4113.0</ele>
      </trkpt>
      <trkpt lat="36.56069" lon="-118.29292">
        <ele>4113.0</ele>
      </trkpt>
      <trkpt lat="36.56094" lon="-118.29293">
        <ele>4117.0</ele>
      </trkpt>
      <trkpt lat="36.56106" lon="-118.2928">
        <ele>4133.0</ele>
      </trkpt>
      <trkpt lat="36.56131" lon="-118.2926">
        <ele>4129.0</ele>
      </trkpt>
      <trkpt lat="36.56149" lon="-118.29252">
        <ele>4129.0</ele>
      </trkpt>
      <trkpt lat="36.56161" lon="-118.29249">
        <ele>4118.0</ele>
      </trkpt>
      <trkpt lat="36.5618" lon="-118.29251">
        <ele>4118.0</ele>
      </trkpt>
      <trkpt lat="36.56204" lon="-118.29246">
        <ele>4109.0</ele>
      </trkpt>
      <trkpt lat="36.56217055836916" lon="-118.2925122233477">
        <ele>4111.0</ele>
      </trkpt>
      <trkpt lat="36.56217055842784" lon="-118.2925122233477">
        <ele>4111.0</ele>
      </trkpt>
      <trkpt lat="36.56224" lon="-118.29254">
        <ele>4111.0</ele>
      </trkpt>
      <trkpt lat="36.56234" lon="-118.29262">
        <ele>4111.0</ele>
      </trkpt>
      <trkpt lat="36.5626" lon="-118.29275">
        <ele>4126.0</ele>
      </trkpt>
      <trkpt lat="36.5626" lon="-118.29275">
        <ele>4126.0</ele>
      </trkpt>
      <trkpt lat="36.56265" lon="-118.29278">
        <ele>4141.0</ele>
      </trkpt>
      <trkpt lat="36.56289" lon="-118.29308">
        <ele>4140.0</ele>
      </trkpt>
      <trkpt lat="36.56309" lon="-118.29323">
        <ele>4143.0</ele>
      </trkpt>
      <trkpt lat="36.56308" lon="-118.29317">
        <ele>4150.0</ele>
      </trkpt>
      <trkpt lat="36.56298" lon="-118.29302">
        <ele>4150.0</ele>
      </trkpt>
      <trkpt lat="36.56277" lon="-118.29254">
        <ele>4133.0</ele>
      </trkpt>
      <trkpt lat="36.56276" lon="-118.29244">
        <ele>4133.0</ele>
      </trkpt>
      <trkpt lat="36.5627" lon="-118.2924">
        <ele>4133.0</ele>
      </trkpt>
      <trkpt lat="36.56269" lon="-118.29233">
        <ele>4125.0</ele>
      </trkpt>
      <trkpt lat="36.5626" lon="-118.29224">
        <ele>4113.0</ele>
      </trkpt>
      <trkpt lat="36.5626" lon="-118.29224">
        <ele>4113.0</ele>
      </trkpt>
      <trkpt lat="36.56251" lon="-118.29203">
        <ele>4103.0</ele>
      </trkpt>
      <trkpt lat="36.5626" lon="-118.29209">
        <ele>4113.0</ele>
      </trkpt>
      <trkpt lat="36.5626" lon="-118.29209">
        <ele>4113.0</ele>
      </trkpt>
      <trkpt lat="36.56295" lon="-118.29229">
        <ele>4131.0</ele>
      </trkpt>
      <trkpt lat="36.56315" lon="-118.29247">
        <ele>4146.0</ele>
      </trkpt>
      <trkpt lat="36.56327" lon="-118.2925">
        <ele>4160.0</ele>
      </trkpt>
      <trkpt lat="36.56335" lon="-118.29259">
        <ele>4160.0</ele>
      </trkpt>
      <trkpt lat="36.56344" lon="-118.29264">
        <ele>4162.0</ele>
      </trkpt>
      <trkpt lat="36.56353" lon="-118.29266">
        <ele>4173.0</ele>
      </trkpt>
      <trkpt lat="36.56364" lon="-118.29257">
        <ele>4174.0</ele>
      </trkpt>
      <trkpt lat="36.56373" lon="-118.29255">
        <ele>4174.0</ele>
      </trkpt>
      <trkpt lat="36.56382" lon="-118.29267">
        <ele>4180.0</ele>
      </trkpt>
      <trkpt lat="36.56385" lon="-118.29267">
        <ele>4180.0</ele>
      </trkpt>
      <trkpt lat="36.56394" lon="-118.29257">
        <ele>4186.0</ele>
      </trkpt>
      <trkpt lat="36.56404" lon="-118.29255">
        <ele>4192.0</ele>
      </trkpt>
      <trkpt lat="36.56408" lon="-118.2926">
        <ele>4192.0</ele>
      </trkpt>
      <trkpt lat="36.56411" lon="-118.29272">
        <ele>4184.0</ele>
      </trkpt>
      <trkpt lat="36.56415" lon="-118.29274">
        <ele>4184.0</ele>
      </trkpt>
      <trkpt lat="36.56428" lon="-118.29257">
        <ele>4192.0</ele>
      </trkpt>
      <trkpt lat="36.56437" lon="-118.29252">
        <ele>4198.0</ele>
      </trkpt>
      <trkpt lat="36.56442" lon="-118.2925">
        <ele>4198.0</ele>
      </trkpt>
      <trkpt lat="36.5645" lon="-118.29255">
        <ele>4198.0</ele>
      </trkpt>
      <trkpt lat="36.56455" lon="-118.29246">
        <ele>4198.0</ele>
      </trkpt>
      <trkpt lat="36.56479" lon="-118.29243">
        <ele>4196.0</ele>
      </trkpt>
      <trkpt lat="36.56484" lon="-118.29245">
        <ele>4196.0</ele>
      </trkpt>
      <trkpt lat="36.56494" lon="-118.29258">
        <ele>4190.0</ele>
      </trkpt>
      <trkpt lat="36.56501" lon="-118.2925">
        <ele>4190.0</ele>
      </trkpt>
      <trkpt lat="36.56514" lon="-118.29253">
        <ele>4185.0</ele>
      </trkpt>
      <trkpt lat="36.56518" lon="-118.29251">
        <ele>4185.0</ele>
      </trkpt>
      <trkpt lat="36.5653" lon="-118.29257">
        <ele>4185.0</ele>
      </trkpt>
      <trkpt lat="36.56534" lon="-118.29269">
        <ele>4181.0</ele>
      </trkpt>
      <trkpt lat="36.56541" lon="-118.29271">
        <ele>4181.0</ele>
      </trkpt>
      <trkpt lat="36.56545" lon="-118.29277">
        <ele>4175.0</ele>
      </trkpt>
      <trkpt lat="36.56548" lon="-118.29277">
        <ele>4175.0</ele>
      </trkpt>
      <trkpt lat="36.56564" lon="-118.2926">
        <ele>4183.0</ele>
      </trkpt>
      <trkpt lat="36.56573" lon="-118.29256">
        <ele>4169.0</ele>
      </trkpt>
      <trkpt lat="36.56597" lon="-118.29238">
        <ele>4169.0</ele>
      </trkpt>
      <trkpt lat="36.56615" lon="-118.29247">
        <ele>4143.0</ele>
      </trkpt>
      <trkpt lat="36.56622" lon="-118.29246">
        <ele>4143.0</ele>
      </trkpt>
      <trkpt lat="36.56628" lon="-118.29248">
        <ele>4118.0</ele>
      </trkpt>
      <trkpt lat="36.56633" lon="-118.29245">
        <ele>4118.0</ele>
      </trkpt>
      <trkpt lat="36.5664" lon="-118.29256">
        <ele>4118.0</ele>
      </trkpt>
      <trkpt lat="36.56644" lon="-118.29256">
        <ele>4118.0</ele>
      </trkpt>
      <trkpt lat="36.56647" lon="-118.29252">
        <ele>4118.0</ele>
      </trkpt>
      <trkpt lat="36.56653" lon="-118.29252">
        <ele>4100.0</ele>
      </trkpt>
      <trkpt lat="36.56661" lon="-118.29268">
        <ele>4159.0</ele>
      </trkpt>
      <trkpt lat="36.56665" lon="-118.2927">
        <ele>4159.0</ele>
      </trkpt>
      <trkpt lat="36.56673" lon="-118.29265">
        <ele>4159.0</ele>
      </trkpt>
      <trkpt lat="36.56679" lon="-118.29272">
        <ele>4159.0</ele>
      </trkpt>
      <trkpt lat="36.56696" lon="-118.29276">
        <ele>4163.0</ele>
      </trkpt>
      <trkpt lat="36.56702" lon="-118.29282">
        <ele>4163.0</ele>
      </trkpt>
      <trkpt lat="36.56703" lon="-118.29288">
        <ele>4163.0</ele>
      </trkpt>
      <trkpt lat="36.56708" lon="-118.29292">
        <ele>4162.0</ele>
      </trkpt>
      <trkpt lat="36.56759" lon="-118.29302">
        <ele>4153.0</ele>
      </trkpt>
      <trkpt lat="36.56771" lon="-118.29301">
        <ele>4153.0</ele>
      </trkpt>
      <trkpt lat="36.56836" lon="-118.29274">
        <ele>4128.0</ele>
      </trkpt>
      <trkpt lat="36.56874" lon="-118.29271">
        <ele>4136.0</ele>
      </trkpt>
      <trkpt lat="36.56945" lon="-118.29255">
        <ele>4113.0</ele>
      </trkpt>
      <trkpt lat="36.56964" lon="-118.29257">
        <ele>4122.0</ele>
      </trkpt>
      <trkpt lat="36.57007" lon="-118.29253">
        <ele>4124.0</ele>
      </trkpt>
      <trkpt lat="36.57042" lon="-118.29245">
        <ele>4214.0</ele>
      </trkpt>
      <trkpt lat="36.57091" lon="-118.29244">
        <ele>4219.0</ele>
      </trkpt>
      <trkpt lat="36.57113" lon="-118.29233">
        <ele>4231.0</ele>
      </trkpt>
      <trkpt lat="36.5714" lon="-118.29199">
        <ele>4233.0</ele>
      </trkpt>
      <trkpt lat="36.57156" lon="-118.29188">
        <ele>4239.0</ele>
      </trkpt>
      <trkpt lat="36.57179" lon="-118.2918">
        <ele>4248.0</ele>
      </trkpt>
      <trkpt lat="36.57218" lon="-118.29157">
        <ele>4244.0</ele>
      </trkpt>
      <trkpt lat="36.57235" lon="-118.29154">
        <ele>4244.0</ele>
      </trkpt>
      <trkpt lat="36.57248" lon="-118.29148">
        <ele>4255.0</ele>
      </trkpt>
      <trkpt lat="36.57277" lon="-118.29148">
        <ele>4256.0</ele>
      </trkpt>
      <trkpt lat="36.57328" lon="-118.29162">
        <ele>4264.0</ele>
      </trkpt>
      <trkpt lat="36.57355" lon="-118.29166">
        <ele>4271.0</ele>
      </trkpt>
      <trkpt lat="36.57382" lon="-118.29181">
        <ele>4274.0</ele>
      </trkpt>
      <trkpt lat="36.57404" lon="-118.29204">
        <ele>4278.0</ele>
      </trkpt>
      <trkpt lat="36.57427" lon="-118.29216">
        <ele>4278.0</ele>
      </trkpt>
      <trkpt lat="36.5745" lon="-118.29242">
        <ele>4276.0</ele>
      </trkpt>
      <trkpt lat="36.57459" lon="-118.29246">
        <ele>4278.0</ele>
      </trkpt>
      <trkpt lat="36.5747" lon="-118.29259">
        <ele>4278.0</ele>
      </trkpt>
      <trkpt lat="36.57479" lon="-118.29262">
        <ele>4278.0</ele>
      </trkpt>
      <trkpt lat="36.57484" lon="-118.29267">
        <ele>4275.0</ele>
      </trkpt>
      <trkpt lat="36.57503" lon="-118.29302">
        <ele>4278.0</ele>
      </trkpt>
      <trkpt lat="36.57542" lon="-118.29344">
        <ele>4292.0</ele>
      </trkpt>
      <trkpt lat="36.57585" lon="-118.29399">
        <ele>4285.0</ele>
      </trkpt>
      <trkpt lat="36.57613" lon="-118.29458">
        <ele>4295.0</ele>
      </trkpt>
      <trkpt lat="36.57637" lon="-118.29535">
        <ele>4309.0</ele>
      </trkpt>
      <trkpt lat="36.57651" lon="-118.2961">
        <ele>4305.0</ele>
      </trkpt>
      <trkpt lat="36.57651" lon="-118.29638">
        <ele>4305.0</ele>
      </trkpt>
      <trkpt lat="36.57657" lon="-118.29667">
        <ele>4323.0</ele>
      </trkpt>
      <trkpt lat="36.57655" lon="-118.29681">
        <ele>4326.0</ele>
      </trkpt>
      <trkpt lat="36.57661" lon="-118.29694">
        <ele>4326.0</ele>
      </trkpt>
      <trkpt lat="36.57684" lon="-118.2971">
        <ele>4332.0</ele>
      </trkpt>
      <trkpt lat="36.5769" lon="-118.29708">
        <ele>4338.0</ele>
      </trkpt>
      <trkpt lat="36.57705" lon="-118.29713">
        <ele>4332.0</ele>
      </trkpt>
      <trkpt lat="36.57712" lon="-118.29712">
        <ele>4334.0</ele>
      </trkpt>
      <trkpt lat="36.57716" lon="-118.29694">
        <ele>4340.0</ele>
      </trkpt>
      <trkpt lat="36.57725" lon="-118.29681">
        <ele>4340.0</ele>
      </trkpt>
      <trkpt lat="36.57738" lon="-118.29674">
        <ele>4346.0</ele>
      </trkpt>
      <trkpt lat="36.57764" lon="-118.29665">
        <ele>4347.0</ele>
      </trkpt>
      <trkpt lat="36.57763" lon="-118.29647">
        <ele>4350.0</ele>
      </trkpt>
      <trkpt lat="36.57782" lon="-118.29636">
        <ele>4351.0</ele>
      </trkpt>
      <trkpt lat="36.5782" lon="-118.29599">
        <ele>4361.0</ele>
      </trkpt>
      <trkpt lat="36.5782" lon="-118.29599">
        <ele>4361.0</ele>
      </trkpt>
      <trkpt lat="36.57798" lon="-118.29573">
        <ele>4367.0</ele>
      </trkpt>
      <trkpt lat="36.57779" lon="-118.29529">
        <ele>4374.0</ele>
      </trkpt>
      <trkpt lat="36.57772" lon="-118.29497">
        <ele>4376.0</ele>
      </trkpt>
      <trkpt lat="36.57769978155478" lon="-118.294788033993">
        <ele>4380.0</ele>
      </trkpt>
      <trkpt lat="36.57769978155867" lon="-118.294788033993">
        <ele>4380.0</ele>
      </trkpt>
      <trkpt lat="36.57767" lon="-118.29452">
        <ele>4385.0</ele>
      </trkpt>
      <trkpt lat="36.57752" lon="-118.2941">
        <ele>4367.0</ele>
      </trkpt>
      <trkpt lat="36.57747" lon="-118.29371">
        <ele>4342.0</ele>
      </trkpt>
      <trkpt lat="36.5774" lon="-118.29355">
        <ele>4342.0</ele>
      </trkpt>
      <trkpt lat="36.57742" lon="-118.2935">
        <ele>4342.0</ele>
      </trkpt>
      <trkpt lat="36.57783" lon="-118.2933">
        <ele>4340.0</ele>
      </trkpt>
      <trkpt lat="36.57795" lon="-118.29322">
        <ele>4380.0</ele>
      </trkpt>
      <trkpt lat="36.57802" lon="-118.29322">
        <ele>4380.0</ele>
      </trkpt>
      <trkpt lat="36.57807" lon="-118.29308">
        <ele>4364.0</ele>
      </trkpt>
      <trkpt lat="36.57831" lon="-118.29264">
        <ele>4382.0</ele>
      </trkpt>
      <trkpt lat="36.57848" lon="-118.29247">
        <ele>4378.0</ele>
      </trkpt>
      <trkpt lat="36.57848" lon="-118.29247">
        <ele>4378.0</ele>
      </trkpt>
      <trkpt lat="36.57848" lon="-118.29247">
        <ele>4378.0</ele>
      </trkpt>
      <trkpt lat="36.5785" lon="-118.29234">
        <ele>4360.0</ele>
      </trkpt>
      <trkpt lat="36.57857388107639" lon="-118.2921758198474">
        <ele>4360.0</ele>
      </trkpt>
      <trkpt lat="36.5785" lon="-118.29234">
        <ele>4360.0</ele>
      </trkpt>
      <trkpt lat="36.57848" lon="-118.29247">
        <ele>4378.0</ele>
      </trkpt>
      <trkpt lat="36.57848" lon="-118.29247">
        <ele>4378.0</ele>
      </trkpt>
      <trkpt lat="36.57848" lon="-118.29247">
        <ele>4378.0</ele>
      </trkpt>
      <trkpt lat="36.57831" lon="-118.29264">
        <ele>4382.0</ele>
      </trkpt>
      <trkpt lat="36.57807" lon="-118.29308">
        <ele>4364.0</ele>
      </trkpt>
      <trkpt lat="36.57802" lon="-118.29322">
        <ele>4380.0</ele>
      </trkpt>
      <trkpt lat="36.57795" lon="-118.29322">
        <ele>4380.0</ele>
      </trkpt>
      <trkpt lat="36.57783" lon="-118.2933">
        <ele>4340.0</ele>
      </trkpt>
      <trkpt lat="36.57761839244532" lon="-118.2934032231974">
        <ele>4314.0</ele>
      </trkpt>
      <trkpt lat="36.57761839271717" lon="-118.2934032231974">
        <ele>4314.0</ele>
      </trkpt>
      <trkpt lat="36.57742" lon="-118.2935">
        <ele>4342.0</ele>
      </trkpt>
      <trkpt lat="36.5774" lon="-118.29355">
        <ele>4342.0</ele>
      </trkpt>
      <trkpt lat="36.57747" lon="-118.29371">
        <ele>4342.0</ele>
      </trkpt>
      <trkpt lat="36.57752" lon="-118.2941">
        <ele>4367.0</ele>
      </trkpt>
      <trkpt lat="36.57767" lon="-118.29452">
        <ele>4385.0</ele>
      </trkpt>
      <trkpt lat="36.57772" lon="-118.29497">
        <ele>4376.0</ele>
      </trkpt>
      <trkpt lat="36.57779" lon="-118.29529">
        <ele>4374.0</ele>
      </trkpt>
      <trkpt lat="36.5778227729549" lon="-118.295365895264">
        <ele>4374.0</ele>
      </trkpt>
      <trkpt lat="36.57782277298827" lon="-118.295365895264">
        <ele>4374.0</ele>
      </trkpt>
      <trkpt lat="36.57798" lon="-118.29573">
        <ele>4367.0</ele>
      </trkpt>
      <trkpt lat="36.5782" lon="-118.29599">
        <ele>4361.0</ele>
      </trkpt>
      <trkpt lat="36.5782" lon="-118.29599">
        <ele>4361.0</ele>
      </trkpt>
      <trkpt lat="36.57782" lon="-118.29636">
        <ele>4351.0</ele>
      </trkpt>
      <trkpt lat="36.57763" lon="-118.29647">
        <ele>4350.0</ele>
      </trkpt>
      <trkpt lat="36.57764" lon="-118.29665">
        <ele>4347.0</ele>
      </trkpt>
      <trkpt lat="36.57738" lon="-118.29674">
        <ele>4346.0</ele>
      </trkpt>
      <trkpt lat="36.57725" lon="-118.29681">
        <ele>4340.0</ele>
      </trkpt>
      <trkpt lat="36.57716" lon="-118.29694">
        <ele>4340.0</ele>
      </trkpt>
      <trkpt lat="36.57712" lon="-118.29712">
        <ele>4334.0</ele>
      </trkpt>
      <trkpt lat="36.57705" lon="-118.29713">
        <ele>4332.0</ele>
      </trkpt>
      <trkpt lat="36.5769" lon="-118.29708">
        <ele>4338.0</ele>
      </trkpt>
      <trkpt lat="36.57684" lon="-118.2971">
        <ele>4332.0</ele>
      </trkpt>
      <trkpt lat="36.57661" lon="-118.29694">
        <ele>4326.0</ele>
      </trkpt>
      <trkpt lat="36.57655" lon="-118.29681">
        <ele>4326.0</ele>
      </trkpt>
      <trkpt lat="36.57657" lon="-118.29667">
        <ele>4323.0</ele>
      </trkpt>
      <trkpt lat="36.57651" lon="-118.29638">
        <ele>4305.0</ele>
      </trkpt>
      <trkpt lat="36.57651" lon="-118.2961">
        <ele>4305.0</ele>
      </trkpt>
      <trkpt lat="36.57641764583077" lon="-118.295605245522">
        <ele>4310.0</ele>
      </trkpt>
      <trkpt lat="36.57641764585928" lon="-118.295605245522">
        <ele>4310.0</ele>
      </trkpt>
      <trkpt lat="36.57637" lon="-118.29535">
        <ele>4309.0</ele>
      </trkpt>
      <trkpt lat="36.57613" lon="-118.29458">
        <ele>4295.0</ele>
      </trkpt>
      <trkpt lat="36.57585" lon="-118.29399">
        <ele>4285.0</ele>
      </trkpt>
      <trkpt lat="36.57542" lon="-118.29344">
        <ele>4292.0</ele>
      </trkpt>
      <trkpt lat="36.57503" lon="-118.29302">
        <ele>4278.0</ele>
      </trkpt>
      <trkpt lat="36.57484" lon="-118.29267">
        <ele>4275.0</ele>
      </trkpt>
      <trkpt lat="36.57479" lon="-118.29262">
        <ele>4278.0</ele>
      </trkpt>
      <trkpt lat="36.5747" lon="-118.29259">
        <ele>4278.0</ele>
      </trkpt>
      <trkpt lat="36.57459" lon="-118.29246">
        <ele>4278.0</ele>
      </trkpt>
      <trkpt lat="36.5745" lon="-118.29242">
        <ele>4276.0</ele>
      </trkpt>
      <trkpt lat="36.57427" lon="-118.29216">
        <ele>4278.0</ele>
      </trkpt>
      <trkpt lat="36.57404" lon="-118.29204">
        <ele>4278.0</ele>
      </trkpt>
      <trkpt lat="36.57382" lon="-118.29181">
        <ele>4274.0</ele>
      </trkpt>
      <trkpt lat="36.57355" lon="-118.29166">
        <ele>4271.0</ele>
      </trkpt>
      <trkpt lat="36.57328" lon="-118.29162">
        <ele>4264.0</ele>
      </trkpt>
      <trkpt lat="36.57277" lon="-118.29148">
        <ele>4256.0</ele>
      </trkpt>
      <trkpt lat="36.57248" lon="-118.29148">
        <ele>4255.0</ele>
      </trkpt>
      <trkpt lat="36.57235" lon="-118.29154">
        <ele>4244.0</ele>
      </trkpt>
      <trkpt lat="36.57218" lon="-118.29157">
        <ele>4244.0</ele>
      </trkpt>
      <trkpt lat="36.57179" lon="-118.2918">
        <ele>4248.0</ele>
      </trkpt>
      <trkpt lat="36.57156" lon="-118.29188">
        <ele>4239.0</ele>
      </trkpt>
      <trkpt lat="36.5714" lon="-118.29199">
        <ele>4233.0</ele>
      </trkpt>
      <trkpt lat="36.57113" lon="-118.29233">
        <ele>4231.0</ele>
      </trkpt>
      <trkpt lat="36.57091" lon="-118.29244">
        <ele>4219.0</ele>
      </trkpt>
      <trkpt lat="36.57042" lon="-118.29245">
        <ele>4214.0</ele>
      </trkpt>
      <trkpt lat="36.57007" lon="-118.29253">
        <ele>4124.0</ele>
      </trkpt>
      <trkpt lat="36.56964" lon="-118.29257">
        <ele>4122.0</ele>
      </trkpt>
      <trkpt lat="36.56945" lon="-118.29255">
        <ele>4113.0</ele>
      </trkpt>
      <trkpt lat="36.56874" lon="-118.29271">
        <ele>4136.0</ele>
      </trkpt>
      <trkpt lat="36.56836" lon="-118.29274">
        <ele>4128.0</ele>
      </trkpt>
      <trkpt lat="36.56771" lon="-118.29301">
        <ele>4153.0</ele>
      </trkpt>
      <trkpt lat="36.56759" lon="-118.29302">
        <ele>4153.0</ele>
      </trkpt>
      <trkpt lat="36.56708" lon="-118.29292">
        <ele>4162.0</ele>
      </trkpt>
      <trkpt lat="36.56703" lon="-118.29288">
        <ele>4163.0</ele>
      </trkpt>
      <trkpt lat="36.56702" lon="-118.29282">
        <ele>4163.0</ele>
      </trkpt>
      <trkpt lat="36.56696" lon="-118.29276">
        <ele>4163.0</ele>
      </trkpt>
      <trkpt lat="36.56679" lon="-118.29272">
        <ele>4159.0</ele>
      </trkpt>
      <trkpt lat="36.56673" lon="-118.29265">
        <ele>4159.0</ele>
      </trkpt>
      <trkpt lat="36.56665" lon="-118.2927">
        <ele>4159.0</ele>
      </trkpt>
      <trkpt lat="36.56661" lon="-118.29268">
        <ele>4159.0</ele>
      </trkpt>
      <trkpt lat="36.56653" lon="-118.29252">
        <ele>4100.0</ele>
      </trkpt>
      <trkpt lat="36.56647" lon="-118.29252">
        <ele>4118.0</ele>
      </trkpt>
      <trkpt lat="36.56644" lon="-118.29256">
        <ele>4118.0</ele>
      </trkpt>
      <trkpt lat="36.5664" lon="-118.29256">
        <ele>4118.0</ele>
      </trkpt>
      <trkpt lat="36.56633" lon="-118.29245">
        <ele>4118.0</ele>
      </trkpt>
      <trkpt lat="36.56628" lon="-118.29248">
        <ele>4118.0</ele>
      </trkpt>
      <trkpt lat="36.56622" lon="-118.29246">
        <ele>4143.0</ele>
      </trkpt>
      <trkpt lat="36.56615" lon="-118.29247">
        <ele>4143.0</ele>
      </trkpt>
      <trkpt lat="36.56597" lon="-118.29238">
        <ele>4169.0</ele>
      </trkpt>
      <trkpt lat="36.56573" lon="-118.29256">
        <ele>4169.0</ele>
      </trkpt>
      <trkpt lat="36.56564" lon="-118.2926">
        <ele>4183.0</ele>
      </trkpt>
      <trkpt lat="36.56548" lon="-118.29277">
        <ele>4175.0</ele>
      </trkpt>
      <trkpt lat="36.56545" lon="-118.29277">
        <ele>4175.0</ele>
      </trkpt>
      <trkpt lat="36.56541" lon="-118.29271">
        <ele>4181.0</ele>
      </trkpt>
      <trkpt lat="36.56534" lon="-118.29269">
        <ele>4181.0</ele>
      </trkpt>
      <trkpt lat="36.5653" lon="-118.29257">
        <ele>4185.0</ele>
      </trkpt>
      <trkpt lat="36.56518" lon="-118.29251">
        <ele>4185.0</ele>
      </trkpt>
      <trkpt lat="36.56514" lon="-118.29253">
        <ele>4185.0</ele>
      </trkpt>
      <trkpt lat="36.56501" lon="-118.2925">
        <ele>4190.0</ele>
      </trkpt>
      <trkpt lat="36.56494" lon="-118.29258">
        <ele>4190.0</ele>
      </trkpt>
      <trkpt lat="36.56484" lon="-118.29245">
        <ele>4196.0</ele>
      </trkpt>
      <trkpt lat="36.56479" lon="-118.29243">
        <ele>4196.0</ele>
      </trkpt>
      <trkpt lat="36.56455" lon="-118.29246">
        <ele>4198.0</ele>
      </trkpt>
      <trkpt lat="36.5645" lon="-118.29255">
        <ele>4198.0</ele>
      </trkpt>
      <trkpt lat="36.56442" lon="-118.2925">
        <ele>4198.0</ele>
      </trkpt>
      <trkpt lat="36.56437" lon="-118.29252">
        <ele>4198.0</ele>
      </trkpt>
      <trkpt lat="36.56428" lon="-118.29257">
        <ele>4192.0</ele>
      </trkpt>
      <trkpt lat="36.56415" lon="-118.29274">
        <ele>4184.0</ele>
      </trkpt>
      <trkpt lat="36.56411" lon="-118.29272">
        <ele>4184.0</ele>
      </trkpt>
      <trkpt lat="36.56408" lon="-118.2926">
        <ele>4192.0</ele>
      </trkpt>
      <trkpt lat="36.56404" lon="-118.29255">
        <ele>4192.0</ele>
      </trkpt>
      <trkpt lat="36.56394" lon="-118.29257">
        <ele>4186.0</ele>
      </trkpt>
      <trkpt lat="36.56385" lon="-118.29267">
        <ele>4180.0</ele>
      </trkpt>
      <trkpt lat="36.56382" lon="-118.29267">
        <ele>4180.0</ele>
      </trkpt>
      <trkpt lat="36.56373" lon="-118.29255">
        <ele>4174.0</ele>
      </trkpt>
      <trkpt lat="36.56364" lon="-118.29257">
        <ele>4174.0</ele>
      </trkpt>
      <trkpt lat="36.56353" lon="-118.29266">
        <ele>4173.0</ele>
      </trkpt>
      <trkpt lat="36.56344" lon="-118.29264">
        <ele>4162.0</ele>
      </trkpt>
      <trkpt lat="36.56335" lon="-118.29259">
        <ele>4160.0</ele>
      </trkpt>
      <trkpt lat="36.56327" lon="-118.2925">
        <ele>4160.0</ele>
      </trkpt>
      <trkpt lat="36.56315" lon="-118.29247">
        <ele>4146.0</ele>
      </trkpt>
      <trkpt lat="36.56295" lon="-118.29229">
        <ele>4131.0</ele>
      </trkpt>
      <trkpt lat="36.5626" lon="-118.29209">
        <ele>4113.0</ele>
      </trkpt>
      <trkpt lat="36.5626" lon="-118.29209">
        <ele>4113.0</ele>
      </trkpt>
      <trkpt lat="36.56251" lon="-118.29203">
        <ele>4103.0</ele>
      </trkpt>
      <trkpt lat="36.5626" lon="-118.29224">
        <ele>4113.0</ele>
      </trkpt>
      <trkpt lat="36.5626" lon="-118.29224">
        <ele>4113.0</ele>
      </trkpt>
      <trkpt lat="36.56269" lon="-118.29233">
        <ele>4125.0</ele>
      </trkpt>
      <trkpt lat="36.5627" lon="-118.2924">
        <ele>4133.0</ele>
      </trkpt>
      <trkpt lat="36.56276" lon="-118.29244">
        <ele>4133.0</ele>
      </trkpt>
      <trkpt lat="36.56277" lon="-118.29254">
        <ele>4133.0</ele>
      </trkpt>
      <trkpt lat="36.56298" lon="-118.29302">
        <ele>4150.0</ele>
      </trkpt>
      <trkpt lat="36.56308" lon="-118.29317">
        <ele>4150.0</ele>
      </trkpt>
      <trkpt lat="36.56309" lon="-118.29323">
        <ele>4143.0</ele>
      </trkpt>
      <trkpt lat="36.56289" lon="-118.29308">
        <ele>4140.0</ele>
      </trkpt>
      <trkpt lat="36.56265" lon="-118.29278">
        <ele>4141.0</ele>
      </trkpt>
      <trkpt lat="36.5626" lon="-118.29275">
        <ele>4126.0</ele>
      </trkpt>
      <trkpt lat="36.5626" lon="-118.29275">
        <ele>4126.0</ele>
      </trkpt>
      <trkpt lat="36.56234" lon="-118.29262">
        <ele>4111.0</ele>
      </trkpt>
      <trkpt lat="36.56224" lon="-118.29254">
        <ele>4111.0</ele>
      </trkpt>
      <trkpt lat="36.56204" lon="-118.29246">
        <ele>4109.0</ele>
      </trkpt>
      <trkpt lat="36.5618" lon="-118.29251">
        <ele>4118.0</ele>
      </trkpt>
      <trkpt lat="36.56161" lon="-118.29249">
        <ele>4118.0</ele>
      </trkpt>
      <trkpt lat="36.56149" lon="-118.29252">
        <ele>4129.0</ele>
      </trkpt>
      <trkpt lat="36.56131" lon="-118.2926">
        <ele>4129.0</ele>
      </trkpt>
      <trkpt lat="36.56106" lon="-118.2928">
        <ele>4133.0</ele>
      </trkpt>
      <trkpt lat="36.56094" lon="-118.29293">
        <ele>4117.0</ele>
      </trkpt>
      <trkpt lat="36.56069" lon="-118.29292">
        <ele>4113.0</ele>
      </trkpt>
      <trkpt lat="36.56055" lon="-118.29305">
        <ele>4113.0</ele>
      </trkpt>
      <trkpt lat="36.56057" lon="-118.29311">
        <ele>4113.0</ele>
      </trkpt>
      <trkpt lat="36.56057" lon="-118.29311">
        <ele>4113.0</ele>
      </trkpt>
      <trkpt lat="36.56052" lon="-118.29312">
        <ele>4113.0</ele>
      </trkpt>
      <trkpt lat="36.56048" lon="-118.29309">
        <ele>4113.0</ele>
      </trkpt>
      <trkpt lat="36.56038" lon="-118.29283">
        <ele>4118.0</ele>
      </trkpt>
      <trkpt lat="36.56031" lon="-118.29274">
        <ele>4118.0</ele>
      </trkpt>
      <trkpt lat="36.56021" lon="-118.29265">
        <ele>4118.0</ele>
      </trkpt>
      <trkpt lat="36.56006" lon="-118.29258">
        <ele>4117.0</ele>
      </trkpt>
      <trkpt lat="36.55998" lon="-118.2924">
        <ele>4117.0</ele>
      </trkpt>
      <trkpt lat="36.55986" lon="-118.29229">
        <ele>4119.0</ele>
      </trkpt>
      <trkpt lat="36.55992" lon="-118.29226">
        <ele>4126.0</ele>
      </trkpt>
      <trkpt lat="36.55984" lon="-118.29214">
        <ele>4119.0</ele>
      </trkpt>
      <trkpt lat="36.55968" lon="-118.29209">
        <ele>4119.0</ele>
      </trkpt>
      <trkpt lat="36.55965" lon="-118.29196">
        <ele>4129.0</ele>
      </trkpt>
      <trkpt lat="36.55958" lon="-118.29187">
        <ele>4132.0</ele>
      </trkpt>
      <trkpt lat="36.55944" lon="-118.29174">
        <ele>4139.0</ele>
      </trkpt>
      <trkpt lat="36.55944" lon="-118.29166">
        <ele>4139.0</ele>
      </trkpt>
      <trkpt lat="36.55934" lon="-118.29158">
        <ele>4139.0</ele>
      </trkpt>
      <trkpt lat="36.55934" lon="-118.29158">
        <ele>4139.0</ele>
      </trkpt>
      <trkpt lat="36.55927" lon="-118.29147">
        <ele>4152.0</ele>
      </trkpt>
      <trkpt lat="36.55905" lon="-118.29135">
        <ele>4152.0</ele>
      </trkpt>
      <trkpt lat="36.55894" lon="-118.29119">
        <ele>4159.0</ele>
      </trkpt>
      <trkpt lat="36.55891" lon="-118.29109">
        <ele>4159.0</ele>
      </trkpt>
      <trkpt lat="36.55887" lon="-118.29077">
        <ele>4159.0</ele>
      </trkpt>
      <trkpt lat="36.55888" lon="-118.29066">
        <ele>4155.0</ele>
      </trkpt>
      <trkpt lat="36.55885" lon="-118.29061">
        <ele>4155.0</ele>
      </trkpt>
      <trkpt lat="36.55887" lon="-118.2905">
        <ele>4155.0</ele>
      </trkpt>
      <trkpt lat="36.55885" lon="-118.29042">
        <ele>4155.0</ele>
      </trkpt>
      <trkpt lat="36.55889" lon="-118.29002">
        <ele>4155.0</ele>
      </trkpt>
      <trkpt lat="36.55892" lon="-118.28938">
        <ele>4146.0</ele>
      </trkpt>
      <trkpt lat="36.55888" lon="-118.28915">
        <ele>4139.0</ele>
      </trkpt>
      <trkpt lat="36.55889" lon="-118.28908">
        <ele>4139.0</ele>
      </trkpt>
      <trkpt lat="36.55882" lon="-118.2888">
        <ele>4131.0</ele>
      </trkpt>
      <trkpt lat="36.55881" lon="-118.28859">
        <ele>4123.0</ele>
      </trkpt>
      <trkpt lat="36.55878" lon="-118.28854">
        <ele>4123.0</ele>
      </trkpt>
      <trkpt lat="36.55877" lon="-118.28829">
        <ele>4114.0</ele>
      </trkpt>
      <trkpt lat="36.55861" lon="-118.2877">
        <ele>4114.0</ele>
      </trkpt>
      <trkpt lat="36.55858" lon="-118.28746">
        <ele>4093.0</ele>
      </trkpt>
      <trkpt lat="36.55853" lon="-118.28734">
        <ele>4075.0</ele>
      </trkpt>
      <trkpt lat="36.5586" lon="-118.28735">
        <ele>4075.0</ele>
      </trkpt>
      <trkpt lat="36.55866" lon="-118.28747">
        <ele>4093.0</ele>
      </trkpt>
      <trkpt lat="36.55893" lon="-118.28786">
        <ele>4086.0</ele>
      </trkpt>
      <trkpt lat="36.55885" lon="-118.28736">
        <ele>4059.0</ele>
      </trkpt>
      <trkpt lat="36.55887" lon="-118.28737">
        <ele>4074.0</ele>
      </trkpt>
      <trkpt lat="36.55922" lon="-118.28792">
        <ele>4077.0</ele>
      </trkpt>
      <trkpt lat="36.55948" lon="-118.28846">
        <ele>4064.0</ele>
      </trkpt>
      <trkpt lat="36.55945" lon="-118.28795">
        <ele>4052.0</ele>
      </trkpt>
      <trkpt lat="36.55947" lon="-118.28795">
        <ele>4052.0</ele>
      </trkpt>
      <trkpt lat="36.55951" lon="-118.28803">
        <ele>4052.0</ele>
      </trkpt>
      <trkpt lat="36.55955" lon="-118.28818">
        <ele>4052.0</ele>
      </trkpt>
      <trkpt lat="36.55968" lon="-118.28846">
        <ele>4044.0</ele>
      </trkpt>
      <trkpt lat="36.55968" lon="-118.2881">
        <ele>4032.0</ele>
      </trkpt>
      <trkpt lat="36.55969" lon="-118.28807">
        <ele>4032.0</ele>
      </trkpt>
      <trkpt lat="36.55971" lon="-118.28807">
        <ele>4032.0</ele>
      </trkpt>
      <trkpt lat="36.55983" lon="-118.28835">
        <ele>4044.0</ele>
      </trkpt>
      <trkpt lat="36.55999" lon="-118.28865">
        <ele>4037.0</ele>
      </trkpt>
      <trkpt lat="36.56002" lon="-118.28865">
        <ele>4037.0</ele>
      </trkpt>
      <trkpt lat="36.55995" lon="-118.28831">
        <ele>4025.0</ele>
      </trkpt>
      <trkpt lat="36.55993" lon="-118.28807">
        <ele>4016.0</ele>
      </trkpt>
      <trkpt lat="36.55994" lon="-118.28774">
        <ele>4011.0</ele>
      </trkpt>
      <trkpt lat="36.55991" lon="-118.28765">
        <ele>4011.0</ele>
      </trkpt>
      <trkpt lat="36.55975" lon="-118.28739">
        <ele>4020.0</ele>
      </trkpt>
      <trkpt lat="36.55971" lon="-118.28728">
        <ele>4009.0</ele>
      </trkpt>
      <trkpt lat="36.55968" lon="-118.28706">
        <ele>3998.0</ele>
      </trkpt>
      <trkpt lat="36.55973" lon="-118.28676">
        <ele>3965.0</ele>
      </trkpt>
      <trkpt lat="36.5596" lon="-118.28662">
        <ele>3965.0</ele>
      </trkpt>
      <trkpt lat="36.55955" lon="-118.28645">
        <ele>3951.0</ele>
      </trkpt>
      <trkpt lat="36.55965" lon="-118.2866">
        <ele>3965.0</ele>
      </trkpt>
      <trkpt lat="36.55977" lon="-118.28664">
        <ele>3965.0</ele>
      </trkpt>
      <trkpt lat="36.55982" lon="-118.28675">
        <ele>3965.0</ele>
      </trkpt>
      <trkpt lat="36.55985" lon="-118.28666">
        <ele>3965.0</ele>
      </trkpt>
      <trkpt lat="36.55984" lon="-118.28683">
        <ele>3998.0</ele>
      </trkpt>
      <trkpt lat="36.55987" lon="-118.28698">
        <ele>3967.0</ele>
      </trkpt>
      <trkpt lat="36.5599" lon="-118.28669">
        <ele>3949.0</ele>
      </trkpt>
      <trkpt lat="36.55991" lon="-118.28667">
        <ele>3949.0</ele>
      </trkpt>
      <trkpt lat="36.55993" lon="-118.28673">
        <ele>3949.0</ele>
      </trkpt>
      <trkpt lat="36.55993" lon="-118.28697">
        <ele>3967.0</ele>
      </trkpt>
      <trkpt lat="36.55995" lon="-118.28695">
        <ele>3967.0</ele>
      </trkpt>
      <trkpt lat="36.55997" lon="-118.28668">
        <ele>3949.0</ele>
      </trkpt>
      <trkpt lat="36.56" lon="-118.28674">
        <ele>3949.0</ele>
      </trkpt>
      <trkpt lat="36.56" lon="-118.28682">
        <ele>3967.0</ele>
      </trkpt>
      <trkpt lat="36.56003" lon="-118.28681">
        <ele>3967.0</ele>
      </trkpt>
      <trkpt lat="36.56" lon="-118.28657">
        <ele>3949.0</ele>
      </trkpt>
      <trkpt lat="36.56002" lon="-118.28658">
        <ele>3949.0</ele>
      </trkpt>
      <trkpt lat="36.56007" lon="-118.28677">
        <ele>3949.0</ele>
      </trkpt>
      <trkpt lat="36.56008" lon="-118.28675">
        <ele>3949.0</ele>
      </trkpt>
      <trkpt lat="36.56006" lon="-118.28662">
        <ele>3949.0</ele>
      </trkpt>
      <trkpt lat="36.56008" lon="-118.28654">
        <ele>3949.0</ele>
      </trkpt>
      <trkpt lat="36.56008" lon="-118.28662">
        <ele>3949.0</ele>
      </trkpt>
      <trkpt lat="36.56011" lon="-118.28674">
        <ele>3949.0</ele>
      </trkpt>
      <trkpt lat="36.56011" lon="-118.28683">
        <ele>3967.0</ele>
      </trkpt>
      <trkpt lat="36.56015" lon="-118.28696">
        <ele>3947.0</ele>
      </trkpt>
      <trkpt lat="36.5602" lon="-118.28702">
        <ele>3947.0</ele>
      </trkpt>
      <trkpt lat="36.56018" lon="-118.28688">
        <ele>3947.0</ele>
      </trkpt>
      <trkpt lat="36.56021" lon="-118.28668">
        <ele>3923.0</ele>
      </trkpt>
      <trkpt lat="36.56019" lon="-118.2863">
        <ele>3884.0</ele>
      </trkpt>
      <trkpt lat="36.56028" lon="-118.28662">
        <ele>3923.0</ele>
      </trkpt>
      <trkpt lat="36.56031" lon="-118.28681">
        <ele>3947.0</ele>
      </trkpt>
      <trkpt lat="36.56046" lon="-118.28698">
        <ele>3929.0</ele>
      </trkpt>
      <trkpt lat="36.5605" lon="-118.28698">
        <ele>3929.0</ele>
      </trkpt>
      <trkpt lat="36.56036" lon="-118.28671">
        <ele>3923.0</ele>
      </trkpt>
      <trkpt lat="36.56039" lon="-118.28663">
        <ele>3923.0</ele>
      </trkpt>
      <trkpt lat="36.56038" lon="-118.28654">
        <ele>3923.0</ele>
      </trkpt>
      <trkpt lat="36.5604" lon="-118.28655">
        <ele>3923.0</ele>
      </trkpt>
      <trkpt lat="36.56043" lon="-118.28661">
        <ele>3913.0</ele>
      </trkpt>
      <trkpt lat="36.56045" lon="-118.2866">
        <ele>3913.0</ele>
      </trkpt>
      <trkpt lat="36.56043" lon="-118.28652">
        <ele>3890.0</ele>
      </trkpt>
      <trkpt lat="36.56047" lon="-118.28654">
        <ele>3913.0</ele>
      </trkpt>
      <trkpt lat="36.56042" lon="-118.28646">
        <ele>3890.0</ele>
      </trkpt>
      <trkpt lat="36.56043" lon="-118.28643">
        <ele>3890.0</ele>
      </trkpt>
      <trkpt lat="36.56046" lon="-118.28649">
        <ele>3890.0</ele>
      </trkpt>
      <trkpt lat="36.56043" lon="-118.28637">
        <ele>3890.0</ele>
      </trkpt>
      <trkpt lat="36.56045" lon="-118.28637">
        <ele>3890.0</ele>
      </trkpt>
      <trkpt lat="36.56049" lon="-118.28645">
        <ele>3890.0</ele>
      </trkpt>
      <trkpt lat="36.56047" lon="-118.28628">
        <ele>3890.0</ele>
      </trkpt>
      <trkpt lat="36.56051" lon="-118.28639">
        <ele>3890.0</ele>
      </trkpt>
      <trkpt lat="36.56048" lon="-118.28622">
        <ele>3879.0</ele>
      </trkpt>
      <trkpt lat="36.56049" lon="-118.2862">
        <ele>3879.0</ele>
      </trkpt>
      <trkpt lat="36.56054" lon="-118.2863">
        <ele>3890.0</ele>
      </trkpt>
      <trkpt lat="36.56054" lon="-118.28627">
        <ele>3890.0</ele>
      </trkpt>
      <trkpt lat="36.5605" lon="-118.28618">
        <ele>3879.0</ele>
      </trkpt>
      <trkpt lat="36.56056" lon="-118.28624">
        <ele>3879.0</ele>
      </trkpt>
      <trkpt lat="36.56052" lon="-118.28616">
        <ele>3879.0</ele>
      </trkpt>
      <trkpt lat="36.56053" lon="-118.28614">
        <ele>3879.0</ele>
      </trkpt>
      <trkpt lat="36.56057" lon="-118.28621">
        <ele>3879.0</ele>
      </trkpt>
      <trkpt lat="36.56055" lon="-118.28614">
        <ele>3879.0</ele>
      </trkpt>
      <trkpt lat="36.56056" lon="-118.28612">
        <ele>3879.0</ele>
      </trkpt>
      <trkpt lat="36.56059" lon="-118.28618">
        <ele>3879.0</ele>
      </trkpt>
      <trkpt lat="36.56058" lon="-118.28598">
        <ele>3879.0</ele>
      </trkpt>
      <trkpt lat="36.56062" lon="-118.28603">
        <ele>3879.0</ele>
      </trkpt>
      <trkpt lat="36.5606" lon="-118.28588">
        <ele>3870.0</ele>
      </trkpt>
      <trkpt lat="36.56061" lon="-118.2858">
        <ele>3870.0</ele>
      </trkpt>
      <trkpt lat="36.56063" lon="-118.28579">
        <ele>3870.0</ele>
      </trkpt>
      <trkpt lat="36.56063" lon="-118.28594">
        <ele>3870.0</ele>
      </trkpt>
      <trkpt lat="36.56068" lon="-118.28583">
        <ele>3870.0</ele>
      </trkpt>
      <trkpt lat="36.56066" lon="-118.28593">
        <ele>3870.0</ele>
      </trkpt>
      <trkpt lat="36.56074" lon="-118.28644">
        <ele>3888.0</ele>
      </trkpt>
      <trkpt lat="36.56076" lon="-118.28644">
        <ele>3888.0</ele>
      </trkpt>
      <trkpt lat="36.56077" lon="-118.28625">
        <ele>3877.0</ele>
      </trkpt>
      <trkpt lat="36.56082" lon="-118.28656">
        <ele>3899.0</ele>
      </trkpt>
      <trkpt lat="36.56083" lon="-118.28656">
        <ele>3899.0</ele>
      </trkpt>
      <trkpt lat="36.56084" lon="-118.28644">
        <ele>3888.0</ele>
      </trkpt>
      <trkpt lat="36.5609" lon="-118.28661">
        <ele>3899.0</ele>
      </trkpt>
      <trkpt lat="36.56092" lon="-118.28685">
        <ele>3908.0</ele>
      </trkpt>
      <trkpt lat="36.56094" lon="-118.28685">
        <ele>3908.0</ele>
      </trkpt>
      <trkpt lat="36.56095" lon="-118.28675">
        <ele>3899.0</ele>
      </trkpt>
      <trkpt lat="36.56097" lon="-118.28683">
        <ele>3908.0</ele>
      </trkpt>
      <trkpt lat="36.56099" lon="-118.2864">
        <ele>3876.0</ele>
      </trkpt>
      <trkpt lat="36.56097" lon="-118.28636">
        <ele>3888.0</ele>
      </trkpt>
      <trkpt lat="36.56095" lon="-118.28617">
        <ele>3877.0</ele>
      </trkpt>
      <trkpt lat="36.56101" lon="-118.286">
        <ele>3869.0</ele>
      </trkpt>
      <trkpt lat="36.56102" lon="-118.28572">
        <ele>3858.0</ele>
      </trkpt>
      <trkpt lat="36.56098" lon="-118.28566">
        <ele>3845.0</ele>
      </trkpt>
      <trkpt lat="36.56095" lon="-118.28545">
        <ele>3856.0</ele>
      </trkpt>
      <trkpt lat="36.56103" lon="-118.28567">
        <ele>3845.0</ele>
      </trkpt>
      <trkpt lat="36.56105" lon="-118.28568">
        <ele>3845.0</ele>
      </trkpt>
      <trkpt lat="36.56106" lon="-118.28565">
        <ele>3845.0</ele>
      </trkpt>
      <trkpt lat="36.56099" lon="-118.28531">
        <ele>3833.0</ele>
      </trkpt>
      <trkpt lat="36.56108" lon="-118.2855">
        <ele>3845.0</ele>
      </trkpt>
      <trkpt lat="36.56111" lon="-118.28548">
        <ele>3845.0</ele>
      </trkpt>
      <trkpt lat="36.56108" lon="-118.28541">
        <ele>3833.0</ele>
      </trkpt>
      <trkpt lat="36.56105" lon="-118.28519">
        <ele>3833.0</ele>
      </trkpt>
      <trkpt lat="36.56084" lon="-118.2851">
        <ele>3834.0</ele>
      </trkpt>
      <trkpt lat="36.56102" lon="-118.28511">
        <ele>3827.0</ele>
      </trkpt>
      <trkpt lat="36.56088" lon="-118.28505">
        <ele>3834.0</ele>
      </trkpt>
      <trkpt lat="36.56101" lon="-118.28503">
        <ele>3827.0</ele>
      </trkpt>
      <trkpt lat="36.56102" lon="-118.28501">
        <ele>3827.0</ele>
      </trkpt>
      <trkpt lat="36.56086" lon="-118.28499">
        <ele>3834.0</ele>
      </trkpt>
      <trkpt lat="36.56085" lon="-118.28497">
        <ele>3834.0</ele>
      </trkpt>
      <trkpt lat="36.56091" lon="-118.28496">
        <ele>3834.0</ele>
      </trkpt>
      <trkpt lat="36.56094" lon="-118.28491">
        <ele>3834.0</ele>
      </trkpt>
      <trkpt lat="36.56087" lon="-118.28494">
        <ele>3834.0</ele>
      </trkpt>
      <trkpt lat="36.56085" lon="-118.28491">
        <ele>3834.0</ele>
      </trkpt>
      <trkpt lat="36.56101" lon="-118.28482">
        <ele>3821.0</ele>
      </trkpt>
      <trkpt lat="36.5611" lon="-118.28489">
        <ele>3827.0</ele>
      </trkpt>
      <trkpt lat="36.56107" lon="-118.2848">
        <ele>3821.0</ele>
      </trkpt>
      <trkpt lat="36.56101" lon="-118.28475">
        <ele>3821.0</ele>
      </trkpt>
      <trkpt lat="36.56102" lon="-118.28472">
        <ele>3821.0</ele>
      </trkpt>
      <trkpt lat="36.56116" lon="-118.28485">
        <ele>3821.0</ele>
      </trkpt>
      <trkpt lat="36.56126" lon="-118.28487">
        <ele>3812.0</ele>
      </trkpt>
      <trkpt lat="36.56126" lon="-118.28485">
        <ele>3807.0</ele>
      </trkpt>
      <trkpt lat="36.56119" lon="-118.28481">
        <ele>3821.0</ele>
      </trkpt>
      <trkpt lat="36.56115" lon="-118.28473">
        <ele>3821.0</ele>
      </trkpt>
      <trkpt lat="36.56111" lon="-118.28456">
        <ele>3815.0</ele>
      </trkpt>
      <trkpt lat="36.56108" lon="-118.28453">
        <ele>3815.0</ele>
      </trkpt>
      <trkpt lat="36.56098" lon="-118.28452">
        <ele>3815.0</ele>
      </trkpt>
      <trkpt lat="36.56098" lon="-118.28449">
        <ele>3815.0</ele>
      </trkpt>
      <trkpt lat="36.56102" lon="-118.28447">
        <ele>3815.0</ele>
      </trkpt>
      <trkpt lat="36.56116" lon="-118.28448">
        <ele>3815.0</ele>
      </trkpt>
      <trkpt lat="36.56122" lon="-118.28456">
        <ele>3815.0</ele>
      </trkpt>
      <trkpt lat="36.56138" lon="-118.28465">
        <ele>3807.0</ele>
      </trkpt>
      <trkpt lat="36.56137" lon="-118.28459">
        <ele>3807.0</ele>
      </trkpt>
      <trkpt lat="36.56115" lon="-118.28426">
        <ele>3811.0</ele>
      </trkpt>
      <trkpt lat="36.56116" lon="-118.28417">
        <ele>3811.0</ele>
      </trkpt>
      <trkpt lat="36.56111" lon="-118.28412">
        <ele>3811.0</ele>
      </trkpt>
      <trkpt lat="36.56113" lon="-118.28409">
        <ele>3811.0</ele>
      </trkpt>
      <trkpt lat="36.56129" lon="-118.28423">
        <ele>3798.0</ele>
      </trkpt>
      <trkpt lat="36.56134" lon="-118.28425">
        <ele>3798.0</ele>
      </trkpt>
      <trkpt lat="36.56144" lon="-118.28438">
        <ele>3802.0</ele>
      </trkpt>
      <trkpt lat="36.56147" lon="-118.28437">
        <ele>3802.0</ele>
      </trkpt>
      <trkpt lat="36.56141" lon="-118.28421">
        <ele>3798.0</ele>
      </trkpt>
      <trkpt lat="36.56135" lon="-118.28382">
        <ele>3796.0</ele>
      </trkpt>
      <trkpt lat="36.56128" lon="-118.28364">
        <ele>3791.0</ele>
      </trkpt>
      <trkpt lat="36.56129" lon="-118.28363">
        <ele>3791.0</ele>
      </trkpt>
      <trkpt lat="36.56135" lon="-118.28369">
        <ele>3791.0</ele>
      </trkpt>
      <trkpt lat="36.56141" lon="-118.2838">
        <ele>3796.0</ele>
      </trkpt>
      <trkpt lat="36.56144" lon="-118.28378">
        <ele>3796.0</ele>
      </trkpt>
      <trkpt lat="36.5613" lon="-118.28342">
        <ele>3782.0</ele>
      </trkpt>
      <trkpt lat="36.56132" lon="-118.28342">
        <ele>3782.0</ele>
      </trkpt>
      <trkpt lat="36.56147" lon="-118.28361">
        <ele>3791.0</ele>
      </trkpt>
      <trkpt lat="36.56149" lon="-118.28359">
        <ele>3791.0</ele>
      </trkpt>
      <trkpt lat="36.56134" lon="-118.28328">
        <ele>3782.0</ele>
      </trkpt>
      <trkpt lat="36.56122" lon="-118.28294">
        <ele>3790.0</ele>
      </trkpt>
      <trkpt lat="36.56153" lon="-118.28326">
        <ele>3768.0</ele>
      </trkpt>
      <trkpt lat="36.56132" lon="-118.2827">
        <ele>3757.0</ele>
      </trkpt>
      <trkpt lat="36.56133" lon="-118.28267">
        <ele>3757.0</ele>
      </trkpt>
      <trkpt lat="36.5614" lon="-118.28278">
        <ele>3757.0</ele>
      </trkpt>
      <trkpt lat="36.5616" lon="-118.28299">
        <ele>3752.0</ele>
      </trkpt>
      <trkpt lat="36.56146" lon="-118.28266">
        <ele>3757.0</ele>
      </trkpt>
      <trkpt lat="36.56172310007339" lon="-118.2828451444961">
        <ele>3742.0</ele>
      </trkpt>
      <trkpt lat="36.56172310007339" lon="-118.2828451444961">
        <ele>3742.0</ele>
      </trkpt>
      <trkpt lat="36.56173" lon="-118.28285">
        <ele>3742.0</ele>
      </trkpt>
      <trkpt lat="36.56159" lon="-118.28257">
        <ele>3734.0</ele>
      </trkpt>
      <trkpt lat="36.56163" lon="-118.28258">
        <ele>3734.0</ele>
      </trkpt>
      <trkpt lat="36.56186" lon="-118.28277">
        <ele>3735.0</ele>
      </trkpt>
      <trkpt lat="36.56186" lon="-118.28274">
        <ele>3735.0</ele>
      </trkpt>
      <trkpt lat="36.56177" lon="-118.28259">
        <ele>3734.0</ele>
      </trkpt>
      <trkpt lat="36.56167" lon="-118.28246">
        <ele>3734.0</ele>
      </trkpt>
      <trkpt lat="36.56168" lon="-118.28243">
        <ele>3734.0</ele>
      </trkpt>
      <trkpt lat="36.56186" lon="-118.28253">
        <ele>3729.0</ele>
      </trkpt>
      <trkpt lat="36.56188" lon="-118.28251">
        <ele>3729.0</ele>
      </trkpt>
      <trkpt lat="36.56182" lon="-118.2824">
        <ele>3729.0</ele>
      </trkpt>
      <trkpt lat="36.56186" lon="-118.28239">
        <ele>3729.0</ele>
      </trkpt>
      <trkpt lat="36.56198" lon="-118.28246">
        <ele>3729.0</ele>
      </trkpt>
      <trkpt lat="36.56194" lon="-118.2823">
        <ele>3723.0</ele>
      </trkpt>
      <trkpt lat="36.56205" lon="-118.28231">
        <ele>3723.0</ele>
      </trkpt>
      <trkpt lat="36.5621" lon="-118.28218">
        <ele>3722.0</ele>
      </trkpt>
      <trkpt lat="36.5621" lon="-118.28215">
        <ele>3722.0</ele>
      </trkpt>
      <trkpt lat="36.5621" lon="-118.28215">
        <ele>3722.0</ele>
      </trkpt>
      <trkpt lat="36.5621" lon="-118.28215">
        <ele>3722.0</ele>
      </trkpt>
      <trkpt lat="36.56198" lon="-118.28212">
        <ele>3723.0</ele>
      </trkpt>
      <trkpt lat="36.56195" lon="-118.28208">
        <ele>3717.0</ele>
      </trkpt>
      <trkpt lat="36.56227" lon="-118.28186">
        <ele>3714.0</ele>
      </trkpt>
      <trkpt lat="36.56235" lon="-118.28178">
        <ele>3706.0</ele>
      </trkpt>
      <trkpt lat="36.5626" lon="-118.28164">
        <ele>3704.0</ele>
      </trkpt>
      <trkpt lat="36.5626" lon="-118.28164">
        <ele>3704.0</ele>
      </trkpt>
      <trkpt lat="36.56267" lon="-118.28159">
        <ele>3701.0</ele>
      </trkpt>
      <trkpt lat="36.56264" lon="-118.28156">
        <ele>3701.0</ele>
      </trkpt>
      <trkpt lat="36.5626" lon="-118.28156">
        <ele>3704.0</ele>
      </trkpt>
      <trkpt lat="36.5626" lon="-118.28156">
        <ele>3704.0</ele>
      </trkpt>
      <trkpt lat="36.56249" lon="-118.28157">
        <ele>3704.0</ele>
      </trkpt>
      <trkpt lat="36.5626" lon="-118.28149">
        <ele>3691.0</ele>
      </trkpt>
      <trkpt lat="36.56258555639637" lon="-118.2814683007525">
        <ele>3691.0</ele>
      </trkpt>
      <trkpt lat="36.56243" lon="-118.28145">
        <ele>3691.0</ele>
      </trkpt>
      <trkpt lat="36.56248" lon="-118.28138">
        <ele>3691.0</ele>
      </trkpt>
      <trkpt lat="36.5626" lon="-118.28132">
        <ele>3691.0</ele>
      </trkpt>
      <trkpt lat="36.5626" lon="-118.28132">
        <ele>3691.0</ele>
      </trkpt>
      <trkpt lat="36.5627" lon="-118.28127">
        <ele>3691.0</ele>
      </trkpt>
      <trkpt lat="36.56271" lon="-118.28123">
        <ele>3682.0</ele>
      </trkpt>
      <trkpt lat="36.5626138885598" lon="-118.28123">
        <ele>3685.0</ele>
      </trkpt>
      <trkpt lat="36.5626" lon="-118.28121">
        <ele>3685.0</ele>
      </trkpt>
      <trkpt lat="36.56269" lon="-118.28109">
        <ele>3682.0</ele>
      </trkpt>
      <trkpt lat="36.56264" lon="-118.28106">
        <ele>3682.0</ele>
      </trkpt>
      <trkpt lat="36.56266" lon="-118.28101">
        <ele>3682.0</ele>
      </trkpt>
      <trkpt lat="36.5626" lon="-118.28084">
        <ele>3682.0</ele>
      </trkpt>
      <trkpt lat="36.5626" lon="-118.28084">
        <ele>3682.0</ele>
      </trkpt>
      <trkpt lat="36.56257" lon="-118.28074">
        <ele>3682.0</ele>
      </trkpt>
      <trkpt lat="36.5626" lon="-118.28055">
        <ele>3678.0</ele>
      </trkpt>
      <trkpt lat="36.5626" lon="-118.28055">
        <ele>3678.0</ele>
      </trkpt>
      <trkpt lat="36.56273" lon="-118.28044">
        <ele>3677.0</ele>
      </trkpt>
      <trkpt lat="36.5628" lon="-118.28042">
        <ele>3677.0</ele>
      </trkpt>
      <trkpt lat="36.56295" lon="-118.2802">
        <ele>3671.0</ele>
      </trkpt>
      <trkpt lat="36.56299" lon="-118.27987">
        <ele>3669.0</ele>
      </trkpt>
      <trkpt lat="36.56294" lon="-118.27975">
        <ele>3669.0</ele>
      </trkpt>
      <trkpt lat="36.56292" lon="-118.27965">
        <ele>3669.0</ele>
      </trkpt>
      <trkpt lat="36.563" lon="-118.27947">
        <ele>3669.0</ele>
      </trkpt>
      <trkpt lat="36.56297" lon="-118.27918">
        <ele>3668.0</ele>
      </trkpt>
      <trkpt lat="36.56308" lon="-118.27881">
        <ele>3668.0</ele>
      </trkpt>
      <trkpt lat="36.56308" lon="-118.27881">
        <ele>3668.0</ele>
      </trkpt>
      <trkpt lat="36.56319742719536" lon="-118.2785958680555">
        <ele>3663.0</ele>
      </trkpt>
      <trkpt lat="36.56319742723529" lon="-118.2785958680555">
        <ele>3663.0</ele>
      </trkpt>
      <trkpt lat="36.56325" lon="-118.2785">
        <ele>3663.0</ele>
      </trkpt>
      <trkpt lat="36.56323" lon="-118.27825">
        <ele>3661.0</ele>
      </trkpt>
      <trkpt lat="36.56331" lon="-118.27785">
        <ele>3658.0</ele>
      </trkpt>
      <trkpt lat="36.56344" lon="-118.27735">
        <ele>3651.0</ele>
      </trkpt>
      <trkpt lat="36.56342" lon="-118.27719">
        <ele>3651.0</ele>
      </trkpt>
      <trkpt lat="36.56346" lon="-118.27703">
        <ele>3648.0</ele>
      </trkpt>
      <trkpt lat="36.56339" lon="-118.27693">
        <ele>3648.0</ele>
      </trkpt>
      <trkpt lat="36.56338" lon="-118.27688">
        <ele>3648.0</ele>
      </trkpt>
      <trkpt lat="36.56342" lon="-118.27682">
        <ele>3648.0</ele>
      </trkpt>
      <trkpt lat="36.56349" lon="-118.27679">
        <ele>3647.0</ele>
      </trkpt>
      <trkpt lat="36.5635" lon="-118.27673">
        <ele>3647.0</ele>
      </trkpt>
      <trkpt lat="36.56336" lon="-118.27666">
        <ele>3647.0</ele>
      </trkpt>
      <trkpt lat="36.56337" lon="-118.27659">
        <ele>3647.0</ele>
      </trkpt>
      <trkpt lat="36.56348" lon="-118.27641">
        <ele>3643.0</ele>
      </trkpt>
      <trkpt lat="36.56346" lon="-118.2763">
        <ele>3644.0</ele>
      </trkpt>
      <trkpt lat="36.56369" lon="-118.27564">
        <ele>3634.0</ele>
      </trkpt>
      <trkpt lat="36.56368" lon="-118.27543">
        <ele>3634.0</ele>
      </trkpt>
      <trkpt lat="36.5638" lon="-118.27518">
        <ele>3634.0</ele>
      </trkpt>
      <trkpt lat="36.56387" lon="-118.27493">
        <ele>3629.0</ele>
      </trkpt>
      <trkpt lat="36.56386" lon="-118.27479">
        <ele>3622.0</ele>
      </trkpt>
      <trkpt lat="36.564" lon="-118.27442">
        <ele>3619.0</ele>
      </trkpt>
      <trkpt lat="36.56429" lon="-118.27375">
        <ele>3610.0</ele>
      </trkpt>
      <trkpt lat="36.56441" lon="-118.27366">
        <ele>3618.0</ele>
      </trkpt>
      <trkpt lat="36.56463" lon="-118.27327">
        <ele>3616.0</ele>
      </trkpt>
      <trkpt lat="36.56486" lon="-118.27307">
        <ele>3609.0</ele>
      </trkpt>
      <trkpt lat="36.56496" lon="-118.27278">
        <ele>3608.0</ele>
      </trkpt>
      <trkpt lat="36.56509" lon="-118.27266">
        <ele>3608.0</ele>
      </trkpt>
      <trkpt lat="36.56527" lon="-118.27224">
        <ele>3595.0</ele>
      </trkpt>
      <trkpt lat="36.56527" lon="-118.27207">
        <ele>3582.0</ele>
      </trkpt>
      <trkpt lat="36.56533" lon="-118.27197">
        <ele>3582.0</ele>
      </trkpt>
      <trkpt lat="36.56535" lon="-118.27168">
        <ele>3569.0</ele>
      </trkpt>
      <trkpt lat="36.5654" lon="-118.2719">
        <ele>3582.0</ele>
      </trkpt>
      <trkpt lat="36.56544" lon="-118.27195">
        <ele>3591.0</ele>
      </trkpt>
      <trkpt lat="36.56551" lon="-118.27193">
        <ele>3591.0</ele>
      </trkpt>
      <trkpt lat="36.56557" lon="-118.27177">
        <ele>3577.0</ele>
      </trkpt>
      <trkpt lat="36.56561" lon="-118.2714">
        <ele>3567.0</ele>
      </trkpt>
      <trkpt lat="36.56556" lon="-118.27146">
        <ele>3567.0</ele>
      </trkpt>
      <trkpt lat="36.56554" lon="-118.27145">
        <ele>3567.0</ele>
      </trkpt>
      <trkpt lat="36.56573" lon="-118.27081">
        <ele>3552.0</ele>
      </trkpt>
      <trkpt lat="36.56576" lon="-118.27056">
        <ele>3543.0</ele>
      </trkpt>
      <trkpt lat="36.56587" lon="-118.27039">
        <ele>3536.0</ele>
      </trkpt>
      <trkpt lat="36.56587" lon="-118.27021">
        <ele>3536.0</ele>
      </trkpt>
      <trkpt lat="36.56599" lon="-118.2702">
        <ele>3542.0</ele>
      </trkpt>
      <trkpt lat="36.56609" lon="-118.27013">
        <ele>3531.0</ele>
      </trkpt>
      <trkpt lat="36.56644" lon="-118.27014">
        <ele>3546.0</ele>
      </trkpt>
      <trkpt lat="36.56653" lon="-118.27009">
        <ele>3534.0</ele>
      </trkpt>
      <trkpt lat="36.5667" lon="-118.27006">
        <ele>3534.0</ele>
      </trkpt>
      <trkpt lat="36.56672" lon="-118.27001">
        <ele>3534.0</ele>
      </trkpt>
      <trkpt lat="36.56679" lon="-118.26975">
        <ele>3522.0</ele>
      </trkpt>
      <trkpt lat="36.56679" lon="-118.26955">
        <ele>3509.0</ele>
      </trkpt>
      <trkpt lat="36.56707" lon="-118.26884">
        <ele>3491.0</ele>
      </trkpt>
      <trkpt lat="36.56717" lon="-118.26867">
        <ele>3502.0</ele>
      </trkpt>
      <trkpt lat="36.56715" lon="-118.26865">
        <ele>3502.0</ele>
      </trkpt>
      <trkpt lat="36.56707" lon="-118.26871">
        <ele>3482.0</ele>
      </trkpt>
      <trkpt lat="36.56705" lon="-118.2687">
        <ele>3482.0</ele>
      </trkpt>
      <trkpt lat="36.56706" lon="-118.26867">
        <ele>3482.0</ele>
      </trkpt>
      <trkpt lat="36.56718" lon="-118.26853">
        <ele>3502.0</ele>
      </trkpt>
      <trkpt lat="36.56748" lon="-118.26782">
        <ele>3496.0</ele>
      </trkpt>
      <trkpt lat="36.56749" lon="-118.26772">
        <ele>3496.0</ele>
      </trkpt>
      <trkpt lat="36.56744" lon="-118.26779">
        <ele>3496.0</ele>
      </trkpt>
      <trkpt lat="36.56741" lon="-118.26778">
        <ele>3496.0</ele>
      </trkpt>
      <trkpt lat="36.56746" lon="-118.26756">
        <ele>3485.0</ele>
      </trkpt>
      <trkpt lat="36.56747" lon="-118.26737">
        <ele>3485.0</ele>
      </trkpt>
      <trkpt lat="36.56745" lon="-118.26735">
        <ele>3480.0</ele>
      </trkpt>
      <trkpt lat="36.56735" lon="-118.26745">
        <ele>3481.0</ele>
      </trkpt>
      <trkpt lat="36.56734" lon="-118.26754">
        <ele>3481.0</ele>
      </trkpt>
      <trkpt lat="36.56719" lon="-118.26779">
        <ele>3484.0</ele>
      </trkpt>
      <trkpt lat="36.5671" lon="-118.26784">
        <ele>3484.0</ele>
      </trkpt>
      <trkpt lat="36.56706" lon="-118.26773">
        <ele>3470.0</ele>
      </trkpt>
      <trkpt lat="36.567" lon="-118.26792">
        <ele>3473.0</ele>
      </trkpt>
      <trkpt lat="36.56697" lon="-118.26777">
        <ele>3470.0</ele>
      </trkpt>
      <trkpt lat="36.56695" lon="-118.26777">
        <ele>3470.0</ele>
      </trkpt>
      <trkpt lat="36.56695" lon="-118.26792">
        <ele>3473.0</ele>
      </trkpt>
      <trkpt lat="36.56689" lon="-118.26812">
        <ele>3473.0</ele>
      </trkpt>
      <trkpt lat="36.56667" lon="-118.26856">
        <ele>3475.0</ele>
      </trkpt>
      <trkpt lat="36.56664" lon="-118.26838">
        <ele>3473.0</ele>
      </trkpt>
      <trkpt lat="36.56668" lon="-118.26828">
        <ele>3473.0</ele>
      </trkpt>
      <trkpt lat="36.56666" lon="-118.2682">
        <ele>3473.0</ele>
      </trkpt>
      <trkpt lat="36.56671" lon="-118.26796">
        <ele>3472.0</ele>
      </trkpt>
      <trkpt lat="36.56674" lon="-118.26758">
        <ele>3466.0</ele>
      </trkpt>
      <trkpt lat="36.5668" lon="-118.26732">
        <ele>3462.0</ele>
      </trkpt>
      <trkpt lat="36.56677" lon="-118.26717">
        <ele>3462.0</ele>
      </trkpt>
      <trkpt lat="36.56678" lon="-118.26702">
        <ele>3458.0</ele>
      </trkpt>
      <trkpt lat="36.56687" lon="-118.26679">
        <ele>3454.0</ele>
      </trkpt>
      <trkpt lat="36.56689" lon="-118.26654">
        <ele>3454.0</ele>
      </trkpt>
      <trkpt lat="36.56688" lon="-118.26606">
        <ele>3441.0</ele>
      </trkpt>
      <trkpt lat="36.56692" lon="-118.26598">
        <ele>3441.0</ele>
      </trkpt>
      <trkpt lat="36.56691" lon="-118.2659">
        <ele>3434.0</ele>
      </trkpt>
      <trkpt lat="36.56700712552676" lon="-118.2655175682384">
        <ele>3428.0</ele>
      </trkpt>
      <trkpt lat="36.5670071255663" lon="-118.2655175682384">
        <ele>3428.0</ele>
      </trkpt>
      <trkpt lat="36.56707" lon="-118.26527">
        <ele>3423.0</ele>
      </trkpt>
      <trkpt lat="36.56706" lon="-118.2652">
        <ele>3423.0</ele>
      </trkpt>
      <trkpt lat="36.56722" lon="-118.26504">
        <ele>3415.0</ele>
      </trkpt>
      <trkpt lat="36.5673" lon="-118.26502">
        <ele>3415.0</ele>
      </trkpt>
      <trkpt lat="36.56729" lon="-118.26498">
        <ele>3415.0</ele>
      </trkpt>
      <trkpt lat="36.56711" lon="-118.26484">
        <ele>3409.0</ele>
      </trkpt>
      <trkpt lat="36.56708" lon="-118.26476">
        <ele>3412.0</ele>
      </trkpt>
      <trkpt lat="36.5671" lon="-118.26464">
        <ele>3409.0</ele>
      </trkpt>
      <trkpt lat="36.5674" lon="-118.26438">
        <ele>3395.0</ele>
      </trkpt>
      <trkpt lat="36.56743" lon="-118.26422">
        <ele>3391.0</ele>
      </trkpt>
      <trkpt lat="36.56748" lon="-118.26412">
        <ele>3391.0</ele>
      </trkpt>
      <trkpt lat="36.56742" lon="-118.26415">
        <ele>3391.0</ele>
      </trkpt>
      <trkpt lat="36.56739" lon="-118.26412">
        <ele>3391.0</ele>
      </trkpt>
      <trkpt lat="36.56738" lon="-118.26405">
        <ele>3391.0</ele>
      </trkpt>
      <trkpt lat="36.56746" lon="-118.26397">
        <ele>3387.0</ele>
      </trkpt>
      <trkpt lat="36.56751" lon="-118.26382">
        <ele>3387.0</ele>
      </trkpt>
      <trkpt lat="36.56758" lon="-118.26373">
        <ele>3383.0</ele>
      </trkpt>
      <trkpt lat="36.56757" lon="-118.26348">
        <ele>3383.0</ele>
      </trkpt>
      <trkpt lat="36.56769" lon="-118.26328">
        <ele>3374.0</ele>
      </trkpt>
      <trkpt lat="36.56772" lon="-118.2632">
        <ele>3374.0</ele>
      </trkpt>
      <trkpt lat="36.56777" lon="-118.26315">
        <ele>3373.0</ele>
      </trkpt>
      <trkpt lat="36.56779" lon="-118.26303">
        <ele>3373.0</ele>
      </trkpt>
      <trkpt lat="36.56787" lon="-118.26289">
        <ele>3370.0</ele>
      </trkpt>
      <trkpt lat="36.56798" lon="-118.26277">
        <ele>3367.0</ele>
      </trkpt>
      <trkpt lat="36.56811" lon="-118.26249">
        <ele>3364.0</ele>
      </trkpt>
      <trkpt lat="36.56824" lon="-118.26243">
        <ele>3358.0</ele>
      </trkpt>
      <trkpt lat="36.56849" lon="-118.26213">
        <ele>3353.0</ele>
      </trkpt>
      <trkpt lat="36.56858" lon="-118.26173">
        <ele>3344.0</ele>
      </trkpt>
      <trkpt lat="36.56866" lon="-118.26161">
        <ele>3344.0</ele>
      </trkpt>
      <trkpt lat="36.56893" lon="-118.26146">
        <ele>3337.0</ele>
      </trkpt>
      <trkpt lat="36.56894" lon="-118.26167">
        <ele>3341.0</ele>
      </trkpt>
      <trkpt lat="36.56897" lon="-118.26168">
        <ele>3341.0</ele>
      </trkpt>
      <trkpt lat="36.56902" lon="-118.26151">
        <ele>3337.0</ele>
      </trkpt>
      <trkpt lat="36.56899" lon="-118.26137">
        <ele>3337.0</ele>
      </trkpt>
      <trkpt lat="36.56905" lon="-118.26127">
        <ele>3332.0</ele>
      </trkpt>
      <trkpt lat="36.56908" lon="-118.26114">
        <ele>3324.0</ele>
      </trkpt>
      <trkpt lat="36.56916" lon="-118.26099">
        <ele>3324.0</ele>
      </trkpt>
      <trkpt lat="36.5692" lon="-118.261">
        <ele>3324.0</ele>
      </trkpt>
      <trkpt lat="36.56918" lon="-118.2612">
        <ele>3324.0</ele>
      </trkpt>
      <trkpt lat="36.56929" lon="-118.26109">
        <ele>3324.0</ele>
      </trkpt>
      <trkpt lat="36.56931" lon="-118.26109">
        <ele>3320.0</ele>
      </trkpt>
      <trkpt lat="36.5693" lon="-118.26131">
        <ele>3332.0</ele>
      </trkpt>
      <trkpt lat="36.5694" lon="-118.26157">
        <ele>3328.0</ele>
      </trkpt>
      <trkpt lat="36.56936" lon="-118.26172">
        <ele>3328.0</ele>
      </trkpt>
      <trkpt lat="36.5694" lon="-118.26185">
        <ele>3327.0</ele>
      </trkpt>
      <trkpt lat="36.56939" lon="-118.26192">
        <ele>3327.0</ele>
      </trkpt>
      <trkpt lat="36.56925" lon="-118.26216">
        <ele>3336.0</ele>
      </trkpt>
      <trkpt lat="36.56924" lon="-118.26223">
        <ele>3336.0</ele>
      </trkpt>
      <trkpt lat="36.56938" lon="-118.26216">
        <ele>3323.0</ele>
      </trkpt>
      <trkpt lat="36.56952" lon="-118.26203">
        <ele>3327.0</ele>
      </trkpt>
      <trkpt lat="36.56958" lon="-118.26194">
        <ele>3327.0</ele>
      </trkpt>
      <trkpt lat="36.56956" lon="-118.26179">
        <ele>3328.0</ele>
      </trkpt>
      <trkpt lat="36.56959" lon="-118.26172">
        <ele>3310.0</ele>
      </trkpt>
      <trkpt lat="36.56964" lon="-118.26171">
        <ele>3310.0</ele>
      </trkpt>
      <trkpt lat="36.56969" lon="-118.26176">
        <ele>3310.0</ele>
      </trkpt>
      <trkpt lat="36.56985" lon="-118.26165">
        <ele>3310.0</ele>
      </trkpt>
      <trkpt lat="36.56995" lon="-118.26166">
        <ele>3294.0</ele>
      </trkpt>
      <trkpt lat="36.57015" lon="-118.26143">
        <ele>3283.0</ele>
      </trkpt>
      <trkpt lat="36.57017" lon="-118.26162">
        <ele>3280.0</ele>
      </trkpt>
      <trkpt lat="36.57021" lon="-118.26161">
        <ele>3280.0</ele>
      </trkpt>
      <trkpt lat="36.57028" lon="-118.26147">
        <ele>3283.0</ele>
      </trkpt>
      <trkpt lat="36.5703" lon="-118.26149">
        <ele>3283.0</ele>
      </trkpt>
      <trkpt lat="36.5703" lon="-118.26157">
        <ele>3280.0</ele>
      </trkpt>
      <trkpt lat="36.57028" lon="-118.26166">
        <ele>3280.0</ele>
      </trkpt>
      <trkpt lat="36.57016" lon="-118.26196">
        <ele>3278.0</ele>
      </trkpt>
      <trkpt lat="36.5701" lon="-118.26204">
        <ele>3292.0</ele>
      </trkpt>
      <trkpt lat="36.57017" lon="-118.26203">
        <ele>3278.0</ele>
      </trkpt>
      <trkpt lat="36.57031" lon="-118.26185">
        <ele>3278.0</ele>
      </trkpt>
      <trkpt lat="36.57036" lon="-118.26183">
        <ele>3278.0</ele>
      </trkpt>
      <trkpt lat="36.57038" lon="-118.26184">
        <ele>3278.0</ele>
      </trkpt>
      <trkpt lat="36.57029" lon="-118.26206">
        <ele>3278.0</ele>
      </trkpt>
      <trkpt lat="36.57042" lon="-118.26195">
        <ele>3263.0</ele>
      </trkpt>
      <trkpt lat="36.5705" lon="-118.26196">
        <ele>3263.0</ele>
      </trkpt>
      <trkpt lat="36.57042" lon="-118.26208">
        <ele>3263.0</ele>
      </trkpt>
      <trkpt lat="36.57043" lon="-118.26215">
        <ele>3258.0</ele>
      </trkpt>
      <trkpt lat="36.57055" lon="-118.26208">
        <ele>3263.0</ele>
      </trkpt>
      <trkpt lat="36.57065053016685" lon="-118.2619869180167">
        <ele>3263.0</ele>
      </trkpt>
      <trkpt lat="36.57065053016685" lon="-118.2619869180167">
        <ele>3263.0</ele>
      </trkpt>
      <trkpt lat="36.57082" lon="-118.26183">
        <ele>3255.0</ele>
      </trkpt>
      <trkpt lat="36.57097" lon="-118.26162">
        <ele>3257.0</ele>
      </trkpt>
      <trkpt lat="36.57114" lon="-118.26155">
        <ele>3250.0</ele>
      </trkpt>
      <trkpt lat="36.57127" lon="-118.26142">
        <ele>3240.0</ele>
      </trkpt>
      <trkpt lat="36.57126" lon="-118.26135">
        <ele>3240.0</ele>
      </trkpt>
      <trkpt lat="36.57105" lon="-118.26136">
        <ele>3250.0</ele>
      </trkpt>
      <trkpt lat="36.57107" lon="-118.2613">
        <ele>3250.0</ele>
      </trkpt>
      <trkpt lat="36.57123" lon="-118.26113">
        <ele>3249.0</ele>
      </trkpt>
      <trkpt lat="36.57139" lon="-118.26108">
        <ele>3236.0</ele>
      </trkpt>
      <trkpt lat="36.57147" lon="-118.26111">
        <ele>3236.0</ele>
      </trkpt>
      <trkpt lat="36.57153" lon="-118.26108">
        <ele>3230.0</ele>
      </trkpt>
      <trkpt lat="36.5717" lon="-118.26083">
        <ele>3227.0</ele>
      </trkpt>
      <trkpt lat="36.57178" lon="-118.26076">
        <ele>3227.0</ele>
      </trkpt>
      <trkpt lat="36.57188" lon="-118.26069">
        <ele>3213.0</ele>
      </trkpt>
      <trkpt lat="36.57212" lon="-118.26067">
        <ele>3212.0</ele>
      </trkpt>
      <trkpt lat="36.57212" lon="-118.26064">
        <ele>3212.0</ele>
      </trkpt>
      <trkpt lat="36.57182" lon="-118.26061">
        <ele>3213.0</ele>
      </trkpt>
      <trkpt lat="36.57223" lon="-118.26042">
        <ele>3212.0</ele>
      </trkpt>
      <trkpt lat="36.57233" lon="-118.26023">
        <ele>3199.0</ele>
      </trkpt>
      <trkpt lat="36.57252" lon="-118.26005">
        <ele>3186.0</ele>
      </trkpt>
      <trkpt lat="36.57252" lon="-118.26002">
        <ele>3186.0</ele>
      </trkpt>
      <trkpt lat="36.57244" lon="-118.26003">
        <ele>3186.0</ele>
      </trkpt>
      <trkpt lat="36.57213" lon="-118.26024">
        <ele>3199.0</ele>
      </trkpt>
      <trkpt lat="36.57212" lon="-118.26021">
        <ele>3199.0</ele>
      </trkpt>
      <trkpt lat="36.57215" lon="-118.26016">
        <ele>3199.0</ele>
      </trkpt>
      <trkpt lat="36.57236" lon="-118.2599">
        <ele>3185.0</ele>
      </trkpt>
      <trkpt lat="36.57233" lon="-118.2599">
        <ele>3185.0</ele>
      </trkpt>
      <trkpt lat="36.57213" lon="-118.26002">
        <ele>3185.0</ele>
      </trkpt>
      <trkpt lat="36.57207" lon="-118.26002">
        <ele>3188.0</ele>
      </trkpt>
      <trkpt lat="36.57227" lon="-118.25979">
        <ele>3172.0</ele>
      </trkpt>
      <trkpt lat="36.57226" lon="-118.25977">
        <ele>3172.0</ele>
      </trkpt>
      <trkpt lat="36.57203" lon="-118.25982">
        <ele>3177.0</ele>
      </trkpt>
      <trkpt lat="36.57218" lon="-118.25968">
        <ele>3172.0</ele>
      </trkpt>
      <trkpt lat="36.57206" lon="-118.25971">
        <ele>3177.0</ele>
      </trkpt>
      <trkpt lat="36.57206" lon="-118.25967">
        <ele>3177.0</ele>
      </trkpt>
      <trkpt lat="36.57222" lon="-118.25959">
        <ele>3172.0</ele>
      </trkpt>
      <trkpt lat="36.57221" lon="-118.25954">
        <ele>3167.0</ele>
      </trkpt>
      <trkpt lat="36.57203" lon="-118.25956">
        <ele>3167.0</ele>
      </trkpt>
      <trkpt lat="36.57203" lon="-118.25951">
        <ele>3167.0</ele>
      </trkpt>
      <trkpt lat="36.57211" lon="-118.25945">
        <ele>3167.0</ele>
      </trkpt>
      <trkpt lat="36.57211" lon="-118.25942">
        <ele>3167.0</ele>
      </trkpt>
      <trkpt lat="36.57204" lon="-118.25936">
        <ele>3167.0</ele>
      </trkpt>
      <trkpt lat="36.57204" lon="-118.25924">
        <ele>3163.0</ele>
      </trkpt>
      <trkpt lat="36.57193" lon="-118.25926">
        <ele>3163.0</ele>
      </trkpt>
      <trkpt lat="36.57188" lon="-118.25924">
        <ele>3163.0</ele>
      </trkpt>
      <trkpt lat="36.57172" lon="-118.25898">
        <ele>3164.0</ele>
      </trkpt>
      <trkpt lat="36.57147" lon="-118.25873">
        <ele>3166.0</ele>
      </trkpt>
      <trkpt lat="36.5714" lon="-118.2587">
        <ele>3166.0</ele>
      </trkpt>
      <trkpt lat="36.57132" lon="-118.25857">
        <ele>3166.0</ele>
      </trkpt>
      <trkpt lat="36.57106" lon="-118.2585">
        <ele>3167.0</ele>
      </trkpt>
      <trkpt lat="36.57106" lon="-118.25846">
        <ele>3165.0</ele>
      </trkpt>
      <trkpt lat="36.5711" lon="-118.25843">
        <ele>3165.0</ele>
      </trkpt>
      <trkpt lat="36.57113" lon="-118.25831">
        <ele>3165.0</ele>
      </trkpt>
      <trkpt lat="36.57111" lon="-118.25815">
        <ele>3165.0</ele>
      </trkpt>
      <trkpt lat="36.57096" lon="-118.2579">
        <ele>3173.0</ele>
      </trkpt>
      <trkpt lat="36.57094" lon="-118.25748">
        <ele>3176.0</ele>
      </trkpt>
      <trkpt lat="36.57102" lon="-118.25735">
        <ele>3171.0</ele>
      </trkpt>
      <trkpt lat="36.57107" lon="-118.2572">
        <ele>3171.0</ele>
      </trkpt>
      <trkpt lat="36.57113" lon="-118.25714">
        <ele>3171.0</ele>
      </trkpt>
      <trkpt lat="36.5713" lon="-118.25684">
        <ele>3166.0</ele>
      </trkpt>
      <trkpt lat="36.5713" lon="-118.25684">
        <ele>3166.0</ele>
      </trkpt>
      <trkpt lat="36.57134" lon="-118.25668">
        <ele>3172.0</ele>
      </trkpt>
      <trkpt lat="36.5715" lon="-118.2565">
        <ele>3178.0</ele>
      </trkpt>
      <trkpt lat="36.57157" lon="-118.25644">
        <ele>3167.0</ele>
      </trkpt>
      <trkpt lat="36.57177" lon="-118.25637">
        <ele>3167.0</ele>
      </trkpt>
      <trkpt lat="36.57193" lon="-118.25619">
        <ele>3167.0</ele>
      </trkpt>
      <trkpt lat="36.57194086448268" lon="-118.2561811108778">
        <ele>3167.0</ele>
      </trkpt>
      <trkpt lat="36.57194086448968" lon="-118.2561811108778">
        <ele>3167.0</ele>
      </trkpt>
      <trkpt lat="36.57204" lon="-118.2561">
        <ele>3167.0</ele>
      </trkpt>
      <trkpt lat="36.57225" lon="-118.25574">
        <ele>3169.0</ele>
      </trkpt>
      <trkpt lat="36.57256" lon="-118.25561">
        <ele>3171.0</ele>
      </trkpt>
      <trkpt lat="36.57264" lon="-118.25555">
        <ele>3165.0</ele>
      </trkpt>
      <trkpt lat="36.57281" lon="-118.25526">
        <ele>3168.0</ele>
      </trkpt>
      <trkpt lat="36.5731" lon="-118.2549">
        <ele>3160.0</ele>
      </trkpt>
      <trkpt lat="36.57318" lon="-118.25475">
        <ele>3163.0</ele>
      </trkpt>
      <trkpt lat="36.57318" lon="-118.2547">
        <ele>3163.0</ele>
      </trkpt>
      <trkpt lat="36.57316" lon="-118.25467">
        <ele>3163.0</ele>
      </trkpt>
      <trkpt lat="36.57311" lon="-118.25469">
        <ele>3163.0</ele>
      </trkpt>
      <trkpt lat="36.57309" lon="-118.25467">
        <ele>3163.0</ele>
      </trkpt>
      <trkpt lat="36.57314" lon="-118.25436">
        <ele>3165.0</ele>
      </trkpt>
      <trkpt lat="36.57324" lon="-118.25409">
        <ele>3160.0</ele>
      </trkpt>
      <trkpt lat="36.57321" lon="-118.25384">
        <ele>3156.0</ele>
      </trkpt>
      <trkpt lat="36.57316" lon="-118.25375">
        <ele>3145.0</ele>
      </trkpt>
      <trkpt lat="36.57302" lon="-118.25371">
        <ele>3145.0</ele>
      </trkpt>
      <trkpt lat="36.57289" lon="-118.25355">
        <ele>3151.0</ele>
      </trkpt>
      <trkpt lat="36.57273" lon="-118.2533">
        <ele>3136.0</ele>
      </trkpt>
      <trkpt lat="36.57268" lon="-118.25317">
        <ele>3123.0</ele>
      </trkpt>
      <trkpt lat="36.5728" lon="-118.2532">
        <ele>3136.0</ele>
      </trkpt>
      <trkpt lat="36.57312" lon="-118.25336">
        <ele>3126.0</ele>
      </trkpt>
      <trkpt lat="36.57327" lon="-118.25335">
        <ele>3129.0</ele>
      </trkpt>
      <trkpt lat="36.57336" lon="-118.2534">
        <ele>3129.0</ele>
      </trkpt>
      <trkpt lat="36.57339" lon="-118.25339">
        <ele>3129.0</ele>
      </trkpt>
      <trkpt lat="36.57348" lon="-118.25316">
        <ele>3125.0</ele>
      </trkpt>
      <trkpt lat="36.57342" lon="-118.2532">
        <ele>3129.0</ele>
      </trkpt>
      <trkpt lat="36.57349" lon="-118.2531">
        <ele>3125.0</ele>
      </trkpt>
      <trkpt lat="36.57342" lon="-118.25308">
        <ele>3116.0</ele>
      </trkpt>
      <trkpt lat="36.57351" lon="-118.25305">
        <ele>3125.0</ele>
      </trkpt>
      <trkpt lat="36.57345" lon="-118.25303">
        <ele>3116.0</ele>
      </trkpt>
      <trkpt lat="36.57356" lon="-118.25297">
        <ele>3125.0</ele>
      </trkpt>
      <trkpt lat="36.57367" lon="-118.2528">
        <ele>3109.0</ele>
      </trkpt>
      <trkpt lat="36.57365" lon="-118.2528">
        <ele>3109.0</ele>
      </trkpt>
      <trkpt lat="36.57359" lon="-118.25288">
        <ele>3109.0</ele>
      </trkpt>
      <trkpt lat="36.57331" lon="-118.25305">
        <ele>3116.0</ele>
      </trkpt>
      <trkpt lat="36.57356" lon="-118.25274">
        <ele>3109.0</ele>
      </trkpt>
      <trkpt lat="36.57332" lon="-118.25286">
        <ele>3106.0</ele>
      </trkpt>
      <trkpt lat="36.5732" lon="-118.25284">
        <ele>3106.0</ele>
      </trkpt>
      <trkpt lat="36.573" lon="-118.25266">
        <ele>3105.0</ele>
      </trkpt>
      <trkpt lat="36.57294" lon="-118.25256">
        <ele>3099.0</ele>
      </trkpt>
      <trkpt lat="36.57292" lon="-118.25248">
        <ele>3099.0</ele>
      </trkpt>
      <trkpt lat="36.57282" lon="-118.25234">
        <ele>3100.0</ele>
      </trkpt>
      <trkpt lat="36.57274" lon="-118.25216">
        <ele>3100.0</ele>
      </trkpt>
      <trkpt lat="36.57293" lon="-118.25222">
        <ele>3096.0</ele>
      </trkpt>
      <trkpt lat="36.57313" lon="-118.25232">
        <ele>3096.0</ele>
      </trkpt>
      <trkpt lat="36.5733" lon="-118.25235">
        <ele>3093.0</ele>
      </trkpt>
      <trkpt lat="36.57353" lon="-118.25228">
        <ele>3088.0</ele>
      </trkpt>
      <trkpt lat="36.57369" lon="-118.25211">
        <ele>3088.0</ele>
      </trkpt>
      <trkpt lat="36.57366" lon="-118.25211">
        <ele>3088.0</ele>
      </trkpt>
      <trkpt lat="36.57359" lon="-118.25219">
        <ele>3088.0</ele>
      </trkpt>
      <trkpt lat="36.57351" lon="-118.2522">
        <ele>3088.0</ele>
      </trkpt>
      <trkpt lat="36.57345" lon="-118.25217">
        <ele>3093.0</ele>
      </trkpt>
      <trkpt lat="36.57357" lon="-118.25212">
        <ele>3088.0</ele>
      </trkpt>
      <trkpt lat="36.5738" lon="-118.25173">
        <ele>3071.0</ele>
      </trkpt>
      <trkpt lat="36.57389" lon="-118.25153">
        <ele>3071.0</ele>
      </trkpt>
      <trkpt lat="36.57403" lon="-118.25134">
        <ele>3066.0</ele>
      </trkpt>
      <trkpt lat="36.57405" lon="-118.25107">
        <ele>3063.0</ele>
      </trkpt>
      <trkpt lat="36.57409" lon="-118.2509">
        <ele>3064.0</ele>
      </trkpt>
      <trkpt lat="36.57413" lon="-118.25085">
        <ele>3064.0</ele>
      </trkpt>
      <trkpt lat="36.57447" lon="-118.25064">
        <ele>3064.0</ele>
      </trkpt>
      <trkpt lat="36.57462" lon="-118.25059">
        <ele>3060.0</ele>
      </trkpt>
      <trkpt lat="36.57481" lon="-118.25058">
        <ele>3060.0</ele>
      </trkpt>
      <trkpt lat="36.57502" lon="-118.25047">
        <ele>3059.0</ele>
      </trkpt>
      <trkpt lat="36.57511" lon="-118.25046">
        <ele>3059.0</ele>
      </trkpt>
      <trkpt lat="36.57511" lon="-118.25046">
        <ele>3059.0</ele>
      </trkpt>
      <trkpt lat="36.57511" lon="-118.25046">
        <ele>3059.0</ele>
      </trkpt>
      <trkpt lat="36.57519" lon="-118.25061">
        <ele>3060.0</ele>
      </trkpt>
      <trkpt lat="36.57519" lon="-118.25076">
        <ele>3064.0</ele>
      </trkpt>
      <trkpt lat="36.57524" lon="-118.25079">
        <ele>3064.0</ele>
      </trkpt>
      <trkpt lat="36.57537" lon="-118.25096">
        <ele>3064.0</ele>
      </trkpt>
      <trkpt lat="36.57543" lon="-118.25111">
        <ele>3063.0</ele>
      </trkpt>
      <trkpt lat="36.57547" lon="-118.25132">
        <ele>3062.0</ele>
      </trkpt>
      <trkpt lat="36.57543" lon="-118.25151">
        <ele>3062.0</ele>
      </trkpt>
      <trkpt lat="36.57546" lon="-118.25156">
        <ele>3064.0</ele>
      </trkpt>
      <trkpt lat="36.57553" lon="-118.25158">
        <ele>3064.0</ele>
      </trkpt>
      <trkpt lat="36.57572" lon="-118.2515">
        <ele>3058.0</ele>
      </trkpt>
      <trkpt lat="36.57593" lon="-118.25155">
        <ele>3059.0</ele>
      </trkpt>
      <trkpt lat="36.57593" lon="-118.25155">
        <ele>3059.0</ele>
      </trkpt>
      <trkpt lat="36.57614" lon="-118.25165">
        <ele>3057.0</ele>
      </trkpt>
      <trkpt lat="36.57614" lon="-118.25165">
        <ele>3057.0</ele>
      </trkpt>
      <trkpt lat="36.57627" lon="-118.25167">
        <ele>3057.0</ele>
      </trkpt>
      <trkpt lat="36.57642" lon="-118.25165">
        <ele>3057.0</ele>
      </trkpt>
      <trkpt lat="36.57656" lon="-118.25162">
        <ele>3054.0</ele>
      </trkpt>
      <trkpt lat="36.5766" lon="-118.25158">
        <ele>3054.0</ele>
      </trkpt>
      <trkpt lat="36.57665" lon="-118.25164">
        <ele>3054.0</ele>
      </trkpt>
      <trkpt lat="36.57675" lon="-118.25168">
        <ele>3054.0</ele>
      </trkpt>
      <trkpt lat="36.57706" lon="-118.25169">
        <ele>3047.0</ele>
      </trkpt>
      <trkpt lat="36.57729" lon="-118.25174">
        <ele>3039.0</ele>
      </trkpt>
      <trkpt lat="36.5774" lon="-118.25173">
        <ele>3037.0</ele>
      </trkpt>
      <trkpt lat="36.57751" lon="-118.25167">
        <ele>3037.0</ele>
      </trkpt>
      <trkpt lat="36.5776" lon="-118.25168">
        <ele>3037.0</ele>
      </trkpt>
      <trkpt lat="36.57774" lon="-118.2515">
        <ele>3032.0</ele>
      </trkpt>
      <trkpt lat="36.57777" lon="-118.25133">
        <ele>3032.0</ele>
      </trkpt>
      <trkpt lat="36.57776" lon="-118.25111">
        <ele>3027.0</ele>
      </trkpt>
      <trkpt lat="36.57795" lon="-118.25108">
        <ele>3024.0</ele>
      </trkpt>
      <trkpt lat="36.578" lon="-118.25115">
        <ele>3024.0</ele>
      </trkpt>
      <trkpt lat="36.57831" lon="-118.25142">
        <ele>3025.0</ele>
      </trkpt>
      <trkpt lat="36.57839" lon="-118.25156">
        <ele>3030.0</ele>
      </trkpt>
      <trkpt lat="36.57858" lon="-118.25177">
        <ele>3020.0</ele>
      </trkpt>
      <trkpt lat="36.57866" lon="-118.2518">
        <ele>3020.0</ele>
      </trkpt>
      <trkpt lat="36.57885" lon="-118.25185">
        <ele>3024.0</ele>
      </trkpt>
      <trkpt lat="36.57906" lon="-118.25171">
        <ele>3003.0</ele>
      </trkpt>
      <trkpt lat="36.57914" lon="-118.2517">
        <ele>3003.0</ele>
      </trkpt>
      <trkpt lat="36.57921" lon="-118.25176">
        <ele>3003.0</ele>
      </trkpt>
      <trkpt lat="36.57946" lon="-118.25173">
        <ele>2996.0</ele>
      </trkpt>
      <trkpt lat="36.57976" lon="-118.25181">
        <ele>3005.0</ele>
      </trkpt>
      <trkpt lat="36.57993" lon="-118.25176">
        <ele>2981.0</ele>
      </trkpt>
      <trkpt lat="36.58025" lon="-118.25176">
        <ele>2978.0</ele>
      </trkpt>
      <trkpt lat="36.58025" lon="-118.25176">
        <ele>2978.0</ele>
      </trkpt>
      <trkpt lat="36.58029" lon="-118.25177">
        <ele>2978.0</ele>
      </trkpt>
      <trkpt lat="36.58025" lon="-118.25172">
        <ele>2978.0</ele>
      </trkpt>
      <trkpt lat="36.58025" lon="-118.25172">
        <ele>2978.0</ele>
      </trkpt>
      <trkpt lat="36.57984" lon="-118.25158">
        <ele>2991.0</ele>
      </trkpt>
      <trkpt lat="36.57971" lon="-118.25144">
        <ele>2978.0</ele>
      </trkpt>
      <trkpt lat="36.57963" lon="-118.25139">
        <ele>2978.0</ele>
      </trkpt>
      <trkpt lat="36.57944" lon="-118.25114">
        <ele>2978.0</ele>
      </trkpt>
      <trkpt lat="36.57931" lon="-118.25105">
        <ele>2978.0</ele>
      </trkpt>
      <trkpt lat="36.57926" lon="-118.25089">
        <ele>2979.0</ele>
      </trkpt>
      <trkpt lat="36.57946" lon="-118.25098">
        <ele>2978.0</ele>
      </trkpt>
      <trkpt lat="36.57966" lon="-118.25099">
        <ele>2970.0</ele>
      </trkpt>
      <trkpt lat="36.57985" lon="-118.25104">
        <ele>2970.0</ele>
      </trkpt>
      <trkpt lat="36.57996" lon="-118.25112">
        <ele>2959.0</ele>
      </trkpt>
      <trkpt lat="36.5802" lon="-118.25122">
        <ele>2955.0</ele>
      </trkpt>
      <trkpt lat="36.58025" lon="-118.25122">
        <ele>2955.0</ele>
      </trkpt>
      <trkpt lat="36.58025" lon="-118.25122">
        <ele>2955.0</ele>
      </trkpt>
      <trkpt lat="36.58043" lon="-118.2512">
        <ele>2951.0</ele>
      </trkpt>
      <trkpt lat="36.58059" lon="-118.25124">
        <ele>2951.0</ele>
      </trkpt>
      <trkpt lat="36.58078" lon="-118.25123">
        <ele>2948.0</ele>
      </trkpt>
      <trkpt lat="36.58117" lon="-118.25098">
        <ele>2946.0</ele>
      </trkpt>
      <trkpt lat="36.58134" lon="-118.25096">
        <ele>2939.0</ele>
      </trkpt>
      <trkpt lat="36.58133" lon="-118.25093">
        <ele>2939.0</ele>
      </trkpt>
      <trkpt lat="36.58122" lon="-118.2509">
        <ele>2936.0</ele>
      </trkpt>
      <trkpt lat="36.58092" lon="-118.2509">
        <ele>2935.0</ele>
      </trkpt>
      <trkpt lat="36.58084" lon="-118.25086">
        <ele>2935.0</ele>
      </trkpt>
      <trkpt lat="36.5807" lon="-118.25069">
        <ele>2926.0</ele>
      </trkpt>
      <trkpt lat="36.58061" lon="-118.25067">
        <ele>2931.0</ele>
      </trkpt>
      <trkpt lat="36.58025" lon="-118.25043">
        <ele>2937.0</ele>
      </trkpt>
      <trkpt lat="36.58025" lon="-118.25043">
        <ele>2937.0</ele>
      </trkpt>
      <trkpt lat="36.58014" lon="-118.25026">
        <ele>2932.0</ele>
      </trkpt>
      <trkpt lat="36.58012" lon="-118.2501">
        <ele>2936.0</ele>
      </trkpt>
      <trkpt lat="36.58015" lon="-118.25011">
        <ele>2928.0</ele>
      </trkpt>
      <trkpt lat="36.58019" lon="-118.25018">
        <ele>2932.0</ele>
      </trkpt>
      <trkpt lat="36.58025" lon="-118.25022">
        <ele>2932.0</ele>
      </trkpt>
      <trkpt lat="36.58025" lon="-118.25022">
        <ele>2932.0</ele>
      </trkpt>
      <trkpt lat="36.58032" lon="-118.25027">
        <ele>2932.0</ele>
      </trkpt>
      <trkpt lat="36.5805" lon="-118.25033">
        <ele>2925.0</ele>
      </trkpt>
      <trkpt lat="36.58056" lon="-118.25032">
        <ele>2925.0</ele>
      </trkpt>
      <trkpt lat="36.58068" lon="-118.25024">
        <ele>2925.0</ele>
      </trkpt>
      <trkpt lat="36.58086" lon="-118.25021">
        <ele>2919.0</ele>
      </trkpt>
      <trkpt lat="36.58067" lon="-118.24999">
        <ele>2918.0</ele>
      </trkpt>
      <trkpt lat="36.58066" lon="-118.24994">
        <ele>2918.0</ele>
      </trkpt>
      <trkpt lat="36.58069" lon="-118.24992">
        <ele>2918.0</ele>
      </trkpt>
      <trkpt lat="36.58077" lon="-118.24992">
        <ele>2912.0</ele>
      </trkpt>
      <trkpt lat="36.58091" lon="-118.24999">
        <ele>2912.0</ele>
      </trkpt>
      <trkpt lat="36.58112" lon="-118.25002">
        <ele>2904.0</ele>
      </trkpt>
      <trkpt lat="36.58119" lon="-118.25009">
        <ele>2904.0</ele>
      </trkpt>
      <trkpt lat="36.58129" lon="-118.25011">
        <ele>2897.0</ele>
      </trkpt>
      <trkpt lat="36.58162" lon="-118.25006">
        <ele>2896.0</ele>
      </trkpt>
      <trkpt lat="36.58177" lon="-118.24998">
        <ele>2896.0</ele>
      </trkpt>
      <trkpt lat="36.58202" lon="-118.24997">
        <ele>2895.0</ele>
      </trkpt>
      <trkpt lat="36.58212" lon="-118.24994">
        <ele>2901.0</ele>
      </trkpt>
      <trkpt lat="36.58176" lon="-118.24981">
        <ele>2887.0</ele>
      </trkpt>
      <trkpt lat="36.58167" lon="-118.24975">
        <ele>2887.0</ele>
      </trkpt>
      <trkpt lat="36.58155" lon="-118.24974">
        <ele>2887.0</ele>
      </trkpt>
      <trkpt lat="36.5815" lon="-118.24964">
        <ele>2891.0</ele>
      </trkpt>
      <trkpt lat="36.58162" lon="-118.24965">
        <ele>2887.0</ele>
      </trkpt>
      <trkpt lat="36.58173" lon="-118.2496">
        <ele>2887.0</ele>
      </trkpt>
      <trkpt lat="36.58183" lon="-118.24961">
        <ele>2880.0</ele>
      </trkpt>
      <trkpt lat="36.58196" lon="-118.24955">
        <ele>2864.0</ele>
      </trkpt>
      <trkpt lat="36.58196" lon="-118.24953">
        <ele>2864.0</ele>
      </trkpt>
      <trkpt lat="36.58182" lon="-118.24951">
        <ele>2864.0</ele>
      </trkpt>
      <trkpt lat="36.58165" lon="-118.24933">
        <ele>2873.0</ele>
      </trkpt>
      <trkpt lat="36.58157" lon="-118.24912">
        <ele>2858.0</ele>
      </trkpt>
      <trkpt lat="36.58155" lon="-118.24899">
        <ele>2850.0</ele>
      </trkpt>
      <trkpt lat="36.58133" lon="-118.24887">
        <ele>2858.0</ele>
      </trkpt>
      <trkpt lat="36.58112" lon="-118.24855">
        <ele>2854.0</ele>
      </trkpt>
      <trkpt lat="36.58094" lon="-118.24839">
        <ele>2850.0</ele>
      </trkpt>
      <trkpt lat="36.58095" lon="-118.24836">
        <ele>2850.0</ele>
      </trkpt>
      <trkpt lat="36.58102199272415" lon="-118.24836">
        <ele>2846.0</ele>
      </trkpt>
      <trkpt lat="36.58102199277918" lon="-118.24836">
        <ele>2846.0</ele>
      </trkpt>
      <trkpt lat="36.58114" lon="-118.24836">
        <ele>2846.0</ele>
      </trkpt>
      <trkpt lat="36.58153" lon="-118.24842">
        <ele>2834.0</ele>
      </trkpt>
      <trkpt lat="36.58158" lon="-118.2484">
        <ele>2834.0</ele>
      </trkpt>
      <trkpt lat="36.5817" lon="-118.24845">
        <ele>2834.0</ele>
      </trkpt>
      <trkpt lat="36.58171" lon="-118.24841">
        <ele>2834.0</ele>
      </trkpt>
      <trkpt lat="36.58166" lon="-118.2483">
        <ele>2834.0</ele>
      </trkpt>
      <trkpt lat="36.58166" lon="-118.24826">
        <ele>2834.0</ele>
      </trkpt>
      <trkpt lat="36.5817" lon="-118.24826">
        <ele>2834.0</ele>
      </trkpt>
      <trkpt lat="36.58184" lon="-118.24832">
        <ele>2828.0</ele>
      </trkpt>
      <trkpt lat="36.58199" lon="-118.24846">
        <ele>2828.0</ele>
      </trkpt>
      <trkpt lat="36.58222" lon="-118.24861">
        <ele>2833.0</ele>
      </trkpt>
      <trkpt lat="36.58227" lon="-118.24861">
        <ele>2833.0</ele>
      </trkpt>
      <trkpt lat="36.58294" lon="-118.2481">
        <ele>2817.0</ele>
      </trkpt>
      <trkpt lat="36.58294" lon="-118.24807">
        <ele>2817.0</ele>
      </trkpt>
      <trkpt lat="36.58267" lon="-118.24815">
        <ele>2805.0</ele>
      </trkpt>
      <trkpt lat="36.58263" lon="-118.24813">
        <ele>2806.0</ele>
      </trkpt>
      <trkpt lat="36.58267" lon="-118.24806">
        <ele>2805.0</ele>
      </trkpt>
      <trkpt lat="36.58293" lon="-118.24791">
        <ele>2802.0</ele>
      </trkpt>
      <trkpt lat="36.5831" lon="-118.24767">
        <ele>2802.0</ele>
      </trkpt>
      <trkpt lat="36.5832" lon="-118.24758">
        <ele>2799.0</ele>
      </trkpt>
      <trkpt lat="36.58329" lon="-118.24736">
        <ele>2776.0</ele>
      </trkpt>
      <trkpt lat="36.58355" lon="-118.24704">
        <ele>2781.0</ele>
      </trkpt>
      <trkpt lat="36.58363" lon="-118.24679">
        <ele>2770.0</ele>
      </trkpt>
      <trkpt lat="36.584" lon="-118.24631">
        <ele>2770.0</ele>
      </trkpt>
      <trkpt lat="36.58417" lon="-118.2462">
        <ele>2768.0</ele>
      </trkpt>
      <trkpt lat="36.58433" lon="-118.246">
        <ele>2766.0</ele>
      </trkpt>
      <trkpt lat="36.58499" lon="-118.24556">
        <ele>2753.0</ele>
      </trkpt>
      <trkpt lat="36.58498" lon="-118.24554">
        <ele>2753.0</ele>
      </trkpt>
      <trkpt lat="36.58493" lon="-118.24557">
        <ele>2753.0</ele>
      </trkpt>
      <trkpt lat="36.58456" lon="-118.24555">
        <ele>2750.0</ele>
      </trkpt>
      <trkpt lat="36.58454" lon="-118.24553">
        <ele>2750.0</ele>
      </trkpt>
      <trkpt lat="36.58499" lon="-118.24538">
        <ele>2745.0</ele>
      </trkpt>
      <trkpt lat="36.58493" lon="-118.24535">
        <ele>2745.0</ele>
      </trkpt>
      <trkpt lat="36.58462" lon="-118.24532">
        <ele>2740.0</ele>
      </trkpt>
      <trkpt lat="36.58459" lon="-118.24529">
        <ele>2740.0</ele>
      </trkpt>
      <trkpt lat="36.5846" lon="-118.24527">
        <ele>2740.0</ele>
      </trkpt>
      <trkpt lat="36.58529" lon="-118.24505">
        <ele>2721.0</ele>
      </trkpt>
      <trkpt lat="36.58523" lon="-118.24502">
        <ele>2721.0</ele>
      </trkpt>
      <trkpt lat="36.5848" lon="-118.24496">
        <ele>2723.0</ele>
      </trkpt>
      <trkpt lat="36.58505" lon="-118.24485">
        <ele>2710.0</ele>
      </trkpt>
      <trkpt lat="36.58528" lon="-118.24479">
        <ele>2710.0</ele>
      </trkpt>
      <trkpt lat="36.58544" lon="-118.24479">
        <ele>2699.0</ele>
      </trkpt>
      <trkpt lat="36.58542" lon="-118.24475">
        <ele>2699.0</ele>
      </trkpt>
      <trkpt lat="36.58518" lon="-118.24468">
        <ele>2710.0</ele>
      </trkpt>
      <trkpt lat="36.58507" lon="-118.24462">
        <ele>2710.0</ele>
      </trkpt>
      <trkpt lat="36.585" lon="-118.24453">
        <ele>2693.0</ele>
      </trkpt>
      <trkpt lat="36.58518" lon="-118.24455">
        <ele>2689.0</ele>
      </trkpt>
      <trkpt lat="36.58528" lon="-118.24449">
        <ele>2689.0</ele>
      </trkpt>
      <trkpt lat="36.58558" lon="-118.24451">
        <ele>2691.0</ele>
      </trkpt>
      <trkpt lat="36.58565" lon="-118.24453">
        <ele>2691.0</ele>
      </trkpt>
      <trkpt lat="36.58584" lon="-118.24472">
        <ele>2689.0</ele>
      </trkpt>
      <trkpt lat="36.58584" lon="-118.24468">
        <ele>2689.0</ele>
      </trkpt>
      <trkpt lat="36.58562" lon="-118.24432">
        <ele>2691.0</ele>
      </trkpt>
      <trkpt lat="36.58564" lon="-118.24428">
        <ele>2680.0</ele>
      </trkpt>
      <trkpt lat="36.58584" lon="-118.24441">
        <ele>2680.0</ele>
      </trkpt>
      <trkpt lat="36.58597" lon="-118.24446">
        <ele>2680.0</ele>
      </trkpt>
      <trkpt lat="36.58617" lon="-118.24465">
        <ele>2677.0</ele>
      </trkpt>
      <trkpt lat="36.58647" lon="-118.24477">
        <ele>2673.0</ele>
      </trkpt>
      <trkpt lat="36.5866" lon="-118.24487">
        <ele>2682.0</ele>
      </trkpt>
      <trkpt lat="36.5866" lon="-118.24487">
        <ele>2682.0</ele>
      </trkpt>
      <trkpt lat="36.58662" lon="-118.24472">
        <ele>2671.0</ele>
      </trkpt>
      <trkpt lat="36.5866" lon="-118.24463">
        <ele>2671.0</ele>
      </trkpt>
      <trkpt lat="36.58642" lon="-118.24443">
        <ele>2666.0</ele>
      </trkpt>
      <trkpt lat="36.5865" lon="-118.24437">
        <ele>2666.0</ele>
      </trkpt>
      <trkpt lat="36.5863" lon="-118.24423">
        <ele>2660.0</ele>
      </trkpt>
      <trkpt lat="36.58633" lon="-118.2442">
        <ele>2660.0</ele>
      </trkpt>
      <trkpt lat="36.58658" lon="-118.24418">
        <ele>2659.0</ele>
      </trkpt>
      <trkpt lat="36.58637" lon="-118.24399">
        <ele>2650.0</ele>
      </trkpt>
      <trkpt lat="36.58642" lon="-118.24397">
        <ele>2650.0</ele>
      </trkpt>
      <trkpt lat="36.58666" lon="-118.244">
        <ele>2647.0</ele>
      </trkpt>
      <trkpt lat="36.58646" lon="-118.24378">
        <ele>2650.0</ele>
      </trkpt>
      <trkpt lat="36.5867" lon="-118.24382">
        <ele>2647.0</ele>
      </trkpt>
      <trkpt lat="36.58661" lon="-118.24368">
        <ele>2634.0</ele>
      </trkpt>
      <trkpt lat="36.58681" lon="-118.24369">
        <ele>2637.0</ele>
      </trkpt>
      <trkpt lat="36.58688" lon="-118.24355">
        <ele>2637.0</ele>
      </trkpt>
      <trkpt lat="36.58673" lon="-118.24354">
        <ele>2634.0</ele>
      </trkpt>
      <trkpt lat="36.58686" lon="-118.24335">
        <ele>2619.0</ele>
      </trkpt>
      <trkpt lat="36.58674" lon="-118.24338">
        <ele>2619.0</ele>
      </trkpt>
      <trkpt lat="36.58679" lon="-118.24316">
        <ele>2601.0</ele>
      </trkpt>
      <trkpt lat="36.5867" lon="-118.2432">
        <ele>2619.0</ele>
      </trkpt>
      <trkpt lat="36.58662" lon="-118.24319">
        <ele>2601.0</ele>
      </trkpt>
      <trkpt lat="36.58668" lon="-118.24309">
        <ele>2601.0</ele>
      </trkpt>
      <trkpt lat="36.58653" lon="-118.24309">
        <ele>2601.0</ele>
      </trkpt>
      <trkpt lat="36.58662" lon="-118.24301">
        <ele>2601.0</ele>
      </trkpt>
      <trkpt lat="36.58644" lon="-118.24295">
        <ele>2595.0</ele>
      </trkpt>
      <trkpt lat="36.58656" lon="-118.24289">
        <ele>2595.0</ele>
      </trkpt>
      <trkpt lat="36.58642" lon="-118.24286">
        <ele>2589.0</ele>
      </trkpt>
      <trkpt lat="36.58651" lon="-118.24278">
        <ele>2589.0</ele>
      </trkpt>
      <trkpt lat="36.58664" lon="-118.24252">
        <ele>2594.0</ele>
      </trkpt>
      <trkpt lat="36.58635" lon="-118.24258">
        <ele>2583.0</ele>
      </trkpt>
      <trkpt lat="36.58641" lon="-118.2424">
        <ele>2583.0</ele>
      </trkpt>
      <trkpt lat="36.58639" lon="-118.24233">
        <ele>2577.0</ele>
      </trkpt>
      <trkpt lat="36.58599" lon="-118.24245">
        <ele>2582.0</ele>
      </trkpt>
      <trkpt lat="36.58593" lon="-118.24244">
        <ele>2581.0</ele>
      </trkpt>
      <trkpt lat="36.58593" lon="-118.24233">
        <ele>2571.0</ele>
      </trkpt>
      <trkpt lat="36.58583" lon="-118.24227">
        <ele>2571.0</ele>
      </trkpt>
      <trkpt lat="36.58583" lon="-118.24227">
        <ele>2571.0</ele>
      </trkpt>
      <trkpt lat="36.58582999999999" lon="-118.24227">
        <ele>2571.0</ele>
      </trkpt>
      <trkpt lat="36.58583" lon="-118.24217">
        <ele>2571.0</ele>
      </trkpt>
      <trkpt lat="36.58596" lon="-118.24194">
        <ele>2560.0</ele>
      </trkpt>
      <trkpt lat="36.58596168460873" lon="-118.2419181000866">
        <ele>2560.0</ele>
      </trkpt>
      <trkpt lat="36.58600154228125" lon="-118.2419228553772">
        <ele>2556.0</ele>
      </trkpt>
    </trkseg>
  </trk>
</gpx>
