<?xml version="1.0" encoding="UTF-8"?>
<gpx xmlns:xsi="http://www.w3.org/2001/XMLSchema-instance" version="1.1" creator="The Outbound Collective, Inc. 1.1.1 -- https://www.theoutbound.com" xsi:schemaLocation="http://www.topografix.com/GPX/1/1 http://www.topografix.com/GPX/1/1/gpx.xsd">
  <metadata>
    <name/>
    <time>2026-02-19T21:53:53+00:00</time>
    <bound minlat="39.24134" minlon="-120.43679" maxlat="39.30139" maxlon="-120.41113"/>
  </metadata>
  <trk>
    <name/>
    <trkseg>
      <trkpt lat="39.30138678807446" lon="-120.4354333877564">
        <ele>2028.0</ele>
      </trkpt>
      <trkpt lat="39.30139" lon="-120.43544">
        <ele>2028.0</ele>
      </trkpt>
      <trkpt lat="39.30139" lon="-120.43544">
        <ele>2028.0</ele>
      </trkpt>
      <trkpt lat="39.30139" lon="-120.43544">
        <ele>2028.0</ele>
      </trkpt>
      <trkpt lat="39.30112" lon="-120.43539">
        <ele>2020.0</ele>
      </trkpt>
      <trkpt lat="39.30089" lon="-120.43532">
        <ele>2018.0</ele>
      </trkpt>
      <trkpt lat="39.30083" lon="-120.43533">
        <ele>2018.0</ele>
      </trkpt>
      <trkpt lat="39.30069" lon="-120.43544">
        <ele>2010.0</ele>
      </trkpt>
      <trkpt lat="39.30038" lon="-120.43539">
        <ele>2016.0</ele>
      </trkpt>
      <trkpt lat="39.3003" lon="-120.43542">
        <ele>2013.0</ele>
      </trkpt>
      <trkpt lat="39.3003" lon="-120.43542">
        <ele>2013.0</ele>
      </trkpt>
      <trkpt lat="39.30007" lon="-120.43551">
        <ele>2018.0</ele>
      </trkpt>
      <trkpt lat="39.29986" lon="-120.43541">
        <ele>2022.0</ele>
      </trkpt>
      <trkpt lat="39.29972" lon="-120.43549">
        <ele>2021.0</ele>
      </trkpt>
      <trkpt lat="39.29953558965379" lon="-120.4355116953348">
        <ele>2023.0</ele>
      </trkpt>
      <trkpt lat="39.29953558985871" lon="-120.4355116953349">
        <ele>2023.0</ele>
      </trkpt>
      <trkpt lat="39.29938" lon="-120.43553">
        <ele>2023.0</ele>
      </trkpt>
      <trkpt lat="39.29912" lon="-120.43569">
        <ele>2027.0</ele>
      </trkpt>
      <trkpt lat="39.29871" lon="-120.43571">
        <ele>2025.0</ele>
      </trkpt>
      <trkpt lat="39.29853" lon="-120.43566">
        <ele>2028.0</ele>
      </trkpt>
      <trkpt lat="39.29843" lon="-120.43559">
        <ele>2024.0</ele>
      </trkpt>
      <trkpt lat="39.29836" lon="-120.43558">
        <ele>2024.0</ele>
      </trkpt>
      <trkpt lat="39.29802" lon="-120.43562">
        <ele>2024.0</ele>
      </trkpt>
      <trkpt lat="39.2979" lon="-120.43566">
        <ele>2026.0</ele>
      </trkpt>
      <trkpt lat="39.29764" lon="-120.43588">
        <ele>2024.0</ele>
      </trkpt>
      <trkpt lat="39.29747" lon="-120.43593">
        <ele>2023.0</ele>
      </trkpt>
      <trkpt lat="39.29718" lon="-120.43617">
        <ele>2021.0</ele>
      </trkpt>
      <trkpt lat="39.29702" lon="-120.43622">
        <ele>2021.0</ele>
      </trkpt>
      <trkpt lat="39.29689" lon="-120.43623">
        <ele>2021.0</ele>
      </trkpt>
      <trkpt lat="39.29672" lon="-120.43618">
        <ele>2020.0</ele>
      </trkpt>
      <trkpt lat="39.29634" lon="-120.4359">
        <ele>2020.0</ele>
      </trkpt>
      <trkpt lat="39.29634" lon="-120.4359">
        <ele>2020.0</ele>
      </trkpt>
      <trkpt lat="39.29634" lon="-120.4359">
        <ele>2020.0</ele>
      </trkpt>
      <trkpt lat="39.29635" lon="-120.43606">
        <ele>2019.0</ele>
      </trkpt>
      <trkpt lat="39.29632" lon="-120.43618">
        <ele>2019.0</ele>
      </trkpt>
      <trkpt lat="39.29625" lon="-120.4363">
        <ele>2021.0</ele>
      </trkpt>
      <trkpt lat="39.29613" lon="-120.43638">
        <ele>2021.0</ele>
      </trkpt>
      <trkpt lat="39.29589" lon="-120.43638">
        <ele>2027.0</ele>
      </trkpt>
      <trkpt lat="39.29583" lon="-120.4364">
        <ele>2027.0</ele>
      </trkpt>
      <trkpt lat="39.29576" lon="-120.43651">
        <ele>2027.0</ele>
      </trkpt>
      <trkpt lat="39.29572" lon="-120.43651">
        <ele>2027.0</ele>
      </trkpt>
      <trkpt lat="39.29568" lon="-120.43639">
        <ele>2031.0</ele>
      </trkpt>
      <trkpt lat="39.29563" lon="-120.43636">
        <ele>2031.0</ele>
      </trkpt>
      <trkpt lat="39.29557" lon="-120.43642">
        <ele>2031.0</ele>
      </trkpt>
      <trkpt lat="39.29539" lon="-120.43643">
        <ele>2034.0</ele>
      </trkpt>
      <trkpt lat="39.29529" lon="-120.43639">
        <ele>2034.0</ele>
      </trkpt>
      <trkpt lat="39.29517" lon="-120.43629">
        <ele>2034.0</ele>
      </trkpt>
      <trkpt lat="39.2951" lon="-120.4364">
        <ele>2037.0</ele>
      </trkpt>
      <trkpt lat="39.29505" lon="-120.43643">
        <ele>2037.0</ele>
      </trkpt>
      <trkpt lat="39.29495" lon="-120.4364">
        <ele>2037.0</ele>
      </trkpt>
      <trkpt lat="39.29492" lon="-120.43653">
        <ele>2037.0</ele>
      </trkpt>
      <trkpt lat="39.29486" lon="-120.43664">
        <ele>2044.0</ele>
      </trkpt>
      <trkpt lat="39.29469" lon="-120.43679">
        <ele>2044.0</ele>
      </trkpt>
      <trkpt lat="39.29463" lon="-120.43678">
        <ele>2044.0</ele>
      </trkpt>
      <trkpt lat="39.29448" lon="-120.43666">
        <ele>2048.0</ele>
      </trkpt>
      <trkpt lat="39.29432" lon="-120.43659">
        <ele>2048.0</ele>
      </trkpt>
      <trkpt lat="39.29415" lon="-120.43666">
        <ele>2051.0</ele>
      </trkpt>
      <trkpt lat="39.29408" lon="-120.4364">
        <ele>2048.0</ele>
      </trkpt>
      <trkpt lat="39.29397" lon="-120.43636">
        <ele>2048.0</ele>
      </trkpt>
      <trkpt lat="39.29374" lon="-120.43639">
        <ele>2049.0</ele>
      </trkpt>
      <trkpt lat="39.2933" lon="-120.43658">
        <ele>2050.0</ele>
      </trkpt>
      <trkpt lat="39.29326" lon="-120.43656">
        <ele>2050.0</ele>
      </trkpt>
      <trkpt lat="39.29325" lon="-120.4365">
        <ele>2052.0</ele>
      </trkpt>
      <trkpt lat="39.29326" lon="-120.43605">
        <ele>2052.0</ele>
      </trkpt>
      <trkpt lat="39.29322" lon="-120.43604">
        <ele>2052.0</ele>
      </trkpt>
      <trkpt lat="39.29314" lon="-120.43608">
        <ele>2054.0</ele>
      </trkpt>
      <trkpt lat="39.29302" lon="-120.43596">
        <ele>2052.0</ele>
      </trkpt>
      <trkpt lat="39.29297" lon="-120.43584">
        <ele>2052.0</ele>
      </trkpt>
      <trkpt lat="39.2928" lon="-120.43584">
        <ele>2053.0</ele>
      </trkpt>
      <trkpt lat="39.29253" lon="-120.4357">
        <ele>2054.0</ele>
      </trkpt>
      <trkpt lat="39.29235" lon="-120.43573">
        <ele>2056.0</ele>
      </trkpt>
      <trkpt lat="39.29228" lon="-120.43568">
        <ele>2053.0</ele>
      </trkpt>
      <trkpt lat="39.29223" lon="-120.43569">
        <ele>2053.0</ele>
      </trkpt>
      <trkpt lat="39.29193" lon="-120.43599">
        <ele>2059.0</ele>
      </trkpt>
      <trkpt lat="39.29159" lon="-120.43596">
        <ele>2060.0</ele>
      </trkpt>
      <trkpt lat="39.29155" lon="-120.43591">
        <ele>2060.0</ele>
      </trkpt>
      <trkpt lat="39.29152" lon="-120.4358">
        <ele>2055.0</ele>
      </trkpt>
      <trkpt lat="39.29153" lon="-120.43568">
        <ele>2059.0</ele>
      </trkpt>
      <trkpt lat="39.29168" lon="-120.43532">
        <ele>2056.0</ele>
      </trkpt>
      <trkpt lat="39.29168" lon="-120.43532">
        <ele>2056.0</ele>
      </trkpt>
      <trkpt lat="39.29168" lon="-120.43522">
        <ele>2056.0</ele>
      </trkpt>
      <trkpt lat="39.29168" lon="-120.43522">
        <ele>2056.0</ele>
      </trkpt>
      <trkpt lat="39.29164" lon="-120.43514">
        <ele>2056.0</ele>
      </trkpt>
      <trkpt lat="39.29148" lon="-120.43491">
        <ele>2055.0</ele>
      </trkpt>
      <trkpt lat="39.29131" lon="-120.43489">
        <ele>2055.0</ele>
      </trkpt>
      <trkpt lat="39.29123" lon="-120.43457">
        <ele>2053.0</ele>
      </trkpt>
      <trkpt lat="39.29112" lon="-120.43431">
        <ele>2053.0</ele>
      </trkpt>
      <trkpt lat="39.29102" lon="-120.4342">
        <ele>2050.0</ele>
      </trkpt>
      <trkpt lat="39.29093" lon="-120.43416">
        <ele>2055.0</ele>
      </trkpt>
      <trkpt lat="39.29089" lon="-120.43404">
        <ele>2055.0</ele>
      </trkpt>
      <trkpt lat="39.29075" lon="-120.43397">
        <ele>2049.0</ele>
      </trkpt>
      <trkpt lat="39.29049" lon="-120.43366">
        <ele>2053.0</ele>
      </trkpt>
      <trkpt lat="39.29021" lon="-120.43343">
        <ele>2055.0</ele>
      </trkpt>
      <trkpt lat="39.29016" lon="-120.4334">
        <ele>2055.0</ele>
      </trkpt>
      <trkpt lat="39.28997" lon="-120.4334">
        <ele>2056.0</ele>
      </trkpt>
      <trkpt lat="39.28984" lon="-120.43336">
        <ele>2059.0</ele>
      </trkpt>
      <trkpt lat="39.28969" lon="-120.43339">
        <ele>2059.0</ele>
      </trkpt>
      <trkpt lat="39.2896" lon="-120.43338">
        <ele>2059.0</ele>
      </trkpt>
      <trkpt lat="39.2893" lon="-120.43329">
        <ele>2062.0</ele>
      </trkpt>
      <trkpt lat="39.28919" lon="-120.43332">
        <ele>2062.0</ele>
      </trkpt>
      <trkpt lat="39.28906" lon="-120.43327">
        <ele>2062.0</ele>
      </trkpt>
      <trkpt lat="39.2889" lon="-120.43338">
        <ele>2063.0</ele>
      </trkpt>
      <trkpt lat="39.28872" lon="-120.43343">
        <ele>2063.0</ele>
      </trkpt>
      <trkpt lat="39.28852" lon="-120.43332">
        <ele>2063.0</ele>
      </trkpt>
      <trkpt lat="39.28811" lon="-120.43316">
        <ele>2053.0</ele>
      </trkpt>
      <trkpt lat="39.28792" lon="-120.43311">
        <ele>2053.0</ele>
      </trkpt>
      <trkpt lat="39.28787" lon="-120.43305">
        <ele>2049.0</ele>
      </trkpt>
      <trkpt lat="39.28785" lon="-120.43291">
        <ele>2050.0</ele>
      </trkpt>
      <trkpt lat="39.28787" lon="-120.43283">
        <ele>2050.0</ele>
      </trkpt>
      <trkpt lat="39.28793" lon="-120.43276">
        <ele>2055.0</ele>
      </trkpt>
      <trkpt lat="39.28792" lon="-120.4327">
        <ele>2055.0</ele>
      </trkpt>
      <trkpt lat="39.28779" lon="-120.43258">
        <ele>2049.0</ele>
      </trkpt>
      <trkpt lat="39.28749" lon="-120.43216">
        <ele>2043.0</ele>
      </trkpt>
      <trkpt lat="39.28749" lon="-120.43216">
        <ele>2043.0</ele>
      </trkpt>
      <trkpt lat="39.28746" lon="-120.43213">
        <ele>2043.0</ele>
      </trkpt>
      <trkpt lat="39.28746" lon="-120.43213">
        <ele>2043.0</ele>
      </trkpt>
      <trkpt lat="39.28738" lon="-120.43207">
        <ele>2042.0</ele>
      </trkpt>
      <trkpt lat="39.28734" lon="-120.432">
        <ele>2033.0</ele>
      </trkpt>
      <trkpt lat="39.28729" lon="-120.43177">
        <ele>2039.0</ele>
      </trkpt>
      <trkpt lat="39.28725" lon="-120.43173">
        <ele>2039.0</ele>
      </trkpt>
      <trkpt lat="39.28704" lon="-120.43168">
        <ele>2035.0</ele>
      </trkpt>
      <trkpt lat="39.2869" lon="-120.43169">
        <ele>2035.0</ele>
      </trkpt>
      <trkpt lat="39.28663" lon="-120.4316">
        <ele>2035.0</ele>
      </trkpt>
      <trkpt lat="39.28652" lon="-120.43168">
        <ele>2035.0</ele>
      </trkpt>
      <trkpt lat="39.28642" lon="-120.43164">
        <ele>2035.0</ele>
      </trkpt>
      <trkpt lat="39.28638" lon="-120.43156">
        <ele>2035.0</ele>
      </trkpt>
      <trkpt lat="39.28646" lon="-120.43147">
        <ele>2033.0</ele>
      </trkpt>
      <trkpt lat="39.28648" lon="-120.43138">
        <ele>2033.0</ele>
      </trkpt>
      <trkpt lat="39.28647" lon="-120.4313">
        <ele>2033.0</ele>
      </trkpt>
      <trkpt lat="39.28638" lon="-120.43114">
        <ele>2029.0</ele>
      </trkpt>
      <trkpt lat="39.28629" lon="-120.43104">
        <ele>2029.0</ele>
      </trkpt>
      <trkpt lat="39.28624" lon="-120.43081">
        <ele>2026.0</ele>
      </trkpt>
      <trkpt lat="39.28592" lon="-120.43066">
        <ele>2018.0</ele>
      </trkpt>
      <trkpt lat="39.2858" lon="-120.43055">
        <ele>2018.0</ele>
      </trkpt>
      <trkpt lat="39.28566" lon="-120.43053">
        <ele>2015.0</ele>
      </trkpt>
      <trkpt lat="39.28542" lon="-120.4304">
        <ele>2014.0</ele>
      </trkpt>
      <trkpt lat="39.28504" lon="-120.43034">
        <ele>2010.0</ele>
      </trkpt>
      <trkpt lat="39.28492" lon="-120.43024">
        <ele>2010.0</ele>
      </trkpt>
      <trkpt lat="39.28486" lon="-120.43023">
        <ele>2009.0</ele>
      </trkpt>
      <trkpt lat="39.28478" lon="-120.43028">
        <ele>2009.0</ele>
      </trkpt>
      <trkpt lat="39.28472" lon="-120.43041">
        <ele>2009.0</ele>
      </trkpt>
      <trkpt lat="39.28444" lon="-120.43031">
        <ele>2005.0</ele>
      </trkpt>
      <trkpt lat="39.28441" lon="-120.43034">
        <ele>2005.0</ele>
      </trkpt>
      <trkpt lat="39.2844" lon="-120.43039">
        <ele>2005.0</ele>
      </trkpt>
      <trkpt lat="39.28445" lon="-120.43059">
        <ele>2005.0</ele>
      </trkpt>
      <trkpt lat="39.28443" lon="-120.43063">
        <ele>2005.0</ele>
      </trkpt>
      <trkpt lat="39.28439" lon="-120.43064">
        <ele>2005.0</ele>
      </trkpt>
      <trkpt lat="39.28426" lon="-120.43052">
        <ele>1993.0</ele>
      </trkpt>
      <trkpt lat="39.28421" lon="-120.43038">
        <ele>1998.0</ele>
      </trkpt>
      <trkpt lat="39.28416" lon="-120.43035">
        <ele>1998.0</ele>
      </trkpt>
      <trkpt lat="39.2841" lon="-120.43036">
        <ele>1998.0</ele>
      </trkpt>
      <trkpt lat="39.2841" lon="-120.43042">
        <ele>1993.0</ele>
      </trkpt>
      <trkpt lat="39.28408" lon="-120.43042">
        <ele>1993.0</ele>
      </trkpt>
      <trkpt lat="39.28393" lon="-120.4303">
        <ele>1995.0</ele>
      </trkpt>
      <trkpt lat="39.28351" lon="-120.43021">
        <ele>1988.0</ele>
      </trkpt>
      <trkpt lat="39.28337" lon="-120.43013">
        <ele>1991.0</ele>
      </trkpt>
      <trkpt lat="39.28329" lon="-120.43012">
        <ele>1991.0</ele>
      </trkpt>
      <trkpt lat="39.28329" lon="-120.43012">
        <ele>1991.0</ele>
      </trkpt>
      <trkpt lat="39.28327" lon="-120.43013">
        <ele>1991.0</ele>
      </trkpt>
      <trkpt lat="39.28323" lon="-120.43026">
        <ele>1987.0</ele>
      </trkpt>
      <trkpt lat="39.28315" lon="-120.43035">
        <ele>1995.0</ele>
      </trkpt>
      <trkpt lat="39.28308" lon="-120.43038">
        <ele>1995.0</ele>
      </trkpt>
      <trkpt lat="39.28272" lon="-120.43039">
        <ele>1999.0</ele>
      </trkpt>
      <trkpt lat="39.28265" lon="-120.43041">
        <ele>1999.0</ele>
      </trkpt>
      <trkpt lat="39.28249" lon="-120.43054">
        <ele>1993.0</ele>
      </trkpt>
      <trkpt lat="39.28224" lon="-120.43058">
        <ele>1992.0</ele>
      </trkpt>
      <trkpt lat="39.28219" lon="-120.43063">
        <ele>1992.0</ele>
      </trkpt>
      <trkpt lat="39.28215" lon="-120.43073">
        <ele>1995.0</ele>
      </trkpt>
      <trkpt lat="39.28208" lon="-120.43112">
        <ele>1997.0</ele>
      </trkpt>
      <trkpt lat="39.28202" lon="-120.43122">
        <ele>1997.0</ele>
      </trkpt>
      <trkpt lat="39.2819" lon="-120.43127">
        <ele>1998.0</ele>
      </trkpt>
      <trkpt lat="39.28184" lon="-120.43125">
        <ele>1997.0</ele>
      </trkpt>
      <trkpt lat="39.2818" lon="-120.43119">
        <ele>1995.0</ele>
      </trkpt>
      <trkpt lat="39.28183" lon="-120.4305">
        <ele>1992.0</ele>
      </trkpt>
      <trkpt lat="39.2818" lon="-120.43041">
        <ele>1989.0</ele>
      </trkpt>
      <trkpt lat="39.28163" lon="-120.4303">
        <ele>1989.0</ele>
      </trkpt>
      <trkpt lat="39.28153" lon="-120.43033">
        <ele>1989.0</ele>
      </trkpt>
      <trkpt lat="39.28143" lon="-120.43048">
        <ele>1985.0</ele>
      </trkpt>
      <trkpt lat="39.28132" lon="-120.43052">
        <ele>1985.0</ele>
      </trkpt>
      <trkpt lat="39.28127" lon="-120.43059">
        <ele>1985.0</ele>
      </trkpt>
      <trkpt lat="39.28113" lon="-120.43108">
        <ele>1982.0</ele>
      </trkpt>
      <trkpt lat="39.28118" lon="-120.43135">
        <ele>1984.0</ele>
      </trkpt>
      <trkpt lat="39.28114" lon="-120.43158">
        <ele>1987.0</ele>
      </trkpt>
      <trkpt lat="39.28107" lon="-120.43175">
        <ele>1987.0</ele>
      </trkpt>
      <trkpt lat="39.2811" lon="-120.43194">
        <ele>1988.0</ele>
      </trkpt>
      <trkpt lat="39.28107" lon="-120.43197">
        <ele>1988.0</ele>
      </trkpt>
      <trkpt lat="39.28098" lon="-120.43195">
        <ele>1988.0</ele>
      </trkpt>
      <trkpt lat="39.28081" lon="-120.43204">
        <ele>1980.0</ele>
      </trkpt>
      <trkpt lat="39.28052" lon="-120.43202">
        <ele>1975.0</ele>
      </trkpt>
      <trkpt lat="39.28041" lon="-120.43213">
        <ele>1977.0</ele>
      </trkpt>
      <trkpt lat="39.28041" lon="-120.43213">
        <ele>1977.0</ele>
      </trkpt>
      <trkpt lat="39.28036" lon="-120.43221">
        <ele>1977.0</ele>
      </trkpt>
      <trkpt lat="39.28032" lon="-120.43222">
        <ele>1977.0</ele>
      </trkpt>
      <trkpt lat="39.28013" lon="-120.43213">
        <ele>1975.0</ele>
      </trkpt>
      <trkpt lat="39.28013" lon="-120.43213">
        <ele>1975.0</ele>
      </trkpt>
      <trkpt lat="39.28004" lon="-120.43211">
        <ele>1975.0</ele>
      </trkpt>
      <trkpt lat="39.27996" lon="-120.43205">
        <ele>1970.0</ele>
      </trkpt>
      <trkpt lat="39.27982" lon="-120.43189">
        <ele>1969.0</ele>
      </trkpt>
      <trkpt lat="39.27969" lon="-120.43181">
        <ele>1969.0</ele>
      </trkpt>
      <trkpt lat="39.27961" lon="-120.43181">
        <ele>1969.0</ele>
      </trkpt>
      <trkpt lat="39.27943" lon="-120.43188">
        <ele>1963.0</ele>
      </trkpt>
      <trkpt lat="39.27935" lon="-120.43189">
        <ele>1963.0</ele>
      </trkpt>
      <trkpt lat="39.27883" lon="-120.43147">
        <ele>1945.0</ele>
      </trkpt>
      <trkpt lat="39.27851" lon="-120.43142">
        <ele>1943.0</ele>
      </trkpt>
      <trkpt lat="39.27812" lon="-120.43124">
        <ele>1942.0</ele>
      </trkpt>
      <trkpt lat="39.27779" lon="-120.4312">
        <ele>1946.0</ele>
      </trkpt>
      <trkpt lat="39.27765" lon="-120.43123">
        <ele>1946.0</ele>
      </trkpt>
      <trkpt lat="39.27756" lon="-120.43119">
        <ele>1946.0</ele>
      </trkpt>
      <trkpt lat="39.27729" lon="-120.43099">
        <ele>1943.0</ele>
      </trkpt>
      <trkpt lat="39.2771" lon="-120.4309">
        <ele>1931.0</ele>
      </trkpt>
      <trkpt lat="39.27693" lon="-120.43067">
        <ele>1931.0</ele>
      </trkpt>
      <trkpt lat="39.27652" lon="-120.43054">
        <ele>1933.0</ele>
      </trkpt>
      <trkpt lat="39.27644" lon="-120.43047">
        <ele>1933.0</ele>
      </trkpt>
      <trkpt lat="39.27638" lon="-120.43026">
        <ele>1926.0</ele>
      </trkpt>
      <trkpt lat="39.27632" lon="-120.43016">
        <ele>1926.0</ele>
      </trkpt>
      <trkpt lat="39.27611" lon="-120.42996">
        <ele>1927.0</ele>
      </trkpt>
      <trkpt lat="39.27599" lon="-120.42974">
        <ele>1923.0</ele>
      </trkpt>
      <trkpt lat="39.27539" lon="-120.42933">
        <ele>1934.0</ele>
      </trkpt>
      <trkpt lat="39.27526" lon="-120.42929">
        <ele>1931.0</ele>
      </trkpt>
      <trkpt lat="39.27517" lon="-120.42923">
        <ele>1931.0</ele>
      </trkpt>
      <trkpt lat="39.27451" lon="-120.4291">
        <ele>1927.0</ele>
      </trkpt>
      <trkpt lat="39.27419" lon="-120.42897">
        <ele>1918.0</ele>
      </trkpt>
      <trkpt lat="39.2739" lon="-120.4289">
        <ele>1918.0</ele>
      </trkpt>
      <trkpt lat="39.27381" lon="-120.42885">
        <ele>1918.0</ele>
      </trkpt>
      <trkpt lat="39.27361" lon="-120.42855">
        <ele>1919.0</ele>
      </trkpt>
      <trkpt lat="39.27355" lon="-120.42849">
        <ele>1919.0</ele>
      </trkpt>
      <trkpt lat="39.27347" lon="-120.42848">
        <ele>1920.0</ele>
      </trkpt>
      <trkpt lat="39.27335" lon="-120.42851">
        <ele>1920.0</ele>
      </trkpt>
      <trkpt lat="39.27312" lon="-120.42868">
        <ele>1920.0</ele>
      </trkpt>
      <trkpt lat="39.27312" lon="-120.42868">
        <ele>1920.0</ele>
      </trkpt>
      <trkpt lat="39.27301" lon="-120.4287">
        <ele>1920.0</ele>
      </trkpt>
      <trkpt lat="39.27277" lon="-120.42865">
        <ele>1915.0</ele>
      </trkpt>
      <trkpt lat="39.27241" lon="-120.42866">
        <ele>1911.0</ele>
      </trkpt>
      <trkpt lat="39.27206" lon="-120.42879">
        <ele>1913.0</ele>
      </trkpt>
      <trkpt lat="39.27189" lon="-120.42876">
        <ele>1913.0</ele>
      </trkpt>
      <trkpt lat="39.27178" lon="-120.42878">
        <ele>1910.0</ele>
      </trkpt>
      <trkpt lat="39.27161" lon="-120.42889">
        <ele>1910.0</ele>
      </trkpt>
      <trkpt lat="39.27138" lon="-120.42896">
        <ele>1907.0</ele>
      </trkpt>
      <trkpt lat="39.27108" lon="-120.42883">
        <ele>1904.0</ele>
      </trkpt>
      <trkpt lat="39.27074" lon="-120.42887">
        <ele>1904.0</ele>
      </trkpt>
      <trkpt lat="39.27054" lon="-120.42891">
        <ele>1905.0</ele>
      </trkpt>
      <trkpt lat="39.27005" lon="-120.42909">
        <ele>1906.0</ele>
      </trkpt>
      <trkpt lat="39.26970036036944" lon="-120.429146559352">
        <ele>1901.0</ele>
      </trkpt>
      <trkpt lat="39.26970036119359" lon="-120.429146559352">
        <ele>1901.0</ele>
      </trkpt>
      <trkpt lat="39.26937" lon="-120.4292">
        <ele>1904.0</ele>
      </trkpt>
      <trkpt lat="39.26929" lon="-120.42924">
        <ele>1909.0</ele>
      </trkpt>
      <trkpt lat="39.26912" lon="-120.42941">
        <ele>1917.0</ele>
      </trkpt>
      <trkpt lat="39.26898" lon="-120.42945">
        <ele>1920.0</ele>
      </trkpt>
      <trkpt lat="39.26869" lon="-120.4294">
        <ele>1915.0</ele>
      </trkpt>
      <trkpt lat="39.26841" lon="-120.42921">
        <ele>1910.0</ele>
      </trkpt>
      <trkpt lat="39.26825" lon="-120.42919">
        <ele>1910.0</ele>
      </trkpt>
      <trkpt lat="39.26817" lon="-120.42922">
        <ele>1918.0</ele>
      </trkpt>
      <trkpt lat="39.26797" lon="-120.42936">
        <ele>1920.0</ele>
      </trkpt>
      <trkpt lat="39.26793" lon="-120.42934">
        <ele>1920.0</ele>
      </trkpt>
      <trkpt lat="39.26794" lon="-120.42925">
        <ele>1918.0</ele>
      </trkpt>
      <trkpt lat="39.26804" lon="-120.42903">
        <ele>1918.0</ele>
      </trkpt>
      <trkpt lat="39.26802" lon="-120.42894">
        <ele>1912.0</ele>
      </trkpt>
      <trkpt lat="39.26796" lon="-120.42884">
        <ele>1912.0</ele>
      </trkpt>
      <trkpt lat="39.26752" lon="-120.42881">
        <ele>1906.0</ele>
      </trkpt>
      <trkpt lat="39.26734" lon="-120.42884">
        <ele>1900.0</ele>
      </trkpt>
      <trkpt lat="39.26705" lon="-120.42897">
        <ele>1899.0</ele>
      </trkpt>
      <trkpt lat="39.26693" lon="-120.42897">
        <ele>1899.0</ele>
      </trkpt>
      <trkpt lat="39.2666" lon="-120.42889">
        <ele>1901.0</ele>
      </trkpt>
      <trkpt lat="39.26628" lon="-120.42898">
        <ele>1902.0</ele>
      </trkpt>
      <trkpt lat="39.26628" lon="-120.42898">
        <ele>1902.0</ele>
      </trkpt>
      <trkpt lat="39.26623" lon="-120.429">
        <ele>1902.0</ele>
      </trkpt>
      <trkpt lat="39.26609" lon="-120.42897">
        <ele>1902.0</ele>
      </trkpt>
      <trkpt lat="39.26595" lon="-120.42892">
        <ele>1900.0</ele>
      </trkpt>
      <trkpt lat="39.26533" lon="-120.42849">
        <ele>1884.0</ele>
      </trkpt>
      <trkpt lat="39.26502" lon="-120.4284">
        <ele>1889.0</ele>
      </trkpt>
      <trkpt lat="39.26495" lon="-120.42835">
        <ele>1889.0</ele>
      </trkpt>
      <trkpt lat="39.26472" lon="-120.42783">
        <ele>1884.0</ele>
      </trkpt>
      <trkpt lat="39.26463" lon="-120.42774">
        <ele>1884.0</ele>
      </trkpt>
      <trkpt lat="39.26453" lon="-120.42768">
        <ele>1884.0</ele>
      </trkpt>
      <trkpt lat="39.26437" lon="-120.42764">
        <ele>1884.0</ele>
      </trkpt>
      <trkpt lat="39.26369" lon="-120.42765">
        <ele>1885.0</ele>
      </trkpt>
      <trkpt lat="39.26359" lon="-120.4277">
        <ele>1885.0</ele>
      </trkpt>
      <trkpt lat="39.26344" lon="-120.42793">
        <ele>1885.0</ele>
      </trkpt>
      <trkpt lat="39.26337" lon="-120.42799">
        <ele>1885.0</ele>
      </trkpt>
      <trkpt lat="39.26326" lon="-120.42801">
        <ele>1885.0</ele>
      </trkpt>
      <trkpt lat="39.26308" lon="-120.42799">
        <ele>1882.0</ele>
      </trkpt>
      <trkpt lat="39.26293" lon="-120.42794">
        <ele>1882.0</ele>
      </trkpt>
      <trkpt lat="39.26281" lon="-120.42785">
        <ele>1881.0</ele>
      </trkpt>
      <trkpt lat="39.26271" lon="-120.42774">
        <ele>1881.0</ele>
      </trkpt>
      <trkpt lat="39.26256" lon="-120.42747">
        <ele>1883.0</ele>
      </trkpt>
      <trkpt lat="39.26257" lon="-120.42738">
        <ele>1883.0</ele>
      </trkpt>
      <trkpt lat="39.2627" lon="-120.42714">
        <ele>1876.0</ele>
      </trkpt>
      <trkpt lat="39.2627" lon="-120.427">
        <ele>1871.0</ele>
      </trkpt>
      <trkpt lat="39.26266" lon="-120.42689">
        <ele>1871.0</ele>
      </trkpt>
      <trkpt lat="39.26247" lon="-120.4268">
        <ele>1872.0</ele>
      </trkpt>
      <trkpt lat="39.26241" lon="-120.42668">
        <ele>1872.0</ele>
      </trkpt>
      <trkpt lat="39.26239" lon="-120.42624">
        <ele>1868.0</ele>
      </trkpt>
      <trkpt lat="39.26234" lon="-120.42614">
        <ele>1869.0</ele>
      </trkpt>
      <trkpt lat="39.26214" lon="-120.42607">
        <ele>1869.0</ele>
      </trkpt>
      <trkpt lat="39.2619" lon="-120.42587">
        <ele>1860.0</ele>
      </trkpt>
      <trkpt lat="39.26153" lon="-120.42548">
        <ele>1855.0</ele>
      </trkpt>
      <trkpt lat="39.26145" lon="-120.42532">
        <ele>1850.0</ele>
      </trkpt>
      <trkpt lat="39.2614" lon="-120.4253">
        <ele>1850.0</ele>
      </trkpt>
      <trkpt lat="39.26127" lon="-120.42538">
        <ele>1850.0</ele>
      </trkpt>
      <trkpt lat="39.26117" lon="-120.42538">
        <ele>1850.0</ele>
      </trkpt>
      <trkpt lat="39.26104" lon="-120.42533">
        <ele>1850.0</ele>
      </trkpt>
      <trkpt lat="39.26093" lon="-120.42524">
        <ele>1850.0</ele>
      </trkpt>
      <trkpt lat="39.26087" lon="-120.42515">
        <ele>1850.0</ele>
      </trkpt>
      <trkpt lat="39.26062" lon="-120.4242">
        <ele>1834.0</ele>
      </trkpt>
      <trkpt lat="39.26056" lon="-120.42412">
        <ele>1834.0</ele>
      </trkpt>
      <trkpt lat="39.26046" lon="-120.42407">
        <ele>1834.0</ele>
      </trkpt>
      <trkpt lat="39.26039" lon="-120.42398">
        <ele>1831.0</ele>
      </trkpt>
      <trkpt lat="39.26026" lon="-120.42393">
        <ele>1831.0</ele>
      </trkpt>
      <trkpt lat="39.26009" lon="-120.42351">
        <ele>1827.0</ele>
      </trkpt>
      <trkpt lat="39.26009" lon="-120.42341">
        <ele>1825.0</ele>
      </trkpt>
      <trkpt lat="39.26015" lon="-120.42321">
        <ele>1822.0</ele>
      </trkpt>
      <trkpt lat="39.25997" lon="-120.42289">
        <ele>1824.0</ele>
      </trkpt>
      <trkpt lat="39.25997" lon="-120.42284">
        <ele>1824.0</ele>
      </trkpt>
      <trkpt lat="39.26002" lon="-120.42281">
        <ele>1824.0</ele>
      </trkpt>
      <trkpt lat="39.26019" lon="-120.42285">
        <ele>1821.0</ele>
      </trkpt>
      <trkpt lat="39.2602" lon="-120.42283">
        <ele>1821.0</ele>
      </trkpt>
      <trkpt lat="39.26003" lon="-120.42241">
        <ele>1823.0</ele>
      </trkpt>
      <trkpt lat="39.26005" lon="-120.42226">
        <ele>1818.0</ele>
      </trkpt>
      <trkpt lat="39.25995" lon="-120.42198">
        <ele>1809.0</ele>
      </trkpt>
      <trkpt lat="39.25994" lon="-120.42187">
        <ele>1809.0</ele>
      </trkpt>
      <trkpt lat="39.25997" lon="-120.42166">
        <ele>1801.0</ele>
      </trkpt>
      <trkpt lat="39.25997" lon="-120.42151">
        <ele>1796.0</ele>
      </trkpt>
      <trkpt lat="39.25983" lon="-120.42117">
        <ele>1804.0</ele>
      </trkpt>
      <trkpt lat="39.25991" lon="-120.42091">
        <ele>1793.0</ele>
      </trkpt>
      <trkpt lat="39.25997" lon="-120.42084">
        <ele>1793.0</ele>
      </trkpt>
      <trkpt lat="39.26008" lon="-120.42072">
        <ele>1793.0</ele>
      </trkpt>
      <trkpt lat="39.26021" lon="-120.42052">
        <ele>1789.0</ele>
      </trkpt>
      <trkpt lat="39.26035" lon="-120.42049">
        <ele>1789.0</ele>
      </trkpt>
      <trkpt lat="39.26037" lon="-120.42045">
        <ele>1789.0</ele>
      </trkpt>
      <trkpt lat="39.26036" lon="-120.41959">
        <ele>1778.0</ele>
      </trkpt>
      <trkpt lat="39.26047" lon="-120.41938">
        <ele>1775.0</ele>
      </trkpt>
      <trkpt lat="39.26046" lon="-120.41933">
        <ele>1775.0</ele>
      </trkpt>
      <trkpt lat="39.26039" lon="-120.41926">
        <ele>1768.0</ele>
      </trkpt>
      <trkpt lat="39.26036" lon="-120.41919">
        <ele>1768.0</ele>
      </trkpt>
      <trkpt lat="39.26037" lon="-120.41913">
        <ele>1768.0</ele>
      </trkpt>
      <trkpt lat="39.26047" lon="-120.41905">
        <ele>1769.0</ele>
      </trkpt>
      <trkpt lat="39.26047" lon="-120.41901">
        <ele>1761.0</ele>
      </trkpt>
      <trkpt lat="39.26028" lon="-120.41885">
        <ele>1760.0</ele>
      </trkpt>
      <trkpt lat="39.25993" lon="-120.41838">
        <ele>1748.0</ele>
      </trkpt>
      <trkpt lat="39.25973" lon="-120.41835">
        <ele>1749.0</ele>
      </trkpt>
      <trkpt lat="39.25971" lon="-120.41831">
        <ele>1749.0</ele>
      </trkpt>
      <trkpt lat="39.25973" lon="-120.41826">
        <ele>1749.0</ele>
      </trkpt>
      <trkpt lat="39.25972" lon="-120.41822">
        <ele>1749.0</ele>
      </trkpt>
      <trkpt lat="39.2596" lon="-120.41814">
        <ele>1745.0</ele>
      </trkpt>
      <trkpt lat="39.25957" lon="-120.41808">
        <ele>1747.0</ele>
      </trkpt>
      <trkpt lat="39.25957" lon="-120.41789">
        <ele>1743.0</ele>
      </trkpt>
      <trkpt lat="39.25961" lon="-120.41774">
        <ele>1742.0</ele>
      </trkpt>
      <trkpt lat="39.25961" lon="-120.41769">
        <ele>1742.0</ele>
      </trkpt>
      <trkpt lat="39.25956" lon="-120.41764">
        <ele>1743.0</ele>
      </trkpt>
      <trkpt lat="39.25934" lon="-120.41765">
        <ele>1743.0</ele>
      </trkpt>
      <trkpt lat="39.25914" lon="-120.41754">
        <ele>1737.0</ele>
      </trkpt>
      <trkpt lat="39.25904" lon="-120.41756">
        <ele>1737.0</ele>
      </trkpt>
      <trkpt lat="39.25881" lon="-120.4174">
        <ele>1737.0</ele>
      </trkpt>
      <trkpt lat="39.25858" lon="-120.41709">
        <ele>1731.0</ele>
      </trkpt>
      <trkpt lat="39.25846" lon="-120.41699">
        <ele>1718.0</ele>
      </trkpt>
      <trkpt lat="39.25836" lon="-120.41697">
        <ele>1718.0</ele>
      </trkpt>
      <trkpt lat="39.25828" lon="-120.41699">
        <ele>1718.0</ele>
      </trkpt>
      <trkpt lat="39.25804" lon="-120.41719">
        <ele>1733.0</ele>
      </trkpt>
      <trkpt lat="39.25765" lon="-120.41715">
        <ele>1734.0</ele>
      </trkpt>
      <trkpt lat="39.2575" lon="-120.41707">
        <ele>1725.0</ele>
      </trkpt>
      <trkpt lat="39.25742" lon="-120.41698">
        <ele>1725.0</ele>
      </trkpt>
      <trkpt lat="39.25743" lon="-120.41686">
        <ele>1725.0</ele>
      </trkpt>
      <trkpt lat="39.25749" lon="-120.41682">
        <ele>1725.0</ele>
      </trkpt>
      <trkpt lat="39.25751" lon="-120.41676">
        <ele>1711.0</ele>
      </trkpt>
      <trkpt lat="39.25742" lon="-120.41664">
        <ele>1711.0</ele>
      </trkpt>
      <trkpt lat="39.25741" lon="-120.41655">
        <ele>1711.0</ele>
      </trkpt>
      <trkpt lat="39.25744" lon="-120.41648">
        <ele>1697.0</ele>
      </trkpt>
      <trkpt lat="39.25751" lon="-120.41648">
        <ele>1697.0</ele>
      </trkpt>
      <trkpt lat="39.25786" lon="-120.41658">
        <ele>1714.0</ele>
      </trkpt>
      <trkpt lat="39.25792" lon="-120.41647">
        <ele>1699.0</ele>
      </trkpt>
      <trkpt lat="39.25797" lon="-120.41645">
        <ele>1699.0</ele>
      </trkpt>
      <trkpt lat="39.25817" lon="-120.41645">
        <ele>1699.0</ele>
      </trkpt>
      <trkpt lat="39.25834" lon="-120.41618">
        <ele>1686.0</ele>
      </trkpt>
      <trkpt lat="39.25842" lon="-120.41587">
        <ele>1685.0</ele>
      </trkpt>
      <trkpt lat="39.25848" lon="-120.41572">
        <ele>1685.0</ele>
      </trkpt>
      <trkpt lat="39.25861" lon="-120.41555">
        <ele>1686.0</ele>
      </trkpt>
      <trkpt lat="39.25868" lon="-120.41519">
        <ele>1682.0</ele>
      </trkpt>
      <trkpt lat="39.25877" lon="-120.41502">
        <ele>1676.0</ele>
      </trkpt>
      <trkpt lat="39.25895" lon="-120.41481">
        <ele>1669.0</ele>
      </trkpt>
      <trkpt lat="39.25902" lon="-120.41477">
        <ele>1669.0</ele>
      </trkpt>
      <trkpt lat="39.25925" lon="-120.41474">
        <ele>1674.0</ele>
      </trkpt>
      <trkpt lat="39.25966" lon="-120.41461">
        <ele>1685.0</ele>
      </trkpt>
      <trkpt lat="39.25987" lon="-120.41461">
        <ele>1681.0</ele>
      </trkpt>
      <trkpt lat="39.25999" lon="-120.41469">
        <ele>1681.0</ele>
      </trkpt>
      <trkpt lat="39.26004" lon="-120.41469">
        <ele>1681.0</ele>
      </trkpt>
      <trkpt lat="39.26011" lon="-120.41455">
        <ele>1680.0</ele>
      </trkpt>
      <trkpt lat="39.26012" lon="-120.4145">
        <ele>1680.0</ele>
      </trkpt>
      <trkpt lat="39.25988" lon="-120.41409">
        <ele>1680.0</ele>
      </trkpt>
      <trkpt lat="39.25982" lon="-120.41404">
        <ele>1676.0</ele>
      </trkpt>
      <trkpt lat="39.25974" lon="-120.41403">
        <ele>1676.0</ele>
      </trkpt>
      <trkpt lat="39.25963" lon="-120.41406">
        <ele>1676.0</ele>
      </trkpt>
      <trkpt lat="39.25947" lon="-120.41426">
        <ele>1671.0</ele>
      </trkpt>
      <trkpt lat="39.25929" lon="-120.41439">
        <ele>1668.0</ele>
      </trkpt>
      <trkpt lat="39.25907" lon="-120.41447">
        <ele>1668.0</ele>
      </trkpt>
      <trkpt lat="39.25885" lon="-120.41446">
        <ele>1663.0</ele>
      </trkpt>
      <trkpt lat="39.25875" lon="-120.41441">
        <ele>1662.0</ele>
      </trkpt>
      <trkpt lat="39.25854" lon="-120.41446">
        <ele>1662.0</ele>
      </trkpt>
      <trkpt lat="39.25837" lon="-120.41443">
        <ele>1659.0</ele>
      </trkpt>
      <trkpt lat="39.25811" lon="-120.41432">
        <ele>1652.0</ele>
      </trkpt>
      <trkpt lat="39.25801" lon="-120.41432">
        <ele>1652.0</ele>
      </trkpt>
      <trkpt lat="39.25794" lon="-120.41436">
        <ele>1652.0</ele>
      </trkpt>
      <trkpt lat="39.25775" lon="-120.41458">
        <ele>1643.0</ele>
      </trkpt>
      <trkpt lat="39.2575" lon="-120.41497">
        <ele>1652.0</ele>
      </trkpt>
      <trkpt lat="39.25733" lon="-120.41499">
        <ele>1649.0</ele>
      </trkpt>
      <trkpt lat="39.25722" lon="-120.41496">
        <ele>1649.0</ele>
      </trkpt>
      <trkpt lat="39.25709" lon="-120.41485">
        <ele>1642.0</ele>
      </trkpt>
      <trkpt lat="39.25684" lon="-120.41455">
        <ele>1628.0</ele>
      </trkpt>
      <trkpt lat="39.25671" lon="-120.41418">
        <ele>1628.0</ele>
      </trkpt>
      <trkpt lat="39.25665" lon="-120.41417">
        <ele>1628.0</ele>
      </trkpt>
      <trkpt lat="39.25652" lon="-120.41427">
        <ele>1631.0</ele>
      </trkpt>
      <trkpt lat="39.2562" lon="-120.41428">
        <ele>1632.0</ele>
      </trkpt>
      <trkpt lat="39.25599" lon="-120.41421">
        <ele>1632.0</ele>
      </trkpt>
      <trkpt lat="39.2558" lon="-120.4142">
        <ele>1632.0</ele>
      </trkpt>
      <trkpt lat="39.25552" lon="-120.41401">
        <ele>1627.0</ele>
      </trkpt>
      <trkpt lat="39.25547" lon="-120.4139">
        <ele>1627.0</ele>
      </trkpt>
      <trkpt lat="39.25544" lon="-120.4136">
        <ele>1627.0</ele>
      </trkpt>
      <trkpt lat="39.25541" lon="-120.4135">
        <ele>1622.0</ele>
      </trkpt>
      <trkpt lat="39.25533" lon="-120.41342">
        <ele>1626.0</ele>
      </trkpt>
      <trkpt lat="39.25509" lon="-120.41334">
        <ele>1622.0</ele>
      </trkpt>
      <trkpt lat="39.25495" lon="-120.41303">
        <ele>1625.0</ele>
      </trkpt>
      <trkpt lat="39.25482" lon="-120.41289">
        <ele>1619.0</ele>
      </trkpt>
      <trkpt lat="39.25462" lon="-120.41274">
        <ele>1619.0</ele>
      </trkpt>
      <trkpt lat="39.25458" lon="-120.41267">
        <ele>1606.0</ele>
      </trkpt>
      <trkpt lat="39.25457" lon="-120.41262">
        <ele>1608.0</ele>
      </trkpt>
      <trkpt lat="39.25459" lon="-120.41255">
        <ele>1621.0</ele>
      </trkpt>
      <trkpt lat="39.25475" lon="-120.41244">
        <ele>1621.0</ele>
      </trkpt>
      <trkpt lat="39.25481" lon="-120.41237">
        <ele>1621.0</ele>
      </trkpt>
      <trkpt lat="39.25493" lon="-120.41196">
        <ele>1622.0</ele>
      </trkpt>
      <trkpt lat="39.25492" lon="-120.4118">
        <ele>1621.0</ele>
      </trkpt>
      <trkpt lat="39.25487" lon="-120.41162">
        <ele>1621.0</ele>
      </trkpt>
      <trkpt lat="39.25477" lon="-120.41145">
        <ele>1618.0</ele>
      </trkpt>
      <trkpt lat="39.25454" lon="-120.41119">
        <ele>1622.0</ele>
      </trkpt>
      <trkpt lat="39.25436" lon="-120.41113">
        <ele>1622.0</ele>
      </trkpt>
      <trkpt lat="39.25421" lon="-120.41124">
        <ele>1621.0</ele>
      </trkpt>
      <trkpt lat="39.2539" lon="-120.41132">
        <ele>1609.0</ele>
      </trkpt>
      <trkpt lat="39.25375" lon="-120.41142">
        <ele>1606.0</ele>
      </trkpt>
      <trkpt lat="39.25352" lon="-120.41141">
        <ele>1606.0</ele>
      </trkpt>
      <trkpt lat="39.25343" lon="-120.41138">
        <ele>1602.0</ele>
      </trkpt>
      <trkpt lat="39.25324" lon="-120.41125">
        <ele>1610.0</ele>
      </trkpt>
      <trkpt lat="39.25308" lon="-120.41122">
        <ele>1610.0</ele>
      </trkpt>
      <trkpt lat="39.25291" lon="-120.41138">
        <ele>1610.0</ele>
      </trkpt>
      <trkpt lat="39.25284" lon="-120.41142">
        <ele>1610.0</ele>
      </trkpt>
      <trkpt lat="39.25269" lon="-120.41143">
        <ele>1610.0</ele>
      </trkpt>
      <trkpt lat="39.25261" lon="-120.41147">
        <ele>1609.0</ele>
      </trkpt>
      <trkpt lat="39.25237" lon="-120.41149">
        <ele>1609.0</ele>
      </trkpt>
      <trkpt lat="39.252" lon="-120.41162">
        <ele>1588.0</ele>
      </trkpt>
      <trkpt lat="39.25192" lon="-120.41171">
        <ele>1588.0</ele>
      </trkpt>
      <trkpt lat="39.25191" lon="-120.41192">
        <ele>1583.0</ele>
      </trkpt>
      <trkpt lat="39.252" lon="-120.41229">
        <ele>1578.0</ele>
      </trkpt>
      <trkpt lat="39.25215" lon="-120.41252">
        <ele>1577.0</ele>
      </trkpt>
      <trkpt lat="39.25219" lon="-120.41288">
        <ele>1573.0</ele>
      </trkpt>
      <trkpt lat="39.25208" lon="-120.41305">
        <ele>1565.0</ele>
      </trkpt>
      <trkpt lat="39.25193" lon="-120.4132">
        <ele>1560.0</ele>
      </trkpt>
      <trkpt lat="39.25169" lon="-120.41315">
        <ele>1565.0</ele>
      </trkpt>
      <trkpt lat="39.25145" lon="-120.41318">
        <ele>1567.0</ele>
      </trkpt>
      <trkpt lat="39.25143" lon="-120.41325">
        <ele>1561.0</ele>
      </trkpt>
      <trkpt lat="39.25145" lon="-120.41336">
        <ele>1561.0</ele>
      </trkpt>
      <trkpt lat="39.25155" lon="-120.41361">
        <ele>1556.0</ele>
      </trkpt>
      <trkpt lat="39.2516" lon="-120.41366">
        <ele>1556.0</ele>
      </trkpt>
      <trkpt lat="39.25161" lon="-120.41376">
        <ele>1554.0</ele>
      </trkpt>
      <trkpt lat="39.25151" lon="-120.41387">
        <ele>1549.0</ele>
      </trkpt>
      <trkpt lat="39.25142" lon="-120.41391">
        <ele>1549.0</ele>
      </trkpt>
      <trkpt lat="39.25129" lon="-120.41419">
        <ele>1546.0</ele>
      </trkpt>
      <trkpt lat="39.25122" lon="-120.414">
        <ele>1547.0</ele>
      </trkpt>
      <trkpt lat="39.25115" lon="-120.41403">
        <ele>1542.0</ele>
      </trkpt>
      <trkpt lat="39.2511" lon="-120.41419">
        <ele>1542.0</ele>
      </trkpt>
      <trkpt lat="39.2511" lon="-120.41439">
        <ele>1538.0</ele>
      </trkpt>
      <trkpt lat="39.25108" lon="-120.41446">
        <ele>1538.0</ele>
      </trkpt>
      <trkpt lat="39.25104" lon="-120.4145">
        <ele>1538.0</ele>
      </trkpt>
      <trkpt lat="39.251" lon="-120.41451">
        <ele>1538.0</ele>
      </trkpt>
      <trkpt lat="39.25095" lon="-120.41447">
        <ele>1533.0</ele>
      </trkpt>
      <trkpt lat="39.25079" lon="-120.41424">
        <ele>1540.0</ele>
      </trkpt>
      <trkpt lat="39.2506" lon="-120.41421">
        <ele>1534.0</ele>
      </trkpt>
      <trkpt lat="39.25047" lon="-120.41423">
        <ele>1534.0</ele>
      </trkpt>
      <trkpt lat="39.24991" lon="-120.41469">
        <ele>1518.0</ele>
      </trkpt>
      <trkpt lat="39.24971" lon="-120.41477">
        <ele>1514.0</ele>
      </trkpt>
      <trkpt lat="39.24961" lon="-120.41484">
        <ele>1514.0</ele>
      </trkpt>
      <trkpt lat="39.24956" lon="-120.41491">
        <ele>1502.0</ele>
      </trkpt>
      <trkpt lat="39.24957" lon="-120.41494">
        <ele>1502.0</ele>
      </trkpt>
      <trkpt lat="39.2497" lon="-120.415">
        <ele>1509.0</ele>
      </trkpt>
      <trkpt lat="39.24973" lon="-120.41506">
        <ele>1509.0</ele>
      </trkpt>
      <trkpt lat="39.24971" lon="-120.41512">
        <ele>1509.0</ele>
      </trkpt>
      <trkpt lat="39.24966" lon="-120.41516">
        <ele>1502.0</ele>
      </trkpt>
      <trkpt lat="39.24951" lon="-120.41517">
        <ele>1491.0</ele>
      </trkpt>
      <trkpt lat="39.24927" lon="-120.41552">
        <ele>1476.0</ele>
      </trkpt>
      <trkpt lat="39.24927" lon="-120.41552">
        <ele>1476.0</ele>
      </trkpt>
      <trkpt lat="39.24913" lon="-120.41567">
        <ele>1476.0</ele>
      </trkpt>
      <trkpt lat="39.24864" lon="-120.41588">
        <ele>1468.0</ele>
      </trkpt>
      <trkpt lat="39.24844" lon="-120.416">
        <ele>1459.0</ele>
      </trkpt>
      <trkpt lat="39.24839" lon="-120.41606">
        <ele>1459.0</ele>
      </trkpt>
      <trkpt lat="39.24839" lon="-120.41614">
        <ele>1459.0</ele>
      </trkpt>
      <trkpt lat="39.24835" lon="-120.41624">
        <ele>1459.0</ele>
      </trkpt>
      <trkpt lat="39.24808" lon="-120.41645">
        <ele>1448.0</ele>
      </trkpt>
      <trkpt lat="39.24801" lon="-120.41646">
        <ele>1448.0</ele>
      </trkpt>
      <trkpt lat="39.24782" lon="-120.4164">
        <ele>1435.0</ele>
      </trkpt>
      <trkpt lat="39.2476" lon="-120.4164">
        <ele>1432.0</ele>
      </trkpt>
      <trkpt lat="39.2475" lon="-120.41611">
        <ele>1442.0</ele>
      </trkpt>
      <trkpt lat="39.24725" lon="-120.41595">
        <ele>1444.0</ele>
      </trkpt>
      <trkpt lat="39.247" lon="-120.41588">
        <ele>1433.0</ele>
      </trkpt>
      <trkpt lat="39.24694" lon="-120.41581">
        <ele>1433.0</ele>
      </trkpt>
      <trkpt lat="39.24685" lon="-120.41556">
        <ele>1444.0</ele>
      </trkpt>
      <trkpt lat="39.24681" lon="-120.41551">
        <ele>1444.0</ele>
      </trkpt>
      <trkpt lat="39.24668" lon="-120.41547">
        <ele>1434.0</ele>
      </trkpt>
      <trkpt lat="39.24659" lon="-120.41551">
        <ele>1434.0</ele>
      </trkpt>
      <trkpt lat="39.24651" lon="-120.41548">
        <ele>1426.0</ele>
      </trkpt>
      <trkpt lat="39.24638" lon="-120.4155">
        <ele>1426.0</ele>
      </trkpt>
      <trkpt lat="39.24643" lon="-120.41566">
        <ele>1426.0</ele>
      </trkpt>
      <trkpt lat="39.24638" lon="-120.41571">
        <ele>1416.0</ele>
      </trkpt>
      <trkpt lat="39.2464" lon="-120.41575">
        <ele>1416.0</ele>
      </trkpt>
      <trkpt lat="39.24636" lon="-120.41582">
        <ele>1416.0</ele>
      </trkpt>
      <trkpt lat="39.24645" lon="-120.41615">
        <ele>1409.0</ele>
      </trkpt>
      <trkpt lat="39.24644" lon="-120.41621">
        <ele>1409.0</ele>
      </trkpt>
      <trkpt lat="39.24641" lon="-120.41624">
        <ele>1409.0</ele>
      </trkpt>
      <trkpt lat="39.24618" lon="-120.41617">
        <ele>1401.0</ele>
      </trkpt>
      <trkpt lat="39.24609" lon="-120.41618">
        <ele>1401.0</ele>
      </trkpt>
      <trkpt lat="39.24607" lon="-120.41622">
        <ele>1401.0</ele>
      </trkpt>
      <trkpt lat="39.24608" lon="-120.41627">
        <ele>1393.0</ele>
      </trkpt>
      <trkpt lat="39.24643" lon="-120.41657">
        <ele>1389.0</ele>
      </trkpt>
      <trkpt lat="39.24671" lon="-120.41686">
        <ele>1387.0</ele>
      </trkpt>
      <trkpt lat="39.24681" lon="-120.41708">
        <ele>1393.0</ele>
      </trkpt>
      <trkpt lat="39.24679" lon="-120.41711">
        <ele>1383.0</ele>
      </trkpt>
      <trkpt lat="39.24671" lon="-120.41709">
        <ele>1383.0</ele>
      </trkpt>
      <trkpt lat="39.24668" lon="-120.41711">
        <ele>1383.0</ele>
      </trkpt>
      <trkpt lat="39.24667" lon="-120.41735">
        <ele>1383.0</ele>
      </trkpt>
      <trkpt lat="39.24662" lon="-120.41739">
        <ele>1382.0</ele>
      </trkpt>
      <trkpt lat="39.24656" lon="-120.4174">
        <ele>1382.0</ele>
      </trkpt>
      <trkpt lat="39.24651" lon="-120.41733">
        <ele>1378.0</ele>
      </trkpt>
      <trkpt lat="39.24632" lon="-120.41722">
        <ele>1378.0</ele>
      </trkpt>
      <trkpt lat="39.24617" lon="-120.41723">
        <ele>1377.0</ele>
      </trkpt>
      <trkpt lat="39.24602" lon="-120.41735">
        <ele>1377.0</ele>
      </trkpt>
      <trkpt lat="39.24601" lon="-120.41754">
        <ele>1376.0</ele>
      </trkpt>
      <trkpt lat="39.24611" lon="-120.41793">
        <ele>1374.0</ele>
      </trkpt>
      <trkpt lat="39.24613" lon="-120.41815">
        <ele>1374.0</ele>
      </trkpt>
      <trkpt lat="39.24609" lon="-120.41823">
        <ele>1373.0</ele>
      </trkpt>
      <trkpt lat="39.24596" lon="-120.41839">
        <ele>1367.0</ele>
      </trkpt>
      <trkpt lat="39.24596" lon="-120.41839">
        <ele>1367.0</ele>
      </trkpt>
      <trkpt lat="39.24587" lon="-120.41841">
        <ele>1367.0</ele>
      </trkpt>
      <trkpt lat="39.24587" lon="-120.41841">
        <ele>1367.0</ele>
      </trkpt>
      <trkpt lat="39.24585" lon="-120.4184">
        <ele>1367.0</ele>
      </trkpt>
      <trkpt lat="39.24581073784515" lon="-120.4182795960585">
        <ele>1367.0</ele>
      </trkpt>
      <trkpt lat="39.24581073784515" lon="-120.4182795960585">
        <ele>1367.0</ele>
      </trkpt>
      <trkpt lat="39.2457" lon="-120.41794">
        <ele>1372.0</ele>
      </trkpt>
      <trkpt lat="39.24554" lon="-120.41772">
        <ele>1376.0</ele>
      </trkpt>
      <trkpt lat="39.24543" lon="-120.4175">
        <ele>1380.0</ele>
      </trkpt>
      <trkpt lat="39.24534" lon="-120.4172">
        <ele>1379.0</ele>
      </trkpt>
      <trkpt lat="39.24528" lon="-120.41714">
        <ele>1379.0</ele>
      </trkpt>
      <trkpt lat="39.2452" lon="-120.417">
        <ele>1381.0</ele>
      </trkpt>
      <trkpt lat="39.24515" lon="-120.41662">
        <ele>1381.0</ele>
      </trkpt>
      <trkpt lat="39.24495" lon="-120.41636">
        <ele>1385.0</ele>
      </trkpt>
      <trkpt lat="39.24491" lon="-120.41613">
        <ele>1388.0</ele>
      </trkpt>
      <trkpt lat="39.24475" lon="-120.41601">
        <ele>1392.0</ele>
      </trkpt>
      <trkpt lat="39.24468" lon="-120.416">
        <ele>1392.0</ele>
      </trkpt>
      <trkpt lat="39.24455" lon="-120.41626">
        <ele>1405.0</ele>
      </trkpt>
      <trkpt lat="39.24454" lon="-120.41639">
        <ele>1405.0</ele>
      </trkpt>
      <trkpt lat="39.24461" lon="-120.41668">
        <ele>1397.0</ele>
      </trkpt>
      <trkpt lat="39.2446" lon="-120.4168">
        <ele>1397.0</ele>
      </trkpt>
      <trkpt lat="39.24458" lon="-120.41683">
        <ele>1402.0</ele>
      </trkpt>
      <trkpt lat="39.24441" lon="-120.4168">
        <ele>1406.0</ele>
      </trkpt>
      <trkpt lat="39.24437" lon="-120.41659">
        <ele>1406.0</ele>
      </trkpt>
      <trkpt lat="39.24441" lon="-120.41642">
        <ele>1405.0</ele>
      </trkpt>
      <trkpt lat="39.24437" lon="-120.41633">
        <ele>1405.0</ele>
      </trkpt>
      <trkpt lat="39.24431" lon="-120.41623">
        <ele>1401.0</ele>
      </trkpt>
      <trkpt lat="39.24427" lon="-120.41598">
        <ele>1412.0</ele>
      </trkpt>
      <trkpt lat="39.24423" lon="-120.41593">
        <ele>1407.0</ele>
      </trkpt>
      <trkpt lat="39.24419" lon="-120.41593">
        <ele>1407.0</ele>
      </trkpt>
      <trkpt lat="39.24406" lon="-120.41605">
        <ele>1412.0</ele>
      </trkpt>
      <trkpt lat="39.24398" lon="-120.41622">
        <ele>1434.0</ele>
      </trkpt>
      <trkpt lat="39.24395" lon="-120.41624">
        <ele>1434.0</ele>
      </trkpt>
      <trkpt lat="39.24392" lon="-120.41621">
        <ele>1434.0</ele>
      </trkpt>
      <trkpt lat="39.24391" lon="-120.41597">
        <ele>1428.0</ele>
      </trkpt>
      <trkpt lat="39.24368" lon="-120.41605">
        <ele>1448.0</ele>
      </trkpt>
      <trkpt lat="39.24366" lon="-120.416">
        <ele>1448.0</ele>
      </trkpt>
      <trkpt lat="39.24367" lon="-120.41588">
        <ele>1444.0</ele>
      </trkpt>
      <trkpt lat="39.24364" lon="-120.41577">
        <ele>1444.0</ele>
      </trkpt>
      <trkpt lat="39.24361" lon="-120.41583">
        <ele>1444.0</ele>
      </trkpt>
      <trkpt lat="39.24357" lon="-120.41586">
        <ele>1444.0</ele>
      </trkpt>
      <trkpt lat="39.24353" lon="-120.41569">
        <ele>1439.0</ele>
      </trkpt>
      <trkpt lat="39.24333" lon="-120.41543">
        <ele>1457.0</ele>
      </trkpt>
      <trkpt lat="39.2433" lon="-120.41554">
        <ele>1457.0</ele>
      </trkpt>
      <trkpt lat="39.24327" lon="-120.41585">
        <ele>1458.0</ele>
      </trkpt>
      <trkpt lat="39.24323" lon="-120.41592">
        <ele>1458.0</ele>
      </trkpt>
      <trkpt lat="39.24313" lon="-120.41596">
        <ele>1471.0</ele>
      </trkpt>
      <trkpt lat="39.24307" lon="-120.41595">
        <ele>1471.0</ele>
      </trkpt>
      <trkpt lat="39.24295" lon="-120.41573">
        <ele>1471.0</ele>
      </trkpt>
      <trkpt lat="39.24279" lon="-120.41576">
        <ele>1479.0</ele>
      </trkpt>
      <trkpt lat="39.24271" lon="-120.4158">
        <ele>1479.0</ele>
      </trkpt>
      <trkpt lat="39.24258" lon="-120.41598">
        <ele>1482.0</ele>
      </trkpt>
      <trkpt lat="39.2425" lon="-120.41635">
        <ele>1479.0</ele>
      </trkpt>
      <trkpt lat="39.24247" lon="-120.41634">
        <ele>1479.0</ele>
      </trkpt>
      <trkpt lat="39.24238" lon="-120.41617">
        <ele>1482.0</ele>
      </trkpt>
      <trkpt lat="39.24233" lon="-120.41612">
        <ele>1482.0</ele>
      </trkpt>
      <trkpt lat="39.24218" lon="-120.41609">
        <ele>1482.0</ele>
      </trkpt>
      <trkpt lat="39.24201" lon="-120.41615">
        <ele>1484.0</ele>
      </trkpt>
      <trkpt lat="39.24191" lon="-120.41614">
        <ele>1484.0</ele>
      </trkpt>
      <trkpt lat="39.24171" lon="-120.41616">
        <ele>1492.0</ele>
      </trkpt>
      <trkpt lat="39.24158" lon="-120.41626">
        <ele>1478.0</ele>
      </trkpt>
      <trkpt lat="39.24152" lon="-120.41635">
        <ele>1489.0</ele>
      </trkpt>
      <trkpt lat="39.24138" lon="-120.41649">
        <ele>1489.0</ele>
      </trkpt>
      <trkpt lat="39.24134" lon="-120.41647">
        <ele>1489.0</ele>
      </trkpt>
      <trkpt lat="39.24138" lon="-120.41649">
        <ele>1489.0</ele>
      </trkpt>
      <trkpt lat="39.24152" lon="-120.41635">
        <ele>1489.0</ele>
      </trkpt>
      <trkpt lat="39.24158" lon="-120.41626">
        <ele>1478.0</ele>
      </trkpt>
      <trkpt lat="39.24171" lon="-120.41616">
        <ele>1492.0</ele>
      </trkpt>
      <trkpt lat="39.24188393174069" lon="-120.4161426068259">
        <ele>1484.0</ele>
      </trkpt>
      <trkpt lat="39.241883931773" lon="-120.4161426068259">
        <ele>1484.0</ele>
      </trkpt>
      <trkpt lat="39.24191" lon="-120.41614">
        <ele>1484.0</ele>
      </trkpt>
      <trkpt lat="39.24201" lon="-120.41615">
        <ele>1484.0</ele>
      </trkpt>
      <trkpt lat="39.24218" lon="-120.41609">
        <ele>1482.0</ele>
      </trkpt>
      <trkpt lat="39.24233" lon="-120.41612">
        <ele>1482.0</ele>
      </trkpt>
      <trkpt lat="39.24238" lon="-120.41617">
        <ele>1482.0</ele>
      </trkpt>
      <trkpt lat="39.24247" lon="-120.41634">
        <ele>1479.0</ele>
      </trkpt>
      <trkpt lat="39.2425" lon="-120.41635">
        <ele>1479.0</ele>
      </trkpt>
      <trkpt lat="39.24258" lon="-120.41598">
        <ele>1482.0</ele>
      </trkpt>
      <trkpt lat="39.24271" lon="-120.4158">
        <ele>1479.0</ele>
      </trkpt>
      <trkpt lat="39.24279" lon="-120.41576">
        <ele>1479.0</ele>
      </trkpt>
      <trkpt lat="39.24295" lon="-120.41573">
        <ele>1471.0</ele>
      </trkpt>
      <trkpt lat="39.24307" lon="-120.41595">
        <ele>1471.0</ele>
      </trkpt>
      <trkpt lat="39.24313" lon="-120.41596">
        <ele>1471.0</ele>
      </trkpt>
      <trkpt lat="39.24323" lon="-120.41592">
        <ele>1458.0</ele>
      </trkpt>
      <trkpt lat="39.24327" lon="-120.41585">
        <ele>1458.0</ele>
      </trkpt>
      <trkpt lat="39.2433" lon="-120.41554">
        <ele>1457.0</ele>
      </trkpt>
      <trkpt lat="39.24333" lon="-120.41543">
        <ele>1457.0</ele>
      </trkpt>
      <trkpt lat="39.24353" lon="-120.41569">
        <ele>1439.0</ele>
      </trkpt>
      <trkpt lat="39.24357" lon="-120.41586">
        <ele>1444.0</ele>
      </trkpt>
      <trkpt lat="39.24361" lon="-120.41583">
        <ele>1444.0</ele>
      </trkpt>
      <trkpt lat="39.24364" lon="-120.41577">
        <ele>1444.0</ele>
      </trkpt>
      <trkpt lat="39.24367" lon="-120.41588">
        <ele>1444.0</ele>
      </trkpt>
      <trkpt lat="39.24366" lon="-120.416">
        <ele>1448.0</ele>
      </trkpt>
      <trkpt lat="39.24368" lon="-120.41605">
        <ele>1448.0</ele>
      </trkpt>
      <trkpt lat="39.24391" lon="-120.41597">
        <ele>1428.0</ele>
      </trkpt>
      <trkpt lat="39.24392" lon="-120.41621">
        <ele>1434.0</ele>
      </trkpt>
      <trkpt lat="39.24395" lon="-120.41624">
        <ele>1434.0</ele>
      </trkpt>
      <trkpt lat="39.24398" lon="-120.41622">
        <ele>1434.0</ele>
      </trkpt>
      <trkpt lat="39.24406" lon="-120.41605">
        <ele>1412.0</ele>
      </trkpt>
      <trkpt lat="39.24419" lon="-120.41593">
        <ele>1407.0</ele>
      </trkpt>
      <trkpt lat="39.24423" lon="-120.41593">
        <ele>1407.0</ele>
      </trkpt>
      <trkpt lat="39.24427" lon="-120.41598">
        <ele>1412.0</ele>
      </trkpt>
      <trkpt lat="39.24431" lon="-120.41623">
        <ele>1401.0</ele>
      </trkpt>
      <trkpt lat="39.24437" lon="-120.41633">
        <ele>1405.0</ele>
      </trkpt>
      <trkpt lat="39.24441" lon="-120.41642">
        <ele>1405.0</ele>
      </trkpt>
      <trkpt lat="39.24437" lon="-120.41659">
        <ele>1406.0</ele>
      </trkpt>
      <trkpt lat="39.24441" lon="-120.4168">
        <ele>1406.0</ele>
      </trkpt>
      <trkpt lat="39.24458" lon="-120.41683">
        <ele>1402.0</ele>
      </trkpt>
      <trkpt lat="39.2446" lon="-120.4168">
        <ele>1397.0</ele>
      </trkpt>
      <trkpt lat="39.24461" lon="-120.41668">
        <ele>1397.0</ele>
      </trkpt>
      <trkpt lat="39.24454" lon="-120.41639">
        <ele>1405.0</ele>
      </trkpt>
      <trkpt lat="39.24455" lon="-120.41626">
        <ele>1405.0</ele>
      </trkpt>
      <trkpt lat="39.24468" lon="-120.416">
        <ele>1392.0</ele>
      </trkpt>
      <trkpt lat="39.24475" lon="-120.41601">
        <ele>1392.0</ele>
      </trkpt>
      <trkpt lat="39.24491" lon="-120.41613">
        <ele>1388.0</ele>
      </trkpt>
      <trkpt lat="39.24495" lon="-120.41636">
        <ele>1385.0</ele>
      </trkpt>
      <trkpt lat="39.24515" lon="-120.41662">
        <ele>1381.0</ele>
      </trkpt>
      <trkpt lat="39.2452" lon="-120.417">
        <ele>1381.0</ele>
      </trkpt>
      <trkpt lat="39.24528" lon="-120.41714">
        <ele>1379.0</ele>
      </trkpt>
      <trkpt lat="39.24534" lon="-120.4172">
        <ele>1379.0</ele>
      </trkpt>
      <trkpt lat="39.24543" lon="-120.4175">
        <ele>1380.0</ele>
      </trkpt>
      <trkpt lat="39.24554" lon="-120.41772">
        <ele>1376.0</ele>
      </trkpt>
      <trkpt lat="39.24565102079146" lon="-120.4178726535883">
        <ele>1376.0</ele>
      </trkpt>
      <trkpt lat="39.24565102083022" lon="-120.4178726535882">
        <ele>1376.0</ele>
      </trkpt>
      <trkpt lat="39.2457" lon="-120.41794">
        <ele>1372.0</ele>
      </trkpt>
      <trkpt lat="39.24581073784515" lon="-120.4182795960585">
        <ele>1367.0</ele>
      </trkpt>
      <trkpt lat="39.24581073784515" lon="-120.4182795960585">
        <ele>1367.0</ele>
      </trkpt>
      <trkpt lat="39.24585" lon="-120.4184">
        <ele>1367.0</ele>
      </trkpt>
      <trkpt lat="39.24587" lon="-120.41841">
        <ele>1367.0</ele>
      </trkpt>
      <trkpt lat="39.24587" lon="-120.41841">
        <ele>1367.0</ele>
      </trkpt>
      <trkpt lat="39.24596" lon="-120.41839">
        <ele>1367.0</ele>
      </trkpt>
      <trkpt lat="39.24596" lon="-120.41839">
        <ele>1367.0</ele>
      </trkpt>
      <trkpt lat="39.24609" lon="-120.41823">
        <ele>1373.0</ele>
      </trkpt>
      <trkpt lat="39.24613" lon="-120.41815">
        <ele>1374.0</ele>
      </trkpt>
      <trkpt lat="39.24611" lon="-120.41793">
        <ele>1374.0</ele>
      </trkpt>
      <trkpt lat="39.24601" lon="-120.41754">
        <ele>1376.0</ele>
      </trkpt>
      <trkpt lat="39.24602" lon="-120.41735">
        <ele>1377.0</ele>
      </trkpt>
      <trkpt lat="39.24617" lon="-120.41723">
        <ele>1377.0</ele>
      </trkpt>
      <trkpt lat="39.24632" lon="-120.41722">
        <ele>1378.0</ele>
      </trkpt>
      <trkpt lat="39.24651" lon="-120.41733">
        <ele>1378.0</ele>
      </trkpt>
      <trkpt lat="39.24656" lon="-120.4174">
        <ele>1382.0</ele>
      </trkpt>
      <trkpt lat="39.24662" lon="-120.41739">
        <ele>1382.0</ele>
      </trkpt>
      <trkpt lat="39.24667" lon="-120.41735">
        <ele>1383.0</ele>
      </trkpt>
      <trkpt lat="39.24668" lon="-120.41711">
        <ele>1383.0</ele>
      </trkpt>
      <trkpt lat="39.24671" lon="-120.41709">
        <ele>1383.0</ele>
      </trkpt>
      <trkpt lat="39.24679" lon="-120.41711">
        <ele>1383.0</ele>
      </trkpt>
      <trkpt lat="39.24681" lon="-120.41708">
        <ele>1393.0</ele>
      </trkpt>
      <trkpt lat="39.24671" lon="-120.41686">
        <ele>1387.0</ele>
      </trkpt>
      <trkpt lat="39.24643" lon="-120.41657">
        <ele>1389.0</ele>
      </trkpt>
      <trkpt lat="39.24608" lon="-120.41627">
        <ele>1393.0</ele>
      </trkpt>
      <trkpt lat="39.24607" lon="-120.41622">
        <ele>1401.0</ele>
      </trkpt>
      <trkpt lat="39.24609" lon="-120.41618">
        <ele>1401.0</ele>
      </trkpt>
      <trkpt lat="39.24618" lon="-120.41617">
        <ele>1401.0</ele>
      </trkpt>
      <trkpt lat="39.24641" lon="-120.41624">
        <ele>1409.0</ele>
      </trkpt>
      <trkpt lat="39.24644" lon="-120.41621">
        <ele>1409.0</ele>
      </trkpt>
      <trkpt lat="39.24645" lon="-120.41615">
        <ele>1409.0</ele>
      </trkpt>
      <trkpt lat="39.24636" lon="-120.41582">
        <ele>1416.0</ele>
      </trkpt>
      <trkpt lat="39.2464" lon="-120.41575">
        <ele>1416.0</ele>
      </trkpt>
      <trkpt lat="39.24638" lon="-120.41571">
        <ele>1416.0</ele>
      </trkpt>
      <trkpt lat="39.24643" lon="-120.41566">
        <ele>1426.0</ele>
      </trkpt>
      <trkpt lat="39.24638" lon="-120.4155">
        <ele>1426.0</ele>
      </trkpt>
      <trkpt lat="39.24651" lon="-120.41548">
        <ele>1426.0</ele>
      </trkpt>
      <trkpt lat="39.24659" lon="-120.41551">
        <ele>1434.0</ele>
      </trkpt>
      <trkpt lat="39.24668" lon="-120.41547">
        <ele>1434.0</ele>
      </trkpt>
      <trkpt lat="39.24681" lon="-120.41551">
        <ele>1444.0</ele>
      </trkpt>
      <trkpt lat="39.24685" lon="-120.41556">
        <ele>1444.0</ele>
      </trkpt>
      <trkpt lat="39.24694" lon="-120.41581">
        <ele>1433.0</ele>
      </trkpt>
      <trkpt lat="39.247" lon="-120.41588">
        <ele>1433.0</ele>
      </trkpt>
      <trkpt lat="39.24725" lon="-120.41595">
        <ele>1444.0</ele>
      </trkpt>
      <trkpt lat="39.2475" lon="-120.41611">
        <ele>1442.0</ele>
      </trkpt>
      <trkpt lat="39.2476" lon="-120.4164">
        <ele>1432.0</ele>
      </trkpt>
      <trkpt lat="39.24782" lon="-120.4164">
        <ele>1435.0</ele>
      </trkpt>
      <trkpt lat="39.24801" lon="-120.41646">
        <ele>1448.0</ele>
      </trkpt>
      <trkpt lat="39.24808" lon="-120.41645">
        <ele>1448.0</ele>
      </trkpt>
      <trkpt lat="39.24810870402329" lon="-120.4164276746485">
        <ele>1448.0</ele>
      </trkpt>
      <trkpt lat="39.24810870407267" lon="-120.4164276746485">
        <ele>1448.0</ele>
      </trkpt>
      <trkpt lat="39.24835" lon="-120.41624">
        <ele>1459.0</ele>
      </trkpt>
      <trkpt lat="39.24839" lon="-120.41614">
        <ele>1459.0</ele>
      </trkpt>
      <trkpt lat="39.24839" lon="-120.41606">
        <ele>1459.0</ele>
      </trkpt>
      <trkpt lat="39.24844" lon="-120.416">
        <ele>1459.0</ele>
      </trkpt>
      <trkpt lat="39.24864" lon="-120.41588">
        <ele>1468.0</ele>
      </trkpt>
      <trkpt lat="39.24913" lon="-120.41567">
        <ele>1476.0</ele>
      </trkpt>
      <trkpt lat="39.24927" lon="-120.41552">
        <ele>1476.0</ele>
      </trkpt>
      <trkpt lat="39.24927" lon="-120.41552">
        <ele>1476.0</ele>
      </trkpt>
      <trkpt lat="39.24951" lon="-120.41517">
        <ele>1491.0</ele>
      </trkpt>
      <trkpt lat="39.24966" lon="-120.41516">
        <ele>1502.0</ele>
      </trkpt>
      <trkpt lat="39.24971" lon="-120.41512">
        <ele>1509.0</ele>
      </trkpt>
      <trkpt lat="39.24973" lon="-120.41506">
        <ele>1509.0</ele>
      </trkpt>
      <trkpt lat="39.2497" lon="-120.415">
        <ele>1509.0</ele>
      </trkpt>
      <trkpt lat="39.24957" lon="-120.41494">
        <ele>1502.0</ele>
      </trkpt>
      <trkpt lat="39.24956" lon="-120.41491">
        <ele>1502.0</ele>
      </trkpt>
      <trkpt lat="39.24961" lon="-120.41484">
        <ele>1514.0</ele>
      </trkpt>
      <trkpt lat="39.24971" lon="-120.41477">
        <ele>1514.0</ele>
      </trkpt>
      <trkpt lat="39.24991" lon="-120.41469">
        <ele>1518.0</ele>
      </trkpt>
      <trkpt lat="39.25047" lon="-120.41423">
        <ele>1534.0</ele>
      </trkpt>
      <trkpt lat="39.2506" lon="-120.41421">
        <ele>1534.0</ele>
      </trkpt>
      <trkpt lat="39.25079" lon="-120.41424">
        <ele>1540.0</ele>
      </trkpt>
      <trkpt lat="39.25095" lon="-120.41447">
        <ele>1533.0</ele>
      </trkpt>
      <trkpt lat="39.251" lon="-120.41451">
        <ele>1538.0</ele>
      </trkpt>
      <trkpt lat="39.25104" lon="-120.4145">
        <ele>1538.0</ele>
      </trkpt>
      <trkpt lat="39.25108" lon="-120.41446">
        <ele>1538.0</ele>
      </trkpt>
      <trkpt lat="39.2511" lon="-120.41439">
        <ele>1538.0</ele>
      </trkpt>
      <trkpt lat="39.2511" lon="-120.41419">
        <ele>1542.0</ele>
      </trkpt>
      <trkpt lat="39.25115" lon="-120.41403">
        <ele>1542.0</ele>
      </trkpt>
      <trkpt lat="39.25122" lon="-120.414">
        <ele>1547.0</ele>
      </trkpt>
      <trkpt lat="39.25129" lon="-120.41419">
        <ele>1546.0</ele>
      </trkpt>
      <trkpt lat="39.25142" lon="-120.41391">
        <ele>1549.0</ele>
      </trkpt>
      <trkpt lat="39.25151" lon="-120.41387">
        <ele>1549.0</ele>
      </trkpt>
      <trkpt lat="39.25161" lon="-120.41376">
        <ele>1554.0</ele>
      </trkpt>
      <trkpt lat="39.2516" lon="-120.41366">
        <ele>1556.0</ele>
      </trkpt>
      <trkpt lat="39.25155" lon="-120.41361">
        <ele>1556.0</ele>
      </trkpt>
      <trkpt lat="39.25145" lon="-120.41336">
        <ele>1561.0</ele>
      </trkpt>
      <trkpt lat="39.25143" lon="-120.41325">
        <ele>1561.0</ele>
      </trkpt>
      <trkpt lat="39.25145" lon="-120.41318">
        <ele>1567.0</ele>
      </trkpt>
      <trkpt lat="39.25169" lon="-120.41315">
        <ele>1565.0</ele>
      </trkpt>
      <trkpt lat="39.25193" lon="-120.4132">
        <ele>1560.0</ele>
      </trkpt>
      <trkpt lat="39.25208" lon="-120.41305">
        <ele>1565.0</ele>
      </trkpt>
      <trkpt lat="39.25219" lon="-120.41288">
        <ele>1573.0</ele>
      </trkpt>
      <trkpt lat="39.25215" lon="-120.41252">
        <ele>1577.0</ele>
      </trkpt>
      <trkpt lat="39.252" lon="-120.41229">
        <ele>1578.0</ele>
      </trkpt>
      <trkpt lat="39.25191" lon="-120.41192">
        <ele>1583.0</ele>
      </trkpt>
      <trkpt lat="39.25192" lon="-120.41171">
        <ele>1588.0</ele>
      </trkpt>
      <trkpt lat="39.252" lon="-120.41162">
        <ele>1588.0</ele>
      </trkpt>
      <trkpt lat="39.25237" lon="-120.41149">
        <ele>1609.0</ele>
      </trkpt>
      <trkpt lat="39.25261" lon="-120.41147">
        <ele>1609.0</ele>
      </trkpt>
      <trkpt lat="39.25269" lon="-120.41143">
        <ele>1610.0</ele>
      </trkpt>
      <trkpt lat="39.25284" lon="-120.41142">
        <ele>1610.0</ele>
      </trkpt>
      <trkpt lat="39.25291" lon="-120.41138">
        <ele>1610.0</ele>
      </trkpt>
      <trkpt lat="39.25308" lon="-120.41122">
        <ele>1610.0</ele>
      </trkpt>
      <trkpt lat="39.25324" lon="-120.41125">
        <ele>1610.0</ele>
      </trkpt>
      <trkpt lat="39.25343" lon="-120.41138">
        <ele>1602.0</ele>
      </trkpt>
      <trkpt lat="39.25352" lon="-120.41141">
        <ele>1606.0</ele>
      </trkpt>
      <trkpt lat="39.25375" lon="-120.41142">
        <ele>1606.0</ele>
      </trkpt>
      <trkpt lat="39.2539" lon="-120.41132">
        <ele>1609.0</ele>
      </trkpt>
      <trkpt lat="39.25421" lon="-120.41124">
        <ele>1621.0</ele>
      </trkpt>
      <trkpt lat="39.25436" lon="-120.41113">
        <ele>1622.0</ele>
      </trkpt>
      <trkpt lat="39.25454" lon="-120.41119">
        <ele>1622.0</ele>
      </trkpt>
      <trkpt lat="39.25477" lon="-120.41145">
        <ele>1618.0</ele>
      </trkpt>
      <trkpt lat="39.25487" lon="-120.41162">
        <ele>1621.0</ele>
      </trkpt>
      <trkpt lat="39.25492" lon="-120.4118">
        <ele>1621.0</ele>
      </trkpt>
      <trkpt lat="39.25493" lon="-120.41196">
        <ele>1622.0</ele>
      </trkpt>
      <trkpt lat="39.25481" lon="-120.41237">
        <ele>1621.0</ele>
      </trkpt>
      <trkpt lat="39.25475" lon="-120.41244">
        <ele>1621.0</ele>
      </trkpt>
      <trkpt lat="39.25459" lon="-120.41255">
        <ele>1621.0</ele>
      </trkpt>
      <trkpt lat="39.25457" lon="-120.41262">
        <ele>1608.0</ele>
      </trkpt>
      <trkpt lat="39.25458" lon="-120.41267">
        <ele>1606.0</ele>
      </trkpt>
      <trkpt lat="39.25462" lon="-120.41274">
        <ele>1619.0</ele>
      </trkpt>
      <trkpt lat="39.25482" lon="-120.41289">
        <ele>1619.0</ele>
      </trkpt>
      <trkpt lat="39.25495" lon="-120.41303">
        <ele>1625.0</ele>
      </trkpt>
      <trkpt lat="39.25509" lon="-120.41334">
        <ele>1622.0</ele>
      </trkpt>
      <trkpt lat="39.25533" lon="-120.41342">
        <ele>1626.0</ele>
      </trkpt>
      <trkpt lat="39.25541" lon="-120.4135">
        <ele>1622.0</ele>
      </trkpt>
      <trkpt lat="39.25544" lon="-120.4136">
        <ele>1627.0</ele>
      </trkpt>
      <trkpt lat="39.25547" lon="-120.4139">
        <ele>1627.0</ele>
      </trkpt>
      <trkpt lat="39.25552" lon="-120.41401">
        <ele>1627.0</ele>
      </trkpt>
      <trkpt lat="39.2558" lon="-120.4142">
        <ele>1632.0</ele>
      </trkpt>
      <trkpt lat="39.25599" lon="-120.41421">
        <ele>1632.0</ele>
      </trkpt>
      <trkpt lat="39.2562" lon="-120.41428">
        <ele>1632.0</ele>
      </trkpt>
      <trkpt lat="39.25652" lon="-120.41427">
        <ele>1631.0</ele>
      </trkpt>
      <trkpt lat="39.25665" lon="-120.41417">
        <ele>1628.0</ele>
      </trkpt>
      <trkpt lat="39.25671" lon="-120.41418">
        <ele>1628.0</ele>
      </trkpt>
      <trkpt lat="39.25681552874163" lon="-120.4144803510339">
        <ele>1628.0</ele>
      </trkpt>
      <trkpt lat="39.25681552876004" lon="-120.4144803510339">
        <ele>1628.0</ele>
      </trkpt>
      <trkpt lat="39.25684" lon="-120.41455">
        <ele>1628.0</ele>
      </trkpt>
      <trkpt lat="39.25709" lon="-120.41485">
        <ele>1642.0</ele>
      </trkpt>
      <trkpt lat="39.25722" lon="-120.41496">
        <ele>1649.0</ele>
      </trkpt>
      <trkpt lat="39.25733" lon="-120.41499">
        <ele>1649.0</ele>
      </trkpt>
      <trkpt lat="39.2575" lon="-120.41497">
        <ele>1652.0</ele>
      </trkpt>
      <trkpt lat="39.25775" lon="-120.41458">
        <ele>1643.0</ele>
      </trkpt>
      <trkpt lat="39.25794" lon="-120.41436">
        <ele>1652.0</ele>
      </trkpt>
      <trkpt lat="39.25801" lon="-120.41432">
        <ele>1652.0</ele>
      </trkpt>
      <trkpt lat="39.25811" lon="-120.41432">
        <ele>1652.0</ele>
      </trkpt>
      <trkpt lat="39.25837" lon="-120.41443">
        <ele>1659.0</ele>
      </trkpt>
      <trkpt lat="39.25854" lon="-120.41446">
        <ele>1662.0</ele>
      </trkpt>
      <trkpt lat="39.25875" lon="-120.41441">
        <ele>1662.0</ele>
      </trkpt>
      <trkpt lat="39.25885" lon="-120.41446">
        <ele>1663.0</ele>
      </trkpt>
      <trkpt lat="39.25907" lon="-120.41447">
        <ele>1668.0</ele>
      </trkpt>
      <trkpt lat="39.25929" lon="-120.41439">
        <ele>1668.0</ele>
      </trkpt>
      <trkpt lat="39.25947" lon="-120.41426">
        <ele>1671.0</ele>
      </trkpt>
      <trkpt lat="39.25963" lon="-120.41406">
        <ele>1676.0</ele>
      </trkpt>
      <trkpt lat="39.25974" lon="-120.41403">
        <ele>1676.0</ele>
      </trkpt>
      <trkpt lat="39.25982" lon="-120.41404">
        <ele>1676.0</ele>
      </trkpt>
      <trkpt lat="39.25988" lon="-120.41409">
        <ele>1680.0</ele>
      </trkpt>
      <trkpt lat="39.26012" lon="-120.4145">
        <ele>1680.0</ele>
      </trkpt>
      <trkpt lat="39.26011" lon="-120.41455">
        <ele>1680.0</ele>
      </trkpt>
      <trkpt lat="39.26004" lon="-120.41469">
        <ele>1681.0</ele>
      </trkpt>
      <trkpt lat="39.25999" lon="-120.41469">
        <ele>1681.0</ele>
      </trkpt>
      <trkpt lat="39.25987" lon="-120.41461">
        <ele>1681.0</ele>
      </trkpt>
      <trkpt lat="39.25966" lon="-120.41461">
        <ele>1685.0</ele>
      </trkpt>
      <trkpt lat="39.25925" lon="-120.41474">
        <ele>1674.0</ele>
      </trkpt>
      <trkpt lat="39.25902" lon="-120.41477">
        <ele>1669.0</ele>
      </trkpt>
      <trkpt lat="39.25895" lon="-120.41481">
        <ele>1669.0</ele>
      </trkpt>
      <trkpt lat="39.25877" lon="-120.41502">
        <ele>1676.0</ele>
      </trkpt>
      <trkpt lat="39.25868" lon="-120.41519">
        <ele>1682.0</ele>
      </trkpt>
      <trkpt lat="39.25861" lon="-120.41555">
        <ele>1686.0</ele>
      </trkpt>
      <trkpt lat="39.25848" lon="-120.41572">
        <ele>1685.0</ele>
      </trkpt>
      <trkpt lat="39.25842" lon="-120.41587">
        <ele>1685.0</ele>
      </trkpt>
      <trkpt lat="39.25834" lon="-120.41618">
        <ele>1686.0</ele>
      </trkpt>
      <trkpt lat="39.25817" lon="-120.41645">
        <ele>1699.0</ele>
      </trkpt>
      <trkpt lat="39.25797" lon="-120.41645">
        <ele>1699.0</ele>
      </trkpt>
      <trkpt lat="39.25792" lon="-120.41647">
        <ele>1699.0</ele>
      </trkpt>
      <trkpt lat="39.25786" lon="-120.41658">
        <ele>1714.0</ele>
      </trkpt>
      <trkpt lat="39.25751" lon="-120.41648">
        <ele>1697.0</ele>
      </trkpt>
      <trkpt lat="39.25744" lon="-120.41648">
        <ele>1697.0</ele>
      </trkpt>
      <trkpt lat="39.25741" lon="-120.41655">
        <ele>1711.0</ele>
      </trkpt>
      <trkpt lat="39.25742" lon="-120.41664">
        <ele>1711.0</ele>
      </trkpt>
      <trkpt lat="39.25751" lon="-120.41676">
        <ele>1711.0</ele>
      </trkpt>
      <trkpt lat="39.25749" lon="-120.41682">
        <ele>1725.0</ele>
      </trkpt>
      <trkpt lat="39.25743" lon="-120.41686">
        <ele>1725.0</ele>
      </trkpt>
      <trkpt lat="39.25742" lon="-120.41698">
        <ele>1725.0</ele>
      </trkpt>
      <trkpt lat="39.2575" lon="-120.41707">
        <ele>1725.0</ele>
      </trkpt>
      <trkpt lat="39.25765" lon="-120.41715">
        <ele>1734.0</ele>
      </trkpt>
      <trkpt lat="39.25804" lon="-120.41719">
        <ele>1733.0</ele>
      </trkpt>
      <trkpt lat="39.25828" lon="-120.41699">
        <ele>1718.0</ele>
      </trkpt>
      <trkpt lat="39.25836" lon="-120.41697">
        <ele>1718.0</ele>
      </trkpt>
      <trkpt lat="39.25846" lon="-120.41699">
        <ele>1718.0</ele>
      </trkpt>
      <trkpt lat="39.25858" lon="-120.41709">
        <ele>1731.0</ele>
      </trkpt>
      <trkpt lat="39.25881" lon="-120.4174">
        <ele>1737.0</ele>
      </trkpt>
      <trkpt lat="39.25904" lon="-120.41756">
        <ele>1737.0</ele>
      </trkpt>
      <trkpt lat="39.25914" lon="-120.41754">
        <ele>1737.0</ele>
      </trkpt>
      <trkpt lat="39.25934" lon="-120.41765">
        <ele>1743.0</ele>
      </trkpt>
      <trkpt lat="39.25956" lon="-120.41764">
        <ele>1743.0</ele>
      </trkpt>
      <trkpt lat="39.25961" lon="-120.41769">
        <ele>1742.0</ele>
      </trkpt>
      <trkpt lat="39.25961" lon="-120.41774">
        <ele>1742.0</ele>
      </trkpt>
      <trkpt lat="39.25957" lon="-120.41789">
        <ele>1743.0</ele>
      </trkpt>
      <trkpt lat="39.25957" lon="-120.41808">
        <ele>1747.0</ele>
      </trkpt>
      <trkpt lat="39.2596" lon="-120.41814">
        <ele>1745.0</ele>
      </trkpt>
      <trkpt lat="39.25972" lon="-120.41822">
        <ele>1749.0</ele>
      </trkpt>
      <trkpt lat="39.25973" lon="-120.41826">
        <ele>1749.0</ele>
      </trkpt>
      <trkpt lat="39.25971" lon="-120.41831">
        <ele>1749.0</ele>
      </trkpt>
      <trkpt lat="39.25973" lon="-120.41835">
        <ele>1749.0</ele>
      </trkpt>
      <trkpt lat="39.25993" lon="-120.41838">
        <ele>1748.0</ele>
      </trkpt>
      <trkpt lat="39.26028" lon="-120.41885">
        <ele>1760.0</ele>
      </trkpt>
      <trkpt lat="39.26047" lon="-120.41901">
        <ele>1761.0</ele>
      </trkpt>
      <trkpt lat="39.26047" lon="-120.41905">
        <ele>1769.0</ele>
      </trkpt>
      <trkpt lat="39.26037" lon="-120.41913">
        <ele>1768.0</ele>
      </trkpt>
      <trkpt lat="39.26036" lon="-120.41919">
        <ele>1768.0</ele>
      </trkpt>
      <trkpt lat="39.26039" lon="-120.41926">
        <ele>1768.0</ele>
      </trkpt>
      <trkpt lat="39.26046" lon="-120.41933">
        <ele>1775.0</ele>
      </trkpt>
      <trkpt lat="39.26047" lon="-120.41938">
        <ele>1775.0</ele>
      </trkpt>
      <trkpt lat="39.26036" lon="-120.41959">
        <ele>1778.0</ele>
      </trkpt>
      <trkpt lat="39.26037" lon="-120.42045">
        <ele>1789.0</ele>
      </trkpt>
      <trkpt lat="39.26035" lon="-120.42049">
        <ele>1789.0</ele>
      </trkpt>
      <trkpt lat="39.26021" lon="-120.42052">
        <ele>1789.0</ele>
      </trkpt>
      <trkpt lat="39.26008" lon="-120.42072">
        <ele>1793.0</ele>
      </trkpt>
      <trkpt lat="39.25997" lon="-120.42084">
        <ele>1793.0</ele>
      </trkpt>
      <trkpt lat="39.25991" lon="-120.42091">
        <ele>1793.0</ele>
      </trkpt>
      <trkpt lat="39.25983" lon="-120.42117">
        <ele>1804.0</ele>
      </trkpt>
      <trkpt lat="39.25997" lon="-120.42151">
        <ele>1796.0</ele>
      </trkpt>
      <trkpt lat="39.25997" lon="-120.42166">
        <ele>1801.0</ele>
      </trkpt>
      <trkpt lat="39.25994" lon="-120.42187">
        <ele>1809.0</ele>
      </trkpt>
      <trkpt lat="39.25995" lon="-120.42198">
        <ele>1809.0</ele>
      </trkpt>
      <trkpt lat="39.26005" lon="-120.42226">
        <ele>1818.0</ele>
      </trkpt>
      <trkpt lat="39.26003" lon="-120.42241">
        <ele>1823.0</ele>
      </trkpt>
      <trkpt lat="39.2602" lon="-120.42283">
        <ele>1821.0</ele>
      </trkpt>
      <trkpt lat="39.26019" lon="-120.42285">
        <ele>1821.0</ele>
      </trkpt>
      <trkpt lat="39.26002" lon="-120.42281">
        <ele>1824.0</ele>
      </trkpt>
      <trkpt lat="39.25997" lon="-120.42284">
        <ele>1824.0</ele>
      </trkpt>
      <trkpt lat="39.25997" lon="-120.42289">
        <ele>1824.0</ele>
      </trkpt>
      <trkpt lat="39.26015" lon="-120.42321">
        <ele>1822.0</ele>
      </trkpt>
      <trkpt lat="39.26009" lon="-120.42341">
        <ele>1825.0</ele>
      </trkpt>
      <trkpt lat="39.26009" lon="-120.42351">
        <ele>1827.0</ele>
      </trkpt>
      <trkpt lat="39.26026" lon="-120.42393">
        <ele>1831.0</ele>
      </trkpt>
      <trkpt lat="39.26039" lon="-120.42398">
        <ele>1831.0</ele>
      </trkpt>
      <trkpt lat="39.26046" lon="-120.42407">
        <ele>1834.0</ele>
      </trkpt>
      <trkpt lat="39.26056" lon="-120.42412">
        <ele>1834.0</ele>
      </trkpt>
      <trkpt lat="39.26062" lon="-120.4242">
        <ele>1834.0</ele>
      </trkpt>
      <trkpt lat="39.26087" lon="-120.42515">
        <ele>1850.0</ele>
      </trkpt>
      <trkpt lat="39.26093" lon="-120.42524">
        <ele>1850.0</ele>
      </trkpt>
      <trkpt lat="39.26104" lon="-120.42533">
        <ele>1850.0</ele>
      </trkpt>
      <trkpt lat="39.26117" lon="-120.42538">
        <ele>1850.0</ele>
      </trkpt>
      <trkpt lat="39.26127" lon="-120.42538">
        <ele>1850.0</ele>
      </trkpt>
      <trkpt lat="39.2614" lon="-120.4253">
        <ele>1850.0</ele>
      </trkpt>
      <trkpt lat="39.26145" lon="-120.42532">
        <ele>1850.0</ele>
      </trkpt>
      <trkpt lat="39.26153" lon="-120.42548">
        <ele>1855.0</ele>
      </trkpt>
      <trkpt lat="39.2619" lon="-120.42587">
        <ele>1860.0</ele>
      </trkpt>
      <trkpt lat="39.26214" lon="-120.42607">
        <ele>1869.0</ele>
      </trkpt>
      <trkpt lat="39.26234" lon="-120.42614">
        <ele>1869.0</ele>
      </trkpt>
      <trkpt lat="39.26239" lon="-120.42624">
        <ele>1868.0</ele>
      </trkpt>
      <trkpt lat="39.26241" lon="-120.42668">
        <ele>1872.0</ele>
      </trkpt>
      <trkpt lat="39.26247" lon="-120.4268">
        <ele>1872.0</ele>
      </trkpt>
      <trkpt lat="39.26266" lon="-120.42689">
        <ele>1871.0</ele>
      </trkpt>
      <trkpt lat="39.2627" lon="-120.427">
        <ele>1871.0</ele>
      </trkpt>
      <trkpt lat="39.2627" lon="-120.42714">
        <ele>1876.0</ele>
      </trkpt>
      <trkpt lat="39.26257" lon="-120.42738">
        <ele>1883.0</ele>
      </trkpt>
      <trkpt lat="39.26256" lon="-120.42747">
        <ele>1883.0</ele>
      </trkpt>
      <trkpt lat="39.26271" lon="-120.42774">
        <ele>1881.0</ele>
      </trkpt>
      <trkpt lat="39.26281" lon="-120.42785">
        <ele>1881.0</ele>
      </trkpt>
      <trkpt lat="39.26293" lon="-120.42794">
        <ele>1882.0</ele>
      </trkpt>
      <trkpt lat="39.26308" lon="-120.42799">
        <ele>1882.0</ele>
      </trkpt>
      <trkpt lat="39.26326" lon="-120.42801">
        <ele>1885.0</ele>
      </trkpt>
      <trkpt lat="39.26337" lon="-120.42799">
        <ele>1885.0</ele>
      </trkpt>
      <trkpt lat="39.26344" lon="-120.42793">
        <ele>1885.0</ele>
      </trkpt>
      <trkpt lat="39.26359" lon="-120.4277">
        <ele>1885.0</ele>
      </trkpt>
      <trkpt lat="39.26369" lon="-120.42765">
        <ele>1885.0</ele>
      </trkpt>
      <trkpt lat="39.26437" lon="-120.42764">
        <ele>1884.0</ele>
      </trkpt>
      <trkpt lat="39.26453" lon="-120.42768">
        <ele>1884.0</ele>
      </trkpt>
      <trkpt lat="39.26463" lon="-120.42774">
        <ele>1884.0</ele>
      </trkpt>
      <trkpt lat="39.26472" lon="-120.42783">
        <ele>1884.0</ele>
      </trkpt>
      <trkpt lat="39.26495" lon="-120.42835">
        <ele>1889.0</ele>
      </trkpt>
      <trkpt lat="39.26502" lon="-120.4284">
        <ele>1889.0</ele>
      </trkpt>
      <trkpt lat="39.26533" lon="-120.42849">
        <ele>1884.0</ele>
      </trkpt>
      <trkpt lat="39.26595" lon="-120.42892">
        <ele>1900.0</ele>
      </trkpt>
      <trkpt lat="39.26609" lon="-120.42897">
        <ele>1902.0</ele>
      </trkpt>
      <trkpt lat="39.26623" lon="-120.429">
        <ele>1902.0</ele>
      </trkpt>
      <trkpt lat="39.26628" lon="-120.42898">
        <ele>1902.0</ele>
      </trkpt>
      <trkpt lat="39.26628" lon="-120.42898">
        <ele>1902.0</ele>
      </trkpt>
      <trkpt lat="39.2666" lon="-120.42889">
        <ele>1901.0</ele>
      </trkpt>
      <trkpt lat="39.26693" lon="-120.42897">
        <ele>1899.0</ele>
      </trkpt>
      <trkpt lat="39.26704860695372" lon="-120.42897">
        <ele>1899.0</ele>
      </trkpt>
      <trkpt lat="39.2670486069549" lon="-120.42897">
        <ele>1899.0</ele>
      </trkpt>
      <trkpt lat="39.26705" lon="-120.42897">
        <ele>1899.0</ele>
      </trkpt>
      <trkpt lat="39.26734" lon="-120.42884">
        <ele>1900.0</ele>
      </trkpt>
      <trkpt lat="39.26752" lon="-120.42881">
        <ele>1906.0</ele>
      </trkpt>
      <trkpt lat="39.26796" lon="-120.42884">
        <ele>1912.0</ele>
      </trkpt>
      <trkpt lat="39.26802" lon="-120.42894">
        <ele>1912.0</ele>
      </trkpt>
      <trkpt lat="39.26804" lon="-120.42903">
        <ele>1918.0</ele>
      </trkpt>
      <trkpt lat="39.26794" lon="-120.42925">
        <ele>1918.0</ele>
      </trkpt>
      <trkpt lat="39.26793" lon="-120.42934">
        <ele>1920.0</ele>
      </trkpt>
      <trkpt lat="39.26797" lon="-120.42936">
        <ele>1920.0</ele>
      </trkpt>
      <trkpt lat="39.26817" lon="-120.42922">
        <ele>1918.0</ele>
      </trkpt>
      <trkpt lat="39.26825" lon="-120.42919">
        <ele>1910.0</ele>
      </trkpt>
      <trkpt lat="39.26841" lon="-120.42921">
        <ele>1910.0</ele>
      </trkpt>
      <trkpt lat="39.26869" lon="-120.4294">
        <ele>1915.0</ele>
      </trkpt>
      <trkpt lat="39.26898" lon="-120.42945">
        <ele>1920.0</ele>
      </trkpt>
      <trkpt lat="39.26912" lon="-120.42941">
        <ele>1917.0</ele>
      </trkpt>
      <trkpt lat="39.26929" lon="-120.42924">
        <ele>1909.0</ele>
      </trkpt>
      <trkpt lat="39.26937" lon="-120.4292">
        <ele>1904.0</ele>
      </trkpt>
      <trkpt lat="39.27005" lon="-120.42909">
        <ele>1906.0</ele>
      </trkpt>
      <trkpt lat="39.27054" lon="-120.42891">
        <ele>1905.0</ele>
      </trkpt>
      <trkpt lat="39.27074" lon="-120.42887">
        <ele>1904.0</ele>
      </trkpt>
      <trkpt lat="39.27108" lon="-120.42883">
        <ele>1904.0</ele>
      </trkpt>
      <trkpt lat="39.27138" lon="-120.42896">
        <ele>1907.0</ele>
      </trkpt>
      <trkpt lat="39.27161" lon="-120.42889">
        <ele>1910.0</ele>
      </trkpt>
      <trkpt lat="39.27178" lon="-120.42878">
        <ele>1910.0</ele>
      </trkpt>
      <trkpt lat="39.27189" lon="-120.42876">
        <ele>1913.0</ele>
      </trkpt>
      <trkpt lat="39.27206" lon="-120.42879">
        <ele>1913.0</ele>
      </trkpt>
      <trkpt lat="39.27241" lon="-120.42866">
        <ele>1911.0</ele>
      </trkpt>
      <trkpt lat="39.27277" lon="-120.42865">
        <ele>1915.0</ele>
      </trkpt>
      <trkpt lat="39.27301" lon="-120.4287">
        <ele>1920.0</ele>
      </trkpt>
      <trkpt lat="39.27312" lon="-120.42868">
        <ele>1920.0</ele>
      </trkpt>
      <trkpt lat="39.27312" lon="-120.42868">
        <ele>1920.0</ele>
      </trkpt>
      <trkpt lat="39.27335" lon="-120.42851">
        <ele>1920.0</ele>
      </trkpt>
      <trkpt lat="39.27347" lon="-120.42848">
        <ele>1920.0</ele>
      </trkpt>
      <trkpt lat="39.27355" lon="-120.42849">
        <ele>1919.0</ele>
      </trkpt>
      <trkpt lat="39.27361" lon="-120.42855">
        <ele>1919.0</ele>
      </trkpt>
      <trkpt lat="39.27381" lon="-120.42885">
        <ele>1918.0</ele>
      </trkpt>
      <trkpt lat="39.2739" lon="-120.4289">
        <ele>1918.0</ele>
      </trkpt>
      <trkpt lat="39.27419" lon="-120.42897">
        <ele>1918.0</ele>
      </trkpt>
      <trkpt lat="39.27451" lon="-120.4291">
        <ele>1927.0</ele>
      </trkpt>
      <trkpt lat="39.27517" lon="-120.42923">
        <ele>1931.0</ele>
      </trkpt>
      <trkpt lat="39.27526" lon="-120.42929">
        <ele>1931.0</ele>
      </trkpt>
      <trkpt lat="39.27539" lon="-120.42933">
        <ele>1934.0</ele>
      </trkpt>
      <trkpt lat="39.27599" lon="-120.42974">
        <ele>1923.0</ele>
      </trkpt>
      <trkpt lat="39.27611" lon="-120.42996">
        <ele>1927.0</ele>
      </trkpt>
      <trkpt lat="39.27632" lon="-120.43016">
        <ele>1926.0</ele>
      </trkpt>
      <trkpt lat="39.27638" lon="-120.43026">
        <ele>1926.0</ele>
      </trkpt>
      <trkpt lat="39.27644" lon="-120.43047">
        <ele>1933.0</ele>
      </trkpt>
      <trkpt lat="39.27652" lon="-120.43054">
        <ele>1933.0</ele>
      </trkpt>
      <trkpt lat="39.27693" lon="-120.43067">
        <ele>1931.0</ele>
      </trkpt>
      <trkpt lat="39.2771" lon="-120.4309">
        <ele>1931.0</ele>
      </trkpt>
      <trkpt lat="39.27729" lon="-120.43099">
        <ele>1943.0</ele>
      </trkpt>
      <trkpt lat="39.27756" lon="-120.43119">
        <ele>1946.0</ele>
      </trkpt>
      <trkpt lat="39.27765" lon="-120.43123">
        <ele>1946.0</ele>
      </trkpt>
      <trkpt lat="39.27779" lon="-120.4312">
        <ele>1946.0</ele>
      </trkpt>
      <trkpt lat="39.27812" lon="-120.43124">
        <ele>1942.0</ele>
      </trkpt>
      <trkpt lat="39.27851" lon="-120.43142">
        <ele>1943.0</ele>
      </trkpt>
      <trkpt lat="39.27883" lon="-120.43147">
        <ele>1945.0</ele>
      </trkpt>
      <trkpt lat="39.27935" lon="-120.43189">
        <ele>1963.0</ele>
      </trkpt>
      <trkpt lat="39.27943" lon="-120.43188">
        <ele>1963.0</ele>
      </trkpt>
      <trkpt lat="39.27961" lon="-120.43181">
        <ele>1969.0</ele>
      </trkpt>
      <trkpt lat="39.27969" lon="-120.43181">
        <ele>1969.0</ele>
      </trkpt>
      <trkpt lat="39.27982" lon="-120.43189">
        <ele>1969.0</ele>
      </trkpt>
      <trkpt lat="39.27996" lon="-120.43205">
        <ele>1970.0</ele>
      </trkpt>
      <trkpt lat="39.28004" lon="-120.43211">
        <ele>1975.0</ele>
      </trkpt>
      <trkpt lat="39.28013" lon="-120.43213">
        <ele>1975.0</ele>
      </trkpt>
      <trkpt lat="39.28013" lon="-120.43213">
        <ele>1975.0</ele>
      </trkpt>
      <trkpt lat="39.28032" lon="-120.43222">
        <ele>1977.0</ele>
      </trkpt>
      <trkpt lat="39.28036" lon="-120.43221">
        <ele>1977.0</ele>
      </trkpt>
      <trkpt lat="39.28041" lon="-120.43213">
        <ele>1977.0</ele>
      </trkpt>
      <trkpt lat="39.28041" lon="-120.43213">
        <ele>1977.0</ele>
      </trkpt>
      <trkpt lat="39.28052" lon="-120.43202">
        <ele>1975.0</ele>
      </trkpt>
      <trkpt lat="39.28081" lon="-120.43204">
        <ele>1980.0</ele>
      </trkpt>
      <trkpt lat="39.28098" lon="-120.43195">
        <ele>1988.0</ele>
      </trkpt>
      <trkpt lat="39.28107" lon="-120.43197">
        <ele>1988.0</ele>
      </trkpt>
      <trkpt lat="39.2811" lon="-120.43194">
        <ele>1988.0</ele>
      </trkpt>
      <trkpt lat="39.28107" lon="-120.43175">
        <ele>1987.0</ele>
      </trkpt>
      <trkpt lat="39.28114" lon="-120.43158">
        <ele>1987.0</ele>
      </trkpt>
      <trkpt lat="39.28118" lon="-120.43135">
        <ele>1984.0</ele>
      </trkpt>
      <trkpt lat="39.28113" lon="-120.43108">
        <ele>1982.0</ele>
      </trkpt>
      <trkpt lat="39.28127" lon="-120.43059">
        <ele>1985.0</ele>
      </trkpt>
      <trkpt lat="39.28132" lon="-120.43052">
        <ele>1985.0</ele>
      </trkpt>
      <trkpt lat="39.28143" lon="-120.43048">
        <ele>1985.0</ele>
      </trkpt>
      <trkpt lat="39.28153" lon="-120.43033">
        <ele>1989.0</ele>
      </trkpt>
      <trkpt lat="39.28163" lon="-120.4303">
        <ele>1989.0</ele>
      </trkpt>
      <trkpt lat="39.2818" lon="-120.43041">
        <ele>1989.0</ele>
      </trkpt>
      <trkpt lat="39.28183" lon="-120.4305">
        <ele>1992.0</ele>
      </trkpt>
      <trkpt lat="39.2818" lon="-120.43119">
        <ele>1995.0</ele>
      </trkpt>
      <trkpt lat="39.28184" lon="-120.43125">
        <ele>1997.0</ele>
      </trkpt>
      <trkpt lat="39.2819" lon="-120.43127">
        <ele>1998.0</ele>
      </trkpt>
      <trkpt lat="39.28202" lon="-120.43122">
        <ele>1997.0</ele>
      </trkpt>
      <trkpt lat="39.28208" lon="-120.43112">
        <ele>1997.0</ele>
      </trkpt>
      <trkpt lat="39.28215" lon="-120.43073">
        <ele>1995.0</ele>
      </trkpt>
      <trkpt lat="39.28215150866379" lon="-120.4307262283405">
        <ele>1995.0</ele>
      </trkpt>
      <trkpt lat="39.28215150866421" lon="-120.4307262283405">
        <ele>1995.0</ele>
      </trkpt>
      <trkpt lat="39.28219" lon="-120.43063">
        <ele>1992.0</ele>
      </trkpt>
      <trkpt lat="39.28224" lon="-120.43058">
        <ele>1992.0</ele>
      </trkpt>
      <trkpt lat="39.28249" lon="-120.43054">
        <ele>1993.0</ele>
      </trkpt>
      <trkpt lat="39.28265" lon="-120.43041">
        <ele>1999.0</ele>
      </trkpt>
      <trkpt lat="39.28272" lon="-120.43039">
        <ele>1999.0</ele>
      </trkpt>
      <trkpt lat="39.28308" lon="-120.43038">
        <ele>1995.0</ele>
      </trkpt>
      <trkpt lat="39.28315" lon="-120.43035">
        <ele>1995.0</ele>
      </trkpt>
      <trkpt lat="39.28323" lon="-120.43026">
        <ele>1987.0</ele>
      </trkpt>
      <trkpt lat="39.28327" lon="-120.43013">
        <ele>1991.0</ele>
      </trkpt>
      <trkpt lat="39.28329" lon="-120.43012">
        <ele>1991.0</ele>
      </trkpt>
      <trkpt lat="39.28329" lon="-120.43012">
        <ele>1991.0</ele>
      </trkpt>
      <trkpt lat="39.28337" lon="-120.43013">
        <ele>1991.0</ele>
      </trkpt>
      <trkpt lat="39.28351" lon="-120.43021">
        <ele>1988.0</ele>
      </trkpt>
      <trkpt lat="39.28393" lon="-120.4303">
        <ele>1995.0</ele>
      </trkpt>
      <trkpt lat="39.28408" lon="-120.43042">
        <ele>1993.0</ele>
      </trkpt>
      <trkpt lat="39.2841" lon="-120.43042">
        <ele>1993.0</ele>
      </trkpt>
      <trkpt lat="39.2841" lon="-120.43036">
        <ele>1998.0</ele>
      </trkpt>
      <trkpt lat="39.28416" lon="-120.43035">
        <ele>1998.0</ele>
      </trkpt>
      <trkpt lat="39.28421" lon="-120.43038">
        <ele>1998.0</ele>
      </trkpt>
      <trkpt lat="39.28426" lon="-120.43052">
        <ele>1993.0</ele>
      </trkpt>
      <trkpt lat="39.28439" lon="-120.43064">
        <ele>2005.0</ele>
      </trkpt>
      <trkpt lat="39.28443" lon="-120.43063">
        <ele>2005.0</ele>
      </trkpt>
      <trkpt lat="39.28445" lon="-120.43059">
        <ele>2005.0</ele>
      </trkpt>
      <trkpt lat="39.2844" lon="-120.43039">
        <ele>2005.0</ele>
      </trkpt>
      <trkpt lat="39.28441" lon="-120.43034">
        <ele>2005.0</ele>
      </trkpt>
      <trkpt lat="39.28444" lon="-120.43031">
        <ele>2005.0</ele>
      </trkpt>
      <trkpt lat="39.28472" lon="-120.43041">
        <ele>2009.0</ele>
      </trkpt>
      <trkpt lat="39.28478" lon="-120.43028">
        <ele>2009.0</ele>
      </trkpt>
      <trkpt lat="39.28486" lon="-120.43023">
        <ele>2009.0</ele>
      </trkpt>
      <trkpt lat="39.28492" lon="-120.43024">
        <ele>2010.0</ele>
      </trkpt>
      <trkpt lat="39.28504" lon="-120.43034">
        <ele>2010.0</ele>
      </trkpt>
      <trkpt lat="39.28542" lon="-120.4304">
        <ele>2014.0</ele>
      </trkpt>
      <trkpt lat="39.28566" lon="-120.43053">
        <ele>2015.0</ele>
      </trkpt>
      <trkpt lat="39.2858" lon="-120.43055">
        <ele>2018.0</ele>
      </trkpt>
      <trkpt lat="39.28592" lon="-120.43066">
        <ele>2018.0</ele>
      </trkpt>
      <trkpt lat="39.28624" lon="-120.43081">
        <ele>2026.0</ele>
      </trkpt>
      <trkpt lat="39.28629" lon="-120.43104">
        <ele>2029.0</ele>
      </trkpt>
      <trkpt lat="39.28638" lon="-120.43114">
        <ele>2029.0</ele>
      </trkpt>
      <trkpt lat="39.28647" lon="-120.4313">
        <ele>2033.0</ele>
      </trkpt>
      <trkpt lat="39.28648" lon="-120.43138">
        <ele>2033.0</ele>
      </trkpt>
      <trkpt lat="39.28646" lon="-120.43147">
        <ele>2033.0</ele>
      </trkpt>
      <trkpt lat="39.28638" lon="-120.43156">
        <ele>2035.0</ele>
      </trkpt>
      <trkpt lat="39.28642" lon="-120.43164">
        <ele>2035.0</ele>
      </trkpt>
      <trkpt lat="39.28652" lon="-120.43168">
        <ele>2035.0</ele>
      </trkpt>
      <trkpt lat="39.28663" lon="-120.4316">
        <ele>2035.0</ele>
      </trkpt>
      <trkpt lat="39.2869" lon="-120.43169">
        <ele>2035.0</ele>
      </trkpt>
      <trkpt lat="39.28704" lon="-120.43168">
        <ele>2035.0</ele>
      </trkpt>
      <trkpt lat="39.28725" lon="-120.43173">
        <ele>2039.0</ele>
      </trkpt>
      <trkpt lat="39.28729" lon="-120.43177">
        <ele>2039.0</ele>
      </trkpt>
      <trkpt lat="39.28734" lon="-120.432">
        <ele>2033.0</ele>
      </trkpt>
      <trkpt lat="39.28738" lon="-120.43207">
        <ele>2042.0</ele>
      </trkpt>
      <trkpt lat="39.28746" lon="-120.43213">
        <ele>2043.0</ele>
      </trkpt>
      <trkpt lat="39.28746" lon="-120.43213">
        <ele>2043.0</ele>
      </trkpt>
      <trkpt lat="39.28749" lon="-120.43216">
        <ele>2043.0</ele>
      </trkpt>
      <trkpt lat="39.28749" lon="-120.43216">
        <ele>2043.0</ele>
      </trkpt>
      <trkpt lat="39.28779" lon="-120.43258">
        <ele>2049.0</ele>
      </trkpt>
      <trkpt lat="39.28792" lon="-120.4327">
        <ele>2055.0</ele>
      </trkpt>
      <trkpt lat="39.28793" lon="-120.43276">
        <ele>2055.0</ele>
      </trkpt>
      <trkpt lat="39.28787" lon="-120.43283">
        <ele>2050.0</ele>
      </trkpt>
      <trkpt lat="39.28785" lon="-120.43291">
        <ele>2050.0</ele>
      </trkpt>
      <trkpt lat="39.28787" lon="-120.43305">
        <ele>2049.0</ele>
      </trkpt>
      <trkpt lat="39.28792" lon="-120.43311">
        <ele>2053.0</ele>
      </trkpt>
      <trkpt lat="39.28811" lon="-120.43316">
        <ele>2053.0</ele>
      </trkpt>
      <trkpt lat="39.28852" lon="-120.43332">
        <ele>2063.0</ele>
      </trkpt>
      <trkpt lat="39.28872" lon="-120.43343">
        <ele>2063.0</ele>
      </trkpt>
      <trkpt lat="39.2889" lon="-120.43338">
        <ele>2063.0</ele>
      </trkpt>
      <trkpt lat="39.28906" lon="-120.43327">
        <ele>2062.0</ele>
      </trkpt>
      <trkpt lat="39.28919" lon="-120.43332">
        <ele>2062.0</ele>
      </trkpt>
      <trkpt lat="39.2893" lon="-120.43329">
        <ele>2062.0</ele>
      </trkpt>
      <trkpt lat="39.2896" lon="-120.43338">
        <ele>2059.0</ele>
      </trkpt>
      <trkpt lat="39.28969" lon="-120.43339">
        <ele>2059.0</ele>
      </trkpt>
      <trkpt lat="39.28984" lon="-120.43336">
        <ele>2059.0</ele>
      </trkpt>
      <trkpt lat="39.28997" lon="-120.4334">
        <ele>2056.0</ele>
      </trkpt>
      <trkpt lat="39.29016" lon="-120.4334">
        <ele>2055.0</ele>
      </trkpt>
      <trkpt lat="39.29021" lon="-120.43343">
        <ele>2055.0</ele>
      </trkpt>
      <trkpt lat="39.29049" lon="-120.43366">
        <ele>2053.0</ele>
      </trkpt>
      <trkpt lat="39.29075" lon="-120.43397">
        <ele>2049.0</ele>
      </trkpt>
      <trkpt lat="39.29089" lon="-120.43404">
        <ele>2055.0</ele>
      </trkpt>
      <trkpt lat="39.29093" lon="-120.43416">
        <ele>2055.0</ele>
      </trkpt>
      <trkpt lat="39.29102" lon="-120.4342">
        <ele>2050.0</ele>
      </trkpt>
      <trkpt lat="39.29112" lon="-120.43431">
        <ele>2053.0</ele>
      </trkpt>
      <trkpt lat="39.29123" lon="-120.43457">
        <ele>2053.0</ele>
      </trkpt>
      <trkpt lat="39.29131" lon="-120.43489">
        <ele>2055.0</ele>
      </trkpt>
      <trkpt lat="39.29148" lon="-120.43491">
        <ele>2055.0</ele>
      </trkpt>
      <trkpt lat="39.29164" lon="-120.43514">
        <ele>2056.0</ele>
      </trkpt>
      <trkpt lat="39.29168" lon="-120.43522">
        <ele>2056.0</ele>
      </trkpt>
      <trkpt lat="39.29168" lon="-120.43532">
        <ele>2056.0</ele>
      </trkpt>
      <trkpt lat="39.29153" lon="-120.43568">
        <ele>2059.0</ele>
      </trkpt>
      <trkpt lat="39.29152" lon="-120.4358">
        <ele>2055.0</ele>
      </trkpt>
      <trkpt lat="39.29155" lon="-120.43591">
        <ele>2060.0</ele>
      </trkpt>
      <trkpt lat="39.29159" lon="-120.43596">
        <ele>2060.0</ele>
      </trkpt>
      <trkpt lat="39.29193" lon="-120.43599">
        <ele>2059.0</ele>
      </trkpt>
      <trkpt lat="39.29223" lon="-120.43569">
        <ele>2053.0</ele>
      </trkpt>
      <trkpt lat="39.29228" lon="-120.43568">
        <ele>2053.0</ele>
      </trkpt>
      <trkpt lat="39.29235" lon="-120.43573">
        <ele>2056.0</ele>
      </trkpt>
      <trkpt lat="39.29253" lon="-120.4357">
        <ele>2054.0</ele>
      </trkpt>
      <trkpt lat="39.2928" lon="-120.43584">
        <ele>2053.0</ele>
      </trkpt>
      <trkpt lat="39.29297" lon="-120.43584">
        <ele>2052.0</ele>
      </trkpt>
      <trkpt lat="39.29302" lon="-120.43596">
        <ele>2052.0</ele>
      </trkpt>
      <trkpt lat="39.29314" lon="-120.43608">
        <ele>2054.0</ele>
      </trkpt>
      <trkpt lat="39.29322" lon="-120.43604">
        <ele>2052.0</ele>
      </trkpt>
      <trkpt lat="39.29326" lon="-120.43605">
        <ele>2052.0</ele>
      </trkpt>
      <trkpt lat="39.29325" lon="-120.4365">
        <ele>2052.0</ele>
      </trkpt>
      <trkpt lat="39.29326" lon="-120.43656">
        <ele>2050.0</ele>
      </trkpt>
      <trkpt lat="39.2933" lon="-120.43658">
        <ele>2050.0</ele>
      </trkpt>
      <trkpt lat="39.29374" lon="-120.43639">
        <ele>2049.0</ele>
      </trkpt>
      <trkpt lat="39.29397" lon="-120.43636">
        <ele>2048.0</ele>
      </trkpt>
      <trkpt lat="39.29408" lon="-120.4364">
        <ele>2048.0</ele>
      </trkpt>
      <trkpt lat="39.29415" lon="-120.43666">
        <ele>2051.0</ele>
      </trkpt>
      <trkpt lat="39.29432" lon="-120.43659">
        <ele>2048.0</ele>
      </trkpt>
      <trkpt lat="39.29448" lon="-120.43666">
        <ele>2048.0</ele>
      </trkpt>
      <trkpt lat="39.29463" lon="-120.43678">
        <ele>2044.0</ele>
      </trkpt>
      <trkpt lat="39.29469" lon="-120.43679">
        <ele>2044.0</ele>
      </trkpt>
      <trkpt lat="39.29486" lon="-120.43664">
        <ele>2044.0</ele>
      </trkpt>
      <trkpt lat="39.29492" lon="-120.43653">
        <ele>2037.0</ele>
      </trkpt>
      <trkpt lat="39.29495" lon="-120.4364">
        <ele>2037.0</ele>
      </trkpt>
      <trkpt lat="39.29505" lon="-120.43643">
        <ele>2037.0</ele>
      </trkpt>
      <trkpt lat="39.2951" lon="-120.4364">
        <ele>2037.0</ele>
      </trkpt>
      <trkpt lat="39.29517" lon="-120.43629">
        <ele>2034.0</ele>
      </trkpt>
      <trkpt lat="39.29529" lon="-120.43639">
        <ele>2034.0</ele>
      </trkpt>
      <trkpt lat="39.29539" lon="-120.43643">
        <ele>2034.0</ele>
      </trkpt>
      <trkpt lat="39.29557" lon="-120.43642">
        <ele>2031.0</ele>
      </trkpt>
      <trkpt lat="39.29563" lon="-120.43636">
        <ele>2031.0</ele>
      </trkpt>
      <trkpt lat="39.29568" lon="-120.43639">
        <ele>2031.0</ele>
      </trkpt>
      <trkpt lat="39.29572" lon="-120.43651">
        <ele>2027.0</ele>
      </trkpt>
      <trkpt lat="39.29576" lon="-120.43651">
        <ele>2027.0</ele>
      </trkpt>
      <trkpt lat="39.29583" lon="-120.4364">
        <ele>2027.0</ele>
      </trkpt>
      <trkpt lat="39.29589" lon="-120.43638">
        <ele>2027.0</ele>
      </trkpt>
      <trkpt lat="39.29613" lon="-120.43638">
        <ele>2021.0</ele>
      </trkpt>
      <trkpt lat="39.29625" lon="-120.4363">
        <ele>2021.0</ele>
      </trkpt>
      <trkpt lat="39.29632" lon="-120.43618">
        <ele>2019.0</ele>
      </trkpt>
      <trkpt lat="39.29635" lon="-120.43606">
        <ele>2019.0</ele>
      </trkpt>
      <trkpt lat="39.29634" lon="-120.4359">
        <ele>2020.0</ele>
      </trkpt>
      <trkpt lat="39.29634" lon="-120.4359">
        <ele>2020.0</ele>
      </trkpt>
      <trkpt lat="39.29634" lon="-120.4359">
        <ele>2020.0</ele>
      </trkpt>
      <trkpt lat="39.29672" lon="-120.43618">
        <ele>2020.0</ele>
      </trkpt>
      <trkpt lat="39.29689" lon="-120.43623">
        <ele>2021.0</ele>
      </trkpt>
      <trkpt lat="39.29702" lon="-120.43622">
        <ele>2021.0</ele>
      </trkpt>
      <trkpt lat="39.29718" lon="-120.43617">
        <ele>2021.0</ele>
      </trkpt>
      <trkpt lat="39.29747" lon="-120.43593">
        <ele>2023.0</ele>
      </trkpt>
      <trkpt lat="39.29764" lon="-120.43588">
        <ele>2024.0</ele>
      </trkpt>
      <trkpt lat="39.2979" lon="-120.43566">
        <ele>2026.0</ele>
      </trkpt>
      <trkpt lat="39.29802" lon="-120.43562">
        <ele>2024.0</ele>
      </trkpt>
      <trkpt lat="39.29836" lon="-120.43558">
        <ele>2024.0</ele>
      </trkpt>
      <trkpt lat="39.29843" lon="-120.43559">
        <ele>2024.0</ele>
      </trkpt>
      <trkpt lat="39.29853" lon="-120.43566">
        <ele>2028.0</ele>
      </trkpt>
      <trkpt lat="39.29871" lon="-120.43571">
        <ele>2025.0</ele>
      </trkpt>
      <trkpt lat="39.2988039145858" lon="-120.4357054188007">
        <ele>2028.0</ele>
      </trkpt>
      <trkpt lat="39.29880391479783" lon="-120.4357054188007">
        <ele>2028.0</ele>
      </trkpt>
      <trkpt lat="39.29912" lon="-120.43569">
        <ele>2027.0</ele>
      </trkpt>
      <trkpt lat="39.29938" lon="-120.43553">
        <ele>2023.0</ele>
      </trkpt>
      <trkpt lat="39.29972" lon="-120.43549">
        <ele>2021.0</ele>
      </trkpt>
      <trkpt lat="39.29986" lon="-120.43541">
        <ele>2022.0</ele>
      </trkpt>
      <trkpt lat="39.30007" lon="-120.43551">
        <ele>2018.0</ele>
      </trkpt>
      <trkpt lat="39.3003" lon="-120.43542">
        <ele>2013.0</ele>
      </trkpt>
      <trkpt lat="39.3003" lon="-120.43542">
        <ele>2013.0</ele>
      </trkpt>
      <trkpt lat="39.30038" lon="-120.43539">
        <ele>2016.0</ele>
      </trkpt>
      <trkpt lat="39.30069" lon="-120.43544">
        <ele>2010.0</ele>
      </trkpt>
      <trkpt lat="39.30083" lon="-120.43533">
        <ele>2018.0</ele>
      </trkpt>
      <trkpt lat="39.30089" lon="-120.43532">
        <ele>2018.0</ele>
      </trkpt>
      <trkpt lat="39.30112" lon="-120.43539">
        <ele>2020.0</ele>
      </trkpt>
      <trkpt lat="39.30136639176004" lon="-120.4354356281037">
        <ele>2028.0</ele>
      </trkpt>
      <trkpt lat="39.30136188134922" lon="-120.4354763031006">
        <ele>2028.0</ele>
      </trkpt>
    </trkseg>
  </trk>
</gpx>
