<?xml version="1.0" encoding="UTF-8"?>
<gpx version="1.1" creator="strava-segment-scraper" xmlns="http://www.topografix.com/GPX/1/1">
  <trk>
    <name>East Bay Skyline Trail (north to south)</name>
    <trkseg>
      <trkpt lat="37.95138" lon="-122.3222" />
      <trkpt lat="37.9514" lon="-122.32223" />
      <trkpt lat="37.95145" lon="-122.32224" />
      <trkpt lat="37.95191" lon="-122.32206" />
      <trkpt lat="37.95211" lon="-122.32203" />
      <trkpt lat="37.95223" lon="-122.32206" />
      <trkpt lat="37.95234" lon="-122.32215" />
      <trkpt lat="37.95242" lon="-122.32226" />
      <trkpt lat="37.95251" lon="-122.32233" />
      <trkpt lat="37.95255" lon="-122.32231" />
      <trkpt lat="37.95252" lon="-122.32208" />
      <trkpt lat="37.95244" lon="-122.32192" />
      <trkpt lat="37.95237" lon="-122.32171" />
      <trkpt lat="37.95227" lon="-122.32152" />
      <trkpt lat="37.95221" lon="-122.32138" />
      <trkpt lat="37.95226" lon="-122.32127" />
      <trkpt lat="37.95235" lon="-122.32118" />
      <trkpt lat="37.95248" lon="-122.321" />
      <trkpt lat="37.95253" lon="-122.32088" />
      <trkpt lat="37.95255" lon="-122.32079" />
      <trkpt lat="37.95255" lon="-122.32038" />
      <trkpt lat="37.95248" lon="-122.32013" />
      <trkpt lat="37.95235" lon="-122.31989" />
      <trkpt lat="37.95234" lon="-122.31976" />
      <trkpt lat="37.9524" lon="-122.31964" />
      <trkpt lat="37.95247" lon="-122.31955" />
      <trkpt lat="37.9525" lon="-122.31944" />
      <trkpt lat="37.95246" lon="-122.31933" />
      <trkpt lat="37.9523" lon="-122.31916" />
      <trkpt lat="37.95209" lon="-122.31884" />
      <trkpt lat="37.95199" lon="-122.31862" />
      <trkpt lat="37.95203" lon="-122.31848" />
      <trkpt lat="37.95208" lon="-122.3184" />
      <trkpt lat="37.95209" lon="-122.31832" />
      <trkpt lat="37.95203" lon="-122.31798" />
      <trkpt lat="37.95201" lon="-122.31766" />
      <trkpt lat="37.95197" lon="-122.31753" />
      <trkpt lat="37.9519" lon="-122.31715" />
      <trkpt lat="37.95191" lon="-122.31669" />
      <trkpt lat="37.95196" lon="-122.31656" />
      <trkpt lat="37.95196" lon="-122.31636" />
      <trkpt lat="37.95206" lon="-122.31613" />
      <trkpt lat="37.95219" lon="-122.31589" />
      <trkpt lat="37.95228" lon="-122.31546" />
      <trkpt lat="37.95235" lon="-122.31532" />
      <trkpt lat="37.95243" lon="-122.31509" />
      <trkpt lat="37.95243" lon="-122.31496" />
      <trkpt lat="37.95249" lon="-122.31464" />
      <trkpt lat="37.95244" lon="-122.31411" />
      <trkpt lat="37.95244" lon="-122.31386" />
      <trkpt lat="37.95242" lon="-122.31384" />
      <trkpt lat="37.95238" lon="-122.31382" />
      <trkpt lat="37.95238" lon="-122.31366" />
      <trkpt lat="37.9522" lon="-122.31325" />
      <trkpt lat="37.95204" lon="-122.31263" />
      <trkpt lat="37.95165" lon="-122.31172" />
      <trkpt lat="37.95151" lon="-122.3115" />
      <trkpt lat="37.95141" lon="-122.31138" />
      <trkpt lat="37.95104" lon="-122.31106" />
      <trkpt lat="37.95086" lon="-122.31086" />
      <trkpt lat="37.95069" lon="-122.31073" />
      <trkpt lat="37.95061" lon="-122.31065" />
      <trkpt lat="37.95064" lon="-122.31065" />
      <trkpt lat="37.95078" lon="-122.31034" />
      <trkpt lat="37.95082" lon="-122.30979" />
      <trkpt lat="37.95088" lon="-122.3095" />
      <trkpt lat="37.95086" lon="-122.30934" />
      <trkpt lat="37.9508" lon="-122.30916" />
      <trkpt lat="37.95069" lon="-122.309" />
      <trkpt lat="37.95046" lon="-122.30878" />
      <trkpt lat="37.95029" lon="-122.30868" />
      <trkpt lat="37.94991" lon="-122.30863" />
      <trkpt lat="37.94984" lon="-122.30851" />
      <trkpt lat="37.94978" lon="-122.30813" />
      <trkpt lat="37.9498" lon="-122.30795" />
      <trkpt lat="37.94983" lon="-122.30785" />
      <trkpt lat="37.94994" lon="-122.3076" />
      <trkpt lat="37.95002" lon="-122.30732" />
      <trkpt lat="37.95019" lon="-122.30685" />
      <trkpt lat="37.95016" lon="-122.30663" />
      <trkpt lat="37.95015" lon="-122.30641" />
      <trkpt lat="37.95024" lon="-122.30552" />
      <trkpt lat="37.9503" lon="-122.3053" />
      <trkpt lat="37.95047" lon="-122.30487" />
      <trkpt lat="37.9505" lon="-122.30466" />
      <trkpt lat="37.95051" lon="-122.30446" />
      <trkpt lat="37.9505" lon="-122.30435" />
      <trkpt lat="37.95048" lon="-122.30428" />
      <trkpt lat="37.95042" lon="-122.30419" />
      <trkpt lat="37.95036" lon="-122.30414" />
      <trkpt lat="37.95024" lon="-122.30407" />
      <trkpt lat="37.94996" lon="-122.30401" />
      <trkpt lat="37.94972" lon="-122.30393" />
      <trkpt lat="37.94962" lon="-122.30384" />
      <trkpt lat="37.9496" lon="-122.30372" />
      <trkpt lat="37.94963" lon="-122.30361" />
      <trkpt lat="37.94977" lon="-122.30347" />
      <trkpt lat="37.95021" lon="-122.30325" />
      <trkpt lat="37.95057" lon="-122.303" />
      <trkpt lat="37.95059" lon="-122.30298" />
      <trkpt lat="37.95064" lon="-122.30281" />
      <trkpt lat="37.95063" lon="-122.30275" />
      <trkpt lat="37.95058" lon="-122.30259" />
      <trkpt lat="37.95056" lon="-122.30246" />
      <trkpt lat="37.95063" lon="-122.30226" />
      <trkpt lat="37.95071" lon="-122.30218" />
      <trkpt lat="37.95101" lon="-122.30206" />
      <trkpt lat="37.95127" lon="-122.30189" />
      <trkpt lat="37.95146" lon="-122.30168" />
      <trkpt lat="37.95155" lon="-122.30149" />
      <trkpt lat="37.95161" lon="-122.3013" />
      <trkpt lat="37.95161" lon="-122.30119" />
      <trkpt lat="37.95159" lon="-122.30094" />
      <trkpt lat="37.95163" lon="-122.30074" />
      <trkpt lat="37.95171" lon="-122.30053" />
      <trkpt lat="37.95186" lon="-122.30031" />
      <trkpt lat="37.95191" lon="-122.30016" />
      <trkpt lat="37.95192" lon="-122.30006" />
      <trkpt lat="37.95192" lon="-122.29996" />
      <trkpt lat="37.95186" lon="-122.29977" />
      <trkpt lat="37.95184" lon="-122.29968" />
      <trkpt lat="37.95187" lon="-122.29953" />
      <trkpt lat="37.95195" lon="-122.29941" />
      <trkpt lat="37.95214" lon="-122.29923" />
      <trkpt lat="37.95226" lon="-122.29907" />
      <trkpt lat="37.95234" lon="-122.29888" />
      <trkpt lat="37.95244" lon="-122.29855" />
      <trkpt lat="37.95261" lon="-122.29849" />
      <trkpt lat="37.95308" lon="-122.29801" />
      <trkpt lat="37.95321" lon="-122.2979" />
      <trkpt lat="37.9533" lon="-122.29785" />
      <trkpt lat="37.95359" lon="-122.29777" />
      <trkpt lat="37.9537" lon="-122.2977" />
      <trkpt lat="37.95376" lon="-122.29761" />
      <trkpt lat="37.95383" lon="-122.29747" />
      <trkpt lat="37.95385" lon="-122.29725" />
      <trkpt lat="37.95379" lon="-122.29676" />
      <trkpt lat="37.95366" lon="-122.29646" />
      <trkpt lat="37.95361" lon="-122.29636" />
      <trkpt lat="37.95341" lon="-122.29609" />
      <trkpt lat="37.95318" lon="-122.29587" />
      <trkpt lat="37.95304" lon="-122.29568" />
      <trkpt lat="37.95296" lon="-122.29544" />
      <trkpt lat="37.95291" lon="-122.29534" />
      <trkpt lat="37.95289" lon="-122.29513" />
      <trkpt lat="37.95287" lon="-122.29507" />
      <trkpt lat="37.95284" lon="-122.29484" />
      <trkpt lat="37.95285" lon="-122.29469" />
      <trkpt lat="37.95288" lon="-122.29458" />
      <trkpt lat="37.95288" lon="-122.29443" />
      <trkpt lat="37.95284" lon="-122.29433" />
      <trkpt lat="37.95278" lon="-122.29425" />
      <trkpt lat="37.95274" lon="-122.29414" />
      <trkpt lat="37.95272" lon="-122.29393" />
      <trkpt lat="37.95274" lon="-122.29368" />
      <trkpt lat="37.95271" lon="-122.29339" />
      <trkpt lat="37.9526" lon="-122.29304" />
      <trkpt lat="37.95243" lon="-122.29269" />
      <trkpt lat="37.95229" lon="-122.29245" />
      <trkpt lat="37.95224" lon="-122.29237" />
      <trkpt lat="37.95203" lon="-122.29217" />
      <trkpt lat="37.9519" lon="-122.29207" />
      <trkpt lat="37.9518" lon="-122.29202" />
      <trkpt lat="37.95133" lon="-122.29187" />
      <trkpt lat="37.951" lon="-122.29175" />
      <trkpt lat="37.95089" lon="-122.29174" />
      <trkpt lat="37.95059" lon="-122.29181" />
      <trkpt lat="37.9505" lon="-122.29177" />
      <trkpt lat="37.95044" lon="-122.29172" />
      <trkpt lat="37.9504" lon="-122.29165" />
      <trkpt lat="37.95039" lon="-122.29155" />
      <trkpt lat="37.95039" lon="-122.29127" />
      <trkpt lat="37.95036" lon="-122.29073" />
      <trkpt lat="37.95032" lon="-122.29054" />
      <trkpt lat="37.95026" lon="-122.29046" />
      <trkpt lat="37.95019" lon="-122.29039" />
      <trkpt lat="37.95" lon="-122.29033" />
      <trkpt lat="37.94987" lon="-122.29023" />
      <trkpt lat="37.94957" lon="-122.28979" />
      <trkpt lat="37.94927" lon="-122.28942" />
      <trkpt lat="37.94911" lon="-122.28912" />
      <trkpt lat="37.94907" lon="-122.28894" />
      <trkpt lat="37.94904" lon="-122.2887" />
      <trkpt lat="37.94901" lon="-122.28858" />
      <trkpt lat="37.9489" lon="-122.28842" />
      <trkpt lat="37.94874" lon="-122.2883" />
      <trkpt lat="37.94861" lon="-122.28816" />
      <trkpt lat="37.94845" lon="-122.28782" />
      <trkpt lat="37.94838" lon="-122.28752" />
      <trkpt lat="37.94827" lon="-122.28735" />
      <trkpt lat="37.94819" lon="-122.28726" />
      <trkpt lat="37.9478" lon="-122.28695" />
      <trkpt lat="37.94748" lon="-122.28666" />
      <trkpt lat="37.94695" lon="-122.28583" />
      <trkpt lat="37.94626" lon="-122.28515" />
      <trkpt lat="37.94563" lon="-122.28432" />
      <trkpt lat="37.94529" lon="-122.28379" />
      <trkpt lat="37.94502" lon="-122.28347" />
      <trkpt lat="37.94481" lon="-122.28309" />
      <trkpt lat="37.9447" lon="-122.28248" />
      <trkpt lat="37.94462" lon="-122.28223" />
      <trkpt lat="37.94453" lon="-122.28205" />
      <trkpt lat="37.94415" lon="-122.28151" />
      <trkpt lat="37.94398" lon="-122.28129" />
      <trkpt lat="37.94385" lon="-122.28117" />
      <trkpt lat="37.94372" lon="-122.28108" />
      <trkpt lat="37.94356" lon="-122.28112" />
      <trkpt lat="37.94345" lon="-122.28102" />
      <trkpt lat="37.94334" lon="-122.28086" />
      <trkpt lat="37.94328" lon="-122.28072" />
      <trkpt lat="37.94331" lon="-122.28045" />
      <trkpt lat="37.9433" lon="-122.28029" />
      <trkpt lat="37.94328" lon="-122.28019" />
      <trkpt lat="37.94319" lon="-122.28006" />
      <trkpt lat="37.94308" lon="-122.27999" />
      <trkpt lat="37.94306" lon="-122.27999" />
      <trkpt lat="37.94305" lon="-122.28002" />
      <trkpt lat="37.94298" lon="-122.27996" />
      <trkpt lat="37.94282" lon="-122.27989" />
      <trkpt lat="37.94276" lon="-122.27985" />
      <trkpt lat="37.94268" lon="-122.27978" />
      <trkpt lat="37.94253" lon="-122.27958" />
      <trkpt lat="37.94238" lon="-122.27942" />
      <trkpt lat="37.94229" lon="-122.27936" />
      <trkpt lat="37.94195" lon="-122.27919" />
      <trkpt lat="37.94159" lon="-122.27895" />
      <trkpt lat="37.94139" lon="-122.27885" />
      <trkpt lat="37.94133" lon="-122.2788" />
      <trkpt lat="37.94104" lon="-122.27866" />
      <trkpt lat="37.94076" lon="-122.27849" />
      <trkpt lat="37.94064" lon="-122.27839" />
      <trkpt lat="37.94043" lon="-122.27814" />
      <trkpt lat="37.94022" lon="-122.27803" />
      <trkpt lat="37.94012" lon="-122.27802" />
      <trkpt lat="37.94001" lon="-122.27811" />
      <trkpt lat="37.93992" lon="-122.27825" />
      <trkpt lat="37.93982" lon="-122.27854" />
      <trkpt lat="37.93976" lon="-122.27868" />
      <trkpt lat="37.93964" lon="-122.2788" />
      <trkpt lat="37.93947" lon="-122.2789" />
      <trkpt lat="37.93911" lon="-122.27903" />
      <trkpt lat="37.93905" lon="-122.27907" />
      <trkpt lat="37.93879" lon="-122.27913" />
      <trkpt lat="37.93871" lon="-122.27913" />
      <trkpt lat="37.93858" lon="-122.27909" />
      <trkpt lat="37.93851" lon="-122.27906" />
      <trkpt lat="37.93837" lon="-122.27889" />
      <trkpt lat="37.93826" lon="-122.27867" />
      <trkpt lat="37.93818" lon="-122.27843" />
      <trkpt lat="37.93816" lon="-122.27828" />
      <trkpt lat="37.93815" lon="-122.27795" />
      <trkpt lat="37.93818" lon="-122.27769" />
      <trkpt lat="37.93822" lon="-122.27752" />
      <trkpt lat="37.93829" lon="-122.27739" />
      <trkpt lat="37.9384" lon="-122.27731" />
      <trkpt lat="37.93856" lon="-122.27723" />
      <trkpt lat="37.93867" lon="-122.27712" />
      <trkpt lat="37.9387" lon="-122.27708" />
      <trkpt lat="37.93872" lon="-122.27698" />
      <trkpt lat="37.93872" lon="-122.27687" />
      <trkpt lat="37.93867" lon="-122.27659" />
      <trkpt lat="37.93861" lon="-122.27643" />
      <trkpt lat="37.9384" lon="-122.27604" />
      <trkpt lat="37.93837" lon="-122.27592" />
      <trkpt lat="37.93837" lon="-122.27577" />
      <trkpt lat="37.93843" lon="-122.27565" />
      <trkpt lat="37.93854" lon="-122.27556" />
      <trkpt lat="37.93862" lon="-122.27552" />
      <trkpt lat="37.93903" lon="-122.27542" />
      <trkpt lat="37.93915" lon="-122.27534" />
      <trkpt lat="37.93934" lon="-122.27514" />
      <trkpt lat="37.93986" lon="-122.27425" />
      <trkpt lat="37.93989" lon="-122.27415" />
      <trkpt lat="37.93988" lon="-122.27406" />
      <trkpt lat="37.9396" lon="-122.27368" />
      <trkpt lat="37.93935" lon="-122.27324" />
      <trkpt lat="37.93922" lon="-122.27306" />
      <trkpt lat="37.9391" lon="-122.27294" />
      <trkpt lat="37.93878" lon="-122.27276" />
      <trkpt lat="37.93864" lon="-122.27265" />
      <trkpt lat="37.93817" lon="-122.27209" />
      <trkpt lat="37.93799" lon="-122.27193" />
      <trkpt lat="37.93791" lon="-122.2719" />
      <trkpt lat="37.9378" lon="-122.27174" />
      <trkpt lat="37.93764" lon="-122.27157" />
      <trkpt lat="37.93756" lon="-122.27147" />
      <trkpt lat="37.93748" lon="-122.27132" />
      <trkpt lat="37.93733" lon="-122.27096" />
      <trkpt lat="37.93711" lon="-122.27064" />
      <trkpt lat="37.93686" lon="-122.27046" />
      <trkpt lat="37.93657" lon="-122.27037" />
      <trkpt lat="37.93647" lon="-122.27031" />
      <trkpt lat="37.93638" lon="-122.27022" />
      <trkpt lat="37.93623" lon="-122.27012" />
      <trkpt lat="37.93611" lon="-122.27006" />
      <trkpt lat="37.93575" lon="-122.26994" />
      <trkpt lat="37.93566" lon="-122.26986" />
      <trkpt lat="37.93557" lon="-122.2697" />
      <trkpt lat="37.93548" lon="-122.26926" />
      <trkpt lat="37.9354" lon="-122.26906" />
      <trkpt lat="37.93529" lon="-122.26886" />
      <trkpt lat="37.93516" lon="-122.26869" />
      <trkpt lat="37.93497" lon="-122.2684" />
      <trkpt lat="37.93484" lon="-122.26813" />
      <trkpt lat="37.93468" lon="-122.26787" />
      <trkpt lat="37.93465" lon="-122.2677" />
      <trkpt lat="37.93461" lon="-122.26762" />
      <trkpt lat="37.93437" lon="-122.26725" />
      <trkpt lat="37.93432" lon="-122.26708" />
      <trkpt lat="37.93428" lon="-122.26651" />
      <trkpt lat="37.93426" lon="-122.26637" />
      <trkpt lat="37.93421" lon="-122.26625" />
      <trkpt lat="37.93409" lon="-122.26608" />
      <trkpt lat="37.934" lon="-122.26601" />
      <trkpt lat="37.93365" lon="-122.26592" />
      <trkpt lat="37.9333" lon="-122.26575" />
      <trkpt lat="37.93286" lon="-122.26543" />
      <trkpt lat="37.93272" lon="-122.26535" />
      <trkpt lat="37.93241" lon="-122.26524" />
      <trkpt lat="37.93198" lon="-122.26517" />
      <trkpt lat="37.9318" lon="-122.26507" />
      <trkpt lat="37.93148" lon="-122.26486" />
      <trkpt lat="37.93138" lon="-122.26481" />
      <trkpt lat="37.93128" lon="-122.26479" />
      <trkpt lat="37.9311" lon="-122.26478" />
      <trkpt lat="37.93065" lon="-122.26464" />
      <trkpt lat="37.93033" lon="-122.26458" />
      <trkpt lat="37.92985" lon="-122.26445" />
      <trkpt lat="37.92961" lon="-122.26442" />
      <trkpt lat="37.92901" lon="-122.26424" />
      <trkpt lat="37.92835" lon="-122.26409" />
      <trkpt lat="37.92798" lon="-122.26398" />
      <trkpt lat="37.92785" lon="-122.26396" />
      <trkpt lat="37.9277" lon="-122.26379" />
      <trkpt lat="37.92757" lon="-122.26367" />
      <trkpt lat="37.92729" lon="-122.26347" />
      <trkpt lat="37.92685" lon="-122.26308" />
      <trkpt lat="37.92675" lon="-122.26301" />
      <trkpt lat="37.92654" lon="-122.26291" />
      <trkpt lat="37.92615" lon="-122.2628" />
      <trkpt lat="37.92588" lon="-122.26267" />
      <trkpt lat="37.9257" lon="-122.26254" />
      <trkpt lat="37.92555" lon="-122.26246" />
      <trkpt lat="37.9251" lon="-122.26228" />
      <trkpt lat="37.92475" lon="-122.26224" />
      <trkpt lat="37.92413" lon="-122.26228" />
      <trkpt lat="37.92399" lon="-122.2621" />
      <trkpt lat="37.92385" lon="-122.26197" />
      <trkpt lat="37.92377" lon="-122.26192" />
      <trkpt lat="37.92351" lon="-122.26186" />
      <trkpt lat="37.92335" lon="-122.26188" />
      <trkpt lat="37.92324" lon="-122.26193" />
      <trkpt lat="37.92296" lon="-122.26216" />
      <trkpt lat="37.92278" lon="-122.26228" />
      <trkpt lat="37.92266" lon="-122.26228" />
      <trkpt lat="37.92255" lon="-122.26224" />
      <trkpt lat="37.92236" lon="-122.26201" />
      <trkpt lat="37.92217" lon="-122.26184" />
      <trkpt lat="37.92184" lon="-122.2617" />
      <trkpt lat="37.92176" lon="-122.26164" />
      <trkpt lat="37.92143" lon="-122.26128" />
      <trkpt lat="37.92108" lon="-122.26101" />
      <trkpt lat="37.92095" lon="-122.26086" />
      <trkpt lat="37.92082" lon="-122.2606" />
      <trkpt lat="37.92066" lon="-122.2601" />
      <trkpt lat="37.92058" lon="-122.25994" />
      <trkpt lat="37.92043" lon="-122.25975" />
      <trkpt lat="37.92022" lon="-122.25954" />
      <trkpt lat="37.92014" lon="-122.25945" />
      <trkpt lat="37.92004" lon="-122.25921" />
      <trkpt lat="37.9199" lon="-122.25882" />
      <trkpt lat="37.91979" lon="-122.25858" />
      <trkpt lat="37.91975" lon="-122.25847" />
      <trkpt lat="37.91979" lon="-122.25844" />
      <trkpt lat="37.91979" lon="-122.25836" />
      <trkpt lat="37.9195" lon="-122.2577" />
      <trkpt lat="37.91948" lon="-122.25749" />
      <trkpt lat="37.91948" lon="-122.25727" />
      <trkpt lat="37.91953" lon="-122.25711" />
      <trkpt lat="37.91986" lon="-122.25674" />
      <trkpt lat="37.92" lon="-122.2565" />
      <trkpt lat="37.92002" lon="-122.25639" />
      <trkpt lat="37.92004" lon="-122.25613" />
      <trkpt lat="37.92004" lon="-122.25581" />
      <trkpt lat="37.92006" lon="-122.25538" />
      <trkpt lat="37.92005" lon="-122.25511" />
      <trkpt lat="37.92" lon="-122.25498" />
      <trkpt lat="37.91991" lon="-122.25443" />
      <trkpt lat="37.91986" lon="-122.25428" />
      <trkpt lat="37.91976" lon="-122.25413" />
      <trkpt lat="37.91967" lon="-122.25403" />
      <trkpt lat="37.9195" lon="-122.25389" />
      <trkpt lat="37.91937" lon="-122.25381" />
      <trkpt lat="37.91917" lon="-122.25373" />
      <trkpt lat="37.91897" lon="-122.25367" />
      <trkpt lat="37.91889" lon="-122.25367" />
      <trkpt lat="37.91879" lon="-122.25369" />
      <trkpt lat="37.91869" lon="-122.25375" />
      <trkpt lat="37.91835" lon="-122.25413" />
      <trkpt lat="37.9182" lon="-122.25424" />
      <trkpt lat="37.91802" lon="-122.25432" />
      <trkpt lat="37.9179" lon="-122.25433" />
      <trkpt lat="37.91778" lon="-122.25429" />
      <trkpt lat="37.91767" lon="-122.25421" />
      <trkpt lat="37.91758" lon="-122.2541" />
      <trkpt lat="37.91738" lon="-122.25374" />
      <trkpt lat="37.91732" lon="-122.25362" />
      <trkpt lat="37.91727" lon="-122.25354" />
      <trkpt lat="37.91717" lon="-122.25344" />
      <trkpt lat="37.9171" lon="-122.25341" />
      <trkpt lat="37.91698" lon="-122.25338" />
      <trkpt lat="37.9168" lon="-122.25341" />
      <trkpt lat="37.91648" lon="-122.25322" />
      <trkpt lat="37.91628" lon="-122.25306" />
      <trkpt lat="37.91604" lon="-122.25274" />
      <trkpt lat="37.9159" lon="-122.2525" />
      <trkpt lat="37.91583" lon="-122.25232" />
      <trkpt lat="37.91566" lon="-122.25176" />
      <trkpt lat="37.91551" lon="-122.2514" />
      <trkpt lat="37.91545" lon="-122.2513" />
      <trkpt lat="37.91529" lon="-122.25116" />
      <trkpt lat="37.91515" lon="-122.25111" />
      <trkpt lat="37.91502" lon="-122.25112" />
      <trkpt lat="37.91492" lon="-122.25116" />
      <trkpt lat="37.91461" lon="-122.25132" />
      <trkpt lat="37.91431" lon="-122.25145" />
      <trkpt lat="37.91423" lon="-122.25151" />
      <trkpt lat="37.91406" lon="-122.25173" />
      <trkpt lat="37.91401" lon="-122.25186" />
      <trkpt lat="37.91397" lon="-122.25212" />
      <trkpt lat="37.91392" lon="-122.25223" />
      <trkpt lat="37.91383" lon="-122.25227" />
      <trkpt lat="37.91376" lon="-122.25229" />
      <trkpt lat="37.9136" lon="-122.25226" />
      <trkpt lat="37.91317" lon="-122.25196" />
      <trkpt lat="37.9131" lon="-122.25192" />
      <trkpt lat="37.91304" lon="-122.25192" />
      <trkpt lat="37.91289" lon="-122.25202" />
      <trkpt lat="37.91285" lon="-122.25207" />
      <trkpt lat="37.91273" lon="-122.25228" />
      <trkpt lat="37.91266" lon="-122.25245" />
      <trkpt lat="37.91256" lon="-122.25261" />
      <trkpt lat="37.91252" lon="-122.25266" />
      <trkpt lat="37.91167" lon="-122.25313" />
      <trkpt lat="37.9116" lon="-122.25313" />
      <trkpt lat="37.91153" lon="-122.2531" />
      <trkpt lat="37.91147" lon="-122.25304" />
      <trkpt lat="37.91145" lon="-122.25299" />
      <trkpt lat="37.91139" lon="-122.25276" />
      <trkpt lat="37.91132" lon="-122.25206" />
      <trkpt lat="37.91121" lon="-122.2516" />
      <trkpt lat="37.91122" lon="-122.25121" />
      <trkpt lat="37.91116" lon="-122.25099" />
      <trkpt lat="37.91106" lon="-122.25072" />
      <trkpt lat="37.91106" lon="-122.25049" />
      <trkpt lat="37.91118" lon="-122.24988" />
      <trkpt lat="37.91116" lon="-122.24969" />
      <trkpt lat="37.91111" lon="-122.24961" />
      <trkpt lat="37.91104" lon="-122.24954" />
      <trkpt lat="37.91093" lon="-122.24949" />
      <trkpt lat="37.91064" lon="-122.2495" />
      <trkpt lat="37.91054" lon="-122.24949" />
      <trkpt lat="37.91034" lon="-122.24942" />
      <trkpt lat="37.90994" lon="-122.24913" />
      <trkpt lat="37.90987" lon="-122.24906" />
      <trkpt lat="37.90985" lon="-122.24901" />
      <trkpt lat="37.90983" lon="-122.24891" />
      <trkpt lat="37.90981" lon="-122.24852" />
      <trkpt lat="37.90978" lon="-122.24842" />
      <trkpt lat="37.90973" lon="-122.24832" />
      <trkpt lat="37.90967" lon="-122.24824" />
      <trkpt lat="37.90963" lon="-122.24821" />
      <trkpt lat="37.90928" lon="-122.24803" />
      <trkpt lat="37.90918" lon="-122.24793" />
      <trkpt lat="37.90897" lon="-122.24769" />
      <trkpt lat="37.90887" lon="-122.24762" />
      <trkpt lat="37.90871" lon="-122.24759" />
      <trkpt lat="37.90819" lon="-122.24767" />
      <trkpt lat="37.90807" lon="-122.24765" />
      <trkpt lat="37.90806" lon="-122.24763" />
      <trkpt lat="37.90789" lon="-122.24765" />
      <trkpt lat="37.90777" lon="-122.24764" />
      <trkpt lat="37.9074" lon="-122.24752" />
      <trkpt lat="37.90719" lon="-122.24749" />
      <trkpt lat="37.90695" lon="-122.24742" />
      <trkpt lat="37.90673" lon="-122.2474" />
      <trkpt lat="37.9063" lon="-122.24744" />
      <trkpt lat="37.90617" lon="-122.24748" />
      <trkpt lat="37.90609" lon="-122.24755" />
      <trkpt lat="37.90589" lon="-122.24765" />
      <trkpt lat="37.90579" lon="-122.24769" />
      <trkpt lat="37.9057" lon="-122.24767" />
      <trkpt lat="37.90564" lon="-122.24765" />
      <trkpt lat="37.90557" lon="-122.24754" />
      <trkpt lat="37.90549" lon="-122.2473" />
      <trkpt lat="37.9054" lon="-122.24689" />
      <trkpt lat="37.90532" lon="-122.24673" />
      <trkpt lat="37.90516" lon="-122.24648" />
      <trkpt lat="37.90486" lon="-122.24625" />
      <trkpt lat="37.9048" lon="-122.24618" />
      <trkpt lat="37.90472" lon="-122.246" />
      <trkpt lat="37.90469" lon="-122.24585" />
      <trkpt lat="37.9047" lon="-122.24569" />
      <trkpt lat="37.90475" lon="-122.24545" />
      <trkpt lat="37.9049" lon="-122.24502" />
      <trkpt lat="37.90489" lon="-122.24479" />
      <trkpt lat="37.90491" lon="-122.24473" />
      <trkpt lat="37.90494" lon="-122.24475" />
      <trkpt lat="37.90496" lon="-122.24476" />
      <trkpt lat="37.90491" lon="-122.24491" />
      <trkpt lat="37.90481" lon="-122.24497" />
      <trkpt lat="37.9047" lon="-122.24509" />
      <trkpt lat="37.90449" lon="-122.2455" />
      <trkpt lat="37.90417" lon="-122.24604" />
      <trkpt lat="37.90402" lon="-122.24625" />
      <trkpt lat="37.90394" lon="-122.24638" />
      <trkpt lat="37.90388" lon="-122.24656" />
      <trkpt lat="37.90378" lon="-122.24671" />
      <trkpt lat="37.90373" lon="-122.24685" />
      <trkpt lat="37.90371" lon="-122.24698" />
      <trkpt lat="37.90363" lon="-122.24705" />
      <trkpt lat="37.90353" lon="-122.24703" />
      <trkpt lat="37.90347" lon="-122.24699" />
      <trkpt lat="37.90335" lon="-122.24701" />
      <trkpt lat="37.90327" lon="-122.24706" />
      <trkpt lat="37.90315" lon="-122.24719" />
      <trkpt lat="37.90305" lon="-122.24733" />
      <trkpt lat="37.90292" lon="-122.24748" />
      <trkpt lat="37.90288" lon="-122.24752" />
      <trkpt lat="37.90275" lon="-122.24759" />
      <trkpt lat="37.9026" lon="-122.24779" />
      <trkpt lat="37.90251" lon="-122.24774" />
      <trkpt lat="37.90245" lon="-122.24761" />
      <trkpt lat="37.90246" lon="-122.24759" />
      <trkpt lat="37.90264" lon="-122.24738" />
      <trkpt lat="37.90273" lon="-122.24724" />
      <trkpt lat="37.90281" lon="-122.24705" />
      <trkpt lat="37.90287" lon="-122.24685" />
      <trkpt lat="37.90289" lon="-122.24674" />
      <trkpt lat="37.90278" lon="-122.24651" />
      <trkpt lat="37.90269" lon="-122.24645" />
      <trkpt lat="37.90254" lon="-122.24643" />
      <trkpt lat="37.90246" lon="-122.2465" />
      <trkpt lat="37.90232" lon="-122.24669" />
      <trkpt lat="37.90225" lon="-122.24676" />
      <trkpt lat="37.90213" lon="-122.24695" />
      <trkpt lat="37.9016" lon="-122.24757" />
      <trkpt lat="37.90144" lon="-122.24772" />
      <trkpt lat="37.90134" lon="-122.24776" />
      <trkpt lat="37.90132" lon="-122.24762" />
      <trkpt lat="37.90141" lon="-122.24727" />
      <trkpt lat="37.90148" lon="-122.24716" />
      <trkpt lat="37.90156" lon="-122.24708" />
      <trkpt lat="37.90165" lon="-122.2469" />
      <trkpt lat="37.90171" lon="-122.2467" />
      <trkpt lat="37.90185" lon="-122.24607" />
      <trkpt lat="37.90193" lon="-122.24585" />
      <trkpt lat="37.90204" lon="-122.2453" />
      <trkpt lat="37.90213" lon="-122.24507" />
      <trkpt lat="37.90219" lon="-122.24484" />
      <trkpt lat="37.90226" lon="-122.24475" />
      <trkpt lat="37.9023" lon="-122.24464" />
      <trkpt lat="37.90233" lon="-122.24449" />
      <trkpt lat="37.90234" lon="-122.24437" />
      <trkpt lat="37.90227" lon="-122.24415" />
      <trkpt lat="37.90218" lon="-122.24395" />
      <trkpt lat="37.90212" lon="-122.24385" />
      <trkpt lat="37.90207" lon="-122.2437" />
      <trkpt lat="37.9019" lon="-122.24344" />
      <trkpt lat="37.90175" lon="-122.24329" />
      <trkpt lat="37.90131" lon="-122.24277" />
      <trkpt lat="37.90116" lon="-122.24253" />
      <trkpt lat="37.90107" lon="-122.24245" />
      <trkpt lat="37.90091" lon="-122.24221" />
      <trkpt lat="37.90082" lon="-122.24214" />
      <trkpt lat="37.90057" lon="-122.24205" />
      <trkpt lat="37.90038" lon="-122.24195" />
      <trkpt lat="37.90016" lon="-122.24187" />
      <trkpt lat="37.89976" lon="-122.24177" />
      <trkpt lat="37.89967" lon="-122.24171" />
      <trkpt lat="37.89944" lon="-122.24142" />
      <trkpt lat="37.8991" lon="-122.2411" />
      <trkpt lat="37.89887" lon="-122.24082" />
      <trkpt lat="37.89878" lon="-122.24069" />
      <trkpt lat="37.89818" lon="-122.24003" />
      <trkpt lat="37.89806" lon="-122.23985" />
      <trkpt lat="37.8979" lon="-122.23934" />
      <trkpt lat="37.89784" lon="-122.23897" />
      <trkpt lat="37.8977" lon="-122.23862" />
      <trkpt lat="37.89763" lon="-122.23848" />
      <trkpt lat="37.89718" lon="-122.23805" />
      <trkpt lat="37.89704" lon="-122.23782" />
      <trkpt lat="37.89695" lon="-122.23772" />
      <trkpt lat="37.89667" lon="-122.23749" />
      <trkpt lat="37.89642" lon="-122.23734" />
      <trkpt lat="37.8959" lon="-122.23706" />
      <trkpt lat="37.89549" lon="-122.23675" />
      <trkpt lat="37.89542" lon="-122.23666" />
      <trkpt lat="37.89538" lon="-122.23658" />
      <trkpt lat="37.89539" lon="-122.23645" />
      <trkpt lat="37.89547" lon="-122.23618" />
      <trkpt lat="37.89546" lon="-122.23607" />
      <trkpt lat="37.89543" lon="-122.23604" />
      <trkpt lat="37.89534" lon="-122.23601" />
      <trkpt lat="37.89514" lon="-122.23599" />
      <trkpt lat="37.89506" lon="-122.23595" />
      <trkpt lat="37.89493" lon="-122.23578" />
      <trkpt lat="37.89484" lon="-122.23558" />
      <trkpt lat="37.89476" lon="-122.23527" />
      <trkpt lat="37.89473" lon="-122.23503" />
      <trkpt lat="37.89466" lon="-122.23485" />
      <trkpt lat="37.89452" lon="-122.23462" />
      <trkpt lat="37.89418" lon="-122.23426" />
      <trkpt lat="37.89405" lon="-122.23415" />
      <trkpt lat="37.89379" lon="-122.23364" />
      <trkpt lat="37.89369" lon="-122.2333" />
      <trkpt lat="37.89357" lon="-122.23318" />
      <trkpt lat="37.89344" lon="-122.23313" />
      <trkpt lat="37.89334" lon="-122.23315" />
      <trkpt lat="37.89319" lon="-122.2332" />
      <trkpt lat="37.89307" lon="-122.23318" />
      <trkpt lat="37.893" lon="-122.23312" />
      <trkpt lat="37.89291" lon="-122.23293" />
      <trkpt lat="37.89288" lon="-122.23282" />
      <trkpt lat="37.8929" lon="-122.23243" />
      <trkpt lat="37.89288" lon="-122.23225" />
      <trkpt lat="37.89265" lon="-122.23176" />
      <trkpt lat="37.89254" lon="-122.2314" />
      <trkpt lat="37.89251" lon="-122.23122" />
      <trkpt lat="37.89251" lon="-122.23097" />
      <trkpt lat="37.89255" lon="-122.23055" />
      <trkpt lat="37.89248" lon="-122.23037" />
      <trkpt lat="37.89232" lon="-122.23013" />
      <trkpt lat="37.89218" lon="-122.22976" />
      <trkpt lat="37.89211" lon="-122.22945" />
      <trkpt lat="37.89196" lon="-122.22922" />
      <trkpt lat="37.89193" lon="-122.22912" />
      <trkpt lat="37.89193" lon="-122.22907" />
      <trkpt lat="37.89195" lon="-122.22899" />
      <trkpt lat="37.89205" lon="-122.22874" />
      <trkpt lat="37.89206" lon="-122.22865" />
      <trkpt lat="37.89204" lon="-122.22855" />
      <trkpt lat="37.89189" lon="-122.22816" />
      <trkpt lat="37.89186" lon="-122.22779" />
      <trkpt lat="37.89179" lon="-122.22758" />
      <trkpt lat="37.8917" lon="-122.22745" />
      <trkpt lat="37.89163" lon="-122.22741" />
      <trkpt lat="37.89157" lon="-122.22739" />
      <trkpt lat="37.8914" lon="-122.22729" />
      <trkpt lat="37.89121" lon="-122.22721" />
      <trkpt lat="37.8911" lon="-122.22719" />
      <trkpt lat="37.89101" lon="-122.22713" />
      <trkpt lat="37.89086" lon="-122.22694" />
      <trkpt lat="37.89068" lon="-122.22663" />
      <trkpt lat="37.89048" lon="-122.2264" />
      <trkpt lat="37.89039" lon="-122.22633" />
      <trkpt lat="37.89026" lon="-122.22629" />
      <trkpt lat="37.89006" lon="-122.22617" />
      <trkpt lat="37.88991" lon="-122.22612" />
      <trkpt lat="37.88982" lon="-122.22607" />
      <trkpt lat="37.88974" lon="-122.22603" />
      <trkpt lat="37.88957" lon="-122.22587" />
      <trkpt lat="37.88936" lon="-122.22556" />
      <trkpt lat="37.88928" lon="-122.22528" />
      <trkpt lat="37.88924" lon="-122.22493" />
      <trkpt lat="37.8892" lon="-122.2248" />
      <trkpt lat="37.88906" lon="-122.2246" />
      <trkpt lat="37.88881" lon="-122.22437" />
      <trkpt lat="37.88864" lon="-122.2243" />
      <trkpt lat="37.88852" lon="-122.22429" />
      <trkpt lat="37.88847" lon="-122.2243" />
      <trkpt lat="37.8884" lon="-122.22433" />
      <trkpt lat="37.88813" lon="-122.22463" />
      <trkpt lat="37.88804" lon="-122.2247" />
      <trkpt lat="37.88788" lon="-122.22475" />
      <trkpt lat="37.88779" lon="-122.22474" />
      <trkpt lat="37.88762" lon="-122.22468" />
      <trkpt lat="37.88734" lon="-122.22445" />
      <trkpt lat="37.88698" lon="-122.22421" />
      <trkpt lat="37.88689" lon="-122.22417" />
      <trkpt lat="37.88672" lon="-122.22403" />
      <trkpt lat="37.88647" lon="-122.22392" />
      <trkpt lat="37.88631" lon="-122.22388" />
      <trkpt lat="37.88626" lon="-122.22389" />
      <trkpt lat="37.88623" lon="-122.22394" />
      <trkpt lat="37.88626" lon="-122.22397" />
      <trkpt lat="37.88625" lon="-122.22403" />
      <trkpt lat="37.88605" lon="-122.22428" />
      <trkpt lat="37.88598" lon="-122.2244" />
      <trkpt lat="37.88598" lon="-122.22455" />
      <trkpt lat="37.88588" lon="-122.22485" />
      <trkpt lat="37.88586" lon="-122.22501" />
      <trkpt lat="37.88587" lon="-122.22518" />
      <trkpt lat="37.88591" lon="-122.2254" />
      <trkpt lat="37.88587" lon="-122.22578" />
      <trkpt lat="37.88583" lon="-122.22592" />
      <trkpt lat="37.88577" lon="-122.22601" />
      <trkpt lat="37.88573" lon="-122.22602" />
      <trkpt lat="37.88564" lon="-122.22583" />
      <trkpt lat="37.8855" lon="-122.22571" />
      <trkpt lat="37.88535" lon="-122.22552" />
      <trkpt lat="37.88525" lon="-122.22537" />
      <trkpt lat="37.88519" lon="-122.22533" />
      <trkpt lat="37.88492" lon="-122.22533" />
      <trkpt lat="37.88483" lon="-122.22528" />
      <trkpt lat="37.88472" lon="-122.22519" />
      <trkpt lat="37.88458" lon="-122.22502" />
      <trkpt lat="37.88438" lon="-122.22491" />
      <trkpt lat="37.88433" lon="-122.22481" />
      <trkpt lat="37.8842" lon="-122.22499" />
      <trkpt lat="37.8841" lon="-122.22504" />
      <trkpt lat="37.88398" lon="-122.22502" />
      <trkpt lat="37.88394" lon="-122.22495" />
      <trkpt lat="37.88385" lon="-122.22475" />
      <trkpt lat="37.88378" lon="-122.22467" />
      <trkpt lat="37.88346" lon="-122.2245" />
      <trkpt lat="37.88339" lon="-122.22444" />
      <trkpt lat="37.88333" lon="-122.22432" />
      <trkpt lat="37.88325" lon="-122.22421" />
      <trkpt lat="37.88313" lon="-122.22414" />
      <trkpt lat="37.88303" lon="-122.2241" />
      <trkpt lat="37.88269" lon="-122.22373" />
      <trkpt lat="37.88262" lon="-122.22362" />
      <trkpt lat="37.88244" lon="-122.22348" />
      <trkpt lat="37.88233" lon="-122.22342" />
      <trkpt lat="37.8823" lon="-122.22328" />
      <trkpt lat="37.88221" lon="-122.22316" />
      <trkpt lat="37.88211" lon="-122.22308" />
      <trkpt lat="37.88183" lon="-122.22282" />
      <trkpt lat="37.88176" lon="-122.22274" />
      <trkpt lat="37.88172" lon="-122.22261" />
      <trkpt lat="37.88162" lon="-122.22252" />
      <trkpt lat="37.88148" lon="-122.22236" />
      <trkpt lat="37.88124" lon="-122.22214" />
      <trkpt lat="37.88116" lon="-122.22209" />
      <trkpt lat="37.88108" lon="-122.22208" />
      <trkpt lat="37.88086" lon="-122.22196" />
      <trkpt lat="37.88033" lon="-122.22176" />
      <trkpt lat="37.8802" lon="-122.22177" />
      <trkpt lat="37.87979" lon="-122.22166" />
      <trkpt lat="37.87972" lon="-122.22166" />
      <trkpt lat="37.87966" lon="-122.2217" />
      <trkpt lat="37.87979" lon="-122.22161" />
      <trkpt lat="37.87985" lon="-122.22155" />
      <trkpt lat="37.87986" lon="-122.2215" />
      <trkpt lat="37.87983" lon="-122.22149" />
      <trkpt lat="37.87961" lon="-122.22152" />
      <trkpt lat="37.87943" lon="-122.22147" />
      <trkpt lat="37.87933" lon="-122.22146" />
      <trkpt lat="37.87914" lon="-122.22136" />
      <trkpt lat="37.87898" lon="-122.22125" />
      <trkpt lat="37.87873" lon="-122.22117" />
      <trkpt lat="37.8784" lon="-122.22098" />
      <trkpt lat="37.87824" lon="-122.22077" />
      <trkpt lat="37.87844" lon="-122.22077" />
      <trkpt lat="37.87847" lon="-122.22066" />
      <trkpt lat="37.87824" lon="-122.22034" />
      <trkpt lat="37.87819" lon="-122.22024" />
      <trkpt lat="37.87809" lon="-122.22018" />
      <trkpt lat="37.87803" lon="-122.22018" />
      <trkpt lat="37.87796" lon="-122.22015" />
      <trkpt lat="37.87789" lon="-122.2201" />
      <trkpt lat="37.87782" lon="-122.22001" />
      <trkpt lat="37.87761" lon="-122.21967" />
      <trkpt lat="37.87752" lon="-122.21958" />
      <trkpt lat="37.87742" lon="-122.21964" />
      <trkpt lat="37.87735" lon="-122.21982" />
      <trkpt lat="37.87724" lon="-122.21996" />
      <trkpt lat="37.87702" lon="-122.22" />
      <trkpt lat="37.87683" lon="-122.21993" />
      <trkpt lat="37.87675" lon="-122.21987" />
      <trkpt lat="37.87669" lon="-122.21979" />
      <trkpt lat="37.87667" lon="-122.21972" />
      <trkpt lat="37.87659" lon="-122.21961" />
      <trkpt lat="37.87654" lon="-122.21971" />
      <trkpt lat="37.87654" lon="-122.21969" />
      <trkpt lat="37.87651" lon="-122.21965" />
      <trkpt lat="37.87648" lon="-122.21958" />
      <trkpt lat="37.8763" lon="-122.21948" />
      <trkpt lat="37.87622" lon="-122.21947" />
      <trkpt lat="37.87614" lon="-122.21955" />
      <trkpt lat="37.8761" lon="-122.21966" />
      <trkpt lat="37.876" lon="-122.2203" />
      <trkpt lat="37.87591" lon="-122.22054" />
      <trkpt lat="37.87578" lon="-122.22081" />
      <trkpt lat="37.87575" lon="-122.22082" />
      <trkpt lat="37.87565" lon="-122.22083" />
      <trkpt lat="37.87549" lon="-122.22081" />
      <trkpt lat="37.87538" lon="-122.22077" />
      <trkpt lat="37.87523" lon="-122.22068" />
      <trkpt lat="37.87507" lon="-122.22048" />
      <trkpt lat="37.87496" lon="-122.22026" />
      <trkpt lat="37.87473" lon="-122.22003" />
      <trkpt lat="37.87461" lon="-122.2198" />
      <trkpt lat="37.87441" lon="-122.21957" />
      <trkpt lat="37.87426" lon="-122.21934" />
      <trkpt lat="37.87417" lon="-122.21926" />
      <trkpt lat="37.87395" lon="-122.21915" />
      <trkpt lat="37.87376" lon="-122.21899" />
      <trkpt lat="37.87365" lon="-122.21893" />
      <trkpt lat="37.87352" lon="-122.21869" />
      <trkpt lat="37.87344" lon="-122.21843" />
      <trkpt lat="37.87326" lon="-122.21808" />
      <trkpt lat="37.87309" lon="-122.21789" />
      <trkpt lat="37.87261" lon="-122.21727" />
      <trkpt lat="37.87246" lon="-122.21713" />
      <trkpt lat="37.87236" lon="-122.21705" />
      <trkpt lat="37.87224" lon="-122.217" />
      <trkpt lat="37.87212" lon="-122.21697" />
      <trkpt lat="37.87201" lon="-122.21701" />
      <trkpt lat="37.87194" lon="-122.21711" />
      <trkpt lat="37.87185" lon="-122.21715" />
      <trkpt lat="37.87169" lon="-122.21706" />
      <trkpt lat="37.87145" lon="-122.21701" />
      <trkpt lat="37.87126" lon="-122.21695" />
      <trkpt lat="37.87114" lon="-122.21688" />
      <trkpt lat="37.87094" lon="-122.21665" />
      <trkpt lat="37.87082" lon="-122.21646" />
      <trkpt lat="37.87069" lon="-122.21639" />
      <trkpt lat="37.87061" lon="-122.21632" />
      <trkpt lat="37.87021" lon="-122.21611" />
      <trkpt lat="37.86996" lon="-122.21584" />
      <trkpt lat="37.86972" lon="-122.21561" />
      <trkpt lat="37.8696" lon="-122.21555" />
      <trkpt lat="37.86943" lon="-122.21552" />
      <trkpt lat="37.86932" lon="-122.21543" />
      <trkpt lat="37.86925" lon="-122.21536" />
      <trkpt lat="37.86915" lon="-122.21521" />
      <trkpt lat="37.86913" lon="-122.2152" />
      <trkpt lat="37.8691" lon="-122.21522" />
      <trkpt lat="37.86909" lon="-122.21527" />
      <trkpt lat="37.8691" lon="-122.21541" />
      <trkpt lat="37.86923" lon="-122.21582" />
      <trkpt lat="37.86937" lon="-122.21603" />
      <trkpt lat="37.86936" lon="-122.21613" />
      <trkpt lat="37.86935" lon="-122.21614" />
      <trkpt lat="37.86923" lon="-122.2161" />
      <trkpt lat="37.86917" lon="-122.21609" />
      <trkpt lat="37.86898" lon="-122.2161" />
      <trkpt lat="37.86891" lon="-122.21612" />
      <trkpt lat="37.8688" lon="-122.21624" />
      <trkpt lat="37.86874" lon="-122.21632" />
      <trkpt lat="37.86867" lon="-122.21654" />
      <trkpt lat="37.86862" lon="-122.21652" />
      <trkpt lat="37.86854" lon="-122.2164" />
      <trkpt lat="37.86853" lon="-122.21635" />
      <trkpt lat="37.86853" lon="-122.21621" />
      <trkpt lat="37.86851" lon="-122.21616" />
      <trkpt lat="37.86842" lon="-122.21618" />
      <trkpt lat="37.86835" lon="-122.21611" />
      <trkpt lat="37.86813" lon="-122.21599" />
      <trkpt lat="37.86799" lon="-122.216" />
      <trkpt lat="37.86791" lon="-122.21603" />
      <trkpt lat="37.86764" lon="-122.21631" />
      <trkpt lat="37.86748" lon="-122.21653" />
      <trkpt lat="37.86731" lon="-122.21666" />
      <trkpt lat="37.86728" lon="-122.21674" />
      <trkpt lat="37.86727" lon="-122.21687" />
      <trkpt lat="37.86735" lon="-122.21697" />
      <trkpt lat="37.86753" lon="-122.21706" />
      <trkpt lat="37.86775" lon="-122.21726" />
      <trkpt lat="37.86779" lon="-122.21734" />
      <trkpt lat="37.86783" lon="-122.21751" />
      <trkpt lat="37.86783" lon="-122.21766" />
      <trkpt lat="37.86778" lon="-122.21771" />
      <trkpt lat="37.86773" lon="-122.21769" />
      <trkpt lat="37.86764" lon="-122.2178" />
      <trkpt lat="37.86721" lon="-122.21805" />
      <trkpt lat="37.86707" lon="-122.21806" />
      <trkpt lat="37.86696" lon="-122.21811" />
      <trkpt lat="37.8667" lon="-122.2181" />
      <trkpt lat="37.86649" lon="-122.21812" />
      <trkpt lat="37.86642" lon="-122.21816" />
      <trkpt lat="37.86632" lon="-122.21831" />
      <trkpt lat="37.86619" lon="-122.21834" />
      <trkpt lat="37.86615" lon="-122.21838" />
      <trkpt lat="37.866" lon="-122.21843" />
      <trkpt lat="37.86582" lon="-122.21844" />
      <trkpt lat="37.86559" lon="-122.2185" />
      <trkpt lat="37.86515" lon="-122.21826" />
      <trkpt lat="37.86502" lon="-122.2182" />
      <trkpt lat="37.86493" lon="-122.21811" />
      <trkpt lat="37.86447" lon="-122.21789" />
      <trkpt lat="37.86425" lon="-122.21773" />
      <trkpt lat="37.86404" lon="-122.21765" />
      <trkpt lat="37.86386" lon="-122.2176" />
      <trkpt lat="37.86352" lon="-122.21762" />
      <trkpt lat="37.86343" lon="-122.21721" />
      <trkpt lat="37.86332" lon="-122.21697" />
      <trkpt lat="37.86325" lon="-122.21686" />
      <trkpt lat="37.86315" lon="-122.21678" />
      <trkpt lat="37.86293" lon="-122.2165" />
      <trkpt lat="37.86271" lon="-122.21629" />
      <trkpt lat="37.86264" lon="-122.2162" />
      <trkpt lat="37.86262" lon="-122.21606" />
      <trkpt lat="37.86257" lon="-122.21593" />
      <trkpt lat="37.86251" lon="-122.21582" />
      <trkpt lat="37.86233" lon="-122.21564" />
      <trkpt lat="37.862" lon="-122.21519" />
      <trkpt lat="37.86186" lon="-122.21506" />
      <trkpt lat="37.86164" lon="-122.21492" />
      <trkpt lat="37.86147" lon="-122.21473" />
      <trkpt lat="37.86133" lon="-122.21465" />
      <trkpt lat="37.86103" lon="-122.21453" />
      <trkpt lat="37.86086" lon="-122.21438" />
      <trkpt lat="37.86077" lon="-122.21414" />
      <trkpt lat="37.86065" lon="-122.2139" />
      <trkpt lat="37.86056" lon="-122.2135" />
      <trkpt lat="37.86047" lon="-122.21322" />
      <trkpt lat="37.86047" lon="-122.2131" />
      <trkpt lat="37.86043" lon="-122.21299" />
      <trkpt lat="37.86031" lon="-122.21295" />
      <trkpt lat="37.85999" lon="-122.21294" />
      <trkpt lat="37.8599" lon="-122.2129" />
      <trkpt lat="37.85983" lon="-122.21281" />
      <trkpt lat="37.85987" lon="-122.21265" />
      <trkpt lat="37.85992" lon="-122.21254" />
      <trkpt lat="37.86" lon="-122.21227" />
      <trkpt lat="37.86002" lon="-122.21203" />
      <trkpt lat="37.86009" lon="-122.21169" />
      <trkpt lat="37.86027" lon="-122.21132" />
      <trkpt lat="37.86032" lon="-122.21105" />
      <trkpt lat="37.86033" lon="-122.2109" />
      <trkpt lat="37.86032" lon="-122.21079" />
      <trkpt lat="37.86024" lon="-122.2106" />
      <trkpt lat="37.86015" lon="-122.2105" />
      <trkpt lat="37.86004" lon="-122.21041" />
      <trkpt lat="37.8598" lon="-122.21032" />
      <trkpt lat="37.8598" lon="-122.21025" />
      <trkpt lat="37.85969" lon="-122.21003" />
      <trkpt lat="37.85959" lon="-122.20996" />
      <trkpt lat="37.85948" lon="-122.20993" />
      <trkpt lat="37.85938" lon="-122.20986" />
      <trkpt lat="37.85937" lon="-122.20975" />
      <trkpt lat="37.85944" lon="-122.20966" />
      <trkpt lat="37.85937" lon="-122.20955" />
      <trkpt lat="37.85927" lon="-122.20947" />
      <trkpt lat="37.85907" lon="-122.20937" />
      <trkpt lat="37.85883" lon="-122.20928" />
      <trkpt lat="37.8587" lon="-122.20928" />
      <trkpt lat="37.85861" lon="-122.20924" />
      <trkpt lat="37.85853" lon="-122.20916" />
      <trkpt lat="37.85843" lon="-122.20911" />
      <trkpt lat="37.85828" lon="-122.20909" />
      <trkpt lat="37.85804" lon="-122.20897" />
      <trkpt lat="37.85793" lon="-122.20887" />
      <trkpt lat="37.85776" lon="-122.20877" />
      <trkpt lat="37.85763" lon="-122.20864" />
      <trkpt lat="37.85751" lon="-122.20856" />
      <trkpt lat="37.85735" lon="-122.20842" />
      <trkpt lat="37.85708" lon="-122.20825" />
      <trkpt lat="37.85697" lon="-122.20821" />
      <trkpt lat="37.85668" lon="-122.2079" />
      <trkpt lat="37.85639" lon="-122.20725" />
      <trkpt lat="37.85631" lon="-122.20715" />
      <trkpt lat="37.85617" lon="-122.20692" />
      <trkpt lat="37.85603" lon="-122.20684" />
      <trkpt lat="37.85579" lon="-122.20687" />
      <trkpt lat="37.85572" lon="-122.20685" />
      <trkpt lat="37.85554" lon="-122.20665" />
      <trkpt lat="37.8553" lon="-122.20624" />
      <trkpt lat="37.85493" lon="-122.20583" />
      <trkpt lat="37.85477" lon="-122.2055" />
      <trkpt lat="37.85475" lon="-122.20534" />
      <trkpt lat="37.85456" lon="-122.20484" />
      <trkpt lat="37.85451" lon="-122.20453" />
      <trkpt lat="37.85454" lon="-122.20432" />
      <trkpt lat="37.85453" lon="-122.20403" />
      <trkpt lat="37.85449" lon="-122.20381" />
      <trkpt lat="37.85448" lon="-122.20358" />
      <trkpt lat="37.85446" lon="-122.2034" />
      <trkpt lat="37.85433" lon="-122.20305" />
      <trkpt lat="37.8543" lon="-122.20291" />
      <trkpt lat="37.8541" lon="-122.20261" />
      <trkpt lat="37.85407" lon="-122.20246" />
      <trkpt lat="37.85408" lon="-122.20219" />
      <trkpt lat="37.85405" lon="-122.20205" />
      <trkpt lat="37.85399" lon="-122.20192" />
      <trkpt lat="37.85374" lon="-122.20163" />
      <trkpt lat="37.85364" lon="-122.20157" />
      <trkpt lat="37.85347" lon="-122.20141" />
      <trkpt lat="37.85333" lon="-122.20112" />
      <trkpt lat="37.85331" lon="-122.20099" />
      <trkpt lat="37.85326" lon="-122.20086" />
      <trkpt lat="37.85319" lon="-122.20077" />
      <trkpt lat="37.85291" lon="-122.20055" />
      <trkpt lat="37.85268" lon="-122.20045" />
      <trkpt lat="37.85254" lon="-122.20054" />
      <trkpt lat="37.85249" lon="-122.20064" />
      <trkpt lat="37.85245" lon="-122.20064" />
      <trkpt lat="37.85241" lon="-122.20061" />
      <trkpt lat="37.85234" lon="-122.20052" />
      <trkpt lat="37.85212" lon="-122.20039" />
      <trkpt lat="37.85202" lon="-122.20036" />
      <trkpt lat="37.85196" lon="-122.20037" />
      <trkpt lat="37.85186" lon="-122.20032" />
      <trkpt lat="37.85176" lon="-122.20032" />
      <trkpt lat="37.85136" lon="-122.20038" />
      <trkpt lat="37.85099" lon="-122.20055" />
      <trkpt lat="37.85091" lon="-122.2006" />
      <trkpt lat="37.85082" lon="-122.2006" />
      <trkpt lat="37.85072" lon="-122.20058" />
      <trkpt lat="37.85032" lon="-122.20056" />
      <trkpt lat="37.85018" lon="-122.2005" />
      <trkpt lat="37.85002" lon="-122.20047" />
      <trkpt lat="37.84991" lon="-122.20048" />
      <trkpt lat="37.84969" lon="-122.20047" />
      <trkpt lat="37.84965" lon="-122.2005" />
      <trkpt lat="37.84955" lon="-122.20051" />
      <trkpt lat="37.84947" lon="-122.20051" />
      <trkpt lat="37.84929" lon="-122.20045" />
      <trkpt lat="37.84926" lon="-122.20047" />
      <trkpt lat="37.84915" lon="-122.20046" />
      <trkpt lat="37.84905" lon="-122.20042" />
      <trkpt lat="37.84893" lon="-122.20034" />
      <trkpt lat="37.84878" lon="-122.20027" />
      <trkpt lat="37.84872" lon="-122.20023" />
      <trkpt lat="37.84864" lon="-122.20015" />
      <trkpt lat="37.84849" lon="-122.19992" />
      <trkpt lat="37.84836" lon="-122.19982" />
      <trkpt lat="37.84823" lon="-122.19962" />
      <trkpt lat="37.84814" lon="-122.1995" />
      <trkpt lat="37.84803" lon="-122.19929" />
      <trkpt lat="37.84802" lon="-122.19909" />
      <trkpt lat="37.84798" lon="-122.19902" />
      <trkpt lat="37.84805" lon="-122.19897" />
      <trkpt lat="37.8481" lon="-122.1989" />
      <trkpt lat="37.84814" lon="-122.19888" />
      <trkpt lat="37.84822" lon="-122.19873" />
      <trkpt lat="37.84835" lon="-122.19866" />
      <trkpt lat="37.84838" lon="-122.1986" />
      <trkpt lat="37.8484" lon="-122.19841" />
      <trkpt lat="37.84837" lon="-122.19816" />
      <trkpt lat="37.84839" lon="-122.19788" />
      <trkpt lat="37.84843" lon="-122.19778" />
      <trkpt lat="37.84842" lon="-122.19773" />
      <trkpt lat="37.84848" lon="-122.19755" />
      <trkpt lat="37.84851" lon="-122.19736" />
      <trkpt lat="37.84855" lon="-122.19724" />
      <trkpt lat="37.8486" lon="-122.19686" />
      <trkpt lat="37.84863" lon="-122.19678" />
      <trkpt lat="37.84872" lon="-122.19669" />
      <trkpt lat="37.84883" lon="-122.19663" />
      <trkpt lat="37.84896" lon="-122.19653" />
      <trkpt lat="37.84906" lon="-122.19642" />
      <trkpt lat="37.84918" lon="-122.19623" />
      <trkpt lat="37.84932" lon="-122.19606" />
      <trkpt lat="37.84941" lon="-122.19599" />
      <trkpt lat="37.8495" lon="-122.19589" />
      <trkpt lat="37.84966" lon="-122.19573" />
      <trkpt lat="37.84965" lon="-122.19557" />
      <trkpt lat="37.84957" lon="-122.19541" />
      <trkpt lat="37.84952" lon="-122.19513" />
      <trkpt lat="37.84949" lon="-122.19505" />
      <trkpt lat="37.84892" lon="-122.19439" />
      <trkpt lat="37.84858" lon="-122.19404" />
      <trkpt lat="37.84847" lon="-122.19389" />
      <trkpt lat="37.84838" lon="-122.19371" />
      <trkpt lat="37.8483" lon="-122.19363" />
      <trkpt lat="37.84818" lon="-122.19343" />
      <trkpt lat="37.8481" lon="-122.19335" />
      <trkpt lat="37.84789" lon="-122.1932" />
      <trkpt lat="37.84766" lon="-122.19309" />
      <trkpt lat="37.84739" lon="-122.19306" />
      <trkpt lat="37.84716" lon="-122.19295" />
      <trkpt lat="37.84711" lon="-122.19298" />
      <trkpt lat="37.84704" lon="-122.19343" />
      <trkpt lat="37.84695" lon="-122.19353" />
      <trkpt lat="37.84684" lon="-122.19352" />
      <trkpt lat="37.84675" lon="-122.19356" />
      <trkpt lat="37.84674" lon="-122.19358" />
      <trkpt lat="37.84673" lon="-122.19375" />
      <trkpt lat="37.84676" lon="-122.19386" />
      <trkpt lat="37.84685" lon="-122.19396" />
      <trkpt lat="37.84696" lon="-122.19398" />
      <trkpt lat="37.84704" lon="-122.19397" />
      <trkpt lat="37.84704" lon="-122.194" />
      <trkpt lat="37.84694" lon="-122.19406" />
      <trkpt lat="37.84683" lon="-122.19408" />
      <trkpt lat="37.8465" lon="-122.19397" />
      <trkpt lat="37.84637" lon="-122.19388" />
      <trkpt lat="37.84633" lon="-122.1938" />
      <trkpt lat="37.84624" lon="-122.19384" />
      <trkpt lat="37.84625" lon="-122.19405" />
      <trkpt lat="37.84614" lon="-122.19406" />
      <trkpt lat="37.84598" lon="-122.19403" />
      <trkpt lat="37.84585" lon="-122.19399" />
      <trkpt lat="37.84588" lon="-122.19374" />
      <trkpt lat="37.84592" lon="-122.19363" />
      <trkpt lat="37.84583" lon="-122.1934" />
      <trkpt lat="37.84578" lon="-122.19336" />
      <trkpt lat="37.84568" lon="-122.19329" />
      <trkpt lat="37.8455" lon="-122.19326" />
      <trkpt lat="37.84538" lon="-122.19326" />
      <trkpt lat="37.84526" lon="-122.19328" />
      <trkpt lat="37.84518" lon="-122.19334" />
      <trkpt lat="37.84502" lon="-122.19336" />
      <trkpt lat="37.84483" lon="-122.19319" />
      <trkpt lat="37.84481" lon="-122.19318" />
      <trkpt lat="37.84476" lon="-122.1932" />
      <trkpt lat="37.84474" lon="-122.19315" />
      <trkpt lat="37.84478" lon="-122.19299" />
      <trkpt lat="37.84476" lon="-122.19297" />
      <trkpt lat="37.84469" lon="-122.19297" />
      <trkpt lat="37.84464" lon="-122.193" />
      <trkpt lat="37.84454" lon="-122.19301" />
      <trkpt lat="37.84446" lon="-122.19295" />
      <trkpt lat="37.84444" lon="-122.1929" />
      <trkpt lat="37.8444" lon="-122.19285" />
      <trkpt lat="37.84434" lon="-122.19261" />
      <trkpt lat="37.84427" lon="-122.19246" />
      <trkpt lat="37.84425" lon="-122.19228" />
      <trkpt lat="37.84417" lon="-122.19216" />
      <trkpt lat="37.84417" lon="-122.19213" />
      <trkpt lat="37.84414" lon="-122.19209" />
      <trkpt lat="37.84411" lon="-122.19208" />
      <trkpt lat="37.84406" lon="-122.19212" />
      <trkpt lat="37.84394" lon="-122.1921" />
      <trkpt lat="37.84378" lon="-122.19194" />
      <trkpt lat="37.84369" lon="-122.19171" />
      <trkpt lat="37.84362" lon="-122.19163" />
      <trkpt lat="37.84371" lon="-122.19163" />
      <trkpt lat="37.84369" lon="-122.1915" />
      <trkpt lat="37.84362" lon="-122.1914" />
      <trkpt lat="37.84345" lon="-122.19124" />
      <trkpt lat="37.84317" lon="-122.19103" />
      <trkpt lat="37.84286" lon="-122.19099" />
      <trkpt lat="37.84269" lon="-122.19083" />
      <trkpt lat="37.84264" lon="-122.19057" />
      <trkpt lat="37.84255" lon="-122.19032" />
      <trkpt lat="37.84248" lon="-122.19021" />
      <trkpt lat="37.84233" lon="-122.18966" />
      <trkpt lat="37.84217" lon="-122.1894" />
      <trkpt lat="37.84208" lon="-122.18931" />
      <trkpt lat="37.84202" lon="-122.18922" />
      <trkpt lat="37.84194" lon="-122.18914" />
      <trkpt lat="37.84185" lon="-122.18911" />
      <trkpt lat="37.8418" lon="-122.189" />
      <trkpt lat="37.84178" lon="-122.18888" />
      <trkpt lat="37.8417" lon="-122.18882" />
      <trkpt lat="37.84163" lon="-122.1887" />
      <trkpt lat="37.84157" lon="-122.18878" />
      <trkpt lat="37.84141" lon="-122.18894" />
      <trkpt lat="37.84143" lon="-122.18906" />
      <trkpt lat="37.8416" lon="-122.18923" />
      <trkpt lat="37.84165" lon="-122.18934" />
      <trkpt lat="37.84168" lon="-122.18945" />
      <trkpt lat="37.84185" lon="-122.18974" />
      <trkpt lat="37.84197" lon="-122.19014" />
      <trkpt lat="37.84213" lon="-122.19059" />
      <trkpt lat="37.84218" lon="-122.19047" />
      <trkpt lat="37.84214" lon="-122.19035" />
      <trkpt lat="37.84208" lon="-122.19024" />
      <trkpt lat="37.84195" lon="-122.19004" />
      <trkpt lat="37.84167" lon="-122.18985" />
      <trkpt lat="37.84152" lon="-122.18968" />
      <trkpt lat="37.84144" lon="-122.18964" />
      <trkpt lat="37.84113" lon="-122.18964" />
      <trkpt lat="37.84094" lon="-122.18965" />
      <trkpt lat="37.84084" lon="-122.1897" />
      <trkpt lat="37.8409" lon="-122.18958" />
      <trkpt lat="37.84093" lon="-122.18933" />
      <trkpt lat="37.84097" lon="-122.1892" />
      <trkpt lat="37.84097" lon="-122.18906" />
      <trkpt lat="37.84094" lon="-122.18883" />
      <trkpt lat="37.84084" lon="-122.18876" />
      <trkpt lat="37.84079" lon="-122.18873" />
      <trkpt lat="37.84066" lon="-122.18869" />
      <trkpt lat="37.84035" lon="-122.18867" />
      <trkpt lat="37.84017" lon="-122.18868" />
      <trkpt lat="37.84007" lon="-122.18865" />
      <trkpt lat="37.83999" lon="-122.18859" />
      <trkpt lat="37.83976" lon="-122.18855" />
      <trkpt lat="37.8395" lon="-122.18853" />
      <trkpt lat="37.83936" lon="-122.18857" />
      <trkpt lat="37.83926" lon="-122.18853" />
      <trkpt lat="37.83928" lon="-122.18829" />
      <trkpt lat="37.83939" lon="-122.18805" />
      <trkpt lat="37.83946" lon="-122.18805" />
      <trkpt lat="37.83996" lon="-122.18786" />
      <trkpt lat="37.84017" lon="-122.18774" />
      <trkpt lat="37.84028" lon="-122.18766" />
      <trkpt lat="37.84035" lon="-122.18756" />
      <trkpt lat="37.84047" lon="-122.18733" />
      <trkpt lat="37.84058" lon="-122.18706" />
      <trkpt lat="37.84054" lon="-122.18692" />
      <trkpt lat="37.84032" lon="-122.18662" />
      <trkpt lat="37.8401" lon="-122.18617" />
      <trkpt lat="37.83984" lon="-122.18587" />
      <trkpt lat="37.83975" lon="-122.18582" />
      <trkpt lat="37.83937" lon="-122.18584" />
      <trkpt lat="37.83924" lon="-122.18587" />
      <trkpt lat="37.83919" lon="-122.18583" />
      <trkpt lat="37.83915" lon="-122.18592" />
      <trkpt lat="37.83922" lon="-122.18601" />
      <trkpt lat="37.83932" lon="-122.18602" />
      <trkpt lat="37.83935" lon="-122.18607" />
      <trkpt lat="37.83918" lon="-122.18613" />
      <trkpt lat="37.83913" lon="-122.18624" />
      <trkpt lat="37.83904" lon="-122.1863" />
      <trkpt lat="37.83899" lon="-122.18642" />
      <trkpt lat="37.83898" lon="-122.18665" />
      <trkpt lat="37.83886" lon="-122.18684" />
      <trkpt lat="37.83878" lon="-122.18691" />
      <trkpt lat="37.83884" lon="-122.18701" />
      <trkpt lat="37.83882" lon="-122.18703" />
      <trkpt lat="37.83872" lon="-122.18696" />
      <trkpt lat="37.83863" lon="-122.18692" />
      <trkpt lat="37.8385" lon="-122.18672" />
      <trkpt lat="37.83836" lon="-122.18657" />
      <trkpt lat="37.83831" lon="-122.18646" />
      <trkpt lat="37.8382" lon="-122.1861" />
      <trkpt lat="37.83815" lon="-122.18576" />
      <trkpt lat="37.83815" lon="-122.18569" />
      <trkpt lat="37.83818" lon="-122.18558" />
      <trkpt lat="37.83824" lon="-122.18527" />
      <trkpt lat="37.83823" lon="-122.18521" />
      <trkpt lat="37.8382" lon="-122.18519" />
      <trkpt lat="37.83808" lon="-122.18515" />
      <trkpt lat="37.83801" lon="-122.18507" />
      <trkpt lat="37.83796" lon="-122.18494" />
      <trkpt lat="37.83795" lon="-122.18458" />
      <trkpt lat="37.83789" lon="-122.18436" />
      <trkpt lat="37.83783" lon="-122.18428" />
      <trkpt lat="37.83776" lon="-122.18396" />
      <trkpt lat="37.83774" lon="-122.18368" />
      <trkpt lat="37.83776" lon="-122.18363" />
      <trkpt lat="37.83788" lon="-122.18344" />
      <trkpt lat="37.83799" lon="-122.18335" />
      <trkpt lat="37.83807" lon="-122.18323" />
      <trkpt lat="37.83812" lon="-122.18309" />
      <trkpt lat="37.8381" lon="-122.18294" />
      <trkpt lat="37.83798" lon="-122.18275" />
      <trkpt lat="37.83784" lon="-122.1826" />
      <trkpt lat="37.83775" lon="-122.18254" />
      <trkpt lat="37.83749" lon="-122.18249" />
      <trkpt lat="37.83745" lon="-122.18249" />
      <trkpt lat="37.83731" lon="-122.18254" />
      <trkpt lat="37.83732" lon="-122.18256" />
      <trkpt lat="37.8373" lon="-122.18261" />
      <trkpt lat="37.83709" lon="-122.18287" />
      <trkpt lat="37.83697" lon="-122.1829" />
      <trkpt lat="37.83688" lon="-122.1829" />
      <trkpt lat="37.83678" lon="-122.18296" />
      <trkpt lat="37.83671" lon="-122.18304" />
      <trkpt lat="37.83664" lon="-122.18317" />
      <trkpt lat="37.83659" lon="-122.18335" />
      <trkpt lat="37.83662" lon="-122.1836" />
      <trkpt lat="37.83667" lon="-122.18371" />
      <trkpt lat="37.83667" lon="-122.18392" />
      <trkpt lat="37.83672" lon="-122.18415" />
      <trkpt lat="37.83671" lon="-122.18417" />
      <trkpt lat="37.83666" lon="-122.18425" />
      <trkpt lat="37.83656" lon="-122.18429" />
      <trkpt lat="37.83646" lon="-122.18437" />
      <trkpt lat="37.83626" lon="-122.18448" />
      <trkpt lat="37.83619" lon="-122.18449" />
      <trkpt lat="37.83607" lon="-122.18447" />
      <trkpt lat="37.83592" lon="-122.18456" />
      <trkpt lat="37.83584" lon="-122.18454" />
      <trkpt lat="37.83572" lon="-122.18458" />
      <trkpt lat="37.83571" lon="-122.18455" />
      <trkpt lat="37.83571" lon="-122.18445" />
      <trkpt lat="37.83569" lon="-122.1844" />
      <trkpt lat="37.83535" lon="-122.18408" />
      <trkpt lat="37.83516" lon="-122.18398" />
      <trkpt lat="37.83492" lon="-122.18395" />
      <trkpt lat="37.8348" lon="-122.1838" />
      <trkpt lat="37.83467" lon="-122.18371" />
      <trkpt lat="37.83462" lon="-122.18359" />
      <trkpt lat="37.83457" lon="-122.18355" />
      <trkpt lat="37.83453" lon="-122.18355" />
      <trkpt lat="37.83439" lon="-122.18361" />
      <trkpt lat="37.83425" lon="-122.18364" />
      <trkpt lat="37.83409" lon="-122.18373" />
      <trkpt lat="37.834" lon="-122.18372" />
      <trkpt lat="37.8339" lon="-122.18368" />
      <trkpt lat="37.83386" lon="-122.18366" />
      <trkpt lat="37.83367" lon="-122.18343" />
      <trkpt lat="37.83339" lon="-122.18316" />
      <trkpt lat="37.83324" lon="-122.18304" />
      <trkpt lat="37.83317" lon="-122.18293" />
      <trkpt lat="37.83315" lon="-122.18284" />
      <trkpt lat="37.8331" lon="-122.18278" />
      <trkpt lat="37.83302" lon="-122.18273" />
      <trkpt lat="37.83281" lon="-122.18271" />
      <trkpt lat="37.83275" lon="-122.18276" />
      <trkpt lat="37.83273" lon="-122.18281" />
      <trkpt lat="37.83278" lon="-122.18305" />
      <trkpt lat="37.83288" lon="-122.1833" />
      <trkpt lat="37.83283" lon="-122.1835" />
      <trkpt lat="37.83275" lon="-122.18364" />
      <trkpt lat="37.83245" lon="-122.18406" />
      <trkpt lat="37.83239" lon="-122.18419" />
      <trkpt lat="37.83229" lon="-122.18453" />
      <trkpt lat="37.83225" lon="-122.18461" />
      <trkpt lat="37.83218" lon="-122.1847" />
      <trkpt lat="37.83197" lon="-122.1849" />
      <trkpt lat="37.83187" lon="-122.18504" />
      <trkpt lat="37.83185" lon="-122.18514" />
      <trkpt lat="37.83184" lon="-122.18515" />
      <trkpt lat="37.83179" lon="-122.18516" />
      <trkpt lat="37.83161" lon="-122.18525" />
      <trkpt lat="37.83149" lon="-122.18528" />
      <trkpt lat="37.83147" lon="-122.18527" />
      <trkpt lat="37.83149" lon="-122.18521" />
      <trkpt lat="37.83136" lon="-122.18522" />
      <trkpt lat="37.83127" lon="-122.18517" />
      <trkpt lat="37.83111" lon="-122.18505" />
      <trkpt lat="37.83099" lon="-122.18501" />
      <trkpt lat="37.83095" lon="-122.18501" />
      <trkpt lat="37.83082" lon="-122.18519" />
      <trkpt lat="37.83066" lon="-122.18536" />
      <trkpt lat="37.83049" lon="-122.18545" />
      <trkpt lat="37.83034" lon="-122.18544" />
      <trkpt lat="37.83025" lon="-122.18542" />
      <trkpt lat="37.83019" lon="-122.18535" />
      <trkpt lat="37.83008" lon="-122.18529" />
      <trkpt lat="37.83" lon="-122.18534" />
      <trkpt lat="37.82997" lon="-122.18548" />
      <trkpt lat="37.82998" lon="-122.18565" />
      <trkpt lat="37.82996" lon="-122.18574" />
      <trkpt lat="37.82993" lon="-122.18583" />
      <trkpt lat="37.82981" lon="-122.18601" />
      <trkpt lat="37.82962" lon="-122.18622" />
      <trkpt lat="37.82954" lon="-122.18626" />
      <trkpt lat="37.82943" lon="-122.18628" />
      <trkpt lat="37.82942" lon="-122.18625" />
      <trkpt lat="37.82945" lon="-122.18619" />
      <trkpt lat="37.82946" lon="-122.18609" />
      <trkpt lat="37.82945" lon="-122.18596" />
      <trkpt lat="37.82939" lon="-122.18581" />
      <trkpt lat="37.82931" lon="-122.18576" />
      <trkpt lat="37.82917" lon="-122.18573" />
      <trkpt lat="37.82891" lon="-122.18578" />
      <trkpt lat="37.82882" lon="-122.18576" />
      <trkpt lat="37.82877" lon="-122.18566" />
      <trkpt lat="37.82873" lon="-122.18536" />
      <trkpt lat="37.82864" lon="-122.18529" />
      <trkpt lat="37.82856" lon="-122.18527" />
      <trkpt lat="37.82838" lon="-122.18529" />
      <trkpt lat="37.82824" lon="-122.18534" />
      <trkpt lat="37.82812" lon="-122.18544" />
      <trkpt lat="37.82801" lon="-122.18548" />
      <trkpt lat="37.82787" lon="-122.18532" />
      <trkpt lat="37.82781" lon="-122.18518" />
      <trkpt lat="37.82779" lon="-122.18506" />
      <trkpt lat="37.82778" lon="-122.18495" />
      <trkpt lat="37.82788" lon="-122.18463" />
      <trkpt lat="37.82788" lon="-122.18451" />
      <trkpt lat="37.82777" lon="-122.18431" />
      <trkpt lat="37.82772" lon="-122.18419" />
      <trkpt lat="37.82768" lon="-122.18394" />
      <trkpt lat="37.82767" lon="-122.18364" />
      <trkpt lat="37.82763" lon="-122.18351" />
      <trkpt lat="37.82756" lon="-122.18344" />
      <trkpt lat="37.8273" lon="-122.18345" />
      <trkpt lat="37.82696" lon="-122.1833" />
      <trkpt lat="37.8269" lon="-122.18321" />
      <trkpt lat="37.82686" lon="-122.18294" />
      <trkpt lat="37.82673" lon="-122.18279" />
      <trkpt lat="37.82656" lon="-122.18273" />
      <trkpt lat="37.82647" lon="-122.18273" />
      <trkpt lat="37.82646" lon="-122.18272" />
      <trkpt lat="37.82644" lon="-122.18262" />
      <trkpt lat="37.82635" lon="-122.18247" />
      <trkpt lat="37.82632" lon="-122.18234" />
      <trkpt lat="37.82626" lon="-122.18225" />
      <trkpt lat="37.82624" lon="-122.18217" />
      <trkpt lat="37.82628" lon="-122.18211" />
      <trkpt lat="37.82623" lon="-122.18205" />
      <trkpt lat="37.82608" lon="-122.18167" />
      <trkpt lat="37.82603" lon="-122.18134" />
      <trkpt lat="37.82598" lon="-122.18117" />
      <trkpt lat="37.82598" lon="-122.18113" />
      <trkpt lat="37.82593" lon="-122.1808" />
      <trkpt lat="37.82593" lon="-122.18069" />
      <trkpt lat="37.82598" lon="-122.18057" />
      <trkpt lat="37.82601" lon="-122.18039" />
      <trkpt lat="37.82601" lon="-122.18027" />
      <trkpt lat="37.82599" lon="-122.18018" />
      <trkpt lat="37.82598" lon="-122.1799" />
      <trkpt lat="37.8259" lon="-122.17964" />
      <trkpt lat="37.82586" lon="-122.17957" />
      <trkpt lat="37.82573" lon="-122.17945" />
      <trkpt lat="37.82576" lon="-122.17938" />
      <trkpt lat="37.82581" lon="-122.17937" />
      <trkpt lat="37.82584" lon="-122.1793" />
      <trkpt lat="37.82582" lon="-122.17919" />
      <trkpt lat="37.82577" lon="-122.17909" />
      <trkpt lat="37.82563" lon="-122.17895" />
      <trkpt lat="37.82563" lon="-122.17878" />
      <trkpt lat="37.82547" lon="-122.17858" />
      <trkpt lat="37.82546" lon="-122.17854" />
      <trkpt lat="37.82547" lon="-122.17834" />
      <trkpt lat="37.82545" lon="-122.17802" />
      <trkpt lat="37.82546" lon="-122.17791" />
      <trkpt lat="37.82531" lon="-122.1778" />
      <trkpt lat="37.82522" lon="-122.17766" />
      <trkpt lat="37.82512" lon="-122.17757" />
      <trkpt lat="37.82497" lon="-122.17739" />
      <trkpt lat="37.82485" lon="-122.17721" />
      <trkpt lat="37.82471" lon="-122.17712" />
      <trkpt lat="37.82468" lon="-122.17706" />
      <trkpt lat="37.8246" lon="-122.17676" />
      <trkpt lat="37.82452" lon="-122.17665" />
      <trkpt lat="37.82442" lon="-122.17657" />
      <trkpt lat="37.82431" lon="-122.17653" />
      <trkpt lat="37.82426" lon="-122.17649" />
      <trkpt lat="37.82422" lon="-122.17644" />
      <trkpt lat="37.82424" lon="-122.17635" />
      <trkpt lat="37.82421" lon="-122.17634" />
      <trkpt lat="37.82414" lon="-122.17639" />
      <trkpt lat="37.82412" lon="-122.17643" />
      <trkpt lat="37.82409" lon="-122.17665" />
      <trkpt lat="37.82409" lon="-122.17681" />
      <trkpt lat="37.82412" lon="-122.17696" />
      <trkpt lat="37.82424" lon="-122.17737" />
      <trkpt lat="37.82429" lon="-122.17768" />
      <trkpt lat="37.82436" lon="-122.17782" />
      <trkpt lat="37.82441" lon="-122.17797" />
      <trkpt lat="37.82441" lon="-122.17811" />
      <trkpt lat="37.82443" lon="-122.17814" />
      <trkpt lat="37.82446" lon="-122.17839" />
      <trkpt lat="37.82448" lon="-122.17846" />
      <trkpt lat="37.82443" lon="-122.17871" />
      <trkpt lat="37.82438" lon="-122.17884" />
      <trkpt lat="37.82435" lon="-122.17898" />
      <trkpt lat="37.8243" lon="-122.17908" />
      <trkpt lat="37.82422" lon="-122.17917" />
      <trkpt lat="37.82421" lon="-122.17929" />
      <trkpt lat="37.82396" lon="-122.17951" />
      <trkpt lat="37.82376" lon="-122.17956" />
      <trkpt lat="37.82355" lon="-122.17965" />
      <trkpt lat="37.82343" lon="-122.17967" />
      <trkpt lat="37.82329" lon="-122.17982" />
      <trkpt lat="37.82323" lon="-122.17995" />
      <trkpt lat="37.82315" lon="-122.18002" />
      <trkpt lat="37.82324" lon="-122.17998" />
      <trkpt lat="37.82326" lon="-122.17986" />
      <trkpt lat="37.82317" lon="-122.17983" />
      <trkpt lat="37.82306" lon="-122.17985" />
      <trkpt lat="37.82301" lon="-122.17969" />
      <trkpt lat="37.82286" lon="-122.17941" />
      <trkpt lat="37.82262" lon="-122.17921" />
      <trkpt lat="37.8225" lon="-122.17916" />
      <trkpt lat="37.82244" lon="-122.17907" />
      <trkpt lat="37.8225" lon="-122.17916" />
      <trkpt lat="37.82259" lon="-122.17915" />
      <trkpt lat="37.82269" lon="-122.1791" />
      <trkpt lat="37.82278" lon="-122.17907" />
      <trkpt lat="37.82287" lon="-122.17906" />
      <trkpt lat="37.82303" lon="-122.1791" />
      <trkpt lat="37.82308" lon="-122.17909" />
      <trkpt lat="37.82314" lon="-122.17898" />
      <trkpt lat="37.82318" lon="-122.17887" />
      <trkpt lat="37.82301" lon="-122.17869" />
      <trkpt lat="37.82293" lon="-122.17856" />
      <trkpt lat="37.82289" lon="-122.17842" />
      <trkpt lat="37.82288" lon="-122.17826" />
      <trkpt lat="37.82295" lon="-122.17805" />
      <trkpt lat="37.823" lon="-122.17783" />
      <trkpt lat="37.82311" lon="-122.17756" />
      <trkpt lat="37.82314" lon="-122.1774" />
      <trkpt lat="37.82309" lon="-122.17722" />
      <trkpt lat="37.82304" lon="-122.17713" />
      <trkpt lat="37.82284" lon="-122.17702" />
      <trkpt lat="37.82269" lon="-122.17685" />
      <trkpt lat="37.82255" lon="-122.17674" />
      <trkpt lat="37.82247" lon="-122.17666" />
      <trkpt lat="37.8224" lon="-122.17654" />
      <trkpt lat="37.8224" lon="-122.17642" />
      <trkpt lat="37.82251" lon="-122.17637" />
      <trkpt lat="37.82264" lon="-122.17621" />
      <trkpt lat="37.82266" lon="-122.17609" />
      <trkpt lat="37.82266" lon="-122.17596" />
      <trkpt lat="37.82269" lon="-122.17585" />
      <trkpt lat="37.82264" lon="-122.17575" />
      <trkpt lat="37.82254" lon="-122.17573" />
      <trkpt lat="37.82245" lon="-122.17568" />
      <trkpt lat="37.82219" lon="-122.17561" />
      <trkpt lat="37.82213" lon="-122.17557" />
      <trkpt lat="37.82203" lon="-122.17554" />
      <trkpt lat="37.82187" lon="-122.17555" />
      <trkpt lat="37.82178" lon="-122.1756" />
      <trkpt lat="37.82169" lon="-122.17559" />
      <trkpt lat="37.82145" lon="-122.17568" />
      <trkpt lat="37.8213" lon="-122.1757" />
      <trkpt lat="37.82111" lon="-122.17571" />
      <trkpt lat="37.82104" lon="-122.17563" />
      <trkpt lat="37.82112" lon="-122.1754" />
      <trkpt lat="37.82121" lon="-122.17533" />
      <trkpt lat="37.82134" lon="-122.17513" />
      <trkpt lat="37.82139" lon="-122.17502" />
      <trkpt lat="37.82154" lon="-122.17482" />
      <trkpt lat="37.82162" lon="-122.1747" />
      <trkpt lat="37.82166" lon="-122.17458" />
      <trkpt lat="37.82157" lon="-122.17456" />
      <trkpt lat="37.82149" lon="-122.17448" />
      <trkpt lat="37.82149" lon="-122.17429" />
      <trkpt lat="37.82157" lon="-122.17411" />
      <trkpt lat="37.82165" lon="-122.17406" />
      <trkpt lat="37.82194" lon="-122.17398" />
      <trkpt lat="37.82203" lon="-122.1739" />
      <trkpt lat="37.82209" lon="-122.17382" />
      <trkpt lat="37.82214" lon="-122.17372" />
      <trkpt lat="37.82219" lon="-122.17349" />
      <trkpt lat="37.82211" lon="-122.1734" />
      <trkpt lat="37.82198" lon="-122.17337" />
      <trkpt lat="37.82187" lon="-122.17332" />
      <trkpt lat="37.82183" lon="-122.17321" />
      <trkpt lat="37.82176" lon="-122.17314" />
      <trkpt lat="37.82177" lon="-122.17304" />
      <trkpt lat="37.82174" lon="-122.17291" />
      <trkpt lat="37.82162" lon="-122.17271" />
      <trkpt lat="37.82149" lon="-122.17257" />
      <trkpt lat="37.82143" lon="-122.17247" />
      <trkpt lat="37.82145" lon="-122.17235" />
      <trkpt lat="37.82144" lon="-122.17221" />
      <trkpt lat="37.8214" lon="-122.17199" />
      <trkpt lat="37.82136" lon="-122.17192" />
      <trkpt lat="37.82119" lon="-122.17179" />
      <trkpt lat="37.82109" lon="-122.17179" />
      <trkpt lat="37.82098" lon="-122.17181" />
      <trkpt lat="37.82066" lon="-122.17196" />
      <trkpt lat="37.82057" lon="-122.17194" />
      <trkpt lat="37.82053" lon="-122.17184" />
      <trkpt lat="37.82039" lon="-122.17163" />
      <trkpt lat="37.82039" lon="-122.17148" />
      <trkpt lat="37.82044" lon="-122.17129" />
      <trkpt lat="37.82046" lon="-122.17102" />
      <trkpt lat="37.82044" lon="-122.17031" />
      <trkpt lat="37.82032" lon="-122.17007" />
      <trkpt lat="37.82028" lon="-122.16994" />
      <trkpt lat="37.82022" lon="-122.16982" />
      <trkpt lat="37.82021" lon="-122.16971" />
      <trkpt lat="37.82006" lon="-122.16952" />
      <trkpt lat="37.81983" lon="-122.16944" />
      <trkpt lat="37.81976" lon="-122.1693" />
      <trkpt lat="37.81975" lon="-122.16897" />
      <trkpt lat="37.81971" lon="-122.16885" />
      <trkpt lat="37.81961" lon="-122.16874" />
      <trkpt lat="37.81936" lon="-122.16856" />
      <trkpt lat="37.81928" lon="-122.16845" />
      <trkpt lat="37.81926" lon="-122.16833" />
      <trkpt lat="37.8192" lon="-122.16821" />
      <trkpt lat="37.81913" lon="-122.16813" />
      <trkpt lat="37.8191" lon="-122.16801" />
      <trkpt lat="37.81898" lon="-122.16793" />
      <trkpt lat="37.81877" lon="-122.1679" />
      <trkpt lat="37.81861" lon="-122.16774" />
      <trkpt lat="37.81855" lon="-122.16764" />
      <trkpt lat="37.81856" lon="-122.16736" />
      <trkpt lat="37.81847" lon="-122.16722" />
      <trkpt lat="37.81831" lon="-122.16688" />
      <trkpt lat="37.81827" lon="-122.16676" />
      <trkpt lat="37.81831" lon="-122.16639" />
      <trkpt lat="37.81827" lon="-122.16625" />
      <trkpt lat="37.81812" lon="-122.16606" />
      <trkpt lat="37.81794" lon="-122.16587" />
      <trkpt lat="37.81783" lon="-122.1658" />
      <trkpt lat="37.81774" lon="-122.16579" />
      <trkpt lat="37.81762" lon="-122.16581" />
      <trkpt lat="37.81752" lon="-122.16598" />
      <trkpt lat="37.81749" lon="-122.16597" />
      <trkpt lat="37.81745" lon="-122.16602" />
      <trkpt lat="37.81724" lon="-122.16634" />
      <trkpt lat="37.81719" lon="-122.16646" />
      <trkpt lat="37.81712" lon="-122.16676" />
      <trkpt lat="37.81699" lon="-122.16711" />
      <trkpt lat="37.81698" lon="-122.16734" />
      <trkpt lat="37.81701" lon="-122.16747" />
      <trkpt lat="37.81699" lon="-122.1676" />
      <trkpt lat="37.81692" lon="-122.16785" />
      <trkpt lat="37.81673" lon="-122.16772" />
      <trkpt lat="37.81659" lon="-122.16777" />
      <trkpt lat="37.81655" lon="-122.16781" />
      <trkpt lat="37.81633" lon="-122.16812" />
      <trkpt lat="37.81624" lon="-122.16834" />
      <trkpt lat="37.81629" lon="-122.16822" />
      <trkpt lat="37.81625" lon="-122.16811" />
      <trkpt lat="37.81618" lon="-122.16804" />
      <trkpt lat="37.81577" lon="-122.16789" />
      <trkpt lat="37.8157" lon="-122.16781" />
      <trkpt lat="37.81586" lon="-122.16744" />
      <trkpt lat="37.81586" lon="-122.16736" />
      <trkpt lat="37.81581" lon="-122.16724" />
      <trkpt lat="37.81566" lon="-122.16706" />
      <trkpt lat="37.81556" lon="-122.16685" />
      <trkpt lat="37.81553" lon="-122.16674" />
      <trkpt lat="37.8156" lon="-122.16665" />
      <trkpt lat="37.81569" lon="-122.16662" />
      <trkpt lat="37.81577" lon="-122.16654" />
      <trkpt lat="37.81586" lon="-122.16652" />
      <trkpt lat="37.81596" lon="-122.16654" />
      <trkpt lat="37.81606" lon="-122.16651" />
      <trkpt lat="37.81615" lon="-122.16644" />
      <trkpt lat="37.81625" lon="-122.16617" />
      <trkpt lat="37.81639" lon="-122.16592" />
      <trkpt lat="37.81642" lon="-122.16581" />
      <trkpt lat="37.81639" lon="-122.16566" />
      <trkpt lat="37.81627" lon="-122.16536" />
      <trkpt lat="37.81625" lon="-122.16527" />
      <trkpt lat="37.81626" lon="-122.16515" />
      <trkpt lat="37.81629" lon="-122.16507" />
      <trkpt lat="37.81629" lon="-122.16504" />
      <trkpt lat="37.81626" lon="-122.16495" />
      <trkpt lat="37.81621" lon="-122.1649" />
      <trkpt lat="37.8162" lon="-122.16484" />
      <trkpt lat="37.81611" lon="-122.1648" />
      <trkpt lat="37.81591" lon="-122.16478" />
      <trkpt lat="37.8157" lon="-122.16472" />
      <trkpt lat="37.81557" lon="-122.1645" />
      <trkpt lat="37.81516" lon="-122.16434" />
      <trkpt lat="37.81505" lon="-122.16426" />
      <trkpt lat="37.81501" lon="-122.16421" />
      <trkpt lat="37.81492" lon="-122.16398" />
      <trkpt lat="37.81485" lon="-122.16385" />
      <trkpt lat="37.81481" lon="-122.16382" />
      <trkpt lat="37.81475" lon="-122.1638" />
      <trkpt lat="37.81462" lon="-122.1638" />
      <trkpt lat="37.8144" lon="-122.16384" />
      <trkpt lat="37.81433" lon="-122.1639" />
      <trkpt lat="37.81427" lon="-122.16417" />
      <trkpt lat="37.81416" lon="-122.16414" />
      <trkpt lat="37.81409" lon="-122.16405" />
      <trkpt lat="37.81405" lon="-122.16394" />
      <trkpt lat="37.81393" lon="-122.16375" />
      <trkpt lat="37.81395" lon="-122.16358" />
      <trkpt lat="37.81395" lon="-122.16345" />
      <trkpt lat="37.81375" lon="-122.16331" />
      <trkpt lat="37.81366" lon="-122.16323" />
      <trkpt lat="37.81361" lon="-122.16321" />
      <trkpt lat="37.81357" lon="-122.16319" />
      <trkpt lat="37.81347" lon="-122.16321" />
      <trkpt lat="37.81338" lon="-122.16319" />
      <trkpt lat="37.81334" lon="-122.16307" />
      <trkpt lat="37.81342" lon="-122.1627" />
      <trkpt lat="37.81338" lon="-122.16259" />
      <trkpt lat="37.81305" lon="-122.16256" />
      <trkpt lat="37.81284" lon="-122.16258" />
      <trkpt lat="37.81272" lon="-122.16253" />
      <trkpt lat="37.8127" lon="-122.16242" />
      <trkpt lat="37.81271" lon="-122.16229" />
      <trkpt lat="37.81268" lon="-122.1621" />
      <trkpt lat="37.81271" lon="-122.16189" />
      <trkpt lat="37.81272" lon="-122.16175" />
      <trkpt lat="37.81267" lon="-122.16163" />
      <trkpt lat="37.81261" lon="-122.16157" />
      <trkpt lat="37.81255" lon="-122.16145" />
      <trkpt lat="37.81206" lon="-122.16116" />
      <trkpt lat="37.81179" lon="-122.16089" />
      <trkpt lat="37.81169" lon="-122.16082" />
      <trkpt lat="37.8116" lon="-122.1608" />
      <trkpt lat="37.81148" lon="-122.1608" />
      <trkpt lat="37.8114" lon="-122.16083" />
      <trkpt lat="37.81132" lon="-122.16091" />
      <trkpt lat="37.81114" lon="-122.16099" />
      <trkpt lat="37.81104" lon="-122.16098" />
      <trkpt lat="37.81099" lon="-122.1608" />
      <trkpt lat="37.81097" lon="-122.16057" />
      <trkpt lat="37.81092" lon="-122.16046" />
      <trkpt lat="37.81072" lon="-122.16037" />
      <trkpt lat="37.81064" lon="-122.1603" />
      <trkpt lat="37.81053" lon="-122.16027" />
      <trkpt lat="37.81042" lon="-122.1603" />
      <trkpt lat="37.8103" lon="-122.1603" />
      <trkpt lat="37.8102" lon="-122.16028" />
      <trkpt lat="37.81015" lon="-122.16018" />
      <trkpt lat="37.81019" lon="-122.16003" />
      <trkpt lat="37.81022" lon="-122.15966" />
      <trkpt lat="37.81026" lon="-122.15951" />
      <trkpt lat="37.8104" lon="-122.15922" />
      <trkpt lat="37.81044" lon="-122.1591" />
      <trkpt lat="37.81053" lon="-122.15895" />
      <trkpt lat="37.81057" lon="-122.15881" />
      <trkpt lat="37.81052" lon="-122.15866" />
      <trkpt lat="37.81048" lon="-122.15859" />
      <trkpt lat="37.81033" lon="-122.15853" />
      <trkpt lat="37.81026" lon="-122.15854" />
      <trkpt lat="37.81013" lon="-122.15862" />
      <trkpt lat="37.80995" lon="-122.15877" />
      <trkpt lat="37.80974" lon="-122.15885" />
      <trkpt lat="37.80964" lon="-122.15882" />
      <trkpt lat="37.80953" lon="-122.15881" />
      <trkpt lat="37.80935" lon="-122.15886" />
      <trkpt lat="37.80928" lon="-122.15886" />
      <trkpt lat="37.80918" lon="-122.15889" />
      <trkpt lat="37.8091" lon="-122.15882" />
      <trkpt lat="37.80907" lon="-122.1587" />
      <trkpt lat="37.80908" lon="-122.15856" />
      <trkpt lat="37.80912" lon="-122.15837" />
      <trkpt lat="37.80921" lon="-122.15813" />
      <trkpt lat="37.80927" lon="-122.15787" />
      <trkpt lat="37.80936" lon="-122.1576" />
      <trkpt lat="37.80938" lon="-122.15749" />
      <trkpt lat="37.80937" lon="-122.15734" />
      <trkpt lat="37.80935" lon="-122.15724" />
      <trkpt lat="37.80932" lon="-122.15719" />
      <trkpt lat="37.80924" lon="-122.1571" />
      <trkpt lat="37.80918" lon="-122.15706" />
      <trkpt lat="37.809" lon="-122.15703" />
      <trkpt lat="37.80861" lon="-122.15714" />
      <trkpt lat="37.80865" lon="-122.15701" />
      <trkpt lat="37.80884" lon="-122.15654" />
      <trkpt lat="37.80885" lon="-122.15639" />
      <trkpt lat="37.80879" lon="-122.15623" />
      <trkpt lat="37.80872" lon="-122.15612" />
      <trkpt lat="37.80868" lon="-122.1559" />
      <trkpt lat="37.80863" lon="-122.1558" />
      <trkpt lat="37.80857" lon="-122.15572" />
      <trkpt lat="37.80852" lon="-122.15571" />
      <trkpt lat="37.80818" lon="-122.15578" />
      <trkpt lat="37.80791" lon="-122.15598" />
      <trkpt lat="37.80773" lon="-122.15605" />
      <trkpt lat="37.80758" lon="-122.15619" />
      <trkpt lat="37.80752" lon="-122.1562" />
      <trkpt lat="37.80745" lon="-122.15617" />
      <trkpt lat="37.80749" lon="-122.15599" />
      <trkpt lat="37.80749" lon="-122.15583" />
      <trkpt lat="37.80738" lon="-122.15559" />
      <trkpt lat="37.80731" lon="-122.15552" />
      <trkpt lat="37.80728" lon="-122.15547" />
      <trkpt lat="37.80727" lon="-122.15537" />
      <trkpt lat="37.8073" lon="-122.15513" />
      <trkpt lat="37.80724" lon="-122.15503" />
      <trkpt lat="37.80691" lon="-122.15484" />
      <trkpt lat="37.80684" lon="-122.15476" />
      <trkpt lat="37.80688" lon="-122.15449" />
      <trkpt lat="37.80702" lon="-122.15409" />
      <trkpt lat="37.80712" lon="-122.15388" />
      <trkpt lat="37.80734" lon="-122.15366" />
      <trkpt lat="37.8074" lon="-122.15352" />
      <trkpt lat="37.80737" lon="-122.15344" />
      <trkpt lat="37.80727" lon="-122.15344" />
      <trkpt lat="37.8071" lon="-122.15351" />
      <trkpt lat="37.80691" lon="-122.15381" />
      <trkpt lat="37.80688" lon="-122.15387" />
      <trkpt lat="37.80662" lon="-122.15402" />
      <trkpt lat="37.80646" lon="-122.15419" />
      <trkpt lat="37.80632" lon="-122.15426" />
      <trkpt lat="37.80601" lon="-122.15447" />
      <trkpt lat="37.80579" lon="-122.15455" />
      <trkpt lat="37.80552" lon="-122.1546" />
      <trkpt lat="37.80533" lon="-122.15455" />
      <trkpt lat="37.80519" lon="-122.15439" />
      <trkpt lat="37.80515" lon="-122.15437" />
      <trkpt lat="37.80498" lon="-122.15441" />
      <trkpt lat="37.80495" lon="-122.15444" />
      <trkpt lat="37.80494" lon="-122.15447" />
      <trkpt lat="37.80491" lon="-122.15447" />
      <trkpt lat="37.80483" lon="-122.15437" />
      <trkpt lat="37.80477" lon="-122.15424" />
      <trkpt lat="37.80459" lon="-122.154" />
      <trkpt lat="37.80418" lon="-122.15356" />
      <trkpt lat="37.80409" lon="-122.15344" />
      <trkpt lat="37.80394" lon="-122.15313" />
      <trkpt lat="37.80381" lon="-122.15271" />
      <trkpt lat="37.80372" lon="-122.15249" />
      <trkpt lat="37.80363" lon="-122.15215" />
      <trkpt lat="37.80357" lon="-122.15198" />
      <trkpt lat="37.80325" lon="-122.15167" />
      <trkpt lat="37.80317" lon="-122.15156" />
      <trkpt lat="37.80309" lon="-122.15139" />
      <trkpt lat="37.80305" lon="-122.15121" />
      <trkpt lat="37.80304" lon="-122.15081" />
      <trkpt lat="37.80292" lon="-122.15026" />
      <trkpt lat="37.80289" lon="-122.14981" />
      <trkpt lat="37.80284" lon="-122.14967" />
      <trkpt lat="37.80276" lon="-122.14951" />
      <trkpt lat="37.80273" lon="-122.14927" />
      <trkpt lat="37.80274" lon="-122.14913" />
      <trkpt lat="37.80273" lon="-122.14894" />
      <trkpt lat="37.8027" lon="-122.1488" />
      <trkpt lat="37.80261" lon="-122.14851" />
      <trkpt lat="37.80247" lon="-122.14821" />
      <trkpt lat="37.80238" lon="-122.14798" />
      <trkpt lat="37.80231" lon="-122.14786" />
      <trkpt lat="37.80219" lon="-122.14771" />
      <trkpt lat="37.80208" lon="-122.14762" />
      <trkpt lat="37.80206" lon="-122.14757" />
      <trkpt lat="37.80197" lon="-122.14735" />
      <trkpt lat="37.80179" lon="-122.14701" />
      <trkpt lat="37.80162" lon="-122.14665" />
      <trkpt lat="37.80154" lon="-122.14662" />
      <trkpt lat="37.8015" lon="-122.14664" />
      <trkpt lat="37.80147" lon="-122.14671" />
      <trkpt lat="37.80147" lon="-122.14702" />
      <trkpt lat="37.80144" lon="-122.14714" />
      <trkpt lat="37.8014" lon="-122.14718" />
      <trkpt lat="37.80137" lon="-122.14717" />
      <trkpt lat="37.80135" lon="-122.14711" />
      <trkpt lat="37.80128" lon="-122.14704" />
      <trkpt lat="37.80124" lon="-122.14701" />
      <trkpt lat="37.80111" lon="-122.147" />
      <trkpt lat="37.80107" lon="-122.14688" />
      <trkpt lat="37.80103" lon="-122.14692" />
      <trkpt lat="37.80102" lon="-122.14698" />
      <trkpt lat="37.80099" lon="-122.14704" />
      <trkpt lat="37.80107" lon="-122.14719" />
      <trkpt lat="37.80102" lon="-122.14733" />
      <trkpt lat="37.80109" lon="-122.14752" />
      <trkpt lat="37.80106" lon="-122.14762" />
      <trkpt lat="37.80116" lon="-122.14778" />
      <trkpt lat="37.80106" lon="-122.14784" />
      <trkpt lat="37.80094" lon="-122.14781" />
      <trkpt lat="37.80086" lon="-122.14783" />
      <trkpt lat="37.80078" lon="-122.14782" />
      <trkpt lat="37.8007" lon="-122.14785" />
      <trkpt lat="37.8006" lon="-122.14798" />
      <trkpt lat="37.80059" lon="-122.14806" />
      <trkpt lat="37.80063" lon="-122.14829" />
      <trkpt lat="37.80068" lon="-122.14839" />
      <trkpt lat="37.80075" lon="-122.14851" />
      <trkpt lat="37.80092" lon="-122.14869" />
      <trkpt lat="37.80098" lon="-122.1488" />
      <trkpt lat="37.80094" lon="-122.14881" />
      <trkpt lat="37.80083" lon="-122.14877" />
      <trkpt lat="37.80075" lon="-122.14876" />
      <trkpt lat="37.80057" lon="-122.1488" />
      <trkpt lat="37.80048" lon="-122.14884" />
      <trkpt lat="37.80041" lon="-122.14888" />
      <trkpt lat="37.80031" lon="-122.14901" />
      <trkpt lat="37.80027" lon="-122.14908" />
      <trkpt lat="37.80026" lon="-122.14915" />
      <trkpt lat="37.80032" lon="-122.14938" />
      <trkpt lat="37.80042" lon="-122.14961" />
      <trkpt lat="37.80035" lon="-122.1497" />
      <trkpt lat="37.80019" lon="-122.14982" />
      <trkpt lat="37.79995" lon="-122.15013" />
      <trkpt lat="37.79989" lon="-122.15023" />
      <trkpt lat="37.79988" lon="-122.15041" />
      <trkpt lat="37.79983" lon="-122.15056" />
      <trkpt lat="37.7998" lon="-122.15059" />
      <trkpt lat="37.79976" lon="-122.15054" />
      <trkpt lat="37.79953" lon="-122.15012" />
      <trkpt lat="37.79946" lon="-122.15004" />
      <trkpt lat="37.79942" lon="-122.15001" />
      <trkpt lat="37.79933" lon="-122.15002" />
      <trkpt lat="37.7993" lon="-122.15007" />
      <trkpt lat="37.79926" lon="-122.15018" />
      <trkpt lat="37.79919" lon="-122.15029" />
      <trkpt lat="37.79906" lon="-122.15044" />
      <trkpt lat="37.79903" lon="-122.15053" />
      <trkpt lat="37.79906" lon="-122.15075" />
      <trkpt lat="37.79902" lon="-122.15085" />
      <trkpt lat="37.79895" lon="-122.15099" />
      <trkpt lat="37.79894" lon="-122.15106" />
      <trkpt lat="37.79898" lon="-122.15119" />
      <trkpt lat="37.79902" lon="-122.15124" />
      <trkpt lat="37.79914" lon="-122.15133" />
      <trkpt lat="37.79916" lon="-122.15138" />
      <trkpt lat="37.79909" lon="-122.15156" />
      <trkpt lat="37.79909" lon="-122.1517" />
      <trkpt lat="37.79914" lon="-122.1518" />
      <trkpt lat="37.79923" lon="-122.15187" />
      <trkpt lat="37.79932" lon="-122.15191" />
      <trkpt lat="37.79958" lon="-122.15195" />
      <trkpt lat="37.79951" lon="-122.1522" />
      <trkpt lat="37.79938" lon="-122.15239" />
      <trkpt lat="37.79936" lon="-122.15248" />
      <trkpt lat="37.79937" lon="-122.15257" />
      <trkpt lat="37.79942" lon="-122.15264" />
      <trkpt lat="37.79957" lon="-122.15271" />
      <trkpt lat="37.79971" lon="-122.15275" />
      <trkpt lat="37.79979" lon="-122.15282" />
      <trkpt lat="37.79973" lon="-122.15291" />
      <trkpt lat="37.79949" lon="-122.15313" />
      <trkpt lat="37.79943" lon="-122.15322" />
      <trkpt lat="37.79941" lon="-122.15335" />
      <trkpt lat="37.79954" lon="-122.15378" />
      <trkpt lat="37.79961" lon="-122.15393" />
      <trkpt lat="37.7997" lon="-122.15403" />
      <trkpt lat="37.79988" lon="-122.1541" />
      <trkpt lat="37.79996" lon="-122.15419" />
      <trkpt lat="37.79991" lon="-122.15416" />
      <trkpt lat="37.79968" lon="-122.15411" />
      <trkpt lat="37.79954" lon="-122.15402" />
      <trkpt lat="37.79926" lon="-122.15375" />
      <trkpt lat="37.79917" lon="-122.15353" />
      <trkpt lat="37.7991" lon="-122.15344" />
      <trkpt lat="37.79903" lon="-122.15347" />
      <trkpt lat="37.79894" lon="-122.15369" />
      <trkpt lat="37.79888" lon="-122.15377" />
      <trkpt lat="37.79885" lon="-122.15379" />
      <trkpt lat="37.79883" lon="-122.1538" />
      <trkpt lat="37.79881" lon="-122.15376" />
      <trkpt lat="37.79875" lon="-122.15366" />
      <trkpt lat="37.79867" lon="-122.15359" />
      <trkpt lat="37.79858" lon="-122.15343" />
      <trkpt lat="37.79848" lon="-122.15309" />
      <trkpt lat="37.79824" lon="-122.15267" />
      <trkpt lat="37.79815" lon="-122.15224" />
      <trkpt lat="37.79815" lon="-122.15194" />
      <trkpt lat="37.7981" lon="-122.15156" />
      <trkpt lat="37.79802" lon="-122.15112" />
      <trkpt lat="37.79802" lon="-122.15081" />
      <trkpt lat="37.79795" lon="-122.15067" />
      <trkpt lat="37.79774" lon="-122.15035" />
      <trkpt lat="37.7975" lon="-122.15014" />
      <trkpt lat="37.79745" lon="-122.15007" />
      <trkpt lat="37.79742" lon="-122.14998" />
      <trkpt lat="37.79734" lon="-122.14983" />
      <trkpt lat="37.79719" lon="-122.14963" />
      <trkpt lat="37.79693" lon="-122.14945" />
      <trkpt lat="37.79682" lon="-122.14931" />
      <trkpt lat="37.79679" lon="-122.14931" />
      <trkpt lat="37.79664" lon="-122.1492" />
      <trkpt lat="37.79652" lon="-122.14905" />
      <trkpt lat="37.79624" lon="-122.14881" />
      <trkpt lat="37.79617" lon="-122.14869" />
      <trkpt lat="37.79617" lon="-122.14861" />
      <trkpt lat="37.79605" lon="-122.14846" />
      <trkpt lat="37.79594" lon="-122.14827" />
      <trkpt lat="37.7958" lon="-122.14778" />
      <trkpt lat="37.79575" lon="-122.14769" />
      <trkpt lat="37.79569" lon="-122.14761" />
      <trkpt lat="37.79561" lon="-122.14755" />
      <trkpt lat="37.79548" lon="-122.14758" />
      <trkpt lat="37.79531" lon="-122.14765" />
      <trkpt lat="37.7952" lon="-122.14764" />
      <trkpt lat="37.7951" lon="-122.1476" />
      <trkpt lat="37.79503" lon="-122.1475" />
      <trkpt lat="37.79501" lon="-122.14739" />
      <trkpt lat="37.79511" lon="-122.14736" />
      <trkpt lat="37.79519" lon="-122.14737" />
      <trkpt lat="37.79533" lon="-122.14741" />
      <trkpt lat="37.79542" lon="-122.14739" />
      <trkpt lat="37.79554" lon="-122.14726" />
      <trkpt lat="37.79563" lon="-122.14713" />
      <trkpt lat="37.79571" lon="-122.1471" />
      <trkpt lat="37.79593" lon="-122.14724" />
      <trkpt lat="37.79607" lon="-122.14729" />
      <trkpt lat="37.79611" lon="-122.14732" />
      <trkpt lat="37.79616" lon="-122.14744" />
      <trkpt lat="37.7963" lon="-122.14757" />
      <trkpt lat="37.79636" lon="-122.14759" />
      <trkpt lat="37.79639" lon="-122.14759" />
      <trkpt lat="37.79668" lon="-122.14747" />
      <trkpt lat="37.79681" lon="-122.14745" />
      <trkpt lat="37.79687" lon="-122.14747" />
      <trkpt lat="37.79699" lon="-122.14769" />
      <trkpt lat="37.79704" lon="-122.14772" />
      <trkpt lat="37.79712" lon="-122.14773" />
      <trkpt lat="37.7973" lon="-122.14769" />
      <trkpt lat="37.79744" lon="-122.14764" />
      <trkpt lat="37.79762" lon="-122.1476" />
      <trkpt lat="37.79768" lon="-122.14754" />
      <trkpt lat="37.79767" lon="-122.14749" />
      <trkpt lat="37.79762" lon="-122.14744" />
      <trkpt lat="37.79756" lon="-122.14742" />
      <trkpt lat="37.79729" lon="-122.14723" />
      <trkpt lat="37.79713" lon="-122.14703" />
      <trkpt lat="37.79697" lon="-122.14691" />
      <trkpt lat="37.79687" lon="-122.14678" />
      <trkpt lat="37.79681" lon="-122.14667" />
      <trkpt lat="37.79664" lon="-122.14621" />
      <trkpt lat="37.7966" lon="-122.14615" />
      <trkpt lat="37.79654" lon="-122.14602" />
      <trkpt lat="37.7964" lon="-122.14588" />
      <trkpt lat="37.79622" lon="-122.14583" />
      <trkpt lat="37.79614" lon="-122.14575" />
      <trkpt lat="37.79603" lon="-122.14559" />
      <trkpt lat="37.79583" lon="-122.14519" />
      <trkpt lat="37.79577" lon="-122.14511" />
      <trkpt lat="37.79564" lon="-122.14481" />
      <trkpt lat="37.79552" lon="-122.1447" />
      <trkpt lat="37.79528" lon="-122.1444" />
      <trkpt lat="37.79516" lon="-122.14429" />
      <trkpt lat="37.79492" lon="-122.14397" />
      <trkpt lat="37.79486" lon="-122.14384" />
      <trkpt lat="37.79482" lon="-122.14361" />
      <trkpt lat="37.7948" lon="-122.14355" />
      <trkpt lat="37.79466" lon="-122.14335" />
      <trkpt lat="37.79459" lon="-122.14318" />
      <trkpt lat="37.79435" lon="-122.14297" />
      <trkpt lat="37.79428" lon="-122.14292" />
      <trkpt lat="37.79419" lon="-122.14287" />
      <trkpt lat="37.79407" lon="-122.14284" />
      <trkpt lat="37.79389" lon="-122.14283" />
      <trkpt lat="37.79379" lon="-122.14278" />
      <trkpt lat="37.79331" lon="-122.14247" />
      <trkpt lat="37.79319" lon="-122.14237" />
      <trkpt lat="37.79303" lon="-122.14229" />
      <trkpt lat="37.79289" lon="-122.14225" />
      <trkpt lat="37.79275" lon="-122.14224" />
      <trkpt lat="37.79267" lon="-122.14226" />
      <trkpt lat="37.79253" lon="-122.14234" />
      <trkpt lat="37.79243" lon="-122.14241" />
      <trkpt lat="37.79234" lon="-122.14242" />
      <trkpt lat="37.79219" lon="-122.14239" />
      <trkpt lat="37.79209" lon="-122.14233" />
      <trkpt lat="37.79188" lon="-122.1421" />
      <trkpt lat="37.79185" lon="-122.14208" />
      <trkpt lat="37.79177" lon="-122.14207" />
      <trkpt lat="37.79165" lon="-122.14209" />
      <trkpt lat="37.7914" lon="-122.14234" />
      <trkpt lat="37.79132" lon="-122.14231" />
      <trkpt lat="37.79129" lon="-122.14228" />
      <trkpt lat="37.7911" lon="-122.14187" />
      <trkpt lat="37.79099" lon="-122.14159" />
      <trkpt lat="37.79096" lon="-122.14099" />
      <trkpt lat="37.79094" lon="-122.14085" />
      <trkpt lat="37.79088" lon="-122.14068" />
      <trkpt lat="37.79086" lon="-122.14051" />
      <trkpt lat="37.79086" lon="-122.13988" />
      <trkpt lat="37.79079" lon="-122.1391" />
      <trkpt lat="37.79064" lon="-122.13864" />
      <trkpt lat="37.79051" lon="-122.13812" />
      <trkpt lat="37.7904" lon="-122.13783" />
      <trkpt lat="37.79024" lon="-122.13731" />
      <trkpt lat="37.79006" lon="-122.13696" />
      <trkpt lat="37.78992" lon="-122.13677" />
      <trkpt lat="37.78974" lon="-122.13662" />
      <trkpt lat="37.7896" lon="-122.13653" />
      <trkpt lat="37.78932" lon="-122.13628" />
      <trkpt lat="37.78904" lon="-122.13601" />
      <trkpt lat="37.78887" lon="-122.13581" />
      <trkpt lat="37.78879" lon="-122.13565" />
      <trkpt lat="37.78869" lon="-122.13531" />
      <trkpt lat="37.78857" lon="-122.13498" />
      <trkpt lat="37.78846" lon="-122.13482" />
      <trkpt lat="37.78821" lon="-122.13463" />
      <trkpt lat="37.78801" lon="-122.13454" />
      <trkpt lat="37.78791" lon="-122.13452" />
      <trkpt lat="37.78755" lon="-122.13464" />
      <trkpt lat="37.78751" lon="-122.13463" />
      <trkpt lat="37.78747" lon="-122.13459" />
      <trkpt lat="37.78744" lon="-122.13446" />
      <trkpt lat="37.78752" lon="-122.13404" />
      <trkpt lat="37.78751" lon="-122.13377" />
      <trkpt lat="37.78741" lon="-122.13349" />
      <trkpt lat="37.78711" lon="-122.13309" />
      <trkpt lat="37.78665" lon="-122.13275" />
      <trkpt lat="37.78637" lon="-122.1326" />
      <trkpt lat="37.78612" lon="-122.13256" />
      <trkpt lat="37.78582" lon="-122.13255" />
      <trkpt lat="37.78566" lon="-122.13251" />
      <trkpt lat="37.78556" lon="-122.13243" />
      <trkpt lat="37.78538" lon="-122.13219" />
      <trkpt lat="37.78524" lon="-122.13207" />
      <trkpt lat="37.78518" lon="-122.132" />
      <trkpt lat="37.78511" lon="-122.13175" />
      <trkpt lat="37.78503" lon="-122.13162" />
      <trkpt lat="37.78493" lon="-122.13157" />
      <trkpt lat="37.78486" lon="-122.13157" />
      <trkpt lat="37.78469" lon="-122.1316" />
      <trkpt lat="37.78461" lon="-122.1316" />
      <trkpt lat="37.78449" lon="-122.13157" />
      <trkpt lat="37.78443" lon="-122.13152" />
      <trkpt lat="37.78439" lon="-122.13145" />
      <trkpt lat="37.78438" lon="-122.1314" />
      <trkpt lat="37.78443" lon="-122.131" />
      <trkpt lat="37.78442" lon="-122.13074" />
      <trkpt lat="37.78438" lon="-122.13065" />
      <trkpt lat="37.78425" lon="-122.13053" />
      <trkpt lat="37.78408" lon="-122.13044" />
      <trkpt lat="37.78374" lon="-122.13039" />
      <trkpt lat="37.78352" lon="-122.13041" />
      <trkpt lat="37.78345" lon="-122.1304" />
      <trkpt lat="37.78334" lon="-122.13034" />
      <trkpt lat="37.78312" lon="-122.13" />
      <trkpt lat="37.78305" lon="-122.12991" />
      <trkpt lat="37.78286" lon="-122.1298" />
      <trkpt lat="37.78279" lon="-122.12973" />
      <trkpt lat="37.78262" lon="-122.12943" />
      <trkpt lat="37.7824" lon="-122.12923" />
      <trkpt lat="37.78231" lon="-122.12919" />
      <trkpt lat="37.7822" lon="-122.12907" />
      <trkpt lat="37.78196" lon="-122.12856" />
      <trkpt lat="37.78188" lon="-122.12825" />
      <trkpt lat="37.78182" lon="-122.12812" />
      <trkpt lat="37.78172" lon="-122.12801" />
      <trkpt lat="37.78162" lon="-122.12795" />
      <trkpt lat="37.78146" lon="-122.12778" />
      <trkpt lat="37.7812" lon="-122.12743" />
      <trkpt lat="37.78078" lon="-122.12697" />
      <trkpt lat="37.78058" lon="-122.12681" />
      <trkpt lat="37.78034" lon="-122.12658" />
      <trkpt lat="37.78" lon="-122.12634" />
      <trkpt lat="37.77973" lon="-122.12604" />
      <trkpt lat="37.77956" lon="-122.12599" />
      <trkpt lat="37.77942" lon="-122.12599" />
      <trkpt lat="37.7793" lon="-122.12602" />
      <trkpt lat="37.77921" lon="-122.12606" />
      <trkpt lat="37.77878" lon="-122.12631" />
      <trkpt lat="37.77865" lon="-122.12632" />
      <trkpt lat="37.77852" lon="-122.12627" />
      <trkpt lat="37.77835" lon="-122.1261" />
      <trkpt lat="37.77826" lon="-122.1259" />
      <trkpt lat="37.77813" lon="-122.12567" />
      <trkpt lat="37.7781" lon="-122.12565" />
      <trkpt lat="37.77786" lon="-122.12558" />
      <trkpt lat="37.7778" lon="-122.12553" />
      <trkpt lat="37.77772" lon="-122.12542" />
      <trkpt lat="37.7776" lon="-122.12502" />
      <trkpt lat="37.77756" lon="-122.12482" />
      <trkpt lat="37.77755" lon="-122.1248" />
      <trkpt lat="37.77752" lon="-122.12479" />
      <trkpt lat="37.77742" lon="-122.12488" />
      <trkpt lat="37.77739" lon="-122.12498" />
      <trkpt lat="37.77733" lon="-122.12528" />
      <trkpt lat="37.7773" lon="-122.12565" />
      <trkpt lat="37.7773" lon="-122.12579" />
      <trkpt lat="37.77738" lon="-122.12614" />
      <trkpt lat="37.77752" lon="-122.12642" />
      <trkpt lat="37.77751" lon="-122.12641" />
      <trkpt lat="37.77732" lon="-122.12627" />
      <trkpt lat="37.77716" lon="-122.12618" />
      <trkpt lat="37.77707" lon="-122.12609" />
      <trkpt lat="37.77694" lon="-122.12587" />
      <trkpt lat="37.77677" lon="-122.1255" />
      <trkpt lat="37.77662" lon="-122.12534" />
      <trkpt lat="37.77651" lon="-122.12528" />
      <trkpt lat="37.77619" lon="-122.12517" />
      <trkpt lat="37.77596" lon="-122.12506" />
      <trkpt lat="37.77554" lon="-122.12482" />
      <trkpt lat="37.77543" lon="-122.12473" />
      <trkpt lat="37.77464" lon="-122.12427" />
      <trkpt lat="37.77453" lon="-122.12413" />
      <trkpt lat="37.77437" lon="-122.12387" />
      <trkpt lat="37.77424" lon="-122.12356" />
      <trkpt lat="37.77407" lon="-122.12335" />
      <trkpt lat="37.77402" lon="-122.12333" />
      <trkpt lat="37.77397" lon="-122.12333" />
      <trkpt lat="37.77378" lon="-122.12335" />
      <trkpt lat="37.77367" lon="-122.12335" />
      <trkpt lat="37.7736" lon="-122.12332" />
      <trkpt lat="37.7735" lon="-122.12325" />
      <trkpt lat="37.77324" lon="-122.12301" />
      <trkpt lat="37.77301" lon="-122.12291" />
      <trkpt lat="37.77286" lon="-122.1228" />
      <trkpt lat="37.7728" lon="-122.12273" />
      <trkpt lat="37.77275" lon="-122.12259" />
      <trkpt lat="37.77274" lon="-122.12243" />
      <trkpt lat="37.77276" lon="-122.12198" />
      <trkpt lat="37.77271" lon="-122.12185" />
      <trkpt lat="37.77266" lon="-122.1218" />
      <trkpt lat="37.7726" lon="-122.12178" />
      <trkpt lat="37.77251" lon="-122.12182" />
      <trkpt lat="37.77209" lon="-122.12207" />
      <trkpt lat="37.77197" lon="-122.12211" />
      <trkpt lat="37.77181" lon="-122.12211" />
      <trkpt lat="37.7717" lon="-122.12215" />
      <trkpt lat="37.77144" lon="-122.12236" />
      <trkpt lat="37.77131" lon="-122.12242" />
      <trkpt lat="37.77115" lon="-122.12245" />
      <trkpt lat="37.77082" lon="-122.12235" />
      <trkpt lat="37.77058" lon="-122.12222" />
      <trkpt lat="37.77029" lon="-122.12203" />
      <trkpt lat="37.77002" lon="-122.12191" />
      <trkpt lat="37.76984" lon="-122.12176" />
      <trkpt lat="37.76962" lon="-122.12147" />
      <trkpt lat="37.76947" lon="-122.12136" />
      <trkpt lat="37.7692" lon="-122.1213" />
      <trkpt lat="37.76903" lon="-122.12123" />
      <trkpt lat="37.76886" lon="-122.12111" />
      <trkpt lat="37.76854" lon="-122.12078" />
      <trkpt lat="37.76844" lon="-122.12069" />
      <trkpt lat="37.7682" lon="-122.12052" />
      <trkpt lat="37.76806" lon="-122.12037" />
      <trkpt lat="37.76792" lon="-122.1202" />
      <trkpt lat="37.76781" lon="-122.12001" />
      <trkpt lat="37.76769" lon="-122.11966" />
      <trkpt lat="37.7676" lon="-122.11948" />
      <trkpt lat="37.76743" lon="-122.11931" />
      <trkpt lat="37.76727" lon="-122.11919" />
      <trkpt lat="37.76716" lon="-122.11917" />
      <trkpt lat="37.76688" lon="-122.11925" />
      <trkpt lat="37.76655" lon="-122.11926" />
      <trkpt lat="37.76605" lon="-122.11913" />
      <trkpt lat="37.76577" lon="-122.11909" />
      <trkpt lat="37.76541" lon="-122.11925" />
      <trkpt lat="37.76526" lon="-122.11927" />
      <trkpt lat="37.76482" lon="-122.11919" />
      <trkpt lat="37.7646" lon="-122.11913" />
      <trkpt lat="37.76425" lon="-122.11897" />
      <trkpt lat="37.76409" lon="-122.11885" />
      <trkpt lat="37.76395" lon="-122.11878" />
      <trkpt lat="37.76364" lon="-122.11851" />
      <trkpt lat="37.76348" lon="-122.11843" />
      <trkpt lat="37.76306" lon="-122.11814" />
      <trkpt lat="37.76285" lon="-122.11803" />
      <trkpt lat="37.76255" lon="-122.11781" />
      <trkpt lat="37.76248" lon="-122.11774" />
      <trkpt lat="37.76232" lon="-122.11755" />
      <trkpt lat="37.76217" lon="-122.11741" />
      <trkpt lat="37.76202" lon="-122.1172" />
      <trkpt lat="37.76184" lon="-122.11702" />
      <trkpt lat="37.76175" lon="-122.11697" />
      <trkpt lat="37.76134" lon="-122.11681" />
      <trkpt lat="37.76113" lon="-122.11679" />
      <trkpt lat="37.76078" lon="-122.11669" />
      <trkpt lat="37.76066" lon="-122.11669" />
      <trkpt lat="37.7604" lon="-122.11664" />
      <trkpt lat="37.75989" lon="-122.1167" />
      <trkpt lat="37.75977" lon="-122.11666" />
      <trkpt lat="37.75962" lon="-122.11651" />
      <trkpt lat="37.75956" lon="-122.11643" />
      <trkpt lat="37.75947" lon="-122.11636" />
      <trkpt lat="37.75938" lon="-122.1163" />
      <trkpt lat="37.75921" lon="-122.11625" />
      <trkpt lat="37.75889" lon="-122.11609" />
      <trkpt lat="37.75879" lon="-122.11597" />
      <trkpt lat="37.75866" lon="-122.11575" />
      <trkpt lat="37.7586" lon="-122.11562" />
      <trkpt lat="37.75864" lon="-122.11528" />
      <trkpt lat="37.75858" lon="-122.11487" />
      <trkpt lat="37.7586" lon="-122.11415" />
      <trkpt lat="37.75858" lon="-122.11391" />
      <trkpt lat="37.75851" lon="-122.11368" />
      <trkpt lat="37.75844" lon="-122.1136" />
      <trkpt lat="37.75831" lon="-122.11352" />
      <trkpt lat="37.75823" lon="-122.11343" />
      <trkpt lat="37.75816" lon="-122.1134" />
      <trkpt lat="37.75811" lon="-122.11341" />
      <trkpt lat="37.75793" lon="-122.11353" />
      <trkpt lat="37.75779" lon="-122.11359" />
      <trkpt lat="37.7577" lon="-122.1136" />
      <trkpt lat="37.75763" lon="-122.11358" />
      <trkpt lat="37.75754" lon="-122.11346" />
      <trkpt lat="37.75731" lon="-122.11284" />
      <trkpt lat="37.75728" lon="-122.11276" />
      <trkpt lat="37.75724" lon="-122.11275" />
      <trkpt lat="37.75719" lon="-122.11277" />
      <trkpt lat="37.75708" lon="-122.11289" />
      <trkpt lat="37.75679" lon="-122.11313" />
      <trkpt lat="37.75671" lon="-122.11318" />
      <trkpt lat="37.75652" lon="-122.11323" />
      <trkpt lat="37.75634" lon="-122.11333" />
      <trkpt lat="37.75614" lon="-122.11364" />
      <trkpt lat="37.75598" lon="-122.11384" />
      <trkpt lat="37.75591" lon="-122.11385" />
      <trkpt lat="37.75587" lon="-122.1138" />
      <trkpt lat="37.75569" lon="-122.11333" />
      <trkpt lat="37.75565" lon="-122.11318" />
      <trkpt lat="37.75566" lon="-122.11307" />
      <trkpt lat="37.75577" lon="-122.11294" />
      <trkpt lat="37.75582" lon="-122.11283" />
      <trkpt lat="37.75583" lon="-122.11274" />
      <trkpt lat="37.75581" lon="-122.11257" />
      <trkpt lat="37.75566" lon="-122.11206" />
      <trkpt lat="37.75555" lon="-122.1116" />
      <trkpt lat="37.75552" lon="-122.11149" />
      <trkpt lat="37.75546" lon="-122.11139" />
      <trkpt lat="37.75537" lon="-122.1114" />
      <trkpt lat="37.75526" lon="-122.11159" />
      <trkpt lat="37.75518" lon="-122.11168" />
      <trkpt lat="37.75515" lon="-122.11178" />
      <trkpt lat="37.75507" lon="-122.11229" />
      <trkpt lat="37.75497" lon="-122.11247" />
      <trkpt lat="37.75487" lon="-122.11261" />
      <trkpt lat="37.75468" lon="-122.11277" />
      <trkpt lat="37.75461" lon="-122.11279" />
      <trkpt lat="37.75446" lon="-122.11278" />
      <trkpt lat="37.7544" lon="-122.11274" />
      <trkpt lat="37.75425" lon="-122.11255" />
      <trkpt lat="37.75415" lon="-122.11238" />
      <trkpt lat="37.75409" lon="-122.11224" />
      <trkpt lat="37.75403" lon="-122.11194" />
      <trkpt lat="37.75396" lon="-122.11102" />
      <trkpt lat="37.75387" lon="-122.11043" />
      <trkpt lat="37.7539" lon="-122.11" />
      <trkpt lat="37.75393" lon="-122.10988" />
      <trkpt lat="37.75397" lon="-122.10981" />
      <trkpt lat="37.754" lon="-122.10974" />
      <trkpt lat="37.754" lon="-122.10953" />
      <trkpt lat="37.75396" lon="-122.10942" />
      <trkpt lat="37.75376" lon="-122.10945" />
      <trkpt lat="37.75365" lon="-122.10942" />
      <trkpt lat="37.75356" lon="-122.10937" />
      <trkpt lat="37.75345" lon="-122.10927" />
      <trkpt lat="37.75328" lon="-122.109" />
      <trkpt lat="37.75326" lon="-122.10885" />
      <trkpt lat="37.75327" lon="-122.10841" />
      <trkpt lat="37.75324" lon="-122.10815" />
      <trkpt lat="37.75319" lon="-122.10802" />
      <trkpt lat="37.75314" lon="-122.10798" />
      <trkpt lat="37.75307" lon="-122.10798" />
      <trkpt lat="37.75299" lon="-122.10791" />
      <trkpt lat="37.75293" lon="-122.10776" />
      <trkpt lat="37.75292" lon="-122.10763" />
      <trkpt lat="37.75299" lon="-122.10744" />
      <trkpt lat="37.75301" lon="-122.10724" />
      <trkpt lat="37.75299" lon="-122.10706" />
      <trkpt lat="37.75294" lon="-122.10681" />
      <trkpt lat="37.75298" lon="-122.1067" />
      <trkpt lat="37.75299" lon="-122.10652" />
      <trkpt lat="37.75286" lon="-122.1059" />
      <trkpt lat="37.75283" lon="-122.10555" />
      <trkpt lat="37.75275" lon="-122.10532" />
      <trkpt lat="37.75269" lon="-122.105" />
      <trkpt lat="37.75264" lon="-122.10483" />
      <trkpt lat="37.75264" lon="-122.10465" />
      <trkpt lat="37.75268" lon="-122.10454" />
      <trkpt lat="37.75269" lon="-122.10432" />
      <trkpt lat="37.75266" lon="-122.10416" />
      <trkpt lat="37.75262" lon="-122.10407" />
      <trkpt lat="37.75257" lon="-122.10407" />
      <trkpt lat="37.75251" lon="-122.10414" />
      <trkpt lat="37.75246" lon="-122.10424" />
      <trkpt lat="37.75227" lon="-122.10449" />
      <trkpt lat="37.75213" lon="-122.10473" />
      <trkpt lat="37.75212" lon="-122.105" />
      <trkpt lat="37.75218" lon="-122.10529" />
      <trkpt lat="37.75214" lon="-122.10546" />
      <trkpt lat="37.75205" lon="-122.1056" />
      <trkpt lat="37.75174" lon="-122.10589" />
      <trkpt lat="37.75166" lon="-122.10592" />
      <trkpt lat="37.7516" lon="-122.1059" />
      <trkpt lat="37.75153" lon="-122.10585" />
      <trkpt lat="37.75136" lon="-122.1056" />
      <trkpt lat="37.75127" lon="-122.1055" />
      <trkpt lat="37.75115" lon="-122.10553" />
      <trkpt lat="37.75099" lon="-122.10563" />
      <trkpt lat="37.75093" lon="-122.10564" />
      <trkpt lat="37.75083" lon="-122.10563" />
      <trkpt lat="37.75074" lon="-122.10557" />
      <trkpt lat="37.75052" lon="-122.1053" />
      <trkpt lat="37.75042" lon="-122.10524" />
      <trkpt lat="37.75037" lon="-122.10523" />
      <trkpt lat="37.75019" lon="-122.10528" />
      <trkpt lat="37.74984" lon="-122.10529" />
      <trkpt lat="37.74971" lon="-122.10531" />
      <trkpt lat="37.74944" lon="-122.10529" />
      <trkpt lat="37.74916" lon="-122.10532" />
      <trkpt lat="37.74904" lon="-122.10532" />
      <trkpt lat="37.74894" lon="-122.1053" />
      <trkpt lat="37.7488" lon="-122.10525" />
      <trkpt lat="37.74847" lon="-122.1051" />
      <trkpt lat="37.74831" lon="-122.10509" />
      <trkpt lat="37.74821" lon="-122.10506" />
      <trkpt lat="37.74815" lon="-122.10503" />
      <trkpt lat="37.7481" lon="-122.10498" />
      <trkpt lat="37.74807" lon="-122.10491" />
      <trkpt lat="37.74805" lon="-122.10482" />
      <trkpt lat="37.74805" lon="-122.10475" />
      <trkpt lat="37.74807" lon="-122.10468" />
      <trkpt lat="37.74829" lon="-122.10432" />
      <trkpt lat="37.74839" lon="-122.10425" />
      <trkpt lat="37.74859" lon="-122.10416" />
      <trkpt lat="37.74873" lon="-122.10403" />
      <trkpt lat="37.74877" lon="-122.10398" />
      <trkpt lat="37.74879" lon="-122.10393" />
      <trkpt lat="37.74883" lon="-122.10364" />
      <trkpt lat="37.74888" lon="-122.10353" />
      <trkpt lat="37.74918" lon="-122.10314" />
      <trkpt lat="37.74922" lon="-122.10301" />
      <trkpt lat="37.74916" lon="-122.10291" />
      <trkpt lat="37.74907" lon="-122.10292" />
      <trkpt lat="37.74869" lon="-122.10313" />
      <trkpt lat="37.7486" lon="-122.10314" />
      <trkpt lat="37.74812" lon="-122.10334" />
      <trkpt lat="37.74805" lon="-122.10338" />
      <trkpt lat="37.74799" lon="-122.1034" />
      <trkpt lat="37.7479" lon="-122.10338" />
      <trkpt lat="37.74782" lon="-122.1033" />
      <trkpt lat="37.74753" lon="-122.10287" />
      <trkpt lat="37.74745" lon="-122.10281" />
      <trkpt lat="37.74719" lon="-122.10271" />
      <trkpt lat="37.74712" lon="-122.1027" />
      <trkpt lat="37.74684" lon="-122.10279" />
      <trkpt lat="37.74668" lon="-122.1029" />
      <trkpt lat="37.74665" lon="-122.10294" />
      <trkpt lat="37.74661" lon="-122.10305" />
      <trkpt lat="37.74665" lon="-122.10324" />
      <trkpt lat="37.74674" lon="-122.10346" />
      <trkpt lat="37.74676" lon="-122.10354" />
      <trkpt lat="37.74674" lon="-122.10364" />
      <trkpt lat="37.74671" lon="-122.1037" />
      <trkpt lat="37.74662" lon="-122.10374" />
      <trkpt lat="37.74647" lon="-122.10376" />
      <trkpt lat="37.7463" lon="-122.1037" />
      <trkpt lat="37.74626" lon="-122.10367" />
      <trkpt lat="37.74608" lon="-122.10346" />
      <trkpt lat="37.74589" lon="-122.10331" />
      <trkpt lat="37.74575" lon="-122.10334" />
      <trkpt lat="37.74564" lon="-122.10342" />
      <trkpt lat="37.74556" lon="-122.1036" />
      <trkpt lat="37.74547" lon="-122.10394" />
      <trkpt lat="37.7454" lon="-122.10408" />
      <trkpt lat="37.74537" lon="-122.10419" />
      <trkpt lat="37.74531" lon="-122.10431" />
      <trkpt lat="37.74518" lon="-122.10448" />
      <trkpt lat="37.74513" lon="-122.10458" />
      <trkpt lat="37.74506" lon="-122.10467" />
      <trkpt lat="37.74457" lon="-122.10512" />
      <trkpt lat="37.74438" lon="-122.10525" />
      <trkpt lat="37.7443" lon="-122.10527" />
      <trkpt lat="37.74417" lon="-122.10525" />
      <trkpt lat="37.7441" lon="-122.10516" />
      <trkpt lat="37.74403" lon="-122.10503" />
      <trkpt lat="37.74401" lon="-122.10492" />
      <trkpt lat="37.744" lon="-122.10454" />
      <trkpt lat="37.74395" lon="-122.1043" />
      <trkpt lat="37.74391" lon="-122.10424" />
      <trkpt lat="37.7437" lon="-122.10404" />
      <trkpt lat="37.74359" lon="-122.10376" />
      <trkpt lat="37.74347" lon="-122.10356" />
      <trkpt lat="37.74342" lon="-122.10354" />
      <trkpt lat="37.74324" lon="-122.10356" />
      <trkpt lat="37.74296" lon="-122.10375" />
      <trkpt lat="37.74284" lon="-122.10387" />
      <trkpt lat="37.74276" lon="-122.10392" />
      <trkpt lat="37.74272" lon="-122.10393" />
      <trkpt lat="37.74245" lon="-122.10388" />
      <trkpt lat="37.74235" lon="-122.10374" />
      <trkpt lat="37.74234" lon="-122.10377" />
      <trkpt lat="37.74236" lon="-122.10378" />
      <trkpt lat="37.74237" lon="-122.10377" />
      <trkpt lat="37.74239" lon="-122.1037" />
      <trkpt lat="37.74239" lon="-122.10319" />
      <trkpt lat="37.74237" lon="-122.10307" />
      <trkpt lat="37.7423" lon="-122.10291" />
      <trkpt lat="37.74221" lon="-122.10278" />
      <trkpt lat="37.74208" lon="-122.10265" />
      <trkpt lat="37.74202" lon="-122.10251" />
      <trkpt lat="37.742" lon="-122.10237" />
      <trkpt lat="37.74206" lon="-122.10212" />
      <trkpt lat="37.74207" lon="-122.10201" />
      <trkpt lat="37.74206" lon="-122.10189" />
      <trkpt lat="37.74203" lon="-122.10174" />
      <trkpt lat="37.74194" lon="-122.10164" />
      <trkpt lat="37.74186" lon="-122.1016" />
      <trkpt lat="37.74175" lon="-122.10159" />
      <trkpt lat="37.74149" lon="-122.1016" />
      <trkpt lat="37.7414" lon="-122.10158" />
      <trkpt lat="37.74139" lon="-122.10157" />
      <trkpt lat="37.74135" lon="-122.10144" />
      <trkpt lat="37.74136" lon="-122.10131" />
      <trkpt lat="37.7414" lon="-122.1012" />
      <trkpt lat="37.74153" lon="-122.10084" />
      <trkpt lat="37.74175" lon="-122.10043" />
      <trkpt lat="37.74183" lon="-122.10014" />
      <trkpt lat="37.74184" lon="-122.10006" />
      <trkpt lat="37.74182" lon="-122.09993" />
      <trkpt lat="37.74172" lon="-122.09967" />
      <trkpt lat="37.7417" lon="-122.09941" />
      <trkpt lat="37.74166" lon="-122.09921" />
      <trkpt lat="37.74165" lon="-122.09903" />
      <trkpt lat="37.74167" lon="-122.09893" />
      <trkpt lat="37.74183" lon="-122.0986" />
      <trkpt lat="37.74189" lon="-122.09836" />
      <trkpt lat="37.74188" lon="-122.09774" />
      <trkpt lat="37.7419" lon="-122.09749" />
      <trkpt lat="37.74188" lon="-122.09736" />
      <trkpt lat="37.74184" lon="-122.09724" />
      <trkpt lat="37.74169" lon="-122.09694" />
      <trkpt lat="37.74126" lon="-122.09654" />
      <trkpt lat="37.74117" lon="-122.09643" />
      <trkpt lat="37.74109" lon="-122.09629" />
      <trkpt lat="37.74107" lon="-122.09622" />
      <trkpt lat="37.74104" lon="-122.09584" />
      <trkpt lat="37.741" lon="-122.09564" />
      <trkpt lat="37.74082" lon="-122.09517" />
      <trkpt lat="37.74079" lon="-122.09492" />
      <trkpt lat="37.74082" lon="-122.09481" />
      <trkpt lat="37.74081" lon="-122.09465" />
      <trkpt lat="37.74079" lon="-122.09453" />
      <trkpt lat="37.74073" lon="-122.09441" />
      <trkpt lat="37.74075" lon="-122.09423" />
      <trkpt lat="37.74074" lon="-122.09413" />
      <trkpt lat="37.74071" lon="-122.09406" />
      <trkpt lat="37.74063" lon="-122.09392" />
      <trkpt lat="37.74016" lon="-122.09354" />
      <trkpt lat="37.73991" lon="-122.09323" />
      <trkpt lat="37.73972" lon="-122.09306" />
      <trkpt lat="37.73955" lon="-122.09292" />
      <trkpt lat="37.73919" lon="-122.09251" />
      <trkpt lat="37.73905" lon="-122.09227" />
      <trkpt lat="37.73894" lon="-122.09196" />
      <trkpt lat="37.73878" lon="-122.09114" />
      <trkpt lat="37.73871" lon="-122.09099" />
      <trkpt lat="37.73862" lon="-122.09085" />
      <trkpt lat="37.73838" lon="-122.09057" />
      <trkpt lat="37.7382" lon="-122.09028" />
      <trkpt lat="37.73767" lon="-122.08934" />
      <trkpt lat="37.73718" lon="-122.08836" />
      <trkpt lat="37.73706" lon="-122.08814" />
      <trkpt lat="37.73678" lon="-122.08757" />
      <trkpt lat="37.73666" lon="-122.08734" />
      <trkpt lat="37.7364" lon="-122.08674" />
      <trkpt lat="37.73623" lon="-122.08643" />
      <trkpt lat="37.73612" lon="-122.08615" />
      <trkpt lat="37.73582" lon="-122.08563" />
      <trkpt lat="37.7356" lon="-122.08509" />
      <trkpt lat="37.7355" lon="-122.08481" />
      <trkpt lat="37.73539" lon="-122.0843" />
      <trkpt lat="37.73538" lon="-122.08404" />
      <trkpt lat="37.73539" lon="-122.08388" />
      <trkpt lat="37.73537" lon="-122.08383" />
      <trkpt lat="37.73531" lon="-122.08376" />
      <trkpt lat="37.73521" lon="-122.08373" />
      <trkpt lat="37.73513" lon="-122.08376" />
      <trkpt lat="37.73495" lon="-122.08385" />
      <trkpt lat="37.73488" lon="-122.08394" />
      <trkpt lat="37.73483" lon="-122.08404" />
      <trkpt lat="37.7347" lon="-122.0844" />
      <trkpt lat="37.7346" lon="-122.08444" />
      <trkpt lat="37.73441" lon="-122.08444" />
      <trkpt lat="37.73421" lon="-122.08456" />
      <trkpt lat="37.73415" lon="-122.08463" />
      <trkpt lat="37.73403" lon="-122.08486" />
      <trkpt lat="37.73399" lon="-122.08492" />
      <trkpt lat="37.7339" lon="-122.08497" />
      <trkpt lat="37.73339" lon="-122.08487" />
      <trkpt lat="37.73314" lon="-122.08476" />
      <trkpt lat="37.73293" lon="-122.08464" />
      <trkpt lat="37.73285" lon="-122.08461" />
      <trkpt lat="37.7325" lon="-122.08458" />
      <trkpt lat="37.73223" lon="-122.08463" />
      <trkpt lat="37.7321" lon="-122.0847" />
      <trkpt lat="37.73192" lon="-122.08486" />
      <trkpt lat="37.73178" lon="-122.08494" />
      <trkpt lat="37.7317" lon="-122.08496" />
      <trkpt lat="37.73141" lon="-122.08497" />
      <trkpt lat="37.73118" lon="-122.08495" />
      <trkpt lat="37.73097" lon="-122.08496" />
      <trkpt lat="37.73076" lon="-122.08494" />
      <trkpt lat="37.73067" lon="-122.0849" />
      <trkpt lat="37.73053" lon="-122.0848" />
      <trkpt lat="37.73032" lon="-122.08458" />
      <trkpt lat="37.73019" lon="-122.0845" />
      <trkpt lat="37.72999" lon="-122.08451" />
      <trkpt lat="37.72983" lon="-122.0845" />
      <trkpt lat="37.72961" lon="-122.08436" />
      <trkpt lat="37.72943" lon="-122.08417" />
      <trkpt lat="37.72932" lon="-122.08409" />
      <trkpt lat="37.72921" lon="-122.08403" />
      <trkpt lat="37.72906" lon="-122.08399" />
      <trkpt lat="37.72888" lon="-122.08388" />
      <trkpt lat="37.72868" lon="-122.08362" />
      <trkpt lat="37.72855" lon="-122.08318" />
      <trkpt lat="37.72844" lon="-122.08296" />
      <trkpt lat="37.72839" lon="-122.08288" />
      <trkpt lat="37.72827" lon="-122.08283" />
      <trkpt lat="37.7281" lon="-122.08287" />
      <trkpt lat="37.72793" lon="-122.08304" />
      <trkpt lat="37.72782" lon="-122.08318" />
      <trkpt lat="37.72766" lon="-122.08338" />
      <trkpt lat="37.72747" lon="-122.08352" />
      <trkpt lat="37.72735" lon="-122.08357" />
      <trkpt lat="37.72723" lon="-122.08359" />
      <trkpt lat="37.7271" lon="-122.08358" />
      <trkpt lat="37.72697" lon="-122.08353" />
      <trkpt lat="37.72687" lon="-122.08344" />
      <trkpt lat="37.72677" lon="-122.08327" />
      <trkpt lat="37.72668" lon="-122.0829" />
      <trkpt lat="37.72668" lon="-122.08278" />
      <trkpt lat="37.72673" lon="-122.08251" />
      <trkpt lat="37.72684" lon="-122.08223" />
      <trkpt lat="37.72693" lon="-122.08208" />
      <trkpt lat="37.72706" lon="-122.08189" />
      <trkpt lat="37.72722" lon="-122.08171" />
      <trkpt lat="37.72727" lon="-122.08158" />
      <trkpt lat="37.72722" lon="-122.08149" />
      <trkpt lat="37.72714" lon="-122.08145" />
      <trkpt lat="37.7269" lon="-122.0814" />
      <trkpt lat="37.72648" lon="-122.08125" />
      <trkpt lat="37.72619" lon="-122.08114" />
      <trkpt lat="37.72597" lon="-122.08102" />
      <trkpt lat="37.72584" lon="-122.08093" />
      <trkpt lat="37.72576" lon="-122.08084" />
      <trkpt lat="37.72509" lon="-122.08024" />
      <trkpt lat="37.72504" lon="-122.08018" />
      <trkpt lat="37.72467" lon="-122.07999" />
      <trkpt lat="37.72458" lon="-122.0799" />
      <trkpt lat="37.72452" lon="-122.07983" />
      <trkpt lat="37.7243" lon="-122.07967" />
      <trkpt lat="37.72375" lon="-122.07917" />
      <trkpt lat="37.72362" lon="-122.07902" />
      <trkpt lat="37.72325" lon="-122.07872" />
      <trkpt lat="37.723" lon="-122.07841" />
      <trkpt lat="37.72247" lon="-122.07778" />
      <trkpt lat="37.7222" lon="-122.07737" />
      <trkpt lat="37.72199" lon="-122.07711" />
      <trkpt lat="37.72188" lon="-122.07691" />
      <trkpt lat="37.72179" lon="-122.07682" />
      <trkpt lat="37.72162" lon="-122.07673" />
      <trkpt lat="37.72136" lon="-122.07651" />
    </trkseg>
  </trk>
</gpx>