<?xml version="1.0" encoding="UTF-8"?>
<gpx version="1.1" creator="strava-segment-scraper" xmlns="http://www.topografix.com/GPX/1/1">
  <trk>
    <name>Lake Tahoe Circuit from Tahoe City</name>
    <trkseg>
      <trkpt lat="39.17381" lon="-120.13806" />
      <trkpt lat="39.17394" lon="-120.13794" />
      <trkpt lat="39.17439" lon="-120.13741" />
      <trkpt lat="39.1748" lon="-120.13685" />
      <trkpt lat="39.17507" lon="-120.13654" />
      <trkpt lat="39.17571" lon="-120.1357" />
      <trkpt lat="39.17607" lon="-120.1352" />
      <trkpt lat="39.17648" lon="-120.13453" />
      <trkpt lat="39.1769" lon="-120.13369" />
      <trkpt lat="39.1779" lon="-120.13182" />
      <trkpt lat="39.17814" lon="-120.13147" />
      <trkpt lat="39.1784" lon="-120.13115" />
      <trkpt lat="39.17868" lon="-120.13087" />
      <trkpt lat="39.17908" lon="-120.13057" />
      <trkpt lat="39.1794" lon="-120.13036" />
      <trkpt lat="39.18054" lon="-120.12971" />
      <trkpt lat="39.18097" lon="-120.12941" />
      <trkpt lat="39.18121" lon="-120.1292" />
      <trkpt lat="39.18143" lon="-120.12897" />
      <trkpt lat="39.18184" lon="-120.12845" />
      <trkpt lat="39.1821" lon="-120.12806" />
      <trkpt lat="39.18236" lon="-120.12751" />
      <trkpt lat="39.18268" lon="-120.12654" />
      <trkpt lat="39.18307" lon="-120.12568" />
      <trkpt lat="39.18348" lon="-120.1245" />
      <trkpt lat="39.18362" lon="-120.12417" />
      <trkpt lat="39.18383" lon="-120.12377" />
      <trkpt lat="39.18426" lon="-120.12305" />
      <trkpt lat="39.18439" lon="-120.12278" />
      <trkpt lat="39.18487" lon="-120.12195" />
      <trkpt lat="39.18508" lon="-120.12161" />
      <trkpt lat="39.18531" lon="-120.12133" />
      <trkpt lat="39.18625" lon="-120.1204" />
      <trkpt lat="39.18701" lon="-120.11957" />
      <trkpt lat="39.18746" lon="-120.11896" />
      <trkpt lat="39.18773" lon="-120.1185" />
      <trkpt lat="39.18793" lon="-120.11812" />
      <trkpt lat="39.18803" lon="-120.11788" />
      <trkpt lat="39.18842" lon="-120.11705" />
      <trkpt lat="39.18863" lon="-120.11651" />
      <trkpt lat="39.18875" lon="-120.11629" />
      <trkpt lat="39.18891" lon="-120.11584" />
      <trkpt lat="39.18948" lon="-120.11451" />
      <trkpt lat="39.18966" lon="-120.1139" />
      <trkpt lat="39.18983" lon="-120.11328" />
      <trkpt lat="39.18986" lon="-120.11311" />
      <trkpt lat="39.18997" lon="-120.112" />
      <trkpt lat="39.19004" lon="-120.11074" />
      <trkpt lat="39.19004" lon="-120.11014" />
      <trkpt lat="39.19007" lon="-120.10957" />
      <trkpt lat="39.19018" lon="-120.1089" />
      <trkpt lat="39.19019" lon="-120.10859" />
      <trkpt lat="39.19024" lon="-120.10832" />
      <trkpt lat="39.19036" lon="-120.10775" />
      <trkpt lat="39.19054" lon="-120.10722" />
      <trkpt lat="39.19078" lon="-120.10668" />
      <trkpt lat="39.19098" lon="-120.1063" />
      <trkpt lat="39.19144" lon="-120.10567" />
      <trkpt lat="39.19161" lon="-120.10547" />
      <trkpt lat="39.19202" lon="-120.10507" />
      <trkpt lat="39.19302" lon="-120.10423" />
      <trkpt lat="39.19333" lon="-120.10388" />
      <trkpt lat="39.19351" lon="-120.10362" />
      <trkpt lat="39.1938" lon="-120.10316" />
      <trkpt lat="39.19398" lon="-120.1028" />
      <trkpt lat="39.19409" lon="-120.10253" />
      <trkpt lat="39.19421" lon="-120.10207" />
      <trkpt lat="39.19438" lon="-120.10155" />
      <trkpt lat="39.19454" lon="-120.10095" />
      <trkpt lat="39.19479" lon="-120.10034" />
      <trkpt lat="39.19487" lon="-120.1002" />
      <trkpt lat="39.19505" lon="-120.09993" />
      <trkpt lat="39.19529" lon="-120.0997" />
      <trkpt lat="39.19554" lon="-120.09951" />
      <trkpt lat="39.19567" lon="-120.09943" />
      <trkpt lat="39.19596" lon="-120.09932" />
      <trkpt lat="39.19625" lon="-120.09926" />
      <trkpt lat="39.19641" lon="-120.09926" />
      <trkpt lat="39.19734" lon="-120.09928" />
      <trkpt lat="39.1975" lon="-120.09924" />
      <trkpt lat="39.19766" lon="-120.09917" />
      <trkpt lat="39.1978" lon="-120.09907" />
      <trkpt lat="39.19795" lon="-120.09894" />
      <trkpt lat="39.19806" lon="-120.09879" />
      <trkpt lat="39.19814" lon="-120.09861" />
      <trkpt lat="39.19821" lon="-120.09842" />
      <trkpt lat="39.19826" lon="-120.09822" />
      <trkpt lat="39.19828" lon="-120.09779" />
      <trkpt lat="39.19832" lon="-120.09758" />
      <trkpt lat="39.19836" lon="-120.09736" />
      <trkpt lat="39.19843" lon="-120.09715" />
      <trkpt lat="39.19853" lon="-120.09694" />
      <trkpt lat="39.19866" lon="-120.09674" />
      <trkpt lat="39.1989" lon="-120.09651" />
      <trkpt lat="39.19905" lon="-120.09643" />
      <trkpt lat="39.1992" lon="-120.09637" />
      <trkpt lat="39.19938" lon="-120.09633" />
      <trkpt lat="39.19955" lon="-120.09631" />
      <trkpt lat="39.20005" lon="-120.09632" />
      <trkpt lat="39.2017" lon="-120.09628" />
      <trkpt lat="39.20193" lon="-120.09627" />
      <trkpt lat="39.20224" lon="-120.09621" />
      <trkpt lat="39.20251" lon="-120.09614" />
      <trkpt lat="39.20294" lon="-120.09598" />
      <trkpt lat="39.2035" lon="-120.0958" />
      <trkpt lat="39.20373" lon="-120.09567" />
      <trkpt lat="39.20401" lon="-120.09547" />
      <trkpt lat="39.20416" lon="-120.09538" />
      <trkpt lat="39.20433" lon="-120.09532" />
      <trkpt lat="39.20452" lon="-120.09528" />
      <trkpt lat="39.20515" lon="-120.0952" />
      <trkpt lat="39.20564" lon="-120.0951" />
      <trkpt lat="39.206" lon="-120.09497" />
      <trkpt lat="39.20623" lon="-120.09486" />
      <trkpt lat="39.20645" lon="-120.09475" />
      <trkpt lat="39.20667" lon="-120.09461" />
      <trkpt lat="39.20685" lon="-120.09444" />
      <trkpt lat="39.20702" lon="-120.09425" />
      <trkpt lat="39.20742" lon="-120.09365" />
      <trkpt lat="39.20798" lon="-120.09293" />
      <trkpt lat="39.20833" lon="-120.09241" />
      <trkpt lat="39.20853" lon="-120.09189" />
      <trkpt lat="39.20856" lon="-120.09165" />
      <trkpt lat="39.20857" lon="-120.09129" />
      <trkpt lat="39.20862" lon="-120.09093" />
      <trkpt lat="39.20867" lon="-120.09066" />
      <trkpt lat="39.20877" lon="-120.0904" />
      <trkpt lat="39.2089" lon="-120.09016" />
      <trkpt lat="39.20908" lon="-120.08992" />
      <trkpt lat="39.20924" lon="-120.08977" />
      <trkpt lat="39.20945" lon="-120.08966" />
      <trkpt lat="39.20986" lon="-120.08958" />
      <trkpt lat="39.21055" lon="-120.08952" />
      <trkpt lat="39.21089" lon="-120.08945" />
      <trkpt lat="39.21104" lon="-120.0894" />
      <trkpt lat="39.21135" lon="-120.08925" />
      <trkpt lat="39.21212" lon="-120.08877" />
      <trkpt lat="39.21231" lon="-120.08869" />
      <trkpt lat="39.21264" lon="-120.08859" />
      <trkpt lat="39.21361" lon="-120.08839" />
      <trkpt lat="39.21418" lon="-120.08832" />
      <trkpt lat="39.21462" lon="-120.0883" />
      <trkpt lat="39.2148" lon="-120.08827" />
      <trkpt lat="39.21647" lon="-120.08782" />
      <trkpt lat="39.21729" lon="-120.08763" />
      <trkpt lat="39.21786" lon="-120.08743" />
      <trkpt lat="39.2181" lon="-120.08732" />
      <trkpt lat="39.21846" lon="-120.08711" />
      <trkpt lat="39.21869" lon="-120.087" />
      <trkpt lat="39.21892" lon="-120.08691" />
      <trkpt lat="39.21903" lon="-120.08689" />
      <trkpt lat="39.21926" lon="-120.08686" />
      <trkpt lat="39.21956" lon="-120.08684" />
      <trkpt lat="39.22066" lon="-120.08688" />
      <trkpt lat="39.22145" lon="-120.08687" />
      <trkpt lat="39.22221" lon="-120.08684" />
      <trkpt lat="39.22346" lon="-120.08682" />
      <trkpt lat="39.22364" lon="-120.08678" />
      <trkpt lat="39.22374" lon="-120.08674" />
      <trkpt lat="39.22383" lon="-120.08669" />
      <trkpt lat="39.22401" lon="-120.08655" />
      <trkpt lat="39.22417" lon="-120.08638" />
      <trkpt lat="39.22431" lon="-120.08618" />
      <trkpt lat="39.22627" lon="-120.08263" />
      <trkpt lat="39.22638" lon="-120.0824" />
      <trkpt lat="39.22652" lon="-120.08205" />
      <trkpt lat="39.22661" lon="-120.08181" />
      <trkpt lat="39.22669" lon="-120.08143" />
      <trkpt lat="39.22677" lon="-120.0808" />
      <trkpt lat="39.22679" lon="-120.07995" />
      <trkpt lat="39.22678" lon="-120.07923" />
      <trkpt lat="39.22679" lon="-120.07863" />
      <trkpt lat="39.22677" lon="-120.07769" />
      <trkpt lat="39.22671" lon="-120.07712" />
      <trkpt lat="39.22664" lon="-120.07676" />
      <trkpt lat="39.22657" lon="-120.07647" />
      <trkpt lat="39.22637" lon="-120.07587" />
      <trkpt lat="39.22626" lon="-120.07547" />
      <trkpt lat="39.2262" lon="-120.07504" />
      <trkpt lat="39.22618" lon="-120.07461" />
      <trkpt lat="39.22622" lon="-120.07419" />
      <trkpt lat="39.22631" lon="-120.07388" />
      <trkpt lat="39.22642" lon="-120.07368" />
      <trkpt lat="39.22665" lon="-120.07335" />
      <trkpt lat="39.22712" lon="-120.0729" />
      <trkpt lat="39.22725" lon="-120.07273" />
      <trkpt lat="39.22754" lon="-120.07227" />
      <trkpt lat="39.22801" lon="-120.07139" />
      <trkpt lat="39.22812" lon="-120.07122" />
      <trkpt lat="39.22826" lon="-120.07107" />
      <trkpt lat="39.22839" lon="-120.07093" />
      <trkpt lat="39.22868" lon="-120.07071" />
      <trkpt lat="39.22937" lon="-120.07033" />
      <trkpt lat="39.22986" lon="-120.0701" />
      <trkpt lat="39.23028" lon="-120.06996" />
      <trkpt lat="39.23052" lon="-120.06993" />
      <trkpt lat="39.23088" lon="-120.06993" />
      <trkpt lat="39.23152" lon="-120.07007" />
      <trkpt lat="39.23231" lon="-120.07019" />
      <trkpt lat="39.23266" lon="-120.07027" />
      <trkpt lat="39.23423" lon="-120.07042" />
      <trkpt lat="39.23473" lon="-120.07043" />
      <trkpt lat="39.23494" lon="-120.07042" />
      <trkpt lat="39.23516" lon="-120.07037" />
      <trkpt lat="39.23536" lon="-120.0703" />
      <trkpt lat="39.23568" lon="-120.07015" />
      <trkpt lat="39.23578" lon="-120.07008" />
      <trkpt lat="39.23596" lon="-120.06993" />
      <trkpt lat="39.23604" lon="-120.06985" />
      <trkpt lat="39.23618" lon="-120.06966" />
      <trkpt lat="39.23636" lon="-120.06935" />
      <trkpt lat="39.23655" lon="-120.06889" />
      <trkpt lat="39.23661" lon="-120.06865" />
      <trkpt lat="39.23663" lon="-120.06826" />
      <trkpt lat="39.23663" lon="-120.06763" />
      <trkpt lat="39.23669" lon="-120.06703" />
      <trkpt lat="39.23667" lon="-120.06626" />
      <trkpt lat="39.23674" lon="-120.06496" />
      <trkpt lat="39.23682" lon="-120.06431" />
      <trkpt lat="39.2369" lon="-120.06389" />
      <trkpt lat="39.23711" lon="-120.06314" />
      <trkpt lat="39.23726" lon="-120.06272" />
      <trkpt lat="39.23739" lon="-120.06241" />
      <trkpt lat="39.23763" lon="-120.06191" />
      <trkpt lat="39.23814" lon="-120.06106" />
      <trkpt lat="39.23864" lon="-120.06035" />
      <trkpt lat="39.24036" lon="-120.05821" />
      <trkpt lat="39.24056" lon="-120.05789" />
      <trkpt lat="39.24071" lon="-120.05752" />
      <trkpt lat="39.24074" lon="-120.05739" />
      <trkpt lat="39.24076" lon="-120.05713" />
      <trkpt lat="39.24075" lon="-120.05662" />
      <trkpt lat="39.24049" lon="-120.05469" />
      <trkpt lat="39.24042" lon="-120.05427" />
      <trkpt lat="39.24031" lon="-120.05331" />
      <trkpt lat="39.2402" lon="-120.0527" />
      <trkpt lat="39.24005" lon="-120.05166" />
      <trkpt lat="39.23992" lon="-120.05086" />
      <trkpt lat="39.23972" lon="-120.04926" />
      <trkpt lat="39.23962" lon="-120.04873" />
      <trkpt lat="39.23951" lon="-120.0477" />
      <trkpt lat="39.23949" lon="-120.04677" />
      <trkpt lat="39.23945" lon="-120.04648" />
      <trkpt lat="39.23936" lon="-120.04622" />
      <trkpt lat="39.23928" lon="-120.04606" />
      <trkpt lat="39.23917" lon="-120.04593" />
      <trkpt lat="39.2389" lon="-120.04569" />
      <trkpt lat="39.23853" lon="-120.04542" />
      <trkpt lat="39.23841" lon="-120.04528" />
      <trkpt lat="39.23831" lon="-120.04514" />
      <trkpt lat="39.23813" lon="-120.0447" />
      <trkpt lat="39.23807" lon="-120.04443" />
      <trkpt lat="39.23807" lon="-120.04408" />
      <trkpt lat="39.2381" lon="-120.04391" />
      <trkpt lat="39.23853" lon="-120.04232" />
      <trkpt lat="39.23927" lon="-120.0398" />
      <trkpt lat="39.23938" lon="-120.03964" />
      <trkpt lat="39.23943" lon="-120.03951" />
      <trkpt lat="39.23954" lon="-120.03928" />
      <trkpt lat="39.23954" lon="-120.03911" />
      <trkpt lat="39.23958" lon="-120.03891" />
      <trkpt lat="39.23965" lon="-120.03829" />
      <trkpt lat="39.23965" lon="-120.03796" />
      <trkpt lat="39.2396" lon="-120.03756" />
      <trkpt lat="39.2395" lon="-120.03728" />
      <trkpt lat="39.23937" lon="-120.03704" />
      <trkpt lat="39.23889" lon="-120.03641" />
      <trkpt lat="39.23878" lon="-120.03622" />
      <trkpt lat="39.23856" lon="-120.03582" />
      <trkpt lat="39.23843" lon="-120.03551" />
      <trkpt lat="39.23837" lon="-120.03529" />
      <trkpt lat="39.23823" lon="-120.03429" />
      <trkpt lat="39.23821" lon="-120.03397" />
      <trkpt lat="39.23813" lon="-120.03343" />
      <trkpt lat="39.23804" lon="-120.03237" />
      <trkpt lat="39.23789" lon="-120.03106" />
      <trkpt lat="39.23772" lon="-120.02988" />
      <trkpt lat="39.23758" lon="-120.02904" />
      <trkpt lat="39.23754" lon="-120.02841" />
      <trkpt lat="39.23755" lon="-120.02733" />
      <trkpt lat="39.23747" lon="-120.02668" />
      <trkpt lat="39.23733" lon="-120.02604" />
      <trkpt lat="39.23721" lon="-120.02563" />
      <trkpt lat="39.23706" lon="-120.02523" />
      <trkpt lat="39.23649" lon="-120.02411" />
      <trkpt lat="39.23634" lon="-120.02374" />
      <trkpt lat="39.2362" lon="-120.02333" />
      <trkpt lat="39.23552" lon="-120.02097" />
      <trkpt lat="39.23531" lon="-120.02034" />
      <trkpt lat="39.23513" lon="-120.01968" />
      <trkpt lat="39.23483" lon="-120.01883" />
      <trkpt lat="39.2347" lon="-120.01853" />
      <trkpt lat="39.23442" lon="-120.01777" />
      <trkpt lat="39.23418" lon="-120.01719" />
      <trkpt lat="39.234" lon="-120.01684" />
      <trkpt lat="39.23378" lon="-120.0165" />
      <trkpt lat="39.23363" lon="-120.01629" />
      <trkpt lat="39.23339" lon="-120.01603" />
      <trkpt lat="39.23293" lon="-120.01561" />
      <trkpt lat="39.23282" lon="-120.01553" />
      <trkpt lat="39.2325" lon="-120.01541" />
      <trkpt lat="39.23225" lon="-120.01527" />
      <trkpt lat="39.23197" lon="-120.01511" />
      <trkpt lat="39.23181" lon="-120.01497" />
      <trkpt lat="39.22974" lon="-120.01382" />
      <trkpt lat="39.22935" lon="-120.01352" />
      <trkpt lat="39.22906" lon="-120.01325" />
      <trkpt lat="39.22885" lon="-120.01294" />
      <trkpt lat="39.22857" lon="-120.01263" />
      <trkpt lat="39.22829" lon="-120.01215" />
      <trkpt lat="39.22801" lon="-120.01153" />
      <trkpt lat="39.22779" lon="-120.01097" />
      <trkpt lat="39.2276" lon="-120.01038" />
      <trkpt lat="39.22716" lon="-120.00895" />
      <trkpt lat="39.22693" lon="-120.00793" />
      <trkpt lat="39.2269" lon="-120.00772" />
      <trkpt lat="39.22689" lon="-120.0075" />
      <trkpt lat="39.22694" lon="-120.00695" />
      <trkpt lat="39.22702" lon="-120.00643" />
      <trkpt lat="39.2271" lon="-120.00616" />
      <trkpt lat="39.22745" lon="-120.0054" />
      <trkpt lat="39.22779" lon="-120.00476" />
      <trkpt lat="39.22796" lon="-120.00437" />
      <trkpt lat="39.22811" lon="-120.00415" />
      <trkpt lat="39.22825" lon="-120.00396" />
      <trkpt lat="39.22831" lon="-120.00391" />
      <trkpt lat="39.22874" lon="-120.00363" />
      <trkpt lat="39.22892" lon="-120.00355" />
      <trkpt lat="39.22917" lon="-120.00351" />
      <trkpt lat="39.22944" lon="-120.0035" />
      <trkpt lat="39.22984" lon="-120.00352" />
      <trkpt lat="39.23055" lon="-120.00351" />
      <trkpt lat="39.23143" lon="-120.00345" />
      <trkpt lat="39.23183" lon="-120.00337" />
      <trkpt lat="39.23212" lon="-120.00329" />
      <trkpt lat="39.23382" lon="-120.00271" />
      <trkpt lat="39.23413" lon="-120.00262" />
      <trkpt lat="39.23537" lon="-120.00218" />
      <trkpt lat="39.23624" lon="-120.00189" />
      <trkpt lat="39.23657" lon="-120.00181" />
      <trkpt lat="39.23748" lon="-120.00151" />
      <trkpt lat="39.23767" lon="-120.00147" />
      <trkpt lat="39.23787" lon="-120.00146" />
      <trkpt lat="39.23835" lon="-120.00148" />
      <trkpt lat="39.23849" lon="-120.00147" />
      <trkpt lat="39.23873" lon="-120.00141" />
      <trkpt lat="39.23886" lon="-120.00135" />
      <trkpt lat="39.23922" lon="-120.00114" />
      <trkpt lat="39.23933" lon="-120.00104" />
      <trkpt lat="39.23957" lon="-120.00088" />
      <trkpt lat="39.23982" lon="-120.00077" />
      <trkpt lat="39.24008" lon="-120.0007" />
      <trkpt lat="39.2418" lon="-120.00045" />
      <trkpt lat="39.24209" lon="-120.00036" />
      <trkpt lat="39.24237" lon="-120.00021" />
      <trkpt lat="39.24262" lon="-119.99998" />
      <trkpt lat="39.24308" lon="-119.99944" />
      <trkpt lat="39.24344" lon="-119.99904" />
      <trkpt lat="39.2437" lon="-119.99882" />
      <trkpt lat="39.24398" lon="-119.99863" />
      <trkpt lat="39.24412" lon="-119.99855" />
      <trkpt lat="39.24442" lon="-119.99843" />
      <trkpt lat="39.24519" lon="-119.9982" />
      <trkpt lat="39.24533" lon="-119.99813" />
      <trkpt lat="39.24548" lon="-119.99803" />
      <trkpt lat="39.24575" lon="-119.99781" />
      <trkpt lat="39.24636" lon="-119.99715" />
      <trkpt lat="39.24674" lon="-119.9968" />
      <trkpt lat="39.247" lon="-119.99662" />
      <trkpt lat="39.24767" lon="-119.99624" />
      <trkpt lat="39.2479" lon="-119.99603" />
      <trkpt lat="39.24799" lon="-119.99591" />
      <trkpt lat="39.24815" lon="-119.99563" />
      <trkpt lat="39.249" lon="-119.99398" />
      <trkpt lat="39.24935" lon="-119.99326" />
      <trkpt lat="39.24951" lon="-119.99283" />
      <trkpt lat="39.24962" lon="-119.99225" />
      <trkpt lat="39.24965" lon="-119.99189" />
      <trkpt lat="39.24967" lon="-119.99154" />
      <trkpt lat="39.2493" lon="-119.98838" />
      <trkpt lat="39.24926" lon="-119.98738" />
      <trkpt lat="39.24925" lon="-119.9866" />
      <trkpt lat="39.24932" lon="-119.98521" />
      <trkpt lat="39.24942" lon="-119.98387" />
      <trkpt lat="39.24962" lon="-119.98307" />
      <trkpt lat="39.24974" lon="-119.98273" />
      <trkpt lat="39.24977" lon="-119.98248" />
      <trkpt lat="39.24973" lon="-119.98232" />
      <trkpt lat="39.24964" lon="-119.98213" />
      <trkpt lat="39.24959" lon="-119.98191" />
      <trkpt lat="39.24958" lon="-119.98178" />
      <trkpt lat="39.24973" lon="-119.97963" />
      <trkpt lat="39.24973" lon="-119.97896" />
      <trkpt lat="39.24968" lon="-119.97704" />
      <trkpt lat="39.24952" lon="-119.97607" />
      <trkpt lat="39.24946" lon="-119.97561" />
      <trkpt lat="39.24934" lon="-119.97495" />
      <trkpt lat="39.24916" lon="-119.97428" />
      <trkpt lat="39.2486" lon="-119.97263" />
      <trkpt lat="39.24765" lon="-119.97045" />
      <trkpt lat="39.24757" lon="-119.97025" />
      <trkpt lat="39.24714" lon="-119.9694" />
      <trkpt lat="39.24693" lon="-119.96886" />
      <trkpt lat="39.24671" lon="-119.96842" />
      <trkpt lat="39.24644" lon="-119.96769" />
      <trkpt lat="39.24611" lon="-119.96711" />
      <trkpt lat="39.24578" lon="-119.96636" />
      <trkpt lat="39.24528" lon="-119.96487" />
      <trkpt lat="39.2451" lon="-119.96402" />
      <trkpt lat="39.24469" lon="-119.96267" />
      <trkpt lat="39.24463" lon="-119.96242" />
      <trkpt lat="39.24452" lon="-119.96213" />
      <trkpt lat="39.24438" lon="-119.96138" />
      <trkpt lat="39.24418" lon="-119.96081" />
      <trkpt lat="39.24412" lon="-119.9606" />
      <trkpt lat="39.24355" lon="-119.95831" />
      <trkpt lat="39.24329" lon="-119.95754" />
      <trkpt lat="39.24323" lon="-119.9572" />
      <trkpt lat="39.24288" lon="-119.956" />
      <trkpt lat="39.24271" lon="-119.9553" />
      <trkpt lat="39.24208" lon="-119.95321" />
      <trkpt lat="39.24177" lon="-119.95205" />
      <trkpt lat="39.24158" lon="-119.95149" />
      <trkpt lat="39.24145" lon="-119.95102" />
      <trkpt lat="39.24125" lon="-119.95046" />
      <trkpt lat="39.2412" lon="-119.95023" />
      <trkpt lat="39.24078" lon="-119.94873" />
      <trkpt lat="39.24064" lon="-119.94818" />
      <trkpt lat="39.24032" lon="-119.94722" />
      <trkpt lat="39.23999" lon="-119.9459" />
      <trkpt lat="39.2396" lon="-119.94451" />
      <trkpt lat="39.23936" lon="-119.94378" />
      <trkpt lat="39.23898" lon="-119.94226" />
      <trkpt lat="39.23874" lon="-119.94155" />
      <trkpt lat="39.2387" lon="-119.94138" />
      <trkpt lat="39.23866" lon="-119.94102" />
      <trkpt lat="39.23856" lon="-119.94066" />
      <trkpt lat="39.23847" lon="-119.94021" />
      <trkpt lat="39.23834" lon="-119.93988" />
      <trkpt lat="39.23821" lon="-119.93934" />
      <trkpt lat="39.23789" lon="-119.93833" />
      <trkpt lat="39.23779" lon="-119.93789" />
      <trkpt lat="39.23768" lon="-119.93755" />
      <trkpt lat="39.2375" lon="-119.93685" />
      <trkpt lat="39.23743" lon="-119.93668" />
      <trkpt lat="39.23725" lon="-119.93637" />
      <trkpt lat="39.23715" lon="-119.9361" />
      <trkpt lat="39.237" lon="-119.93587" />
      <trkpt lat="39.23686" lon="-119.93559" />
      <trkpt lat="39.23685" lon="-119.93538" />
      <trkpt lat="39.23681" lon="-119.93528" />
      <trkpt lat="39.23669" lon="-119.93512" />
      <trkpt lat="39.23633" lon="-119.93476" />
      <trkpt lat="39.23617" lon="-119.93464" />
      <trkpt lat="39.23554" lon="-119.93421" />
      <trkpt lat="39.23512" lon="-119.93397" />
      <trkpt lat="39.23475" lon="-119.93373" />
      <trkpt lat="39.23448" lon="-119.93364" />
      <trkpt lat="39.23417" lon="-119.93348" />
      <trkpt lat="39.23371" lon="-119.9333" />
      <trkpt lat="39.23351" lon="-119.93319" />
      <trkpt lat="39.23317" lon="-119.93304" />
      <trkpt lat="39.23279" lon="-119.93293" />
      <trkpt lat="39.23239" lon="-119.93277" />
      <trkpt lat="39.2323" lon="-119.93271" />
      <trkpt lat="39.23224" lon="-119.93263" />
      <trkpt lat="39.23217" lon="-119.93253" />
      <trkpt lat="39.23206" lon="-119.93229" />
      <trkpt lat="39.23201" lon="-119.93224" />
      <trkpt lat="39.23164" lon="-119.93226" />
      <trkpt lat="39.23124" lon="-119.93223" />
      <trkpt lat="39.23093" lon="-119.93216" />
      <trkpt lat="39.23044" lon="-119.93201" />
      <trkpt lat="39.23005" lon="-119.93191" />
      <trkpt lat="39.22984" lon="-119.9319" />
      <trkpt lat="39.22974" lon="-119.93191" />
      <trkpt lat="39.22913" lon="-119.93206" />
      <trkpt lat="39.22894" lon="-119.93207" />
      <trkpt lat="39.22863" lon="-119.93206" />
      <trkpt lat="39.22846" lon="-119.93208" />
      <trkpt lat="39.22827" lon="-119.93212" />
      <trkpt lat="39.22809" lon="-119.93219" />
      <trkpt lat="39.22776" lon="-119.93241" />
      <trkpt lat="39.22737" lon="-119.93263" />
      <trkpt lat="39.22697" lon="-119.93277" />
      <trkpt lat="39.22649" lon="-119.93285" />
      <trkpt lat="39.22619" lon="-119.93284" />
      <trkpt lat="39.22527" lon="-119.93263" />
      <trkpt lat="39.22484" lon="-119.93255" />
      <trkpt lat="39.22467" lon="-119.93249" />
      <trkpt lat="39.22451" lon="-119.93241" />
      <trkpt lat="39.22435" lon="-119.93229" />
      <trkpt lat="39.22414" lon="-119.93208" />
      <trkpt lat="39.22353" lon="-119.93129" />
      <trkpt lat="39.2232" lon="-119.9308" />
      <trkpt lat="39.22272" lon="-119.93021" />
      <trkpt lat="39.22227" lon="-119.92953" />
      <trkpt lat="39.22196" lon="-119.92897" />
      <trkpt lat="39.22179" lon="-119.92859" />
      <trkpt lat="39.22169" lon="-119.92841" />
      <trkpt lat="39.22139" lon="-119.92799" />
      <trkpt lat="39.22119" lon="-119.92777" />
      <trkpt lat="39.22095" lon="-119.92761" />
      <trkpt lat="39.22079" lon="-119.92753" />
      <trkpt lat="39.22062" lon="-119.92748" />
      <trkpt lat="39.22044" lon="-119.92745" />
      <trkpt lat="39.2196" lon="-119.92736" />
      <trkpt lat="39.21845" lon="-119.92718" />
      <trkpt lat="39.2181" lon="-119.92717" />
      <trkpt lat="39.21775" lon="-119.9272" />
      <trkpt lat="39.2174" lon="-119.92727" />
      <trkpt lat="39.21723" lon="-119.92733" />
      <trkpt lat="39.21697" lon="-119.92745" />
      <trkpt lat="39.21636" lon="-119.92793" />
      <trkpt lat="39.21546" lon="-119.92875" />
      <trkpt lat="39.21539" lon="-119.92881" />
      <trkpt lat="39.21518" lon="-119.92889" />
      <trkpt lat="39.21503" lon="-119.92889" />
      <trkpt lat="39.21488" lon="-119.92886" />
      <trkpt lat="39.2148" lon="-119.92883" />
      <trkpt lat="39.21458" lon="-119.9287" />
      <trkpt lat="39.21427" lon="-119.92849" />
      <trkpt lat="39.2141" lon="-119.9284" />
      <trkpt lat="39.21393" lon="-119.92835" />
      <trkpt lat="39.21367" lon="-119.92835" />
      <trkpt lat="39.21287" lon="-119.92841" />
      <trkpt lat="39.21168" lon="-119.92831" />
      <trkpt lat="39.21141" lon="-119.92832" />
      <trkpt lat="39.21105" lon="-119.92841" />
      <trkpt lat="39.21071" lon="-119.92858" />
      <trkpt lat="39.21047" lon="-119.92877" />
      <trkpt lat="39.20998" lon="-119.92923" />
      <trkpt lat="39.20976" lon="-119.92938" />
      <trkpt lat="39.2096" lon="-119.92945" />
      <trkpt lat="39.20947" lon="-119.9295" />
      <trkpt lat="39.20932" lon="-119.92953" />
      <trkpt lat="39.20917" lon="-119.92953" />
      <trkpt lat="39.20887" lon="-119.92949" />
      <trkpt lat="39.2085" lon="-119.92937" />
      <trkpt lat="39.20813" lon="-119.92922" />
      <trkpt lat="39.20799" lon="-119.92919" />
      <trkpt lat="39.20704" lon="-119.92913" />
      <trkpt lat="39.2069" lon="-119.92913" />
      <trkpt lat="39.20676" lon="-119.92915" />
      <trkpt lat="39.20662" lon="-119.92919" />
      <trkpt lat="39.20649" lon="-119.92926" />
      <trkpt lat="39.20637" lon="-119.92934" />
      <trkpt lat="39.20625" lon="-119.92944" />
      <trkpt lat="39.20592" lon="-119.92979" />
      <trkpt lat="39.20561" lon="-119.93009" />
      <trkpt lat="39.2053" lon="-119.93028" />
      <trkpt lat="39.20503" lon="-119.93037" />
      <trkpt lat="39.20483" lon="-119.9304" />
      <trkpt lat="39.20335" lon="-119.93046" />
      <trkpt lat="39.20301" lon="-119.93038" />
      <trkpt lat="39.20279" lon="-119.93029" />
      <trkpt lat="39.20194" lon="-119.92977" />
      <trkpt lat="39.20022" lon="-119.92879" />
      <trkpt lat="39.19987" lon="-119.92861" />
      <trkpt lat="39.19916" lon="-119.9283" />
      <trkpt lat="39.19845" lon="-119.92808" />
      <trkpt lat="39.19773" lon="-119.92782" />
      <trkpt lat="39.19742" lon="-119.92773" />
      <trkpt lat="39.19694" lon="-119.92757" />
      <trkpt lat="39.19643" lon="-119.92743" />
      <trkpt lat="39.19562" lon="-119.92724" />
      <trkpt lat="39.19478" lon="-119.92699" />
      <trkpt lat="39.19401" lon="-119.92679" />
      <trkpt lat="39.19371" lon="-119.92676" />
      <trkpt lat="39.19349" lon="-119.92677" />
      <trkpt lat="39.19309" lon="-119.92681" />
      <trkpt lat="39.19111" lon="-119.92708" />
      <trkpt lat="39.19064" lon="-119.92713" />
      <trkpt lat="39.19032" lon="-119.92712" />
      <trkpt lat="39.18984" lon="-119.92699" />
      <trkpt lat="39.18959" lon="-119.92694" />
      <trkpt lat="39.18942" lon="-119.92693" />
      <trkpt lat="39.18925" lon="-119.92694" />
      <trkpt lat="39.18907" lon="-119.92698" />
      <trkpt lat="39.18825" lon="-119.92729" />
      <trkpt lat="39.18809" lon="-119.92733" />
      <trkpt lat="39.18779" lon="-119.92737" />
      <trkpt lat="39.18751" lon="-119.92735" />
      <trkpt lat="39.1871" lon="-119.92722" />
      <trkpt lat="39.18688" lon="-119.92719" />
      <trkpt lat="39.18666" lon="-119.92719" />
      <trkpt lat="39.18626" lon="-119.92727" />
      <trkpt lat="39.18591" lon="-119.92731" />
      <trkpt lat="39.18562" lon="-119.92729" />
      <trkpt lat="39.18541" lon="-119.92726" />
      <trkpt lat="39.18524" lon="-119.92721" />
      <trkpt lat="39.18491" lon="-119.9271" />
      <trkpt lat="39.1847" lon="-119.927" />
      <trkpt lat="39.18439" lon="-119.92692" />
      <trkpt lat="39.18384" lon="-119.92689" />
      <trkpt lat="39.18361" lon="-119.92685" />
      <trkpt lat="39.18331" lon="-119.92673" />
      <trkpt lat="39.18306" lon="-119.9266" />
      <trkpt lat="39.18273" lon="-119.92633" />
      <trkpt lat="39.18242" lon="-119.9261" />
      <trkpt lat="39.18209" lon="-119.92591" />
      <trkpt lat="39.1818" lon="-119.92577" />
      <trkpt lat="39.1814" lon="-119.92563" />
      <trkpt lat="39.18128" lon="-119.9256" />
      <trkpt lat="39.18078" lon="-119.92553" />
      <trkpt lat="39.18044" lon="-119.92546" />
      <trkpt lat="39.17959" lon="-119.92533" />
      <trkpt lat="39.17901" lon="-119.92512" />
      <trkpt lat="39.17879" lon="-119.92501" />
      <trkpt lat="39.17837" lon="-119.92475" />
      <trkpt lat="39.17805" lon="-119.92452" />
      <trkpt lat="39.1776" lon="-119.92412" />
      <trkpt lat="39.17716" lon="-119.92387" />
      <trkpt lat="39.17687" lon="-119.9238" />
      <trkpt lat="39.17673" lon="-119.92374" />
      <trkpt lat="39.17637" lon="-119.92375" />
      <trkpt lat="39.17615" lon="-119.92373" />
      <trkpt lat="39.17592" lon="-119.92364" />
      <trkpt lat="39.17573" lon="-119.92362" />
      <trkpt lat="39.17561" lon="-119.92358" />
      <trkpt lat="39.17551" lon="-119.9235" />
      <trkpt lat="39.17535" lon="-119.92342" />
      <trkpt lat="39.17517" lon="-119.92327" />
      <trkpt lat="39.17467" lon="-119.9232" />
      <trkpt lat="39.17425" lon="-119.92329" />
      <trkpt lat="39.17402" lon="-119.92339" />
      <trkpt lat="39.17366" lon="-119.92361" />
      <trkpt lat="39.17292" lon="-119.92422" />
      <trkpt lat="39.17232" lon="-119.92478" />
      <trkpt lat="39.17151" lon="-119.92544" />
      <trkpt lat="39.17139" lon="-119.92552" />
      <trkpt lat="39.17098" lon="-119.9257" />
      <trkpt lat="39.17083" lon="-119.92574" />
      <trkpt lat="39.16996" lon="-119.92586" />
      <trkpt lat="39.16971" lon="-119.92591" />
      <trkpt lat="39.16925" lon="-119.92605" />
      <trkpt lat="39.16908" lon="-119.92612" />
      <trkpt lat="39.16892" lon="-119.9262" />
      <trkpt lat="39.1684" lon="-119.92653" />
      <trkpt lat="39.16802" lon="-119.92683" />
      <trkpt lat="39.16772" lon="-119.92711" />
      <trkpt lat="39.16744" lon="-119.92742" />
      <trkpt lat="39.167" lon="-119.92804" />
      <trkpt lat="39.16684" lon="-119.92833" />
      <trkpt lat="39.16656" lon="-119.9288" />
      <trkpt lat="39.16632" lon="-119.9291" />
      <trkpt lat="39.16617" lon="-119.92926" />
      <trkpt lat="39.16595" lon="-119.92946" />
      <trkpt lat="39.1654" lon="-119.92986" />
      <trkpt lat="39.16483" lon="-119.93017" />
      <trkpt lat="39.16468" lon="-119.93023" />
      <trkpt lat="39.16451" lon="-119.93027" />
      <trkpt lat="39.16416" lon="-119.93031" />
      <trkpt lat="39.16369" lon="-119.93029" />
      <trkpt lat="39.16289" lon="-119.93016" />
      <trkpt lat="39.16151" lon="-119.92989" />
      <trkpt lat="39.1611" lon="-119.92984" />
      <trkpt lat="39.16089" lon="-119.92986" />
      <trkpt lat="39.16059" lon="-119.92991" />
      <trkpt lat="39.15949" lon="-119.93032" />
      <trkpt lat="39.15899" lon="-119.93046" />
      <trkpt lat="39.15859" lon="-119.93052" />
      <trkpt lat="39.15815" lon="-119.93054" />
      <trkpt lat="39.1576" lon="-119.93054" />
      <trkpt lat="39.15721" lon="-119.93049" />
      <trkpt lat="39.15675" lon="-119.93038" />
      <trkpt lat="39.15617" lon="-119.9302" />
      <trkpt lat="39.1559" lon="-119.93013" />
      <trkpt lat="39.15553" lon="-119.93" />
      <trkpt lat="39.15512" lon="-119.92991" />
      <trkpt lat="39.15461" lon="-119.92971" />
      <trkpt lat="39.15415" lon="-119.92959" />
      <trkpt lat="39.15349" lon="-119.92926" />
      <trkpt lat="39.15289" lon="-119.92885" />
      <trkpt lat="39.15263" lon="-119.92864" />
      <trkpt lat="39.15216" lon="-119.9282" />
      <trkpt lat="39.15201" lon="-119.92797" />
      <trkpt lat="39.15177" lon="-119.92774" />
      <trkpt lat="39.1515" lon="-119.92743" />
      <trkpt lat="39.15125" lon="-119.92723" />
      <trkpt lat="39.15085" lon="-119.92699" />
      <trkpt lat="39.1506" lon="-119.92697" />
      <trkpt lat="39.15027" lon="-119.927" />
      <trkpt lat="39.14991" lon="-119.92702" />
      <trkpt lat="39.14947" lon="-119.92702" />
      <trkpt lat="39.14907" lon="-119.92701" />
      <trkpt lat="39.14879" lon="-119.92701" />
      <trkpt lat="39.1485" lon="-119.92696" />
      <trkpt lat="39.14816" lon="-119.92687" />
      <trkpt lat="39.14786" lon="-119.92675" />
      <trkpt lat="39.14762" lon="-119.92661" />
      <trkpt lat="39.14747" lon="-119.92657" />
      <trkpt lat="39.14726" lon="-119.92647" />
      <trkpt lat="39.1471" lon="-119.92643" />
      <trkpt lat="39.14678" lon="-119.92637" />
      <trkpt lat="39.14658" lon="-119.92637" />
      <trkpt lat="39.14625" lon="-119.92642" />
      <trkpt lat="39.14592" lon="-119.92644" />
      <trkpt lat="39.14574" lon="-119.92642" />
      <trkpt lat="39.14553" lon="-119.92636" />
      <trkpt lat="39.14531" lon="-119.92625" />
      <trkpt lat="39.14483" lon="-119.92587" />
      <trkpt lat="39.14456" lon="-119.9257" />
      <trkpt lat="39.14438" lon="-119.92566" />
      <trkpt lat="39.14427" lon="-119.92567" />
      <trkpt lat="39.14411" lon="-119.92571" />
      <trkpt lat="39.14395" lon="-119.92582" />
      <trkpt lat="39.14375" lon="-119.92601" />
      <trkpt lat="39.14358" lon="-119.9261" />
      <trkpt lat="39.14341" lon="-119.92614" />
      <trkpt lat="39.14332" lon="-119.92613" />
      <trkpt lat="39.14297" lon="-119.92604" />
      <trkpt lat="39.14278" lon="-119.92596" />
      <trkpt lat="39.14202" lon="-119.92556" />
      <trkpt lat="39.14166" lon="-119.92533" />
      <trkpt lat="39.14151" lon="-119.92527" />
      <trkpt lat="39.14136" lon="-119.92519" />
      <trkpt lat="39.14113" lon="-119.92509" />
      <trkpt lat="39.141" lon="-119.925" />
      <trkpt lat="39.14068" lon="-119.92485" />
      <trkpt lat="39.14051" lon="-119.92481" />
      <trkpt lat="39.14003" lon="-119.92473" />
      <trkpt lat="39.13996" lon="-119.92473" />
      <trkpt lat="39.13975" lon="-119.92483" />
      <trkpt lat="39.13957" lon="-119.925" />
      <trkpt lat="39.13931" lon="-119.92543" />
      <trkpt lat="39.13892" lon="-119.92595" />
      <trkpt lat="39.13881" lon="-119.92618" />
      <trkpt lat="39.13863" lon="-119.92649" />
      <trkpt lat="39.13826" lon="-119.92696" />
      <trkpt lat="39.13802" lon="-119.92725" />
      <trkpt lat="39.13765" lon="-119.92764" />
      <trkpt lat="39.13715" lon="-119.92803" />
      <trkpt lat="39.13675" lon="-119.92838" />
      <trkpt lat="39.13618" lon="-119.92881" />
      <trkpt lat="39.13578" lon="-119.92916" />
      <trkpt lat="39.13542" lon="-119.9295" />
      <trkpt lat="39.13488" lon="-119.92994" />
      <trkpt lat="39.13415" lon="-119.93052" />
      <trkpt lat="39.13364" lon="-119.93091" />
      <trkpt lat="39.13337" lon="-119.93106" />
      <trkpt lat="39.13244" lon="-119.93149" />
      <trkpt lat="39.13213" lon="-119.93159" />
      <trkpt lat="39.13173" lon="-119.93168" />
      <trkpt lat="39.13133" lon="-119.93172" />
      <trkpt lat="39.13007" lon="-119.93175" />
      <trkpt lat="39.12977" lon="-119.93174" />
      <trkpt lat="39.12947" lon="-119.9317" />
      <trkpt lat="39.12917" lon="-119.93162" />
      <trkpt lat="39.12888" lon="-119.9315" />
      <trkpt lat="39.12874" lon="-119.93142" />
      <trkpt lat="39.12846" lon="-119.93123" />
      <trkpt lat="39.12793" lon="-119.93079" />
      <trkpt lat="39.12779" lon="-119.93069" />
      <trkpt lat="39.12721" lon="-119.93042" />
      <trkpt lat="39.12652" lon="-119.9302" />
      <trkpt lat="39.12627" lon="-119.93015" />
      <trkpt lat="39.12581" lon="-119.93011" />
      <trkpt lat="39.1255" lon="-119.93011" />
      <trkpt lat="39.12522" lon="-119.93007" />
      <trkpt lat="39.12504" lon="-119.93002" />
      <trkpt lat="39.1244" lon="-119.92978" />
      <trkpt lat="39.12383" lon="-119.92948" />
      <trkpt lat="39.12338" lon="-119.92929" />
      <trkpt lat="39.12274" lon="-119.92899" />
      <trkpt lat="39.12214" lon="-119.92873" />
      <trkpt lat="39.12154" lon="-119.92838" />
      <trkpt lat="39.12063" lon="-119.92778" />
      <trkpt lat="39.12049" lon="-119.92762" />
      <trkpt lat="39.12018" lon="-119.92744" />
      <trkpt lat="39.11993" lon="-119.9272" />
      <trkpt lat="39.11971" lon="-119.92705" />
      <trkpt lat="39.11931" lon="-119.92683" />
      <trkpt lat="39.11896" lon="-119.92669" />
      <trkpt lat="39.11873" lon="-119.92659" />
      <trkpt lat="39.1182" lon="-119.92646" />
      <trkpt lat="39.11767" lon="-119.92641" />
      <trkpt lat="39.11725" lon="-119.9264" />
      <trkpt lat="39.11699" lon="-119.92641" />
      <trkpt lat="39.11569" lon="-119.92635" />
      <trkpt lat="39.11541" lon="-119.92631" />
      <trkpt lat="39.11493" lon="-119.92612" />
      <trkpt lat="39.11482" lon="-119.92604" />
      <trkpt lat="39.11451" lon="-119.92562" />
      <trkpt lat="39.11443" lon="-119.92539" />
      <trkpt lat="39.11431" lon="-119.92472" />
      <trkpt lat="39.11422" lon="-119.92448" />
      <trkpt lat="39.11405" lon="-119.9242" />
      <trkpt lat="39.11377" lon="-119.92394" />
      <trkpt lat="39.11349" lon="-119.92382" />
      <trkpt lat="39.11333" lon="-119.92368" />
      <trkpt lat="39.11324" lon="-119.92356" />
      <trkpt lat="39.11312" lon="-119.92348" />
      <trkpt lat="39.11283" lon="-119.92333" />
      <trkpt lat="39.11263" lon="-119.92311" />
      <trkpt lat="39.11238" lon="-119.92288" />
      <trkpt lat="39.11222" lon="-119.92277" />
      <trkpt lat="39.1115" lon="-119.92242" />
      <trkpt lat="39.11134" lon="-119.9224" />
      <trkpt lat="39.11078" lon="-119.92243" />
      <trkpt lat="39.10958" lon="-119.92239" />
      <trkpt lat="39.10911" lon="-119.92234" />
      <trkpt lat="39.10864" lon="-119.92228" />
      <trkpt lat="39.10836" lon="-119.92216" />
      <trkpt lat="39.1079" lon="-119.92184" />
      <trkpt lat="39.10742" lon="-119.92136" />
      <trkpt lat="39.10729" lon="-119.92118" />
      <trkpt lat="39.10716" lon="-119.92091" />
      <trkpt lat="39.10701" lon="-119.92074" />
      <trkpt lat="39.10691" lon="-119.92059" />
      <trkpt lat="39.10663" lon="-119.92005" />
      <trkpt lat="39.10631" lon="-119.91959" />
      <trkpt lat="39.1062" lon="-119.9194" />
      <trkpt lat="39.10613" lon="-119.91922" />
      <trkpt lat="39.10605" lon="-119.91906" />
      <trkpt lat="39.10587" lon="-119.91889" />
      <trkpt lat="39.10558" lon="-119.91827" />
      <trkpt lat="39.10549" lon="-119.91811" />
      <trkpt lat="39.10536" lon="-119.91792" />
      <trkpt lat="39.10515" lon="-119.91765" />
      <trkpt lat="39.10506" lon="-119.9175" />
      <trkpt lat="39.10481" lon="-119.91716" />
      <trkpt lat="39.10462" lon="-119.91699" />
      <trkpt lat="39.1043" lon="-119.91654" />
      <trkpt lat="39.10385" lon="-119.91598" />
      <trkpt lat="39.10355" lon="-119.91555" />
      <trkpt lat="39.10346" lon="-119.9154" />
      <trkpt lat="39.10334" lon="-119.91509" />
      <trkpt lat="39.1032" lon="-119.9145" />
      <trkpt lat="39.10312" lon="-119.91427" />
      <trkpt lat="39.10301" lon="-119.91405" />
      <trkpt lat="39.10249" lon="-119.91314" />
      <trkpt lat="39.10176" lon="-119.91175" />
      <trkpt lat="39.10145" lon="-119.91124" />
      <trkpt lat="39.10127" lon="-119.91102" />
      <trkpt lat="39.10113" lon="-119.91088" />
      <trkpt lat="39.10091" lon="-119.91069" />
      <trkpt lat="39.10067" lon="-119.91053" />
      <trkpt lat="39.10034" lon="-119.91036" />
      <trkpt lat="39.10008" lon="-119.91028" />
      <trkpt lat="39.09981" lon="-119.91024" />
      <trkpt lat="39.09954" lon="-119.91024" />
      <trkpt lat="39.0977" lon="-119.91049" />
      <trkpt lat="39.09705" lon="-119.91064" />
      <trkpt lat="39.09587" lon="-119.91099" />
      <trkpt lat="39.09562" lon="-119.91103" />
      <trkpt lat="39.09534" lon="-119.91103" />
      <trkpt lat="39.09492" lon="-119.91096" />
      <trkpt lat="39.09463" lon="-119.91087" />
      <trkpt lat="39.09436" lon="-119.91074" />
      <trkpt lat="39.09377" lon="-119.91041" />
      <trkpt lat="39.09345" lon="-119.91029" />
      <trkpt lat="39.09328" lon="-119.91026" />
      <trkpt lat="39.09291" lon="-119.91024" />
      <trkpt lat="39.0926" lon="-119.9103" />
      <trkpt lat="39.09227" lon="-119.91041" />
      <trkpt lat="39.09211" lon="-119.91049" />
      <trkpt lat="39.09181" lon="-119.91071" />
      <trkpt lat="39.09138" lon="-119.91109" />
      <trkpt lat="39.09109" lon="-119.9113" />
      <trkpt lat="39.09093" lon="-119.91139" />
      <trkpt lat="39.09077" lon="-119.91145" />
      <trkpt lat="39.09042" lon="-119.91155" />
      <trkpt lat="39.09025" lon="-119.91157" />
      <trkpt lat="39.08973" lon="-119.91159" />
      <trkpt lat="39.08937" lon="-119.91168" />
      <trkpt lat="39.0892" lon="-119.91175" />
      <trkpt lat="39.08888" lon="-119.91195" />
      <trkpt lat="39.08858" lon="-119.91222" />
      <trkpt lat="39.08805" lon="-119.91283" />
      <trkpt lat="39.08766" lon="-119.91331" />
      <trkpt lat="39.08728" lon="-119.91381" />
      <trkpt lat="39.08705" lon="-119.91416" />
      <trkpt lat="39.08672" lon="-119.91472" />
      <trkpt lat="39.08556" lon="-119.91683" />
      <trkpt lat="39.08526" lon="-119.91745" />
      <trkpt lat="39.0851" lon="-119.91789" />
      <trkpt lat="39.08505" lon="-119.91812" />
      <trkpt lat="39.08496" lon="-119.91883" />
      <trkpt lat="39.08496" lon="-119.91931" />
      <trkpt lat="39.08508" lon="-119.92048" />
      <trkpt lat="39.08512" lon="-119.92117" />
      <trkpt lat="39.08504" lon="-119.92254" />
      <trkpt lat="39.08504" lon="-119.92321" />
      <trkpt lat="39.08509" lon="-119.9243" />
      <trkpt lat="39.08515" lon="-119.92472" />
      <trkpt lat="39.08555" lon="-119.9265" />
      <trkpt lat="39.08562" lon="-119.92689" />
      <trkpt lat="39.08565" lon="-119.92747" />
      <trkpt lat="39.0856" lon="-119.92803" />
      <trkpt lat="39.08553" lon="-119.92841" />
      <trkpt lat="39.08542" lon="-119.92876" />
      <trkpt lat="39.08527" lon="-119.9291" />
      <trkpt lat="39.08509" lon="-119.92942" />
      <trkpt lat="39.08467" lon="-119.93004" />
      <trkpt lat="39.08449" lon="-119.93039" />
      <trkpt lat="39.08434" lon="-119.93077" />
      <trkpt lat="39.08425" lon="-119.93116" />
      <trkpt lat="39.08415" lon="-119.93214" />
      <trkpt lat="39.08402" lon="-119.93266" />
      <trkpt lat="39.08381" lon="-119.93314" />
      <trkpt lat="39.08332" lon="-119.93409" />
      <trkpt lat="39.08317" lon="-119.93443" />
      <trkpt lat="39.08298" lon="-119.93496" />
      <trkpt lat="39.08283" lon="-119.93547" />
      <trkpt lat="39.08268" lon="-119.93632" />
      <trkpt lat="39.08259" lon="-119.93712" />
      <trkpt lat="39.08257" lon="-119.93759" />
      <trkpt lat="39.0826" lon="-119.93913" />
      <trkpt lat="39.0826" lon="-119.94006" />
      <trkpt lat="39.08259" lon="-119.94021" />
      <trkpt lat="39.08253" lon="-119.94065" />
      <trkpt lat="39.08243" lon="-119.94106" />
      <trkpt lat="39.08234" lon="-119.94132" />
      <trkpt lat="39.08216" lon="-119.94168" />
      <trkpt lat="39.08196" lon="-119.942" />
      <trkpt lat="39.08179" lon="-119.94219" />
      <trkpt lat="39.0816" lon="-119.94236" />
      <trkpt lat="39.08131" lon="-119.94257" />
      <trkpt lat="39.081" lon="-119.94273" />
      <trkpt lat="39.08077" lon="-119.94281" />
      <trkpt lat="39.08041" lon="-119.94287" />
      <trkpt lat="39.08015" lon="-119.94287" />
      <trkpt lat="39.07885" lon="-119.94275" />
      <trkpt lat="39.07803" lon="-119.94272" />
      <trkpt lat="39.07748" lon="-119.94264" />
      <trkpt lat="39.07707" lon="-119.94252" />
      <trkpt lat="39.07666" lon="-119.94236" />
      <trkpt lat="39.07626" lon="-119.94214" />
      <trkpt lat="39.0756" lon="-119.94175" />
      <trkpt lat="39.07458" lon="-119.94118" />
      <trkpt lat="39.0742" lon="-119.941" />
      <trkpt lat="39.07395" lon="-119.94091" />
      <trkpt lat="39.07345" lon="-119.94079" />
      <trkpt lat="39.0726" lon="-119.9407" />
      <trkpt lat="39.07103" lon="-119.94046" />
      <trkpt lat="39.0708" lon="-119.94043" />
      <trkpt lat="39.07068" lon="-119.94045" />
      <trkpt lat="39.07032" lon="-119.94052" />
      <trkpt lat="39.07008" lon="-119.94061" />
      <trkpt lat="39.06986" lon="-119.94074" />
      <trkpt lat="39.06933" lon="-119.94112" />
      <trkpt lat="39.06901" lon="-119.94128" />
      <trkpt lat="39.06878" lon="-119.94133" />
      <trkpt lat="39.06845" lon="-119.94137" />
      <trkpt lat="39.06815" lon="-119.94135" />
      <trkpt lat="39.06776" lon="-119.9413" />
      <trkpt lat="39.06757" lon="-119.94131" />
      <trkpt lat="39.06748" lon="-119.94133" />
      <trkpt lat="39.06724" lon="-119.94143" />
      <trkpt lat="39.06702" lon="-119.94157" />
      <trkpt lat="39.06665" lon="-119.94193" />
      <trkpt lat="39.06636" lon="-119.94233" />
      <trkpt lat="39.06601" lon="-119.94272" />
      <trkpt lat="39.06566" lon="-119.94295" />
      <trkpt lat="39.0654" lon="-119.94305" />
      <trkpt lat="39.06526" lon="-119.94309" />
      <trkpt lat="39.06497" lon="-119.9431" />
      <trkpt lat="39.06482" lon="-119.94309" />
      <trkpt lat="39.06451" lon="-119.94299" />
      <trkpt lat="39.06419" lon="-119.94283" />
      <trkpt lat="39.0636" lon="-119.94243" />
      <trkpt lat="39.06342" lon="-119.94232" />
      <trkpt lat="39.06323" lon="-119.94223" />
      <trkpt lat="39.06273" lon="-119.94209" />
      <trkpt lat="39.06254" lon="-119.94207" />
      <trkpt lat="39.06234" lon="-119.94208" />
      <trkpt lat="39.06195" lon="-119.94215" />
      <trkpt lat="39.06176" lon="-119.94223" />
      <trkpt lat="39.06109" lon="-119.94256" />
      <trkpt lat="39.06094" lon="-119.94261" />
      <trkpt lat="39.06066" lon="-119.94268" />
      <trkpt lat="39.06045" lon="-119.9427" />
      <trkpt lat="39.06018" lon="-119.94269" />
      <trkpt lat="39.05992" lon="-119.94265" />
      <trkpt lat="39.05946" lon="-119.94255" />
      <trkpt lat="39.05932" lon="-119.94254" />
      <trkpt lat="39.05883" lon="-119.94257" />
      <trkpt lat="39.05839" lon="-119.94267" />
      <trkpt lat="39.0579" lon="-119.94285" />
      <trkpt lat="39.05711" lon="-119.94301" />
      <trkpt lat="39.05669" lon="-119.94306" />
      <trkpt lat="39.05603" lon="-119.94307" />
      <trkpt lat="39.05573" lon="-119.9431" />
      <trkpt lat="39.05544" lon="-119.94318" />
      <trkpt lat="39.05506" lon="-119.94332" />
      <trkpt lat="39.05447" lon="-119.94374" />
      <trkpt lat="39.05431" lon="-119.94384" />
      <trkpt lat="39.05415" lon="-119.94392" />
      <trkpt lat="39.05379" lon="-119.94403" />
      <trkpt lat="39.05319" lon="-119.94413" />
      <trkpt lat="39.0524" lon="-119.94425" />
      <trkpt lat="39.0522" lon="-119.94426" />
      <trkpt lat="39.05161" lon="-119.94424" />
      <trkpt lat="39.05058" lon="-119.94417" />
      <trkpt lat="39.05013" lon="-119.94413" />
      <trkpt lat="39.0499" lon="-119.94415" />
      <trkpt lat="39.04966" lon="-119.94423" />
      <trkpt lat="39.04943" lon="-119.94441" />
      <trkpt lat="39.04923" lon="-119.9446" />
      <trkpt lat="39.04895" lon="-119.94493" />
      <trkpt lat="39.04883" lon="-119.94519" />
      <trkpt lat="39.04872" lon="-119.94545" />
      <trkpt lat="39.04835" lon="-119.9462" />
      <trkpt lat="39.04784" lon="-119.94737" />
      <trkpt lat="39.04767" lon="-119.94772" />
      <trkpt lat="39.04746" lon="-119.948" />
      <trkpt lat="39.04722" lon="-119.94824" />
      <trkpt lat="39.04696" lon="-119.94842" />
      <trkpt lat="39.04678" lon="-119.9485" />
      <trkpt lat="39.04648" lon="-119.94859" />
      <trkpt lat="39.04596" lon="-119.94859" />
      <trkpt lat="39.04563" lon="-119.94841" />
      <trkpt lat="39.04527" lon="-119.94828" />
      <trkpt lat="39.04502" lon="-119.94822" />
      <trkpt lat="39.04477" lon="-119.9482" />
      <trkpt lat="39.04434" lon="-119.94821" />
      <trkpt lat="39.04341" lon="-119.94815" />
      <trkpt lat="39.04287" lon="-119.94806" />
      <trkpt lat="39.04244" lon="-119.94797" />
      <trkpt lat="39.04216" lon="-119.94788" />
      <trkpt lat="39.04128" lon="-119.94767" />
      <trkpt lat="39.041" lon="-119.94766" />
      <trkpt lat="39.04072" lon="-119.94771" />
      <trkpt lat="39.04033" lon="-119.94785" />
      <trkpt lat="39.0402" lon="-119.94792" />
      <trkpt lat="39.03987" lon="-119.94815" />
      <trkpt lat="39.03933" lon="-119.94847" />
      <trkpt lat="39.03913" lon="-119.94859" />
      <trkpt lat="39.03893" lon="-119.94867" />
      <trkpt lat="39.03874" lon="-119.94871" />
      <trkpt lat="39.03831" lon="-119.94876" />
      <trkpt lat="39.03776" lon="-119.94889" />
      <trkpt lat="39.03755" lon="-119.94898" />
      <trkpt lat="39.03693" lon="-119.94944" />
      <trkpt lat="39.03682" lon="-119.94949" />
      <trkpt lat="39.03668" lon="-119.94953" />
      <trkpt lat="39.0364" lon="-119.94953" />
      <trkpt lat="39.03619" lon="-119.94948" />
      <trkpt lat="39.03605" lon="-119.94941" />
      <trkpt lat="39.03581" lon="-119.94923" />
      <trkpt lat="39.03565" lon="-119.94902" />
      <trkpt lat="39.03506" lon="-119.94805" />
      <trkpt lat="39.03484" lon="-119.94771" />
      <trkpt lat="39.0345" lon="-119.94741" />
      <trkpt lat="39.03407" lon="-119.94715" />
      <trkpt lat="39.03396" lon="-119.9471" />
      <trkpt lat="39.03345" lon="-119.94696" />
      <trkpt lat="39.03313" lon="-119.94693" />
      <trkpt lat="39.03249" lon="-119.94703" />
      <trkpt lat="39.03208" lon="-119.94706" />
      <trkpt lat="39.03187" lon="-119.94705" />
      <trkpt lat="39.03165" lon="-119.94702" />
      <trkpt lat="39.03144" lon="-119.94696" />
      <trkpt lat="39.0307" lon="-119.94669" />
      <trkpt lat="39.03053" lon="-119.94661" />
      <trkpt lat="39.03025" lon="-119.94651" />
      <trkpt lat="39.02998" lon="-119.94645" />
      <trkpt lat="39.02972" lon="-119.94643" />
      <trkpt lat="39.02948" lon="-119.94644" />
      <trkpt lat="39.02881" lon="-119.94636" />
      <trkpt lat="39.02847" lon="-119.94628" />
      <trkpt lat="39.02803" lon="-119.94614" />
      <trkpt lat="39.0272" lon="-119.94594" />
      <trkpt lat="39.02677" lon="-119.94581" />
      <trkpt lat="39.02617" lon="-119.94568" />
      <trkpt lat="39.02571" lon="-119.94553" />
      <trkpt lat="39.02523" lon="-119.94542" />
      <trkpt lat="39.02443" lon="-119.94534" />
      <trkpt lat="39.02404" lon="-119.94532" />
      <trkpt lat="39.02355" lon="-119.94534" />
      <trkpt lat="39.0234" lon="-119.94535" />
      <trkpt lat="39.02289" lon="-119.94542" />
      <trkpt lat="39.02146" lon="-119.9457" />
      <trkpt lat="39.02022" lon="-119.94591" />
      <trkpt lat="39.01969" lon="-119.94602" />
      <trkpt lat="39.01937" lon="-119.94613" />
      <trkpt lat="39.01883" lon="-119.94636" />
      <trkpt lat="39.01773" lon="-119.94698" />
      <trkpt lat="39.01702" lon="-119.94733" />
      <trkpt lat="39.01676" lon="-119.94744" />
      <trkpt lat="39.01634" lon="-119.94757" />
      <trkpt lat="39.0162" lon="-119.9476" />
      <trkpt lat="39.01544" lon="-119.94772" />
      <trkpt lat="39.01528" lon="-119.94773" />
      <trkpt lat="39.01466" lon="-119.9477" />
      <trkpt lat="39.01436" lon="-119.94766" />
      <trkpt lat="39.01395" lon="-119.94765" />
      <trkpt lat="39.01247" lon="-119.94754" />
      <trkpt lat="39.01177" lon="-119.94752" />
      <trkpt lat="39.0113" lon="-119.94749" />
      <trkpt lat="39.01074" lon="-119.94742" />
      <trkpt lat="39.0103" lon="-119.9474" />
      <trkpt lat="39.00935" lon="-119.94731" />
      <trkpt lat="39.00902" lon="-119.94726" />
      <trkpt lat="39.00829" lon="-119.94722" />
      <trkpt lat="39.00757" lon="-119.94714" />
      <trkpt lat="39.00718" lon="-119.94713" />
      <trkpt lat="39.00638" lon="-119.94715" />
      <trkpt lat="39.0064" lon="-119.94715" />
      <trkpt lat="39.0063" lon="-119.94711" />
      <trkpt lat="39.00614" lon="-119.94712" />
      <trkpt lat="39.00587" lon="-119.94707" />
      <trkpt lat="39.00549" lon="-119.94706" />
      <trkpt lat="39.00513" lon="-119.94703" />
      <trkpt lat="39.0048" lon="-119.94704" />
      <trkpt lat="39.00442" lon="-119.94714" />
      <trkpt lat="39.00408" lon="-119.94729" />
      <trkpt lat="39.00391" lon="-119.94743" />
      <trkpt lat="39.00377" lon="-119.94758" />
      <trkpt lat="39.00342" lon="-119.94791" />
      <trkpt lat="39.00314" lon="-119.94813" />
      <trkpt lat="39.00293" lon="-119.94837" />
      <trkpt lat="39.00283" lon="-119.94853" />
      <trkpt lat="39.00251" lon="-119.94926" />
      <trkpt lat="39.00245" lon="-119.94951" />
      <trkpt lat="39.00244" lon="-119.9499" />
      <trkpt lat="39.00255" lon="-119.95143" />
      <trkpt lat="39.0026" lon="-119.95198" />
      <trkpt lat="39.00276" lon="-119.95291" />
      <trkpt lat="39.00287" lon="-119.95344" />
      <trkpt lat="39.00296" lon="-119.9541" />
      <trkpt lat="39.00292" lon="-119.95457" />
      <trkpt lat="39.00285" lon="-119.9548" />
      <trkpt lat="39.00269" lon="-119.95521" />
      <trkpt lat="39.00248" lon="-119.95554" />
      <trkpt lat="39.00226" lon="-119.95577" />
      <trkpt lat="39.00209" lon="-119.95589" />
      <trkpt lat="39.00189" lon="-119.95598" />
      <trkpt lat="39.00156" lon="-119.95606" />
      <trkpt lat="39.00133" lon="-119.95607" />
      <trkpt lat="39.0011" lon="-119.95607" />
      <trkpt lat="39.00075" lon="-119.95602" />
      <trkpt lat="39.00018" lon="-119.95588" />
      <trkpt lat="38.99982" lon="-119.95576" />
      <trkpt lat="38.99958" lon="-119.95564" />
      <trkpt lat="38.99887" lon="-119.95513" />
      <trkpt lat="38.99851" lon="-119.95479" />
      <trkpt lat="38.99828" lon="-119.95453" />
      <trkpt lat="38.99808" lon="-119.95425" />
      <trkpt lat="38.99772" lon="-119.95366" />
      <trkpt lat="38.99755" lon="-119.95336" />
      <trkpt lat="38.99597" lon="-119.95075" />
      <trkpt lat="38.99524" lon="-119.94953" />
      <trkpt lat="38.99484" lon="-119.94907" />
      <trkpt lat="38.99429" lon="-119.94869" />
      <trkpt lat="38.99408" lon="-119.94859" />
      <trkpt lat="38.99378" lon="-119.94847" />
      <trkpt lat="38.99349" lon="-119.94842" />
      <trkpt lat="38.99333" lon="-119.94841" />
      <trkpt lat="38.99271" lon="-119.94848" />
      <trkpt lat="38.99262" lon="-119.9485" />
      <trkpt lat="38.99239" lon="-119.94858" />
      <trkpt lat="38.99214" lon="-119.94871" />
      <trkpt lat="38.99161" lon="-119.94895" />
      <trkpt lat="38.99143" lon="-119.94905" />
      <trkpt lat="38.99118" lon="-119.94915" />
      <trkpt lat="38.99091" lon="-119.94928" />
      <trkpt lat="38.99077" lon="-119.94933" />
      <trkpt lat="38.99041" lon="-119.94938" />
      <trkpt lat="38.99012" lon="-119.9494" />
      <trkpt lat="38.98983" lon="-119.94939" />
      <trkpt lat="38.98938" lon="-119.9493" />
      <trkpt lat="38.98898" lon="-119.94917" />
      <trkpt lat="38.98861" lon="-119.94898" />
      <trkpt lat="38.98828" lon="-119.94875" />
      <trkpt lat="38.98805" lon="-119.94852" />
      <trkpt lat="38.9879" lon="-119.94842" />
      <trkpt lat="38.98775" lon="-119.94828" />
      <trkpt lat="38.98733" lon="-119.94774" />
      <trkpt lat="38.98629" lon="-119.94621" />
      <trkpt lat="38.98531" lon="-119.94483" />
      <trkpt lat="38.98475" lon="-119.94399" />
      <trkpt lat="38.98404" lon="-119.94302" />
      <trkpt lat="38.98336" lon="-119.94201" />
      <trkpt lat="38.98276" lon="-119.94119" />
      <trkpt lat="38.98256" lon="-119.94089" />
      <trkpt lat="38.98208" lon="-119.94032" />
      <trkpt lat="38.98129" lon="-119.93914" />
      <trkpt lat="38.98077" lon="-119.93851" />
      <trkpt lat="38.98053" lon="-119.93826" />
      <trkpt lat="38.98029" lon="-119.93804" />
      <trkpt lat="38.97976" lon="-119.93765" />
      <trkpt lat="38.97918" lon="-119.93716" />
      <trkpt lat="38.97887" lon="-119.93695" />
      <trkpt lat="38.97852" lon="-119.93676" />
      <trkpt lat="38.97809" lon="-119.93657" />
      <trkpt lat="38.97746" lon="-119.93633" />
      <trkpt lat="38.977" lon="-119.9362" />
      <trkpt lat="38.9755" lon="-119.93589" />
      <trkpt lat="38.97447" lon="-119.93562" />
      <trkpt lat="38.97337" lon="-119.93537" />
      <trkpt lat="38.97291" lon="-119.93522" />
      <trkpt lat="38.9724" lon="-119.93512" />
      <trkpt lat="38.97151" lon="-119.93504" />
      <trkpt lat="38.97124" lon="-119.93505" />
      <trkpt lat="38.97065" lon="-119.9351" />
      <trkpt lat="38.97024" lon="-119.93517" />
      <trkpt lat="38.96963" lon="-119.93534" />
      <trkpt lat="38.96922" lon="-119.9355" />
      <trkpt lat="38.96874" lon="-119.93574" />
      <trkpt lat="38.96848" lon="-119.93589" />
      <trkpt lat="38.96755" lon="-119.93653" />
      <trkpt lat="38.96698" lon="-119.93686" />
      <trkpt lat="38.96411" lon="-119.93886" />
      <trkpt lat="38.96351" lon="-119.93924" />
      <trkpt lat="38.9626" lon="-119.93988" />
      <trkpt lat="38.96098" lon="-119.94097" />
      <trkpt lat="38.96021" lon="-119.94144" />
      <trkpt lat="38.95888" lon="-119.9424" />
      <trkpt lat="38.95845" lon="-119.94259" />
      <trkpt lat="38.95799" lon="-119.94296" />
      <trkpt lat="38.95733" lon="-119.94341" />
      <trkpt lat="38.95679" lon="-119.9438" />
      <trkpt lat="38.95568" lon="-119.94454" />
      <trkpt lat="38.95531" lon="-119.94476" />
      <trkpt lat="38.95517" lon="-119.94486" />
      <trkpt lat="38.95441" lon="-119.94556" />
      <trkpt lat="38.95413" lon="-119.94586" />
      <trkpt lat="38.95365" lon="-119.94658" />
      <trkpt lat="38.95338" lon="-119.94703" />
      <trkpt lat="38.95318" lon="-119.94742" />
      <trkpt lat="38.95233" lon="-119.94933" />
      <trkpt lat="38.95172" lon="-119.95064" />
      <trkpt lat="38.95081" lon="-119.95274" />
      <trkpt lat="38.9502" lon="-119.95406" />
      <trkpt lat="38.94991" lon="-119.95475" />
      <trkpt lat="38.94916" lon="-119.95645" />
      <trkpt lat="38.94805" lon="-119.9589" />
      <trkpt lat="38.94759" lon="-119.95998" />
      <trkpt lat="38.94743" lon="-119.9604" />
      <trkpt lat="38.9468" lon="-119.96258" />
      <trkpt lat="38.94668" lon="-119.96291" />
      <trkpt lat="38.94632" lon="-119.96407" />
      <trkpt lat="38.9458" lon="-119.96587" />
      <trkpt lat="38.94572" lon="-119.96623" />
      <trkpt lat="38.94566" lon="-119.96658" />
      <trkpt lat="38.94562" lon="-119.96702" />
      <trkpt lat="38.9456" lon="-119.96743" />
      <trkpt lat="38.94561" lon="-119.96802" />
      <trkpt lat="38.94564" lon="-119.9683" />
      <trkpt lat="38.94576" lon="-119.96888" />
      <trkpt lat="38.94584" lon="-119.96936" />
      <trkpt lat="38.94587" lon="-119.97009" />
      <trkpt lat="38.94588" lon="-119.9705" />
      <trkpt lat="38.94582" lon="-119.97116" />
      <trkpt lat="38.94571" lon="-119.97182" />
      <trkpt lat="38.94525" lon="-119.97395" />
      <trkpt lat="38.94503" lon="-119.97486" />
      <trkpt lat="38.9448" lon="-119.97543" />
      <trkpt lat="38.94474" lon="-119.97566" />
      <trkpt lat="38.94449" lon="-119.97604" />
      <trkpt lat="38.94435" lon="-119.97622" />
      <trkpt lat="38.94414" lon="-119.97643" />
      <trkpt lat="38.94362" lon="-119.97687" />
      <trkpt lat="38.9434" lon="-119.97699" />
      <trkpt lat="38.94308" lon="-119.97712" />
      <trkpt lat="38.94284" lon="-119.97717" />
      <trkpt lat="38.94207" lon="-119.97726" />
      <trkpt lat="38.94167" lon="-119.97725" />
      <trkpt lat="38.9412" lon="-119.9773" />
      <trkpt lat="38.93998" lon="-119.97731" />
      <trkpt lat="38.93815" lon="-119.97726" />
      <trkpt lat="38.93788" lon="-119.97727" />
      <trkpt lat="38.93761" lon="-119.97731" />
      <trkpt lat="38.93725" lon="-119.97732" />
      <trkpt lat="38.93697" lon="-119.97736" />
      <trkpt lat="38.93653" lon="-119.97735" />
      <trkpt lat="38.93616" lon="-119.97738" />
      <trkpt lat="38.93569" lon="-119.97748" />
      <trkpt lat="38.93533" lon="-119.97753" />
      <trkpt lat="38.93458" lon="-119.97772" />
      <trkpt lat="38.93428" lon="-119.97783" />
      <trkpt lat="38.934" lon="-119.97788" />
      <trkpt lat="38.93362" lon="-119.97801" />
      <trkpt lat="38.93294" lon="-119.9783" />
      <trkpt lat="38.93229" lon="-119.97865" />
      <trkpt lat="38.93065" lon="-119.97981" />
      <trkpt lat="38.92938" lon="-119.98087" />
      <trkpt lat="38.92864" lon="-119.98163" />
      <trkpt lat="38.9283" lon="-119.98202" />
      <trkpt lat="38.92797" lon="-119.98243" />
      <trkpt lat="38.92729" lon="-119.9834" />
      <trkpt lat="38.92672" lon="-119.98428" />
      <trkpt lat="38.92507" lon="-119.98674" />
      <trkpt lat="38.92425" lon="-119.98801" />
      <trkpt lat="38.92363" lon="-119.9889" />
      <trkpt lat="38.92236" lon="-119.99087" />
      <trkpt lat="38.92066" lon="-119.99347" />
      <trkpt lat="38.91973" lon="-119.99482" />
      <trkpt lat="38.91893" lon="-119.99607" />
      <trkpt lat="38.91892" lon="-119.99605" />
      <trkpt lat="38.91888" lon="-119.99613" />
      <trkpt lat="38.91863" lon="-119.99646" />
      <trkpt lat="38.91774" lon="-119.99783" />
      <trkpt lat="38.91731" lon="-119.99842" />
      <trkpt lat="38.91686" lon="-119.9991" />
      <trkpt lat="38.91613" lon="-120.00029" />
      <trkpt lat="38.91562" lon="-120.00105" />
      <trkpt lat="38.91504" lon="-120.00187" />
      <trkpt lat="38.91447" lon="-120.00274" />
      <trkpt lat="38.91409" lon="-120.00336" />
      <trkpt lat="38.91395" lon="-120.00372" />
      <trkpt lat="38.91376" lon="-120.00433" />
      <trkpt lat="38.91378" lon="-120.00462" />
      <trkpt lat="38.91388" lon="-120.00478" />
      <trkpt lat="38.91434" lon="-120.00527" />
      <trkpt lat="38.91503" lon="-120.00607" />
      <trkpt lat="38.91568" lon="-120.00695" />
      <trkpt lat="38.91586" lon="-120.0071" />
      <trkpt lat="38.91588" lon="-120.00707" />
      <trkpt lat="38.91578" lon="-120.00717" />
      <trkpt lat="38.91604" lon="-120.00753" />
      <trkpt lat="38.91626" lon="-120.00788" />
      <trkpt lat="38.91671" lon="-120.00876" />
      <trkpt lat="38.91691" lon="-120.00907" />
      <trkpt lat="38.9171" lon="-120.00941" />
      <trkpt lat="38.91736" lon="-120.00994" />
      <trkpt lat="38.91766" lon="-120.01045" />
      <trkpt lat="38.91782" lon="-120.01082" />
      <trkpt lat="38.91809" lon="-120.01132" />
      <trkpt lat="38.9183" lon="-120.01162" />
      <trkpt lat="38.91852" lon="-120.0119" />
      <trkpt lat="38.91914" lon="-120.01258" />
      <trkpt lat="38.91935" lon="-120.01284" />
      <trkpt lat="38.9195" lon="-120.01304" />
      <trkpt lat="38.91965" lon="-120.01326" />
      <trkpt lat="38.91987" lon="-120.01354" />
      <trkpt lat="38.9201" lon="-120.01394" />
      <trkpt lat="38.92026" lon="-120.01438" />
      <trkpt lat="38.92031" lon="-120.01446" />
      <trkpt lat="38.9204" lon="-120.01474" />
      <trkpt lat="38.92046" lon="-120.01524" />
      <trkpt lat="38.92081" lon="-120.01701" />
      <trkpt lat="38.92088" lon="-120.01733" />
      <trkpt lat="38.92127" lon="-120.01943" />
      <trkpt lat="38.92153" lon="-120.02057" />
      <trkpt lat="38.92193" lon="-120.0221" />
      <trkpt lat="38.92218" lon="-120.02318" />
      <trkpt lat="38.92235" lon="-120.02383" />
      <trkpt lat="38.92251" lon="-120.02461" />
      <trkpt lat="38.9226" lon="-120.02487" />
      <trkpt lat="38.92288" lon="-120.02547" />
      <trkpt lat="38.92331" lon="-120.02621" />
      <trkpt lat="38.92383" lon="-120.02702" />
      <trkpt lat="38.92444" lon="-120.02786" />
      <trkpt lat="38.92478" lon="-120.02842" />
      <trkpt lat="38.92522" lon="-120.02891" />
      <trkpt lat="38.92548" lon="-120.02931" />
      <trkpt lat="38.92591" lon="-120.02981" />
      <trkpt lat="38.92603" lon="-120.02993" />
      <trkpt lat="38.92622" lon="-120.03008" />
      <trkpt lat="38.92657" lon="-120.03024" />
      <trkpt lat="38.9268" lon="-120.03029" />
      <trkpt lat="38.92749" lon="-120.03038" />
      <trkpt lat="38.92767" lon="-120.03037" />
      <trkpt lat="38.92786" lon="-120.03038" />
      <trkpt lat="38.92821" lon="-120.03044" />
      <trkpt lat="38.92854" lon="-120.03053" />
      <trkpt lat="38.92896" lon="-120.03059" />
      <trkpt lat="38.92967" lon="-120.03064" />
      <trkpt lat="38.92983" lon="-120.03067" />
      <trkpt lat="38.93019" lon="-120.03077" />
      <trkpt lat="38.93035" lon="-120.03086" />
      <trkpt lat="38.9305" lon="-120.03096" />
      <trkpt lat="38.93081" lon="-120.03123" />
      <trkpt lat="38.93103" lon="-120.03148" />
      <trkpt lat="38.93215" lon="-120.033" />
      <trkpt lat="38.93268" lon="-120.03367" />
      <trkpt lat="38.93285" lon="-120.03394" />
      <trkpt lat="38.93296" lon="-120.03425" />
      <trkpt lat="38.93306" lon="-120.03469" />
      <trkpt lat="38.93315" lon="-120.03575" />
      <trkpt lat="38.93317" lon="-120.03622" />
      <trkpt lat="38.9333" lon="-120.03761" />
      <trkpt lat="38.93344" lon="-120.03846" />
      <trkpt lat="38.93362" lon="-120.03918" />
      <trkpt lat="38.93383" lon="-120.03966" />
      <trkpt lat="38.93418" lon="-120.04061" />
      <trkpt lat="38.93432" lon="-120.04118" />
      <trkpt lat="38.93445" lon="-120.04165" />
      <trkpt lat="38.93449" lon="-120.04174" />
      <trkpt lat="38.9346" lon="-120.04241" />
      <trkpt lat="38.93461" lon="-120.04259" />
      <trkpt lat="38.93444" lon="-120.04416" />
      <trkpt lat="38.93406" lon="-120.04677" />
      <trkpt lat="38.93386" lon="-120.04834" />
      <trkpt lat="38.93336" lon="-120.05149" />
      <trkpt lat="38.93321" lon="-120.05237" />
      <trkpt lat="38.93314" lon="-120.05297" />
      <trkpt lat="38.93305" lon="-120.05349" />
      <trkpt lat="38.93299" lon="-120.05405" />
      <trkpt lat="38.93299" lon="-120.05436" />
      <trkpt lat="38.93301" lon="-120.05452" />
      <trkpt lat="38.9331" lon="-120.05484" />
      <trkpt lat="38.93354" lon="-120.05633" />
      <trkpt lat="38.9336" lon="-120.0566" />
      <trkpt lat="38.93369" lon="-120.05724" />
      <trkpt lat="38.93369" lon="-120.05759" />
      <trkpt lat="38.93366" lon="-120.05803" />
      <trkpt lat="38.93363" lon="-120.05822" />
      <trkpt lat="38.93352" lon="-120.05872" />
      <trkpt lat="38.93349" lon="-120.05904" />
      <trkpt lat="38.93349" lon="-120.05926" />
      <trkpt lat="38.93354" lon="-120.0597" />
      <trkpt lat="38.93366" lon="-120.06014" />
      <trkpt lat="38.93373" lon="-120.06045" />
      <trkpt lat="38.93375" lon="-120.06078" />
      <trkpt lat="38.93369" lon="-120.06159" />
      <trkpt lat="38.93369" lon="-120.06191" />
      <trkpt lat="38.93373" lon="-120.0623" />
      <trkpt lat="38.93375" lon="-120.06347" />
      <trkpt lat="38.93383" lon="-120.06444" />
      <trkpt lat="38.93388" lon="-120.06467" />
      <trkpt lat="38.93395" lon="-120.06488" />
      <trkpt lat="38.93422" lon="-120.06544" />
      <trkpt lat="38.93444" lon="-120.06578" />
      <trkpt lat="38.93461" lon="-120.06597" />
      <trkpt lat="38.93474" lon="-120.06607" />
      <trkpt lat="38.93494" lon="-120.06631" />
      <trkpt lat="38.935" lon="-120.06646" />
      <trkpt lat="38.93505" lon="-120.06662" />
      <trkpt lat="38.93507" lon="-120.06681" />
      <trkpt lat="38.93505" lon="-120.06701" />
      <trkpt lat="38.93498" lon="-120.06731" />
      <trkpt lat="38.93486" lon="-120.06758" />
      <trkpt lat="38.9346" lon="-120.0681" />
      <trkpt lat="38.93445" lon="-120.06852" />
      <trkpt lat="38.93437" lon="-120.06885" />
      <trkpt lat="38.93433" lon="-120.06909" />
      <trkpt lat="38.93428" lon="-120.07006" />
      <trkpt lat="38.93422" lon="-120.07055" />
      <trkpt lat="38.93393" lon="-120.07192" />
      <trkpt lat="38.9338" lon="-120.07269" />
      <trkpt lat="38.93367" lon="-120.0732" />
      <trkpt lat="38.9336" lon="-120.07359" />
      <trkpt lat="38.93365" lon="-120.07414" />
      <trkpt lat="38.93368" lon="-120.0743" />
      <trkpt lat="38.9337" lon="-120.07456" />
      <trkpt lat="38.93366" lon="-120.07573" />
      <trkpt lat="38.93354" lon="-120.07644" />
      <trkpt lat="38.93353" lon="-120.07663" />
      <trkpt lat="38.93356" lon="-120.07703" />
      <trkpt lat="38.93362" lon="-120.07723" />
      <trkpt lat="38.93393" lon="-120.07776" />
      <trkpt lat="38.93406" lon="-120.07794" />
      <trkpt lat="38.9342" lon="-120.0781" />
      <trkpt lat="38.93428" lon="-120.07817" />
      <trkpt lat="38.93447" lon="-120.07826" />
      <trkpt lat="38.93466" lon="-120.07831" />
      <trkpt lat="38.93495" lon="-120.07834" />
      <trkpt lat="38.93581" lon="-120.07829" />
      <trkpt lat="38.93627" lon="-120.07832" />
      <trkpt lat="38.93648" lon="-120.0783" />
      <trkpt lat="38.93699" lon="-120.07833" />
      <trkpt lat="38.93727" lon="-120.07843" />
      <trkpt lat="38.93788" lon="-120.07875" />
      <trkpt lat="38.93828" lon="-120.07891" />
      <trkpt lat="38.93875" lon="-120.07905" />
      <trkpt lat="38.93892" lon="-120.07906" />
      <trkpt lat="38.93952" lon="-120.07904" />
      <trkpt lat="38.93971" lon="-120.07901" />
      <trkpt lat="38.94007" lon="-120.07901" />
      <trkpt lat="38.94027" lon="-120.07897" />
      <trkpt lat="38.94062" lon="-120.07896" />
      <trkpt lat="38.9416" lon="-120.0791" />
      <trkpt lat="38.94178" lon="-120.07909" />
      <trkpt lat="38.94198" lon="-120.07898" />
      <trkpt lat="38.94214" lon="-120.07892" />
      <trkpt lat="38.94237" lon="-120.07887" />
      <trkpt lat="38.94323" lon="-120.07857" />
      <trkpt lat="38.94354" lon="-120.07853" />
      <trkpt lat="38.94405" lon="-120.07843" />
      <trkpt lat="38.94433" lon="-120.07833" />
      <trkpt lat="38.94516" lon="-120.07818" />
      <trkpt lat="38.94598" lon="-120.0779" />
      <trkpt lat="38.94623" lon="-120.07784" />
      <trkpt lat="38.94638" lon="-120.07778" />
      <trkpt lat="38.94662" lon="-120.07764" />
      <trkpt lat="38.94721" lon="-120.07748" />
      <trkpt lat="38.94728" lon="-120.07747" />
      <trkpt lat="38.94748" lon="-120.07748" />
      <trkpt lat="38.94765" lon="-120.07756" />
      <trkpt lat="38.94776" lon="-120.07763" />
      <trkpt lat="38.94795" lon="-120.07782" />
      <trkpt lat="38.94831" lon="-120.07812" />
      <trkpt lat="38.94889" lon="-120.07841" />
      <trkpt lat="38.94932" lon="-120.07859" />
      <trkpt lat="38.94948" lon="-120.07877" />
      <trkpt lat="38.94951" lon="-120.07895" />
      <trkpt lat="38.94942" lon="-120.07912" />
      <trkpt lat="38.9491" lon="-120.07947" />
      <trkpt lat="38.94866" lon="-120.08005" />
      <trkpt lat="38.94843" lon="-120.08037" />
      <trkpt lat="38.94829" lon="-120.08066" />
      <trkpt lat="38.94826" lon="-120.08077" />
      <trkpt lat="38.94818" lon="-120.08126" />
      <trkpt lat="38.94818" lon="-120.08154" />
      <trkpt lat="38.94822" lon="-120.08183" />
      <trkpt lat="38.94827" lon="-120.08198" />
      <trkpt lat="38.94834" lon="-120.08213" />
      <trkpt lat="38.94844" lon="-120.08242" />
      <trkpt lat="38.94856" lon="-120.08267" />
      <trkpt lat="38.94901" lon="-120.08347" />
      <trkpt lat="38.94923" lon="-120.0838" />
      <trkpt lat="38.94941" lon="-120.08413" />
      <trkpt lat="38.94982" lon="-120.0851" />
      <trkpt lat="38.94986" lon="-120.08521" />
      <trkpt lat="38.94991" lon="-120.08543" />
      <trkpt lat="38.94986" lon="-120.08564" />
      <trkpt lat="38.94969" lon="-120.08602" />
      <trkpt lat="38.94964" lon="-120.08618" />
      <trkpt lat="38.94956" lon="-120.08681" />
      <trkpt lat="38.94939" lon="-120.08744" />
      <trkpt lat="38.94932" lon="-120.0876" />
      <trkpt lat="38.94921" lon="-120.08774" />
      <trkpt lat="38.94888" lon="-120.08799" />
      <trkpt lat="38.94885" lon="-120.08805" />
      <trkpt lat="38.94884" lon="-120.08818" />
      <trkpt lat="38.94893" lon="-120.08828" />
      <trkpt lat="38.94903" lon="-120.08826" />
      <trkpt lat="38.94909" lon="-120.08823" />
      <trkpt lat="38.94938" lon="-120.08785" />
      <trkpt lat="38.94953" lon="-120.08764" />
      <trkpt lat="38.94998" lon="-120.08689" />
      <trkpt lat="38.95042" lon="-120.08602" />
      <trkpt lat="38.95071" lon="-120.08531" />
      <trkpt lat="38.95109" lon="-120.08456" />
      <trkpt lat="38.95125" lon="-120.08418" />
      <trkpt lat="38.9513" lon="-120.08411" />
      <trkpt lat="38.95136" lon="-120.08407" />
      <trkpt lat="38.95144" lon="-120.08408" />
      <trkpt lat="38.95147" lon="-120.0841" />
      <trkpt lat="38.95154" lon="-120.08424" />
      <trkpt lat="38.95154" lon="-120.08442" />
      <trkpt lat="38.95142" lon="-120.08523" />
      <trkpt lat="38.95121" lon="-120.086" />
      <trkpt lat="38.95112" lon="-120.08642" />
      <trkpt lat="38.95102" lon="-120.08694" />
      <trkpt lat="38.95095" lon="-120.08749" />
      <trkpt lat="38.95095" lon="-120.08764" />
      <trkpt lat="38.95104" lon="-120.08777" />
      <trkpt lat="38.95113" lon="-120.08776" />
      <trkpt lat="38.95129" lon="-120.08756" />
      <trkpt lat="38.95136" lon="-120.08751" />
      <trkpt lat="38.95145" lon="-120.0875" />
      <trkpt lat="38.95151" lon="-120.08755" />
      <trkpt lat="38.95154" lon="-120.08759" />
      <trkpt lat="38.95155" lon="-120.08769" />
      <trkpt lat="38.95154" lon="-120.08779" />
      <trkpt lat="38.95149" lon="-120.08787" />
      <trkpt lat="38.9512" lon="-120.08821" />
      <trkpt lat="38.95113" lon="-120.08833" />
      <trkpt lat="38.9509" lon="-120.08885" />
      <trkpt lat="38.9505" lon="-120.08952" />
      <trkpt lat="38.95024" lon="-120.08988" />
      <trkpt lat="38.94987" lon="-120.09032" />
      <trkpt lat="38.9496" lon="-120.09075" />
      <trkpt lat="38.94901" lon="-120.09181" />
      <trkpt lat="38.94855" lon="-120.09282" />
      <trkpt lat="38.94828" lon="-120.09349" />
      <trkpt lat="38.94795" lon="-120.09417" />
      <trkpt lat="38.94782" lon="-120.09436" />
      <trkpt lat="38.94765" lon="-120.09456" />
      <trkpt lat="38.94757" lon="-120.09468" />
      <trkpt lat="38.94742" lon="-120.09501" />
      <trkpt lat="38.94724" lon="-120.0955" />
      <trkpt lat="38.9468" lon="-120.09633" />
      <trkpt lat="38.94662" lon="-120.09663" />
      <trkpt lat="38.94628" lon="-120.09706" />
      <trkpt lat="38.94621" lon="-120.09717" />
      <trkpt lat="38.94616" lon="-120.09728" />
      <trkpt lat="38.94612" lon="-120.0974" />
      <trkpt lat="38.94611" lon="-120.09753" />
      <trkpt lat="38.94621" lon="-120.09797" />
      <trkpt lat="38.94622" lon="-120.09833" />
      <trkpt lat="38.94626" lon="-120.09873" />
      <trkpt lat="38.94628" lon="-120.09881" />
      <trkpt lat="38.94632" lon="-120.09883" />
      <trkpt lat="38.94633" lon="-120.09882" />
      <trkpt lat="38.9463" lon="-120.09884" />
      <trkpt lat="38.94632" lon="-120.09887" />
      <trkpt lat="38.94641" lon="-120.09927" />
      <trkpt lat="38.94643" lon="-120.09953" />
      <trkpt lat="38.94641" lon="-120.10052" />
      <trkpt lat="38.94635" lon="-120.10093" />
      <trkpt lat="38.94624" lon="-120.10137" />
      <trkpt lat="38.94612" lon="-120.10167" />
      <trkpt lat="38.94583" lon="-120.10228" />
      <trkpt lat="38.94574" lon="-120.10263" />
      <trkpt lat="38.94574" lon="-120.10303" />
      <trkpt lat="38.94578" lon="-120.10322" />
      <trkpt lat="38.94585" lon="-120.1034" />
      <trkpt lat="38.94595" lon="-120.10357" />
      <trkpt lat="38.94606" lon="-120.10372" />
      <trkpt lat="38.94661" lon="-120.10435" />
      <trkpt lat="38.94669" lon="-120.10448" />
      <trkpt lat="38.94684" lon="-120.10473" />
      <trkpt lat="38.94701" lon="-120.10514" />
      <trkpt lat="38.94707" lon="-120.10543" />
      <trkpt lat="38.94711" lon="-120.10568" />
      <trkpt lat="38.94716" lon="-120.10586" />
      <trkpt lat="38.94713" lon="-120.10575" />
      <trkpt lat="38.94714" lon="-120.10591" />
      <trkpt lat="38.94728" lon="-120.10676" />
      <trkpt lat="38.94744" lon="-120.10725" />
      <trkpt lat="38.94769" lon="-120.10775" />
      <trkpt lat="38.94798" lon="-120.10832" />
      <trkpt lat="38.94825" lon="-120.10876" />
      <trkpt lat="38.94837" lon="-120.10888" />
      <trkpt lat="38.94846" lon="-120.10901" />
      <trkpt lat="38.9486" lon="-120.10914" />
      <trkpt lat="38.94889" lon="-120.1093" />
      <trkpt lat="38.94899" lon="-120.1094" />
      <trkpt lat="38.9491" lon="-120.10953" />
      <trkpt lat="38.94937" lon="-120.10996" />
      <trkpt lat="38.9497" lon="-120.11032" />
      <trkpt lat="38.95026" lon="-120.11079" />
      <trkpt lat="38.95149" lon="-120.11176" />
      <trkpt lat="38.95173" lon="-120.11192" />
      <trkpt lat="38.95198" lon="-120.11204" />
      <trkpt lat="38.95232" lon="-120.11215" />
      <trkpt lat="38.95252" lon="-120.11218" />
      <trkpt lat="38.9527" lon="-120.11219" />
      <trkpt lat="38.95304" lon="-120.11212" />
      <trkpt lat="38.95335" lon="-120.11199" />
      <trkpt lat="38.95349" lon="-120.11192" />
      <trkpt lat="38.95375" lon="-120.11172" />
      <trkpt lat="38.95405" lon="-120.11137" />
      <trkpt lat="38.95465" lon="-120.1104" />
      <trkpt lat="38.95482" lon="-120.11019" />
      <trkpt lat="38.95504" lon="-120.10999" />
      <trkpt lat="38.95599" lon="-120.10947" />
      <trkpt lat="38.95632" lon="-120.1092" />
      <trkpt lat="38.95661" lon="-120.1089" />
      <trkpt lat="38.95737" lon="-120.10799" />
      <trkpt lat="38.95749" lon="-120.10782" />
      <trkpt lat="38.95767" lon="-120.10751" />
      <trkpt lat="38.95786" lon="-120.107" />
      <trkpt lat="38.95795" lon="-120.10663" />
      <trkpt lat="38.95805" lon="-120.10632" />
      <trkpt lat="38.95805" lon="-120.10621" />
      <trkpt lat="38.95815" lon="-120.10597" />
      <trkpt lat="38.95838" lon="-120.10554" />
      <trkpt lat="38.95861" lon="-120.10515" />
      <trkpt lat="38.95891" lon="-120.10474" />
      <trkpt lat="38.95931" lon="-120.10431" />
      <trkpt lat="38.95965" lon="-120.1039" />
      <trkpt lat="38.95987" lon="-120.10369" />
      <trkpt lat="38.96018" lon="-120.10331" />
      <trkpt lat="38.96067" lon="-120.10276" />
      <trkpt lat="38.961" lon="-120.10235" />
      <trkpt lat="38.96152" lon="-120.10159" />
      <trkpt lat="38.96242" lon="-120.10021" />
      <trkpt lat="38.96266" lon="-120.0999" />
      <trkpt lat="38.96309" lon="-120.09941" />
      <trkpt lat="38.96338" lon="-120.09914" />
      <trkpt lat="38.96389" lon="-120.09872" />
      <trkpt lat="38.9644" lon="-120.09837" />
      <trkpt lat="38.96507" lon="-120.09786" />
      <trkpt lat="38.9653" lon="-120.09771" />
      <trkpt lat="38.96555" lon="-120.09759" />
      <trkpt lat="38.96607" lon="-120.09746" />
      <trkpt lat="38.96647" lon="-120.09741" />
      <trkpt lat="38.96688" lon="-120.0974" />
      <trkpt lat="38.96777" lon="-120.09744" />
      <trkpt lat="38.96789" lon="-120.09745" />
      <trkpt lat="38.968" lon="-120.09748" />
      <trkpt lat="38.96896" lon="-120.09764" />
      <trkpt lat="38.96926" lon="-120.09772" />
      <trkpt lat="38.96936" lon="-120.09776" />
      <trkpt lat="38.96952" lon="-120.09778" />
      <trkpt lat="38.96969" lon="-120.09778" />
      <trkpt lat="38.96984" lon="-120.0978" />
      <trkpt lat="38.97067" lon="-120.09801" />
      <trkpt lat="38.97108" lon="-120.09814" />
      <trkpt lat="38.97133" lon="-120.09816" />
      <trkpt lat="38.97197" lon="-120.09832" />
      <trkpt lat="38.97252" lon="-120.09841" />
      <trkpt lat="38.97326" lon="-120.09861" />
      <trkpt lat="38.97343" lon="-120.09873" />
      <trkpt lat="38.97392" lon="-120.09924" />
      <trkpt lat="38.97405" lon="-120.09936" />
      <trkpt lat="38.97503" lon="-120.10004" />
      <trkpt lat="38.97534" lon="-120.10023" />
      <trkpt lat="38.9758" lon="-120.10055" />
      <trkpt lat="38.97631" lon="-120.10097" />
      <trkpt lat="38.97652" lon="-120.10118" />
      <trkpt lat="38.97677" lon="-120.10146" />
      <trkpt lat="38.97687" lon="-120.10162" />
      <trkpt lat="38.97746" lon="-120.10266" />
      <trkpt lat="38.978" lon="-120.10349" />
      <trkpt lat="38.97811" lon="-120.10361" />
      <trkpt lat="38.97823" lon="-120.1037" />
      <trkpt lat="38.97835" lon="-120.10379" />
      <trkpt lat="38.97887" lon="-120.10395" />
      <trkpt lat="38.97977" lon="-120.10398" />
      <trkpt lat="38.98006" lon="-120.10402" />
      <trkpt lat="38.98036" lon="-120.1041" />
      <trkpt lat="38.9808" lon="-120.10427" />
      <trkpt lat="38.98107" lon="-120.10444" />
      <trkpt lat="38.98135" lon="-120.10466" />
      <trkpt lat="38.9817" lon="-120.105" />
      <trkpt lat="38.98194" lon="-120.10529" />
      <trkpt lat="38.98298" lon="-120.10684" />
      <trkpt lat="38.98374" lon="-120.10784" />
      <trkpt lat="38.98388" lon="-120.108" />
      <trkpt lat="38.98431" lon="-120.10836" />
      <trkpt lat="38.98448" lon="-120.10839" />
      <trkpt lat="38.98464" lon="-120.10839" />
      <trkpt lat="38.98481" lon="-120.10835" />
      <trkpt lat="38.98548" lon="-120.10811" />
      <trkpt lat="38.98641" lon="-120.1077" />
      <trkpt lat="38.98659" lon="-120.10769" />
      <trkpt lat="38.98693" lon="-120.10771" />
      <trkpt lat="38.98727" lon="-120.10781" />
      <trkpt lat="38.98759" lon="-120.10797" />
      <trkpt lat="38.98788" lon="-120.10815" />
      <trkpt lat="38.98803" lon="-120.10826" />
      <trkpt lat="38.98829" lon="-120.1085" />
      <trkpt lat="38.98864" lon="-120.10898" />
      <trkpt lat="38.98906" lon="-120.10969" />
      <trkpt lat="38.98932" lon="-120.11003" />
      <trkpt lat="38.98946" lon="-120.11016" />
      <trkpt lat="38.98975" lon="-120.11039" />
      <trkpt lat="38.98991" lon="-120.11048" />
      <trkpt lat="38.99025" lon="-120.1106" />
      <trkpt lat="38.99041" lon="-120.11063" />
      <trkpt lat="38.99058" lon="-120.11063" />
      <trkpt lat="38.99075" lon="-120.11062" />
      <trkpt lat="38.9911" lon="-120.11054" />
      <trkpt lat="38.99143" lon="-120.11038" />
      <trkpt lat="38.99157" lon="-120.11027" />
      <trkpt lat="38.99183" lon="-120.10999" />
      <trkpt lat="38.99194" lon="-120.10981" />
      <trkpt lat="38.99223" lon="-120.10922" />
      <trkpt lat="38.99244" lon="-120.10885" />
      <trkpt lat="38.99256" lon="-120.1087" />
      <trkpt lat="38.99271" lon="-120.10857" />
      <trkpt lat="38.99286" lon="-120.10847" />
      <trkpt lat="38.99303" lon="-120.1084" />
      <trkpt lat="38.9932" lon="-120.10836" />
      <trkpt lat="38.99357" lon="-120.10831" />
      <trkpt lat="38.99458" lon="-120.10842" />
      <trkpt lat="38.99475" lon="-120.10847" />
      <trkpt lat="38.99541" lon="-120.10871" />
      <trkpt lat="38.99569" lon="-120.10896" />
      <trkpt lat="38.99581" lon="-120.10909" />
      <trkpt lat="38.99623" lon="-120.10969" />
      <trkpt lat="38.99633" lon="-120.1098" />
      <trkpt lat="38.99644" lon="-120.1099" />
      <trkpt lat="38.9968" lon="-120.11013" />
      <trkpt lat="38.99747" lon="-120.11045" />
      <trkpt lat="38.99778" lon="-120.11056" />
      <trkpt lat="38.99801" lon="-120.11059" />
      <trkpt lat="38.99813" lon="-120.11059" />
      <trkpt lat="38.99828" lon="-120.11056" />
      <trkpt lat="38.9985" lon="-120.11057" />
      <trkpt lat="38.99893" lon="-120.11069" />
      <trkpt lat="38.99911" lon="-120.1108" />
      <trkpt lat="38.99947" lon="-120.11106" />
      <trkpt lat="39.00001" lon="-120.11139" />
      <trkpt lat="39.00071" lon="-120.11194" />
      <trkpt lat="39.00116" lon="-120.11222" />
      <trkpt lat="39.0015" lon="-120.1124" />
      <trkpt lat="39.00227" lon="-120.11266" />
      <trkpt lat="39.00244" lon="-120.11273" />
      <trkpt lat="39.00288" lon="-120.11301" />
      <trkpt lat="39.00308" lon="-120.11311" />
      <trkpt lat="39.0033" lon="-120.11331" />
      <trkpt lat="39.00348" lon="-120.11341" />
      <trkpt lat="39.00358" lon="-120.11349" />
      <trkpt lat="39.00399" lon="-120.11378" />
      <trkpt lat="39.00436" lon="-120.11416" />
      <trkpt lat="39.0047" lon="-120.11461" />
      <trkpt lat="39.00476" lon="-120.11472" />
      <trkpt lat="39.00497" lon="-120.11491" />
      <trkpt lat="39.00516" lon="-120.11512" />
      <trkpt lat="39.00537" lon="-120.11537" />
      <trkpt lat="39.00545" lon="-120.11551" />
      <trkpt lat="39.00607" lon="-120.11618" />
      <trkpt lat="39.00635" lon="-120.11653" />
      <trkpt lat="39.00687" lon="-120.11703" />
      <trkpt lat="39.00696" lon="-120.11709" />
      <trkpt lat="39.00723" lon="-120.11713" />
      <trkpt lat="39.00732" lon="-120.11712" />
      <trkpt lat="39.00759" lon="-120.11697" />
      <trkpt lat="39.00804" lon="-120.11661" />
      <trkpt lat="39.00841" lon="-120.11637" />
      <trkpt lat="39.00857" lon="-120.1163" />
      <trkpt lat="39.00878" lon="-120.11623" />
      <trkpt lat="39.00893" lon="-120.1162" />
      <trkpt lat="39.00914" lon="-120.11618" />
      <trkpt lat="39.00948" lon="-120.11621" />
      <trkpt lat="39.00967" lon="-120.11625" />
      <trkpt lat="39.01141" lon="-120.11687" />
      <trkpt lat="39.01224" lon="-120.11718" />
      <trkpt lat="39.01236" lon="-120.11724" />
      <trkpt lat="39.01247" lon="-120.11732" />
      <trkpt lat="39.01267" lon="-120.11751" />
      <trkpt lat="39.013" lon="-120.11788" />
      <trkpt lat="39.01328" lon="-120.11814" />
      <trkpt lat="39.01376" lon="-120.11868" />
      <trkpt lat="39.0143" lon="-120.1193" />
      <trkpt lat="39.01443" lon="-120.11957" />
      <trkpt lat="39.0145" lon="-120.11989" />
      <trkpt lat="39.0145" lon="-120.12014" />
      <trkpt lat="39.01448" lon="-120.12032" />
      <trkpt lat="39.01435" lon="-120.12072" />
      <trkpt lat="39.0143" lon="-120.12097" />
      <trkpt lat="39.0143" lon="-120.12104" />
      <trkpt lat="39.01433" lon="-120.12114" />
      <trkpt lat="39.01436" lon="-120.12144" />
      <trkpt lat="39.01444" lon="-120.12174" />
      <trkpt lat="39.01449" lon="-120.12209" />
      <trkpt lat="39.01468" lon="-120.12289" />
      <trkpt lat="39.01472" lon="-120.12304" />
      <trkpt lat="39.01481" lon="-120.12326" />
      <trkpt lat="39.01495" lon="-120.12347" />
      <trkpt lat="39.01516" lon="-120.12371" />
      <trkpt lat="39.01529" lon="-120.12379" />
      <trkpt lat="39.01549" lon="-120.12383" />
      <trkpt lat="39.01571" lon="-120.1238" />
      <trkpt lat="39.01623" lon="-120.12358" />
      <trkpt lat="39.01633" lon="-120.12356" />
      <trkpt lat="39.01652" lon="-120.1236" />
      <trkpt lat="39.0166" lon="-120.12365" />
      <trkpt lat="39.01668" lon="-120.12374" />
      <trkpt lat="39.01676" lon="-120.12385" />
      <trkpt lat="39.01685" lon="-120.12417" />
      <trkpt lat="39.01688" lon="-120.12431" />
      <trkpt lat="39.01695" lon="-120.12499" />
      <trkpt lat="39.01695" lon="-120.12554" />
      <trkpt lat="39.01698" lon="-120.12594" />
      <trkpt lat="39.01709" lon="-120.12631" />
      <trkpt lat="39.01718" lon="-120.12645" />
      <trkpt lat="39.01731" lon="-120.12655" />
      <trkpt lat="39.01745" lon="-120.1266" />
      <trkpt lat="39.0176" lon="-120.12659" />
      <trkpt lat="39.01774" lon="-120.12654" />
      <trkpt lat="39.01788" lon="-120.12647" />
      <trkpt lat="39.01807" lon="-120.12622" />
      <trkpt lat="39.01827" lon="-120.12599" />
      <trkpt lat="39.01958" lon="-120.12469" />
      <trkpt lat="39.02019" lon="-120.12399" />
      <trkpt lat="39.02077" lon="-120.12336" />
      <trkpt lat="39.02101" lon="-120.12313" />
      <trkpt lat="39.02127" lon="-120.12295" />
      <trkpt lat="39.02293" lon="-120.12223" />
      <trkpt lat="39.02318" lon="-120.12217" />
      <trkpt lat="39.02371" lon="-120.12213" />
      <trkpt lat="39.02407" lon="-120.12208" />
      <trkpt lat="39.02443" lon="-120.122" />
      <trkpt lat="39.02486" lon="-120.12182" />
      <trkpt lat="39.02521" lon="-120.12171" />
      <trkpt lat="39.02539" lon="-120.12167" />
      <trkpt lat="39.02606" lon="-120.12161" />
      <trkpt lat="39.02634" lon="-120.12152" />
      <trkpt lat="39.02681" lon="-120.12126" />
      <trkpt lat="39.02707" lon="-120.12107" />
      <trkpt lat="39.02965" lon="-120.11852" />
      <trkpt lat="39.02982" lon="-120.11838" />
      <trkpt lat="39.03038" lon="-120.11802" />
      <trkpt lat="39.03063" lon="-120.1178" />
      <trkpt lat="39.03087" lon="-120.11755" />
      <trkpt lat="39.03173" lon="-120.11653" />
      <trkpt lat="39.03193" lon="-120.11635" />
      <trkpt lat="39.03201" lon="-120.1163" />
      <trkpt lat="39.03208" lon="-120.11625" />
      <trkpt lat="39.03225" lon="-120.11621" />
      <trkpt lat="39.03242" lon="-120.11624" />
      <trkpt lat="39.03258" lon="-120.11635" />
      <trkpt lat="39.0327" lon="-120.11648" />
      <trkpt lat="39.03275" lon="-120.11657" />
      <trkpt lat="39.0328" lon="-120.11676" />
      <trkpt lat="39.03289" lon="-120.11728" />
      <trkpt lat="39.03295" lon="-120.11754" />
      <trkpt lat="39.03301" lon="-120.11767" />
      <trkpt lat="39.03315" lon="-120.11788" />
      <trkpt lat="39.03324" lon="-120.11797" />
      <trkpt lat="39.03345" lon="-120.11805" />
      <trkpt lat="39.03367" lon="-120.11808" />
      <trkpt lat="39.03435" lon="-120.11811" />
      <trkpt lat="39.03461" lon="-120.11825" />
      <trkpt lat="39.03476" lon="-120.11839" />
      <trkpt lat="39.03491" lon="-120.11856" />
      <trkpt lat="39.03508" lon="-120.11887" />
      <trkpt lat="39.03522" lon="-120.11926" />
      <trkpt lat="39.03528" lon="-120.1197" />
      <trkpt lat="39.03528" lon="-120.11985" />
      <trkpt lat="39.03525" lon="-120.12018" />
      <trkpt lat="39.03516" lon="-120.1205" />
      <trkpt lat="39.03498" lon="-120.1213" />
      <trkpt lat="39.0349" lon="-120.12179" />
      <trkpt lat="39.03473" lon="-120.12268" />
      <trkpt lat="39.03456" lon="-120.12333" />
      <trkpt lat="39.03449" lon="-120.12368" />
      <trkpt lat="39.03449" lon="-120.12387" />
      <trkpt lat="39.03453" lon="-120.12423" />
      <trkpt lat="39.03457" lon="-120.12441" />
      <trkpt lat="39.03469" lon="-120.12471" />
      <trkpt lat="39.03485" lon="-120.12496" />
      <trkpt lat="39.03494" lon="-120.12506" />
      <trkpt lat="39.03512" lon="-120.12525" />
      <trkpt lat="39.03523" lon="-120.12531" />
      <trkpt lat="39.03617" lon="-120.12567" />
      <trkpt lat="39.03636" lon="-120.12574" />
      <trkpt lat="39.03672" lon="-120.12589" />
      <trkpt lat="39.0369" lon="-120.12593" />
      <trkpt lat="39.03709" lon="-120.12595" />
      <trkpt lat="39.03727" lon="-120.12594" />
      <trkpt lat="39.03745" lon="-120.1259" />
      <trkpt lat="39.03754" lon="-120.12586" />
      <trkpt lat="39.0377" lon="-120.12576" />
      <trkpt lat="39.03789" lon="-120.12551" />
      <trkpt lat="39.0383" lon="-120.12482" />
      <trkpt lat="39.03849" lon="-120.12455" />
      <trkpt lat="39.03865" lon="-120.12437" />
      <trkpt lat="39.03905" lon="-120.12409" />
      <trkpt lat="39.03958" lon="-120.12383" />
      <trkpt lat="39.03983" lon="-120.12368" />
      <trkpt lat="39.03995" lon="-120.12358" />
      <trkpt lat="39.04007" lon="-120.12347" />
      <trkpt lat="39.04086" lon="-120.12245" />
      <trkpt lat="39.04121" lon="-120.12217" />
      <trkpt lat="39.04154" lon="-120.12201" />
      <trkpt lat="39.042" lon="-120.12185" />
      <trkpt lat="39.04229" lon="-120.12165" />
      <trkpt lat="39.04258" lon="-120.12133" />
      <trkpt lat="39.04303" lon="-120.12072" />
      <trkpt lat="39.04331" lon="-120.12045" />
      <trkpt lat="39.04347" lon="-120.12034" />
      <trkpt lat="39.04371" lon="-120.12022" />
      <trkpt lat="39.044" lon="-120.12014" />
      <trkpt lat="39.04416" lon="-120.12012" />
      <trkpt lat="39.04451" lon="-120.12011" />
      <trkpt lat="39.04461" lon="-120.12014" />
      <trkpt lat="39.04498" lon="-120.12018" />
      <trkpt lat="39.04516" lon="-120.12014" />
      <trkpt lat="39.04538" lon="-120.11996" />
      <trkpt lat="39.04553" lon="-120.11982" />
      <trkpt lat="39.04571" lon="-120.1196" />
      <trkpt lat="39.04599" lon="-120.11922" />
      <trkpt lat="39.04641" lon="-120.11873" />
      <trkpt lat="39.04667" lon="-120.11849" />
      <trkpt lat="39.04698" lon="-120.1183" />
      <trkpt lat="39.04728" lon="-120.11817" />
      <trkpt lat="39.04775" lon="-120.1181" />
      <trkpt lat="39.04922" lon="-120.11807" />
      <trkpt lat="39.0496" lon="-120.11805" />
      <trkpt lat="39.04985" lon="-120.11805" />
      <trkpt lat="39.05057" lon="-120.11811" />
      <trkpt lat="39.05101" lon="-120.11808" />
      <trkpt lat="39.05146" lon="-120.11793" />
      <trkpt lat="39.05199" lon="-120.11766" />
      <trkpt lat="39.05236" lon="-120.11746" />
      <trkpt lat="39.05302" lon="-120.1172" />
      <trkpt lat="39.0532" lon="-120.11717" />
      <trkpt lat="39.05346" lon="-120.11718" />
      <trkpt lat="39.05381" lon="-120.11727" />
      <trkpt lat="39.05387" lon="-120.1173" />
      <trkpt lat="39.05453" lon="-120.11781" />
      <trkpt lat="39.05473" lon="-120.11794" />
      <trkpt lat="39.05616" lon="-120.11908" />
      <trkpt lat="39.05641" lon="-120.11924" />
      <trkpt lat="39.05669" lon="-120.11946" />
      <trkpt lat="39.05689" lon="-120.11959" />
      <trkpt lat="39.05732" lon="-120.1199" />
      <trkpt lat="39.05755" lon="-120.12002" />
      <trkpt lat="39.05777" lon="-120.12018" />
      <trkpt lat="39.05862" lon="-120.12067" />
      <trkpt lat="39.05917" lon="-120.12102" />
      <trkpt lat="39.05948" lon="-120.12118" />
      <trkpt lat="39.0599" lon="-120.12145" />
      <trkpt lat="39.06006" lon="-120.12153" />
      <trkpt lat="39.06054" lon="-120.12182" />
      <trkpt lat="39.06088" lon="-120.122" />
      <trkpt lat="39.06125" lon="-120.12224" />
      <trkpt lat="39.06236" lon="-120.12291" />
      <trkpt lat="39.06287" lon="-120.12325" />
      <trkpt lat="39.06308" lon="-120.1234" />
      <trkpt lat="39.06338" lon="-120.12369" />
      <trkpt lat="39.06357" lon="-120.1239" />
      <trkpt lat="39.06366" lon="-120.12403" />
      <trkpt lat="39.06376" lon="-120.12411" />
      <trkpt lat="39.06419" lon="-120.12463" />
      <trkpt lat="39.06427" lon="-120.12476" />
      <trkpt lat="39.06501" lon="-120.1257" />
      <trkpt lat="39.0657" lon="-120.1265" />
      <trkpt lat="39.06624" lon="-120.12707" />
      <trkpt lat="39.06687" lon="-120.12779" />
      <trkpt lat="39.06695" lon="-120.12786" />
      <trkpt lat="39.06756" lon="-120.12854" />
      <trkpt lat="39.06783" lon="-120.1289" />
      <trkpt lat="39.06805" lon="-120.12931" />
      <trkpt lat="39.06819" lon="-120.12964" />
      <trkpt lat="39.06829" lon="-120.12996" />
      <trkpt lat="39.06842" lon="-120.13065" />
      <trkpt lat="39.06845" lon="-120.13098" />
      <trkpt lat="39.06849" lon="-120.13224" />
      <trkpt lat="39.06846" lon="-120.13309" />
      <trkpt lat="39.06848" lon="-120.13455" />
      <trkpt lat="39.06855" lon="-120.13513" />
      <trkpt lat="39.06874" lon="-120.13618" />
      <trkpt lat="39.06885" lon="-120.13652" />
      <trkpt lat="39.06907" lon="-120.13706" />
      <trkpt lat="39.06922" lon="-120.13749" />
      <trkpt lat="39.07009" lon="-120.13936" />
      <trkpt lat="39.07023" lon="-120.1397" />
      <trkpt lat="39.07054" lon="-120.14059" />
      <trkpt lat="39.07091" lon="-120.14176" />
      <trkpt lat="39.0711" lon="-120.14232" />
      <trkpt lat="39.07116" lon="-120.14245" />
      <trkpt lat="39.07136" lon="-120.1428" />
      <trkpt lat="39.07164" lon="-120.14314" />
      <trkpt lat="39.07194" lon="-120.14342" />
      <trkpt lat="39.07219" lon="-120.14357" />
      <trkpt lat="39.07242" lon="-120.14379" />
      <trkpt lat="39.07266" lon="-120.14399" />
      <trkpt lat="39.07271" lon="-120.14407" />
      <trkpt lat="39.07283" lon="-120.14419" />
      <trkpt lat="39.07317" lon="-120.14444" />
      <trkpt lat="39.07346" lon="-120.14464" />
      <trkpt lat="39.07389" lon="-120.14501" />
      <trkpt lat="39.07418" lon="-120.14538" />
      <trkpt lat="39.07438" lon="-120.14573" />
      <trkpt lat="39.07451" lon="-120.14599" />
      <trkpt lat="39.07457" lon="-120.14615" />
      <trkpt lat="39.07467" lon="-120.14647" />
      <trkpt lat="39.07474" lon="-120.14681" />
      <trkpt lat="39.07479" lon="-120.14729" />
      <trkpt lat="39.07478" lon="-120.14745" />
      <trkpt lat="39.07468" lon="-120.14883" />
      <trkpt lat="39.07469" lon="-120.14912" />
      <trkpt lat="39.07471" lon="-120.1494" />
      <trkpt lat="39.07476" lon="-120.14968" />
      <trkpt lat="39.07492" lon="-120.15023" />
      <trkpt lat="39.07503" lon="-120.15049" />
      <trkpt lat="39.07524" lon="-120.15084" />
      <trkpt lat="39.07565" lon="-120.15133" />
      <trkpt lat="39.07622" lon="-120.15196" />
      <trkpt lat="39.07656" lon="-120.15245" />
      <trkpt lat="39.0768" lon="-120.15289" />
      <trkpt lat="39.07732" lon="-120.15398" />
      <trkpt lat="39.07759" lon="-120.15463" />
      <trkpt lat="39.07765" lon="-120.15472" />
      <trkpt lat="39.07792" lon="-120.1553" />
      <trkpt lat="39.07833" lon="-120.15593" />
      <trkpt lat="39.07859" lon="-120.15626" />
      <trkpt lat="39.07885" lon="-120.15652" />
      <trkpt lat="39.07912" lon="-120.15677" />
      <trkpt lat="39.07926" lon="-120.15687" />
      <trkpt lat="39.08003" lon="-120.15726" />
      <trkpt lat="39.08046" lon="-120.15752" />
      <trkpt lat="39.08083" lon="-120.15771" />
      <trkpt lat="39.081" lon="-120.15782" />
      <trkpt lat="39.08135" lon="-120.15798" />
      <trkpt lat="39.08151" lon="-120.15809" />
      <trkpt lat="39.08201" lon="-120.15836" />
      <trkpt lat="39.08262" lon="-120.15866" />
      <trkpt lat="39.08376" lon="-120.15933" />
      <trkpt lat="39.08431" lon="-120.15961" />
      <trkpt lat="39.0845" lon="-120.1597" />
      <trkpt lat="39.08482" lon="-120.15975" />
      <trkpt lat="39.08512" lon="-120.15984" />
      <trkpt lat="39.08566" lon="-120.16011" />
      <trkpt lat="39.08615" lon="-120.16039" />
      <trkpt lat="39.08641" lon="-120.1605" />
      <trkpt lat="39.08766" lon="-120.16113" />
      <trkpt lat="39.08863" lon="-120.16153" />
      <trkpt lat="39.08913" lon="-120.1618" />
      <trkpt lat="39.08956" lon="-120.16197" />
      <trkpt lat="39.08979" lon="-120.16209" />
      <trkpt lat="39.09011" lon="-120.16218" />
      <trkpt lat="39.09047" lon="-120.16241" />
      <trkpt lat="39.09099" lon="-120.16269" />
      <trkpt lat="39.0913" lon="-120.16282" />
      <trkpt lat="39.09183" lon="-120.16308" />
      <trkpt lat="39.09201" lon="-120.16315" />
      <trkpt lat="39.09248" lon="-120.16329" />
      <trkpt lat="39.09306" lon="-120.16354" />
      <trkpt lat="39.09373" lon="-120.16376" />
      <trkpt lat="39.09409" lon="-120.16392" />
      <trkpt lat="39.09427" lon="-120.16397" />
      <trkpt lat="39.09446" lon="-120.164" />
      <trkpt lat="39.09474" lon="-120.164" />
      <trkpt lat="39.09494" lon="-120.16398" />
      <trkpt lat="39.09543" lon="-120.16397" />
      <trkpt lat="39.09589" lon="-120.16399" />
      <trkpt lat="39.09663" lon="-120.16404" />
      <trkpt lat="39.09694" lon="-120.16404" />
      <trkpt lat="39.09714" lon="-120.16403" />
      <trkpt lat="39.09856" lon="-120.16381" />
      <trkpt lat="39.09885" lon="-120.16374" />
      <trkpt lat="39.0997" lon="-120.1635" />
      <trkpt lat="39.1001" lon="-120.16341" />
      <trkpt lat="39.1003" lon="-120.16338" />
      <trkpt lat="39.10079" lon="-120.16335" />
      <trkpt lat="39.10185" lon="-120.16333" />
      <trkpt lat="39.10203" lon="-120.16332" />
      <trkpt lat="39.10211" lon="-120.16329" />
      <trkpt lat="39.10262" lon="-120.16321" />
      <trkpt lat="39.10318" lon="-120.16309" />
      <trkpt lat="39.10399" lon="-120.16287" />
      <trkpt lat="39.10453" lon="-120.16265" />
      <trkpt lat="39.10517" lon="-120.16234" />
      <trkpt lat="39.10542" lon="-120.16219" />
      <trkpt lat="39.10572" lon="-120.16192" />
      <trkpt lat="39.1062" lon="-120.16159" />
      <trkpt lat="39.10667" lon="-120.1613" />
      <trkpt lat="39.10691" lon="-120.16119" />
      <trkpt lat="39.10707" lon="-120.16113" />
      <trkpt lat="39.10728" lon="-120.16108" />
      <trkpt lat="39.10866" lon="-120.16087" />
      <trkpt lat="39.10957" lon="-120.16078" />
      <trkpt lat="39.10976" lon="-120.16073" />
      <trkpt lat="39.11022" lon="-120.16042" />
      <trkpt lat="39.11036" lon="-120.16031" />
      <trkpt lat="39.11076" lon="-120.15987" />
      <trkpt lat="39.11178" lon="-120.15894" />
      <trkpt lat="39.11254" lon="-120.15837" />
      <trkpt lat="39.11272" lon="-120.15826" />
      <trkpt lat="39.11322" lon="-120.15803" />
      <trkpt lat="39.11344" lon="-120.15798" />
      <trkpt lat="39.11377" lon="-120.15795" />
      <trkpt lat="39.11401" lon="-120.15796" />
      <trkpt lat="39.11412" lon="-120.158" />
      <trkpt lat="39.11431" lon="-120.15802" />
      <trkpt lat="39.1145" lon="-120.15807" />
      <trkpt lat="39.1152" lon="-120.15839" />
      <trkpt lat="39.11551" lon="-120.15848" />
      <trkpt lat="39.11582" lon="-120.15849" />
      <trkpt lat="39.11603" lon="-120.15847" />
      <trkpt lat="39.11705" lon="-120.15832" />
      <trkpt lat="39.11723" lon="-120.15831" />
      <trkpt lat="39.11741" lon="-120.15836" />
      <trkpt lat="39.1175" lon="-120.1584" />
      <trkpt lat="39.11766" lon="-120.15852" />
      <trkpt lat="39.11787" lon="-120.15876" />
      <trkpt lat="39.11804" lon="-120.15906" />
      <trkpt lat="39.11827" lon="-120.15964" />
      <trkpt lat="39.11838" lon="-120.15987" />
      <trkpt lat="39.1185" lon="-120.1601" />
      <trkpt lat="39.11858" lon="-120.1602" />
      <trkpt lat="39.11876" lon="-120.16036" />
      <trkpt lat="39.11895" lon="-120.1605" />
      <trkpt lat="39.11983" lon="-120.16096" />
      <trkpt lat="39.1201" lon="-120.16109" />
      <trkpt lat="39.12018" lon="-120.16114" />
      <trkpt lat="39.12046" lon="-120.16127" />
      <trkpt lat="39.12056" lon="-120.16128" />
      <trkpt lat="39.12142" lon="-120.16152" />
      <trkpt lat="39.12162" lon="-120.16156" />
      <trkpt lat="39.1227" lon="-120.16169" />
      <trkpt lat="39.12299" lon="-120.16175" />
      <trkpt lat="39.12317" lon="-120.1618" />
      <trkpt lat="39.12344" lon="-120.16193" />
      <trkpt lat="39.12381" lon="-120.16206" />
      <trkpt lat="39.12414" lon="-120.16219" />
      <trkpt lat="39.12498" lon="-120.1626" />
      <trkpt lat="39.12539" lon="-120.16274" />
      <trkpt lat="39.12563" lon="-120.16277" />
      <trkpt lat="39.12596" lon="-120.16269" />
      <trkpt lat="39.12627" lon="-120.16249" />
      <trkpt lat="39.12683" lon="-120.16222" />
      <trkpt lat="39.12738" lon="-120.16194" />
      <trkpt lat="39.12778" lon="-120.16176" />
      <trkpt lat="39.12855" lon="-120.16133" />
      <trkpt lat="39.12906" lon="-120.16103" />
      <trkpt lat="39.12957" lon="-120.16062" />
      <trkpt lat="39.13007" lon="-120.16008" />
      <trkpt lat="39.13072" lon="-120.15944" />
      <trkpt lat="39.13107" lon="-120.15911" />
      <trkpt lat="39.1315" lon="-120.15865" />
      <trkpt lat="39.13193" lon="-120.15823" />
      <trkpt lat="39.1324" lon="-120.15767" />
      <trkpt lat="39.13317" lon="-120.15689" />
      <trkpt lat="39.13347" lon="-120.15669" />
      <trkpt lat="39.13452" lon="-120.15588" />
      <trkpt lat="39.13474" lon="-120.15575" />
      <trkpt lat="39.13499" lon="-120.15562" />
      <trkpt lat="39.13526" lon="-120.15544" />
      <trkpt lat="39.13565" lon="-120.15521" />
      <trkpt lat="39.13587" lon="-120.15512" />
      <trkpt lat="39.13624" lon="-120.1549" />
      <trkpt lat="39.13699" lon="-120.15453" />
      <trkpt lat="39.13761" lon="-120.15428" />
      <trkpt lat="39.13824" lon="-120.15411" />
      <trkpt lat="39.13852" lon="-120.15406" />
      <trkpt lat="39.13904" lon="-120.15405" />
      <trkpt lat="39.13932" lon="-120.15409" />
      <trkpt lat="39.13963" lon="-120.15417" />
      <trkpt lat="39.13972" lon="-120.15422" />
      <trkpt lat="39.14001" lon="-120.15433" />
      <trkpt lat="39.14078" lon="-120.15459" />
      <trkpt lat="39.14105" lon="-120.15472" />
      <trkpt lat="39.14114" lon="-120.15475" />
      <trkpt lat="39.14142" lon="-120.15478" />
      <trkpt lat="39.14169" lon="-120.15483" />
      <trkpt lat="39.14215" lon="-120.15484" />
      <trkpt lat="39.14251" lon="-120.15479" />
      <trkpt lat="39.14268" lon="-120.15475" />
      <trkpt lat="39.14291" lon="-120.15466" />
      <trkpt lat="39.14304" lon="-120.15458" />
      <trkpt lat="39.14324" lon="-120.15451" />
      <trkpt lat="39.14355" lon="-120.15437" />
      <trkpt lat="39.14376" lon="-120.15424" />
      <trkpt lat="39.1439" lon="-120.15411" />
      <trkpt lat="39.14471" lon="-120.1534" />
      <trkpt lat="39.14568" lon="-120.15216" />
      <trkpt lat="39.14586" lon="-120.15195" />
      <trkpt lat="39.14611" lon="-120.15148" />
      <trkpt lat="39.1462" lon="-120.15121" />
      <trkpt lat="39.14635" lon="-120.15064" />
      <trkpt lat="39.14637" lon="-120.15049" />
      <trkpt lat="39.14651" lon="-120.15004" />
      <trkpt lat="39.14682" lon="-120.14876" />
      <trkpt lat="39.14696" lon="-120.14834" />
      <trkpt lat="39.14714" lon="-120.14791" />
      <trkpt lat="39.14738" lon="-120.14747" />
      <trkpt lat="39.14758" lon="-120.14715" />
      <trkpt lat="39.14785" lon="-120.14674" />
      <trkpt lat="39.14806" lon="-120.14648" />
      <trkpt lat="39.14827" lon="-120.14626" />
      <trkpt lat="39.14843" lon="-120.14613" />
      <trkpt lat="39.1488" lon="-120.14587" />
      <trkpt lat="39.14907" lon="-120.1457" />
      <trkpt lat="39.14943" lon="-120.14555" />
      <trkpt lat="39.14953" lon="-120.14554" />
      <trkpt lat="39.14982" lon="-120.14548" />
      <trkpt lat="39.15003" lon="-120.14546" />
      <trkpt lat="39.15043" lon="-120.14547" />
      <trkpt lat="39.15084" lon="-120.14555" />
      <trkpt lat="39.1517" lon="-120.14591" />
      <trkpt lat="39.15214" lon="-120.14602" />
      <trkpt lat="39.15235" lon="-120.14605" />
      <trkpt lat="39.15266" lon="-120.14598" />
      <trkpt lat="39.15316" lon="-120.14604" />
      <trkpt lat="39.15346" lon="-120.14606" />
      <trkpt lat="39.15357" lon="-120.14608" />
      <trkpt lat="39.15379" lon="-120.14608" />
      <trkpt lat="39.1541" lon="-120.14606" />
      <trkpt lat="39.1542" lon="-120.14602" />
      <trkpt lat="39.1544" lon="-120.14598" />
      <trkpt lat="39.1558" lon="-120.14595" />
      <trkpt lat="39.1562" lon="-120.14591" />
      <trkpt lat="39.15687" lon="-120.14593" />
      <trkpt lat="39.15755" lon="-120.14585" />
      <trkpt lat="39.15784" lon="-120.14579" />
      <trkpt lat="39.15828" lon="-120.14574" />
      <trkpt lat="39.15864" lon="-120.14568" />
      <trkpt lat="39.15875" lon="-120.14564" />
      <trkpt lat="39.15921" lon="-120.14555" />
      <trkpt lat="39.15966" lon="-120.14541" />
    </trkseg>
  </trk>
</gpx>